date,ym,economic_growth_absolute,economic_growth_framing,public_debt_absolute,public_debt_framing,fiscal_policy_absolute,fiscal_policy_framing,monetary_policy_absolute,monetary_policy_framing,exchange_rate_absolute,exchange_rate_framing,financial_stability_absolute,financial_stability_framing,trade_absolute,trade_framing,capital_flows_absolute,capital_flows_framing,labor_market_absolute,labor_market_framing,inflation_prices_absolute,inflation_prices_framing,energy_absolute,energy_framing,food_security_absolute,food_security_framing,housing_real_estate_absolute,housing_real_estate_framing,inequality_absolute,inequality_framing,poverty_absolute,poverty_framing,health_absolute,health_framing,education_absolute,education_framing,climate_environment_absolute,climate_environment_framing,infrastructure_absolute,infrastructure_framing,political_stability_absolute,political_stability_framing,corruption_governance_absolute,corruption_governance_framing,external_shocks_absolute,external_shocks_framing,gender_equality_absolute,gender_equality_framing,covid_pandemic_absolute,covid_pandemic_framing,us_china_trade_war_absolute,us_china_trade_war_framing
2015-01-01,2015-1,46.83674210626544,58.1455469425856,0.0,0.0,0.0,0.0,0.0,0.0,5.3060247935551255,7.272969941820539,0.0,0.0,103.27273722006694,119.24793334697583,77.71849678761629,98.98581625415466,108.9489504728742,142.71518969722874,82.62164984589349,104.40671280816153,70.9087252781105,89.68968581523612,101.66062452477556,132.27007823383425,167.43845908508698,187.20207591164538,0.0,0.0,20.918899786929146,27.098024598007868,3.1534716817633526,7.087463460930918,7.471476859438574,10.706754572941719,0.0,0.0,20.241203815298523,23.517852115464024,0.0,0.0,0.0,0.0,0.0,0.0,0.0,0.0,0.0,0.0,0.0,0.0
2015-02-01,2015-2,21.923844208497144,29.14146395254985,0.0,0.0,0.0,0.0,0.0,0.0,0.0,0.0,0.0,0.0,14.088310539161768,13.0657523011047,109.13792072628078,148.82953628585642,0.0,0.0,0.0,0.0,63.82837489687861,87.97160416978988,15.901782985061837,29.07348465459315,0.0,0.0,0.0,0.0,58.75165683828991,91.58424251744854,13.284997393504627,35.93066185092907,20.983973774530806,36.1860328171369,10.524219151027312,16.671142223469563,0.0,0.0,0.0,0.0,0.0,0.0,0.0,0.0,0.0,0.0,0.0,0.0,0.0,0.0
2015-03-01,2015-3,78.14929238449065,92.33585064270692,0.0,0.0,0.0,0.0,0.0,0.0,0.0,0.0,0.0,0.0,10.043781456007034,11.002697130760648,141.62385714499672,177.50691855985207,0.0,0.0,206.78712419128726,248.69873481806763,25.48444528989936,33.31492213649891,107.44361837452662,138.26933700739497,181.9670517402147,215.38319820334803,0.0,0.0,20.94249696660983,38.56164035362971,6.314057794844838,20.171523279228406,22.439714763965256,45.708500009263915,7.502883816637633,14.03880346737957,50.660091331295654,83.66725698826805,242.9057379722382,404.1576037720484,0.0,0.0,0.0,0.0,0.0,0.0,4.533876987206439,15.161389667965357,0.0,0.0
2015-04-01,2015-4,36.20962152608571,43.31423618010969,0.0,0.0,46.40123811108227,51.570906922911696,76.76936948184212,80.18943412869504,0.0,0.0,0.0,0.0,109.18389418410383,121.37243947972912,74.89160249621004,97.42420061971377,104.98609505393686,118.28893345047625,82.75323097787165,98.80491879827413,73.58944869542599,91.45049928947765,27.279931722473073,35.64986455361759,161.3481351118509,180.1954044193256,0.0,0.0,0.0,0.0,289.75269479694794,345.80753502464114,14.399426086322983,17.7485043019759,14.4436623310516,16.353704257515385,0.0,0.0,467.6133261941133,470.8003741823064,27.341665289815115,32.36198865970081,0.0,0.0,0.0,0.0,0.0,0.0,0.0,0.0
2015-05-01,2015-5,70.05536865012924,81.73893286972569,0.0,0.0,88.06911962968941,107.99088838927122,0.0,0.0,0.0,0.0,0.0,0.0,27.523376385626694,20.1293064713761,88.83972939079014,108.29146211620383,0.0,0.0,116.31023477561568,141.03234106061532,28.270323867758954,33.228138592452765,196.28803233182447,246.45799645161853,32.74641661433709,37.73111126948648,0.0,0.0,57.38956278485197,70.54807266730008,14.418887777253865,30.752972752692028,13.664988588875287,18.58292651335599,0.0,0.0,37.02023366528065,40.81820636088102,0.0,0.0,25.947113582606615,33.88344430929484,0.0,0.0,0.0,0.0,0.0,0.0,0.0,0.0
2015-06-01,2015-6,21.08960356129405,26.056207247952404,0.0,0.0,43.36432298356852,26.745187298568194,0.0,0.0,19.974637744804788,12.474343260542003,0.0,0.0,18.069634217656493,6.647006116869396,34.99501060325188,44.357566117191254,0.0,0.0,0.0,0.0,4.915665717061678,2.634864482303406,5.098897436103034,3.6976751488211264,38.697591871189225,22.426906260786833,0.0,0.0,502.0792243477853,602.3133761769571,14.19942220986796,15.232655801361595,139.76755357357578,210.78728594637178,6.749169460628372,4.240597165049298,36.45675978909677,20.218197860882288,0.0,0.0,76.65654104085152,50.34975142195757,0.0,0.0,0.0,0.0,4.078419025021316,4.579688446638135,0.0,0.0
2015-07-01,2015-7,60.73330418183554,67.17978752498456,0.0,0.0,0.0,0.0,0.0,0.0,0.0,0.0,0.0,0.0,11.150672837508123,8.37023435542615,64.78569120132384,73.52069576438133,0.0,0.0,49.533335768947474,61.942816117142925,56.58600062491116,64.39220660014074,6.293003660963732,9.312585853447388,178.14095550804237,178.3827614492841,0.0,0.0,0.0,0.0,323.68955986887175,333.7406471858132,8.304240091110499,11.590820340554314,8.329751413211348,10.679933628565903,44.99453571966797,50.919482053873836,0.0,0.0,0.0,0.0,0.0,0.0,0.0,0.0,0.0,0.0,0.0,0.0
2015-08-01,2015-8,50.31479849520304,44.450000779285205,0.0,0.0,0.0,0.0,0.0,0.0,11.765389142486377,12.191281811154704,0.0,0.0,22.24562713491627,9.53208777737334,21.541276045911758,20.740563877531734,120.78974833813348,87.97250228732958,0.0,0.0,106.83754457691298,97.86348911572367,25.109123913951482,21.2104899385141,31.76054698235019,21.440754458382397,0.0,0.0,618.1125241658245,563.2553878130137,27.96958018803223,34.950835820678854,33.13396983261328,26.3994321321014,247.8765135703054,221.2694183714813,22.44105982020917,14.496875233883475,0.0,0.0,0.0,0.0,0.0,0.0,0.0,0.0,0.0,0.0,0.0,0.0
2015-09-01,2015-9,78.7672170219494,97.98633972429815,0.0,0.0,44.1711010855884,61.19252126398294,0.0,0.0,14.601851176062551,20.055832206557422,0.0,0.0,18.405813458915215,15.208233863074517,71.2921611359271,90.98726460227482,0.0,0.0,0.0,0.0,46.701727647536494,59.50599350720433,5.193760644216579,8.460216137041277,6.569591178132124,8.55206161597293,0.0,0.0,511.4202331728605,617.7395575189465,8.678158504077443,20.911230202863166,13.70736064651521,21.059853155695347,567.1486323668669,687.3988999161165,9.283756271874644,11.56472086650602,0.0,0.0,0.0,0.0,0.0,0.0,0.0,0.0,0.0,0.0,0.0,0.0
2015-10-01,2015-10,61.06080050506533,87.21276002621101,0.0,0.0,0.0,0.0,0.0,0.0,0.0,0.0,0.0,0.0,82.75074202205919,116.02818090281797,103.46274884851418,152.81121728015722,0.0,0.0,36.66335711911523,53.72660946180527,62.93149368432306,94.30160776705858,10.049926846559082,20.506089011679904,0.0,0.0,0.0,0.0,0.0,0.0,8.396118352694927,25.342588235198722,151.00279547226242,275.0522529145888,6.651306503449261,11.758477885341263,587.5833768244586,668.3035806092786,0.0,0.0,0.0,0.0,0.0,0.0,0.0,0.0,0.0,0.0,0.0,0.0
2015-11-01,2015-11,77.86186637221958,102.65375202318336,0.0,0.0,0.0,0.0,0.0,0.0,4.625832027780129,7.171879368968547,0.0,0.0,34.98550986542333,27.556496048270972,84.69445714514914,122.01245486585574,0.0,0.0,72.03017115739729,102.95551274934093,39.62626025032149,56.36429634162674,14.808340147189213,22.99418012442034,12.487385982009489,15.495872449549879,0.0,0.0,0.0,0.0,10.996880619115815,25.26001101937246,0.0,0.0,13.06739981031289,17.580245446806785,8.823216299645106,10.477323919610107,211.528425061286,253.05539357451104,49.472836408486685,69.57832853347145,0.0,0.0,0.0,0.0,3.9482140954405778,9.493008157598455,0.0,0.0
2015-12-01,2015-12,87.23527517169062,116.51439532293463,0.0,0.0,0.0,0.0,0.0,0.0,9.882679967009809,14.57387090725708,0.0,0.0,9.342929969307699,6.280526976374166,72.37687922246532,99.17588820506059,0.0,0.0,153.886073952215,209.21438786206883,37.24569188946799,51.71923076614091,15.818352853975467,20.962834798452533,13.339096463468689,14.12694048929457,0.0,0.0,0.0,0.0,8.81019764186246,17.27137372829718,13.915919649006785,17.39412703061682,13.958670521404537,16.027176399573776,37.700038585681924,38.20695658957723,0.0,0.0,26.42358209015711,31.71582980361617,0.0,0.0,0.0,0.0,0.0,0.0,0.0,0.0
2016-01-01,2016-1,67.1735979153634,79.78679553371342,0.0,0.0,0.0,0.0,0.0,0.0,26.83619637160098,27.543156675394844,0.0,0.0,39.1806920165027,21.81542870268074,81.2081132395847,90.05823440914666,106.37205010415386,100.66828465434564,83.84568287196898,91.1271574656909,129.5975712999375,151.44135231439643,5.528012566864181,6.067872298933122,6.992386649992113,6.133746105035023,0.0,0.0,20.42411832882246,19.11437499813439,9.236653853349752,14.998041708298732,14.589517519805794,15.104637696376102,203.65515523226728,242.53067093932884,29.643677204748247,24.883495263268838,236.89321970559865,200.33431996155196,27.702611366248323,27.541256746045594,0.0,0.0,0.0,0.0,0.0,0.0,0.0,0.0
2016-02-01,2016-2,26.308613050196563,37.48280639146864,0.0,0.0,0.0,0.0,0.0,0.0,0.0,0.0,0.0,0.0,22.54129686265883,12.458940180811785,65.48275243576846,95.71496996544501,0.0,0.0,0.0,0.0,46.993830939226115,53.031094420676666,19.082139582074205,20.79241962948621,172.01199178269496,214.7276890647296,0.0,0.0,23.50066273531597,21.83269996120653,17.713329858006173,28.551613175503363,16.78717901962464,17.252723297512787,16.8387506416437,15.896885148392991,22.7393270709841,18.948178569691738,0.0,0.0,0.0,0.0,0.0,0.0,0.0,0.0,5.087698669820897,8.584024657147834,0.0,0.0
2016-03-01,2016-3,99.4629960798257,116.37504407457315,322.95569516913525,330.23898380738126,142.07881539100808,167.3043860265602,62.15866190341749,87.04791781169236,19.005527497772636,23.970340685009848,68.39271142308387,91.00700095236478,33.1798796848242,39.53394400149192,114.78478566132183,144.46150549319185,204.3121267993204,218.2857862912166,22.128516879216573,30.166641160507687,55.224034082741014,64.756733323487,124.71364990322759,153.20990398009303,192.26363056836487,207.40000961819567,0.0,0.0,75.59847355263133,65.43307712027958,313.01037982228854,356.3710918064137,63.115215786320874,66.73401046219706,222.6217901542445,258.94127812633855,55.17291441725504,48.84560590708686,0.0,0.0,37.13052366339783,51.68006467525855,0.0,0.0,0.0,0.0,0.0,0.0,0.0,0.0
2016-04-01,2016-4,85.56909410457662,90.20549281592393,71.2456292145799,72.35116630965041,101.15238089326937,106.4638152277819,47.99738280556922,51.23138647228495,23.48095794339386,22.572097178248633,46.94325493664681,47.61019963035623,70.14989393579853,79.15896629147232,94.79118447200926,98.73199490184712,54.124672695175065,57.17759068841686,61.49805815876599,64.30132167181813,70.02963899669489,73.96256524896988,61.37957054552776,66.48152933141179,199.88320007356918,199.15335107823745,0.0,0.0,57.64456771186171,58.849345671943205,315.06702602255245,313.5957151912803,84.30778101158033,88.57378108179758,114.2786259144789,123.98346426471757,56.648016002862434,58.03414065149689,0.0,0.0,89.19951566444571,94.62726599301216,133.92120848292944,148.32348624868382,0.0,0.0,0.0,0.0,0.0,0.0
2016-05-01,2016-5,68.46340356080628,96.47005322546339,213.51142679179483,264.9899907611651,75.78426005215672,97.48234497308073,146.50302908026123,207.9340208020609,32.33295573706732,40.21079930615591,117.23434183809209,145.31240480388465,57.70956154137607,79.58695840547703,13.374077802649676,16.665812546241906,0.0,0.0,22.758759448561353,28.900549140282266,36.01052361997576,51.588678711120345,128.69537616637555,194.64648356819677,51.63105127386117,75.79517952770938,0.0,0.0,37.99987559307323,46.18028821189546,26.94999185565557,51.98431159303477,38.61209541414284,53.97270362134619,46.32225641156861,63.6187904657313,37.69083287904809,47.770823788609974,0.0,0.0,76.3760771557234,99.02211126345624,0.0,0.0,0.0,0.0,0.0,0.0,0.0,0.0
2016-06-01,2016-6,55.531327998089594,69.50165149542669,73.81795499585029,68.51923871182721,276.9210764069849,248.98484634141485,99.46065977434144,97.03604733084032,59.127708313250125,54.032545093070475,121.59535674235372,112.72156345166626,56.771544185993505,53.01487752146204,46.60945622382511,55.16312691683385,0.0,0.0,55.84999244048797,76.7700937917419,51.10859675123182,56.56126146048693,40.713111283744404,36.94289974913655,199.3592783673338,245.30810811583137,1615.7524405261288,1633.1652695603482,119.45165344230422,103.23869769544515,37.13863307642933,43.30687638934151,67.32750042851515,58.37797961980998,76.67153612432655,70.04796900184118,68.57441154097785,57.6208522996907,0.0,0.0,79.21720037595817,76.8133127585763,277.51287622173777,280.9356885097902,0.0,0.0,0.0,0.0,0.0,0.0
2016-07-01,2016-7,108.82587763505173,128.03439333950556,209.20809570916947,210.7297102127661,148.51365070686214,155.04303576170201,101.79083199299957,107.76734662105682,49.79742863757482,47.48134274852091,68.92288748062717,69.33463607440628,81.9054507045068,90.48119605441784,97.50120662825141,113.31700689598792,158.93353501497919,166.53521609957937,97.3617581447838,107.06969220154211,37.825252279408446,41.67045021881478,49.69150021711183,58.89353048707663,23.16123892487744,26.85436404931556,0.0,0.0,55.850979941447164,55.0863754767578,48.660717304923864,70.26507567170394,30.98018681122034,35.44760040232611,71.9760650576794,89.98080648747931,18.516549442246117,23.348805639280446,0.0,0.0,430.97025096070087,540.2239648312378,262.1672029629647,288.0042517551261,0.0,0.0,10.495588231094592,20.0162078453514,0.0,0.0
2016-08-01,2016-8,61.022610648079436,55.96098069124526,71.73802324955574,56.49655316662851,25.462866747986734,20.783488726346278,104.71305683490388,86.67715086575643,45.640076355251054,44.36610116992068,141.80306993621858,111.53153343147046,41.54983241529924,36.36031265620146,13.480729140788828,10.659583351196622,54.49874007690675,44.648026521681594,30.586998344477994,24.646688070876447,108.25434609307077,100.6476195406007,62.236960400523024,57.33760451337403,51.62333556222684,46.79768947048824,0.0,0.0,96.34586675743378,81.99829778272111,24.189139991064863,29.8488976316893,38.920006860826604,36.481454701641844,67.90794108295039,66.63106150105219,47.59409948227606,42.811026710510994,0.0,0.0,128.30856130360763,105.5588544608443,0.0,0.0,0.0,0.0,3.261669146425045,3.0024438819520767,46.1448665680229,38.22602043008534
2016-09-01,2016-9,48.26948538893037,60.401286989566046,209.2080957091695,293.8747659429731,24.752275117810363,36.03607974053164,70.47057599515354,104.04539744419142,102.93339279101373,119.21217718612492,114.8714791343786,161.1519319189715,133.9988453601715,158.38559911984655,26.55938878142322,31.00492057849594,52.977845004993064,77.4143294793963,83.22323744080191,89.50949094385645,44.339156861094835,42.09935758958288,54.88526086132842,68.4749509458273,179.46404215611363,172.53580457712766,0.0,0.0,113.99067318432236,112.56541580492336,32.19225272794979,44.63657807511902,49.89712037845931,59.888428547690495,100.38651277081254,107.90403196547828,64.68051529410347,86.12270335989255,0.0,0.0,49.89114290689115,73.21056338049915,0.0,0.0,0.0,0.0,3.1706458214085322,5.205878020341259,0.0,0.0
2016-10-01,2016-10,98.6022554772248,101.99213625206082,66.6366527073651,68.33368697041104,118.26087000731617,125.69018224797713,67.33855039536896,72.57995354092142,92.7169791395665,103.87355911694245,43.906432024695825,44.9665243019807,99.7125035227355,100.84567905658321,72.29765381199681,77.54375190528077,146.12173687605593,160.36184215519577,28.411922906648446,29.810651678613574,49.58071902801402,50.261165690647395,67.33469644757912,76.0425523188176,55.719245591005794,62.98203674136735,0.0,0.0,36.12589095507786,38.05788697734621,308.861473039268,312.63771918093465,106.88604982308223,109.66851332869513,43.80685447160166,48.21659677489016,79.49941741473405,82.20044899255706,0.0,0.0,60.62610795430382,67.40084631692827,125.25766363786092,140.0874539644529,0.0,0.0,3.02972822934593,3.6315146478126743,0.0,0.0
2016-11-01,2016-11,113.77253178194368,104.06798794842608,63.59058517078903,49.21828565305143,45.14199090759948,36.21203870555805,142.80088443881257,116.17048452281216,166.19005698834385,162.10704446453528,83.79879816211975,64.7755253972491,104.15232560403533,87.26789936785931,150.1971894855212,136.6473805519404,48.309203621423926,38.89616622642323,68.44693406959675,60.52263038448763,125.01049600352509,113.8982374135122,50.43251445184955,41.85745488317177,92.94194513885475,83.17366834405927,0.0,0.0,67.90552697876235,51.46416157586618,26.717529120383087,32.83758665191913,23.49959372201267,21.59851371600149,95.31537338664714,82.98959870483564,75.91184442330118,62.32943692053365,217.6394946679567,170.288082516607,79.61540182302551,64.37203497561498,119.53193631793982,100.89993137084289,0.0,0.0,2.8912345261194665,2.6156487848618353,0.0,0.0
2016-12-01,2016-12,126.78546094761595,119.71429440178353,0.0,0.0,236.97832229524582,200.59846520395212,117.51168954724416,105.95462203908328,169.65046129719877,163.66849779142896,137.9170499224546,118.15852088489555,80.82237308498229,77.04154386093725,115.73440126141548,112.81753897386766,159.01571367837886,141.9027770511107,203.7185153843626,193.7678174881851,108.27271604042745,103.26885397945946,65.3065322956508,56.58600370868552,58.34098879099625,52.494656641336135,0.0,0.0,37.82571312514615,30.560070797316495,16.104449076676023,17.985481453989898,336.4508645001332,381.0865365910736,52.290388398775924,46.08316396474383,92.78358668973996,67.9590246700008,0.0,0.0,124.79234943747977,111.83095691104295,131.15137997242417,122.70258532628415,0.0,0.0,0.0,0.0,0.0,0.0
2017-01-01,2017-1,87.65809792841823,92.77656924666958,161.12145878497228,149.23524511207725,142.9720965760091,137.24859573346754,108.54572302537082,105.67249855933865,126.56381385937027,150.53723437963984,212.3236414328574,196.40650383609477,104.48291394507345,80.94852811072165,81.95368210961945,92.853338633893,61.201271692335254,58.968722942105295,139.07739958531675,153.01325197527558,40.761762855805394,43.52189271374771,76.37759120005799,71.53024668938666,97.24843523452971,96.62033251328795,0.0,0.0,43.013590522069755,39.0112468636226,25.27810685644855,33.61300039961888,21.853293404541738,19.91767633419165,52.96052555521992,50.947556029685515,85.56304040775218,74.57216428972,275.7200045883009,258.1660799115616,57.63543971631901,55.7665933096933,0.0,0.0,0.0,0.0,7.325611539612546,7.930934252517231,0.0,0.0
2017-02-01,2017-2,25.362128647156705,41.930123252364,0.0,0.0,0.0,0.0,78.05412967980659,120.10234971792552,129.03529409952122,157.22697833301885,76.3398896823203,111.61315825872987,77.29849838652964,116.7742555583038,14.51474042004796,21.334769225248053,58.67895253844395,89.36140473969836,0.0,0.0,56.09507116944272,66.52401244899475,78.98247974050156,113.82979038758465,25.653690509237467,43.22948174642841,0.0,0.0,0.0,0.0,57.10125942768039,94.24758199662388,7.591225773041481,10.542900884168306,247.98546574248286,276.67100550146495,102.43296431076926,141.75624261474488,0.0,0.0,41.44506075765643,63.381664894552756,0.0,0.0,0.0,0.0,4.601353118670302,10.491157782680407,0.0,0.0
2017-03-01,2017-3,75.35881100398464,88.60117761818417,132.099091270107,149.76436232550327,70.33135440963737,82.64112839292048,88.99367893661095,106.04716298885388,67.8682694226096,80.0778173757216,108.79897803476388,123.18929243852341,80.33577729988916,101.20534210279764,29.292625777449103,33.42630985547843,150.53176223885694,177.5333939768958,64.05328346754456,73.3766762360285,52.29063583818193,57.179695313664496,182.05526112165694,204.19648665241493,62.540612544460444,72.1612287570733,0.0,0.0,35.265670153924056,39.14956219400755,48.82814499273501,59.553112541530034,107.50151674774571,109.73622873941657,73.38749507955477,86.42900891070119,96.43322106627507,94.34079042103974,226.0553145792482,259.0814140653759,70.88058849106781,83.94647269637512,0.0,0.0,0.0,0.0,0.0,0.0,0.0,0.0
2017-04-01,2017-4,93.97036698061905,103.82022238904429,69.34184056136398,90.18599952988947,117.75849828340326,172.21266147461145,85.6438397885602,117.07687738310126,99.25899290715545,112.05281412875117,45.688861690652125,59.34629198795011,48.1943893770881,69.65078659819787,70.54081065447717,76.60251377638046,0.0,0.0,29.56533601539727,39.3437488516796,44.939473155574795,54.93251393766541,142.5567715065479,162.78536687012587,33.40115919968987,50.38281319307464,0.0,0.0,18.511758510911317,23.575317537494676,25.004478757366225,36.681919982293934,37.6200066316623,54.33275162518535,72.02238850733245,108.01715792020345,46.00436851292974,64.05315943995856,0.0,0.0,24.804563598364435,33.70092603951855,130.3426355943825,184.8857806085034,0.0,0.0,3.152723363014136,4.792830488749063,0.0,0.0
2017-05-01,2017-5,66.82256778209853,74.47571918666044,136.02744126251443,159.30921292786576,163.7849507890266,172.94848624142625,124.731550130171,106.9082156936406,136.34555975314328,141.13466762219187,112.03443151462834,131.04044857392543,77.04037359010472,83.4666514373383,155.76230746810978,155.47786185336045,103.33884081115077,125.89868877439758,58.708327697934855,60.83933505586145,88.69093711936442,84.25589791515894,154.61211793914578,150.19342388470923,59.5131712188505,60.45647769995228,651.4172852335932,745.4080019087916,127.65843724556439,136.44694590881053,40.22415331457969,45.492878764992795,78.87983337299906,78.38433809484971,96.57371762376235,95.46413940604891,99.201533989709,101.1457813046585,232.7777256478852,275.5933088359632,60.82369047683616,74.41382296423633,0.0,0.0,0.0,0.0,3.092338540537051,4.233151802050151,0.0,0.0
2017-06-01,2017-6,82.86526585814029,86.67196899310638,66.01723176732598,89.51571594259359,130.4958248078049,128.08313426495442,44.47506997737185,63.38549152298317,133.32467164122568,158.96386752367818,65.2474497431573,88.35782455477883,66.06676941353587,90.282461981112,84.03131139095758,96.3902326280303,194.9161679347724,212.84508471485537,49.94803629217809,58.48384379044529,66.21843063482977,77.7397189047661,181.96619298999275,211.63514851279783,177.20250522437664,177.55456968845897,812.7121171126785,850.8645986465897,89.74603986783978,87.44880390733397,40.58887647493531,54.073824485533606,24.39634925543585,25.257570070275456,49.9077755929021,58.69888390646775,105.07823474640905,120.34293243817166,0.0,0.0,121.14941483187509,125.47010417714569,0.0,0.0,0.0,0.0,0.0,0.0,0.0,0.0
2017-07-01,2017-7,91.55185699586526,86.20972239078115,123.62732178874424,111.18436545974913,170.7947754092496,151.97026041062318,124.9295140179772,118.09338025386633,131.62617511815296,136.16052872251555,122.1857877004247,109.74618873435651,90.50144961054035,85.92671831799349,90.29649656295972,87.58493108179525,93.91858001343249,87.86664353136959,66.53430787708857,63.59866127889211,56.01995142778509,49.891123207069924,68.55792521920466,60.17776905993595,58.52976244999207,54.7765130058643,0.0,0.0,33.00401471574295,29.06445273747528,41.68554495940724,43.34561630346585,108.38538620931858,91.39840733503327,53.63164022726016,44.19933427815935,139.39734903702308,115.86523584294856,0.0,0.0,78.34977066875052,70.29935524271454,232.38366364330588,227.93347422705034,0.0,0.0,2.810444188926023,2.9543821625611297,0.0,0.0
2017-08-01,2017-8,52.48201288326621,56.92385626230551,64.13461108955053,74.04953224890377,154.44360378585017,185.09748541255803,100.81579550637461,122.34597260208714,132.2361883860704,142.84865035611367,63.386781024246,73.09169691507586,75.32654330476265,91.85866413096724,36.47797947047419,39.335687591953345,97.44499057477336,117.03954646635198,83.37476255676923,83.86790762950949,165.71562468963248,173.0335783285282,72.29391561501258,81.44071740216577,74.92797986759724,95.99178859880831,0.0,0.0,103.25592083315892,118.07976917323735,33.768234126594336,51.16815706297724,44.37717685761207,48.145759164681664,42.162015354084296,51.82013971662396,67.97635545568394,79.32375346367054,0.0,0.0,116.69949487401637,144.37712741701282,120.55454794043173,151.80522082028642,0.0,0.0,5.8319388445109395,7.870553249732062,0.0,0.0
2017-09-01,2017-9,47.36382060222123,62.942510586737974,136.85519445478127,202.18083758750174,221.94504417260666,205.36611350368008,76.83151033954368,119.30243786493963,124.88188899260308,153.9888627928933,112.71618261917983,166.30467983364187,47.55896639341453,78.07228642171286,8.572431208189247,12.715604578108064,103.96767757065068,159.7792235600427,14.587764676968334,22.050407319676573,65.70865334506666,79.57493159348438,38.153338401033984,52.17636778483375,62.13377893099393,92.88937254382644,0.0,0.0,574.8953749687721,639.8865934709345,60.70338755790525,86.05529078296583,109.75874791670464,137.56324856561926,63.879854401476244,89.70737494402918,63.51694254335642,80.71772297958427,0.0,0.0,24.47752574159087,37.775716240113944,0.0,0.0,0.0,0.0,4.076350861215526,5.607467087538917,0.0,0.0
2017-10-01,2017-10,122.39561998586753,130.63684900243751,182.35029963839776,186.66318266209916,124.79895946507469,129.01605493226168,88.72309004795234,95.45970469482208,110.9311194114474,126.71637961196534,140.1742508896539,143.30453099865616,141.43983338430465,151.32884421094568,81.17676470918553,86.89184208813278,0.0,0.0,25.916281029713108,27.144011327681607,60.582601249393136,65.62517278256944,72.30932139650321,74.19223629996434,59.91582468682223,64.55064410985581,0.0,0.0,65.90534160723664,65.15793761038687,51.400751364441085,60.525639467221914,69.06137008474197,67.12844789144867,68.72806256464332,72.58017115136218,153.03580257339325,155.83990682999905,0.0,0.0,131.40168976393034,139.76074556390327,114.25530129129204,127.55626674223822,0.0,0.0,5.527206904887846,6.613332428930876,0.0,0.0
2017-11-01,2017-11,84.92066165570722,101.83588866674484,111.15257144350436,153.48190059321433,78.9055228220149,112.92332618130335,68.64205610730565,99.6229001726689,118.34429171455022,139.70319126108507,91.54708077636845,126.24716883649525,72.60900808678795,98.12215383555335,84.94546269877348,95.3665434443006,168.8832456089976,242.58697510529456,84.09702321351895,97.65939600806674,87.50333800883664,106.23130080619296,140.76981792910541,169.941033080054,158.0813180872128,177.57258572980192,532.2948492188833,718.1420003760504,89.02112535972016,120.36406631643574,40.08131438371885,56.78979144236039,69.91740561677659,87.90862627461146,67.2295162497648,94.56365392743646,88.41898608741825,114.41882214628284,0.0,0.0,100.26444419831473,137.99046898156874,104.46736773750756,157.3227615615025,915.6443239966251,1325.5141619778108,0.0,0.0,0.0,0.0
2017-12-01,2017-12,112.84081061789658,131.24505211062348,124.19624641731644,168.28868284856853,66.12377223142622,92.8629911042309,62.752215623848194,89.37308466833407,136.56609953588966,159.52994268543108,40.9160261619922,55.37061940134444,129.11079550714237,162.80927533311535,75.15305260554197,83.35251901576561,47.175393504216096,66.49748660737758,6.619206613663495,9.177017091188958,118.86692652968411,140.49293342518516,39.62408010747921,56.600120116040785,35.76199481467195,58.41166886970144,594.7592700890239,787.4229526374845,66.31179394796766,87.98392559383542,22.392414018331653,35.00976035587185,38.32906420009908,53.88726195436843,28.985520681019597,44.85792986981891,57.59631711647042,82.379345250477,0.0,0.0,55.53345692868981,78.6081609608368,0.0,0.0,0.0,0.0,2.8233776642547213,4.471753566365498,0.0,0.0
2018-01-01,2018-1,80.77964241912805,71.13785885346778,340.92779619104175,240.09968111064046,169.41362631164293,123.65626273133168,130.15156910676416,96.34070561605,153.69898434341567,162.2499783160189,269.56197529057823,189.59518136759164,143.27206809009866,108.89696364298001,182.12472729094685,179.1528198342794,201.31816435506562,146.41460855256454,117.00131880981758,96.88639153247901,119.12654282431556,103.37512415656282,130.52520374970032,91.97081088102213,92.50772486144311,70.43830554165181,653.0631096025513,449.3706804933072,54.60921990232454,37.658347763558886,45.98258951308034,41.175947266946565,127.86686070962551,88.89483079589426,88.75896731312189,66.26888761346493,117.50720212477022,82.3560638224532,0.0,0.0,109.75925388119117,80.74893524117313,256.33832123968506,196.88651097682367,0.0,0.0,3.1001514221452804,2.551963892321492,0.0,0.0
2018-02-01,2018-2,56.73222461829303,81.10190855785387,91.2367963031875,160.89002227169414,122.55739371638921,214.8669790958628,61.46520827163494,113.9251698481089,145.10643942694992,184.8206139880824,150.28824349223976,264.6814996079097,52.84329599268281,103.54634371778828,17.14486241637849,30.356198859119708,0.0,0.0,227.489834257873,282.9220830392335,71.41875298718708,99.96679568283116,22.038017741812013,37.917666455476336,37.391694437094806,67.97720095832796,0.0,0.0,24.356918230042886,42.05789572041823,42.60478936493323,78.55140539843484,15.78255241859631,26.15199593110168,42.586569600984156,78.42247415090218,96.8353475872727,163.47460210697972,0.0,0.0,65.27340197757563,120.24355818727382,0.0,0.0,0.0,0.0,0.0,0.0,0.0,0.0
2018-03-01,2018-3,117.18549575193192,131.30369604733207,66.86780066026478,65.9691564308383,213.60796391311567,218.4137310874198,90.09617743681672,93.42465424522412,153.55778074591007,188.76424837499286,324.13775332964667,417.63531430928236,90.15541008185035,96.95856409501704,128.2822604682594,144.75584295877323,95.82972601058061,143.96314199919212,28.510477644183894,28.779122436979517,91.47334323579071,100.20537697072906,159.40994263565398,172.63280656898408,357.08574981913137,375.2226679926271,0.0,0.0,90.35368703186259,106.4045012639849,46.659310200707466,63.2244409527908,59.41195389465942,64.49279132415259,43.5218028524946,48.774722704392204,44.314116711968595,47.53933499069973,213.41519991317062,286.49299281262256,47.83912860497243,49.30303313937969,125.69215503799224,135.2400488587783,0.0,0.0,0.0,0.0,0.0,0.0
2018-04-01,2018-4,59.49107348735751,62.73788272433209,146.9926162662465,155.21020722618908,26.086956619260917,28.548729181630826,66.01818666212642,73.26888670383664,129.0026639895713,130.86757980941644,145.27863537583175,153.20255348231015,175.27884182487696,180.04132636922645,27.991512686303874,27.50517883727489,161.16368037800288,167.1904391883456,63.44080727271394,62.82225409555541,139.67352550930877,138.59865153006612,65.09377462627806,67.06164521050542,92.78901338295765,104.91742350838754,0.0,0.0,597.859366762628,542.7276868657347,40.417923715139516,48.359085167440604,52.58765137925859,53.72688655475367,242.24915978305964,226.67832940959786,126.82058486336939,125.78246693050411,0.0,0.0,80.01236873021449,86.96117170471621,0.0,0.0,0.0,0.0,11.061526812183024,16.151357949140493,47.27586819959207,52.50823474918323
2018-05-01,2018-5,65.12154112682879,70.82783005767375,68.95208059908754,89.65920203130369,48.94803510778033,65.96618413639783,77.42040796606037,105.8118218026505,128.91425648783868,126.88022141342273,68.14807729944486,88.49945464195174,84.97831915714792,118.66588093370062,118.69328012818198,112.8821032041742,0.0,0.0,321.8008798264262,299.25809353771496,149.6130989523215,147.91525565101665,49.549243137591034,66.3939193168901,43.525965398852904,66.01351366963397,0.0,0.0,55.22312017715907,70.31282579551053,52.588065180786565,81.30509142227925,61.26383390874947,83.30279692194735,207.7799604692491,191.74151100068426,63.903006383587936,84.85695300056429,0.0,0.0,36.99771136618589,50.25610658255993,129.60999942088318,183.80581955849186,0.0,0.0,6.2700047669141625,9.529668891680371,88.70566582979156,121.32826859314369
2018-06-01,2018-6,45.19749861362808,52.058369430343525,0.0,0.0,160.1625758709493,165.4843867719821,63.79441616403374,89.19906084643031,172.11513400084124,157.24330648556938,163.78254577633246,217.59729022940212,618.1770732894977,534.8694172913952,172.55198290734575,148.88248147218562,155.73500903895433,174.61534356906196,153.63043293270803,143.22857365002295,270.6584445540231,224.23236115433437,73.48001258261299,93.69155176807708,213.048462011265,191.01574501151535,0.0,0.0,114.92506446975376,136.74567211531533,560.9110174619061,416.22143854620356,49.14188426758726,61.42804472683415,33.614430836060436,41.61885015234066,84.78154414012899,101.35002828312078,0.0,0.0,25.40509513811431,35.30479418234974,0.0,0.0,0.0,0.0,4.230823104377377,7.46173041174632,0.0,0.0
2018-07-01,2018-7,146.20130012058266,127.24906168058905,141.29761437949142,142.64052935119915,150.45754665852266,157.4202850011297,118.98827622218334,126.25352946155395,190.29713916684307,173.28208674432557,209.47505854714174,211.19319776590845,125.03605206977144,128.68465581493447,85.14642358504521,76.13409294019755,262.26218709075204,255.31634229288903,551.0591636212853,470.82527197989606,118.7007624531668,107.25246179261578,62.1452116825614,61.22533003554009,219.3414125158415,189.39190076300318,0.0,0.0,94.30335618385713,93.21834294402731,46.367055366438606,50.28204998477935,85.54804460195162,81.14966184268245,52.94744039959823,53.89342563981924,65.57874905523501,62.4238250386551,0.0,0.0,75.81625250641443,79.95339556517354,132.79935542757505,146.21008667074935,0.0,0.0,3.2121464211651873,3.7902328608064977,408.99813933510967,434.3027614224508
2018-08-01,2018-8,108.56375157365781,115.80525689292257,75.38504007397448,96.5954623087933,53.514695366439156,71.06949324819551,118.5008009750906,159.59676484374447,178.2092745608281,179.26742297675233,173.84739495811826,222.47398590355186,65.49321349707643,93.25103074056202,86.13254294757641,87.1120009197853,171.80803924803618,229.01202929940447,40.17747478070049,52.67485570237412,151.22957789675092,148.74481016536262,60.69688685314704,75.88360606460772,53.00371732720023,76.68676722804008,0.0,0.0,0.0,0.0,35.20250473225489,47.883950018151566,211.69382782320346,235.4970491510743,56.49698947666627,77.23097727522932,109.84280236467339,142.75080489296454,258.00614954491857,334.20619670343575,94.38205735668163,126.3361044726237,0.0,0.0,0.0,0.0,0.0,0.0,339.43545145316057,457.50084493568323
2018-09-01,2018-9,107.40816964663514,116.49696958159227,84.17917762471262,112.61361862927811,89.63628013654969,124.28212388347012,94.51761596355593,132.90160827878555,165.37958397413223,173.01090210472677,83.19762150655868,111.15695442469172,89.11790402906118,141.26935235679449,107.1490957474219,109.76679837731092,63.950174725303526,88.99615196759434,44.86442910633429,61.40978022814866,102.44261467448231,113.91157373808511,60.99980331903923,79.6204556859041,27.958201696592543,43.05278703028674,0.0,0.0,22.47278980800588,29.438070566060183,26.862946616783983,35.46599605136184,215.5390100903492,279.22811811426067,15.496856965987849,22.0911885346855,44.58004936910492,60.90394565037327,288.10418445751975,389.6266789301976,75.28022576796192,105.20433471522509,0.0,0.0,0.0,0.0,0.0,0.0,379.03272495393475,533.3669350787866
2018-10-01,2018-10,213.20659532593547,199.48561550712213,66.90095276768187,68.9578650960787,184.8512616352959,228.62162936890073,135.21126876611018,146.48583639637948,162.82240727438898,151.98641581373212,176.32231006447012,181.50904212138857,116.244771601157,133.14066404737505,225.79829796034872,200.01410386060513,101.64812105568824,108.99187356112456,172.54483494166178,167.03503387613983,85.79434358333387,87.24763216726579,91.57195175712766,92.09243670861795,62.95562340388726,74.69505224305476,0.0,0.0,579.9293810117264,487.56832603117783,45.47348492242906,52.13899792525919,76.01201863566047,80.40237595796135,98.96558050594321,113.57108166236496,124.05303945799298,135.64705742953484,0.0,0.0,107.69140477485242,115.9575505734823,251.5089428524228,282.7341002781478,0.0,0.0,7.027150997889205,16.749661484017626,387.30116317801657,419.91699510994613
2018-11-01,2018-11,134.13693770767108,119.5152354993381,182.43247642958227,192.61650402248054,43.16868170614065,47.23878673981476,88.7630734143552,98.50423812080642,119.19399535689465,107.56840940265165,140.2374208990679,147.87499804666584,91.57440757560275,107.43635014156825,80.90784289769516,74.02383177016222,46.197444833105706,50.740244599494915,78.4188670746579,75.51381583627769,95.2035472447496,86.75284662728377,134.44350921361635,132.4422756438986,152.77352095363446,128.65987386432656,0.0,0.0,81.6703809692352,98.49653648039455,245.89444016601692,193.07264400934065,42.0773231673798,41.74533600310294,61.57189699893281,69.27285694143362,88.69573836664385,110.27429373653851,416.25147155061217,444.2833213419327,43.5057960905067,47.984939198911746,114.306790836714,131.62446828373726,0.0,0.0,0.0,0.0,234.69624339193615,260.6517390970365
2018-12-01,2018-12,102.4792743205468,105.16712283745643,0.0,0.0,24.726717786764606,30.730744052627337,93.8637511964358,118.30337823401143,95.17387898933862,102.08449910288815,91.80229721219312,109.94134343238697,97.96032061047589,124.20857189912272,61.79125912579094,66.83240630153169,52.923144080878444,66.01716841472374,188.55164522993067,194.52689264749057,163.6996898727577,173.00458515504934,355.8983709590321,375.14748680417944,40.11916093561288,50.598417574128426,0.0,0.0,56.3648999722592,64.45844261866974,282.9521071888899,265.3223940963396,99.69120075613708,114.31950302966243,65.03411093428556,80.68227513983267,64.66464155678825,74.51127104019749,238.42592033319778,289.0242950186248,62.29953634798294,78.04036612035688,130.9482544484607,171.25409541822438,0.0,0.0,0.0,0.0,179.24314716458656,226.08601769506097
2019-01-01,2019-1,219.96813441044085,209.84731214818447,207.0678594359299,174.28909399272243,288.70977193362864,275.9975718226667,170.49914294479606,150.838067940801,132.21143777169422,127.26110686961488,204.65338200769347,172.0346536545182,151.2552948139912,139.12557341499607,223.96543139594266,212.22981650065557,209.7434886642692,183.64929433425834,261.10942757343224,244.82097261023483,167.0454138785052,160.41887141938244,169.2707801458591,163.94219092891805,52.35097369256335,53.12478485183586,0.0,0.0,92.13269069624916,75.93419443555845,67.32602515427236,70.07288633882987,102.30231797561893,86.2631724530418,139.77293037404795,125.36312540695705,720.058059669482,565.2924500181872,0.0,0.0,172.83261654062417,151.96714670173535,259.4851855413487,238.20086903632054,0.0,0.0,0.0,0.0,488.3802732270903,432.3931227487366
2019-02-01,2019-2,100.96204576135871,130.09018401549733,80.60885408149005,77.97310990477769,114.44600323288664,114.73643327475331,135.7632064422761,138.03061967519363,85.22517980839275,117.46048552415988,106.22523876942539,102.61936379789951,84.03788685287945,90.32812964348628,20.196934698386134,19.61561234200376,61.237831591793054,61.62049335538712,182.9637745183011,232.69755693286655,83.79114850344887,101.59863194393432,51.92230703327753,49.003384748915984,53.544799665039264,59.6190715773122,0.0,0.0,64.55892842694163,61.148321301751764,25.72359822383795,24.556479417457258,69.7204152541934,63.371004123598915,22.259374297919827,22.943743738659567,798.1798529950738,917.0999459654648,275.8847118789751,269.77557623886986,100.92227160600966,101.98014196044302,303.04273460772805,319.6974999748083,0.0,0.0,0.0,0.0,155.55285665672233,158.27169226199317
2019-03-01,2019-3,108.3150890732613,126.69521048759462,65.47269370810982,73.07523568502846,92.95614236382931,107.52927404654405,80.86507143548674,94.86417462393221,93.04413358878224,114.80465068010899,107.84876861961311,120.21667156371329,101.76290301351635,108.17732962819895,91.54043417062906,105.76190263842652,193.3084169134764,202.35848874134834,55.83128955454935,63.758315815221486,251.16644950088747,290.8339301274335,67.34459388976732,73.11304426072032,310.84977594656226,325.63739980636643,0.0,0.0,70.45254406040733,73.7996100306062,81.69131291898294,99.23674828870577,93.693282806714,97.33367833743736,66.72000077112624,77.67932963980361,78.11078130268629,83.47460466294929,208.96257808092108,172.85298469185898,105.3923160751467,122.88120181518903,0.0,0.0,1078.6921002735592,1262.1978150647678,3.9003221243653643,6.4843304486292395,252.68848330262315,296.6597389391743
2019-04-01,2019-4,90.55356034976282,99.56085350388958,203.11975172967536,182.9730023325022,168.22356571537446,157.05808482340487,106.43072440813457,100.77043140550629,84.75438772729628,99.93928122840273,133.83420699951188,120.40415673097611,300.74864431219737,335.6160683145875,128.93230630219247,140.53475695347572,102.87218272419626,96.39978609903082,138.5375073857892,146.0840552155895,150.3090735277407,168.6705932932771,43.202772741370964,44.97402222349692,59.96587699566866,62.17915971914511,0.0,0.0,72.30081698391054,63.774076586360664,48.82961932948789,57.25853542244137,65.21517639790424,63.801169220027965,62.3217805230269,59.822413731789155,71.76229396826844,73.35487534886138,231.72654675634936,211.01995803719294,60.54902253188307,56.978167814105994,254.53765064392212,250.0691647843819,0.0,0.0,0.0,0.0,261.310067278829,247.60199811438068
2019-05-01,2019-5,127.66480990326674,125.03300732212274,63.68061431449473,49.709929750527245,108.14442551179928,100.63719800477891,1003.9698415857748,912.0589852617461,99.09785272770937,101.53223870878836,188.81423399010887,147.20078609473077,106.9609159236507,92.7783840068388,166.42299783006868,170.38038718043364,48.37759796350239,39.28470211884463,303.3217665932186,302.6963716634538,141.37139383708694,140.84460949952572,96.64958961172468,79.04478108494861,182.1841814500297,165.79136146766908,609.9159480431566,465.1856440612109,136.5258242366367,110.89846378098377,37.66150079099863,41.731416827899395,73.85445465409633,64.03220235865997,233.34232222494316,224.32750536763572,92.83493621244645,77.79206767784841,0.0,0.0,91.11784948073087,74.30291507262002,718.2069906559744,611.4469572103013,2098.3335711786744,1717.2374233202352,2.895327826533982,2.6417766409844994,532.506098248166,437.2437766251972
2019-06-01,2019-6,105.82863716561467,99.78189557857812,332.8545183335331,264.6454683818553,118.14418439310076,97.35560490514705,104.64550258777119,87.45040310336957,96.28220941379058,95.92797128000066,153.52088651950254,121.90372258690269,104.1041607733499,91.97374661630359,148.2881109252369,141.5195544209191,101.14665030553681,83.6574780504334,85.8468012030912,76.03441389891199,242.97162819119455,238.01549777590174,152.94016062747028,145.13170037363477,68.9164535448082,66.55746549207346,0.0,0.0,124.40413144333199,96.85252010597137,50.77199978233809,55.89454789482219,34.547205269517434,25.81020419259801,105.47512137940069,104.07772857270915,61.696193138964766,50.09415110442486,0.0,0.0,411.4096870295789,418.4426736099759,125.13407442854876,108.50727221815886,0.0,0.0,0.0,0.0,471.0327746220827,393.93473638589444
2019-07-01,2019-7,119.46855994390509,124.6946120685801,60.42956638263068,57.147110165781484,42.898031664095875,42.04562060169541,88.20656511708651,87.67523701441131,94.93703010051286,102.70979570173667,139.35818942007688,131.61845367857856,105.97504786672572,106.60089409541453,142.48219859042132,149.12319139122485,91.8156113610941,90.32429581301957,137.16137865814423,141.1470942979863,192.65644319775217,199.9793074116693,63.25197299922668,58.36182465998694,162.84808859507123,157.71365943550575,0.0,0.0,32.26500856447239,29.87739284437333,259.71549958859134,246.94396112567713,32.78483336552388,28.602898075596176,205.13751471947873,203.347184237802,96.09614179079394,88.27607897726882,206.82087222812547,197.7206577265841,32.4247743589905,32.03230894664977,0.0,0.0,0.0,0.0,3.5998942670474774,4.9878265150748256,310.96639145347444,309.3295400552469
2019-08-01,2019-8,108.34189485917335,96.07618770823446,0.0,0.0,69.31353451948343,61.7916990670358,131.55867298661082,118.93898068219343,98.68896888100042,90.4613485490423,85.77957052581674,73.68801307213907,105.56423413646795,100.89649330470994,165.71152965086088,145.04715199479404,291.091609950795,247.13931693273713,70.0648307263311,61.351513833599775,132.05963159597337,116.64520139093254,185.84085331342075,161.31893432842554,89.0065840110777,86.32803745230603,0.0,0.0,70.04471457235866,57.22813462094578,45.42136419924153,43.3234219338328,253.4245140443627,238.77682588378886,245.7881129275792,206.34043661793925,68.992885614452,58.771120436084225,222.78389179228375,193.71808061083104,81.49729024045351,73.22900625928007,244.714682939381,229.56557793195023,0.0,0.0,0.0,0.0,460.5805278142603,416.71794699657033
2019-09-01,2019-9,149.92511796751472,133.24729784571034,170.0914559652281,145.94655700309917,100.62111838857783,89.48270446330723,855.6743912968526,676.2154562572211,157.90208386771803,148.99778695798045,56.03604507353511,48.01957638486541,86.29419662904512,79.36563108976662,141.06953699973377,125.71498545053277,215.36161782491925,192.2307758198926,61.02705634272453,53.84403386047837,114.2446965481261,102.41720429732517,45.307819986125615,39.093717584021796,139.3003964045554,113.84974375608093,0.0,0.0,30.737365203375063,27.515841608329087,25.14854627398932,26.93296184869358,95.17847667787477,80.80270836371494,85.35340524164896,79.42650848661617,120.14533199836526,105.0856572626228,194.0466418846236,168.31792637091178,122.56796272097702,112.21899615296347,106.57427263305392,99.73256477094529,0.0,0.0,0.0,0.0,401.1695101508242,362.0782350250303
2019-10-01,2019-10,117.90994400243414,111.9848471355805,145.30425886476775,135.31356856700035,17.191547865385157,16.59268202633822,76.13655195456288,74.52250608391002,90.33496142610036,89.16325173632657,95.73997650754742,89.04218605956999,82.1345148632738,82.55453286701737,68.16167829358866,62.7060929471905,147.181809166779,142.5805872983512,25.813955440579278,24.5961267347276,204.40347422303688,194.84590626566754,182.96566831167362,178.17442261775415,135.88613816918163,121.59554851888002,0.0,0.0,65.44642513650349,64.65327226645192,222.48638573919152,198.44185102162038,52.554582128653855,52.464954951248956,46.16536946363564,48.7705984380341,57.748638429083925,55.140214932994944,165.7684880421408,156.05506384478838,87.38049910750473,88.51426429113654,182.08669696099668,184.9330264256873,0.0,0.0,0.0,0.0,218.08666837801775,213.62657027223426
2019-11-01,2019-11,102.6126421331669,102.75439503585739,152.87676178143616,159.62239834594308,90.43741003202993,97.86763175654096,51.49568147682105,56.513786828915755,79.30073637840489,81.8165886446114,100.72944658233655,105.03844842253677,61.981115190209046,71.91136431936607,110.32008446910147,108.92345654129834,38.71304006218337,42.04873085374806,248.6901033849311,243.21135345253415,52.269314229932306,53.71564202348277,32.208576349470576,34.952203568058685,31.028887872357533,37.2927464792595,488.0709569121787,497.9155979083845,54.41674027527708,55.63537203436089,36.751295817095674,41.64815743875791,134.28608639593284,152.58765984627064,163.273688256593,155.99710572825373,94.52930294115575,99.82316372993607,174.4074802437327,184.09006449785775,101.04868236205316,111.8780720641445,0.0,0.0,0.0,0.0,3.0357114419626194,6.113965195469294,163.894437338465,180.00298892202804
2019-12-01,2019-12,104.70922400091303,106.80236653985463,278.6848858579395,252.77773749844323,39.566833831444065,37.19592055165178,75.09875508777206,71.59610340459827,107.01584397242745,111.79672908476361,183.62355400662753,166.338694429663,78.37634903861702,80.00489822043666,166.61083660865884,164.9764319910001,42.34288727164873,39.952975873181636,114.62795811675112,113.46879148695425,50.86685312300461,59.18252241230014,101.46058034355906,101.0358328256367,21.59706603589873,22.548931356875194,0.0,0.0,74.85608235057123,82.38640343861437,227.68986987340827,221.44554895656006,63.32765038749572,60.9708193019951,62.29348806121011,71.0839697214704,59.116425229313364,66.6356182595358,0.0,0.0,109.65850648215385,103.90446708253657,209.5388425168677,207.28276921679893,673.9700237531217,1063.906215675045,0.0,0.0,179.26165637020043,171.03144203129565
2020-01-01,2020-1,121.3714607152332,108.86380433048724,238.83048094232623,216.3835063429302,122.59012832409991,112.95117645458488,53.63247376622305,51.07324735323189,97.35333688148728,91.20601042819163,98.35235049779762,88.99357172775493,51.87294343352514,52.22291119957281,148.25999282962835,131.09880483963562,130.92766246637754,119.24570916648436,103.07727624132991,91.97840304708565,78.68144148616446,70.23829673507163,137.17243610260275,123.03601732013975,29.745794681175564,31.021713211203654,0.0,0.0,63.75908329598837,56.56432149671294,57.92119678515445,64.46425726353014,48.589734229124886,43.59553002664401,55.349199438518525,53.04125288679819,39.65624545467695,33.53636621350842,0.0,0.0,32.0373987361176,30.32202024751896,112.23308356932226,110.89923516276717,0.0,0.0,21.341320084027476,34.26372673929106,192.03206640365278,183.0085171258767
2020-02-01,2020-2,204.0195079338074,172.36141778923894,58.64372956645558,45.55625468447394,203.66636220092045,150.537822826406,72.43064416711783,59.13982293847983,138.7647959816631,120.09101252229097,77.27989991308912,59.95597557215483,99.44665728339014,81.20839386412766,119.61006055264296,105.01440074570286,133.65336386526928,108.00642269530445,224.97000794072807,180.95316459747792,111.07496540249963,93.93967832645231,162.35051293865868,131.94737536724713,83.77623956146422,64.35738311853862,0.0,0.0,78.75991976129201,54.806684865523486,348.16413973055467,272.2922326183686,542.5225806973061,549.2735021953474,43.56702695114009,33.889300992570305,108.91327031395323,70.99548139053297,0.0,0.0,96.21942496033111,63.225726854016536,220.46655268723887,186.785171819209,0.0,0.0,396.97433106504235,409.0423970617711,150.8882990255559,123.29490736546424
2020-03-01,2020-3,132.25212202030343,109.49578956327417,53.10477045746333,43.779846644774956,180.36838855529533,135.59618709400578,121.24049225269238,87.12696419788288,140.60581460515874,122.61538481621923,187.44153345895674,125.68621027898273,100.99428727853754,80.52050536391835,23.551686132754238,19.39183064662129,121.02966952144224,103.79485001568172,80.35717133507438,66.0638431579937,182.12568035970446,151.2024155653323,80.59837874350437,63.85447281428959,164.87292322127402,128.13098548551076,653.7518958592344,532.8144147513224,86.36945594336794,59.78747012325799,168.04827314296747,147.39834530592793,61.588976549401856,45.638447862100804,49.575392711417216,40.530771363719424,84.44812460403104,66.55654789206513,338.9782553520491,177.8546136434082,1122.7913950459085,979.5148925911875,99.82163276925162,89.75086115397744,874.9249975064171,756.1908800004992,770.915230514099,799.2455563638115,34.159186939965,29.62179493204364
2020-04-01,2020-4,200.7047644900848,156.1714485929665,372.6769051551957,241.0534855798485,154.45111628765196,123.85940398961193,146.44805813213145,103.61135659703712,146.46664972360188,117.03570388216141,215.71839227183662,122.9993392422124,112.25009948329593,77.64230237178852,49.862296268046144,40.18232690432536,207.50653576774496,149.5204320845652,17.875148266144294,16.357186356268443,140.42124988345407,115.02160999341815,265.61980812831194,193.86865749490258,27.84817563357779,28.668986356685405,0.0,0.0,44.76870181719149,39.20580764408184,381.8683868253426,278.1201571320164,137.56556162695864,74.35987520700989,47.03825270152108,38.60981314942991,133.66318796169568,75.40724323124817,191.31359059047398,172.96908768596836,49.989313134234855,46.703931687290286,210.14645307926128,204.97698745406313,0.0,0.0,996.3861757569592,967.7097365196918,0.0,0.0
2020-05-01,2020-5,183.7227829860828,162.45804115947624,0.0,0.0,133.8490517549037,129.2111266827678,70.56904442924088,69.08622900488474,162.02197526928182,152.09087999427413,103.52878999768171,96.30451314480213,62.89728769504765,62.73629723557479,140.3157499347283,123.94415293383263,185.5652758540637,207.3947439136936,170.1092393154987,151.0045175973517,80.99873705240974,75.19062853286083,149.45246778695648,137.54011886672922,58.10649847637648,62.94931534089746,0.0,0.0,50.851798437944154,52.416316294138326,81.02617986080755,100.94548311964203,51.14708866223672,54.399308194944844,367.62514471766275,312.9369270735093,83.30310901234526,82.24850154178233,200.59239563333878,228.59441536549133,113.38708454285431,118.92772827076344,118.14008796770767,120.00975624569017,0.0,0.0,599.8974901228802,709.8648082694085,40.427803453400585,39.608582509927665
2020-06-01,2020-6,155.65673846423257,124.56275062732544,365.18759661519965,407.383333263949,200.92676555461074,162.6498693217729,72.35517592625602,58.846288981271606,164.49909348036041,141.337740385875,63.68948771490619,49.218172353732015,257.80588558211656,208.34154209864136,184.55587444461028,147.34842936901845,190.2620091970749,157.3647181715605,27.475713412589826,21.75286045298435,220.11657845276804,178.1444705029398,340.7588718918502,276.55031483014994,316.6522860008041,232.75705803488893,0.0,0.0,87.60310672868411,70.81502006714312,124.20526027438552,109.72691038413711,92.216741100591,72.20307477993886,83.88442994874316,69.54947595034739,162.29135401831027,127.01597004977275,646.7688103130787,501.3626675103655,115.25711738877072,93.16493250778487,121.13026211397724,102.22194637525402,1558.4349832916027,1074.9535039616424,585.5549716340595,603.315907213009,207.25523881196526,168.68905179011458
2020-07-01,2020-7,216.06771793024384,149.89621108553126,114.6467474362059,84.54829449230184,174.35022216059573,111.2531516925014,195.23527153936766,130.8110813269873,187.7838236995546,139.88235953153912,258.9867135914285,154.35322902164705,114.18656014690377,72.98201258692748,289.0820305547462,196.58747067187036,299.8916896825232,205.45672639923404,151.49491241447052,98.38900667865714,80.08027865634394,56.61621830197879,72.46245554239431,49.113721538370726,90.46337540946807,65.57526474933066,0.0,0.0,61.68338713190293,40.44639397999884,157.0074727360552,118.69961750314931,310.4518609287043,245.2688398894987,58.7900610611514,42.62870447035329,167.21821872182048,110.44222621749256,196.18989281453025,146.2623774691639,449.20220864235364,319.48479467625054,323.25416593033356,259.99230769426964,0.0,0.0,776.4911209287227,683.6135066288191,221.23660326538078,171.61815994647188
2020-08-01,2020-8,126.52723883470698,92.58518844083265,115.18499507675145,87.76523247567562,102.21009891797493,80.71588519495769,84.0654118252045,67.32481779574988,174.03773969687722,129.40206309452614,132.81555141913432,101.06831431789712,50.96433193624913,40.16632900691538,88.02713761528895,62.14544928703585,306.26756747444773,242.75649976281116,230.74905558250882,162.87308113538953,92.62897104448143,68.07664139263042,54.25422507893423,42.93902217311552,56.433696876676606,48.61925861652633,0.0,0.0,109.04339292118283,82.17488616835021,94.4007575495867,96.9671648843342,498.83620556187816,418.1758362370856,32.56002964009991,26.0245556269413,84.08581760068287,61.84510107484294,0.0,0.0,387.71900275459,292.16346773195966,0.0,0.0,0.0,0.0,718.2331657642787,666.8884597900883,111.13763638213965,89.07398898579319
2020-09-01,2020-9,117.41997209365759,90.27036017249694,67.16735775630379,56.58641984984259,161.7468105353055,149.77868029238218,90.49979396092392,80.13694574053012,182.52741111013873,140.13105044471007,221.28054965159046,186.18156989259293,160.1851436488174,129.64958415209935,249.0227388110904,182.70370551544804,102.05289207034501,89.43809250703538,94.47687227025051,69.95593780899374,55.02451271539622,45.514566390708616,232.90841848172124,178.53781862109258,44.61622431024176,43.26658022812671,0.0,0.0,36.41360337682064,34.69356261667392,329.61070166945694,252.0423039702492,76.3147046232589,63.05060192704791,55.64289583083791,49.95200208283994,97.9179839891359,86.12925392181943,0.0,0.0,60.06680035144,52.86338123825601,252.5104717438211,232.00994523127358,0.0,0.0,614.0467997240441,593.1409017441442,86.4096505868104,76.57364989562434
2020-10-01,2020-10,181.93681487074446,141.0533390401793,0.0,0.0,60.729905772987806,63.52568231428418,70.44079130538384,74.72459908989629,171.75671311874015,136.47799259842824,112.73523860947893,113.63374157376316,430.69613535507597,329.4801901363789,98.17529552445149,74.40569353225203,86.65437876978999,90.97915453051075,135.53038652372226,110.96987970291035,72.35416419850877,62.549615144164086,71.40616591144872,64.28298975887965,179.6169637803728,132.23606401149092,0.0,0.0,62.30643424667418,45.07338763953404,73.52629254486635,75.32669702331691,80.04396784059298,63.660459234559596,405.1976442112703,294.5951938130971,113.55541715126476,92.6635396081839,0.0,0.0,61.20415988472171,64.52909174424454,107.20488963088265,118.00379496102832,0.0,0.0,466.816518516223,454.0915978657164,36.685754021323355,38.946525644379264
2020-11-01,2020-11,138.5411913800875,93.61826628673892,122.83952820429161,111.07302927221549,165.00899891355454,142.13249814054484,55.17040997344748,52.43338916323994,155.8739478668392,103.74919658993393,20.23453000682955,18.272715447896047,147.46860771840645,111.75123937866769,152.5114172940191,100.57502669470672,93.32010021362001,87.77865690607648,79.84547128786639,52.2610720368575,238.0895422562736,154.28111986819914,212.23640461059145,144.60414291514897,69.729080240193,63.57098810044988,588.2621274025713,519.71083965651,33.29764641967804,27.672783158382988,306.82894791367875,200.18432258280643,711.9473831062453,540.5183089177872,243.22267629283118,166.7767178179283,73.2755212857699,63.97898049785732,420.41967017333116,384.2964646799697,65.91217218354646,62.259064001075124,230.90283920497802,227.7052295100274,0.0,0.0,576.1044618994225,481.61641647859364,39.507735099886695,37.57645067008389
2020-12-01,2020-12,135.39951428413548,114.41654975040225,57.518849843313866,58.53371851399012,142.9111536533424,150.73033087187653,58.12470782208957,62.171013429472225,165.19181382004197,144.364912509076,18.94938722293458,19.258860400612758,199.2025726966015,182.15831800564723,139.51111717309965,113.88994436204071,87.39312027677883,92.51591009162564,30.655447509571133,31.919254825773933,123.64812390956577,106.2226667217747,453.3587178421885,384.60255388405386,365.3614744970416,269.04797113141643,0.0,0.0,46.06634534812458,45.90349969432797,83.69687003481398,97.30749038120493,393.434131378036,385.0929383317082,384.8429359464167,315.23998319191725,91.5095047827159,88.64934067003047,0.0,0.0,72.01359022526007,76.55558346741746,108.11882730889529,119.99703164337411,0.0,0.0,549.1669350481458,593.48910410499,73.99701109501369,79.20876564506268
2021-01-01,2021-1,234.83558594065545,167.39438226904966,118.16043934537156,105.31035198975071,146.79052822711967,135.59248073275063,132.6722752973556,124.28261624304217,161.4288998269255,119.45465297689069,97.318875711481,86.62346333016805,63.49937728785025,54.12492891343594,233.59924007036506,163.441301730091,89.76543790250575,83.22453539383956,89.39911224274256,66.237827321326,140.0177912615515,101.29712860071278,51.61231979576973,44.66232458017013,168.0479160751982,120.85049691044708,0.0,0.0,898.5775970065685,582.473679974569,53.163342696376546,59.456658421115264,157.08008082326324,130.2658565883029,66.03000639062596,60.17169221904592,78.30638137018619,67.11595325444806,0.0,0.0,42.26767142068054,39.35263125210499,0.0,0.0,714.3964218503976,421.9280088150861,629.6610142773015,571.2688401917025,76.00568652754033,71.25382772975139
2021-02-01,2021-2,162.55798771412032,143.5986527173538,194.4369189227872,145.91057339696533,115.0231804826202,89.46064220668863,87.32665036863409,68.87888021136678,145.4256720195847,138.913976510224,21.35219136647672,16.00257899985107,64.86093980848574,48.748573862432444,182.47795344880748,151.0628674333631,98.4746686692234,76.87335227463684,27.634074873181127,21.21788668033849,81.64674310485869,71.13683942409926,26.09208152428752,19.104107321523767,44.50039089280889,31.93024673189797,0.0,0.0,17.834316581075516,6.2933763498347455,161.86774131703928,108.83687810322127,226.5922438914786,197.42044289246616,35.794613424320644,28.62298561533303,111.88338492341731,58.57248828292165,221.82084903237478,168.2764270296997,34.77642706226022,27.26211090450448,121.82841924431719,99.70797537738143,0.0,0.0,653.9191174538981,676.3406258192647,0.0,0.0
2021-03-01,2021-3,188.20462130340036,135.61083844310204,0.0,0.0,183.66581078824186,129.84489786588168,89.01235155073951,112.18880301265638,193.40306714472186,150.36673746937007,93.27583387537668,111.70603348118632,241.1496797757167,177.39947060247715,169.83661936985976,123.1929571092689,86.0361981407147,107.32291667588743,301.0803911162556,220.13825116707991,97.14281285635579,74.42943535078345,177.77558784841392,131.55724550786138,48.2829678970403,57.50087800915129,0.0,0.0,0.0,0.0,61.675898866003145,64.9122695244355,199.30608460174625,168.36625267804502,647.1683008777109,442.371327793932,97.66847679720416,92.31784487288046,0.0,0.0,319.5647983488588,251.4349778922895,212.8802088683746,278.4046855435171,932.9351316256003,1172.8415830809254,514.0218640311994,479.722626198591,0.0,0.0
2021-04-01,2021-4,147.80208024480802,114.85654094714873,57.518849843313866,44.48749020179537,154.52888772936035,108.41272362540411,71.04130956033168,57.752383547197105,177.23554017369972,146.0776317629587,56.84816166880374,43.912041731906704,92.73182719018543,68.13186862012941,109.5320061637978,84.75353889090684,43.696560138389415,35.15751901809946,167.94186221370728,129.77723023604216,148.62134456393298,114.90037370826731,185.55787915159334,144.79619551196717,87.58793101475484,68.86440142032471,550.9002105300294,416.31404200424333,920.8963673272391,672.6030565104413,271.06514617758916,198.00482661530214,56.758394878485156,40.01117169301453,69.95530588366931,53.85003824462783,144.90055793510246,104.50206296802065,196.8589120568645,153.92022094882532,376.0431016075761,307.94335735786956,108.11882730889532,91.20156561048164,0.0,0.0,512.6446983173096,504.30353805664123,0.0,0.0
2021-05-01,2021-5,131.37542308017822,100.84585940121502,48.57423388495837,45.22712349612427,86.20527781310844,83.18891672333004,81.80979394685754,80.06257400686322,203.91853181586214,161.24048045548844,80.01307131930261,74.40351303880921,368.3874051057737,269.92984297575737,96.22966839316848,68.97001291792816,0.0,0.0,369.0298649944024,273.21868721437875,82.58919807177844,65.4132500414708,117.65669391086516,88.97628275853644,51.655309415972184,39.50544831249017,0.0,0.0,12.967560137593027,11.822719749036445,101.52341075700423,93.00377501085424,316.5921634206507,272.26836666417296,284.12209708740875,202.18778687505122,57.98593731686288,45.86464492394997,465.08841622546254,221.59827304012384,43.43923754717169,42.2514567634721,91.30553234941267,92.71785061811987,0.0,0.0,696.2034433573832,658.5870392593686,0.0,0.0
2021-06-01,2021-6,95.5405838872549,71.562080927906,49.50081501555918,34.25459827903173,168.12768720433067,113.73571015426228,774.8572709028977,517.9368456178677,180.16879285252466,145.05104236895286,81.53936615004498,56.35252151093617,240.74735510722633,177.98496037758014,63.00807061009439,46.92746463472046,150.42132074051588,108.28272712078628,236.29782017307662,176.57600490602084,141.6060371355695,106.22733582347273,43.54268316716519,29.545478494724026,136.13693374397178,95.09498138376627,948.2112207655533,641.1092287781963,53.2658449407555,35.16595793292365,99.61763941850742,89.5717806542141,118.51639854206192,77.6498450521198,158.92538835367483,113.23738687260112,98.3782277963497,67.41411349604867,485.39059227254614,292.5542703598799,297.83061699529355,234.81705279273717,93.04723729518282,70.2236286703296,0.0,0.0,681.4452685337878,662.1760544974172,63.68194718595089,46.35387117428898
2021-07-01,2021-7,98.69552581924759,79.69403433625513,39.86387643498208,29.266628860655633,70.74690155533683,53.83183724408931,58.187669100872725,44.900934002210256,139.94026061143452,120.71779971114563,65.6650848227541,48.14677197461797,260.8617935327139,201.78033430356817,45.54719405499608,36.22493766384597,87.41403756987098,67.422783701366,151.2194875293461,122.19990789573826,65.88005295649135,52.468931396289676,121.99510243956743,98.41111164858835,54.74139665514215,44.36174417845182,0.0,0.0,21.938580278758774,16.820628355619498,246.80373216334988,202.65784012978162,610.1169745918304,596.1388235212153,29.61528183591532,23.155986823092157,95.26313398425881,68.45926774453574,0.0,0.0,58.2765307097528,46.109126409921906,0.0,0.0,0.0,0.0,674.4914125529309,715.7302585027991,0.0,0.0
2021-08-01,2021-8,84.68078027727849,65.84446685376504,338.5988687056951,236.21795133877256,27.73344085290275,19.020978861354383,620.3136271451114,458.88642819085806,96.42063388965992,86.93529542657456,12.87066080631283,8.506106969925234,79.45399782752298,49.58335152375691,44.83357444718242,37.44312571706924,260.3733134342823,160.51414214240546,373.39454254904166,315.00030548678086,225.93526769428587,189.18508530171093,248.02909707406604,194.45549996606937,45.64228999462206,31.69018260155311,0.0,0.0,84.39853841243914,50.41211086364017,265.68437245094196,200.66503516558325,139.50364081750405,117.81302723302898,51.36588321076628,33.42576439122184,88.04492928344068,55.057661458875955,0.0,0.0,20.962513359474745,14.491066195132575,0.0,0.0,0.0,0.0,789.1171257788166,822.1002950486383,0.0,0.0
2021-09-01,2021-9,120.21357085127045,79.63075727219993,42.78351988979528,22.62387301607885,187.59759298433164,85.2477483008735,100.87972435577623,56.069356499262526,93.01143155872386,78.68165742163669,28.189766915031402,14.887487868508254,100.09140882996772,47.814750501550456,155.33378247797341,120.67969918254933,227.51582453792994,125.15416571097818,129.92523116855568,102.22022946456596,57.34899480722902,35.53223737215208,227.6709676439101,148.52326364338782,47.61539952065682,25.39495402804152,0.0,0.0,47.090738264805616,15.672257933922772,153.90718240458722,84.06646077617106,332.67358618265735,286.1282787002085,504.71939899319653,378.4560509065539,136.1952516307293,62.54362158044733,146.42707916468106,78.2752975624705,30.608548359173863,16.908288985357263,160.84132458254174,92.76012784177477,0.0,0.0,756.2183931331052,698.5415518723195,0.0,0.0
2021-10-01,2021-10,181.83363176539484,141.76591983067354,0.0,0.0,118.32592660056866,71.56976770483928,76.93391984237647,50.90687100840879,113.3860282169814,97.47286218114395,56.43321158362999,35.481466413830574,68.35045668718188,42.90521887051632,133.98323863433515,99.95188818526948,162.66602679254453,106.52889398626299,418.42964833620175,339.36344035314676,137.4354862724426,107.80430600553633,53.87553298846143,31.63609190300543,44.333116894740165,30.888755959462483,0.0,0.0,80.02766564126752,49.33255023753599,446.4039950429998,320.4512325524077,441.63128409109106,396.8462507077147,407.1284304521793,310.079425927784,136.45010410947472,71.09919890773419,0.0,0.0,68.93480273909151,45.33486473198955,0.0,0.0,705.5488475607127,465.66575168294787,609.8220279493174,596.3745903905824,0.0,0.0
2021-11-01,2021-11,149.96105678699257,106.49255673069297,45.60298132220829,34.97505220803769,126.00371568718884,95.55231443709177,71.68517531105516,57.7864120034937,138.69160520709602,104.16755227266532,60.094981311259914,46.03019695854442,123.4345137244991,88.26824391137981,104.66722956442588,73.9523570013458,342.5080864368517,263.21985694646054,391.1574374651639,272.964744881891,187.15951401032402,135.37516564762691,122.85184299604413,89.81972624606644,215.76023928658478,138.25715015847032,0.0,0.0,73.42022893983317,53.707386473458214,448.64303570345373,304.32789784916076,70.81617949105913,50.53392234836166,766.3487083852286,511.598262608594,120.85330736654338,90.7962509832224,0.0,0.0,57.094924862609034,45.7434722509515,0.0,0.0,751.3296446988192,604.1093684464954,665.3234139833902,609.5067879800331,0.0,0.0
2021-12-01,2021-12,121.5794116880817,92.9579779132855,88.19556975974793,58.0743355478897,93.9130438293393,64.09173111445116,84.17318799421119,58.2562463118053,124.77943609753463,104.90805191592806,58.111454150332705,38.2154269221024,86.41895668368682,55.86884523845729,84.19607866819476,67.16375795404886,67.0013922121971,45.894914440599834,315.2982850676254,252.21247683615235,65.37744823505713,46.99883225036238,88.23167871487729,56.47933389055404,224.99810612583497,159.69768083460025,0.0,0.0,35.31753143356217,22.77162045867374,600.140878635781,440.34814875275856,177.05628655665694,142.33168563857515,177.5337980650171,134.42049958534338,500.8735544265066,321.967627479802,0.0,0.0,272.5253057545609,231.74498978326494,165.78220187363945,119.05527373495758,0.0,0.0,609.8865840642223,619.7925965416459,0.0,0.0
2022-01-01,2022-1,193.7738141561336,152.3133206033038,188.1341536875766,127.07164252053506,176.44187092086736,119.73486311464417,68.6529313023542,48.73840664680488,146.81097758354892,125.75826549325481,108.46526210353144,73.1663116753912,228.74774835214322,177.45442815744303,129.00343443023002,96.6782019457302,142.92384814870906,100.4220212988449,193.45715343370827,152.44555730238824,99.09567475452099,78.15129920035817,66.46095295918938,45.679339299748015,424.73020593446955,304.44021523359186,0.0,0.0,12.556250283106806,8.304377447853671,590.9138652607048,441.80392186183224,159.81288963281804,137.0099118248498,301.08594313637406,230.20684641767355,1744.3972069499,1105.2099995454491,450.3365703291512,259.69725744295414,93.26486960429305,65.3207540490846,265.22840941094637,195.3773862607204,0.0,0.0,536.5417355274615,549.096238399659,30.25391914062428,21.494422804644998
2022-02-01,2022-2,104.52357772232294,79.6893512601259,107.00969209549113,69.96443057775612,132.93797243090455,90.08279362712177,102.12924475110476,70.1835856123036,117.11502514696431,97.65186302349152,52.88096244052877,34.52971814484974,49.58301968163545,36.02242512908511,136.4781582992232,106.15426544842295,121.94147115542613,82.9371061663766,278.2244257247302,213.07379601764538,88.34365066548001,66.96365367753623,265.6979011715627,211.97566414366315,42.66011615597702,35.6805127232381,0.0,0.0,57.57442240622502,44.82529873472196,251.1817462474765,204.38541243871066,399.002985217957,377.02987193815903,327.3875876823474,242.6540840370866,99.21291855145591,69.03411110791471,0.0,0.0,58.248496823423395,51.20320992420113,0.0,0.0,0.0,0.0,373.70477301104637,392.9666456094352,0.0,0.0
2022-03-01,2022-3,154.35631281842862,120.82060872311447,98.4957822864338,66.40886012027033,122.36115564625597,85.50481425812772,82.94438233006211,58.779598027566344,53.92856391069037,40.32986909567397,81.1227416514681,54.62488113216414,144.70978832849053,104.63781850003065,131.78932466174825,105.09461619813673,149.65274464914094,104.96302452928612,260.8235413388628,202.5743647457808,241.8588692581204,191.28764054137952,116.5127067657982,90.04659951969732,55.62255849088025,42.02436353631266,471.68317295746306,310.72713763079855,53.801833367748586,36.99447553136869,44.31572070019125,45.01695708678288,232.6401826707132,220.66877056024822,152.93653777246706,116.96201713075499,84.79909700806678,57.96869229725492,0.0,0.0,35.23334362220233,24.815826125431276,92.57181345498844,68.07073163605564,595.50417062274,340.10861003240655,439.4367011917851,449.2878426355268,0.0,0.0
2022-04-01,2022-4,164.05298072429076,115.4114856874482,471.77107402560347,434.57199363516344,169.7219229815873,112.67957926926111,116.1243658492143,72.68389694563557,25.538250246836895,16.127841859316828,71.73095994353291,42.66087336539498,97.21477895124175,60.956774830942635,142.2550755957707,102.2916134581945,124.0566318087877,76.85052702892924,169.96758625073105,114.25509026099694,290.47157889190777,209.76267319505763,270.63530562921966,196.1381279837286,168.99640899768346,111.96546604817085,0.0,0.0,87.18971051770897,50.84110240047915,468.86966117754645,319.66308996808937,160.77310160421285,136.06938857023175,239.89516329537233,163.48227209285022,101.01339563920496,64.76933810026107,186.2973003975007,112.15097491413658,902.0972418852662,695.1791247343741,204.63636052171708,132.904493429902,0.0,0.0,411.4626685306018,377.2828606570041,0.0,0.0
2022-05-01,2022-5,189.0864949255646,133.76679917278722,145.46089299218215,90.9757631649246,68.8403195874424,44.623223710240225,87.10700015211218,57.26163678923485,69.40639604646945,52.34797088143615,203.08999689874884,113.48724712278947,128.25817405791307,73.65543325310372,43.00742685111643,30.184573708039483,143.1579760182087,82.39056628219743,373.0289135986935,273.59198084239534,136.39570400498926,95.96677758455698,137.84349878491295,94.1288687701333,67.38284867212235,44.94394885806797,0.0,0.0,91.80333079925668,51.338146826336775,2437.8628763178913,1637.2286396851982,32.21406832720851,17.855412402521637,45.58137083304722,27.967161285346254,70.64988006926532,43.84071688857033,0.0,0.0,52.03343237055391,33.99604685640542,0.0,0.0,0.0,0.0,409.88063495319113,380.1119089428115,31.18882285822891,20.518310035234688
2022-06-01,2022-6,138.47428512320718,94.31712757565407,47.952815114575095,30.632824040403733,213.93142586279126,141.01323472913074,150.7579486463484,101.22420863306057,59.917090055736075,41.20537028935221,78.98944993781899,50.39431090728205,142.90823238468974,95.66177799674271,146.58676860882872,100.15524019030008,36.429328388294806,24.2084704912197,764.3975414745327,521.589980504296,117.14017626003779,79.50571189086732,71.91045937696585,47.37519216013185,80.98428742730412,56.77401620984823,459.2792799941183,286.66204221497236,76.80998307512458,48.04594222521471,47.38463881696423,40.88382196109986,211.57647572682149,152.15798349702558,439.1700097255998,288.45613723777564,108.13945023021373,68.00675585923364,470.21135555613387,286.70949241758973,102.9204280648554,68.6816940156053,360.549778062073,251.1952460237888,0.0,0.0,391.90954469786357,344.05677864231825,0.0,0.0
2022-07-01,2022-7,197.61845929861514,140.86010145876156,247.95887859686573,135.92508065235532,140.8177944960325,80.00480660925302,167.0471206059318,96.24765837739493,74.2242546094451,50.94242026355626,49.01351976295978,26.833376245523212,153.5372336953886,99.01826484748695,129.354067672734,92.46620993164699,37.674432225160444,21.48374109843144,579.1864884283091,408.21581904448595,157.84189042362195,109.13427939187197,98.62524993282473,58.472614606904585,56.829345991132755,36.35430128281572,474.9768077557695,254.39744736982772,93.48824129171834,56.99176371304387,427.16938260166756,295.5873833209158,85.7860897725246,44.188099497584,224.09646714937338,153.84176762806004,124.8583174248192,72.7775139675804,0.0,0.0,79.82857898966458,45.713536496495834,279.65465145167406,167.19190188066185,0.0,0.0,346.2799724084729,322.3087598633655,0.0,0.0
2022-08-01,2022-8,156.87634450877832,114.08920381854553,175.13202041844818,101.27751909427765,86.54557621906334,48.29300234039563,117.98448154931614,71.71394721498896,97.19215315807166,70.78973750195948,43.27248127028345,24.991872011653854,393.6175705406656,281.07081489427446,150.73507411476456,113.75713413924547,0.0,0.0,355.0501544615024,256.7285772459992,186.30197835275123,137.23546960000596,186.54471395087688,132.85475897772912,136.9104208646365,89.02643149536803,0.0,0.0,35.78389886626603,19.53809512960309,224.9623310085109,156.04526475231077,92.94984943966688,51.36481662451477,636.0695302853619,459.5142331252227,110.39342950031678,60.08154661306146,299.6956571611968,175.20271480173304,141.63555923529427,84.9988377598797,164.59881172398983,103.81197344069109,721.3447172822212,437.3309990643234,258.54716824534233,241.02372714476462,0.0,0.0
2022-09-01,2022-9,160.8499054646498,104.64883647476204,295.48734685930145,161.97904136717904,171.0351457752985,98.5169266497415,160.35913917145342,92.39423935403718,93.0924385724047,63.34961894154521,129.79638664234898,71.05948103558993,114.42033791345011,63.33849100100725,238.65264507729094,160.26122276996387,74.82637232457049,42.66953250279704,473.88764540612215,307.28037339418313,128.73156470081344,81.25004447546449,333.9092539657969,224.19012848840666,145.53300708843017,88.08189534132094,0.0,0.0,118.32661991244555,63.51386059736412,47.774417786295274,34.37951015641148,53.4368853322736,30.67669862681443,365.44726001735347,230.57138938012378,91.35532634605126,51.00780382266063,0.0,0.0,114.50836677215754,65.5727869623093,277.7154403649654,166.03254197710982,0.0,0.0,258.0387119115237,213.93950613359243,95.03484746107779,54.79815844946817
2022-10-01,2022-10,272.54476783416743,194.15268848115397,217.08369004571156,109.90976515024583,184.92529866008897,97.03848763353443,186.87040537816463,99.97215319197917,74.97003235510607,45.4919170436278,57.21397995496077,28.93015345589974,195.91359231920495,123.53348333159013,176.6697780355374,124.79524455927604,190.40959921107674,107.73256136828645,636.1470724364035,447.5482595146253,132.93722697853505,87.45388494622925,433.912647540416,320.8820684980815,52.15641891735687,30.23634065438689,0.0,0.0,105.38495294041128,55.2656261563321,58.55826553821493,40.20948965034523,196.85309586379734,138.0123773511886,666.4321067937515,468.7361472872566,86.28669529370953,44.65093382636299,297.1885506341082,152.10869626155366,323.3478072647486,237.10089707372984,326.44371797512014,180.25638420354386,715.3103020153814,379.68503043868907,342.18283076767096,316.1875080948655,0.0,0.0
2022-11-01,2022-11,135.8043264918551,117.27777452576062,188.99050662803126,100.58428586106554,100.62111838857783,55.50318348825914,143.23588713300643,80.12595747143011,36.33409668691827,18.305150577908005,0.0,0.0,170.4582399874963,126.51888545634137,186.10186327993512,165.0669018127383,179.46801485409938,99.36203208592255,223.5685295058475,170.60609344822439,93.9534118987216,75.41638861956447,149.82221428761213,121.00431610248292,336.7335479397343,284.49720056945483,0.0,0.0,88.68149141988788,55.31716473582223,53.0719745170287,40.36850576048136,112.0078272415118,67.8681175676728,74.55048630510714,48.556741071474015,68.8785818747108,44.37825077098694,161.705534903853,87.00173595705685,135.20918981069238,75.17316648285566,444.05946930439137,257.7534803809634,0.0,0.0,205.30728419552597,236.28260441731044,0.0,0.0
2022-12-01,2022-12,175.09141568226838,139.71799758020913,166.04498162315133,89.90132249483239,235.7456227381282,132.28864543606434,959.609732594614,708.079552897516,55.79853926676689,37.33714107631141,91.17158003487391,49.29913514562904,128.5938170151162,73.00242852002042,239.6452696260711,200.19024669443672,289.55908019387186,179.39159872079503,460.6364429833192,366.2288770603962,174.90939785865737,139.1811426485078,110.40776085618145,62.81836041228703,303.84770369891953,223.9386835077765,0.0,0.0,103.43198295144954,54.8354351057106,249.35675625798783,201.5998169294875,324.3438646865797,302.2478193245219,395.43203440230957,309.657901785231,102.67169572936032,58.669406680601426,378.86054773207894,207.36363352527,966.7650797947568,876.3056075445886,312.1166146841694,184.30217854030872,0.0,0.0,286.98725952359365,298.1623090912628,35.60233552684621,20.27598498055555
2023-01-01,2023-1,209.26770476014113,178.47856419451958,66.8346813929739,30.870200819447057,213.50216502063768,102.206487170442,180.10310655522156,87.43594716300748,136.3564688342515,117.89664398443337,66.05536764488042,30.470892839920054,264.5896872206534,208.6025026794382,152.72635153656438,127.55458981312421,197.32969155952196,152.15105439670515,638.854202786559,558.7402344081518,194.05203816378554,172.82079762609106,53.40892103366962,28.056005327296262,96.58046924605719,60.19951128055482,0.0,0.0,53.527313614016975,24.209127488468756,49.40856870735891,41.868366846256436,64.37535738535077,32.84328171484909,104.58267686481796,51.473837667303314,141.725169568562,79.8082690258914,0.0,0.0,107.58472681073665,51.91043643458363,251.25980075945355,126.57089139768667,0.0,0.0,275.0483305682401,305.39972661231576,0.0,0.0
2023-02-01,2023-2,88.03359401539738,68.14984393570255,194.0640772757636,109.00578701154703,91.84209463655426,53.466873487052375,203.37146092561093,120.06755141820281,82.60574012261493,66.9149176888357,21.31124756711626,11.955087814969147,68.48322155253359,40.84760331649523,127.56108240457839,104.12254254081091,240.13460083573173,149.49155030396665,478.4030742348596,375.584980499907,189.28558816680328,148.31459017801987,70.96467830930742,44.78124477222393,112.4498108106494,72.54488496168896,0.0,0.0,104.14691152107687,59.51951667323176,39.426265135481486,33.464501984028644,95.87777164062082,52.001528786635234,213.21642251279843,169.53757220289128,85.69183195019012,49.43396418349096,0.0,0.0,69.41948335918099,40.73355049680582,243.18961540428415,148.9781867660794,0.0,0.0,135.78310935048455,141.15783769328934,0.0,0.0
2023-03-01,2023-3,62.1550981133182,49.63281689515177,157.39411555102762,112.87909903603104,74.4877952612178,55.36671651068034,245.44920508053679,219.10614099815749,141.55502846899492,115.773577578306,301.22738076920683,343.22093519974817,72.42876076162668,55.18914142081088,120.15257310137244,93.7605605809159,39.85697126153249,29.73531849892966,186.19120925409226,141.51742438546012,80.74853729949771,62.91102189992271,203.04693874935637,163.10214256356716,670.2847504161169,473.19154213726915,0.0,0.0,826.4020842717867,633.050175432104,66.68924543727275,60.922525826332866,68.68531750203385,49.284619713185194,217.41900526120867,172.7837850213289,83.43028173360918,65.09021185378359,0.0,0.0,380.535178031185,311.66871543624643,98.61849489372798,77.13592075802003,0.0,0.0,143.3275587085831,149.7837583680647,0.0,0.0
2023-04-01,2023-4,133.4117777441251,106.11618232436678,50.425718136178745,29.6388564082233,125.28758089340108,76.32309626814101,2243.4442963328925,1686.888479623717,89.02949624652362,75.24836326669295,33.225158763082604,19.503650630477207,74.64171975585742,46.2983347291978,164.5439537293015,127.3562232109448,187.19012606253224,127.86393352391306,211.73170418955402,156.49489997779403,81.23094733282387,57.523284421353814,143.9641587887598,106.75109310164788,448.1159496882388,335.8021365515957,0.0,0.0,94.23287534963899,54.234783496339276,60.556019898632464,53.24296419127979,98.32923802165521,60.642588203941344,103.43184135870733,68.25304268592929,80.33525374606779,52.517072928286105,0.0,0.0,108.22798377223583,66.45312440397596,284.3573642003009,182.28338540157517,0.0,0.0,100.48092054477021,99.41324240438523,0.0,0.0
2023-05-01,2023-5,129.1819127138589,99.88936668704336,264.068927069304,170.54885896975344,164.6734430807651,111.5434459428643,124.5301959366412,84.53517014811223,44.54026284148089,33.905283104386356,104.3959195890517,67.3371195222575,124.40895538809514,76.94779560695424,147.68284526470956,123.42496736281906,80.24432883339458,53.91245696753006,261.7173489598664,206.91173469985247,126.10704576911766,100.5005888966319,54.32376047233286,36.62900779059948,263.31359163045676,203.6007142929468,0.0,0.0,42.731432973098265,28.158080925975074,43.424941170417824,36.80734359523481,66.44205903621668,44.04006896800364,353.7077925162241,290.8858526132351,133.0862319049546,86.83630912374288,180.75577600211514,118.01483039892909,47.23060739962542,31.86555846930017,99.2746649184612,69.92672717911621,0.0,0.0,139.47870124055757,150.97123300314703,0.0,0.0
2023-06-01,2023-6,151.53731841351075,120.69106690093835,99.84404123745048,66.14396335352066,120.21803269161256,81.23976374271344,843.1090761042682,671.8075605186376,48.95595865832194,33.764829944073554,32.893275934150594,21.762795682701014,259.4894324377282,194.97526007007204,155.7334754112167,138.65340979200053,261.1709350768256,177.49173384994108,320.2659712722705,264.4018834977874,144.3870375302209,118.48386837200735,160.81498603454028,128.2466155684906,48.9175552282846,36.56847914430553,0.0,0.0,107.02856883367858,69.40519196100999,57.88031706015927,47.55014951850493,57.89773933112472,37.41416715849883,362.23813436072794,302.88277189213943,145.7006711335489,93.4571182827703,0.0,0.0,371.796146866015,335.8014818624307,281.51694657787834,203.39761760531817,822.4877612518703,571.238431473458,131.77403718278268,141.6854150783548,0.0,0.0
2023-07-01,2023-7,111.2509942352473,91.39045338438295,230.58650330214343,138.70543302813945,45.579881392199795,31.835475463609345,784.0311027166081,619.3975010874088,50.39681169698121,38.87099301355414,75.96593032297423,45.63708985713955,88.88887639041418,58.034484359027935,167.43771358015314,149.88299297322754,276.30115092184593,181.1529095050495,214.26734554298113,180.8607912057327,110.11739642518648,89.64993995306355,207.62988265097147,172.90143363932975,73.80950270452503,51.20996107166976,0.0,0.0,36.93494401459339,21.755203545071332,46.8967161352469,33.15331431415642,56.930318870003624,34.499411053707384,168.98577607472816,140.09516837974542,79.5096946706524,50.10831490879408,0.0,0.0,74.23566761137297,46.64860851700543,0.0,0.0,557.6491549919028,339.4675837788667,87.19924100612499,92.22183258344545,0.0,0.0
2023-08-01,2023-8,74.71255408041164,67.2132579415279,43.768803675775,38.40925371546782,62.141618362585845,56.518725255920764,63.887531594698075,58.927571547908535,36.00787863065038,33.12877765791519,28.83896362309732,25.274951743279793,123.53998477633098,105.71249493819366,100.45745451869483,86.69974047442093,33.250772002809455,30.354017766506203,236.9280160949567,204.40232123627138,127.08111094799968,111.69915378165422,65.9003725549582,57.82750761822032,391.6369639771949,299.9322847192236,0.0,0.0,58.78254147607295,50.05880164224612,31.332130029684055,34.2482419736797,215.36096119648425,218.90316878389066,889.2786759433552,730.1059703930124,63.83906695931971,54.42914472809273,289.49169027252105,236.61801605910378,286.14891870625155,262.17333424080726,164.54542255379067,157.48175754088757,0.0,0.0,69.92329245276257,78.38809082210192,0.0,0.0
2023-09-01,2023-9,100.63870237775792,82.24225506354949,92.29768928345713,84.22277821580116,49.14054618977057,46.47477757767763,72.543239995011,69.57719652722464,74.93082784367863,62.36167834474403,60.81431248290632,55.42223420581769,200.52792793648342,150.91032672098086,327.5079905684616,262.7307948861676,101.19579930711808,73.72192109141066,288.6795163377294,231.70537866614296,214.38229189164505,180.61705062375225,612.9140387926207,516.4745882413506,41.1426032404445,36.9080425812936,0.0,0.0,49.6589238401161,40.70368157419331,32.78949467830457,32.942652262440575,86.35842585993754,63.78867590030488,706.2323639183841,558.0196015918194,91.88512892609181,68.87500265944499,305.23354347133466,226.18098597572526,67.4644515911468,53.60126384038195,173.49300196078545,172.66088058695306,0.0,0.0,86.75790243672967,92.5221575416928,0.0,0.0
2023-10-01,2023-10,139.1620532343394,111.99722369572915,43.72625461192946,30.428721392474337,77.60151061724409,55.9693426032916,83.46401661123987,61.04807129240409,35.774560079296954,28.63139757013229,72.02732084414214,50.058539961606684,123.4198875779094,92.77004383953047,144.84210946686608,117.63870060288767,33.21844785633881,24.04717250174731,193.8364164341482,154.2499660517631,179.56880682500503,145.24915982896567,182.51822739784026,149.0691733569365,407.2221119945076,299.31293642089906,0.0,0.0,93.38660288330117,63.63442421900881,387.76177508492236,297.0951228839476,113.28562711492796,82.56189189815377,700.7859736441836,549.1751558244937,485.1710977900189,319.67512028236524,0.0,0.0,101.66977477502002,73.90941625149583,246.57819397278195,187.14117280593314,2689.9658728119653,1943.5814549672011,132.5935301383573,137.56028056936287,0.0,0.0
2023-11-01,2023-11,137.03243688608526,99.3683149357981,92.32926563969504,59.78622588266004,49.15735787166923,32.9904998263775,114.03551982794262,77.61276332633847,45.37692766921121,31.979310451421078,76.04389740849216,49.177406091091406,142.48683616436176,91.28792504909558,179.64018034534354,131.82468410862583,105.212586470744,70.87167754201101,495.83738625780535,361.3879356320473,134.79050272733917,95.3276176923483,66.34818256603877,42.18622378040444,82.31335742392042,55.89196857131453,0.0,0.0,87.02754175667656,53.601779621105024,230.62032109693885,155.15505110416487,277.4243548782354,222.66060050441183,264.15253863127424,180.63420142299475,110.28638211950309,65.63832575717262,157.9989762864879,103.42580639876194,107.33935167831395,72.60845761268708,0.0,0.0,1521.166211880811,1032.662337283747,119.23105608480012,110.906153842968,29.695003083972303,20.22591967060211
2023-12-01,2023-12,125.17369362917573,92.74631662523711,94.0015477063144,60.83329904152637,83.4128393468531,55.9471380973924,116.10094895753267,78.97204366331695,45.50007707860514,32.44045086038196,15.48424326889743,10.007736085222975,90.59172842854473,63.293098369114006,182.89385132338526,141.55300546766736,202.0735497276402,144.44262578745534,111.69101167367705,82.88544478660306,203.02031812662298,155.73010616589235,122.549301559884,90.16089128576678,161.53225190696455,113.7615209046686,0.0,0.0,408.1964094809418,298.1679548265343,219.79863989538407,158.38177535521783,170.23502304470793,138.0339626763076,340.42699856486564,248.25848961996257,955.8211150720365,584.085496625007,160.86067839965315,105.23716652754466,340.9043810157464,268.66530728771096,265.0436456287025,187.0669289952633,0.0,0.0,105.8786611964576,98.56293697144457,0.0,0.0
2024-01-01,2024-1,210.20711151297112,160.7078425899476,109.7066843352962,61.829957076074365,136.2884416547729,79.60924168556903,209.40646769291564,124.04726373156153,130.362535131972,110.32233337426433,162.641203993919,91.54527406775375,118.4353439949687,74.6075254692571,367.11212644925956,294.1739919181233,41.67159759539088,24.431451200439163,253.710644023256,176.20031468658135,163.95816288411555,127.6785278763476,99.92479824131512,71.36353241635972,381.83029034799284,273.33780821510726,0.0,0.0,88.31319407844158,57.82603353501132,46.38604391425171,42.25199881902735,54.12812779875048,40.74772048565737,1427.781885261517,1109.3826605745587,116.35842721964846,80.39368112505811,375.4723639718733,213.92262434309413,98.10910724068533,57.76192594496885,206.21688525745392,126.75448449414415,0.0,0.0,78.28063328411803,77.6675248234099,0.0,0.0
2024-02-01,2024-2,120.09552413328373,87.45508822769021,70.7228625431941,43.973607904092624,75.30762948579095,48.529950921217576,127.05386867050746,83.03312914951786,146.71267534528124,115.90977407880449,139.79642272014001,86.80961306776935,261.31621040644563,190.24195678151193,166.39666414465643,122.24834020043579,208.80956355276456,136.48840320199315,520.7441426886348,385.0855629297679,175.60855760558186,130.9509308277877,290.7919049808619,212.02681758295523,87.70692315071166,61.398825414767856,0.0,0.0,19.460716520859133,12.718877738346732,59.80590567560755,44.33073075944033,82.02179738576004,50.81476788632939,859.8983363253876,618.5405765811572,84.37438169016586,52.65679966286632,242.04979438438377,152.14226322530993,75.89572446920941,49.296497751032796,265.87711621244057,180.2961627281392,0.0,0.0,36.01143656678034,31.289957148594294,0.0,0.0
2024-03-01,2024-3,116.84867845183958,95.65224708512112,156.84527903806392,126.88684922160849,169.57598880603655,106.59482307981872,152.62709020259916,129.78007750224168,114.74085117315131,94.27740901857948,137.7923670670423,111.32938656538583,113.72627810712434,94.51820283959681,153.27017920290385,120.95402241501343,114.64413683611515,76.70547918505065,426.75382929713516,330.18110226026573,111.8037954604205,85.15497528895192,94.29312513489829,70.70998284125461,267.6176074862128,193.13570245821475,0.0,0.0,70.21564330520454,52.44341660480093,466.7449511986395,338.42893212777244,127.63982877701152,91.09737497770227,295.708898936696,223.96185680329663,124.82366049302216,90.01946680300112,178.93491192770404,146.3366576319177,112.21157868055138,94.8307795732252,294.823830530804,260.1243462353109,1493.5551515575796,1026.68613005177,51.10387478025202,50.973200063362356,0.0,0.0
2024-04-01,2024-4,88.93007794447048,69.87093972558921,99.58614149993676,71.97749361330315,137.58117886287522,92.90473171487454,156.5434935390496,118.92251300089012,109.79342352352319,91.90627926981742,82.02077938192716,59.20538352408304,163.14102217979615,112.16989489631966,75.85596648273639,62.49454202201164,147.01426098106083,87.7769239688255,155.4795742861853,125.17758670303948,107.61043097661033,77.983373128128,97.22155338239506,61.03016358438644,87.96129283146094,59.039231055271124,0.0,0.0,40.69593221617412,21.13996622671317,253.77730329634696,192.80616266379803,177.80279534452356,152.16702183710504,795.7114239292716,627.3657386927886,585.8123312610439,368.29448665365874,806.0953879647665,370.4425775744318,97.9642967502932,73.96599864607343,280.7897810332122,221.3361579786346,0.0,0.0,43.441083854276,45.58550111764404,0.0,0.0
2024-05-01,2024-5,97.40213654713686,84.71622733724358,48.55675485153447,43.15581030646893,203.10457147543866,178.30119390149238,114.49249752361217,106.95421210012334,52.340781842726884,45.05168595080673,79.984279282124,70.9959786656098,112.81458290135058,95.814836888812,117.52974689589254,98.50906909774403,110.66440815184765,102.31536200686433,230.7771820907713,195.9842475633907,83.35169725179196,72.56676295621769,106.76520876023969,89.47556432399182,54.04065134514271,49.44059129287497,0.0,0.0,130.82415106190416,104.503041321129,41.93887618767451,40.46133553383704,122.17305565853444,97.05160739270522,522.2692489029151,418.6078710195696,564.5900207711046,380.93487700132255,0.0,0.0,157.07837119941593,141.2763448659663,0.0,0.0,0.0,0.0,49.140962794970726,52.32738704710412,0.0,0.0
2024-06-01,2024-6,104.90873263140811,90.07667519478264,195.06934836633803,152.04438536958057,82.81822828315963,68.38281540639728,82.13502261813163,67.2885202229545,55.46772167641998,47.9867235975794,64.26492580412652,50.025893909847056,146.12227809807797,119.37241119529472,89.81195131514096,76.25375777854738,148.19245404360183,120.15744979047042,340.37719672885095,292.5627669102869,106.61164042971544,91.10964337523657,73.720876215067,58.74091795622282,49.68081357371375,43.71803853354813,0.0,0.0,78.51480210804712,61.19411756674838,72.36439280175955,62.93908883237777,460.11290119965,439.2815982169133,220.052260558289,183.58183095033343,116.32599455304094,92.07642140732715,155.64578005955127,120.65671999129971,132.34909256269367,111.29736149440106,183.3370212263595,155.84927274037977,0.0,0.0,68.44173760194056,75.28819567308993,0.0,0.0
2024-07-01,2024-7,127.56937367927425,107.82698549492466,96.17906039373794,81.83055583838762,98.73616892817739,77.74073312550513,134.98907554310418,120.71600008998837,108.7867168791175,95.8581292379217,233.11118539530545,168.46219872231364,381.2504091295236,330.4470238581399,140.7385667349567,127.84718825854944,105.45136036137322,72.55343991111793,364.34315616282845,330.2185554432414,186.30479510972665,163.36198214995343,117.64417650926598,103.2741052668338,67.90530543623268,56.57212790575524,592.0112499566338,479.5505545119549,51.74721785762634,39.723279592938574,59.745303451129885,54.03459929717728,64.09122752641984,48.95553810273615,598.9286759549307,518.3569774442843,133.91526446418268,102.86248461868425,164.5869592606572,141.56088799207538,120.4161672619103,107.02525154238329,0.0,0.0,0.0,0.0,62.74701465415015,71.25519656409752,30.93317676922703,27.683604786098087
2024-08-01,2024-8,87.42432899573619,72.04667299159003,98.13761580539223,73.4258322634531,100.74679636816936,73.48350514737696,110.19035519242193,86.65391731301844,81.9726031970413,72.93524277902382,113.15884980910243,84.55540861596448,169.76164775124514,132.8184135670754,196.84187899184798,165.59554049621485,223.66282927562526,174.0806291282726,335.14987068816777,282.28178776422436,112.65468685596913,87.59517251729817,78.12742081229227,57.10142789472263,88.5882774362443,66.20423049532104,0.0,0.0,39.70138590773312,27.66967383190402,608.342629269979,472.8564675337053,252.43615060856823,243.7469169557333,660.1665963173995,532.3495143361157,104.19548064165865,70.41942453284612,671.7541929969516,508.0853189999011,184.30241745650198,144.04921402266288,184.47037735757698,150.52660485687028,0.0,0.0,59.903307627001375,62.16877148413495,0.0,0.0
2024-09-01,2024-9,73.54051998790648,56.02021063115245,44.184420999480785,35.37902151827457,109.78047363154597,91.10461038107806,94.26074097583572,79.33023501993586,73.15606434428112,56.1878525276942,72.78202754584893,58.202319434726604,236.07663896781466,175.50513686285228,87.12914796854962,64.08862605184771,134.26605119143625,111.83715837674215,90.40774466924621,68.84012114871068,116.16994697888802,85.0806289081738,65.99253987774318,46.77905858007399,42.56624479541355,35.14758012453708,0.0,0.0,106.52328212824712,79.57717911331875,51.228060580750004,40.61982453720333,163.1593957541144,123.80008600434932,838.650811129446,573.6172946189771,146.50467532023217,100.7256170206951,0.0,0.0,522.4133431808405,403.3487756257857,83.05395182274667,72.52875218623468,727.9582248408008,611.0869604577202,28.385826129647157,25.51215106322129,56.84249771738772,47.87545871569489
2024-10-01,2024-10,149.02003305859245,104.1942101013867,134.35700803094687,87.4079767329728,155.538101368841,99.61245964233096,216.2298290989693,147.85553633179688,83.52910804285283,63.82585790931524,217.09591311623868,125.80316765568905,186.0706316109318,126.92941894117737,119.39824794038417,84.91236386694965,102.06982749883329,69.07666830346541,173.25754293913621,110.85365627864952,81.17594023687677,51.835535182988124,88.52627722101148,54.99082870831478,170.79579520200392,111.29819686547637,0.0,0.0,59.78075350519983,38.081868167479655,252.88542976239518,170.37992710850506,293.4350886871215,228.54610881591663,972.0673756905453,671.3012298907385,118.7855218393056,70.8739872172348,153.27945824274948,100.80627932633223,601.6143091620194,458.00340437529576,0.0,0.0,0.0,0.0,69.16646049494469,63.43549397003396,57.61599337169004,39.4272914844023
2024-11-01,2024-11,142.32305327936464,103.84334735319536,0.0,0.0,99.08930257956573,71.84952547838998,140.8907438529715,115.96182364695657,100.39693419744496,75.00289274928645,127.19674513592139,99.47565866876704,113.36698649014353,91.59679639632867,144.02250399326064,104.49979595671297,109.99155588483002,89.59915951282167,135.2643198859406,99.80218636191569,162.05027777742507,118.40237260756211,64.60176938245897,46.85214748258006,166.9438177483718,115.67636069693695,0.0,0.0,78.49241328758869,50.85438553713075,53.69549725905836,45.7333264256748,122.56805060764313,83.23013509257395,1165.972145313247,783.4953193301695,192.00685477565867,134.92461237361528,0.0,0.0,350.797619670111,263.79502679427833,362.8709139723439,309.90368881436336,0.0,0.0,64.63939839733136,58.439478845154596,31.043810448659173,25.570516540765567
2024-12-01,2024-12,152.66271048103485,133.5649284263955,91.36033969696297,64.25156537942533,142.4308216219888,95.51563546765325,128.22591265198048,94.78356700207192,58.59770391097979,46.0394760503101,90.29504893365848,63.4204673602332,199.3619644007189,172.10833322331982,200.4162729367737,190.42005213467854,134.87090293116952,80.1096977372187,105.16260905471837,75.6274520392495,68.35214289545955,56.38196526968793,68.50238073350775,44.1727688712245,159.78929377144894,128.0396174938739,0.0,0.0,122.32430117870685,81.15096002132208,417.5275066558875,366.07322268726557,130.73923890632196,80.26788143685283,503.6447370099052,447.5579904722465,109.06224364674685,66.62427631990984,145.7927804416988,58.37406076226358,197.50287831816206,136.09853518244165,343.46211085533974,263.43780370380733,1304.9647414252245,755.5979182608206,57.55101452300644,58.4837524591039,0.0,0.0
2025-01-01,2025-1,155.47988892488107,135.348943169984,381.04279925651946,396.62004222167377,142.0032047737151,102.73876059381706,121.92812492172902,89.46078567783661,70.4351796029173,59.43457194077341,112.9739832909899,78.76177687250629,324.3094530727437,278.0755955236246,115.9961545119944,99.32350298633929,130.25683619397913,94.58915683767081,457.3829055818973,403.8891779713192,68.04069374053533,53.00368174778156,63.73433572794495,46.00262321879929,74.04248577925915,59.325685824271254,547.4002091924815,373.3558312480414,45.77367479318097,31.288119904166184,65.23169339988237,57.70584308892375,551.4309292742087,592.7435334147459,450.04119635327635,381.4755169871141,166.76421028063277,121.06378804981341,0.0,0.0,467.4282139792865,429.34148704809434,214.86384486799528,163.58149331545775,941.6283010011884,689.1233788263762,33.936177029503504,40.16969592642596,110.29033546944227,80.98380428943469
2025-02-01,2025-2,178.67081859133012,147.7860846185191,151.27715440853623,94.70235621484493,143.18580673531557,92.9022034055588,158.5324616931332,104.31262720984114,96.99499192483043,71.0725938793424,132.90063505233044,83.09100027601494,394.41083402075134,321.84273176937177,198.36659464240967,159.99767851342955,153.2318835346212,99.78834872693784,324.023899375831,262.21423736744134,110.23707364313249,88.38076022408161,281.9744398460108,237.03067447388455,91.8701805405576,61.07981448609135,0.0,0.0,55.088573777141676,33.41411446990555,64.73943711472361,51.715554849167226,68.39362192191221,42.22555354722146,918.6644998986462,760.2894954613386,160.44940076251982,98.66343971153958,160.93866719909505,87.90661292806564,81.1709878291769,53.082913964493144,189.5715761335339,129.4296908279596,0.0,0.0,38.79193060267177,41.178917785924305,162.17954785958722,106.7939546910331
2025-03-01,2025-3,234.0185144951741,176.89987716686932,90.38126037000289,55.12195128749126,194.69610990196568,118.69260440700825,169.13508061639166,104.49614011182258,74.61708743933349,57.087578085786944,163.76687430510708,99.74973322953895,248.8443184257249,178.2949996867515,221.36799603289987,170.072272431004,339.4110608729552,213.23887328049506,376.5708916189246,288.3880742450646,106.019269171135,72.11004075323247,111.43099318397245,68.04502288799067,92.33844653034963,60.53352035942997,0.0,0.0,24.499306491638528,14.608260053504173,60.95080016502747,46.38334164011291,113.70359064804663,68.2012403072833,337.90811750650363,232.27285060389477,155.6919888837988,94.83162869186916,453.5612487594062,268.3097843376361,243.88229900840665,155.22290760713918,594.6173416164362,395.50958751374094,0.0,0.0,39.163162879879096,38.002127346898625,203.47938985303327,130.53583825663384
2025-04-01,2025-4,200.60733556335734,127.9075208094347,121.82295070636262,52.564597835456176,213.0949627412378,98.3481253094277,193.01772954293335,90.86887347360607,94.69567305788868,67.15249988124515,133.7805068462369,57.64963496982481,618.625764401906,427.4590177389874,234.93665515525012,173.05891465559577,274.14062524284765,130.31170808020372,228.0490855199989,160.79453049249503,95.26739023322573,56.23033413002631,115.74246514608656,54.638594223115206,104.11192191352185,52.915865997794484,0.0,0.0,748.3756083144553,541.338595980537,227.8263202170087,153.56079782745675,226.26355465161174,146.72590320244075,518.4708267484642,348.65637396767556,215.34887974746863,98.5763257764852,685.5238953254274,308.9222975167315,285.77593790936623,138.01882009403104,534.3145898485341,251.44008780696353,0.0,0.0,50.512606819973946,47.401074522507585,287.3257400418181,130.40730250771415
2025-05-01,2025-5,157.07889673705432,111.43507844676967,86.83347601828463,51.69064518908178,274.06741256371373,166.08416319707987,87.74811103643637,54.90271040033774,88.13052435827205,66.51587580092433,128.73145489866178,76.5330351879641,430.55911455708366,301.83068382567063,190.485736890357,137.05099302332175,329.83310838050704,204.25009739250623,154.9877281090986,111.32718991918485,111.6317501477182,76.60344190775143,99.80329609194365,58.27852625190092,65.14332913805099,42.08259096210004,415.8339426973773,241.86059198733327,105.74118365455729,58.10005480715868,62.16020391345943,43.96795007549164,456.44800487513726,379.61056294427317,751.7746932694016,521.5625892769588,201.47311450324506,114.59966151046576,148.5942753170541,89.42104277406186,257.6052335851764,157.5605538397887,163.22185898756007,105.9683912775533,0.0,0.0,63.26664059109319,56.19563563406626,167.56466025955802,104.92291378631982
2025-06-01,2025-6,114.08690888996324,75.61446675773166,204.95021526794397,110.72266747011857,244.19983775670084,138.8391517258643,124.26539904370179,70.56179536504021,131.55910020657805,90.57493632576588,239.20892268962348,143.31862571780167,369.26558696516196,232.85522846469365,93.63070356129474,55.976591607036795,249.11817760549593,140.0028374595355,145.8969698002132,95.36086548926909,153.58301191997728,101.06741932829505,155.887167126008,97.25318348049757,159.9425610117349,99.57621845791333,0.0,0.0,44.10774401837773,24.614990679844656,67.62512874331362,44.959472391753536,368.5254362514338,280.46077485512035,628.0073771665465,410.85351223416666,162.95768880531804,90.57918690653631,0.0,0.0,698.5261405018774,483.9374590866749,693.444993863917,408.5765467296437,0.0,0.0,36.283670204865246,30.321641043353477,131.83246356994388,74.91584373834597
2025-07-01,2025-7,161.66130219856208,104.3416882414414,275.3725280210108,154.8419474613509,205.24613802922642,116.4966909103792,125.21631271866127,72.07624331331196,90.03370021226645,60.528945351743175,81.64419178145917,44.65445330873892,298.56993015476127,183.3313665508573,178.212863347151,114.77086973412965,188.26837481113233,107.2557592081238,165.05540338201456,106.91627822811918,61.34047367759153,32.37549999514941,295.7314798472947,184.7077536194177,115.72352461236162,65.0656516969061,395.59592712073726,211.67628761091143,45.12305583949529,19.630380953563353,74.02896523564938,44.05936392901115,564.5109093999597,423.2773827536855,1172.0339406917444,749.4823173088802,251.91132026681,127.79314611156457,0.0,0.0,417.7820397904945,274.19624536368275,465.8342862565075,278.23047341554167,0.0,0.0,29.313940126854188,23.46476818089328,185.97779556203162,107.1332379614489
2025-08-01,2025-8,120.95330443044534,79.39443413228057,41.405100255420166,26.56961761891765,117.57140804654937,78.19370454228509,79.03343211484696,53.30568740271686,67.8440561213088,44.46477227861881,109.12614280455239,69.93583453927943,250.0043992437924,164.46086870601164,197.63731261481738,129.07937143396802,62.91017495223172,41.994809439846975,302.2320685066594,194.69501828732427,107.09113539503021,69.25318907426424,98.01281227375443,62.3268561085547,86.89539763513255,58.52882709295997,793.1340251018406,497.2770931902277,132.64393517852136,83.34604157819854,68.08881539761738,51.54871184869103,214.42967364384532,145.5415367434468,476.6485842323084,299.6167728237678,142.71049586064453,88.66803959022306,425.1282672771441,275.7809934351768,419.45001248756296,285.8287218410555,233.4888943234137,163.4071092924457,0.0,0.0,41.1326803455103,34.555821858882005,79.90042406976163,53.93164833922441
2025-09-01,2025-9,153.72258847908316,100.63089429693139,88.95136567726716,50.51246716373388,126.2904478654266,74.32844894031605,163.12946305752092,82.29325159879436,49.264043938627566,31.759010916669897,117.21888576138304,66.47878031971437,295.31540417458933,179.29001241254406,223.3973114265811,141.67386811781108,101.36334550230215,59.878395597435706,286.25477558025716,187.19463422888518,238.41101127741942,157.54973055361125,280.6629762189159,183.48676891843175,169.139706588487,97.16551995729368,0.0,0.0,96.44684137644383,49.131923234524194,56.296725386457524,36.06897022537599,195.48580064248765,103.78380599522053,1846.185382138598,1200.9111576668217,271.32218540358787,143.78488876937433,304.4370518690865,174.76576159377126,352.0810734599357,203.87426207947792,501.60863981542855,310.65920333676144,0.0,0.0,59.426486008595695,49.59765730355116,28.608600532119656,17.088569952931643
2025-10-01,2025-10,212.7184273622936,123.0953469980751,75.4693633850192,46.7417185086967,286.0021474969937,165.3294642969417,72.02739241115388,46.888131233705536,29.274432785611832,15.471502118297131,99.45248864654253,61.51614860611138,194.17939008620854,113.42843271802302,194.67850485686526,117.01797876193189,251.4903312645445,134.81143777952877,332.9337019033567,194.49562177845036,135.5038519992668,78.4049820579384,245.46591430340476,140.9631422060965,81.28120817845915,49.2623128313736,464.5367917724593,253.15942167724705,398.2379938633718,225.56547773515103,349.59968997955303,192.11271082648108,491.6552910590026,322.24981839043494,1236.3017245039623,699.2217710488923,578.8914776583624,285.1444554684377,129.14737351381547,80.85976088729825,772.4545176672227,482.13305965630576,425.5818269574973,287.46853697394215,1077.9826191750876,548.9486439755505,57.21247679068381,43.135077309511004,169.9075665830977,110.69037406288149
2025-11-01,2025-11,191.55676487715047,107.70067202018973,397.39058529034014,196.85978483781167,191.78647778805436,107.56705008163627,154.44621650313977,95.30224660074546,57.55648483659559,28.922561139845584,181.2650863404873,106.2792002712058,325.6918532396352,178.4537438052501,207.51742851984895,109.58885244923165,309.5376478701946,168.5050421861102,162.71960251495935,95.29770489795531,246.49351194538315,129.39703592914015,163.45137636604323,75.80333087958867,126.19375955759583,66.3035175152779,1003.6002246964878,485.5519823368043,86.81232402797532,39.30867097454058,101.44316215369334,56.19891921580017,300.54111667085976,161.73802542168215,667.3766074436421,347.10361589746105,352.82564619156653,166.54189159050716,0.0,0.0,304.85097774636847,176.69219865183388,344.7458632234704,220.73283487342462,0.0,0.0,43.23325382549689,30.37288205964696,29.493202179562026,18.212924882613986
2025-12-01,2025-12,172.4980514244716,102.10488472243993,105.53119530689335,53.1889186130019,306.7650835801489,156.8233178244938,146.14010220058563,77.41782262684637,44.60155867273338,23.532129751758212,251.64150761059923,123.69692249293378,202.29486498046077,109.65330112063978,237.06785135940896,141.1698631305971,213.78963521305852,112.09086175051173,231.66526832824553,140.20840546710076,154.91369221863133,89.29132271854236,193.92017647108716,113.03078197406526,290.8484831142538,161.65382326215786,0.0,0.0,410.25297695573,232.2584921445204,91.33599718946711,53.12830550460548,325.0733156716549,199.93529870130672,1082.1407727855815,649.0604707843506,321.58600170876554,160.71563352035767,240.787803798438,122.68392856518791,431.65401794372787,222.4931778152051,925.7181345498844,508.85298916487267,0.0,0.0,80.73194186566846,62.310013083043906,67.88203390076985,35.988048395768885
2026-01-01,2026-1,191.12326293882305,100.91881729483273,512.7227060541302,280.87333060153156,186.7166852801452,81.49665760711062,96.31390647299044,42.31996858949257,40.07431070835582,18.97215109925663,146.17030608835333,61.027242332081215,192.19724259617684,92.93294724968894,173.52348181778032,91.05278019118474,132.27376313634326,59.07717803790031,231.36408521259983,122.29681864810213,74.26752993984047,34.53903092711798,99.90717130787229,45.038426741264956,65.66614667987969,31.230005504825098,0.0,0.0,103.14002563090007,43.147227849200256,64.37314520502915,33.36891028550418,334.34279936121123,208.8927580541964,567.3954170190098,297.4397353227157,184.16690988305055,78.45334222186413,398.1071671374378,168.12586247628633,303.3889891570756,135.08233717509103,333.5994329679987,152.09805309139912,487.32670290745415,213.58227864470783,31.146420242072573,21.27761957728463,19.02641254152807,8.36652573636958
