owner,country,leaves_filled,fnb_class,status,source,url,host,detail,why
JERO,gibraltar,1.0,FNB_LIKELY,LAST_TRY_FAILED,greentreesupermarket.com,,nan,SKIP / NO-PRICES-ONLINE,"No products on the site (corporate marketing portal) — (SD-adjacent, ""سوبر ماركت الأشجار الخضراء"") — tagline ""تسوق المنتجات المصرية والسودانية أونلاين"" (""shop Egyptian and Sudanese products online"") — explicitly an ethnic-foods diaspora grocer, same reject pattern as sudansoug.com/alafnanfoods.com. Not deep-probed beyond the locality/tagline check (homepage rendered almost no body text on a plain curl_cffi fetch, consistent with a JS-heavy storefront, but moot given locality)."
JERO,gibraltar,1.0,FNB_LIKELY,PENDING,aquagib_gi,https://www.aquagib.gi/customer-service/tariffs-charges/,aquagib.gi,P2 - queue / NEEDS-CUSTOM-CRAWLER,"Will's 2026-09-11 handover found price evidence but no standard platform API, so it needs a bespoke spider. Never built or live-tested."
JERO,gibraltar,1.0,FNB_LIKELY,PENDING,buytickets_gi,https://www.buytickets.gi/es/atracciones,buytickets.gi,P2 - queue / NEEDS-CUSTOM-CRAWLER,"Will's 2026-09-11 handover found price evidence but no standard platform API, so it needs a bespoke spider. Never built or live-tested."
JERO,gibraltar,1.0,FNB_LIKELY,PENDING,floweradvisor_com_gibraltar,https://www.floweradvisor.com/gibraltar/flowers/same_day,floweradvisor.com,P2 - queue / NEEDS-CUSTOM-CRAWLER,"Will's 2026-09-11 handover found price evidence but no standard platform API, so it needs a bespoke spider. Never built or live-tested."
JERO,gibraltar,1.0,FNB_LIKELY,PENDING,flowers4gibraltar_com,https://www.flowers4gibraltar.com/,flowers4gibraltar.com,P2 - queue / NEEDS-CUSTOM-CRAWLER,"Will's 2026-09-11 handover found price evidence but no standard platform API, so it needs a bespoke spider. Never built or live-tested."
JERO,gibraltar,1.0,FNB_LIKELY,PENDING,gibfibre_com,https://gibfibre.com/packages/,gibfibre.com,P2 - queue / NEEDS-CUSTOM-CRAWLER,"Will's 2026-09-11 handover found price evidence but no standard platform API, so it needs a bespoke spider. Never built or live-tested."
JERO,gibraltar,1.0,FNB_LIKELY,PENDING,gibmuseum_gi_government_museum_page,https://www.gibraltar.gov.gi/heritage/gibraltar-museum,gibraltar.gov.gi,P2 - queue / NEEDS-CUSTOM-CRAWLER,"Will's 2026-09-11 handover found price evidence but no standard platform API, so it needs a bespoke spider. Never built or live-tested."
JERO,gibraltar,1.0,FNB_LIKELY,PENDING,gibraltar_cyber_florist_com,https://gibraltar.cyber-florist.com/,gibraltar.cyber-florist.com,P2 - queue / NEEDS-CUSTOM-CRAWLER,"Will's 2026-09-11 handover found price evidence but no standard platform API, so it needs a bespoke spider. Never built or live-tested."
JERO,gibraltar,1.0,FNB_LIKELY,PENDING,gibraltarpass_com,https://shop.gibraltarpass.com/index.php?lang=EN,shop.gibraltarpass.com,P2 - queue / NEEDS-CUSTOM-CRAWLER,"Will's 2026-09-11 handover found price evidence but no standard platform API, so it needs a bespoke spider. Never built or live-tested."
JERO,gibraltar,1.0,FNB_LIKELY,PENDING,leisurecinemas_com_visit_gibraltar,https://www.visitgibraltar.gi/see-and-do/leisure-cinemas,visitgibraltar.gi,P2 - queue / NEEDS-CUSTOM-CRAWLER,"Will's 2026-09-11 handover found price evidence but no standard platform API, so it needs a bespoke spider. Never built or live-tested."
JERO,gibraltar,1.0,FNB_LIKELY,PENDING,rockhero_gi_4_stagioni,https://www.rockhero.gi/store/4_stagioni_gibraltar,rockhero.gi,P2 - queue / NEEDS-CUSTOM-CRAWLER,"Will's 2026-09-11 handover found price evidence but no standard platform API, so it needs a bespoke spider. Never built or live-tested."
JERO,gibraltar,1.0,FNB_LIKELY,PENDING,rockvapour_com,https://rockvapour.com/,rockvapour.com,P2 - queue / NEEDS-CUSTOM-CRAWLER,"Will's 2026-09-11 handover found price evidence but no standard platform API, so it needs a bespoke spider. Never built or live-tested."
JERO,gibraltar,1.0,FNB_LIKELY,PENDING,stagecoach_gi,https://www.stagecoach.gi/weekly-classes,stagecoach.gi,P2 - queue / NEEDS-CUSTOM-CRAWLER,"Will's 2026-09-11 handover found price evidence but no standard platform API, so it needs a bespoke spider. Never built or live-tested."
JERO,gibraltar,1.0,FNB_LIKELY,PENDING,thequeens_gi_cinema,https://www.thequeens.gi/cinema,thequeens.gi,P2 - queue / NEEDS-CUSTOM-CRAWLER,"Will's 2026-09-11 handover found price evidence but no standard platform API, so it needs a bespoke spider. Never built or live-tested."
JERO,gibraltar,1.0,FNB_LIKELY,PENDING,gibraltar_no9gibraltar,https://www.no9gibraltar.com/,no9gibraltar.com,P2 - queue / NEEDS-CUSTOM-CRAWLER,Downloaded CSV batch on 2026-09-12; normalized site was not present in the base workbook | scraping ease: Easy | add as a new scrape target and crawler-creation candidate
JERO,gibraltar,1.0,FNB_LIKELY,PENDING,gibraltar_ramsons_gi,https://www.ramsons.gi/,ramsons.gi,P2 - queue / NEEDS-CUSTOM-CRAWLER,Downloaded CSV batch on 2026-09-12; normalized site was not present in the base workbook | scraping ease: Moderate | add as a new scrape target and crawler-creation candidate
JERO,chad,2.0,FNB_LIKELY,LAST_TRY_FAILED,soukabir_td,https://soukabir.com/,soukabir.com,SKIP / DNSError,Generated as a crawler-ready manifest by Will's 2026-09-11 handover but it fails the enumerability gate on live probe (DNSError). Not merged into configs: a manifest that cannot enumerate returns zero rows forever.
JERO,chad,2.0,FNB_LIKELY,LAST_TRY_FAILED,achetepourmoi_eu,https://achetepourmoi.eu/,achetepourmoi.eu,SKIP / CHILD-TASK-BLOCKED,Will's 2026-09-11 handover classified this blocked or not viable. Not re-probed here.
JERO,chad,2.0,FNB_LIKELY,LAST_TRY_FAILED,adsize_td_market_context,https://adsize.io/fr/geo/td/,adsize.io,SKIP / CHILD-TASK-BLOCKED,Will's 2026-09-11 handover classified this blocked or not viable. Not re-probed here.
JERO,chad,2.0,FNB_LIKELY,LAST_TRY_FAILED,amadafrique_chad_origin_products,https://amadafrique.com/p/poudre-de-chebe-100-original-du-tchad,amadafrique.com,SKIP / CHILD-TASK-BLOCKED,Will's 2026-09-11 handover classified this blocked or not viable. Not re-probed here.
JERO,chad,2.0,FNB_LIKELY,LAST_TRY_FAILED,camel_milk_ndjamena_research,https://www.researchgate.net/publication/375884113_Le_lait_comme_facteur_de_securisation_des_chameliers_en_zone_periurbaine_de_N%27Djamena_au_Tchad,researchgate.net,SKIP / CHILD-TASK-BLOCKED,Will's 2026-09-11 handover classified this blocked or not viable. Not re-probed here.
JERO,chad,2.0,FNB_LIKELY,LAST_TRY_FAILED,chadito_app,https://mwm.ai/fr/apps/chadito/6757854742,mwm.ai,SKIP / CHILD-TASK-BLOCKED,Will's 2026-09-11 handover classified this blocked or not viable. Not re-probed here.
JERO,chad,2.0,FNB_LIKELY,LAST_TRY_FAILED,ets_mistaguide_td,https://mistaguide.vercel.app/,mistaguide.vercel.app,SKIP / CHILD-TASK-BLOCKED,Will's 2026-09-11 handover classified this blocked or not viable. Not re-probed here.
JERO,chad,2.0,FNB_LIKELY,LAST_TRY_FAILED,jexpert_aderinet,https://www.jexpert.net/,jexpert.net,SKIP / CHILD-TASK-BLOCKED,Will's 2026-09-11 handover classified this blocked or not viable. Not re-probed here.
JERO,chad,2.0,FNB_LIKELY,LAST_TRY_FAILED,kasoua_net,https://kasoua.net/,kasoua.net,SKIP / CHILD-TASK-BLOCKED,Will's 2026-09-11 handover classified this blocked or not viable. Not re-probed here.
JERO,chad,2.0,FNB_LIKELY,LAST_TRY_FAILED,muslimahmall_chad_encens,https://muslimahmall.ci/produit/encens-tchad-en-boule-elegance-au-quotidien-323,muslimahmall.ci,SKIP / CHILD-TASK-BLOCKED,Will's 2026-09-11 handover classified this blocked or not viable. Not re-probed here.
JERO,chad,2.0,FNB_LIKELY,LAST_TRY_FAILED,ndjamenamall_com,,nan,SKIP / CHILD-TASK-BLOCKED,Will's 2026-09-11 handover classified this blocked or not viable. Not re-probed here.
JERO,chad,2.0,FNB_LIKELY,LAST_TRY_FAILED,restaurant_dardar_td,https://restaurant-dardar.com/,restaurant-dardar.com,SKIP / CHILD-TASK-BLOCKED,Will's 2026-09-11 handover classified this blocked or not viable. Not re-probed here.
JERO,chad,2.0,FNB_LIKELY,LAST_TRY_FAILED,world_prices_ndjamena,https://world-prices.com/fr/chad/prix/n-djamena,world-prices.com,SKIP / CHILD-TASK-BLOCKED,Will's 2026-09-11 handover classified this blocked or not viable. Not re-probed here.
JERO,chad,2.0,FNB_LIKELY,PENDING,banabaana_td,https://www.banabaana.com/pays-224-Tchad,banabaana.com,P2 - queue / NEEDS-CUSTOM-CRAWLER,"Will's 2026-09-11 handover found price evidence but no standard platform API, so it needs a bespoke spider. Never built or live-tested."
JERO,chad,2.0,FNB_LIKELY,PENDING,belivay_cemac_td,https://belivay.com/product/70?mock=1,belivay.com,P2 - queue / NEEDS-CUSTOM-CRAWLER,"Will's 2026-09-11 handover found price evidence but no standard platform API, so it needs a bespoke spider. Never built or live-tested."
JERO,chad,2.0,FNB_LIKELY,PENDING,daarishop_fr,https://daarishop.fr/,daarishop.fr,P2 - queue / NEEDS-CUSTOM-CRAWLER,"Will's 2026-09-11 handover found price evidence but no standard platform API, so it needs a bespoke spider. Never built or live-tested."
JERO,chad,2.0,FNB_LIKELY,PENDING,mssk_app,https://www.mssk.app/,mssk.app,P2 - queue / NEEDS-CUSTOM-CRAWLER,"Will's 2026-09-11 handover found price evidence but no standard platform API, so it needs a bespoke spider. Never built or live-tested."
JERO,chad,2.0,FNB_LIKELY,PENDING,rpm412_kalcal_td,https://app.rpm412.com/,app.rpm412.com,P2 - queue / NEEDS-CUSTOM-CRAWLER,"Will's 2026-09-11 handover found price evidence but no standard platform API, so it needs a bespoke spider. Never built or live-tested."
JERO,chad,2.0,FNB_LIKELY,PENDING,sahelpackage_td,https://sahelpackage.lovable.app/,sahelpackage.lovable.app,P2 - queue / NEEDS-CUSTOM-CRAWLER,"Will's 2026-09-11 handover found price evidence but no standard platform API, so it needs a bespoke spider. Never built or live-tested."
JERO,chad,2.0,FNB_LIKELY,PENDING,shamsconnect_menu_td,https://shamsconnect.com/menu,shamsconnect.com,P2 - queue / NEEDS-CUSTOM-CRAWLER,"Will's 2026-09-11 handover found price evidence but no standard platform API, so it needs a bespoke spider. Never built or live-tested."
JERO,chad,2.0,FNB_LIKELY,PENDING,sultana_market_td,https://sultana-market.com/marketplace,sultana-market.com,P2 - queue / NEEDS-CUSTOM-CRAWLER,"Will's 2026-09-11 handover found price evidence but no standard platform API, so it needs a bespoke spider. Never built or live-tested."
JERO,chad,2.0,FNB_LIKELY,PENDING,iambeezy_chad_price_blog,https://blog.iambeezy.app/fr/panier-moins-cher-ndjamena-2026/,blog.iambeezy.app,P3 - queue / NEEDS-REVIEW,"Will's 2026-09-11 handover flagged this ambiguous (country, currency or price-surface unclear). Needs manual review before any scaffolding."
JERO,chad,2.0,FNB_LIKELY,PENDING,perle_tchadienne_social,https://www.globuya.com/TD/N%27djamena/107648624603360/Perle-tchadienne-SARL,globuya.com,P3 - queue / NEEDS-REVIEW,"Will's 2026-09-11 handover flagged this ambiguous (country, currency or price-surface unclear). Needs manual review before any scaffolding."
JERO,eswatini,3.0,FNB_LIKELY,LAST_TRY_FAILED,hs_co_sz,https://hs.co.sz/index.php?limit=50&order=ASC&path=105_62_109&route=product%2Fcategory&sort=p.price,hs.co.sz,SKIP / EMPTY-CATALOG,Generated as a crawler-ready manifest by Will's 2026-09-11 handover but it fails the enumerability gate on live probe (EMPTY-CATALOG). Not merged into configs: a manifest that cannot enumerate returns zero rows forever.
JERO,eswatini,3.0,FNB_LIKELY,LAST_TRY_FAILED,agrinfosystems_gov_sz,https://www.agrinfosystems.gov.sz/index.php,agrinfosystems.gov.sz,SKIP / CHILD-TASK-BLOCKED,Will's 2026-09-11 handover classified this blocked or not viable. Not re-probed here.
JERO,eswatini,3.0,FNB_LIKELY,LAST_TRY_FAILED,buyeswatini_com_printing_services,https://buyeswatini.com/product/printing-all-sizes-a4-a3-a2-a1-a0-a0/,buyeswatini.com,SKIP / CHILD-TASK-BLOCKED,Will's 2026-09-11 handover classified this blocked or not viable. Not re-probed here.
JERO,eswatini,3.0,FNB_LIKELY,LAST_TRY_FAILED,cartsenga,https://www.cartsenga.com/,cartsenga.com,SKIP / CHILD-TASK-BLOCKED,Will's 2026-09-11 handover classified this blocked or not viable. Not re-probed here.
JERO,eswatini,3.0,FNB_LIKELY,LAST_TRY_FAILED,eswatiniwire,https://www.eswatiniwire.com/site/category/8/products/64/items,eswatiniwire.com,SKIP / CHILD-TASK-BLOCKED,Will's 2026-09-11 handover classified this blocked or not viable. Not re-probed here.
JERO,eswatini,3.0,FNB_LIKELY,LAST_TRY_FAILED,imvelo_marketplace,https://imvelomarketplace.vercel.app/,imvelomarketplace.vercel.app,SKIP / CHILD-TASK-BLOCKED,Will's 2026-09-11 handover classified this blocked or not viable. Not re-probed here.
JERO,eswatini,3.0,FNB_LIKELY,LAST_TRY_FAILED,nuafricacashandcarry,https://www.nuafricacashandcarry.com/item/pallets,nuafricacashandcarry.com,SKIP / CHILD-TASK-BLOCKED,Will's 2026-09-11 handover classified this blocked or not viable. Not re-probed here.
JERO,eswatini,3.0,FNB_LIKELY,LAST_TRY_FAILED,picknpayeswatini_online_catalog,https://picknpayeswatini.com/,picknpayeswatini.com,SKIP / CHILD-TASK-BLOCKED,Will's 2026-09-11 handover classified this blocked or not viable. Not re-probed here.
JERO,eswatini,3.0,FNB_LIKELY,LAST_TRY_FAILED,specsavers_eswatini,https://www.eswatini.specsavers.co.za/,eswatini.specsavers.co.za,SKIP / CHILD-TASK-BLOCKED,Will's 2026-09-11 handover classified this blocked or not viable. Not re-probed here.
JERO,eswatini,3.0,FNB_LIKELY,LAST_TRY_FAILED,torgaoptical_swaziland_bhunu_mall,https://torgaoptical.co.za/swaziland-91,torgaoptical.co.za,SKIP / CHILD-TASK-BLOCKED,Will's 2026-09-11 handover classified this blocked or not viable. Not re-probed here.
JERO,eswatini,3.0,FNB_LIKELY,PENDING,buyeswatini_shop,https://www.buyeswatini.shop/291/Product/All,buyeswatini.shop,P2 - queue / NEEDS-CUSTOM-CRAWLER,"Will's 2026-09-11 handover found price evidence but no standard platform API, so it needs a bespoke spider. Never built or live-tested."
JERO,eswatini,3.0,FNB_LIKELY,PENDING,eswatini_observer_classifieds_prices,https://fliphtml5.com/xoczu/Eswatini-Observer-August-22-2026-edition/,fliphtml5.com,P2 - queue / NEEDS-CUSTOM-CRAWLER,"Will's 2026-09-11 handover found price evidence but no standard platform API, so it needs a bespoke spider. Never built or live-tested."
JERO,eswatini,3.0,FNB_LIKELY,PENDING,imali_smart_marketplace,https://storkvelkonnect.co.za/marketplace,storkvelkonnect.co.za,P2 - queue / NEEDS-CUSTOM-CRAWLER,"Will's 2026-09-11 handover found price evidence but no standard platform API, so it needs a bespoke spider. Never built or live-tested."
JERO,eswatini,3.0,FNB_LIKELY,PENDING,marketsquare_cars,https://marketsquare.co.sz/getlisted/used-cars.php,marketsquare.co.sz,P2 - queue / NEEDS-CUSTOM-CRAWLER,"Will's 2026-09-11 handover found price evidence but no standard platform API, so it needs a bespoke spider. Never built or live-tested."
JERO,eswatini,3.0,FNB_LIKELY,PENDING,newflagshop_eswatini_flags,https://newflagshop.com/shop/by-letter/e-g/eswatini/,newflagshop.com,P2 - queue / NEEDS-CUSTOM-CRAWLER,"Will's 2026-09-11 handover found price evidence but no standard platform API, so it needs a bespoke spider. Never built or live-tested."
JERO,eswatini,3.0,FNB_LIKELY,PENDING,patos_co_za,https://patos.co.za/,patos.co.za,P2 - queue / NEEDS-CUSTOM-CRAWLER,"Will's 2026-09-11 handover found price evidence but no standard platform API, so it needs a bespoke spider. Never built or live-tested."
JERO,eswatini,3.0,FNB_LIKELY,PENDING,shoprite_specials_eswatini,https://specials.shoprite.co.sz/deals/szlowpricesavings01sep14sep2025/,specials.shoprite.co.sz,P2 - queue / NEEDS-CUSTOM-CRAWLER,"Will's 2026-09-11 handover found price evidence but no standard platform API, so it needs a bespoke spider. Never built or live-tested."
JERO,eswatini,3.0,FNB_LIKELY,PENDING,timototraders,https://timototraders.co.za/,timototraders.co.za,P2 - queue / NEEDS-CUSTOM-CRAWLER,"Will's 2026-09-11 handover found price evidence but no standard platform API, so it needs a bespoke spider. Never built or live-tested."
JERO,eswatini,3.0,FNB_LIKELY,PENDING,eswatini_tfolamarket,https://tfolamarket.com/products?category=groceries,tfolamarket.com,P2 - queue / NEEDS-CUSTOM-CRAWLER,Downloaded CSV batch on 2026-09-12; normalized site was not present in the base workbook | scraping ease: Moderate | add as a new scrape target and crawler-creation candidate
JERO,eswatini,3.0,FNB_LIKELY,PENDING,eswatini_spareswatini_sz,https://www.spareswatini.co.sz/,spareswatini.co.sz,P2 - queue / NEEDS-CUSTOM-CRAWLER,Downloaded CSV batch on 2026-09-12; normalized site was not present in the base workbook | scraping ease: Moderate | add as a new scrape target and crawler-creation candidate
JERO,botswana,5.0,FNB_LIKELY,LAST_TRY_FAILED,hoodmarket_liquor_bw,https://www.hoodmarket.com/collections/alcoholic-beverages,hoodmarket.com,SKIP / HTTP-402,Generated as a crawler-ready manifest by Will's 2026-09-11 handover but it fails the enumerability gate on live probe (HTTP-402). Not merged into configs: a manifest that cannot enumerate returns zero rows forever.
JERO,botswana,5.0,FNB_LIKELY,LAST_TRY_FAILED,fours_online_bw,https://foursonline.co.bw/,foursonline.co.bw,SKIP / CHILD-TASK-BLOCKED,Will's 2026-09-11 handover classified this blocked or not viable. Not re-probed here.
JERO,botswana,5.0,FNB_LIKELY,LAST_TRY_FAILED,tswanagas_bw,https://tswanagas.co.bw/aboutus.php,tswanagas.co.bw,SKIP / CHILD-TASK-BLOCKED,Will's 2026-09-11 handover classified this blocked or not viable. Not re-probed here.
JERO,botswana,5.0,FNB_LIKELY,PENDING,barcodesbotswana,https://barcodesbotswana.com/shop/,barcodesbotswana.com,P2 - queue / NEEDS-CUSTOM-CRAWLER,"Will's 2026-09-11 handover found price evidence but no standard platform API, so it needs a bespoke spider. Never built or live-tested."
JERO,botswana,5.0,FNB_LIKELY,PENDING,citymews_rates,https://citymews.co.bw/rates/,citymews.co.bw,P2 - queue / NEEDS-CUSTOM-CRAWLER,"Will's 2026-09-11 handover found price evidence but no standard platform API, so it needs a bespoke spider. Never built or live-tested."
JERO,botswana,5.0,FNB_LIKELY,PENDING,cottoncloud_social,https://www.findglocal.com/BW/Gaborone/287264445424852/Cotton-Cloud,findglocal.com,P2 - queue / NEEDS-CUSTOM-CRAWLER,"Will's 2026-09-11 handover found price evidence but no standard platform API, so it needs a bespoke spider. Never built or live-tested."
JERO,botswana,5.0,FNB_LIKELY,PENDING,desertcart_botswana,https://botswana.desertcart.com/,botswana.desertcart.com,P2 - queue / NEEDS-CUSTOM-CRAWLER,"Will's 2026-09-11 handover found price evidence but no standard platform API, so it needs a bespoke spider. Never built or live-tested."
JERO,botswana,5.0,FNB_LIKELY,PENDING,lionpark_restaurant_menu,https://www.lionpark.co.bw/restuarant-menu/,lionpark.co.bw,P2 - queue / NEEDS-CUSTOM-CRAWLER,"Will's 2026-09-11 handover found price evidence but no standard platform API, so it needs a bespoke spider. Never built or live-tested."
JERO,botswana,5.0,FNB_LIKELY,PENDING,monko_perfumes_bw,https://www.monkoperfumes.co.bw/shop,monkoperfumes.co.bw,P2 - queue / NEEDS-CUSTOM-CRAWLER,"Will's 2026-09-11 handover found price evidence but no standard platform API, so it needs a bespoke spider. Never built or live-tested."
JERO,botswana,5.0,FNB_LIKELY,PENDING,mpatise_seedlings,https://mpatise.com/agric/esales/crop/nsale.php,mpatise.com,P2 - queue / NEEDS-CUSTOM-CRAWLER,"Will's 2026-09-11 handover found price evidence but no standard platform API, so it needs a bespoke spider. Never built or live-tested."
JERO,botswana,5.0,FNB_LIKELY,PENDING,musimboti_bw,https://www.musimboti.co.bw/,musimboti.co.bw,P2 - queue / NEEDS-CUSTOM-CRAWLER,"Will's 2026-09-11 handover found price evidence but no standard platform API, so it needs a bespoke spider. Never built or live-tested."
JERO,botswana,5.0,FNB_LIKELY,PENDING,naba_energy_lpg,https://nabaenergy.co.bw/products/lpg-gas/,nabaenergy.co.bw,P2 - queue / NEEDS-CUSTOM-CRAWLER,"Will's 2026-09-11 handover found price evidence but no standard platform API, so it needs a bespoke spider. Never built or live-tested."
JERO,botswana,5.0,FNB_LIKELY,PENDING,oceanbasket_botswana_menu,https://botswana.oceanbasket.com/menu/main/,botswana.oceanbasket.com,P2 - queue / NEEDS-CUSTOM-CRAWLER,"Will's 2026-09-11 handover found price evidence but no standard platform API, so it needs a bespoke spider. Never built or live-tested."
JERO,botswana,5.0,FNB_LIKELY,PENDING,shieldvet_bw,https://www.shield.co.bw/vet/,shield.co.bw,P2 - queue / NEEDS-CUSTOM-CRAWLER,"Will's 2026-09-11 handover found price evidence but no standard platform API, so it needs a bespoke spider. Never built or live-tested."
JERO,botswana,5.0,FNB_LIKELY,PENDING,shoprite_specials_bw,https://specials.shoprite.co.bw/deals/,specials.shoprite.co.bw,P2 - queue / NEEDS-CUSTOM-CRAWLER,"Will's 2026-09-11 handover found price evidence but no standard platform API, so it needs a bespoke spider. Never built or live-tested."
JERO,botswana,5.0,FNB_LIKELY,PENDING,thefellasden_bw,https://thefellasden.co.bw/,thefellasden.co.bw,P2 - queue / NEEDS-CUSTOM-CRAWLER,"Will's 2026-09-11 handover found price evidence but no standard platform API, so it needs a bespoke spider. Never built or live-tested."
JERO,botswana,5.0,FNB_LIKELY,PENDING,anaconda_store_bw,https://anacondastore.com/,anacondastore.com,P3 - queue / NEEDS-REVIEW,"Will's 2026-09-11 handover flagged this ambiguous (country, currency or price-surface unclear). Needs manual review before any scaffolding."
JERO,botswana,5.0,FNB_LIKELY,PENDING,bocra_tariffs,https://www.bocra.org.bw/tariffs-0,bocra.org.bw,P3 - queue / NEEDS-REVIEW,"Will's 2026-09-11 handover flagged this ambiguous (country, currency or price-surface unclear). Needs manual review before any scaffolding."
JERO,botswana,5.0,FNB_LIKELY,PENDING,bwtenders_services,https://bwtenders.co.bw/,bwtenders.co.bw,P3 - queue / NEEDS-REVIEW,"Will's 2026-09-11 handover flagged this ambiguous (country, currency or price-surface unclear). Needs manual review before any scaffolding."
JERO,botswana,5.0,FNB_LIKELY,PENDING,dita_holdings_products,https://www.ditaholdings.net/products,ditaholdings.net,P3 - queue / NEEDS-REVIEW,"Will's 2026-09-11 handover flagged this ambiguous (country, currency or price-surface unclear). Needs manual review before any scaffolding."
JERO,botswana,5.0,FNB_LIKELY,PENDING,game_bw_pricemate_catalogue,https://demo.pricemate.info/says/bw/what-a-basic-basket-costs-in-botswana?lang=en,demo.pricemate.info,P3 - queue / NEEDS-REVIEW,"Will's 2026-09-11 handover flagged this ambiguous (country, currency or price-surface unclear). Needs manual review before any scaffolding."
JERO,botswana,5.0,FNB_LIKELY,PENDING,haskins_hardware_bw,https://haskinshardware.co.bw/,haskinshardware.co.bw,P3 - queue / NEEDS-REVIEW,"Will's 2026-09-11 handover flagged this ambiguous (country, currency or price-surface unclear). Needs manual review before any scaffolding."
JERO,botswana,5.0,FNB_LIKELY,PENDING,marcs_eatery_maun,https://www.marcseatery.com/online-ordering,marcseatery.com,P3 - queue / NEEDS-REVIEW,"Will's 2026-09-11 handover flagged this ambiguous (country, currency or price-surface unclear). Needs manual review before any scaffolding."
JERO,botswana,5.0,FNB_LIKELY,PENDING,pets_home_social_bw,https://www.voofla.com/BW/Gaborone/107465977880334/Pets-%26-Home,voofla.com,P3 - queue / NEEDS-REVIEW,"Will's 2026-09-11 handover flagged this ambiguous (country, currency or price-surface unclear). Needs manual review before any scaffolding."
JERO,botswana,5.0,FNB_LIKELY,PENDING,sefalana_main_specials,https://sefalana.co.bw/,sefalana.co.bw,P3 - queue / NEEDS-REVIEW,"Will's 2026-09-11 handover flagged this ambiguous (country, currency or price-surface unclear). Needs manual review before any scaffolding."
JERO,botswana,5.0,FNB_LIKELY,PENDING,shopbotswana_artisans,https://shopbotswana.com/products,shopbotswana.com,P3 - queue / NEEDS-REVIEW,"Will's 2026-09-11 handover flagged this ambiguous (country, currency or price-surface unclear). Needs manual review before any scaffolding."
JERO,botswana,5.0,FNB_LIKELY,PENDING,spar_bw_pricemate_flyers,https://pricemate.co.za/insights/botswana-grocery-price-comparison,pricemate.co.za,P3 - queue / NEEDS-REVIEW,"Will's 2026-09-11 handover flagged this ambiguous (country, currency or price-surface unclear). Needs manual review before any scaffolding."
JERO,botswana,5.0,FNB_LIKELY,PENDING,spar_bw_specials,https://spar.co.bw/specials/,spar.co.bw,P3 - queue / NEEDS-REVIEW,"Will's 2026-09-11 handover flagged this ambiguous (country, currency or price-surface unclear). Needs manual review before any scaffolding."
JERO,botswana,5.0,FNB_LIKELY,PENDING,specsavers_bw,https://www.specsaversbotswana.co.bw/shop/ladies,specsaversbotswana.co.bw,P3 - queue / NEEDS-REVIEW,"Will's 2026-09-11 handover flagged this ambiguous (country, currency or price-surface unclear). Needs manual review before any scaffolding."
JERO,botswana,5.0,FNB_LIKELY,PENDING,westdraytonbrands_bw,https://www.westdraytonbrands.co.bw/,westdraytonbrands.co.bw,P3 - queue / NEEDS-REVIEW,"Will's 2026-09-11 handover flagged this ambiguous (country, currency or price-surface unclear). Needs manual review before any scaffolding."
JERO,botswana,5.0,FNB_LIKELY,PENDING,botswana_choppies_bw,https://choppies.co.bw/,choppies.co.bw,P2 - queue / NEEDS-CUSTOM-CRAWLER,Downloaded CSV batch on 2026-09-12; normalized site was not present in the base workbook | scraping ease: Moderate | add as a new scrape target and crawler-creation candidate
JERO,botswana,5.0,FNB_LIKELY,PENDING,botswana_echoppies,https://echoppies.com/,echoppies.com,P2 - queue / NEEDS-CUSTOM-CRAWLER,Downloaded CSV batch on 2026-09-12; normalized site was not present in the base workbook | scraping ease: Easy | add as a new scrape target and crawler-creation candidate
JERO,botswana,5.0,FNB_LIKELY,PENDING,botswana_livingcostindex_info,https://livingcostindex.info/groceries/gaborone,livingcostindex.info,P2 - queue / NEEDS-CUSTOM-CRAWLER,Downloaded CSV batch on 2026-09-12; normalized site was not present in the base workbook | scraping ease: Easy | add as a new scrape target and crawler-creation candidate
JERO,libya,6.0,FNB_LIKELY,PENDING,Nawris,https://nawris.net/,nawris.net,P2 - queue / ACCEPT,"Candidate found in the 2026-08-31 sourcing round, never built. build_tier=not scored; scrapability=nan; class=Custom"
JERO,libya,6.0,FNB_LIKELY,PENDING,Ubuy Libya storefront,https://www.ubuy.com.ly/,ubuy.com.ly,P3 - backlog / Access check,"Candidate found in the 2026-08-31 sourcing round, never built. build_tier=D - hard / app / index only; scrapability=nan; class=Cross-border marketplace"
JERO,libya,6.0,FNB_LIKELY,PENDING,Watti,https://watti.ly/,watti.ly,P2 - queue / ACCEPT,"Candidate found in the 2026-08-31 sourcing round, never built. build_tier=not scored; scrapability=nan; class=Custom"
JERO,libya,6.0,FNB_LIKELY,LAST_TRY_FAILED,beetclean_ly,https://beetclean.ly/,beetclean.ly,SKIP / CHILD-TASK-BLOCKED,Will's 2026-09-11 handover classified this blocked or not viable. Not re-probed here.
JERO,libya,6.0,FNB_LIKELY,LAST_TRY_FAILED,ekodii_libya,https://ekodii.com/market/libya,ekodii.com,SKIP / CHILD-TASK-BLOCKED,Will's 2026-09-11 handover classified this blocked or not viable. Not re-probed here.
JERO,libya,6.0,FNB_LIKELY,PENDING,nashrah_ly,https://nashrah.ly/,nashrah.ly,P2 - queue / NEEDS-CUSTOM-CRAWLER,"Will's 2026-09-11 handover found price evidence but no standard platform API, so it needs a bespoke spider. Never built or live-tested."
JERO,liechtenstein,9.0,FNB_LIKELY,LAST_TRY_FAILED,hofladen-express.ch,,nan,SKIP / DEAD-SITE,"Unreachable / no online storefront exists (dead candidate, not a WAF) — domain has been squatted: every path resolves 200 but serves a ""Dragonia Casino Online"" gambling-affiliate page (Google Fonts preconnects, generic casino CSS classes), not the farm-shop. Genuinely dead per rule 13 (expired domain + injected spam), not a WAF. The service may still operate through the multi-vendor `laedelishop.ch` marketplace (Zurich-based operator, WooCommerce, has an ""Essen & Trinken"" food category) under a ""Hofladen Express"" vendor listing, but that platform's own Liechtenstein-delivery scope was not independently verifiable in the time budgeted this wave — not built."
JERO,liechtenstein,9.0,FNB_LIKELY,PENDING,Coop / Migros (via CH),https://www.coop.ch/,coop.ch,P3 - backlog / SUSPECT,"Candidate found in the 2026-08-31 sourcing round, never built. build_tier=D - hard / app / index only; scrapability=2.0; class=Custom/Enterprise"
JERO,liechtenstein,9.0,FNB_LIKELY,LAST_TRY_FAILED,spar_li_spar_ch,https://www.spar.ch/,spar.ch,SKIP / CHILD-TASK-BLOCKED,Will's 2026-09-11 handover classified this blocked or not viable. Not re-probed here.
JERO,liechtenstein,9.0,FNB_LIKELY,PENDING,lehni_ch,https://shop.lehni.ch/produkte.html,shop.lehni.ch,P2 - queue / NEEDS-CUSTOM-CRAWLER,"Will's 2026-09-11 handover found price evidence but no standard platform API, so it needs a bespoke spider. Never built or live-tested."
JERO,south_sudan,14.0,FNB_LIKELY,LAST_TRY_FAILED,higromall_ss,https://higromall.com/,higromall.com,SKIP / JSONDecodeError,Generated as a crawler-ready manifest by Will's 2026-09-11 handover but it fails the enumerability gate on live probe (JSONDecodeError). Not merged into configs: a manifest that cannot enumerate returns zero rows forever.
JERO,south_sudan,14.0,FNB_LIKELY,LAST_TRY_FAILED,hot_pizza_pages_dev_ss,https://fresh-hot-pizza.pages.dev/,fresh-hot-pizza.pages.dev,SKIP / CHILD-TASK-BLOCKED,Will's 2026-09-11 handover classified this blocked or not viable. Not re-probed here.
JERO,south_sudan,14.0,FNB_LIKELY,LAST_TRY_FAILED,rababa_juba_menu_ss,https://rababajuba.com/,rababajuba.com,SKIP / CHILD-TASK-BLOCKED,Will's 2026-09-11 handover classified this blocked or not viable. Not re-probed here.
JERO,south_sudan,14.0,FNB_LIKELY,LAST_TRY_FAILED,velvet_ora_global_store,https://velvet-ora.com/,velvet-ora.com,SKIP / CHILD-TASK-BLOCKED,Will's 2026-09-11 handover classified this blocked or not viable. Not re-probed here.
JERO,south_sudan,14.0,FNB_LIKELY,PENDING,arialbeek_books_ss,https://www.arialbeek.com/,arialbeek.com,P2 - queue / NEEDS-CUSTOM-CRAWLER,"Will's 2026-09-11 handover found price evidence but no standard platform API, so it needs a bespoke spider. Never built or live-tested."
JERO,south_sudan,14.0,FNB_LIKELY,PENDING,dukaanye_ss,https://www.dukaanye.com/category/arts-crafts?item=category,dukaanye.com,P2 - queue / NEEDS-CUSTOM-CRAWLER,"Will's 2026-09-11 handover found price evidence but no standard platform API, so it needs a bespoke spider. Never built or live-tested."
JERO,south_sudan,14.0,FNB_LIKELY,PENDING,tmgrills_juba_menu_ss,https://tmgrills.com/,tmgrills.com,P2 - queue / NEEDS-CUSTOM-CRAWLER,"Will's 2026-09-11 handover found price evidence but no standard platform API, so it needs a bespoke spider. Never built or live-tested."
JERO,south_sudan,14.0,FNB_LIKELY,PENDING,doyoom_food_delivery_ss,https://doyoom.com/,doyoom.com,P3 - queue / NEEDS-REVIEW,"Will's 2026-09-11 handover flagged this ambiguous (country, currency or price-surface unclear). Needs manual review before any scaffolding."
JERO,south_sudan,14.0,FNB_LIKELY,PENDING,south_sudan_africasuk,https://www.africasuk.com/,africasuk.com,P2 - queue / NEEDS-CUSTOM-CRAWLER,Downloaded CSV batch on 2026-09-12; normalized site was not present in the base workbook | scraping ease: Moderate | add as a new scrape target and crawler-creation candidate
JERO,south_sudan,14.0,FNB_LIKELY,PENDING,south_sudan_junubmarket,https://www.junubmarket.com/products,junubmarket.com,P2 - queue / NEEDS-CUSTOM-CRAWLER,Downloaded CSV batch on 2026-09-12; normalized site was not present in the base workbook | scraping ease: Easy | add as a new scrape target and crawler-creation candidate
JERO,marshall_islands,17.0,FNB_LIKELY,LAST_TRY_FAILED,bemarshallesebuymarshallese,https://bemarshallesebuymarshallese.com/shop/marshallese-local-foods.html?cat=10,bemarshallesebuymarshallese.com,SKIP / CHILD-TASK-BLOCKED,Will's 2026-09-11 handover classified this blocked or not viable. Not re-probed here.
JERO,marshall_islands,17.0,FNB_LIKELY,LAST_TRY_FAILED,kunibetsu_basic_prescription_glasses_mh,https://kunibetsu.com/price/basic-prescription-glasses/mh,kunibetsu.com,SKIP / CHILD-TASK-BLOCKED,Will's 2026-09-11 handover classified this blocked or not viable. Not re-probed here.
JERO,marshall_islands,17.0,FNB_LIKELY,LAST_TRY_FAILED,kupi_majuro_travel_guide,https://www.kupi.com/en/explore/marshall-islands/majuro,kupi.com,SKIP / CHILD-TASK-BLOCKED,Will's 2026-09-11 handover classified this blocked or not viable. Not re-probed here.
JERO,marshall_islands,17.0,FNB_LIKELY,LAST_TRY_FAILED,marshall_islands_creator_spring,https://marshall-islands.creator-spring.com/apparel,marshall-islands.creator-spring.com,SKIP / CHILD-TASK-BLOCKED,Will's 2026-09-11 handover classified this blocked or not viable. Not re-probed here.
JERO,marshall_islands,17.0,FNB_LIKELY,LAST_TRY_FAILED,noonsite_marshall_islands_cruisers,https://www.noonsite.com/report/marshall-islands-essential-information-for-cruisers/,noonsite.com,SKIP / CHILD-TASK-BLOCKED,Will's 2026-09-11 handover classified this blocked or not viable. Not re-probed here.
JERO,marshall_islands,17.0,FNB_LIKELY,LAST_TRY_FAILED,peppaca_jml_creation,https://peppaca.com/stores/jml-creation,peppaca.com,SKIP / CHILD-TASK-BLOCKED,Will's 2026-09-11 handover classified this blocked or not viable. Not re-probed here.
JERO,marshall_islands,17.0,FNB_LIKELY,LAST_TRY_FAILED,pic_japan_rmi_guidebook,https://pic.or.jp/ebook/rmi/pageindices/index26.html,pic.or.jp,SKIP / CHILD-TASK-BLOCKED,Will's 2026-09-11 handover classified this blocked or not viable. Not re-probed here.
JERO,marshall_islands,17.0,FNB_LIKELY,LAST_TRY_FAILED,trademo_ez_price_imports,https://www.trademo.com/companies/ez-price-mart/49219436,trademo.com,SKIP / CHILD-TASK-BLOCKED,Will's 2026-09-11 handover classified this blocked or not viable. Not re-probed here.
JERO,marshall_islands,17.0,FNB_LIKELY,LAST_TRY_FAILED,volza_marshall_import_buyer_directories,https://www.volza.com/p/hsn-code-200990/buyers-directory/buyers-in-marshall-islands/,volza.com,SKIP / CHILD-TASK-BLOCKED,Will's 2026-09-11 handover classified this blocked or not viable. Not re-probed here.
JERO,marshall_islands,17.0,FNB_LIKELY,PENDING,green_energy_solutions_enf_directory,https://www.enfsolar.com/directory/installer/Marshall%20Islands,enfsolar.com,P3 - queue / NEEDS-REVIEW,"Will's 2026-09-11 handover flagged this ambiguous (country, currency or price-surface unclear). Needs manual review before any scaffolding."
JERO,marshall_islands,17.0,FNB_LIKELY,PENDING,imf_cpi_technical_assistance_rmi,https://www.elibrary.imf.org/view/journals/019/2024/048/article-A001-en.xml,elibrary.imf.org,P3 - queue / NEEDS-REVIEW,"Will's 2026-09-11 handover flagged this ambiguous (country, currency or price-surface unclear). Needs manual review before any scaffolding."
JERO,marshall_islands,17.0,FNB_LIKELY,PENDING,infomarshallislands_food_page,https://www.infomarshallislands.com/food/,infomarshallislands.com,P3 - queue / NEEDS-REVIEW,"Will's 2026-09-11 handover flagged this ambiguous (country, currency or price-surface unclear). Needs manual review before any scaffolding."
JERO,marshall_islands,17.0,FNB_LIKELY,PENDING,island_eco,https://islandeco.com/,islandeco.com,P3 - queue / NEEDS-REVIEW,"Will's 2026-09-11 handover flagged this ambiguous (country, currency or price-surface unclear). Needs manual review before any scaffolding."
JERO,marshall_islands,17.0,FNB_LIKELY,PENDING,majuro_telephone_directory_retail_leads,https://www.scribd.com/document/456608664/NTA-Telephone-Directory,scribd.com,P3 - queue / NEEDS-REVIEW,"Will's 2026-09-11 handover flagged this ambiguous (country, currency or price-surface unclear). Needs manual review before any scaffolding."
JERO,marshall_islands,17.0,FNB_LIKELY,PENDING,marshall_islands_chamber_directory,https://rmichamber.info/directory,rmichamber.info,P3 - queue / NEEDS-REVIEW,"Will's 2026-09-11 handover flagged this ambiguous (country, currency or price-surface unclear). Needs manual review before any scaffolding."
JERO,marshall_islands,17.0,FNB_LIKELY,PENDING,marshall_japanese_travel_blogs_price_snippets,https://www.hana-tabi.com/marshall-islands/4929,hana-tabi.com,P3 - queue / NEEDS-REVIEW,"Will's 2026-09-11 handover flagged this ambiguous (country, currency or price-surface unclear). Needs manual review before any scaffolding."
JERO,marshall_islands,17.0,FNB_LIKELY,PENDING,rmi_embassy_taiwan_local_merchandise,https://www.rmiembassytw.com/local-merchandise,rmiembassytw.com,P3 - queue / NEEDS-REVIEW,"Will's 2026-09-11 handover flagged this ambiguous (country, currency or price-surface unclear). Needs manual review before any scaffolding."
JERO,marshall_islands,17.0,FNB_LIKELY,PENDING,marshall_islands_miscomarket,https://miscomarket.com/,miscomarket.com,P2 - queue / NEEDS-CUSTOM-CRAWLER,Downloaded CSV batch on 2026-09-12; normalized site was not present in the base workbook | scraping ease: Moderate | add as a new scrape target and crawler-creation candidate
JERO,kiribati,20.0,FNB_LIKELY,LAST_TRY_FAILED,central_pacific_producers_ltd,https://cppl.com.ki/services/product-sales.html,cppl.com.ki,SKIP / CHILD-TASK-BLOCKED,Will's 2026-09-11 handover classified this blocked or not viable. Not re-probed here.
JERO,kiribati,20.0,FNB_LIKELY,LAST_TRY_FAILED,etsy_kiribati_clothing,https://www.etsy.com/market/kiribati_clothing,etsy.com,SKIP / CHILD-TASK-BLOCKED,Will's 2026-09-11 handover classified this blocked or not viable. Not re-probed here.
JERO,kiribati,20.0,FNB_LIKELY,LAST_TRY_FAILED,findglocal_koznet_services,https://www.findglocal.com/ki/tarawa/148398-48,findglocal.com,SKIP / CHILD-TASK-BLOCKED,Will's 2026-09-11 handover classified this blocked or not viable. Not re-probed here.
JERO,kiribati,20.0,FNB_LIKELY,LAST_TRY_FAILED,kiribati_fish_limited_social_mirror,https://www.foodbevg.com/XX/Unknown/1030636487070212/Kiribati-Fish-Limited,foodbevg.com,SKIP / CHILD-TASK-BLOCKED,Will's 2026-09-11 handover classified this blocked or not viable. Not re-probed here.
JERO,kiribati,20.0,FNB_LIKELY,LAST_TRY_FAILED,kiritours_aggies_cake_snacks,https://www.kiritours.com/Business-Directory.html,kiritours.com,SKIP / CHILD-TASK-BLOCKED,Will's 2026-09-11 handover classified this blocked or not viable. Not re-probed here.
JERO,kiribati,20.0,FNB_LIKELY,LAST_TRY_FAILED,moel_trading,https://apteagency.wixsite.com/moel,apteagency.wixsite.com,SKIP / CHILD-TASK-BLOCKED,Will's 2026-09-11 handover classified this blocked or not viable. Not re-probed here.
JERO,kiribati,20.0,FNB_LIKELY,LAST_TRY_FAILED,peaksuphigh_country_selector,https://peaksuphigh.com/products/realistic-sinking-jointed-minnow-swimbait,peaksuphigh.com,SKIP / CHILD-TASK-BLOCKED,Will's 2026-09-11 handover classified this blocked or not viable. Not re-probed here.
JERO,kiribati,20.0,FNB_LIKELY,LAST_TRY_FAILED,ubuy_kiribati,https://www.ubuy.com.ki/en/,ubuy.com.ki,SKIP / CHILD-TASK-BLOCKED,Will's 2026-09-11 handover classified this blocked or not viable. Not re-probed here.
JERO,kiribati,20.0,FNB_LIKELY,LAST_TRY_FAILED,world_prices_hikersbay_numbeo_mirror,https://world-prices.com/en/kiribati/prices-food,world-prices.com,SKIP / CHILD-TASK-BLOCKED,Will's 2026-09-11 handover classified this blocked or not viable. Not re-probed here.
JERO,kiribati,20.0,FNB_LIKELY,PENDING,kirb_gebeya,https://kirbgebeya.com/search,kirbgebeya.com,P2 - queue / NEEDS-CUSTOM-CRAWLER,"Will's 2026-09-11 handover found price evidence but no standard platform API, so it needs a bespoke spider. Never built or live-tested."
JERO,kiribati,20.0,FNB_LIKELY,PENDING,seaweed_price_study,https://pmc.ncbi.nlm.nih.gov/articles/PMC7230817/,pmc.ncbi.nlm.nih.gov,P2 - queue / NEEDS-CUSTOM-CRAWLER,"Will's 2026-09-11 handover found price evidence but no standard platform API, so it needs a bespoke spider. Never built or live-tested."
JERO,kiribati,20.0,FNB_LIKELY,PENDING,walmart_kiribati_flag,https://www.walmart.com/ip/18495259566,walmart.com,P2 - queue / NEEDS-CUSTOM-CRAWLER,"Will's 2026-09-11 handover found price evidence but no standard platform API, so it needs a bespoke spider. Never built or live-tested."
JERO,kiribati,20.0,FNB_LIKELY,PENDING,henicki,https://henicki.com/,henicki.com,P3 - queue / NEEDS-REVIEW,"Will's 2026-09-11 handover flagged this ambiguous (country, currency or price-surface unclear). Needs manual review before any scaffolding."
JERO,kiribati,20.0,FNB_LIKELY,PENDING,jbr_trading_global,https://www.jbrtrading.com/,jbrtrading.com,P3 - queue / NEEDS-REVIEW,"Will's 2026-09-11 handover flagged this ambiguous (country, currency or price-surface unclear). Needs manual review before any scaffolding."
JERO,kiribati,20.0,FNB_LIKELY,PENDING,punjas_kiribati,https://punjas.com/companies,punjas.com,P3 - queue / NEEDS-REVIEW,"Will's 2026-09-11 handover flagged this ambiguous (country, currency or price-surface unclear). Needs manual review before any scaffolding."
JERO,kiribati,20.0,FNB_LIKELY,PENDING,slim_price_map,https://mapcarta.com/W467107487,mapcarta.com,P3 - queue / NEEDS-REVIEW,"Will's 2026-09-11 handover flagged this ambiguous (country, currency or price-surface unclear). Needs manual review before any scaffolding."
JERO,kiribati,20.0,FNB_LIKELY,PENDING,wishing_star_trade_data,https://en.nbd.ltd/trader/info/NBDD3Y529209169,en.nbd.ltd,P3 - queue / NEEDS-REVIEW,"Will's 2026-09-11 handover flagged this ambiguous (country, currency or price-surface unclear). Needs manual review before any scaffolding."
JERO,kiribati,20.0,FNB_LIKELY,PENDING,wishing_star_trading,https://wishingstartrading.com/,wishingstartrading.com,P3 - queue / NEEDS-REVIEW,"Will's 2026-09-11 handover flagged this ambiguous (country, currency or price-surface unclear). Needs manual review before any scaffolding."
JERO,sierra_leone,21.0,FNB_LIKELY,LAST_TRY_FAILED,brixtonvillage,https://brixtonvillage.com/,brixtonvillage.com,SKIP / CHILD-TASK-BLOCKED,Will's 2026-09-11 handover classified this blocked or not viable. Not re-probed here.
JERO,sierra_leone,21.0,FNB_LIKELY,LAST_TRY_FAILED,decker_shop,https://decker.shop/,decker.shop,SKIP / CHILD-TASK-BLOCKED,Will's 2026-09-11 handover classified this blocked or not viable. Not re-probed here.
JERO,sierra_leone,21.0,FNB_LIKELY,LAST_TRY_FAILED,kargosl,https://kargosl.com/,kargosl.com,SKIP / CHILD-TASK-BLOCKED,Will's 2026-09-11 handover classified this blocked or not viable. Not re-probed here.
JERO,sierra_leone,21.0,FNB_LIKELY,LAST_TRY_FAILED,motherlandgroceries,https://motherlandgroceries.com/,motherlandgroceries.com,SKIP / CHILD-TASK-BLOCKED,Will's 2026-09-11 handover classified this blocked or not viable. Not re-probed here.
JERO,sierra_leone,21.0,FNB_LIKELY,LAST_TRY_FAILED,shop_africanfoodsupermarket,https://shop.africanfoodsupermarket.com/,shop.africanfoodsupermarket.com,SKIP / CHILD-TASK-BLOCKED,Will's 2026-09-11 handover classified this blocked or not viable. Not re-probed here.
JERO,sierra_leone,21.0,FNB_LIKELY,LAST_TRY_FAILED,walmart_sierra_leone_keyword,https://www.walmart.com/ip/1501733423,walmart.com,SKIP / CHILD-TASK-BLOCKED,Will's 2026-09-11 handover classified this blocked or not viable. Not re-probed here.
JERO,sierra_leone,21.0,FNB_LIKELY,PENDING,akis_aid,https://akisaid.com/,akisaid.com,P2 - queue / NEEDS-CUSTOM-CRAWLER,"Will's 2026-09-11 handover found price evidence but no standard platform API, so it needs a bespoke spider. Never built or live-tested."
JERO,sierra_leone,21.0,FNB_LIKELY,PENDING,cokiesrestaurant,https://www.cokiesrestaurant.com/,cokiesrestaurant.com,P2 - queue / NEEDS-CUSTOM-CRAWLER,"Will's 2026-09-11 handover found price evidence but no standard platform API, so it needs a bespoke spider. Never built or live-tested."
JERO,sierra_leone,21.0,FNB_LIKELY,PENDING,denkoelectronics,https://denkoelectronics.websites.co.in/,denkoelectronics.websites.co.in,P2 - queue / NEEDS-CUSTOM-CRAWLER,"Will's 2026-09-11 handover found price evidence but no standard platform API, so it needs a bespoke spider. Never built or live-tested."
JERO,sierra_leone,21.0,FNB_LIKELY,PENDING,digisolsl_gift_card,https://www.digisolsl.com/gift-card,digisolsl.com,P2 - queue / NEEDS-CUSTOM-CRAWLER,"Will's 2026-09-11 handover found price evidence but no standard platform API, so it needs a bespoke spider. Never built or live-tested."
JERO,sierra_leone,21.0,FNB_LIKELY,PENDING,lor_clicks_reservation_menu,https://lor.clicks-reservation.com/MenuEn3.php?CategoryID=15,lor.clicks-reservation.com,P2 - queue / NEEDS-CUSTOM-CRAWLER,"Will's 2026-09-11 handover found price evidence but no standard platform API, so it needs a bespoke spider. Never built or live-tested."
JERO,sierra_leone,21.0,FNB_LIKELY,PENDING,shop2sitesl,https://www.shop2sitesl.com/,shop2sitesl.com,P2 - queue / NEEDS-CUSTOM-CRAWLER,"Will's 2026-09-11 handover found price evidence but no standard platform API, so it needs a bespoke spider. Never built or live-tested."
JERO,sierra_leone,21.0,FNB_LIKELY,PENDING,adobricgreenfields,https://www.adobricgreenfields.com/,adobricgreenfields.com,P3 - queue / NEEDS-REVIEW,"Will's 2026-09-11 handover flagged this ambiguous (country, currency or price-surface unclear). Needs manual review before any scaffolding."
JERO,sierra_leone,21.0,FNB_LIKELY,PENDING,kaloxstore,https://kaloxstore.com/product/tapalapa-long-bread/,kaloxstore.com,P3 - queue / NEEDS-REVIEW,"Will's 2026-09-11 handover flagged this ambiguous (country, currency or price-surface unclear). Needs manual review before any scaffolding."
JERO,sierra_leone,21.0,FNB_LIKELY,PENDING,sierra_leone_foodland_sl,https://foodland.sl/,foodland.sl,P2 - queue / NEEDS-CUSTOM-CRAWLER,Downloaded CSV batch on 2026-09-12; normalized site was not present in the base workbook | scraping ease: Easy | add as a new scrape target and crawler-creation candidate
JERO,congo_rep,22.0,FNB_LIKELY,PENDING,mokocg_cg,https://www.mokocg.com/,mokocg.com,P2 - queue / NEEDS-CUSTOM-CRAWLER,"Will's 2026-09-11 handover found price evidence but no standard platform API, so it needs a bespoke spider. Never built or live-tested."
JERO,congo_rep,22.0,FNB_LIKELY,PENDING,phancommerce_cg,https://phancommerce.com/,phancommerce.com,P2 - queue / NEEDS-CUSTOM-CRAWLER,"Will's 2026-09-11 handover found price evidence but no standard platform API, so it needs a bespoke spider. Never built or live-tested."
JERO,congo_rep,22.0,FNB_LIKELY,PENDING,ponton_shop_cg,https://ponton-shop.fr/,ponton-shop.fr,P2 - queue / NEEDS-CUSTOM-CRAWLER,"Will's 2026-09-11 handover found price evidence but no standard platform API, so it needs a bespoke spider. Never built or live-tested."
JERO,congo_rep,22.0,FNB_LIKELY,PENDING,congo_rep_doucmarket_africa,https://doucmarket.africa/,doucmarket.africa,P2 - queue / NEEDS-CUSTOM-CRAWLER,Downloaded CSV batch on 2026-09-12; normalized site was not present in the base workbook | scraping ease: Moderate | add as a new scrape target and crawler-creation candidate
JERO,guinea,27.0,FNB_LIKELY,PENDING,maMakiti,https://mamakiti.com/,mamakiti.com,P1 - build now / ACCEPT,"Candidate found in the 2026-08-31 sourcing round, never built. build_tier=not scored; scrapability=nan; class=Custom"
JERO,guinea,27.0,FNB_LIKELY,LAST_TRY_FAILED,arabinene_gn,https://arabinene.com/,arabinene.com,SKIP / HTTP-403,Generated as a crawler-ready manifest by Will's 2026-09-11 handover but it fails the enumerability gate on live probe (HTTP-403). Not merged into configs: a manifest that cannot enumerate returns zero rows forever.
JERO,guinea,27.0,FNB_LIKELY,LAST_TRY_FAILED,femb6y_shopify_haircare_gn,https://femb6y-1d.myshopify.com/products/huile-capillaire,femb6y-1d.myshopify.com,SKIP / HTTP-404,Generated as a crawler-ready manifest by Will's 2026-09-11 handover but it fails the enumerability gate on live probe (HTTP-404). Not merged into configs: a manifest that cannot enumerate returns zero rows forever.
JERO,guinea,27.0,FNB_LIKELY,LAST_TRY_FAILED,maison_majali_gn,https://www.maisonmajali.com/,maisonmajali.com,SKIP / DNSError,Generated as a crawler-ready manifest by Will's 2026-09-11 handover but it fails the enumerability gate on live probe (DNSError). Not merged into configs: a manifest that cannot enumerate returns zero rows forever.
JERO,guinea,27.0,FNB_LIKELY,LAST_TRY_FAILED,kindiaka_gn,https://kindiaka.org/produit/le-kimono-double/,kindiaka.org,SKIP / CHILD-TASK-BLOCKED,Will's 2026-09-11 handover classified this blocked or not viable. Not re-probed here.
JERO,guinea,27.0,FNB_LIKELY,LAST_TRY_FAILED,mdl_mamou_giftcard_gn,https://mdlmamou.wixsite.com/mdlmamou/gift-card,mdlmamou.wixsite.com,SKIP / CHILD-TASK-BLOCKED,Will's 2026-09-11 handover classified this blocked or not viable. Not re-probed here.
JERO,guinea,27.0,FNB_LIKELY,LAST_TRY_FAILED,sontefa_solaire_gn,https://sontefa.com/produit/systeme-solaire/,sontefa.com,SKIP / CHILD-TASK-BLOCKED,Will's 2026-09-11 handover classified this blocked or not viable. Not re-probed here.
JERO,guinea,27.0,FNB_LIKELY,PENDING,dadouma_gn,https://www.dadouma.com/,dadouma.com,P2 - queue / NEEDS-CUSTOM-CRAWLER,"Will's 2026-09-11 handover found price evidence but no standard platform API, so it needs a bespoke spider. Never built or live-tested."
JERO,guinea,27.0,FNB_LIKELY,PENDING,guiterco_gn,https://guiterco.com/,guiterco.com,P2 - queue / NEEDS-CUSTOM-CRAWLER,"Will's 2026-09-11 handover found price evidence but no standard platform API, so it needs a bespoke spider. Never built or live-tested."
JERO,guinea,27.0,FNB_LIKELY,PENDING,papalac_gn,https://societe-asfils.com/,societe-asfils.com,P2 - queue / NEEDS-CUSTOM-CRAWLER,"Will's 2026-09-11 handover found price evidence but no standard platform API, so it needs a bespoke spider. Never built or live-tested."
JERO,guinea,27.0,FNB_LIKELY,PENDING,polimaxguinee_edaag_gn,https://polimaxguinee.com/catalogue,polimaxguinee.com,P2 - queue / NEEDS-CUSTOM-CRAWLER,"Will's 2026-09-11 handover found price evidence but no standard platform API, so it needs a bespoke spider. Never built or live-tested."
JERO,guinea,27.0,FNB_LIKELY,PENDING,saremati_gn,https://saremati.shop/,saremati.shop,P2 - queue / NEEDS-CUSTOM-CRAWLER,"Will's 2026-09-11 handover found price evidence but no standard platform API, so it needs a bespoke spider. Never built or live-tested."
JERO,guinea,27.0,FNB_LIKELY,PENDING,fatrali_gn,https://fatrali.com/products,fatrali.com,P3 - queue / NEEDS-REVIEW,"Will's 2026-09-11 handover flagged this ambiguous (country, currency or price-surface unclear). Needs manual review before any scaffolding."
JERO,suriname,32.0,FNB_LIKELY,LAST_TRY_FAILED,allvision_optics,https://allvision.sr/product/multifocaal/,allvision.sr,SKIP / JSONDecodeError,Generated as a crawler-ready manifest by Will's 2026-09-11 handover but it fails the enumerability gate on live probe (JSONDecodeError). Not merged into configs: a manifest that cannot enumerate returns zero rows forever.
JERO,suriname,32.0,FNB_LIKELY,LAST_TRY_FAILED,boekenportaal_suriname,https://www.boekenportaal.sr/zoek/,boekenportaal.sr,SKIP / CHILD-TASK-BLOCKED,Will's 2026-09-11 handover classified this blocked or not viable. Not re-probed here.
JERO,suriname,32.0,FNB_LIKELY,LAST_TRY_FAILED,instyle_optics,https://www.instyle.sr/,instyle.sr,SKIP / CHILD-TASK-BLOCKED,Will's 2026-09-11 handover classified this blocked or not viable. Not re-probed here.
JERO,suriname,32.0,FNB_LIKELY,LAST_TRY_FAILED,ubuy_suriname,https://www.ubuy.sr/en/category/electronics-10171,ubuy.sr,SKIP / CHILD-TASK-BLOCKED,Will's 2026-09-11 handover classified this blocked or not viable. Not re-probed here.
JERO,suriname,32.0,FNB_LIKELY,PENDING,srd_check_products,https://ez.gov.sr/product/index,ez.gov.sr,P2 - queue / NEEDS-CUSTOM-CRAWLER,"Will's 2026-09-11 handover found price evidence but no standard platform API, so it needs a bespoke spider. Never built or live-tested."
JERO,comoros,33.0,FNB_LIKELY,PENDING,comoros_namjecommerce,https://namjecommerce.com/,namjecommerce.com,P2 - queue / NEEDS-CUSTOM-CRAWLER,Downloaded CSV batch on 2026-09-12; normalized site was not present in the base workbook | scraping ease: Easy | add as a new scrape target and crawler-creation candidate
JERO,sudan,36.0,FNB_LIKELY,PENDING,Al Waha Supermarket,https://alwaha.sd/,alwaha.sd,P2 - queue / SUSPECT,"Candidate found in the 2026-08-31 sourcing round, never built. build_tier=not scored; scrapability=nan; class=WordPress/WooCommerce"
JERO,sudan,36.0,FNB_LIKELY,PENDING,Hyper Express,https://hyper.sd/,hyper.sd,P2 - queue / ACCEPT,"Candidate found in the 2026-08-31 sourcing round, never built. build_tier=not scored; scrapability=nan; class=Custom"
JERO,sudan,36.0,FNB_LIKELY,PENDING,LILY Delivery,https://www.lilydelivery.com/en,lilydelivery.com,P2 - queue / ACCEPT,"Candidate found in the 2026-08-31 sourcing round, never built. build_tier=not scored; scrapability=nan; class=Custom"
JERO,sudan,36.0,FNB_LIKELY,PENDING,Storna,https://storna-shopping-vercel.app/,storna-shopping-vercel.app,P2 - queue / SUSPECT,"Candidate found in the 2026-08-31 sourcing round, never built. build_tier=not scored; scrapability=nan; class=Custom"
JERO,sudan,36.0,FNB_LIKELY,PENDING,Zaad Delivery,https://zaad.delivery/,zaad.delivery,P2 - queue / SUSPECT,"Candidate found in the 2026-08-31 sourcing round, never built. build_tier=not scored; scrapability=nan; class=Custom"
JERO,sudan,36.0,FNB_LIKELY,LAST_TRY_FAILED,suqan,https://suqan.store/en,suqan.store,SKIP / CHILD-TASK-BLOCKED,Will's 2026-09-11 handover classified this blocked or not viable. Not re-probed here.
JERO,sudan,36.0,FNB_LIKELY,LAST_TRY_FAILED,yarazon,https://yarazon.net/,yarazon.net,SKIP / CHILD-TASK-BLOCKED,Will's 2026-09-11 handover classified this blocked or not viable. Not re-probed here.
JERO,sudan,36.0,FNB_LIKELY,PENDING,geedo_sudan,https://geedo.sd/,geedo.sd,P3 - queue / NEEDS-REVIEW,"Will's 2026-09-11 handover flagged this ambiguous (country, currency or price-surface unclear). Needs manual review before any scaffolding."
JERO,cameroon,37.0,FNB_LIKELY,PENDING,cameroon_globalproductprices,https://www.globalproductprices.com/Cameroon/,globalproductprices.com,P2 - queue / NEEDS-CUSTOM-CRAWLER,Downloaded CSV batch on 2026-09-12; normalized site was not present in the base workbook | scraping ease: Easy | add as a new scrape target and crawler-creation candidate
JERO,yemen,46.0,FNB_LIKELY,PENDING,yemen_shopyemeni,https://www.shopyemeni.com/,shopyemeni.com,P2 - queue / NEEDS-CUSTOM-CRAWLER,Downloaded CSV batch on 2026-09-12; normalized site was not present in the base workbook | scraping ease: Moderate | add as a new scrape target and crawler-creation candidate
JERO,yemen,46.0,FNB_LIKELY,PENDING,yemen_yemeni,https://yemeni.shop/en/,yemeni.shop,P2 - queue / NEEDS-CUSTOM-CRAWLER,Downloaded CSV batch on 2026-09-12; normalized site was not present in the base workbook | scraping ease: Easy | add as a new scrape target and crawler-creation candidate
JERO,yemen,46.0,FNB_LIKELY,PENDING,yemen_yemeni_market,https://yemeni-market.com/en/,yemeni-market.com,P2 - queue / NEEDS-CUSTOM-CRAWLER,Downloaded CSV batch on 2026-09-12; normalized site was not present in the base workbook | scraping ease: Easy | add as a new scrape target and crawler-creation candidate
JERO,yemen,46.0,FNB_LIKELY,PENDING,yemen_baladyyemen,https://baladyyemen.com/,baladyyemen.com,P2 - queue / NEEDS-CUSTOM-CRAWLER,Downloaded CSV batch on 2026-09-12; normalized site was not present in the base workbook | scraping ease: Easy | add as a new scrape target and crawler-creation candidate
JERO,afghanistan,49.0,FNB_LIKELY,PENDING,Agrix agricultural marketplace check,https://agrixmarketplace.com/,agrixmarketplace.com,P2 - queue / Direct,"Candidate found in the 2026-08-31 sourcing round, never built. build_tier=C - engineering required; scrapability=nan; class=B2B agricultural marketplace"
JERO,afghanistan,49.0,FNB_LIKELY,PENDING,Taza Pharma,https://tazapharma.af/,tazapharma.af,P2 - queue / Direct,"Candidate found in the 2026-08-31 sourcing round, never built. build_tier=C - engineering required; scrapability=nan; class=Pharmaceutical importer/wholesaler"
JERO,afghanistan,49.0,FNB_LIKELY,PENDING,Ubuy Afghanistan,https://www.ubuy.com/,ubuy.com,P3 - backlog / Access check,"Candidate found in the 2026-08-31 sourcing round, never built. build_tier=D - hard / app / index only; scrapability=nan; class=Cross-border marketplace"
JERO,afghanistan,49.0,FNB_LIKELY,PENDING,World Prices Afghanistan,https://world-prices.com/,world-prices.com,P3 - backlog / Access check,"Candidate found in the 2026-08-31 sourcing round, never built. build_tier=D - hard / app / index only; scrapability=nan; class=Reference price source"
JERO,afghanistan,49.0,FNB_LIKELY,PENDING,ZmaDookan,https://zmadookan.com/shop,zmadookan.com,P2 - queue / EVIDENCE-ONLY,From Will's 2026-09-11 South Asia wave. His handover states explicitly that HAVE there means a child task found public price evidence and a plausible scraper path -- NOT that a crawler exists. Recorded as PENDING: it still needs to be implemented and live-tested before ingestion.
JERO,afghanistan,49.0,FNB_LIKELY,PENDING,Karwaan,https://karwaan.af/,karwaan.af,P2 - queue / EVIDENCE-ONLY,From Will's 2026-09-11 South Asia wave. His handover states explicitly that HAVE there means a child task found public price evidence and a plausible scraper path -- NOT that a crawler exists. Recorded as PENDING: it still needs to be implemented and live-tested before ingestion.
JERO,afghanistan,49.0,FNB_LIKELY,PENDING,Kefayat Supermarket,https://www.kefayatsupermarket.com/,kefayatsupermarket.com,P2 - queue / EVIDENCE-ONLY,From Will's 2026-09-11 South Asia wave. His handover states explicitly that HAVE there means a child task found public price evidence and a plausible scraper path -- NOT that a crawler exists. Recorded as PENDING: it still needs to be implemented and live-tested before ingestion.
JERO,afghanistan,49.0,FNB_LIKELY,PENDING,Hamachiz,https://www.hamachiz.com/,hamachiz.com,P2 - queue / EVIDENCE-ONLY,From Will's 2026-09-11 South Asia wave. His handover states explicitly that HAVE there means a child task found public price evidence and a plausible scraper path -- NOT that a crawler exists. Recorded as PENDING: it still needs to be implemented and live-tested before ingestion.
JERO,afghanistan,49.0,FNB_LIKELY,PENDING,Zhmary,https://www.zhmary.com/,zhmary.com,P2 - queue / CANDIDATE,From Will's 2026-09-11 South Asia wave. His handover states explicitly that HAVE there means a child task found public price evidence and a plausible scraper path -- NOT that a crawler exists. Recorded as PENDING: it still needs to be implemented and live-tested before ingestion.
JERO,afghanistan,49.0,FNB_LIKELY,PENDING,Kharid,https://www.kharid.af/shop,kharid.af,P2 - queue / CANDIDATE,From Will's 2026-09-11 South Asia wave. His handover states explicitly that HAVE there means a child task found public price evidence and a plausible scraper path -- NOT that a crawler exists. Recorded as PENDING: it still needs to be implemented and live-tested before ingestion.
JERO,afghanistan,49.0,FNB_LIKELY,PENDING,Maihandost Shop,https://maihandostshop.com/,maihandostshop.com,P2 - queue / EVIDENCE-ONLY,From Will's 2026-09-11 South Asia wave. His handover states explicitly that HAVE there means a child task found public price evidence and a plausible scraper path -- NOT that a crawler exists. Recorded as PENDING: it still needs to be implemented and live-tested before ingestion.
JERO,afghanistan,49.0,FNB_LIKELY,PENDING,AfghanBazar,https://www.afghanbazar.app/,afghanbazar.app,P2 - queue / EVIDENCE-ONLY,From Will's 2026-09-11 South Asia wave. His handover states explicitly that HAVE there means a child task found public price evidence and a plausible scraper path -- NOT that a crawler exists. Recorded as PENDING: it still needs to be implemented and live-tested before ingestion.
JERO,afghanistan,49.0,FNB_LIKELY,PENDING,Rasteen Bazar,https://rasteenltd.com/,rasteenltd.com,P2 - queue / EVIDENCE-ONLY,From Will's 2026-09-11 South Asia wave. His handover states explicitly that HAVE there means a child task found public price evidence and a plausible scraper path -- NOT that a crawler exists. Recorded as PENDING: it still needs to be implemented and live-tested before ingestion.
JERO,afghanistan,49.0,FNB_LIKELY,PENDING,Leelam.af classifieds / DEM.af seller,https://www.leelam.af/en/afghanistan-online-shopping-,leelam.af,P2 - queue / EVIDENCE-ONLY,From Will's 2026-09-11 South Asia wave. His handover states explicitly that HAVE there means a child task found public price evidence and a plausible scraper path -- NOT that a crawler exists. Recorded as PENDING: it still needs to be implemented and live-tested before ingestion.
JERO,afghanistan,49.0,FNB_LIKELY,PENDING,Noor Aziz Electronics,https://www.nooraziz.net/,nooraziz.net,P2 - queue / CANDIDATE,From Will's 2026-09-11 South Asia wave. His handover states explicitly that HAVE there means a child task found public price evidence and a plausible scraper path -- NOT that a crawler exists. Recorded as PENDING: it still needs to be implemented and live-tested before ingestion.
JERO,afghanistan,49.0,FNB_LIKELY,PENDING,Fiber Technology Services Co,https://fibertech.com.af/,fibertech.com.af,P2 - queue / EVIDENCE-ONLY,From Will's 2026-09-11 South Asia wave. His handover states explicitly that HAVE there means a child task found public price evidence and a plausible scraper path -- NOT that a crawler exists. Recorded as PENDING: it still needs to be implemented and live-tested before ingestion.
JERO,afghanistan,49.0,FNB_LIKELY,LAST_TRY_FAILED,International Shopify stores with Afghanistan currency selector,https://blueplaneteyewear.com/collections/new-blue-planet-sunglasses-1/products/aire-onyx-polarized-sunglasses,blueplaneteyewear.com,SKIP / CHILD-TASK-SKIP,"Will's 2026-09-11 South Asia wave marked this SKIP (app-gated, no price, or wrong country)."
JERO,afghanistan,49.0,FNB_LIKELY,PENDING,Afzon,https://www.afzon.af/shop,afzon.af,P2 - queue / EVIDENCE-ONLY,From Will's 2026-09-11 South Asia wave. His handover states explicitly that HAVE there means a child task found public price evidence and a plausible scraper path -- NOT that a crawler exists. Recorded as PENDING: it still needs to be implemented and live-tested before ingestion.
JERO,afghanistan,49.0,FNB_LIKELY,PENDING,Liwal Htay Afghanistan marketplace,https://htay.liwal.com/?jwrph=AF&zbh=en,htay.liwal.com,P2 - queue / EVIDENCE-ONLY,From Will's 2026-09-11 South Asia wave. His handover states explicitly that HAVE there means a child task found public price evidence and a plausible scraper path -- NOT that a crawler exists. Recorded as PENDING: it still needs to be implemented and live-tested before ingestion.
JERO,afghanistan,49.0,FNB_LIKELY,LAST_TRY_FAILED,Kabul Bazaar Online Store,https://kabulbazaar.store/,kabulbazaar.store,SKIP / CHILD-TASK-SKIP,"Will's 2026-09-11 South Asia wave marked this SKIP (app-gated, no price, or wrong country)."
JERO,afghanistan,49.0,FNB_LIKELY,LAST_TRY_FAILED,Zoom Supermarket Wix,https://zoomsupermarket.wixsite.com/zoomsm/shop,zoomsupermarket.wixsite.com,SKIP / CHILD-TASK-FAILED,Will's 2026-09-11 South Asia wave could not retrieve prices.
JERO,afghanistan,49.0,FNB_LIKELY,PENDING,Jamshidi Mart,https://jamshidimart.com/product-category/top-sales/?view_mode=list,jamshidimart.com,P2 - queue / EVIDENCE-ONLY,From Will's 2026-09-11 South Asia wave. His handover states explicitly that HAVE there means a child task found public price evidence and a plausible scraper path -- NOT that a crawler exists. Recorded as PENDING: it still needs to be implemented and live-tested before ingestion.
JERO,afghanistan,49.0,FNB_LIKELY,PENDING,Afghanistan Ministry of Industry and Commerce market prices,https://old.moci.gov.af/index.php/en/node/413,old.moci.gov.af,P2 - queue / EVIDENCE-ONLY,From Will's 2026-09-11 South Asia wave. His handover states explicitly that HAVE there means a child task found public price evidence and a plausible scraper path -- NOT that a crawler exists. Recorded as PENDING: it still needs to be implemented and live-tested before ingestion.
JERO,bahamas_the,52.0,FNB_LIKELY,PENDING,bahamas_the_700winesandspirits,https://www.700winesandspirits.com/,700winesandspirits.com,P2 - queue / NEEDS-CUSTOM-CRAWLER,Downloaded CSV batch on 2026-09-12; normalized site was not present in the base workbook | scraping ease: Easy | pricing visible: Yes | add as a new scrape target and crawler-creation candidate
JERO,bahamas_the,52.0,FNB_LIKELY,PENDING,bahamas_the_caribbeanwines,https://www.caribbeanwines.com/,caribbeanwines.com,P2 - queue / NEEDS-CUSTOM-CRAWLER,Downloaded CSV batch on 2026-09-12; normalized site was not present in the base workbook | scraping ease: Moderate | pricing visible: Limited | add as a new scrape target and crawler-creation candidate
JERO,bahamas_the,52.0,FNB_LIKELY,PENDING,bahamas_the_youcanorderbahamas,https://www.youcanorderbahamas.com/,youcanorderbahamas.com,P2 - queue / NEEDS-CUSTOM-CRAWLER,Downloaded CSV batch on 2026-09-12; normalized site was not present in the base workbook | scraping ease: Moderate | pricing visible: Yes | add as a new scrape target and crawler-creation candidate
JERO,bahamas_the,52.0,FNB_LIKELY,PENDING,bahamas_the_pricepal_bs,https://pricepal.gov.bs/,pricepal.gov.bs,P2 - queue / NEEDS-CUSTOM-CRAWLER,Downloaded CSV batch on 2026-09-12; normalized site was not present in the base workbook | scraping ease: Moderate | add as a new scrape target and crawler-creation candidate
JERO,bahamas_the,52.0,FNB_LIKELY,PENDING,bahamas_the_bahamaswholesale,https://www.bahamaswholesale.com/product-listing,bahamaswholesale.com,P2 - queue / NEEDS-CUSTOM-CRAWLER,Downloaded CSV batch on 2026-09-12; normalized site was not present in the base workbook | scraping ease: Easy | add as a new scrape target and crawler-creation candidate
JERO,bahamas_the,52.0,FNB_LIKELY,PENDING,bahamas_the_isfoodsco,https://www.isfoodsco.com/copy-of-price-list,isfoodsco.com,P2 - queue / NEEDS-CUSTOM-CRAWLER,Downloaded CSV batch on 2026-09-12; normalized site was not present in the base workbook | scraping ease: Easy | add as a new scrape target and crawler-creation candidate
JERO,ethiopia,58.0,FNB_LIKELY,PENDING,Queens Supermarket / Shoa,https://shoashopping.com/,shoashopping.com,P2 - queue / SUSPECT,"Candidate found in the 2026-08-31 sourcing round, never built. build_tier=not scored; scrapability=nan; class=WordPress/WooCommerce"
JERO,ethiopia,58.0,FNB_LIKELY,PENDING,klik Grocery,https://klik.delivery/grocery,klik.delivery,P2 - queue / ACCEPT,"Candidate found in the 2026-08-31 sourcing round, never built. build_tier=not scored; scrapability=nan; class=Custom"
JERO,belize,60.0,FNB_LIKELY,PENDING,Lagniappe Belize Grocery,http://www.belizegrocery.com/,belizegrocery.com,P2 - queue / SUSPECT,"Candidate found in the 2026-08-31 sourcing round, never built. build_tier=not scored; scrapability=nan; class=Custom"
JERO,belize,60.0,FNB_LIKELY,PENDING,MyStore Belize,https://mystore.bz/,mystore.bz,P2 - queue / ACCEPT,"Candidate found in the 2026-08-31 sourcing round, never built. build_tier=not scored; scrapability=nan; class=Custom"
JERO,belize,60.0,FNB_LIKELY,PENDING,belize_14forty_bz,https://www.14forty.bz/,14forty.bz,P2 - queue / NEEDS-CUSTOM-CRAWLER,Downloaded CSV batch on 2026-09-12; normalized site was not present in the base workbook | scraping ease: Moderate | pricing visible: Limited | add as a new scrape target and crawler-creation candidate
JERO,belize,60.0,FNB_LIKELY,PENDING,belize_caribbeantobacco,https://www.caribbeantobacco.com/,caribbeantobacco.com,P2 - queue / NEEDS-CUSTOM-CRAWLER,Downloaded CSV batch on 2026-09-12; normalized site was not present in the base workbook | scraping ease: Moderate | pricing visible: Limited | add as a new scrape target and crawler-creation candidate
JERO,belize,60.0,FNB_LIKELY,PENDING,belize_kokomomarkets,https://kokomomarkets.com/,kokomomarkets.com,P2 - queue / NEEDS-CUSTOM-CRAWLER,Downloaded CSV batch on 2026-09-12; normalized site was not present in the base workbook | scraping ease: Easy | add as a new scrape target and crawler-creation candidate
JERO,belize,60.0,FNB_LIKELY,PENDING,belize_corozalcigars,https://corozalcigars.com/,corozalcigars.com,P2 - queue / NEEDS-CUSTOM-CRAWLER,Downloaded CSV batch on 2026-09-12; normalized site was not present in the base workbook | scraping ease: Easy | pricing visible: Yes | add as a new scrape target and crawler-creation candidate
JERO,belize,60.0,FNB_LIKELY,PENDING,belize_jcclubbelize,https://jcclubbelize.com/tobacco-products/tobacco-products/,jcclubbelize.com,P2 - queue / NEEDS-CUSTOM-CRAWLER,Downloaded CSV batch on 2026-09-12; normalized site was not present in the base workbook | scraping ease: Moderate | pricing visible: Login required | add as a new scrape target and crawler-creation candidate
JERO,belgium,63.0,FNB_LIKELY,PENDING,Albert Heijn Belgium,https://www.ah.be/,ah.be,P3 - backlog / SUSPECT,"Candidate found in the 2026-08-31 sourcing round, never built. build_tier=D - hard / app / index only; scrapability=2.0; class=Custom/Enterprise"
JERO,belgium,63.0,FNB_LIKELY,PENDING,Bol.com Belgium,https://www.bol.com/be/,bol.com,P2 - queue / Directory/report,"Candidate found in the 2026-08-31 sourcing round, never built. build_tier=C - engineering required; scrapability=nan; class=General marketplace"
JERO,belgium,63.0,FNB_LIKELY,PENDING,Colruyt,https://www.colruyt.be/,colruyt.be,P3 - backlog / SUSPECT,"Candidate found in the 2026-08-31 sourcing round, never built. build_tier=D - hard / app / index only; scrapability=2.0; class=Custom/Enterprise"
JERO,belgium,63.0,FNB_LIKELY,PENDING,Cora Belgium,https://www.cora.be/,cora.be,P2 - queue / ACCEPT,"Candidate found in the 2026-08-31 sourcing round, never built. build_tier=C - engineering required; scrapability=3.0; class=Custom"
JERO,belgium,63.0,FNB_LIKELY,PENDING,belgium_cigarworld_be,https://www.cigarworld.be/,cigarworld.be,P2 - queue / NEEDS-CUSTOM-CRAWLER,Downloaded CSV batch on 2026-09-12; normalized site was not present in the base workbook | scraping ease: Easy | pricing visible: Yes | add as a new scrape target and crawler-creation candidate
JERO,belgium,63.0,FNB_LIKELY,PENDING,belgium_havanahouse_be,https://www.havanahouse.be/,havanahouse.be,P2 - queue / NEEDS-CUSTOM-CRAWLER,Downloaded CSV batch on 2026-09-12; normalized site was not present in the base workbook | scraping ease: Easy | pricing visible: Yes | add as a new scrape target and crawler-creation candidate
JERO,belgium,63.0,FNB_LIKELY,PENDING,belgium_smokershop_be,https://www.smokershop.be/,smokershop.be,P2 - queue / NEEDS-CUSTOM-CRAWLER,Downloaded CSV batch on 2026-09-12; normalized site was not present in the base workbook | scraping ease: Easy | pricing visible: Yes | add as a new scrape target and crawler-creation candidate
JERO,belgium,63.0,FNB_LIKELY,PENDING,belgium_tabaccheria_be,https://www.tabaccheria.be/,tabaccheria.be,P2 - queue / NEEDS-CUSTOM-CRAWLER,Downloaded CSV batch on 2026-09-12; normalized site was not present in the base workbook | scraping ease: Easy | pricing visible: Yes | add as a new scrape target and crawler-creation candidate
JERO,belgium,63.0,FNB_LIKELY,PENDING,belgium_realtobacco_be,https://www.realtobacco.be/en/catalogus/tobacco,realtobacco.be,P2 - queue / NEEDS-CUSTOM-CRAWLER,Downloaded CSV batch on 2026-09-12; normalized site was not present in the base workbook | scraping ease: Easy | pricing visible: Yes | add as a new scrape target and crawler-creation candidate
JERO,lesotho,64.0,FNB_LIKELY,PENDING,Shoprite Lesotho,https://www.shoprite.co.ls/,shoprite.co.ls,P2 - queue / SUSPECT,"Candidate found in the 2026-08-31 sourcing round, never built. build_tier=not scored; scrapability=nan; class=Custom"
JERO,uzbekistan,66.0,FNB_LIKELY,PENDING,Express24,https://express24.uz/,express24.uz,P2 - queue / ACCEPT,"Candidate found in the 2026-08-31 sourcing round, never built. build_tier=not scored; scrapability=nan; class=Custom"
JERO,uzbekistan,66.0,FNB_LIKELY,PENDING,Le Bazar,https://lebazar.uz/,lebazar.uz,P2 - queue / ACCEPT,"Candidate found in the 2026-08-31 sourcing round, never built. build_tier=not scored; scrapability=nan; class=Custom"
JERO,uzbekistan,66.0,FNB_LIKELY,PENDING,Yanada.uz,https://www.yanada.uz/,yanada.uz,P2 - queue / SUSPECT,"Candidate found in the 2026-08-31 sourcing round, never built. build_tier=not scored; scrapability=nan; class=Custom"
JERO,antigua_and_barbuda,67.0,FNB_LIKELY,PENDING,Caribbean Eat country collection check,https://caribbeaneat.com/,caribbeaneat.com,P1 - build now / Direct,"Candidate found in the 2026-08-31 sourcing round, never built. build_tier=C - engineering required; scrapability=nan; class=Regional/diaspora grocery"
JERO,antigua_and_barbuda,67.0,FNB_LIKELY,PENDING,Mercado Libre Antigua and Barbuda,https://www.mercadolibre.com/,mercadolibre.com,P3 - backlog / Access check,"Candidate found in the 2026-08-31 sourcing round, never built. build_tier=D - hard / app / index only; scrapability=nan; class=Regional marketplace"
JERO,antigua_and_barbuda,67.0,FNB_LIKELY,PENDING,My Caribbean Grocer country-product check,https://mycaribbeangrocer.com/,mycaribbeangrocer.com,P1 - build now / Direct,"Candidate found in the 2026-08-31 sourcing round, never built. build_tier=C - engineering required; scrapability=nan; class=Regional/diaspora grocery"
JERO,antigua_and_barbuda,67.0,FNB_LIKELY,PENDING,antigua_and_barbuda_dadlibuy,https://dadlibuy.com/,dadlibuy.com,P2 - queue / NEEDS-CUSTOM-CRAWLER,Downloaded CSV batch on 2026-09-12; normalized site was not present in the base workbook | scraping ease: Moderate | add as a new scrape target and crawler-creation candidate
JERO,antigua_and_barbuda,67.0,FNB_LIKELY,PENDING,antigua_and_barbuda_ubuy_ag,https://www.ubuy.com.ag/,ubuy.com.ag,P2 - queue / NEEDS-CUSTOM-CRAWLER,Downloaded CSV batch on 2026-09-12; normalized site was not present in the base workbook | scraping ease: Moderate | add as a new scrape target and crawler-creation candidate
JERO,algeria,70.0,FNB_LIKELY,PENDING,Africa Medical Marketplace country check,https://africamedicalmarketplace.com/,africamedicalmarketplace.com,P2 - queue / Direct,"Candidate found in the 2026-08-31 sourcing round, never built. build_tier=C - engineering required; scrapability=nan; class=Medical B2B marketplace"
JERO,algeria,70.0,FNB_LIKELY,PENDING,Batolis,https://batolis.com/,batolis.com,P2 - queue / Directory/report,"Candidate found in the 2026-08-31 sourcing round, never built. build_tier=C - engineering required; scrapability=nan; class=General e-commerce"
JERO,algeria,70.0,FNB_LIKELY,PENDING,MumAfrica country supplier discovery,https://mumafrica.com/,mumafrica.com,P2 - queue / Direct,"Candidate found in the 2026-08-31 sourcing round, never built. build_tier=C - engineering required; scrapability=nan; class=African B2B/B2C supplier marketplace"
JERO,algeria,70.0,FNB_LIKELY,PENDING,Yassir Market,https://yassir.com/,yassir.com,P2 - queue / Directory/report,"Candidate found in the 2026-08-31 sourcing round, never built. build_tier=C - engineering required; scrapability=nan; class=Delivery marketplace"
JERO,algeria,70.0,FNB_LIKELY,PENDING,algeria_asgsalgeria,https://asgsalgeria.com/product-category/tobacco/,asgsalgeria.com,P2 - queue / NEEDS-CUSTOM-CRAWLER,Downloaded CSV batch on 2026-09-12; normalized site was not present in the base workbook | scraping ease: Easy | pricing visible: Yes | add as a new scrape target and crawler-creation candidate
JERO,algeria,70.0,FNB_LIKELY,PENDING,algeria_mbpuff,https://mbpuff.com/,mbpuff.com,P2 - queue / NEEDS-CUSTOM-CRAWLER,Downloaded CSV batch on 2026-09-12; normalized site was not present in the base workbook | scraping ease: Easy | pricing visible: Yes | add as a new scrape target and crawler-creation candidate
JERO,albania,73.0,FNB_LIKELY,PENDING,AliExpress delivery check Albania,https://www.aliexpress.com/,aliexpress.com,P3 - backlog / Access check,"Candidate found in the 2026-08-31 sourcing round, never built. build_tier=D - hard / app / index only; scrapability=nan; class=Cross-border marketplace"
JERO,albania,73.0,FNB_LIKELY,PENDING,Amazon country access Albania,https://www.amazon.com/,amazon.com,P3 - backlog / Access check,"Candidate found in the 2026-08-31 sourcing round, never built. build_tier=D - hard / app / index only; scrapability=nan; class=Cross-border/general marketplace"
JERO,albania,73.0,FNB_LIKELY,PENDING,Facebook Marketplace Albania,https://www.facebook.com/marketplace/,facebook.com,P3 - backlog / Access check,"Candidate found in the 2026-08-31 sourcing round, never built. build_tier=D - hard / app / index only; scrapability=nan; class=Social classified marketplace"
JERO,albania,73.0,FNB_LIKELY,PENDING,Gjirafa50,https://gjirafa50.com/,gjirafa50.com,P2 - queue / Directory/report,"Candidate found in the 2026-08-31 sourcing round, never built. build_tier=C - engineering required; scrapability=nan; class=General/electronics marketplace"
JERO,albania,73.0,FNB_LIKELY,PENDING,Kaufland Marketplace country access,https://www.kaufland.com/,kaufland.com,P2 - queue / Directory/report,"Candidate found in the 2026-08-31 sourcing round, never built. build_tier=C - engineering required; scrapability=nan; class=General marketplace"
JERO,albania,73.0,FNB_LIKELY,PENDING,Zalando country access,https://www.zalando.com/,zalando.com,P2 - queue / Directory/report,"Candidate found in the 2026-08-31 sourcing round, never built. build_tier=C - engineering required; scrapability=nan; class=Fashion/lifestyle marketplace"
JERO,albania,73.0,FNB_LIKELY,PENDING,eBay country access Albania,https://www.ebay.com/,ebay.com,P3 - backlog / Access check,"Candidate found in the 2026-08-31 sourcing round, never built. build_tier=D - hard / app / index only; scrapability=nan; class=Cross-border/classified marketplace"
JERO,albania,73.0,FNB_LIKELY,PENDING,albania_cigars_al,https://cigars.al/,cigars.al,P2 - queue / NEEDS-CUSTOM-CRAWLER,Downloaded CSV batch on 2026-09-12; normalized site was not present in the base workbook | scraping ease: Easy | pricing visible: Yes | add as a new scrape target and crawler-creation candidate
JERO,albania,73.0,FNB_LIKELY,PENDING,albania_tobaccomomi,https://tobaccomomi.com/,tobaccomomi.com,P2 - queue / NEEDS-CUSTOM-CRAWLER,Downloaded CSV batch on 2026-09-12; normalized site was not present in the base workbook | scraping ease: Easy | pricing visible: Yes | add as a new scrape target and crawler-creation candidate
JERO,zambia,76.0,FNB_LIKELY,PENDING,Shoprite Zambia,https://www.shoprite.co.zm/,shoprite.co.zm,P2 - queue / ACCEPT,"Candidate found in the 2026-08-31 sourcing round, never built. build_tier=not scored; scrapability=nan; class=Custom"
JERO,zambia,76.0,FNB_LIKELY,PENDING,TigmooEats,https://tigmooeats.com/,tigmooeats.com,P2 - queue / ACCEPT,"Candidate found in the 2026-08-31 sourcing round, never built. build_tier=not scored; scrapability=nan; class=Custom"
JERO,somalia,77.0,FNB_LIKELY,PENDING,somalia_mtacab_so,https://www.mtacab.so/market-price/,mtacab.so,P2 - queue / NEEDS-CUSTOM-CRAWLER,Downloaded CSV batch on 2026-09-12; normalized site was not present in the base workbook | scraping ease: Easy | add as a new scrape target and crawler-creation candidate
JERO,benin,78.0,FNB_LIKELY,PENDING,Martistore,https://martistore.shop/catalogue/nouveautes,martistore.shop,P2 - queue / SUSPECT,"Candidate found in the 2026-08-31 sourcing round, never built. build_tier=not scored; scrapability=nan; class=Custom"
JERO,benin,78.0,FNB_LIKELY,PENDING,benin_store_jinukun_bj,https://store.jinukun.bj/,store.jinukun.bj,P2 - queue / NEEDS-CUSTOM-CRAWLER,Downloaded CSV batch on 2026-09-12; normalized site was not present in the base workbook | scraping ease: Easy | add as a new scrape target and crawler-creation candidate
JERO,benin,78.0,FNB_LIKELY,PENDING,benin_alimentsbenin,https://www.shop.alimentsbenin.com/page/4/,shop.alimentsbenin.com,P2 - queue / NEEDS-CUSTOM-CRAWLER,Downloaded CSV batch on 2026-09-12; normalized site was not present in the base workbook | scraping ease: Easy | add as a new scrape target and crawler-creation candidate
JERO,benin,78.0,FNB_LIKELY,PENDING,benin_cigawinetradings,https://cigawinetradings.com/,cigawinetradings.com,P2 - queue / NEEDS-CUSTOM-CRAWLER,Downloaded CSV batch on 2026-09-12; normalized site was not present in the base workbook | scraping ease: Moderate | pricing visible: No | add as a new scrape target and crawler-creation candidate
JERO,benin,78.0,FNB_LIKELY,PENDING,benin_jimpaulcotobac,https://www.jimpaulcotobac.com/,jimpaulcotobac.com,P2 - queue / NEEDS-CUSTOM-CRAWLER,Downloaded CSV batch on 2026-09-12; normalized site was not present in the base workbook | scraping ease: Hard | pricing visible: No | add as a new scrape target and crawler-creation candidate
JERO,switzerland,83.0,FNB_LIKELY,LAST_TRY_FAILED,www.coop.ch,,nan,SKIP / WAF/BOT-BLOCK,"Cloudflare interactive challenge (`cf-mitigated: challenge`) — HTTP 403, `server: DataDome`, `x-datadome: protected`, JS-challenge stub (`geo.captcha-delivery.com`) on curl; headless Playwright confirms the identical DataDome challenge page after an 8s wait (both levers fail per the mandatory gate — genuine block, not a TLS false positive)."
JERO,switzerland,83.0,FNB_LIKELY,PENDING,LeShop.ch,https://www.leshop.ch/,leshop.ch,P2 - queue / ACCEPT,"Candidate found in the 2026-08-31 sourcing round, never built. build_tier=C - engineering required; scrapability=3.0; class=Custom"
JERO,switzerland,83.0,FNB_LIKELY,PENDING,Migros,https://www.migros.ch/,migros.ch,P3 - backlog / SUSPECT,"Candidate found in the 2026-08-31 sourcing round, never built. build_tier=D - hard / app / index only; scrapability=2.0; class=Custom/Enterprise"
JERO,madagascar,87.0,FNB_LIKELY,PENDING,Bazariko.mg,https://bazariko.mg/,bazariko.mg,P2 - queue / ACCEPT,"Candidate found in the 2026-08-31 sourcing round, never built. build_tier=not scored; scrapability=nan; class=Custom"
JERO,madagascar,87.0,FNB_LIKELY,PENDING,Supermarche.mg,https://supermarche.mg/,supermarche.mg,P2 - queue / ACCEPT,"Candidate found in the 2026-08-31 sourcing round, never built. build_tier=not scored; scrapability=nan; class=Custom"
JERO,madagascar,87.0,FNB_LIKELY,PENDING,madagascar_ermada_fr,https://ermada.fr/,ermada.fr,P2 - queue / NEEDS-CUSTOM-CRAWLER,Downloaded CSV batch on 2026-09-12; normalized site was not present in the base workbook | scraping ease: Moderate | add as a new scrape target and crawler-creation candidate
JERO,austria,96.0,FNB_LIKELY,PENDING,INTERSPAR Onlineshop,https://www.interspar.at/shop/lebensmittel/,interspar.at,P2 - queue / ACCEPT,"Candidate found in the 2026-08-31 sourcing round, never built. build_tier=C - engineering required; scrapability=3.0; class=Custom"
JERO,lebanon,103.0,FNB_LIKELY,PENDING,Carrefour Lebanon online,https://www.carrefourlebanon.com/,carrefourlebanon.com,P1 - build now / Directory/report,"Candidate found in the 2026-08-31 sourcing round, never built. build_tier=A - low-hanging fruit; scrapability=nan; class=Online hypermarket"
JERO,jordan,106.0,FNB_LIKELY,PENDING,DNA Lifestyle,https://www.dnalifestyle.com/,dnalifestyle.com,P2 - queue / Directory/report,"Candidate found in the 2026-08-31 sourcing round, never built. build_tier=C - engineering required; scrapability=nan; class=Electronics/lifestyle"
JERO,jordan,106.0,FNB_LIKELY,PENDING,jordan_dumyah,https://www.dumyah.com/en/grocery/dairy-cheese-and-eggs,dumyah.com,P2 - queue / NEEDS-CUSTOM-CRAWLER,Downloaded CSV batch on 2026-09-12; normalized site was not present in the base workbook | scraping ease: Easy | add as a new scrape target and crawler-creation candidate
JERO,france,107.0,FNB_LIKELY,PENDING,Casino / CasinoMax,https://www.casino.fr/,casino.fr,P2 - queue / ACCEPT,"Candidate found in the 2026-08-31 sourcing round, never built. build_tier=C - engineering required; scrapability=3.0; class=Custom"
JERO,france,107.0,FNB_LIKELY,PENDING,E.Leclerc Drive,https://www.leclercdrive.fr/,leclercdrive.fr,P3 - backlog / SUSPECT,"Candidate found in the 2026-08-31 sourcing round, never built. build_tier=D - hard / app / index only; scrapability=2.0; class=Custom/Enterprise"
JERO,france,107.0,FNB_LIKELY,PENDING,Fnac/Darty,https://www.fnac.com/,fnac.com,P2 - queue / Directory/report,"Candidate found in the 2026-08-31 sourcing round, never built. build_tier=C - engineering required; scrapability=nan; class=Electronics/general marketplace"
JERO,france,107.0,FNB_LIKELY,PENDING,Franprix,https://www.franprix.fr/,franprix.fr,P2 - queue / ACCEPT,"Candidate found in the 2026-08-31 sourcing round, never built. build_tier=C - engineering required; scrapability=3.0; class=Custom"
JERO,france,107.0,FNB_LIKELY,PENDING,HOKOH,https://hokoh.app/,hokoh.app,P2 - queue / ACCEPT,"Candidate found in the 2026-08-31 sourcing round, never built. build_tier=C - engineering required; scrapability=3.0; class=Custom"
JERO,france,107.0,FNB_LIKELY,PENDING,Intermarche,https://www.intermarche.com/,intermarche.com,P3 - backlog / SUSPECT,"Candidate found in the 2026-08-31 sourcing round, never built. build_tier=D - hard / app / index only; scrapability=2.0; class=Custom/Enterprise"
JERO,france,107.0,FNB_LIKELY,PENDING,france_french_corner_shop,https://www.french-corner-shop.com/en/,french-corner-shop.com,P2 - queue / NEEDS-CUSTOM-CRAWLER,Downloaded CSV batch on 2026-09-12; normalized site was not present in the base workbook | scraping ease: Easy | add as a new scrape target and crawler-creation candidate
JERO,france,107.0,FNB_LIKELY,PENDING,france_my_french_grocery,https://my-french-grocery.com/,my-french-grocery.com,P2 - queue / NEEDS-CUSTOM-CRAWLER,Downloaded CSV batch on 2026-09-12; normalized site was not present in the base workbook | scraping ease: Easy | add as a new scrape target and crawler-creation candidate
JERO,france,107.0,FNB_LIKELY,PENDING,france_monepiceriegourmande,https://monepiceriegourmande.com/en,monepiceriegourmande.com,P2 - queue / NEEDS-CUSTOM-CRAWLER,Downloaded CSV batch on 2026-09-12; normalized site was not present in the base workbook | scraping ease: Moderate | add as a new scrape target and crawler-creation candidate
JERO,france,107.0,FNB_LIKELY,PENDING,france_france_export_fv_online,https://france-export-fv-online.com/en/,france-export-fv-online.com,P2 - queue / NEEDS-CUSTOM-CRAWLER,Downloaded CSV batch on 2026-09-12; normalized site was not present in the base workbook | scraping ease: Easy | add as a new scrape target and crawler-creation candidate
JERO,maldives,110.0,FNB_LIKELY,PENDING,Good Food Maldives,https://www.goodfoodmaldives.com/,goodfoodmaldives.com,P2 - queue / EVIDENCE-ONLY,From Will's 2026-09-11 South Asia wave. His handover states explicitly that HAVE there means a child task found public price evidence and a plausible scraper path -- NOT that a crawler exists. Recorded as PENDING: it still needs to be implemented and live-tested before ingestion.
JERO,maldives,110.0,FNB_LIKELY,PENDING,Redwave Online,https://redwave.mv/product-category/groceries/,redwave.mv,P2 - queue / EVIDENCE-ONLY,From Will's 2026-09-11 South Asia wave. His handover states explicitly that HAVE there means a child task found public price evidence and a plausible scraper path -- NOT that a crawler exists. Recorded as PENDING: it still needs to be implemented and live-tested before ingestion.
JERO,maldives,110.0,FNB_LIKELY,PENDING,Redwave Online - order subdomain,https://order.redwave.mv/product-category/technology-electronics/,order.redwave.mv,P2 - queue / EVIDENCE-ONLY,From Will's 2026-09-11 South Asia wave. His handover states explicitly that HAVE there means a child task found public price evidence and a plausible scraper path -- NOT that a crawler exists. Recorded as PENDING: it still needs to be implemented and live-tested before ingestion.
JERO,maldives,110.0,FNB_LIKELY,PENDING,Light Baazaaru,https://www.lightbaazaaru.com/shop,lightbaazaaru.com,P2 - queue / EVIDENCE-ONLY,From Will's 2026-09-11 South Asia wave. His handover states explicitly that HAVE there means a child task found public price evidence and a plausible scraper path -- NOT that a crawler exists. Recorded as PENDING: it still needs to be implemented and live-tested before ingestion.
JERO,maldives,110.0,FNB_LIKELY,PENDING,eTukuri,https://shop.etukuri.mv/products,shop.etukuri.mv,P2 - queue / EVIDENCE-ONLY,From Will's 2026-09-11 South Asia wave. His handover states explicitly that HAVE there means a child task found public price evidence and a plausible scraper path -- NOT that a crawler exists. Recorded as PENDING: it still needs to be implemented and live-tested before ingestion.
JERO,maldives,110.0,FNB_LIKELY,PENDING,STO eStore,https://estore.mv/Shop?site=s002&view=0,estore.mv,P2 - queue / EVIDENCE-ONLY,From Will's 2026-09-11 South Asia wave. His handover states explicitly that HAVE there means a child task found public price evidence and a plausible scraper path -- NOT that a crawler exists. Recorded as PENDING: it still needs to be implemented and live-tested before ingestion.
JERO,maldives,110.0,FNB_LIKELY,PENDING,Satheyka,https://satheyka.mv/product-category/babies/,satheyka.mv,P2 - queue / EVIDENCE-ONLY,From Will's 2026-09-11 South Asia wave. His handover states explicitly that HAVE there means a child task found public price evidence and a plausible scraper path -- NOT that a crawler exists. Recorded as PENDING: it still needs to be implemented and live-tested before ingestion.
JERO,maldives,110.0,FNB_LIKELY,PENDING,Ess Electronics,https://esselectronics.mv/shop/,esselectronics.mv,P2 - queue / EVIDENCE-ONLY,From Will's 2026-09-11 South Asia wave. His handover states explicitly that HAVE there means a child task found public price evidence and a plausible scraper path -- NOT that a crawler exists. Recorded as PENDING: it still needs to be implemented and live-tested before ingestion.
JERO,maldives,110.0,FNB_LIKELY,PENDING,LEAD TECH Maldives,https://www.leadtechmv.com/,leadtechmv.com,P2 - queue / EVIDENCE-ONLY,From Will's 2026-09-11 South Asia wave. His handover states explicitly that HAVE there means a child task found public price evidence and a plausible scraper path -- NOT that a crawler exists. Recorded as PENDING: it still needs to be implemented and live-tested before ingestion.
JERO,maldives,110.0,FNB_LIKELY,PENDING,Mr Pencil,https://mrpencil.mv/shop/,mrpencil.mv,P2 - queue / EVIDENCE-ONLY,From Will's 2026-09-11 South Asia wave. His handover states explicitly that HAVE there means a child task found public price evidence and a plausible scraper path -- NOT that a crawler exists. Recorded as PENDING: it still needs to be implemented and live-tested before ingestion.
JERO,maldives,110.0,FNB_LIKELY,PENDING,Navaahi Traders Fresh Market,https://navaahi.wixsite.com/mysite-3,navaahi.wixsite.com,P2 - queue / EVIDENCE-ONLY,From Will's 2026-09-11 South Asia wave. His handover states explicitly that HAVE there means a child task found public price evidence and a plausible scraper path -- NOT that a crawler exists. Recorded as PENDING: it still needs to be implemented and live-tested before ingestion.
JERO,maldives,110.0,FNB_LIKELY,PENDING,WHIM Dhiffushi,https://www.whim.com.mv/,whim.com.mv,P2 - queue / EVIDENCE-ONLY,From Will's 2026-09-11 South Asia wave. His handover states explicitly that HAVE there means a child task found public price evidence and a plausible scraper path -- NOT that a crawler exists. Recorded as PENDING: it still needs to be implemented and live-tested before ingestion.
JERO,maldives,110.0,FNB_LIKELY,PENDING,Shell Beans,https://shellbeans.com/product/tuna-mayo-sandwich-signature/,shellbeans.com,P2 - queue / EVIDENCE-ONLY,From Will's 2026-09-11 South Asia wave. His handover states explicitly that HAVE there means a child task found public price evidence and a plausible scraper path -- NOT that a crawler exists. Recorded as PENDING: it still needs to be implemented and live-tested before ingestion.
JERO,maldives,110.0,FNB_LIKELY,PENDING,Foodele Fuvahmulah,https://foodele.com/,foodele.com,P2 - queue / CANDIDATE,From Will's 2026-09-11 South Asia wave. His handover states explicitly that HAVE there means a child task found public price evidence and a plausible scraper path -- NOT that a crawler exists. Recorded as PENDING: it still needs to be implemented and live-tested before ingestion.
JERO,maldives,110.0,FNB_LIKELY,PENDING,Edhumashi,https://www.edhumashi.mv/store/en/products/80552083-1169-46ac-18fd-08dde5ac0b3a,edhumashi.mv,P2 - queue / EVIDENCE-ONLY,From Will's 2026-09-11 South Asia wave. His handover states explicitly that HAVE there means a child task found public price evidence and a plausible scraper path -- NOT that a crawler exists. Recorded as PENDING: it still needs to be implemented and live-tested before ingestion.
JERO,maldives,110.0,FNB_LIKELY,PENDING,Vivo Home,https://www.vivohome.mv/product/orc-3-door-wardrobe,vivohome.mv,P2 - queue / EVIDENCE-ONLY,From Will's 2026-09-11 South Asia wave. His handover states explicitly that HAVE there means a child task found public price evidence and a plausible scraper path -- NOT that a crawler exists. Recorded as PENDING: it still needs to be implemented and live-tested before ingestion.
JERO,maldives,110.0,FNB_LIKELY,PENDING,Pestex Maldives,https://pestexmaldives.com/shop/facial-tissue-cube-5073,pestexmaldives.com,P2 - queue / EVIDENCE-ONLY,From Will's 2026-09-11 South Asia wave. His handover states explicitly that HAVE there means a child task found public price evidence and a plausible scraper path -- NOT that a crawler exists. Recorded as PENDING: it still needs to be implemented and live-tested before ingestion.
JERO,maldives,110.0,FNB_LIKELY,PENDING,LinkServe Shop,https://shop.linkserve.mv/shop/82431-fiber-optic-to-rf-converter-female-58912,shop.linkserve.mv,P2 - queue / EVIDENCE-ONLY,From Will's 2026-09-11 South Asia wave. His handover states explicitly that HAVE there means a child task found public price evidence and a plausible scraper path -- NOT that a crawler exists. Recorded as PENDING: it still needs to be implemented and live-tested before ingestion.
JERO,maldives,110.0,FNB_LIKELY,PENDING,Berry Collection,https://berrycollection.com/,berrycollection.com,P2 - queue / EVIDENCE-ONLY,From Will's 2026-09-11 South Asia wave. His handover states explicitly that HAVE there means a child task found public price evidence and a plausible scraper path -- NOT that a crawler exists. Recorded as PENDING: it still needs to be implemented and live-tested before ingestion.
JERO,maldives,110.0,FNB_LIKELY,PENDING,EyeCare Maldives,https://eyecare.mv/,eyecare.mv,P2 - queue / EVIDENCE-ONLY,From Will's 2026-09-11 South Asia wave. His handover states explicitly that HAVE there means a child task found public price evidence and a plausible scraper path -- NOT that a crawler exists. Recorded as PENDING: it still needs to be implemented and live-tested before ingestion.
JERO,maldives,110.0,FNB_LIKELY,PENDING,Oagaa Opticals,https://oagaaoptical.com/,oagaaoptical.com,P2 - queue / EVIDENCE-ONLY,From Will's 2026-09-11 South Asia wave. His handover states explicitly that HAVE there means a child task found public price evidence and a plausible scraper path -- NOT that a crawler exists. Recorded as PENDING: it still needs to be implemented and live-tested before ingestion.
JERO,maldives,110.0,FNB_LIKELY,PENDING,Ayala Bubbles Store,https://store.ayalabubbles.com/shop/category/sunglasses-lens-51,store.ayalabubbles.com,P2 - queue / EVIDENCE-ONLY,From Will's 2026-09-11 South Asia wave. His handover states explicitly that HAVE there means a child task found public price evidence and a plausible scraper path -- NOT that a crawler exists. Recorded as PENDING: it still needs to be implemented and live-tested before ingestion.
JERO,maldives,110.0,FNB_LIKELY,PENDING,Brandloom,https://brandloom.mv/shop/,brandloom.mv,P2 - queue / EVIDENCE-ONLY,From Will's 2026-09-11 South Asia wave. His handover states explicitly that HAVE there means a child task found public price evidence and a plausible scraper path -- NOT that a crawler exists. Recorded as PENDING: it still needs to be implemented and live-tested before ingestion.
JERO,maldives,110.0,FNB_LIKELY,PENDING,Toddy Inc,https://www.weartoddy.com/,weartoddy.com,P2 - queue / EVIDENCE-ONLY,From Will's 2026-09-11 South Asia wave. His handover states explicitly that HAVE there means a child task found public price evidence and a plausible scraper path -- NOT that a crawler exists. Recorded as PENDING: it still needs to be implemented and live-tested before ingestion.
JERO,maldives,110.0,FNB_LIKELY,LAST_TRY_FAILED,Desertcart Maldives,https://maldives.desertcart.com/,maldives.desertcart.com,SKIP / CHILD-TASK-SKIP,"Will's 2026-09-11 South Asia wave marked this SKIP (app-gated, no price, or wrong country)."
JERO,maldives,110.0,FNB_LIKELY,LAST_TRY_FAILED,Ubuy Maldives,https://www.ubuy.mv/,ubuy.mv,SKIP / CHILD-TASK-SKIP,"Will's 2026-09-11 South Asia wave marked this SKIP (app-gated, no price, or wrong country)."
JERO,maldives,110.0,FNB_LIKELY,PENDING,Diana Trading,https://www.dianatradingmv.com/,dianatradingmv.com,P2 - queue / EVIDENCE-ONLY,From Will's 2026-09-11 South Asia wave. His handover states explicitly that HAVE there means a child task found public price evidence and a plausible scraper path -- NOT that a crawler exists. Recorded as PENDING: it still needs to be implemented and live-tested before ingestion.
JERO,maldives,110.0,FNB_LIKELY,PENDING,NewBizZ,https://www.newbizz.com.mv/,newbizz.com.mv,P2 - queue / EVIDENCE-ONLY,From Will's 2026-09-11 South Asia wave. His handover states explicitly that HAVE there means a child task found public price evidence and a plausible scraper path -- NOT that a crawler exists. Recorded as PENDING: it still needs to be implemented and live-tested before ingestion.
JERO,maldives,110.0,FNB_LIKELY,PENDING,Euro Store Maldives,https://www.eurostoremv.com/,eurostoremv.com,P2 - queue / EVIDENCE-ONLY,From Will's 2026-09-11 South Asia wave. His handover states explicitly that HAVE there means a child task found public price evidence and a plausible scraper path -- NOT that a crawler exists. Recorded as PENDING: it still needs to be implemented and live-tested before ingestion.
JERO,maldives,110.0,FNB_LIKELY,PENDING,IMC Private Limited,https://www.imcmaldives.com/category/all-products,imcmaldives.com,P2 - queue / EVIDENCE-ONLY,From Will's 2026-09-11 South Asia wave. His handover states explicitly that HAVE there means a child task found public price evidence and a plausible scraper path -- NOT that a crawler exists. Recorded as PENDING: it still needs to be implemented and live-tested before ingestion.
JERO,maldives,110.0,FNB_LIKELY,PENDING,Vecto Shop,https://vectoshop.com/,vectoshop.com,P2 - queue / EVIDENCE-ONLY,From Will's 2026-09-11 South Asia wave. His handover states explicitly that HAVE there means a child task found public price evidence and a plausible scraper path -- NOT that a crawler exists. Recorded as PENDING: it still needs to be implemented and live-tested before ingestion.
JERO,maldives,110.0,FNB_LIKELY,PENDING,Novelty Bookshop,https://www.noveltybookshop.com.mv/shop/,noveltybookshop.com.mv,P2 - queue / EVIDENCE-ONLY,From Will's 2026-09-11 South Asia wave. His handover states explicitly that HAVE there means a child task found public price evidence and a plausible scraper path -- NOT that a crawler exists. Recorded as PENDING: it still needs to be implemented and live-tested before ingestion.
JERO,maldives,110.0,FNB_LIKELY,PENDING,Essential Maldives,https://essential.mv/collections/beverage-coolers-jugs,essential.mv,P2 - queue / EVIDENCE-ONLY,From Will's 2026-09-11 South Asia wave. His handover states explicitly that HAVE there means a child task found public price evidence and a plausible scraper path -- NOT that a crawler exists. Recorded as PENDING: it still needs to be implemented and live-tested before ingestion.
JERO,maldives,110.0,FNB_LIKELY,PENDING,Swiftech Store Maldives,https://swiftech.mv/products/redmi-watch-5-active-smart-watch,swiftech.mv,P2 - queue / EVIDENCE-ONLY,From Will's 2026-09-11 South Asia wave. His handover states explicitly that HAVE there means a child task found public price evidence and a plausible scraper path -- NOT that a crawler exists. Recorded as PENDING: it still needs to be implemented and live-tested before ingestion.
JERO,maldives,110.0,FNB_LIKELY,PENDING,Lamoon Baby / Infantcare,https://lamoonbaby.mv/collections/newborn-gift-pack-lite-mvr-599-promotional-offer,lamoonbaby.mv,P2 - queue / EVIDENCE-ONLY,From Will's 2026-09-11 South Asia wave. His handover states explicitly that HAVE there means a child task found public price evidence and a plausible scraper path -- NOT that a crawler exists. Recorded as PENDING: it still needs to be implemented and live-tested before ingestion.
JERO,maldives,110.0,FNB_LIKELY,PENDING,TimeTech Maldives,https://timetech.mv/product/casio-edifice-efr-s567d-2avudf/,timetech.mv,P2 - queue / EVIDENCE-ONLY,From Will's 2026-09-11 South Asia wave. His handover states explicitly that HAVE there means a child task found public price evidence and a plausible scraper path -- NOT that a crawler exists. Recorded as PENDING: it still needs to be implemented and live-tested before ingestion.
JERO,maldives,110.0,FNB_LIKELY,PENDING,Zenova Hotel Supplies,https://zenovahotelsupplies.com/products/,zenovahotelsupplies.com,P2 - queue / EVIDENCE-ONLY,From Will's 2026-09-11 South Asia wave. His handover states explicitly that HAVE there means a child task found public price evidence and a plausible scraper path -- NOT that a crawler exists. Recorded as PENDING: it still needs to be implemented and live-tested before ingestion.
JERO,maldives,110.0,FNB_LIKELY,PENDING,Island Bazaar,https://island-bazaar.com/collections/books-1,island-bazaar.com,P2 - queue / EVIDENCE-ONLY,From Will's 2026-09-11 South Asia wave. His handover states explicitly that HAVE there means a child task found public price evidence and a plausible scraper path -- NOT that a crawler exists. Recorded as PENDING: it still needs to be implemented and live-tested before ingestion.
JERO,maldives,110.0,FNB_LIKELY,PENDING,Aiva Home,https://aivahome.mv/,aivahome.mv,P2 - queue / EVIDENCE-ONLY,From Will's 2026-09-11 South Asia wave. His handover states explicitly that HAVE there means a child task found public price evidence and a plausible scraper path -- NOT that a crawler exists. Recorded as PENDING: it still needs to be implemented and live-tested before ingestion.
JERO,maldives,110.0,FNB_LIKELY,PENDING,Boldbiz Group,https://boldbizgroup.com/,boldbizgroup.com,P2 - queue / EVIDENCE-ONLY,From Will's 2026-09-11 South Asia wave. His handover states explicitly that HAVE there means a child task found public price evidence and a plausible scraper path -- NOT that a crawler exists. Recorded as PENDING: it still needs to be implemented and live-tested before ingestion.
JERO,maldives,110.0,FNB_LIKELY,PENDING,A&M Perfume Time,https://www.amperfumetime.com/,amperfumetime.com,P2 - queue / EVIDENCE-ONLY,From Will's 2026-09-11 South Asia wave. His handover states explicitly that HAVE there means a child task found public price evidence and a plausible scraper path -- NOT that a crawler exists. Recorded as PENDING: it still needs to be implemented and live-tested before ingestion.
JERO,maldives,110.0,FNB_LIKELY,PENDING,Pink Coral Maldives,https://www.pinkcoral.mv/shop,pinkcoral.mv,P2 - queue / EVIDENCE-ONLY,From Will's 2026-09-11 South Asia wave. His handover states explicitly that HAVE there means a child task found public price evidence and a plausible scraper path -- NOT that a crawler exists. Recorded as PENDING: it still needs to be implemented and live-tested before ingestion.
JERO,maldives,110.0,FNB_LIKELY,PENDING,maldives_instepmv,https://instepmv.com/,instepmv.com,P2 - queue / NEEDS-CUSTOM-CRAWLER,Downloaded CSV batch on 2026-09-12; normalized site was not present in the base workbook | scraping ease: Easy | add as a new scrape target and crawler-creation candidate
JERO,cabo_verde,112.0,FNB_LIKELY,PENDING,Deliiv,https://deliiv.cv/,deliiv.cv,P2 - queue / SUSPECT,"Candidate found in the 2026-08-31 sourcing round, never built. build_tier=not scored; scrapability=nan; class=Custom"
JERO,cabo_verde,112.0,FNB_LIKELY,PENDING,cabo_verde_simplyshop_cv,https://simplyshop.cv/,simplyshop.cv,P2 - queue / NEEDS-CUSTOM-CRAWLER,Downloaded CSV batch on 2026-09-12; normalized site was not present in the base workbook | scraping ease: Easy | add as a new scrape target and crawler-creation candidate
JERO,channel_islands,113.0,FNB_LIKELY,LAST_TRY_FAILED,ggshop.channelislands.coop,,nan,RESOLVED / LOGIN-REQUIRED,"Login-walled catalog (real backend found via network trace, but core endpoint 401s without auth) — The 401 was real but the conclusion was wrong. The Flutter bundle ships a **static anonymous Laravel Sanctum app token** (`1|lax...`, a bearer literal matching `\d+\|[A-Za-z0-9]{40,60}` in `main.dart.js`) which every visitor receives; sending it as `Authorization: Bearer <tok>` opens the whole catalogue over plain HTTP. The earlier pass found the backend (`ogs.channelislands.coop`) and the route (`GET /api/stores/<id>/products`) but searched the bundle for the strings ""guest""/""public"" rather than for a **token literal**, and so recorded a guest-browsing wall that does not exist. Now onboarded as `coop_ci` (eca/western_europe/channel_islands): 2 stores (Jersey 5,058 + Guernsey 4,687 = 9,745 SKUs), 500-row test run clean, 73.4% measured food share."
JERO,honduras,117.0,FNB_LIKELY,PENDING,Kielsa,https://www.kielsa.com/,kielsa.com,P2 - queue / Directory/report,"Candidate found in the 2026-08-31 sourcing round, never built. build_tier=C - engineering required; scrapability=nan; class=Pharmacy"
JERO,honduras,117.0,FNB_LIKELY,PENDING,honduras_valhala_hn,https://valhala.hn/,valhala.hn,P2 - queue / NEEDS-CUSTOM-CRAWLER,Downloaded CSV batch on 2026-09-12; normalized site was not present in the base workbook | scraping ease: Easy | add as a new scrape target and crawler-creation candidate
JERO,kyrgyz_republic,119.0,FNB_LIKELY,PENDING,Alma Go,https://almago.kg/,almago.kg,P2 - queue / SUSPECT,"Candidate found in the 2026-08-31 sourcing round, never built. build_tier=not scored; scrapability=nan; class=Custom"
JERO,kyrgyz_republic,119.0,FNB_LIKELY,PENDING,Lalafo Kyrgyzstan,https://lalafo.kg/,lalafo.kg,P2 - queue / Directory/report,"Candidate found in the 2026-08-31 sourcing round, never built. build_tier=C - engineering required; scrapability=nan; class=Classified marketplace"
JERO,kyrgyz_republic,119.0,FNB_LIKELY,PENDING,Wildberries Kyrgyzstan,https://www.wildberries.kg/,wildberries.kg,P2 - queue / Directory/report,"Candidate found in the 2026-08-31 sourcing round, never built. build_tier=C - engineering required; scrapability=nan; class=General marketplace"
JERO,hungary,121.0,FNB_LIKELY,LAST_TRY_FAILED,cba.hu,,nan,SKIP / NO-PRICES-ONLINE,"Placeholder / seed demo-data catalog (real API, no real prices) — WordPress/Astra + WooCommerce, Store API wide open and unauthenticated (`/wp-json/wc/store/v1/products`), but the total catalog is only **17 products site-wide** (`X-WP-Total: 17` header) and only 5 of those carry a nonzero structured `prices.price` — the rest are informational-only entries. This is a small rotating ""current weekly offers"" teaser, not a full-basket catalog; the other 12 items' real per-unit prices exist only as free text inside the WooCommerce `description` field (e.g. ""819 Ft/10 dkg; 8190 Ft/kg""), which would need bespoke regex extraction for a catalog this thin. Not worth a slot."
JERO,hungary,121.0,FNB_LIKELY,PENDING,Auchan Hungary,https://online.auchan.hu/,online.auchan.hu,P3 - backlog / ACCEPT,"Candidate found in the 2026-08-31 sourcing round, never built. build_tier=D - hard / app / index only; scrapability=2.0; class=Custom/Enterprise"
JERO,hungary,121.0,FNB_LIKELY,PENDING,foodora Hungary,https://www.foodora.hu/,foodora.hu,P2 - queue / ACCEPT,"Candidate found in the 2026-08-31 sourcing round, never built. build_tier=C - engineering required; scrapability=3.0; class=Custom"
JERO,italy,127.0,FNB_LIKELY,PENDING,Amazon Italy,https://www.amazon.it/,amazon.it,P2 - queue / Directory/report,"Candidate found in the 2026-08-31 sourcing round, never built. build_tier=C - engineering required; scrapability=nan; class=General marketplace"
JERO,italy,127.0,FNB_LIKELY,PENDING,Esselunga a Casa,https://www.esselungaacasa.it/,esselungaacasa.it,P3 - backlog / SUSPECT,"Candidate found in the 2026-08-31 sourcing round, never built. build_tier=D - hard / app / index only; scrapability=2.0; class=Custom/Enterprise"
JERO,italy,127.0,FNB_LIKELY,PENDING,Everli,https://it.everli.com/it/spesa,it.everli.com,P2 - queue / ACCEPT,"Candidate found in the 2026-08-31 sourcing round, never built. build_tier=C - engineering required; scrapability=3.0; class=Custom"
JERO,italy,127.0,FNB_LIKELY,PENDING,Il Viaggiator Goloso (Unes),https://www.unes.it/,unes.it,P2 - queue / ACCEPT,"Candidate found in the 2026-08-31 sourcing round, never built. build_tier=C - engineering required; scrapability=3.0; class=Custom"
JERO,tajikistan,130.0,FNB_LIKELY,PENDING,Mohira.tj,https://mohira.tj/,mohira.tj,P2 - queue / ACCEPT,"Candidate found in the 2026-08-31 sourcing round, never built. build_tier=not scored; scrapability=nan; class=Custom"
JERO,morocco,131.0,FNB_LIKELY,PENDING,Acima,https://www.acima.ma/,acima.ma,P2 - queue / SUSPECT,"Candidate found in the 2026-08-31 sourcing round, never built. build_tier=C - engineering required; scrapability=3.0; class=Custom"
JERO,morocco,131.0,FNB_LIKELY,PENDING,BIM Maroc,https://www.bim.ma/,bim.ma,P2 - queue / ACCEPT,"Candidate found in the 2026-08-31 sourcing round, never built. build_tier=C - engineering required; scrapability=3.0; class=Custom"
JERO,morocco,131.0,FNB_LIKELY,PENDING,Chari.ma,https://chari.ma/,chari.ma,P2 - queue / ACCEPT,"Candidate found in the 2026-08-31 sourcing round, never built. build_tier=C - engineering required; scrapability=3.0; class=Custom"
JERO,morocco,131.0,FNB_LIKELY,PENDING,Jumia Morocco,https://www.jumia.ma/,jumia.ma,P2 - queue / ACCEPT,"Candidate found in the 2026-08-31 sourcing round, never built. build_tier=C - engineering required; scrapability=3.0; class=Custom"
JERO,morocco,131.0,FNB_LIKELY,PENDING,Marjane,https://www.marjane.ma/,marjane.ma,P2 - queue / ACCEPT,"Candidate found in the 2026-08-31 sourcing round, never built. build_tier=C - engineering required; scrapability=3.0; class=Custom"
JERO,morocco,131.0,FNB_LIKELY,PENDING,Marjane Mall,https://www.marjanemall.ma/,marjanemall.ma,P1 - build now / Direct,"Candidate found in the 2026-08-31 sourcing round, never built. build_tier=A - low-hanging fruit; scrapability=nan; class=General marketplace"
JERO,morocco,131.0,FNB_LIKELY,PENDING,Marjane via Done,https://done.ma/fr/store/marjane/,done.ma,P2 - queue / ACCEPT,"Candidate found in the 2026-08-31 sourcing round, never built. build_tier=C - engineering required; scrapability=3.0; class=Custom"
JERO,croatia,134.0,FNB_LIKELY,PENDING,Eurospin Croatia,https://www.eurospin.hr/,eurospin.hr,P2 - queue / SUSPECT,"Candidate found in the 2026-08-31 sourcing round, never built. build_tier=C - engineering required; scrapability=3.0; class=Custom"
JERO,croatia,134.0,FNB_LIKELY,PENDING,Njuškalo,https://www.njuskalo.hr/,njuskalo.hr,P2 - queue / Directory/report,"Candidate found in the 2026-08-31 sourcing round, never built. build_tier=C - engineering required; scrapability=nan; class=Classified marketplace"
JERO,croatia,134.0,FNB_LIKELY,PENDING,Spar Croatia,https://www.spar.hr/,spar.hr,P2 - queue / ACCEPT,"Candidate found in the 2026-08-31 sourcing round, never built. build_tier=not scored; scrapability=nan; class=Custom"
JERO,croatia,134.0,FNB_LIKELY,PENDING,croatia_croatiayp,https://www.croatiayp.com/category/Cigars_and_Tobacco,croatiayp.com,P2 - queue / NEEDS-CUSTOM-CRAWLER,Downloaded CSV batch on 2026-09-12; normalized site was not present in the base workbook | scraping ease: Moderate | pricing visible: No | add as a new scrape target and crawler-creation candidate
JERO,croatia,134.0,FNB_LIKELY,PENDING,croatia_heinemann_shop,https://www.heinemann-shop.com/en/global/tobacco-products/cigarettes/c/cat_8010/,heinemann-shop.com,P2 - queue / NEEDS-CUSTOM-CRAWLER,Downloaded CSV batch on 2026-09-12; normalized site was not present in the base workbook | scraping ease: Easy | pricing visible: Yes | add as a new scrape target and crawler-creation candidate
JERO,croatia,134.0,FNB_LIKELY,PENDING,croatia_jatrgovac,https://jatrgovac.com/cijene-cigareta/,jatrgovac.com,P2 - queue / NEEDS-CUSTOM-CRAWLER,Downloaded CSV batch on 2026-09-12; normalized site was not present in the base workbook | scraping ease: Easy | pricing visible: Yes | add as a new scrape target and crawler-creation candidate
JERO,croatia,134.0,FNB_LIKELY,PENDING,croatia_travel_europe_info,https://www.travel-europe.info/cigarette-prices-in-croatia-full-breakdown-by-brand-and-region/,travel-europe.info,P2 - queue / NEEDS-CUSTOM-CRAWLER,Downloaded CSV batch on 2026-09-12; normalized site was not present in the base workbook | scraping ease: Moderate | pricing visible: Yes | add as a new scrape target and crawler-creation candidate
JERO,guyana,136.0,FNB_LIKELY,PENDING,CaribeEats - GuyFresh,https://caribeeats.com/biz/guyfresh,caribeeats.com,P2 - queue / SUSPECT,"Candidate found in the 2026-08-31 sourcing round, never built. build_tier=not scored; scrapability=nan; class=Custom"
JERO,guyana,136.0,FNB_LIKELY,PENDING,Giftland Mall online,https://giftlandmall.com/,giftlandmall.com,P2 - queue / Directory/report,"Candidate found in the 2026-08-31 sourcing round, never built. build_tier=C - engineering required; scrapability=nan; class=General/mall retail"
JERO,guyana,136.0,FNB_LIKELY,PENDING,ZIP.GY,https://zip.gy/,zip.gy,P2 - queue / SUSPECT,"Candidate found in the 2026-08-31 sourcing round, never built. build_tier=not scored; scrapability=nan; class=Custom"
JERO,guyana,136.0,FNB_LIKELY,PENDING,guyana_24gy,https://24gy.com/index,24gy.com,P2 - queue / NEEDS-CUSTOM-CRAWLER,Downloaded CSV batch on 2026-09-12; normalized site was not present in the base workbook | scraping ease: Moderate | add as a new scrape target and crawler-creation candidate
JERO,guyana,136.0,FNB_LIKELY,PENDING,guyana_newgmc_gy,https://newgmc.gov.gy/shop/,newgmc.gov.gy,P2 - queue / NEEDS-CUSTOM-CRAWLER,Downloaded CSV batch on 2026-09-12; normalized site was not present in the base workbook | scraping ease: Easy | add as a new scrape target and crawler-creation candidate
JERO,china,139.0,FNB_LIKELY,PENDING,china_chinesecigarettesonline,https://chinesecigarettesonline.com/,chinesecigarettesonline.com,P2 - queue / NEEDS-CUSTOM-CRAWLER,Downloaded CSV batch on 2026-09-12; normalized site was not present in the base workbook | scraping ease: Easy | pricing visible: Yes | add as a new scrape target and crawler-creation candidate
JERO,china,139.0,FNB_LIKELY,PENDING,china_chunghwashop,https://www.chunghwashop.com/product-category/chunghwa,chunghwashop.com,P2 - queue / NEEDS-CUSTOM-CRAWLER,Downloaded CSV batch on 2026-09-12; normalized site was not present in the base workbook | scraping ease: Easy | pricing visible: Yes | add as a new scrape target and crawler-creation candidate
JERO,china,139.0,FNB_LIKELY,PENDING,china_chunghwastore,https://chunghwastore.com/product-category/chunghwa,chunghwastore.com,P2 - queue / NEEDS-CUSTOM-CRAWLER,Downloaded CSV batch on 2026-09-12; normalized site was not present in the base workbook | scraping ease: Easy | pricing visible: Yes | add as a new scrape target and crawler-creation candidate
JERO,china,139.0,FNB_LIKELY,PENDING,china_cig88,https://www.cig88.com/en/china-brand-cigarettes/chunghwa,cig88.com,P2 - queue / NEEDS-CUSTOM-CRAWLER,Downloaded CSV batch on 2026-09-12; normalized site was not present in the base workbook | scraping ease: Easy | pricing visible: Yes | add as a new scrape target and crawler-creation candidate
JERO,china,139.0,FNB_LIKELY,PENDING,china_ciggiesworld_ch,https://www.ciggiesworld.ch/product/chunghwa-%E4%B8%AD%E5%8D%8E/,ciggiesworld.ch,P2 - queue / NEEDS-CUSTOM-CRAWLER,Downloaded CSV batch on 2026-09-12; normalized site was not present in the base workbook | scraping ease: Easy | pricing visible: Yes | add as a new scrape target and crawler-creation candidate
JERO,china,139.0,FNB_LIKELY,PENDING,china_cncigg,https://www.cncigg.com/,cncigg.com,P2 - queue / NEEDS-CUSTOM-CRAWLER,Downloaded CSV batch on 2026-09-12; normalized site was not present in the base workbook | scraping ease: Easy | pricing visible: Yes | add as a new scrape target and crawler-creation candidate
JERO,china,139.0,FNB_LIKELY,PENDING,china_fogrise_cigarette,https://fogrise-cigarette.com/product-category/cigarettes/chinese-cigarettes/,fogrise-cigarette.com,P2 - queue / NEEDS-CUSTOM-CRAWLER,Downloaded CSV batch on 2026-09-12; normalized site was not present in the base workbook | scraping ease: Easy | pricing visible: Yes | add as a new scrape target and crawler-creation candidate
JERO,china,139.0,FNB_LIKELY,PENDING,china_hitcigars,https://hitcigars.com/category/cigarettes/chinese-cigarettes/,hitcigars.com,P2 - queue / NEEDS-CUSTOM-CRAWLER,Downloaded CSV batch on 2026-09-12; normalized site was not present in the base workbook | scraping ease: Easy | pricing visible: Yes | add as a new scrape target and crawler-creation candidate
JERO,china,139.0,FNB_LIKELY,PENDING,china_travelofchina,https://www.travelofchina.com/chinese-cigarettes/,travelofchina.com,P2 - queue / NEEDS-CUSTOM-CRAWLER,Downloaded CSV batch on 2026-09-12; normalized site was not present in the base workbook | scraping ease: Easy | pricing visible: Yes | add as a new scrape target and crawler-creation candidate
JERO,portugal,139.0,FNB_LIKELY,PENDING,El Corte Ingles Supermercado PT,https://www.elcorteingles.pt/supermercado/,elcorteingles.pt,P3 - backlog / ACCEPT,"Candidate found in the 2026-08-31 sourcing round, never built. build_tier=D - hard / app / index only; scrapability=2.0; class=Custom/Enterprise"
JERO,portugal,139.0,FNB_LIKELY,PENDING,Mercadona Portugal,https://www.mercadona.pt/,mercadona.pt,P1 - build now / ACCEPT,"Candidate found in the 2026-08-31 sourcing round, never built. build_tier=A - low-hanging fruit; scrapability=5.0; class=Custom (public JSON API)"
JERO,portugal,139.0,FNB_LIKELY,PENDING,Super Save,https://www.supersave.pt/,supersave.pt,P2 - queue / ACCEPT,"Candidate found in the 2026-08-31 sourcing round, never built. build_tier=C - engineering required; scrapability=3.0; class=Custom"
JERO,panama,142.0,FNB_LIKELY,PENDING,panama_elfuerte_pa,https://elfuerte.com.pa/,elfuerte.com.pa,P2 - queue / NEEDS-CUSTOM-CRAWLER,Downloaded CSV batch on 2026-09-12; normalized site was not present in the base workbook | scraping ease: Moderate | add as a new scrape target and crawler-creation candidate
JERO,senegal,144.0,FNB_LIKELY,PENDING,Jumia Senegal,https://www.jumia.sn/epicerie/,jumia.sn,P2 - queue / ACCEPT,"Candidate found in the 2026-08-31 sourcing round, never built. build_tier=C - engineering required; scrapability=3.0; class=Custom"
JERO,slovenia,144.0,FNB_LIKELY,PENDING,slovenia_ceneje_si,https://www.ceneje.si/,ceneje.si,P2 - queue / NEEDS-CUSTOM-CRAWLER,Downloaded CSV batch on 2026-09-12; normalized site was not present in the base workbook | scraping ease: Easy | add as a new scrape target and crawler-creation candidate
JERO,slovenia,144.0,FNB_LIKELY,PENDING,slovenia_nakupko_app,https://www.nakupko.app/,nakupko.app,P2 - queue / NEEDS-CUSTOM-CRAWLER,Downloaded CSV batch on 2026-09-12; normalized site was not present in the base workbook | scraping ease: Easy | add as a new scrape target and crawler-creation candidate
JERO,slovenia,144.0,FNB_LIKELY,PENDING,slovenia_kupujemceneje_si,https://kupujemceneje.si/,kupujemceneje.si,P2 - queue / NEEDS-CUSTOM-CRAWLER,Downloaded CSV batch on 2026-09-12; normalized site was not present in the base workbook | scraping ease: Easy | add as a new scrape target and crawler-creation candidate
JERO,slovenia,144.0,FNB_LIKELY,PENDING,slovenia_polnakosarica_si,https://polnakosarica.si/,polnakosarica.si,P2 - queue / NEEDS-CUSTOM-CRAWLER,Downloaded CSV batch on 2026-09-12; normalized site was not present in the base workbook | scraping ease: Easy | add as a new scrape target and crawler-creation candidate
JERO,serbia,146.0,FNB_LIKELY,LAST_TRY_FAILED,idea.rs,,nan,SKIP / NO-PRICES-ONLINE,"No products on the site (corporate marketing portal) — corporate/store-locator site only (`/Prodavnice/Prodavnice-Beograd`, `/Aktuelno` news, `/O-Idei` about-us); no product catalog, no per-SKU pricing anywhere."
JERO,dominican_republic,149.0,FNB_LIKELY,PENDING,Plaza Lama,https://plazalama.com/,plazalama.com,P2 - queue / Directory/report,"Candidate found in the 2026-08-31 sourcing round, never built. build_tier=C - engineering required; scrapability=nan; class=Department/supermarket"
JERO,dominican_republic,149.0,FNB_LIKELY,PENDING,dominican_republic_cigar_do,https://cigar.com.do/,cigar.com.do,P2 - queue / NEEDS-CUSTOM-CRAWLER,Downloaded CSV batch on 2026-09-12; normalized site was not present in the base workbook | scraping ease: Moderate | pricing visible: Limited | add as a new scrape target and crawler-creation candidate
JERO,dominican_republic,149.0,FNB_LIKELY,PENDING,dominican_republic_cigarcountry,https://cigarcountry.com/,cigarcountry.com,P2 - queue / NEEDS-CUSTOM-CRAWLER,Downloaded CSV batch on 2026-09-12; normalized site was not present in the base workbook | scraping ease: Easy | pricing visible: Yes | add as a new scrape target and crawler-creation candidate
JERO,dominican_republic,149.0,FNB_LIKELY,PENDING,dominican_republic_dominicancigars_do,https://dominicancigars.com.do/shop/,dominicancigars.com.do,P2 - queue / NEEDS-CUSTOM-CRAWLER,Downloaded CSV batch on 2026-09-12; normalized site was not present in the base workbook | scraping ease: Easy | pricing visible: Yes | add as a new scrape target and crawler-creation candidate
JERO,dominican_republic,149.0,FNB_LIKELY,PENDING,dominican_republic_lacasadelacanard,https://www.lacasadelacanard.com/collections/cigarrillos,lacasadelacanard.com,P2 - queue / NEEDS-CUSTOM-CRAWLER,Downloaded CSV batch on 2026-09-12; normalized site was not present in the base workbook | scraping ease: Easy | pricing visible: Yes | add as a new scrape target and crawler-creation candidate
JERO,dominican_republic,149.0,FNB_LIKELY,PENDING,dominican_republic_plazalama_do,https://plazalama.com.do/ca/supermercado/vinos-cervezas-y-licores/cigarrillos-y-cigarros/11/11-54/11-54-236,plazalama.com.do,P2 - queue / NEEDS-CUSTOM-CRAWLER,Downloaded CSV batch on 2026-09-12; normalized site was not present in the base workbook | scraping ease: Easy | pricing visible: Yes | add as a new scrape target and crawler-creation candidate
JERO,dominican_republic,149.0,FNB_LIKELY,PENDING,dominican_republic_supermercadosrd,https://supermercadosrd.com/grupos/cigarrillos,supermercadosrd.com,P2 - queue / NEEDS-CUSTOM-CRAWLER,Downloaded CSV batch on 2026-09-12; normalized site was not present in the base workbook | scraping ease: Easy | pricing visible: Yes | add as a new scrape target and crawler-creation candidate
JERO,uruguay,150.0,FNB_LIKELY,PENDING,Mercado Libre Uruguay,https://www.mercadolibre.com.uy/,mercadolibre.com.uy,P2 - queue / Directory/report,"Candidate found in the 2026-08-31 sourcing round, never built. build_tier=C - engineering required; scrapability=nan; class=General marketplace"
JERO,uruguay,150.0,FNB_LIKELY,PENDING,uruguay_superuy,https://www.superuy.com/,superuy.com,P2 - queue / NEEDS-CUSTOM-CRAWLER,Downloaded CSV batch on 2026-09-12; normalized site was not present in the base workbook | scraping ease: Moderate | add as a new scrape target and crawler-creation candidate
JERO,bolivia,153.0,FNB_LIKELY,PENDING,Mercado Libre Bolivia,https://www.mercadolibre.com.bo/,mercadolibre.com.bo,P2 - queue / Directory/report,"Candidate found in the 2026-08-31 sourcing round, never built. build_tier=C - engineering required; scrapability=nan; class=General marketplace"
JERO,bolivia,153.0,FNB_LIKELY,PENDING,PedidosYa Market Bolivia,https://www.pedidosya.com.bo/,pedidosya.com.bo,P2 - queue / ACCEPT,"Candidate found in the 2026-08-31 sourcing round, never built. build_tier=not scored; scrapability=nan; class=Custom"
JERO,saudi_arabia,153.0,FNB_LIKELY,PENDING,Amazon Saudi,https://www.amazon.sa/,amazon.sa,P1 - build now / Directory/report,"Candidate found in the 2026-08-31 sourcing round, never built. build_tier=A - low-hanging fruit; scrapability=nan; class=General marketplace"
JERO,luxembourg,155.0,FNB_LIKELY,PENDING,Auchan Luxembourg,https://www.auchan.lu/,auchan.lu,P2 - queue / ACCEPT,"Candidate found in the 2026-08-31 sourcing round, never built. build_tier=C - engineering required; scrapability=3.0; class=Custom"
JERO,luxembourg,155.0,FNB_LIKELY,PENDING,Cactus,https://www.cactus.lu/,cactus.lu,P2 - queue / ACCEPT,"Candidate found in the 2026-08-31 sourcing round, never built. build_tier=C - engineering required; scrapability=3.0; class=Custom"
JERO,luxembourg,155.0,FNB_LIKELY,PENDING,Delhaize Luxembourg,https://www.delhaize.lu/,delhaize.lu,P2 - queue / ACCEPT,"Candidate found in the 2026-08-31 sourcing round, never built. build_tier=C - engineering required; scrapability=3.0; class=Custom"
JERO,luxembourg,155.0,FNB_LIKELY,PENDING,Match Luxembourg,https://www.supermarchesmatch.lu/,supermarchesmatch.lu,P2 - queue / ACCEPT,"Candidate found in the 2026-08-31 sourcing round, never built. build_tier=C - engineering required; scrapability=3.0; class=Custom"
JERO,luxembourg,155.0,FNB_LIKELY,PENDING,Pall Center,https://www.pallcenter.lu/,pallcenter.lu,P2 - queue / ACCEPT,"Candidate found in the 2026-08-31 sourcing round, never built. build_tier=C - engineering required; scrapability=3.0; class=Custom"
JERO,myanmar,159.0,FNB_LIKELY,PENDING,myanmar_imyanmarmarket,https://www.imyanmarmarket.com/en/products,imyanmarmarket.com,P2 - queue / NEEDS-CUSTOM-CRAWLER,Downloaded CSV batch on 2026-09-12; normalized site was not present in the base workbook | scraping ease: Easy | add as a new scrape target and crawler-creation candidate
JERO,netherlands,159.0,FNB_LIKELY,PENDING,Albert Heijn,https://www.ah.nl/,ah.nl,P3 - backlog / SUSPECT,"Candidate found in the 2026-08-31 sourcing round, never built. build_tier=D - hard / app / index only; scrapability=2.0; class=Custom/Enterprise"
JERO,netherlands,159.0,FNB_LIKELY,PENDING,Coop NL,https://www.coop.nl/,coop.nl,P2 - queue / ACCEPT,"Candidate found in the 2026-08-31 sourcing round, never built. build_tier=C - engineering required; scrapability=3.0; class=Custom"
JERO,netherlands,159.0,FNB_LIKELY,PENDING,Flink,https://www.goflink.com/,goflink.com,P2 - queue / ACCEPT,"Candidate found in the 2026-08-31 sourcing round, never built. build_tier=C - engineering required; scrapability=3.0; class=Custom"
JERO,united_arab_emirates,161.0,FNB_LIKELY,PENDING,Amazon UAE,https://www.amazon.ae/,amazon.ae,P1 - build now / Directory/report,"Candidate found in the 2026-08-31 sourcing round, never built. build_tier=A - low-hanging fruit; scrapability=nan; class=General marketplace"
JERO,paraguay,165.0,FNB_LIKELY,PENDING,Mercado Libre Paraguay,https://www.mercadolibre.com.py/,mercadolibre.com.py,P2 - queue / Directory/report,"Candidate found in the 2026-08-31 sourcing round, never built. build_tier=C - engineering required; scrapability=nan; class=General marketplace"
JERO,paraguay,165.0,FNB_LIKELY,PENDING,Nissei,https://nissei.com/,nissei.com,P2 - queue / Directory/report,"Candidate found in the 2026-08-31 sourcing round, never built. build_tier=C - engineering required; scrapability=nan; class=Electronics/cross-border retail"
JERO,paraguay,165.0,FNB_LIKELY,PENDING,paraguay_comprador_digital,https://comprador.digital/,comprador.digital,P2 - queue / NEEDS-CUSTOM-CRAWLER,Downloaded CSV batch on 2026-09-12; normalized site was not present in the base workbook | scraping ease: Easy | add as a new scrape target and crawler-creation candidate
JERO,paraguay,165.0,FNB_LIKELY,PENDING,paraguay_canastapy,https://www.canastapy.com/,canastapy.com,P2 - queue / NEEDS-CUSTOM-CRAWLER,Downloaded CSV batch on 2026-09-12; normalized site was not present in the base workbook | scraping ease: Easy | add as a new scrape target and crawler-creation candidate
JERO,sri_lanka,166.0,FNB_LIKELY,PENDING,Celeste,https://www.celeste.lk/,celeste.lk,P2 - queue / ACCEPT,"Candidate found in the 2026-08-31 sourcing round, never built. build_tier=not scored; scrapability=nan; class=Custom"
JERO,sri_lanka,166.0,FNB_LIKELY,PENDING,FamilyMart.lk,https://www.familymart.lk/,familymart.lk,P2 - queue / EVIDENCE-ONLY,From Will's 2026-09-11 South Asia wave. His handover states explicitly that HAVE there means a child task found public price evidence and a plausible scraper path -- NOT that a crawler exists. Recorded as PENDING: it still needs to be implemented and live-tested before ingestion.
JERO,sri_lanka,166.0,FNB_LIKELY,PENDING,Ithuru.lk,https://ithuru.lk/,ithuru.lk,P2 - queue / CANDIDATE,From Will's 2026-09-11 South Asia wave. His handover states explicitly that HAVE there means a child task found public price evidence and a plausible scraper path -- NOT that a crawler exists. Recorded as PENDING: it still needs to be implemented and live-tested before ingestion.
JERO,sri_lanka,166.0,FNB_LIKELY,PENDING,PriceCut LK,https://www.pricecutlk.shop/,pricecutlk.shop,P2 - queue / CANDIDATE,From Will's 2026-09-11 South Asia wave. His handover states explicitly that HAVE there means a child task found public price evidence and a plausible scraper path -- NOT that a crawler exists. Recorded as PENDING: it still needs to be implemented and live-tested before ingestion.
JERO,sri_lanka,166.0,FNB_LIKELY,PENDING,Colombo Mall grocery,https://colombomall.lk/category/grocery,colombomall.lk,P2 - queue / EVIDENCE-ONLY,From Will's 2026-09-11 South Asia wave. His handover states explicitly that HAVE there means a child task found public price evidence and a plausible scraper path -- NOT that a crawler exists. Recorded as PENDING: it still needs to be implemented and live-tested before ingestion.
JERO,sri_lanka,166.0,FNB_LIKELY,PENDING,Sahanakade,https://sahanakade.lk/,sahanakade.lk,P2 - queue / EVIDENCE-ONLY,From Will's 2026-09-11 South Asia wave. His handover states explicitly that HAVE there means a child task found public price evidence and a plausible scraper path -- NOT that a crawler exists. Recorded as PENDING: it still needs to be implemented and live-tested before ingestion.
JERO,sri_lanka,166.0,FNB_LIKELY,PENDING,Pickly,https://www.pickly.lk/,pickly.lk,P2 - queue / EVIDENCE-ONLY,From Will's 2026-09-11 South Asia wave. His handover states explicitly that HAVE there means a child task found public price evidence and a plausible scraper path -- NOT that a crawler exists. Recorded as PENDING: it still needs to be implemented and live-tested before ingestion.
JERO,sri_lanka,166.0,FNB_LIKELY,PENDING,Foodco Lanka,https://foodcolanka.com/shop,foodcolanka.com,P2 - queue / CANDIDATE,From Will's 2026-09-11 South Asia wave. His handover states explicitly that HAVE there means a child task found public price evidence and a plausible scraper path -- NOT that a crawler exists. Recorded as PENDING: it still needs to be implemented and live-tested before ingestion.
JERO,sri_lanka,166.0,FNB_LIKELY,LAST_TRY_FAILED,Colombo Commodities,https://colombocommodities.lk/shop/?add-to-cart=889,colombocommodities.lk,SKIP / CHILD-TASK-SKIP,"Will's 2026-09-11 South Asia wave marked this SKIP (app-gated, no price, or wrong country)."
JERO,sri_lanka,166.0,FNB_LIKELY,PENDING,Tudo.lk groceries,https://tudo.lk/category/groceries,tudo.lk,P2 - queue / EVIDENCE-ONLY,From Will's 2026-09-11 South Asia wave. His handover states explicitly that HAVE there means a child task found public price evidence and a plausible scraper path -- NOT that a crawler exists. Recorded as PENDING: it still needs to be implemented and live-tested before ingestion.
JERO,sri_lanka,166.0,FNB_LIKELY,PENDING,ShopMahajana.com,https://shopmahajana.com/,shopmahajana.com,P2 - queue / EVIDENCE-ONLY,From Will's 2026-09-11 South Asia wave. His handover states explicitly that HAVE there means a child task found public price evidence and a plausible scraper path -- NOT that a crawler exists. Recorded as PENDING: it still needs to be implemented and live-tested before ingestion.
JERO,sri_lanka,166.0,FNB_LIKELY,PENDING,Kasagala Super Market,https://kasagalasuper.com/shop/,kasagalasuper.com,P2 - queue / EVIDENCE-ONLY,From Will's 2026-09-11 South Asia wave. His handover states explicitly that HAVE there means a child task found public price evidence and a plausible scraper path -- NOT that a crawler exists. Recorded as PENDING: it still needs to be implemented and live-tested before ingestion.
JERO,sri_lanka,166.0,FNB_LIKELY,PENDING,Keells via Uber Eats,https://www.ubereats.com/lk/store/keells-groceries-kahathuduwa/-vSsYm7QX6yYbzfZ_nyc1w,ubereats.com,P2 - queue / CANDIDATE,From Will's 2026-09-11 South Asia wave. His handover states explicitly that HAVE there means a child task found public price evidence and a plausible scraper path -- NOT that a crawler exists. Recorded as PENDING: it still needs to be implemented and live-tested before ingestion.
JERO,sri_lanka,166.0,FNB_LIKELY,PENDING,Lassana.com daily deals,https://lassana.com/daily-deals/cp/dealsdeals1,lassana.com,P2 - queue / CANDIDATE,From Will's 2026-09-11 South Asia wave. His handover states explicitly that HAVE there means a child task found public price evidence and a plausible scraper path -- NOT that a crawler exists. Recorded as PENDING: it still needs to be implemented and live-tested before ingestion.
JERO,sri_lanka,166.0,FNB_LIKELY,PENDING,One Market,https://onemarket.appcloudpro.com/,onemarket.appcloudpro.com,P2 - queue / CANDIDATE,From Will's 2026-09-11 South Asia wave. His handover states explicitly that HAVE there means a child task found public price evidence and a plausible scraper path -- NOT that a crawler exists. Recorded as PENDING: it still needs to be implemented and live-tested before ingestion.
JERO,sri_lanka,166.0,FNB_LIKELY,PENDING,Healthguard.lk,https://www.healthguard.lk/home,healthguard.lk,P2 - queue / CANDIDATE,From Will's 2026-09-11 South Asia wave. His handover states explicitly that HAVE there means a child task found public price evidence and a plausible scraper path -- NOT that a crawler exists. Recorded as PENDING: it still needs to be implemented and live-tested before ingestion.
JERO,sri_lanka,166.0,FNB_LIKELY,PENDING,Finez.lk,https://finez.lk/,finez.lk,P2 - queue / EVIDENCE-ONLY,From Will's 2026-09-11 South Asia wave. His handover states explicitly that HAVE there means a child task found public price evidence and a plausible scraper path -- NOT that a crawler exists. Recorded as PENDING: it still needs to be implemented and live-tested before ingestion.
JERO,sri_lanka,166.0,FNB_LIKELY,PENDING,SHAZ.lk,https://shaz.lk/,shaz.lk,P2 - queue / EVIDENCE-ONLY,From Will's 2026-09-11 South Asia wave. His handover states explicitly that HAVE there means a child task found public price evidence and a plausible scraper path -- NOT that a crawler exists. Recorded as PENDING: it still needs to be implemented and live-tested before ingestion.
JERO,sri_lanka,166.0,FNB_LIKELY,PENDING,TNS Go,https://tns-go.com/collection/dairy/,tns-go.com,P2 - queue / EVIDENCE-ONLY,From Will's 2026-09-11 South Asia wave. His handover states explicitly that HAVE there means a child task found public price evidence and a plausible scraper path -- NOT that a crawler exists. Recorded as PENDING: it still needs to be implemented and live-tested before ingestion.
JERO,sri_lanka,166.0,FNB_LIKELY,PENDING,Alpha Dairy Goat,https://alphadairygoat.com/,alphadairygoat.com,P2 - queue / EVIDENCE-ONLY,From Will's 2026-09-11 South Asia wave. His handover states explicitly that HAVE there means a child task found public price evidence and a plausible scraper path -- NOT that a crawler exists. Recorded as PENDING: it still needs to be implemented and live-tested before ingestion.
JERO,sri_lanka,166.0,FNB_LIKELY,PENDING,Richlife Dairies,https://richlife.lk/,richlife.lk,P2 - queue / EVIDENCE-ONLY,From Will's 2026-09-11 South Asia wave. His handover states explicitly that HAVE there means a child task found public price evidence and a plausible scraper path -- NOT that a crawler exists. Recorded as PENDING: it still needs to be implemented and live-tested before ingestion.
JERO,sri_lanka,166.0,FNB_LIKELY,PENDING,Neil Bakery,https://neilbakery.lk/products,neilbakery.lk,P2 - queue / EVIDENCE-ONLY,From Will's 2026-09-11 South Asia wave. His handover states explicitly that HAVE there means a child task found public price evidence and a plausible scraper path -- NOT that a crawler exists. Recorded as PENDING: it still needs to be implemented and live-tested before ingestion.
JERO,sri_lanka,166.0,FNB_LIKELY,PENDING,Topaz Store,https://store.topaz.lk/product-category/cake/,store.topaz.lk,P2 - queue / EVIDENCE-ONLY,From Will's 2026-09-11 South Asia wave. His handover states explicitly that HAVE there means a child task found public price evidence and a plausible scraper path -- NOT that a crawler exists. Recorded as PENDING: it still needs to be implemented and live-tested before ingestion.
JERO,sri_lanka,166.0,FNB_LIKELY,PENDING,Tookary,https://tookary.com/,tookary.com,P2 - queue / EVIDENCE-ONLY,From Will's 2026-09-11 South Asia wave. His handover states explicitly that HAVE there means a child task found public price evidence and a plausible scraper path -- NOT that a crawler exists. Recorded as PENDING: it still needs to be implemented and live-tested before ingestion.
JERO,sri_lanka,166.0,FNB_LIKELY,PENDING,Jingles.lk,https://jingles.lk/product-category/new-arrivals/,jingles.lk,P2 - queue / EVIDENCE-ONLY,From Will's 2026-09-11 South Asia wave. His handover states explicitly that HAVE there means a child task found public price evidence and a plausible scraper path -- NOT that a crawler exists. Recorded as PENDING: it still needs to be implemented and live-tested before ingestion.
JERO,sri_lanka,166.0,FNB_LIKELY,PENDING,Vision Care Online,https://shop.visioncare.lk/spectacles,shop.visioncare.lk,P2 - queue / EVIDENCE-ONLY,From Will's 2026-09-11 South Asia wave. His handover states explicitly that HAVE there means a child task found public price evidence and a plausible scraper path -- NOT that a crawler exists. Recorded as PENDING: it still needs to be implemented and live-tested before ingestion.
JERO,sri_lanka,166.0,FNB_LIKELY,PENDING,M. A. Jayasinghe Opticians,https://majayasingheopticians.lk/,majayasingheopticians.lk,P2 - queue / EVIDENCE-ONLY,From Will's 2026-09-11 South Asia wave. His handover states explicitly that HAVE there means a child task found public price evidence and a plausible scraper path -- NOT that a crawler exists. Recorded as PENDING: it still needs to be implemented and live-tested before ingestion.
JERO,sri_lanka,166.0,FNB_LIKELY,PENDING,Specsplus.lk,https://www.specsplus.lk/categories/EYEGLASSES,specsplus.lk,P2 - queue / EVIDENCE-ONLY,From Will's 2026-09-11 South Asia wave. His handover states explicitly that HAVE there means a child task found public price evidence and a plausible scraper path -- NOT that a crawler exists. Recorded as PENDING: it still needs to be implemented and live-tested before ingestion.
JERO,sri_lanka,166.0,FNB_LIKELY,PENDING,HurryHurry.lk,https://hurryhurry.lk/,hurryhurry.lk,P2 - queue / EVIDENCE-ONLY,From Will's 2026-09-11 South Asia wave. His handover states explicitly that HAVE there means a child task found public price evidence and a plausible scraper path -- NOT that a crawler exists. Recorded as PENDING: it still needs to be implemented and live-tested before ingestion.
JERO,sri_lanka,166.0,FNB_LIKELY,PENDING,RumikMart,https://rumikmart.com/,rumikmart.com,P2 - queue / EVIDENCE-ONLY,From Will's 2026-09-11 South Asia wave. His handover states explicitly that HAVE there means a child task found public price evidence and a plausible scraper path -- NOT that a crawler exists. Recorded as PENDING: it still needs to be implemented and live-tested before ingestion.
JERO,sri_lanka,166.0,FNB_LIKELY,PENDING,Sri Lanka Stores Tea,https://www.srilankastores.com/product-categories/tea,srilankastores.com,P2 - queue / EVIDENCE-ONLY,From Will's 2026-09-11 South Asia wave. His handover states explicitly that HAVE there means a child task found public price evidence and a plausible scraper path -- NOT that a crawler exists. Recorded as PENDING: it still needs to be implemented and live-tested before ingestion.
JERO,sri_lanka,166.0,FNB_LIKELY,PENDING,Nevis Coffee,https://neviscoffee.lk/shop/,neviscoffee.lk,P2 - queue / EVIDENCE-ONLY,From Will's 2026-09-11 South Asia wave. His handover states explicitly that HAVE there means a child task found public price evidence and a plausible scraper path -- NOT that a crawler exists. Recorded as PENDING: it still needs to be implemented and live-tested before ingestion.
JERO,sri_lanka,166.0,FNB_LIKELY,PENDING,Aqua Swift,https://aquaswift.lk/,aquaswift.lk,P2 - queue / EVIDENCE-ONLY,From Will's 2026-09-11 South Asia wave. His handover states explicitly that HAVE there means a child task found public price evidence and a plausible scraper path -- NOT that a crawler exists. Recorded as PENDING: it still needs to be implemented and live-tested before ingestion.
JERO,sri_lanka,166.0,FNB_LIKELY,PENDING,Catchme.lk Mineral Water,https://catchme.lk/c/food-beverage/beverages/mineral-water/,catchme.lk,P2 - queue / EVIDENCE-ONLY,From Will's 2026-09-11 South Asia wave. His handover states explicitly that HAVE there means a child task found public price evidence and a plausible scraper path -- NOT that a crawler exists. Recorded as PENDING: it still needs to be implemented and live-tested before ingestion.
JERO,sri_lanka,166.0,FNB_LIKELY,PENDING,Nature's Corner,https://naturescorner.lk/shop?category_id=18,naturescorner.lk,P2 - queue / EVIDENCE-ONLY,From Will's 2026-09-11 South Asia wave. His handover states explicitly that HAVE there means a child task found public price evidence and a plausible scraper path -- NOT that a crawler exists. Recorded as PENDING: it still needs to be implemented and live-tested before ingestion.
JERO,sri_lanka,166.0,FNB_LIKELY,PENDING,Stassen Tea,https://stassentea.com/,stassentea.com,P2 - queue / EVIDENCE-ONLY,From Will's 2026-09-11 South Asia wave. His handover states explicitly that HAVE there means a child task found public price evidence and a plausible scraper path -- NOT that a crawler exists. Recorded as PENDING: it still needs to be implemented and live-tested before ingestion.
JERO,sri_lanka,166.0,FNB_LIKELY,PENDING,BabyStore.lk,https://www.babystore.lk/,babystore.lk,P2 - queue / EVIDENCE-ONLY,From Will's 2026-09-11 South Asia wave. His handover states explicitly that HAVE there means a child task found public price evidence and a plausible scraper path -- NOT that a crawler exists. Recorded as PENDING: it still needs to be implemented and live-tested before ingestion.
JERO,sri_lanka,166.0,FNB_LIKELY,PENDING,Baby Needs Colombo,https://www.babyneeds.lk/,babyneeds.lk,P2 - queue / EVIDENCE-ONLY,From Will's 2026-09-11 South Asia wave. His handover states explicitly that HAVE there means a child task found public price evidence and a plausible scraper path -- NOT that a crawler exists. Recorded as PENDING: it still needs to be implemented and live-tested before ingestion.
JERO,sri_lanka,166.0,FNB_LIKELY,PENDING,Tash Baby Care,https://tashbabycare.lk/,tashbabycare.lk,P2 - queue / EVIDENCE-ONLY,From Will's 2026-09-11 South Asia wave. His handover states explicitly that HAVE there means a child task found public price evidence and a plausible scraper path -- NOT that a crawler exists. Recorded as PENDING: it still needs to be implemented and live-tested before ingestion.
JERO,sri_lanka,166.0,FNB_LIKELY,PENDING,Kids Mart,https://www.kidsmart.lk/,kidsmart.lk,P2 - queue / EVIDENCE-ONLY,From Will's 2026-09-11 South Asia wave. His handover states explicitly that HAVE there means a child task found public price evidence and a plausible scraper path -- NOT that a crawler exists. Recorded as PENDING: it still needs to be implemented and live-tested before ingestion.
JERO,sri_lanka,166.0,FNB_LIKELY,PENDING,Kiddoz.lk,https://kiddoz.lk/,kiddoz.lk,P2 - queue / EVIDENCE-ONLY,From Will's 2026-09-11 South Asia wave. His handover states explicitly that HAVE there means a child task found public price evidence and a plausible scraper path -- NOT that a crawler exists. Recorded as PENDING: it still needs to be implemented and live-tested before ingestion.
JERO,sri_lanka,166.0,FNB_LIKELY,PENDING,Petmart.lk,https://petmart.lk/,petmart.lk,P2 - queue / EVIDENCE-ONLY,From Will's 2026-09-11 South Asia wave. His handover states explicitly that HAVE there means a child task found public price evidence and a plausible scraper path -- NOT that a crawler exists. Recorded as PENDING: it still needs to be implemented and live-tested before ingestion.
JERO,sri_lanka,166.0,FNB_LIKELY,PENDING,PetBarn.lk,https://www.petbarn.lk/product-category/pet-food/,petbarn.lk,P2 - queue / EVIDENCE-ONLY,From Will's 2026-09-11 South Asia wave. His handover states explicitly that HAVE there means a child task found public price evidence and a plausible scraper path -- NOT that a crawler exists. Recorded as PENDING: it still needs to be implemented and live-tested before ingestion.
JERO,sri_lanka,166.0,FNB_LIKELY,PENDING,Poth Pancha,https://www.pothpancha.lk/writer/susara-publications,pothpancha.lk,P2 - queue / EVIDENCE-ONLY,From Will's 2026-09-11 South Asia wave. His handover states explicitly that HAVE there means a child task found public price evidence and a plausible scraper path -- NOT that a crawler exists. Recorded as PENDING: it still needs to be implemented and live-tested before ingestion.
JERO,cyprus,167.0,FNB_LIKELY,PENDING,Papantoniou,https://www.papantoniou.com.cy/,papantoniou.com.cy,P2 - queue / ACCEPT,"Candidate found in the 2026-08-31 sourcing round, never built. build_tier=C - engineering required; scrapability=3.0; class=Custom"
JERO,cyprus,167.0,FNB_LIKELY,PENDING,SupermarketCy,https://www.supermarketcy.com.cy/en,supermarketcy.com.cy,P2 - queue / ACCEPT,"Candidate found in the 2026-08-31 sourcing round, never built. build_tier=C - engineering required; scrapability=3.0; class=Custom"
JERO,cyprus,167.0,FNB_LIKELY,PENDING,cyprus_cigarscyprus,https://cigarscyprus.com/,cigarscyprus.com,P2 - queue / NEEDS-CUSTOM-CRAWLER,Downloaded CSV batch on 2026-09-12; normalized site was not present in the base workbook | scraping ease: Moderate | pricing visible: No | add as a new scrape target and crawler-creation candidate
JERO,cyprus,167.0,FNB_LIKELY,PENDING,cyprus_cypruscigars,https://www.cypruscigars.com/,cypruscigars.com,P2 - queue / NEEDS-CUSTOM-CRAWLER,Downloaded CSV batch on 2026-09-12; normalized site was not present in the base workbook | scraping ease: Moderate | pricing visible: No | add as a new scrape target and crawler-creation candidate
JERO,cyprus,167.0,FNB_LIKELY,PENDING,cyprus_dom_cy,https://dom.com.cy/en/live/lifehacks/sigarety-i-kureniye-na-kipre/,dom.com.cy,P2 - queue / NEEDS-CUSTOM-CRAWLER,Downloaded CSV batch on 2026-09-12; normalized site was not present in the base workbook | scraping ease: Moderate | pricing visible: Limited | add as a new scrape target and crawler-creation candidate
JERO,cyprus,167.0,FNB_LIKELY,PENDING,cyprus_hotboxcy,https://hotboxcy.com/,hotboxcy.com,P2 - queue / NEEDS-CUSTOM-CRAWLER,Downloaded CSV batch on 2026-09-12; normalized site was not present in the base workbook | scraping ease: Moderate | pricing visible: Limited | add as a new scrape target and crawler-creation candidate
JERO,cyprus,167.0,FNB_LIKELY,PENDING,cyprus_thecygarshop,https://www.thecygarshop.com/,thecygarshop.com,P2 - queue / NEEDS-CUSTOM-CRAWLER,Downloaded CSV batch on 2026-09-12; normalized site was not present in the base workbook | scraping ease: Easy | pricing visible: Yes | add as a new scrape target and crawler-creation candidate
JERO,denmark,170.0,FNB_LIKELY,PENDING,Coop.dk MAD,https://mad.coop.dk/,mad.coop.dk,P2 - queue / ACCEPT,"Candidate found in the 2026-08-31 sourcing round, never built. build_tier=C - engineering required; scrapability=3.0; class=Custom"
JERO,denmark,170.0,FNB_LIKELY,PENDING,denmark_cigarshop_dk,https://cigarshop.dk/,cigarshop.dk,P2 - queue / NEEDS-CUSTOM-CRAWLER,Downloaded CSV batch on 2026-09-12; normalized site was not present in the base workbook | scraping ease: Easy | pricing visible: Yes | add as a new scrape target and crawler-creation candidate
JERO,denmark,170.0,FNB_LIKELY,PENDING,denmark_cigarstuen_dk,https://www.cigarstuen.dk/,cigarstuen.dk,P2 - queue / NEEDS-CUSTOM-CRAWLER,Downloaded CSV batch on 2026-09-12; normalized site was not present in the base workbook | scraping ease: Easy | pricing visible: Yes | add as a new scrape target and crawler-creation candidate
JERO,denmark,170.0,FNB_LIKELY,PENDING,denmark_havnens_vin_dk,https://havnens-vin.dk/cigar.html,havnens-vin.dk,P2 - queue / NEEDS-CUSTOM-CRAWLER,Downloaded CSV batch on 2026-09-12; normalized site was not present in the base workbook | scraping ease: Moderate | pricing visible: Limited | add as a new scrape target and crawler-creation candidate
JERO,denmark,170.0,FNB_LIKELY,PENDING,denmark_jware_dk,https://jware.dk/https-jware-dk-cigar-shop/,jware.dk,P2 - queue / NEEDS-CUSTOM-CRAWLER,Downloaded CSV batch on 2026-09-12; normalized site was not present in the base workbook | scraping ease: Easy | pricing visible: Yes | add as a new scrape target and crawler-creation candidate
JERO,denmark,170.0,FNB_LIKELY,PENDING,denmark_taxfree_heinemann_dk,https://www.taxfree-heinemann.dk/en/global/other/tobacco/cigarettes/c/cphcat_8010/,taxfree-heinemann.dk,P2 - queue / NEEDS-CUSTOM-CRAWLER,Downloaded CSV batch on 2026-09-12; normalized site was not present in the base workbook | scraping ease: Easy | pricing visible: Yes | add as a new scrape target and crawler-creation candidate
JERO,bahrain,171.0,FNB_LIKELY,PENDING,Carrefour Bahrain,https://www.carrefour.com/,carrefour.com,P2 - queue / Directory/report,"Candidate found in the 2026-08-31 sourcing round, never built. build_tier=C - engineering required; scrapability=nan; class=Hypermarket/online grocery"
JERO,bahrain,171.0,FNB_LIKELY,PENDING,Lulu Hypermarket Bahrain,https://www.luluhypermarket.com/,luluhypermarket.com,P2 - queue / Directory/report,"Candidate found in the 2026-08-31 sourcing round, never built. build_tier=C - engineering required; scrapability=nan; class=Hypermarket/online grocery"
JERO,bahrain,171.0,FNB_LIKELY,PENDING,Noon country access Bahrain,https://www.noon.com/,noon.com,P2 - queue / Directory/report,"Candidate found in the 2026-08-31 sourcing round, never built. build_tier=C - engineering required; scrapability=nan; class=General marketplace"
JERO,bahrain,171.0,FNB_LIKELY,PENDING,YallaRX country market-access check,https://yallarx.com/,yallarx.com,P2 - queue / Direct,"Candidate found in the 2026-08-31 sourcing round, never built. build_tier=C - engineering required; scrapability=nan; class=Healthcare B2B marketplace"
JERO,bahrain,171.0,FNB_LIKELY,PENDING,bahrain_bidfoodme,https://www.bidfoodme.com/bahrain,bidfoodme.com,P2 - queue / NEEDS-CUSTOM-CRAWLER,Downloaded CSV batch on 2026-09-12; normalized site was not present in the base workbook | scraping ease: Moderate | pricing visible: Limited | add as a new scrape target and crawler-creation candidate
JERO,bahrain,171.0,FNB_LIKELY,PENDING,bahrain_bmmishops,https://bmmishops.com/,bmmishops.com,P2 - queue / NEEDS-CUSTOM-CRAWLER,Downloaded CSV batch on 2026-09-12; normalized site was not present in the base workbook | scraping ease: Easy | pricing visible: Yes | add as a new scrape target and crawler-creation candidate
JERO,bahrain,171.0,FNB_LIKELY,PENDING,bahrain_dutyfree_bh,https://www.dutyfree.bh/,dutyfree.bh,P2 - queue / NEEDS-CUSTOM-CRAWLER,Downloaded CSV batch on 2026-09-12; normalized site was not present in the base workbook | scraping ease: Moderate | pricing visible: Yes | add as a new scrape target and crawler-creation candidate
JERO,bahrain,171.0,FNB_LIKELY,PENDING,bahrain_gulfbrands,https://www.gulfbrands.com/,gulfbrands.com,P2 - queue / NEEDS-CUSTOM-CRAWLER,Downloaded CSV batch on 2026-09-12; normalized site was not present in the base workbook | scraping ease: Moderate | pricing visible: Limited | add as a new scrape target and crawler-creation candidate
JERO,bahrain,171.0,FNB_LIKELY,PENDING,bahrain_teambahar,https://teambahar.com/?lang=en,teambahar.com,P2 - queue / NEEDS-CUSTOM-CRAWLER,Downloaded CSV batch on 2026-09-12; normalized site was not present in the base workbook | scraping ease: Easy | add as a new scrape target and crawler-creation candidate
JERO,pakistan,172.0,FNB_LIKELY,PENDING,HomeShopping,https://www.homeshopping.pk/,homeshopping.pk,P2 - queue / Directory/report,"Candidate found in the 2026-08-31 sourcing round, never built. build_tier=C - engineering required; scrapability=nan; class=General/electronics retail"
JERO,pakistan,172.0,FNB_LIKELY,PENDING,Carrefour Pakistan,https://www.carrefour.pk/mafpak/en/c/Flash_Sale,carrefour.pk,P2 - queue / EVIDENCE-ONLY,From Will's 2026-09-11 South Asia wave. His handover states explicitly that HAVE there means a child task found public price evidence and a plausible scraper path -- NOT that a crawler exists. Recorded as PENDING: it still needs to be implemented and live-tested before ingestion.
JERO,pakistan,172.0,FNB_LIKELY,PENDING,Punjab Super Store,https://www.punjabstore.pk/Products/ProductsPage?dept=0001&grp=0002,punjabstore.pk,P2 - queue / EVIDENCE-ONLY,From Will's 2026-09-11 South Asia wave. His handover states explicitly that HAVE there means a child task found public price evidence and a plausible scraper path -- NOT that a crawler exists. Recorded as PENDING: it still needs to be implemented and live-tested before ingestion.
JERO,pakistan,172.0,FNB_LIKELY,PENDING,Asan Bazar,https://asanbazar.pk/,asanbazar.pk,P2 - queue / EVIDENCE-ONLY,From Will's 2026-09-11 South Asia wave. His handover states explicitly that HAVE there means a child task found public price evidence and a plausible scraper path -- NOT that a crawler exists. Recorded as PENDING: it still needs to be implemented and live-tested before ingestion.
JERO,pakistan,172.0,FNB_LIKELY,PENDING,Almadina KS,https://www.almadinaks.com/products,almadinaks.com,P2 - queue / EVIDENCE-ONLY,From Will's 2026-09-11 South Asia wave. His handover states explicitly that HAVE there means a child task found public price evidence and a plausible scraper path -- NOT that a crawler exists. Recorded as PENDING: it still needs to be implemented and live-tested before ingestion.
JERO,pakistan,172.0,FNB_LIKELY,LAST_TRY_FAILED,METRO Pakistan Online Supermarket,https://www.metro.pk/Online-Supermarket,metro.pk,SKIP / CHILD-TASK-SKIP,"Will's 2026-09-11 South Asia wave marked this SKIP (app-gated, no price, or wrong country)."
JERO,pakistan,172.0,FNB_LIKELY,LAST_TRY_FAILED,foodpanda pandamart/shops,https://www.foodpanda.pk/groceries,foodpanda.pk,SKIP / CHILD-TASK-SKIP,"Will's 2026-09-11 South Asia wave marked this SKIP (app-gated, no price, or wrong country)."
JERO,pakistan,172.0,FNB_LIKELY,PENDING,Bazaar App,https://www.bazaarapp.com/,bazaarapp.com,P2 - queue / CANDIDATE,From Will's 2026-09-11 South Asia wave. His handover states explicitly that HAVE there means a child task found public price evidence and a plausible scraper path -- NOT that a crawler exists. Recorded as PENDING: it still needs to be implemented and live-tested before ingestion.
JERO,pakistan,172.0,FNB_LIKELY,PENDING,Pak Supermarket,https://paksupermarkets.com/,paksupermarkets.com,P2 - queue / CANDIDATE,From Will's 2026-09-11 South Asia wave. His handover states explicitly that HAVE there means a child task found public price evidence and a plausible scraper path -- NOT that a crawler exists. Recorded as PENDING: it still needs to be implemented and live-tested before ingestion.
JERO,pakistan,172.0,FNB_LIKELY,PENDING,KS International / KSI Pharma,https://www.ksipharma.com/,ksipharma.com,P2 - queue / EVIDENCE-ONLY,From Will's 2026-09-11 South Asia wave. His handover states explicitly that HAVE there means a child task found public price evidence and a plausible scraper path -- NOT that a crawler exists. Recorded as PENDING: it still needs to be implemented and live-tested before ingestion.
JERO,pakistan,172.0,FNB_LIKELY,PENDING,Flashi Health & Pharmacy,https://www.flashi.pk/health-pharmacy,flashi.pk,P2 - queue / EVIDENCE-ONLY,From Will's 2026-09-11 South Asia wave. His handover states explicitly that HAVE there means a child task found public price evidence and a plausible scraper path -- NOT that a crawler exists. Recorded as PENDING: it still needs to be implemented and live-tested before ingestion.
JERO,pakistan,172.0,FNB_LIKELY,PENDING,PEL eShop,https://eshop.pel.com.pk/,eshop.pel.com.pk,P2 - queue / EVIDENCE-ONLY,From Will's 2026-09-11 South Asia wave. His handover states explicitly that HAVE there means a child task found public price evidence and a plausible scraper path -- NOT that a crawler exists. Recorded as PENDING: it still needs to be implemented and live-tested before ingestion.
JERO,pakistan,172.0,FNB_LIKELY,PENDING,Shan Furniture,https://shanfurniture.com/,shanfurniture.com,P2 - queue / EVIDENCE-ONLY,From Will's 2026-09-11 South Asia wave. His handover states explicitly that HAVE there means a child task found public price evidence and a plausible scraper path -- NOT that a crawler exists. Recorded as PENDING: it still needs to be implemented and live-tested before ingestion.
JERO,pakistan,172.0,FNB_LIKELY,PENDING,JF Homes,https://jfhomes.com.pk/,jfhomes.com.pk,P2 - queue / EVIDENCE-ONLY,From Will's 2026-09-11 South Asia wave. His handover states explicitly that HAVE there means a child task found public price evidence and a plausible scraper path -- NOT that a crawler exists. Recorded as PENDING: it still needs to be implemented and live-tested before ingestion.
JERO,pakistan,172.0,FNB_LIKELY,PENDING,Quick Delivery Pakistan Karachi,https://www.quickdelivery.pk/delivery/karachi,quickdelivery.pk,P2 - queue / EVIDENCE-ONLY,From Will's 2026-09-11 South Asia wave. His handover states explicitly that HAVE there means a child task found public price evidence and a plausible scraper path -- NOT that a crawler exists. Recorded as PENDING: it still needs to be implemented and live-tested before ingestion.
JERO,pakistan,172.0,FNB_LIKELY,PENDING,Gomart.pk,https://gomart.pk/,gomart.pk,P2 - queue / EVIDENCE-ONLY,From Will's 2026-09-11 South Asia wave. His handover states explicitly that HAVE there means a child task found public price evidence and a plausible scraper path -- NOT that a crawler exists. Recorded as PENDING: it still needs to be implemented and live-tested before ingestion.
JERO,pakistan,172.0,FNB_LIKELY,PENDING,MyCart.pk,https://www.mycart.pk/,mycart.pk,P2 - queue / EVIDENCE-ONLY,From Will's 2026-09-11 South Asia wave. His handover states explicitly that HAVE there means a child task found public price evidence and a plausible scraper path -- NOT that a crawler exists. Recorded as PENDING: it still needs to be implemented and live-tested before ingestion.
JERO,pakistan,172.0,FNB_LIKELY,PENDING,Green Stores,https://www.greenstores.org/,greenstores.org,P2 - queue / EVIDENCE-ONLY,From Will's 2026-09-11 South Asia wave. His handover states explicitly that HAVE there means a child task found public price evidence and a plausible scraper path -- NOT that a crawler exists. Recorded as PENDING: it still needs to be implemented and live-tested before ingestion.
JERO,pakistan,172.0,FNB_LIKELY,PENDING,Hydri Supermarket,https://www.hydrisupermarket.com.pk/fresh-products,hydrisupermarket.com.pk,P2 - queue / EVIDENCE-ONLY,From Will's 2026-09-11 South Asia wave. His handover states explicitly that HAVE there means a child task found public price evidence and a plausible scraper path -- NOT that a crawler exists. Recorded as PENDING: it still needs to be implemented and live-tested before ingestion.
JERO,pakistan,172.0,FNB_LIKELY,PENDING,Keryana Store,https://keryanastore.com/Fresh-Foods/,keryanastore.com,P2 - queue / EVIDENCE-ONLY,From Will's 2026-09-11 South Asia wave. His handover states explicitly that HAVE there means a child task found public price evidence and a plausible scraper path -- NOT that a crawler exists. Recorded as PENDING: it still needs to be implemented and live-tested before ingestion.
JERO,pakistan,172.0,FNB_LIKELY,PENDING,CartPK Meat & Poultry,https://www.cartpk.com/meat-poultry,cartpk.com,P2 - queue / EVIDENCE-ONLY,From Will's 2026-09-11 South Asia wave. His handover states explicitly that HAVE there means a child task found public price evidence and a plausible scraper path -- NOT that a crawler exists. Recorded as PENDING: it still needs to be implemented and live-tested before ingestion.
JERO,pakistan,172.0,FNB_LIKELY,PENDING,Bake1,https://www.bake1.pk/store/c/breads,bake1.pk,P2 - queue / EVIDENCE-ONLY,From Will's 2026-09-11 South Asia wave. His handover states explicitly that HAVE there means a child task found public price evidence and a plausible scraper path -- NOT that a crawler exists. Recorded as PENDING: it still needs to be implemented and live-tested before ingestion.
JERO,pakistan,172.0,FNB_LIKELY,PENDING,Bakesoft,https://bakensoft.com/,bakensoft.com,P2 - queue / EVIDENCE-ONLY,From Will's 2026-09-11 South Asia wave. His handover states explicitly that HAVE there means a child task found public price evidence and a plausible scraper path -- NOT that a crawler exists. Recorded as PENDING: it still needs to be implemented and live-tested before ingestion.
JERO,pakistan,172.0,FNB_LIKELY,PENDING,ChiltanPure Dairy,https://chiltanpure.pk/collections/dairy-products-in-pakistan,chiltanpure.pk,P2 - queue / EVIDENCE-ONLY,From Will's 2026-09-11 South Asia wave. His handover states explicitly that HAVE there means a child task found public price evidence and a plausible scraper path -- NOT that a crawler exists. Recorded as PENDING: it still needs to be implemented and live-tested before ingestion.
JERO,pakistan,172.0,FNB_LIKELY,PENDING,Wholesaler.pk Dairy,https://wholesaler.pk/groceries/dairy,wholesaler.pk,P2 - queue / EVIDENCE-ONLY,From Will's 2026-09-11 South Asia wave. His handover states explicitly that HAVE there means a child task found public price evidence and a plausible scraper path -- NOT that a crawler exists. Recorded as PENDING: it still needs to be implemented and live-tested before ingestion.
JERO,pakistan,172.0,FNB_LIKELY,PENDING,Adnan Brothers,https://adnanbrothers.com/,adnanbrothers.com,P2 - queue / EVIDENCE-ONLY,From Will's 2026-09-11 South Asia wave. His handover states explicitly that HAVE there means a child task found public price evidence and a plausible scraper path -- NOT that a crawler exists. Recorded as PENDING: it still needs to be implemented and live-tested before ingestion.
JERO,pakistan,172.0,FNB_LIKELY,PENDING,Toylo,https://toylo.pk/products,toylo.pk,P2 - queue / EVIDENCE-ONLY,From Will's 2026-09-11 South Asia wave. His handover states explicitly that HAVE there means a child task found public price evidence and a plausible scraper path -- NOT that a crawler exists. Recorded as PENDING: it still needs to be implemented and live-tested before ingestion.
JERO,pakistan,172.0,FNB_LIKELY,PENDING,Buyon Toys,https://www.buyon.pk/toys-kids-and-babies,buyon.pk,P2 - queue / EVIDENCE-ONLY,From Will's 2026-09-11 South Asia wave. His handover states explicitly that HAVE there means a child task found public price evidence and a plausible scraper path -- NOT that a crawler exists. Recorded as PENDING: it still needs to be implemented and live-tested before ingestion.
JERO,pakistan,172.0,FNB_LIKELY,PENDING,StorePanda,https://storepanda.pk/,storepanda.pk,P2 - queue / EVIDENCE-ONLY,From Will's 2026-09-11 South Asia wave. His handover states explicitly that HAVE there means a child task found public price evidence and a plausible scraper path -- NOT that a crawler exists. Recorded as PENDING: it still needs to be implemented and live-tested before ingestion.
JERO,pakistan,172.0,FNB_LIKELY,PENDING,GolBazar,https://www.golbazar.pk/,golbazar.pk,P2 - queue / CANDIDATE,From Will's 2026-09-11 South Asia wave. His handover states explicitly that HAVE there means a child task found public price evidence and a plausible scraper path -- NOT that a crawler exists. Recorded as PENDING: it still needs to be implemented and live-tested before ingestion.
JERO,pakistan,172.0,FNB_LIKELY,PENDING,Faisalabad Grocery Store,https://faisalabadgrocery.store/,faisalabadgrocery.store,P2 - queue / CANDIDATE,From Will's 2026-09-11 South Asia wave. His handover states explicitly that HAVE there means a child task found public price evidence and a plausible scraper path -- NOT that a crawler exists. Recorded as PENDING: it still needs to be implemented and live-tested before ingestion.
JERO,pakistan,172.0,FNB_LIKELY,PENDING,ShopRight Club,https://shopright.club/shop,shopright.club,P2 - queue / EVIDENCE-ONLY,From Will's 2026-09-11 South Asia wave. His handover states explicitly that HAVE there means a child task found public price evidence and a plausible scraper path -- NOT that a crawler exists. Recorded as PENDING: it still needs to be implemented and live-tested before ingestion.
JERO,pakistan,172.0,FNB_LIKELY,PENDING,Fairo.pk,https://fairo.pk/,fairo.pk,P2 - queue / CANDIDATE,From Will's 2026-09-11 South Asia wave. His handover states explicitly that HAVE there means a child task found public price evidence and a plausible scraper path -- NOT that a crawler exists. Recorded as PENDING: it still needs to be implemented and live-tested before ingestion.
JERO,pakistan,172.0,FNB_LIKELY,PENDING,The HKB Grocery Beverages Water,https://thehkb.com/collections/grocery-beverages-water,thehkb.com,P2 - queue / EVIDENCE-ONLY,From Will's 2026-09-11 South Asia wave. His handover states explicitly that HAVE there means a child task found public price evidence and a plausible scraper path -- NOT that a crawler exists. Recorded as PENDING: it still needs to be implemented and live-tested before ingestion.
JERO,pakistan,172.0,FNB_LIKELY,PENDING,Bombay Dry Fruits Beverages,https://www.bombaydryfruits.com/everyday-essentials/beverages,bombaydryfruits.com,P2 - queue / EVIDENCE-ONLY,From Will's 2026-09-11 South Asia wave. His handover states explicitly that HAVE there means a child task found public price evidence and a plausible scraper path -- NOT that a crawler exists. Recorded as PENDING: it still needs to be implemented and live-tested before ingestion.
JERO,pakistan,172.0,FNB_LIKELY,PENDING,FreshMeat.com.pk,https://www.freshmeat.com.pk/products/boneless-chicken-cubes,freshmeat.com.pk,P2 - queue / EVIDENCE-ONLY,From Will's 2026-09-11 South Asia wave. His handover states explicitly that HAVE there means a child task found public price evidence and a plausible scraper path -- NOT that a crawler exists. Recorded as PENDING: it still needs to be implemented and live-tested before ingestion.
JERO,pakistan,172.0,FNB_LIKELY,PENDING,AsaanQurbani Premium Meat,https://asaan-qurbani.vercel.app/en/meat,asaan-qurbani.vercel.app,P2 - queue / EVIDENCE-ONLY,From Will's 2026-09-11 South Asia wave. His handover states explicitly that HAVE there means a child task found public price evidence and a plausible scraper path -- NOT that a crawler exists. Recorded as PENDING: it still needs to be implemented and live-tested before ingestion.
JERO,pakistan,172.0,FNB_LIKELY,PENDING,Bin Barkat Pharmacy,https://binbarkatpharma.com/,binbarkatpharma.com,P2 - queue / EVIDENCE-ONLY,From Will's 2026-09-11 South Asia wave. His handover states explicitly that HAVE there means a child task found public price evidence and a plausible scraper path -- NOT that a crawler exists. Recorded as PENDING: it still needs to be implemented and live-tested before ingestion.
JERO,pakistan,172.0,FNB_LIKELY,PENDING,Qemat,https://app.qemat.pk/,app.qemat.pk,P2 - queue / CANDIDATE,From Will's 2026-09-11 South Asia wave. His handover states explicitly that HAVE there means a child task found public price evidence and a plausible scraper path -- NOT that a crawler exists. Recorded as PENDING: it still needs to be implemented and live-tested before ingestion.
JERO,pakistan,172.0,FNB_LIKELY,PENDING,Uttam,https://uttampk.com/,uttampk.com,P2 - queue / EVIDENCE-ONLY,From Will's 2026-09-11 South Asia wave. His handover states explicitly that HAVE there means a child task found public price evidence and a plausible scraper path -- NOT that a crawler exists. Recorded as PENDING: it still needs to be implemented and live-tested before ingestion.
JERO,pakistan,172.0,FNB_LIKELY,PENDING,ServeU / Mall 786,https://www.serveu.pk/product-categories/freshsadas/produce,serveu.pk,P2 - queue / EVIDENCE-ONLY,From Will's 2026-09-11 South Asia wave. His handover states explicitly that HAVE there means a child task found public price evidence and a plausible scraper path -- NOT that a crawler exists. Recorded as PENDING: it still needs to be implemented and live-tested before ingestion.
JERO,pakistan,172.0,FNB_LIKELY,PENDING,MartEzee WordPress/TazaMart archive,https://martezee.wordpress.com/,martezee.wordpress.com,P2 - queue / CANDIDATE,From Will's 2026-09-11 South Asia wave. His handover states explicitly that HAVE there means a child task found public price evidence and a plausible scraper path -- NOT that a crawler exists. Recorded as PENDING: it still needs to be implemented and live-tested before ingestion.
JERO,new_zealand,174.0,FNB_LIKELY,PENDING,new_zealand_shoparound_nz,https://shoparound.nz/,shoparound.nz,P2 - queue / NEEDS-CUSTOM-CRAWLER,Downloaded CSV batch on 2026-09-12; normalized site was not present in the base workbook | scraping ease: Easy | add as a new scrape target and crawler-creation candidate
JERO,kazakhstan,175.0,FNB_LIKELY,PENDING,Airba Fresh,https://airba.kz/,airba.kz,P2 - queue / SUSPECT,"Candidate found in the 2026-08-31 sourcing round, never built. build_tier=not scored; scrapability=nan; class=Custom"
JERO,kazakhstan,175.0,FNB_LIKELY,PENDING,Wildberries Kazakhstan,https://www.wildberries.kz/,wildberries.kz,P2 - queue / Directory/report,"Candidate found in the 2026-08-31 sourcing round, never built. build_tier=C - engineering required; scrapability=nan; class=General marketplace"
JERO,barbados,177.0,FNB_LIKELY,PENDING,Cave Shepherd,https://caveshepherd.com/,caveshepherd.com,P2 - queue / Directory/report,"Candidate found in the 2026-08-31 sourcing round, never built. build_tier=C - engineering required; scrapability=nan; class=Department store"
JERO,barbados,177.0,FNB_LIKELY,PENDING,PriceWhirl,http://www.pricewhirl.com/,pricewhirl.com,P2 - queue / SUSPECT,"Candidate found in the 2026-08-31 sourcing round, never built. build_tier=not scored; scrapability=nan; class=Custom"
JERO,barbados,177.0,FNB_LIKELY,PENDING,iMart Pharmacy Barbados,https://imartstores.com/,imartstores.com,P2 - queue / Directory/report,"Candidate found in the 2026-08-31 sourcing round, never built. build_tier=C - engineering required; scrapability=nan; class=Pharmacy/general retail"
JERO,barbados,177.0,FNB_LIKELY,PENDING,barbados_cave_shepherd,https://www.cave-shepherd.com/,cave-shepherd.com,P2 - queue / NEEDS-CUSTOM-CRAWLER,Downloaded CSV batch on 2026-09-12; normalized site was not present in the base workbook | scraping ease: Moderate | pricing visible: Limited | add as a new scrape target and crawler-creation candidate
JERO,barbados,177.0,FNB_LIKELY,PENDING,barbados_dutyfreecaribbean,https://www.dutyfreecaribbean.com/,dutyfreecaribbean.com,P2 - queue / NEEDS-CUSTOM-CRAWLER,Downloaded CSV batch on 2026-09-12; normalized site was not present in the base workbook | scraping ease: Moderate | pricing visible: Yes | add as a new scrape target and crawler-creation candidate
JERO,barbados,177.0,FNB_LIKELY,PENDING,barbados_massystoresbb,https://www.massystoresbb.com/,massystoresbb.com,P2 - queue / NEEDS-CUSTOM-CRAWLER,Downloaded CSV batch on 2026-09-12; normalized site was not present in the base workbook | scraping ease: Moderate | pricing visible: Limited | add as a new scrape target and crawler-creation candidate
JERO,barbados,177.0,FNB_LIKELY,PENDING,barbados_wineworldinc,https://www.wineworldinc.com/,wineworldinc.com,P2 - queue / NEEDS-CUSTOM-CRAWLER,Downloaded CSV batch on 2026-09-12; normalized site was not present in the base workbook | scraping ease: Moderate | pricing visible: Limited | add as a new scrape target and crawler-creation candidate
JERO,nigeria,183.0,FNB_LIKELY,PENDING,nigeria_foodprices_ng,https://foodprices.ng/,foodprices.ng,P2 - queue / NEEDS-CUSTOM-CRAWLER,Downloaded CSV batch on 2026-09-12; normalized site was not present in the base workbook | scraping ease: Easy | add as a new scrape target and crawler-creation candidate
JERO,armenia,185.0,FNB_LIKELY,PENDING,GeraMarket Caucasus access check,https://geramarket.com/,geramarket.com,P2 - queue / Directory/report,"Candidate found in the 2026-08-31 sourcing round, never built. build_tier=C - engineering required; scrapability=nan; class=Caucasus marketplace"
JERO,armenia,185.0,FNB_LIKELY,PENDING,armenia_davidoffcigars_am,https://davidoffcigars.am/en/,davidoffcigars.am,P2 - queue / NEEDS-CUSTOM-CRAWLER,Downloaded CSV batch on 2026-09-12; normalized site was not present in the base workbook | scraping ease: Moderate | pricing visible: Limited | add as a new scrape target and crawler-creation candidate
JERO,australia,188.0,FNB_LIKELY,PENDING,australia_cigarhut_au,https://www.cigarhut.com.au/,cigarhut.com.au,P2 - queue / NEEDS-CUSTOM-CRAWLER,Downloaded CSV batch on 2026-09-12; normalized site was not present in the base workbook | scraping ease: Easy | pricing visible: Yes | add as a new scrape target and crawler-creation candidate
JERO,australia,188.0,FNB_LIKELY,PENDING,australia_cigars_au,https://www.cigars.com.au/,cigars.com.au,P2 - queue / NEEDS-CUSTOM-CRAWLER,Downloaded CSV batch on 2026-09-12; normalized site was not present in the base workbook | scraping ease: Easy | pricing visible: Yes | add as a new scrape target and crawler-creation candidate
JERO,egypt,191.0,FNB_LIKELY,PENDING,Amazon Egypt,https://www.amazon.eg/,amazon.eg,P1 - build now / Direct,"Candidate found in the 2026-08-31 sourcing round, never built. build_tier=A - low-hanging fruit; scrapability=nan; class=General marketplace"
JERO,egypt,191.0,FNB_LIKELY,PENDING,Breadfast,https://www.breadfast.com/,breadfast.com,P3 - backlog / SUSPECT,"Candidate found in the 2026-08-31 sourcing round, never built. build_tier=D - hard / app / index only; scrapability=1.0; class=App-only"
JERO,egypt,191.0,FNB_LIKELY,PENDING,Carrefour Egypt,https://www.carrefouregypt.com/,carrefouregypt.com,P1 - build now / ACCEPT,"Candidate found in the 2026-08-31 sourcing round, never built. build_tier=B - moderate effort; scrapability=4.0; class=Custom (MAF stack)"
JERO,egypt,191.0,FNB_LIKELY,PENDING,InstaShop Egypt,https://instashop.com/en-eg/,instashop.com,P2 - queue / ACCEPT,"Candidate found in the 2026-08-31 sourcing round, never built. build_tier=C - engineering required; scrapability=3.0; class=Custom"
JERO,egypt,191.0,FNB_LIKELY,PENDING,Jumia Egypt,https://www.jumia.com.eg/,jumia.com.eg,P1 - build now / Direct,"Candidate found in the 2026-08-31 sourcing round, never built. build_tier=A - low-hanging fruit; scrapability=nan; class=General marketplace"
JERO,egypt,191.0,FNB_LIKELY,PENDING,Rabbit,https://rabbitmart.com/,rabbitmart.com,P2 - queue / SUSPECT,"Candidate found in the 2026-08-31 sourcing round, never built. build_tier=C - engineering required; scrapability=3.0; class=Custom"
JERO,egypt,191.0,FNB_LIKELY,PENDING,egypt_madeinegypt,https://madeinegypt.com/retail.php,madeinegypt.com,P2 - queue / NEEDS-CUSTOM-CRAWLER,Downloaded CSV batch on 2026-09-12; normalized site was not present in the base workbook | scraping ease: Moderate | add as a new scrape target and crawler-creation candidate
JERO,trinidad_and_tobago,196.0,FNB_LIKELY,PENDING,Excellent Stores,https://excellentstores.com/,excellentstores.com,P2 - queue / Directory/report,"Candidate found in the 2026-08-31 sourcing round, never built. build_tier=C - engineering required; scrapability=nan; class=Department/home store"
JERO,trinidad_and_tobago,196.0,FNB_LIKELY,PENDING,Gofuh,https://gofuhdeliveries.wixsite.com/gofuh,gofuhdeliveries.wixsite.com,P2 - queue / SUSPECT,"Candidate found in the 2026-08-31 sourcing round, never built. build_tier=not scored; scrapability=nan; class=Wix"
JERO,cambodia,205.0,FNB_LIKELY,PENDING,cambodia_cambodiayp,https://www.cambodiayp.com/category/Cigars_and_Tobacco,cambodiayp.com,P2 - queue / NEEDS-CUSTOM-CRAWLER,Downloaded CSV batch on 2026-09-12; normalized site was not present in the base workbook | scraping ease: Moderate | pricing visible: No | add as a new scrape target and crawler-creation candidate
JERO,cambodia,205.0,FNB_LIKELY,PENDING,cambodia_k11mart_store,https://www.k11mart.store/en/categories/cigarette,k11mart.store,P2 - queue / NEEDS-CUSTOM-CRAWLER,Downloaded CSV batch on 2026-09-12; normalized site was not present in the base workbook | scraping ease: Easy | pricing visible: Yes | add as a new scrape target and crawler-creation candidate
JERO,cambodia,205.0,FNB_LIKELY,PENDING,cambodia_vtenh,https://www.vtenh.com/en/t/cat/others/groceries/others/cigarettes,vtenh.com,P2 - queue / NEEDS-CUSTOM-CRAWLER,Downloaded CSV batch on 2026-09-12; normalized site was not present in the base workbook | scraping ease: Easy | pricing visible: Yes | add as a new scrape target and crawler-creation candidate
JERO,cambodia,205.0,FNB_LIKELY,PENDING,cambodia_m_khmer24,https://m.khmer24.com/en/marlboro-cigarettes-for-sale-adid-13855594,m.khmer24.com,P2 - queue / NEEDS-CUSTOM-CRAWLER,Downloaded CSV batch on 2026-09-12; normalized site was not present in the base workbook | scraping ease: Moderate | pricing visible: Yes | add as a new scrape target and crawler-creation candidate
JERO,(?),,FNB_LIKELY,LAST_TRY_FAILED,foodpanda,,nan,SKIP / WAF/BOT-BLOCK,"PerimeterX (per-session token, collector beacons only) — in general — same vendor."
JERO,(AF),,FNB_LIKELY,LAST_TRY_FAILED,agrixmarketplace.com,,nan,SKIP / DEAD-SITE,"Unreachable / no online storefront exists (dead candidate, not a WAF) — HTTP 200 but the root path JS-redirects to `/lander`, a GoDaddy/wsimg domain-parking shell (`window.LANDER_SYSTEM=""PW""`, `parking-lander` static bundle). The marketplace itself no longer exists at this domain."
JERO,(AS),,FNB_LIKELY,LAST_TRY_FAILED,doa.as.gov,,nan,SKIP / DEAD-SITE,"Unreachable / no online storefront exists (dead candidate, not a WAF) — TLS handshake fails (`SSL: no alternative certificate subject name matches target hostname`); with `verify=False` the response is a generic ""CloudAccess.net Message"" hosting-suspended/parked placeholder, not the real site. Domain is derelict. No other digital price presence for the Fagatogo market was found."
JERO,(BB),,FNB_LIKELY,LAST_TRY_FAILED,a1 supermarkets,,nan,SKIP / DEAD-SITE,"Unreachable / no online storefront exists (dead candidate, not a WAF) — all three names in the wave-8 brief's ""if you need more"" list are branches of the already-onboarded **aonesupermarkets** chain (Carlton, Black Rock and Emerald City/Six Roads locations), not separate retailers. Confirmed via WebSearch. Do not build as new sources."
JERO,(BD),,FNB_LIKELY,LAST_TRY_FAILED,priyoshop.com,,nan,SKIP / NO-PRICES-ONLINE,"No products on the site (corporate marketing portal) — priyoshop.com is a B2B MSME-supplychain marketing portal (""B2B Marketplace in Bangladesh with embedded finance"", nopCommerce generator tag) that JS-redirects every visitor to priyoshopretail.com; that domain is in turn a WordPress corporate site (""MSMEs Supplychain Simplified"") — news/blog/feed paths only, no consumer cart, no per-product price. The actual retail-distribution business (corner-shop/HoReCa supply) operates through an app/WhatsApp channel, not a public web catalogue."
JERO,(BN),,FNB_LIKELY,LAST_TRY_FAILED,deps-1d68840ecf-hehjcxeeeybfdabn.a03.azurefd.net,,nan,SKIP / WAF/BOT-BLOCK,"RE-PROBE WORTH IT: recorded before 2026-08-17, when a bare-curl 403 was still read as a block. CDNs fingerprint the TLS handshake, not the User-Agent, so try curl_cffi impersonate before skipping. Azure Front Door WAF (`Service unavailable / The request is blocked`) — blocks both `/price-monitoring/` and `/wp-content/uploads/...` paths proxied through this Azure Front Door hostname. **Not a structural loss**: the same files are reachable directly on the un-proxied `deps.mofe.gov.bn` origin (see `deps_arp.py` / `deps_cpi.py` fetchers, which pull the XLSX via the WordPress origin + WP REST API media search instead of this CDN hostname)."
JERO,(CU),,FNB_LIKELY,LAST_TRY_FAILED,cubamax.com,,nan,RETRY / PARSE-FAILED,"API requires dynamic security key / JWT — `api.cubamax.xyz/store/products?page=1&take=24&cityId=<id>&categoryId=<id>` returns `422 Unauthorized access` on bare curl AND on `curl_cffi impersonate=chrome124` (not a TLS-fingerprint issue). Playwright network capture shows the real browser request carries `x-hmac-signature` / `x-hmac-nonce` / `x-hmac-timestamp` headers computed client-side per request — same shape as marketplace.com.mm's `x-security-key`. Front end itself is otherwise wide open (no location-gate WAF, `store/categories/public?cityId=` and `nomenclatures/*` endpoints are unauthenticated) and the catalog is large (4,095+1,972+1,656+1,217+2,116+... across categories, easily 10k+ products across a Havana-municipality selection) — worth revisiting only if the HMAC scheme is ever cracked or a static key surfaces."
JERO,(EG),,FNB_LIKELY,LAST_TRY_FAILED,oscarstores.com,,nan,PARTIAL / PARSE-FAILED,"Reachable, HTTP 200, but not extractable without more work (not a hard block — don't re-probe blind, but don't write off either) — genuinely a live, large online grocery store (confirmed real EGP prices via Playwright render, e.g. ""Chicken Shawerma 1kg — 264.95 EGP"" in a populated category, ~140 `/product-category/<id>` category ids on the homepage), but NOT server-rendered and NOT a plain REST/GraphQL API: the storefront is white-labeled by ""Zazome"" (footer credit ""ONLINE STORE POWERED BY ZAZOME"") and the page establishes a `signalr/hubs` connection — product data arrives via SignalR (WebSocket/long-polling), not a capturable XHR/fetch call, which is why a standard Playwright `xhr`/`fetch`-only network filter shows nothing even though `pg.inner_text(""body"")` shows real hydrated products after ~6s. Tier 2 (`scrapy_playwright`, DOM-read-after-render) is the right approach here, not an API sniff — SignalR is a wrong-tool trap for the usual ""Playwright to discover, plain HTTP to scrape"" pattern. Some category ids are genuinely empty (e.g. `5637173090` → ""Showing 0 results"") so don't judge the platform from one dead category. Not built this pass (Egypt was last-priority on this sweep's worklist); strong candidate for a dedicated Tier-2 pass."
JERO,(GQ),,FNB_LIKELY,LAST_TRY_FAILED,martinezhermanos.com,,nan,SKIP / DEAD-SITE,"Unreachable / no online storefront exists (dead candidate, not a WAF) — corporate/store-locator site only (191KB, curl 200), zero product listings, zero prices, no cart. Its full catalogue IS recoverable, however, via the multi-vendor marketplace `situcka.com` (shipped this pass as `situcka_gq`, `CATEGORY_ID=24`) — record this pairing so a future pass doesn't waste time re-probing `martinezhermanos.com` directly."
JERO,(HK),,FNB_LIKELY,LAST_TRY_FAILED,dch foods,,nan,SKIP / NO-PRICES-ONLINE,"RE-PROBE WORTH IT: recorded before 2026-08-17, when a bare-curl 403 was still read as a block. CDNs fingerprint the TLS handshake, not the User-Agent, so try curl_cffi impersonate before skipping. No products on the site (corporate marketing portal) — eShop is **down/decommissioned**: `dchfood.com` → 302 corporate `dch.com.hk` (no shop); the real eShop host `foodmart.dchliving.com` is **NXDOMAIN**, `www.dchfoodmartdeluxe.com` has no A record. No live storefront to probe. If `foodmart.dchliving.com` returns, likely Shopline (Cloudflare-fronted) → try `/products.json` + JSON-LD."
JERO,(IN),,FNB_LIKELY,LAST_TRY_FAILED,countrydelight.in,,nan,PARTIAL / PARSE-FAILED,"Reachable, HTTP 200, but not extractable without more work (not a hard block — don't re-probe blind, but don't write off either) — 200 on curl_cffi, no WAF, but an Angular Universal SPA with an empty `<title>`. The site's own API host (`websiteapi.countrydelight.in`) returns 403/404 on unauthenticated probes of guessed paths (`/api/v1/products`, `/products`, `/`) — no pincode/session cookie was established. Not confirmed blocked, just needs a proper pincode-selection flow reverse-engineered (likely via a Playwright network capture after simulating the city-picker) before a real API sniff can happen. Worth a real pass, not attempted further this round."
JERO,(KH),,FNB_LIKELY,LAST_TRY_FAILED,chipmongretail.com,,nan,SKIP / NO-PRICES-ONLINE,"App-only / no scrapeable web catalogue — apex and `www` both return a generic nginx 403 with an MSIE/Chrome-friendly-error-page padding comment stub, reproduced identically on plain curl and `curl_cffi impersonate=chrome124` (with and without TLS verification) — looks like a blanket datacenter-IP block rather than a WAF challenge page. `portal.chipmongretail.com` (incl. `/qrdownloads`) is a bare Vite/JS SPA shell whose only visible route is a QR code driving users to the iOS/Android ""Chip Mong Retail"" app — confirms the retailer's online ordering is app-only. Existing physical/foodpanda-listed branches (271 Mega Mall, Camko) are third-party marketplace listings, not a first-party catalogue."
JERO,(LB),,FNB_LIKELY,LAST_TRY_FAILED,faddoulsupermarket.com,,nan,SKIP / OTHER,"Compromised / malware-injected site (do not scrape, security risk) — WordPress site; every response (including a 404 REST-API probe) is preceded by an injected `<script src=""https://foreignabnormality.com/3b/af/b3/3bafb3d65b8689c30e8bb8ed937cb63a.js"">` tag — a domain name and hex-path pattern with no legitimate relationship to a Lebanese grocery site, the classic malware-injection signature. `wp-json/wc/store/v1/products` also 404s (no WooCommerce Store API exposed) even setting the security concern aside. Do not scrape."
JERO,(LR),,FNB_LIKELY,LAST_TRY_FAILED,harbelsupermarket.com,,nan,SKIP / DEAD-SITE,"Unreachable / no online storefront exists (dead candidate, not a WAF) — live WordPress site (200, 85KB) mentioning ""product""/""price""/""cart"" in page copy, but no WooCommerce Store API (`/wp-json/wc/store/v1/products` -> 404), no `/shop/` page (404), and its `/product-range/` page (the closest thing to a catalogue) has zero currency mentions and zero ""add to cart"" occurrences across 144KB — confirmed brochure-only, same pattern as Martínez Hermanos' own site in Equatorial Guinea (see `situcka_gq` inventory entry — the physical chain's real catalogue was NOT recoverable elsewhere for Liberia the way it was for EG)."
JERO,(LY),,FNB_LIKELY,LAST_TRY_FAILED,arkan.top.ly,,nan,SKIP / NO-PRICES-ONLINE,"App-only / no scrapeable web catalogue — NXDOMAIN confirmed against both `8.8.8.8` and `1.1.1.1` explicitly (rule 15 DNS-lie check) — genuinely dead, not a sandbox resolver issue."
JERO,(MF),,FNB_LIKELY,LAST_TRY_FAILED,cadismarket.com,,nan,RETRY / DEAD-SITE,"Host maintenance mode / suspended account (503 or redirect-to-suspension — TEMPORARY, re-check) — HTTP 503 with `Retry-After: 3600` and the body ""We'll be back soon. We are currently updating our shop"", identical on `chrome124`, `chrome120` and `safari17_0`. Response headers show `x-ws-origin: available`, `x-ws-ratelimit-remaining: 998`, `Server: Apache`, `X-Powered-By: PHP/7.3.33` — the origin is up and not rate-limiting; the shop is deliberately in maintenance. **Re-probe in a future wave** — if it returns it is likely a better St Martin source than the shipped `sxmleshalles_mf`, being a general grocer rather than a villa/yacht provisioning service."
JERO,(MN),,FNB_LIKELY,LAST_TRY_FAILED,e-mart.mn,,nan,SKIP / NO-PRICES-ONLINE,No products on the site (corporate marketing portal) — corporate marketing site for eMart. Actual store is at **emartmall.mn** (SPA shell — see above).
JERO,(MV),,FNB_LIKELY,LAST_TRY_FAILED,foodies.mv,,nan,SKIP / NO-PRICES-ONLINE,"App-only / no scrapeable web catalogue — confirmed a restaurant/home-cook food-delivery marketplace (""order from over 100 vendors""), not F&B retail (prepared food, COICOP 11 not 01/02); app-only, no web catalogue regardless."
JERO,(NE),,FNB_LIKELY,LAST_TRY_FAILED,scorene.com,,nan,SKIP / DEAD-SITE,"Unreachable / no online storefront exists (dead candidate, not a WAF) — resolves 200 but is a Namecheap expired-domain marketplace/parking page (""Domain registration has expired""), not a live business."
JERO,(NP),,FNB_LIKELY,LAST_TRY_FAILED,foodmandu.com,,nan,SKIP / NO-PRICES-ONLINE,"App-only / no scrapeable web catalogue — real, live site (""List your Restaurant at Foodmandu!""), but it is a restaurant food-delivery platform (COICOP 11 prepared food), not F&B retail — does not qualify regardless of reachability."
JERO,(PF),,FNB_LIKELY,LAST_TRY_FAILED,service-public.pf,,nan,PARTIAL / PARSE-FAILED,"Image-only tariff/price sources (PDF or CMS article with no machine-readable price text) — recent editions (`PRINT-AOUT.pdf`, 20.6 MB) are a single-page raster image, `page.images` non-empty, `extract_text()` returns 0 chars; an older edition (`PRINT_OCT.pdf`, Oct 2025, 17.6 MB) does have a text layer but the layout is a garbled multi-column flyer (product min/max price pairs interleaved with a separate per-store *basket-total* ranking list in a non-linear reading order) — reliable parsing would need column-aware reordering, not just `extract_text()`. Deprioritized rather than built: its own item-level data (min/max price per product) is a strict subset of what ""La Météo des Prix"" already delivers per-store at finer grain (see `pf_dgae_meteo_prix` fetcher); the one thing Panier futé adds — a total-basket-price ranking across many small neighborhood stores (LS Proxi, Magasin Ami Rene, etc. — outlets Météo's Hyper/grand-supermarché edition doesn't cover) — is a composite aggregate, not a per-item price, so it doesn't map to a COICOP leaf anyway."
JERO,(PH),,FNB_LIKELY,LAST_TRY_FAILED,puregold.com.ph,,nan,SKIP / NO-PRICES-ONLINE,"RE-PROBE WORTH IT: recorded before 2026-08-17, when a bare-curl 403 was still read as a block. CDNs fingerprint the TLS handshake, not the User-Agent, so try curl_cffi impersonate before skipping. App-only / no scrapeable web catalogue — corporate Joomla site (IR/news/careers only; `index.php?format=feed&type=atom` is a Joomla tell), zero catalog links. The onboarding-brief URL path `/pgcatalog/category/view/category/...` 404s outright — that catalog route has been removed. Current online-shopping channel is the ""Puregold Mobile"" app (Google Play, `com.grocery.puregold`) confirmed via web search — app-only. `pgcms.puregold.com.ph` is a Vite SPA titled ""Puregold CMS"" with an empty `#root` — an internal admin tool, not a public storefront. `shop.`/`eshop.` subdomains don't resolve."
JERO,(QA/SA/AE),,FNB_LIKELY,LAST_TRY_FAILED,carrefourksa.com,,nan,SKIP / RATE-LIMITED,"RE-PROBE WORTH IT: recorded before 2026-08-17, when a bare-curl 403 was still read as a block. CDNs fingerprint the TLS handshake, not the User-Agent, so try curl_cffi impersonate before skipping. Akamai tenant rate-limit / bot manager — HTTP 403, `server: AkamaiGHost`, 376-byte ""Access Denied"" edge stub on all three (only the domain string in the body differs), including on `carrefourqatar.com` which redirects internally to the KSA hostname before blocking — one Akamai tenant covering the whole MAF Gulf group. No network trace beyond the front page; worth a Playwright-discover pass."
JERO,(SL),,FNB_LIKELY,LAST_TRY_FAILED,brixtonvillage.com,,nan,SKIP / NO-PRICES-ONLINE,"No products on the site (corporate marketing portal) — international resellers / diaspora grocers shipping goods labelled ""Sierra Leone"" to customers abroad (UK/US-style diaspora grocers), not domestic Freetown retail. Same anti-pattern as the deleted Antigua diaspora-grocer sources — reject on sight, do not build."
JERO,(SR),,FNB_LIKELY,LAST_TRY_FAILED,choisupermarket.com,,nan,SKIP / DEAD-SITE,"Unreachable / no online storefront exists (dead candidate, not a WAF) — expired TLS cert (`curl: (60) SSL certificate problem: certificate has expired`); with `verify=False` the response is a 392-byte 2008-era cPanel ""Temporarily Disabled"" hosting-suspension stub (`oops.gif`), not the real site. The business itself is real and operating (3 physical branches per whoswho.sr, active Facebook page `facebook.com/choisupermarket`) but has no working website of any kind — genuinely dead per rule 13, not a WAF."
JERO,(SY),,FNB_LIKELY,LAST_TRY_FAILED,beeorder.com,,nan,SKIP / NO-PRICES-ONLINE,"App-only / no scrapeable web catalogue — homepage and every internal link (`/contact-us`, `/faq`, etc.) are the SAME static marketing landing page (App Store/Google Play/Instagram/Facebook links only); `www.beeorder.com/index.php/home/download_page` 404s. No web ordering surface exists — confirmed by extracting every `href` on the page (all external/app-store or anchor links, zero `/shop`/`/vendor`/`/store` paths)."
JERO,(TL),,FNB_LIKELY,LAST_TRY_FAILED,kmanek supermarket,,nan,SKIP / NO-PRICES-ONLINE,"App-only / no scrapeable web catalogue — Facebook-only, no public e-commerce site."
JERO,(TZ),,FNB_LIKELY,LAST_TRY_FAILED,duka.direct,,nan,SKIP / NO-PRICES-ONLINE,"App-only / no scrapeable web catalogue — the public domain is a Tilda page-builder marketing site only (no `ng-app`/`id=""root""`/`__NUXT__` app markers, all script tags are `static.tildacdn.one`); every CTA points to `get.duka.direct`, an app-install redirector that itself timed out (28s, curl_cffi chrome124). No product/store data reachable from the web domain."
JERO,(VC),,FNB_LIKELY,LAST_TRY_FAILED,ehubsvg.com,,nan,RETRY / DEAD-SITE,"Host maintenance mode / suspended account (503 or redirect-to-suspension — TEMPORARY, re-check) — HTTPS fails at the TLS layer on both apex and `www` (`curl: (60) no alternative certificate subject name matches target hostname`); over plain HTTP it 200s but redirects to `/public/email-suspension`. Hosting/email account suspended. Lower re-check priority than cadismarket — a suspension is a business signal, not a deployment window."
JERO,(ZM),,FNB_LIKELY,LAST_TRY_FAILED,tigmooeats.com,,nan,SKIP / NO-PRICES-ONLINE,"App-only / no scrapeable web catalogue — the web root is a static Bootstrap marketing template (owl-carousel, wow.js, mailchimp signup, Google Play + App Store badges) for the mobile app, not a SPA front-end for any ordering framework: no `ng-app`/`id=""app""`/`id=""root""`/`data-reactroot`/`__NUXT__`/`__NEXT_DATA__` markers anywhere in the served HTML. Confirmed via full Playwright render (networkidle + 3s wait): zero listing/vendor/store/product API calls fire even after JS execution — only Google Maps, Google Analytics, and a `chat.tigmoo.com/api/appidcheck` widget ping. Client-side route `home/listing/<lat>/<lng>` serves the identical landing-page bytes (no client router). App-only, no web ordering surface exists."
JERO,isle_of_man,,FNB_LIKELY,LAST_TRY_FAILED,isle of man,,nan,SKIP / DEAD-SITE,"Unreachable / no online storefront exists (dead candidate, not a WAF) — no resolvable domain found for any of the direct-guess candidates (`isleofmancoop.co.im`, `iomcoop.co.im`, `iomcoop.com`, `shoprite.co.im`, `robinsonsiom.com` all `NXDOMAIN`). Shoprite (the island's former largest chain) was acquired by Tesco in 2023-24 and no longer exists as a separate brand; Tesco's UK online-grocery delivery service is well documented as excluding Isle of Man postcodes (outside the mainland GB delivery zone), and no IoM-specific Tesco storefront was found. Session's WebSearch budget was exhausted before this could be search-verified further (only direct domain guesses and two WebFetch-based search-engine attempts, both returning unrelated generic content, were possible) — treat as inconclusive-leaning-negative, not exhaustively confirmed; worth a fresh WebSearch-based pass."
JERO,turkiye,,FNB_LIKELY,PENDING,Koçtaş,https://www.koctas.com.tr/,koctas.com.tr,P1 - build now / Direct,"Candidate found in the 2026-08-31 sourcing round, never built. build_tier=A - low-hanging fruit; scrapability=nan; class=Hardware/home improvement"
JERO,turkiye,,FNB_LIKELY,PENDING,TradeKey Türkiye,https://turkey.tradekey.com/,turkey.tradekey.com,P2 - queue / Direct,"Candidate found in the 2026-08-31 sourcing round, never built. build_tier=C - engineering required; scrapability=nan; class=Country B2B marketplace"
JERO,turkiye,,FNB_LIKELY,PENDING,Trendyol,https://www.trendyol.com/,trendyol.com,P1 - build now / Direct,"Candidate found in the 2026-08-31 sourcing round, never built. build_tier=A - low-hanging fruit; scrapability=nan; class=General marketplace"
JERO,gibraltar,1.0,FNB_MIXED,LAST_TRY_FAILED,calpepharmacy_gi,https://www.calpepharmacy.gi/shop/,calpepharmacy.gi,SKIP / JSONDecodeError,Generated as a crawler-ready manifest by Will's 2026-09-11 handover but it fails the enumerability gate on live probe (JSONDecodeError). Not merged into configs: a manifest that cannot enumerate returns zero rows forever.
JERO,gibraltar,1.0,FNB_MIXED,LAST_TRY_FAILED,shop_gibraltarheritagetrust_org_gi,https://shop.gibraltarheritagetrust.org.gi/,shop.gibraltarheritagetrust.org.gi,SKIP / EMPTY-CATALOG,Generated as a crawler-ready manifest by Will's 2026-09-11 handover but it fails the enumerability gate on live probe (EMPTY-CATALOG). Not merged into configs: a manifest that cannot enumerate returns zero rows forever.
JERO,gibraltar,1.0,FNB_MIXED,LAST_TRY_FAILED,gibyellow_gi,https://www.gibyellow.gi/motors/,gibyellow.gi,SKIP / CHILD-TASK-BLOCKED,Will's 2026-09-11 handover classified this blocked or not viable. Not re-probed here.
JERO,gibraltar,1.0,FNB_MIXED,LAST_TRY_FAILED,rockassistance_com,https://rockassistance.com/shop-2/,rockassistance.com,SKIP / CHILD-TASK-BLOCKED,Will's 2026-09-11 handover classified this blocked or not viable. Not re-probed here.
JERO,gibraltar,1.0,FNB_MIXED,LAST_TRY_FAILED,with_eez_com,https://with-eez.com/marketplace,with-eez.com,SKIP / CHILD-TASK-BLOCKED,Will's 2026-09-11 handover classified this blocked or not viable. Not re-probed here.
JERO,gibraltar,1.0,FNB_MIXED,PENDING,aplacecalledyours_com,https://aplacecalledyours.com/gibraltar/rent,aplacecalledyours.com,P2 - queue / NEEDS-CUSTOM-CRAWLER,"Will's 2026-09-11 handover found price evidence but no standard platform API, so it needs a bespoke spider. Never built or live-tested."
JERO,gibraltar,1.0,FNB_MIXED,PENDING,capurro_gi,https://www.capurro.gi/pre-owned,capurro.gi,P2 - queue / NEEDS-CUSTOM-CRAWLER,"Will's 2026-09-11 handover found price evidence but no standard platform API, so it needs a bespoke spider. Never built or live-tested."
JERO,gibraltar,1.0,FNB_MIXED,PENDING,citibus_gi,https://www.citibus.gi/tickets-and-fares,citibus.gi,P2 - queue / NEEDS-CUSTOM-CRAWLER,"Will's 2026-09-11 handover found price evidence but no standard platform API, so it needs a bespoke spider. Never built or live-tested."
JERO,gibraltar,1.0,FNB_MIXED,PENDING,eurocitygym_gi,https://eurocitygym.gi/,eurocitygym.gi,P2 - queue / NEEDS-CUSTOM-CRAWLER,"Will's 2026-09-11 handover found price evidence but no standard platform API, so it needs a bespoke spider. Never built or live-tested."
JERO,gibraltar,1.0,FNB_MIXED,PENDING,gibbay_com,https://gibbay.com/automotive,gibbay.com,P2 - queue / NEEDS-CUSTOM-CRAWLER,"Will's 2026-09-11 handover found price evidence but no standard platform API, so it needs a bespoke spider. Never built or live-tested."
JERO,gibraltar,1.0,FNB_MIXED,PENDING,giboil_com,https://giboil.com/fuel-locations,giboil.com,P2 - queue / NEEDS-CUSTOM-CRAWLER,"Will's 2026-09-11 handover found price evidence but no standard platform API, so it needs a bespoke spider. Never built or live-tested."
JERO,gibraltar,1.0,FNB_MIXED,PENDING,gibraltarlaws_gov_gi_electricity_tariffs,https://gibraltarlaws.gov.gi/legislations/electricity-charges-and-tariffs-regulations-2021-6170,gibraltarlaws.gov.gi,P2 - queue / NEEDS-CUSTOM-CRAWLER,"Will's 2026-09-11 handover found price evidence but no standard platform API, so it needs a bespoke spider. Never built or live-tested."
JERO,gibraltar,1.0,FNB_MIXED,PENDING,gibtechstore_com,https://gibtechstore.com/,gibtechstore.com,P2 - queue / NEEDS-CUSTOM-CRAWLER,"Will's 2026-09-11 handover found price evidence but no standard platform API, so it needs a bespoke spider. Never built or live-tested."
JERO,gibraltar,1.0,FNB_MIXED,PENDING,gibtele_com_all_in_one_bundles,https://www.gibtele.com/newsignup/allinone,gibtele.com,P2 - queue / NEEDS-CUSTOM-CRAWLER,"Will's 2026-09-11 handover found price evidence but no standard platform API, so it needs a bespoke spider. Never built or live-tested."
JERO,gibraltar,1.0,FNB_MIXED,PENDING,infinityclub_squarespace_com,https://infinityclub.squarespace.com/,infinityclub.squarespace.com,P2 - queue / NEEDS-CUSTOM-CRAWLER,"Will's 2026-09-11 handover found price evidence but no standard platform API, so it needs a bespoke spider. Never built or live-tested."
JERO,gibraltar,1.0,FNB_MIXED,PENDING,inhome_gi,https://www.inhome.gi/furniture,inhome.gi,P2 - queue / NEEDS-CUSTOM-CRAWLER,"Will's 2026-09-11 handover found price evidence but no standard platform API, so it needs a bespoke spider. Never built or live-tested."
JERO,gibraltar,1.0,FNB_MIXED,PENDING,lionsgibraltarfc_com_vx3_store,https://lionsgibraltarfc.com/club-info/online-store,lionsgibraltarfc.com,P2 - queue / NEEDS-CUSTOM-CRAWLER,"Will's 2026-09-11 handover found price evidence but no standard platform API, so it needs a bespoke spider. Never built or live-tested."
JERO,gibraltar,1.0,FNB_MIXED,PENDING,millpharmacy_gi,https://millpharmacy.gi/offers/,millpharmacy.gi,P2 - queue / NEEDS-CUSTOM-CRAWLER,"Will's 2026-09-11 handover found price evidence but no standard platform API, so it needs a bespoke spider. Never built or live-tested."
JERO,gibraltar,1.0,FNB_MIXED,PENDING,parkinggibraltar_com,https://www.parkinggibraltar.com/,parkinggibraltar.com,P2 - queue / NEEDS-CUSTOM-CRAWLER,"Will's 2026-09-11 handover found price evidence but no standard platform API, so it needs a bespoke spider. Never built or live-tested."
JERO,gibraltar,1.0,FNB_MIXED,PENDING,u_mee_com,https://u-mee.com/,u-mee.com,P2 - queue / NEEDS-CUSTOM-CRAWLER,"Will's 2026-09-11 handover found price evidence but no standard platform API, so it needs a bespoke spider. Never built or live-tested."
JERO,gibraltar,1.0,FNB_MIXED,PENDING,interbuild_gi,https://www.interbuild.gi/,interbuild.gi,P3 - queue / NEEDS-REVIEW,"Will's 2026-09-11 handover flagged this ambiguous (country, currency or price-surface unclear). Needs manual review before any scaffolding."
JERO,gibraltar,1.0,FNB_MIXED,PENDING,gibraltar_gibcompare,https://gibcompare.com/,gibcompare.com,P2 - queue / NEEDS-CUSTOM-CRAWLER,Downloaded CSV batch on 2026-09-12; normalized site was not present in the base workbook | scraping ease: Moderate | add as a new scrape target and crawler-creation candidate
JERO,gibraltar,1.0,FNB_MIXED,PENDING,gibraltar_storegibraltar,https://www.storegibraltar.com/,storegibraltar.com,P2 - queue / NEEDS-CUSTOM-CRAWLER,Downloaded CSV batch on 2026-09-12; normalized site was not present in the base workbook | scraping ease: Easy | add as a new scrape target and crawler-creation candidate
JERO,chad,2.0,FNB_MIXED,LAST_TRY_FAILED,agce_international_books,https://www.agce-international.org/boutique-agce/livre-journal-des-ressources-pour-d%C3%A9velopper-votre-affaire-n-client-jrde98741,agce-international.org,SKIP / CHILD-TASK-BLOCKED,Will's 2026-09-11 handover classified this blocked or not viable. Not re-probed here.
JERO,chad,2.0,FNB_MIXED,LAST_TRY_FAILED,boutique_mosso_td,https://www.beautynailhairsalons.com/TD/N%27Djamena/466069636598113/Boutique-Mosso,beautynailhairsalons.com,SKIP / CHILD-TASK-BLOCKED,Will's 2026-09-11 handover classified this blocked or not viable. Not re-probed here.
JERO,chad,2.0,FNB_MIXED,LAST_TRY_FAILED,chagoua_prop_share,https://chagoua-prop-share.lovable.app/,chagoua-prop-share.lovable.app,SKIP / CHILD-TASK-BLOCKED,Will's 2026-09-11 handover classified this blocked or not viable. Not re-probed here.
JERO,chad,2.0,FNB_MIXED,LAST_TRY_FAILED,isaworld_shopify_training_td,https://www.isaworld.net/td/formation/30-shopify-de-a-a-z.html,isaworld.net,SKIP / CHILD-TASK-BLOCKED,Will's 2026-09-11 handover classified this blocked or not viable. Not re-probed here.
JERO,chad,2.0,FNB_MIXED,LAST_TRY_FAILED,old_restaurant_guide_paystoumai,https://paystoumai.over-blog.com/pages/Restaurants-739076.html,paystoumai.over-blog.com,SKIP / CHILD-TASK-BLOCKED,Will's 2026-09-11 handover classified this blocked or not viable. Not re-probed here.
JERO,chad,2.0,FNB_MIXED,LAST_TRY_FAILED,oonoc_aliexpress_tchad,https://oonoc.us/livraison-aliexpress-tchad/,oonoc.us,SKIP / CHILD-TASK-BLOCKED,Will's 2026-09-11 handover classified this blocked or not viable. Not re-probed here.
JERO,chad,2.0,FNB_MIXED,LAST_TRY_FAILED,shopylocal_td,https://shopylocal.com/fr,shopylocal.com,SKIP / CHILD-TASK-BLOCKED,Will's 2026-09-11 handover classified this blocked or not viable. Not re-probed here.
JERO,chad,2.0,FNB_MIXED,PENDING,abdramani_solutions_td,https://www.schoolandcollegelistings.com/TD/N%27djamena/341618112358638/Abdramani-Solutions-informatiques,schoolandcollegelistings.com,P2 - queue / NEEDS-CUSTOM-CRAWLER,"Will's 2026-09-11 handover found price evidence but no standard platform API, so it needs a bespoke spider. Never built or live-tested."
JERO,chad,2.0,FNB_MIXED,PENDING,afribaba_td,https://td.afribaba.com/tchad-annonces/autos-voitures-motos-neuves-occasion/,td.afribaba.com,P2 - queue / NEEDS-CUSTOM-CRAWLER,"Will's 2026-09-11 handover found price evidence but no standard platform API, so it needs a bespoke spider. Never built or live-tested."
JERO,chad,2.0,FNB_MIXED,PENDING,airtel_td_internet,https://www.airtel.td/network/internet-package,airtel.td,P2 - queue / NEEDS-CUSTOM-CRAWLER,"Will's 2026-09-11 handover found price evidence but no standard platform API, so it needs a bespoke spider. Never built or live-tested."
JERO,chad,2.0,FNB_MIXED,PENDING,ampktechnology_td,https://ampktechnology.com/boutique,ampktechnology.com,P2 - queue / NEEDS-CUSTOM-CRAWLER,"Will's 2026-09-11 handover found price evidence but no standard platform API, so it needs a bespoke spider. Never built or live-tested."
JERO,chad,2.0,FNB_MIXED,PENDING,carros_td,https://carros.com/?lang=fr,carros.com,P2 - queue / NEEDS-CUSTOM-CRAWLER,"Will's 2026-09-11 handover found price evidence but no standard platform API, so it needs a bespoke spider. Never built or live-tested."
JERO,chad,2.0,FNB_MIXED,PENDING,dukafrica_td,https://dukafrica.com/?pays=td,dukafrica.com,P2 - queue / NEEDS-CUSTOM-CRAWLER,"Will's 2026-09-11 handover found price evidence but no standard platform API, so it needs a bespoke spider. Never built or live-tested."
JERO,chad,2.0,FNB_MIXED,PENDING,hubformationtchad,https://hubformationtchad.com/pricing,hubformationtchad.com,P2 - queue / NEEDS-CUSTOM-CRAWLER,"Will's 2026-09-11 handover found price evidence but no standard platform API, so it needs a bespoke spider. Never built or live-tested."
JERO,chad,2.0,FNB_MIXED,PENDING,ilnet_telecoms_td,https://ilnet-telecoms.td/offers,ilnet-telecoms.td,P2 - queue / NEEDS-CUSTOM-CRAWLER,"Will's 2026-09-11 handover found price evidence but no standard platform API, so it needs a bespoke spider. Never built or live-tested."
JERO,chad,2.0,FNB_MIXED,PENDING,jam_pharma_td,https://www.jam-pharma.com/tarifs,jam-pharma.com,P2 - queue / NEEDS-CUSTOM-CRAWLER,"Will's 2026-09-11 handover found price evidence but no standard platform API, so it needs a bespoke spider. Never built or live-tested."
JERO,chad,2.0,FNB_MIXED,PENDING,learncafe_td,https://td.learncafe.com/,td.learncafe.com,P2 - queue / NEEDS-CUSTOM-CRAWLER,"Will's 2026-09-11 handover found price evidence but no standard platform API, so it needs a bespoke spider. Never built or live-tested."
JERO,chad,2.0,FNB_MIXED,PENDING,librairie_numerique_africaine_chad,https://www.librairienumeriqueafricaine.com/,librairienumeriqueafricaine.com,P2 - queue / NEEDS-CUSTOM-CRAWLER,"Will's 2026-09-11 handover found price evidence but no standard platform API, so it needs a bespoke spider. Never built or live-tested."
JERO,chad,2.0,FNB_MIXED,PENDING,magazana_td,https://magazana.com/,magazana.com,P2 - queue / NEEDS-CUSTOM-CRAWLER,"Will's 2026-09-11 handover found price evidence but no standard platform API, so it needs a bespoke spider. Never built or live-tested."
JERO,chad,2.0,FNB_MIXED,PENDING,monrespro_business_td,https://business.monrespro.com/pays/tchad,business.monrespro.com,P2 - queue / NEEDS-CUSTOM-CRAWLER,"Will's 2026-09-11 handover found price evidence but no standard platform API, so it needs a bespoke spider. Never built or live-tested."
JERO,chad,2.0,FNB_MIXED,PENDING,omega_impact_td,https://www.omega-impact.com/,omega-impact.com,P2 - queue / NEEDS-CUSTOM-CRAWLER,"Will's 2026-09-11 handover found price evidence but no standard platform API, so it needs a bespoke spider. Never built or live-tested."
JERO,chad,2.0,FNB_MIXED,PENDING,restaurant_bebo_td,https://mon-site-web-five.vercel.app/,mon-site-web-five.vercel.app,P2 - queue / NEEDS-CUSTOM-CRAWLER,"Will's 2026-09-11 handover found price evidence but no standard platform API, so it needs a bespoke spider. Never built or live-tested."
JERO,chad,2.0,FNB_MIXED,PENDING,satech_schooly_td,https://www.satech-tchad.com/produit/schooly,satech-tchad.com,P2 - queue / NEEDS-CUSTOM-CRAWLER,"Will's 2026-09-11 handover found price evidence but no standard platform API, so it needs a bespoke spider. Never built or live-tested."
JERO,chad,2.0,FNB_MIXED,PENDING,soukdarna_td,https://www.soukdarna.com/,soukdarna.com,P2 - queue / NEEDS-CUSTOM-CRAWLER,"Will's 2026-09-11 handover found price evidence but no standard platform API, so it needs a bespoke spider. Never built or live-tested."
JERO,chad,2.0,FNB_MIXED,PENDING,vepaar_lossirimou_td,https://vepaar.store/Lossirimou/products/les-equipements-informatiques,vepaar.store,P2 - queue / NEEDS-CUSTOM-CRAWLER,"Will's 2026-09-11 handover found price evidence but no standard platform API, so it needs a bespoke spider. Never built or live-tested."
JERO,chad,2.0,FNB_MIXED,PENDING,aboufarissolar_td,https://aboufarissolar.com/,aboufarissolar.com,P3 - queue / NEEDS-REVIEW,"Will's 2026-09-11 handover flagged this ambiguous (country, currency or price-surface unclear). Needs manual review before any scaffolding."
JERO,chad,2.0,FNB_MIXED,PENDING,arcep_observatoire_telecom_2020,https://fr.scribd.com/document/982338491/Rapport-de-l-Obsevatoire-Du-Marche-Des-Telecoms-2020-VF3,fr.scribd.com,P3 - queue / NEEDS-REVIEW,"Will's 2026-09-11 handover flagged this ambiguous (country, currency or price-surface unclear). Needs manual review before any scaffolding."
JERO,chad,2.0,FNB_MIXED,PENDING,arsat_gaz_domestique_td,https://afrique-info.com/article/949,afrique-info.com,P3 - queue / NEEDS-REVIEW,"Will's 2026-09-11 handover flagged this ambiguous (country, currency or price-surface unclear). Needs manual review before any scaffolding."
JERO,chad,2.0,FNB_MIXED,PENDING,club_mcm_td,https://club-mcm.pepsup.com/les-activites,club-mcm.pepsup.com,P3 - queue / NEEDS-REVIEW,"Will's 2026-09-11 handover flagged this ambiguous (country, currency or price-surface unclear). Needs manual review before any scaffolding."
JERO,chad,2.0,FNB_MIXED,PENDING,jibaleysolution_td,https://jibaleysolution.com/,jibaleysolution.com,P3 - queue / NEEDS-REVIEW,"Will's 2026-09-11 handover flagged this ambiguous (country, currency or price-surface unclear). Needs manual review before any scaffolding."
JERO,chad,2.0,FNB_MIXED,PENDING,konoom_td,https://konoom.td/konoom-terms-and-conditions-agent-fr/,konoom.td,P3 - queue / NEEDS-REVIEW,"Will's 2026-09-11 handover flagged this ambiguous (country, currency or price-surface unclear). Needs manual review before any scaffolding."
JERO,chad,2.0,FNB_MIXED,PENDING,petitfute_ndjamena_restaurants,https://www.petitfute.com/v45655-n-djamena/,petitfute.com,P3 - queue / NEEDS-REVIEW,"Will's 2026-09-11 handover flagged this ambiguous (country, currency or price-surface unclear). Needs manual review before any scaffolding."
JERO,chad,2.0,FNB_MIXED,PENDING,starlink_td_tariffs,https://www.starlink.com/,starlink.com,P3 - queue / NEEDS-REVIEW,"Will's 2026-09-11 handover flagged this ambiguous (country, currency or price-surface unclear). Needs manual review before any scaffolding."
JERO,chad,2.0,FNB_MIXED,PENDING,chad_otekis,https://www.otekis.com/chad-shop,otekis.com,P2 - queue / NEEDS-CUSTOM-CRAWLER,Downloaded CSV batch on 2026-09-12; normalized site was not present in the base workbook | scraping ease: Moderate | add as a new scrape target and crawler-creation candidate
JERO,chad,2.0,FNB_MIXED,PENDING,chad_rimasma,https://www.rimasma.com/products/exp-cd,rimasma.com,P2 - queue / NEEDS-CUSTOM-CRAWLER,Downloaded CSV batch on 2026-09-12; normalized site was not present in the base workbook | scraping ease: Easy | add as a new scrape target and crawler-creation candidate
JERO,eswatini,3.0,FNB_MIXED,LAST_TRY_FAILED,ntttoyota_co_sz,https://www.ntttoyota.co.sz/,ntttoyota.co.sz,SKIP / CHILD-TASK-BLOCKED,Will's 2026-09-11 handover classified this blocked or not viable. Not re-probed here.
JERO,eswatini,3.0,FNB_MIXED,PENDING,alooui_eswatini_esim,https://www.alooui.com/products/swaziland,alooui.com,P2 - queue / NEEDS-CUSTOM-CRAWLER,"Will's 2026-09-11 handover found price evidence but no standard platform API, so it needs a bespoke spider. Never built or live-tested."
JERO,eswatini,3.0,FNB_MIXED,PENDING,eslta_bus_fares,https://eslta.org/,eslta.org,P2 - queue / NEEDS-CUSTOM-CRAWLER,"Will's 2026-09-11 handover found price evidence but no standard platform API, so it needs a bespoke spider. Never built or live-tested."
JERO,eswatini,3.0,FNB_MIXED,PENDING,gigago_eswatini_esim,https://gigago.com/esim/eswatini/,gigago.com,P2 - queue / NEEDS-CUSTOM-CRAWLER,"Will's 2026-09-11 handover found price evidence but no standard platform API, so it needs a bespoke spider. Never built or live-tested."
JERO,eswatini,3.0,FNB_MIXED,PENDING,hivoox_eswatini_esim,https://hivoox.com/shop/eswatini-20gb-30-days,hivoox.com,P2 - queue / NEEDS-CUSTOM-CRAWLER,"Will's 2026-09-11 handover found price evidence but no standard platform API, so it needs a bespoke spider. Never built or live-tested."
JERO,eswatini,3.0,FNB_MIXED,PENDING,lesi_inc_vehicle_listings,https://lesi-inc.com/,lesi-inc.com,P2 - queue / NEEDS-CUSTOM-CRAWLER,"Will's 2026-09-11 handover found price evidence but no standard platform API, so it needs a bespoke spider. Never built or live-tested."
JERO,eswatini,3.0,FNB_MIXED,PENDING,mollysim_eswatini_esim,https://mollysim.com/merchant/product/019c9955-ff67-737f-933f-bf9346548fd0,mollysim.com,P2 - queue / NEEDS-CUSTOM-CRAWLER,"Will's 2026-09-11 handover found price evidence but no standard platform API, so it needs a bespoke spider. Never built or live-tested."
JERO,eswatini,3.0,FNB_MIXED,PENDING,quickmessanger_qm_store,https://quickmessanger.com/,quickmessanger.com,P2 - queue / NEEDS-CUSTOM-CRAWLER,"Will's 2026-09-11 handover found price evidence but no standard platform API, so it needs a bespoke spider. Never built or live-tested."
JERO,eswatini,3.0,FNB_MIXED,PENDING,skyfly_mobi_store,https://www.skyfly.mobi/store,skyfly.mobi,P2 - queue / NEEDS-CUSTOM-CRAWLER,"Will's 2026-09-11 handover found price evidence but no standard platform API, so it needs a bespoke spider. Never built or live-tested."
JERO,eswatini,3.0,FNB_MIXED,PENDING,eswatini_mysale_sale,https://www.mysale.sale/,mysale.sale,P2 - queue / NEEDS-CUSTOM-CRAWLER,Downloaded CSV batch on 2026-09-12; normalized site was not present in the base workbook | scraping ease: Easy | add as a new scrape target and crawler-creation candidate
JERO,botswana,5.0,FNB_MIXED,LAST_TRY_FAILED,cellphonewarehouse_bw,https://cellphonewarehousebw.com/2-home,cellphonewarehousebw.com,SKIP / EMPTY-CATALOG,Generated as a crawler-ready manifest by Will's 2026-09-11 handover but it fails the enumerability gate on live probe (EMPTY-CATALOG). Not merged into configs: a manifest that cannot enumerate returns zero rows forever.
JERO,botswana,5.0,FNB_MIXED,LAST_TRY_FAILED,houseofgentlemen_bw,https://www.houseofgentlemen.co.bw/,houseofgentlemen.co.bw,SKIP / HTTP-402,Generated as a crawler-ready manifest by Will's 2026-09-11 handover but it fails the enumerability gate on live probe (HTTP-402). Not merged into configs: a manifest that cannot enumerate returns zero rows forever.
JERO,botswana,5.0,FNB_MIXED,LAST_TRY_FAILED,mascom_lbw_phones,https://lbw.co.bw/product-category/phones/,lbw.co.bw,SKIP / DNSError,Generated as a crawler-ready manifest by Will's 2026-09-11 handover but it fails the enumerability gate on live probe (DNSError). Not merged into configs: a manifest that cannot enumerate returns zero rows forever.
JERO,botswana,5.0,FNB_MIXED,LAST_TRY_FAILED,totaltools_phakalane,https://www.totaltools.co.bw/collections/frontpage,totaltools.co.bw,SKIP / HTTP-404,Generated as a crawler-ready manifest by Will's 2026-09-11 handover but it fails the enumerability gate on live probe (HTTP-404). Not merged into configs: a manifest that cannot enumerate returns zero rows forever.
JERO,botswana,5.0,FNB_MIXED,LAST_TRY_FAILED,zkart_bw,https://zkartbw.com/2-home,zkartbw.com,SKIP / EMPTY-CATALOG,Generated as a crawler-ready manifest by Will's 2026-09-11 handover but it fails the enumerability gate on live probe (EMPTY-CATALOG). Not merged into configs: a manifest that cannot enumerate returns zero rows forever.
JERO,botswana,5.0,FNB_MIXED,LAST_TRY_FAILED,furnmart_bw,https://www.furnmart.co.bw/,furnmart.co.bw,SKIP / CHILD-TASK-BLOCKED,Will's 2026-09-11 handover classified this blocked or not viable. Not re-probed here.
JERO,botswana,5.0,FNB_MIXED,LAST_TRY_FAILED,plexilife_delivery_bw,https://plexilife.co.bw/medication-delivery/,plexilife.co.bw,SKIP / CHILD-TASK-BLOCKED,Will's 2026-09-11 handover classified this blocked or not viable. Not re-probed here.
JERO,botswana,5.0,FNB_MIXED,PENDING,absa_bw_tariff_guide,https://www.absa.co.bw/tariff-guide/,absa.co.bw,P2 - queue / NEEDS-CUSTOM-CRAWLER,"Will's 2026-09-11 handover found price evidence but no standard platform API, so it needs a bespoke spider. Never built or live-tested."
JERO,botswana,5.0,FNB_MIXED,PENDING,afm_tlokweng_shop,https://afmtlokweng.org/shop/,afmtlokweng.org,P2 - queue / NEEDS-CUSTOM-CRAWLER,"Will's 2026-09-11 handover found price evidence but no standard platform API, so it needs a bespoke spider. Never built or live-tested."
JERO,botswana,5.0,FNB_MIXED,PENDING,androw_car_rental,https://androwcarrental.com/pricing,androwcarrental.com,P2 - queue / NEEDS-CUSTOM-CRAWLER,"Will's 2026-09-11 handover found price evidence but no standard platform API, so it needs a bespoke spider. Never built or live-tested."
JERO,botswana,5.0,FNB_MIXED,PENDING,ao_clinic_prices,https://www.aoclinic.co.bw/prices.php,aoclinic.co.bw,P2 - queue / NEEDS-CUSTOM-CRAWLER,"Will's 2026-09-11 handover found price evidence but no standard platform API, so it needs a bespoke spider. Never built or live-tested."
JERO,botswana,5.0,FNB_MIXED,PENDING,avani_gaborone_offers,https://www.avanihotels.com/en/gaborone/offers,avanihotels.com,P2 - queue / NEEDS-CUSTOM-CRAWLER,"Will's 2026-09-11 handover found price evidence but no standard platform API, so it needs a bespoke spider. Never built or live-tested."
JERO,botswana,5.0,FNB_MIXED,PENDING,bas_bw_shop,https://www.bas.co.bw/shop,bas.co.bw,P2 - queue / NEEDS-CUSTOM-CRAWLER,"Will's 2026-09-11 handover found price evidence but no standard platform API, so it needs a bespoke spider. Never built or live-tested."
JERO,botswana,5.0,FNB_MIXED,PENDING,bbs_bank_tariffs,https://www.bbs.co.bw/index.php/publications,bbs.co.bw,P2 - queue / NEEDS-CUSTOM-CRAWLER,"Will's 2026-09-11 handover found price evidence but no standard platform API, so it needs a bespoke spider. Never built or live-tested."
JERO,botswana,5.0,FNB_MIXED,PENDING,bera_fuel_price_release,https://dailynews.gov.bw/news-detail/92117,dailynews.gov.bw,P2 - queue / NEEDS-CUSTOM-CRAWLER,"Will's 2026-09-11 handover found price evidence but no standard platform API, so it needs a bespoke spider. Never built or live-tested."
JERO,botswana,5.0,FNB_MIXED,PENDING,bnsc_gaborone_gym,https://www.bnsc.co.bw/bnsc9/node/223,bnsc.co.bw,P2 - queue / NEEDS-CUSTOM-CRAWLER,"Will's 2026-09-11 handover found price evidence but no standard platform API, so it needs a bespoke spider. Never built or live-tested."
JERO,botswana,5.0,FNB_MIXED,PENDING,bomaid_tariffs,https://www.bomaid.co.bw/tariffs,bomaid.co.bw,P2 - queue / NEEDS-CUSTOM-CRAWLER,"Will's 2026-09-11 handover found price evidence but no standard platform API, so it needs a bespoke spider. Never built or live-tested."
JERO,botswana,5.0,FNB_MIXED,PENDING,botswanapost_tariff_calculators,https://botswanapost.post/,botswanapost.post,P2 - queue / NEEDS-CUSTOM-CRAWLER,"Will's 2026-09-11 handover found price evidence but no standard platform API, so it needs a bespoke spider. Never built or live-tested."
JERO,botswana,5.0,FNB_MIXED,PENDING,botswanapost_virtual_post_office,https://posttracking.botswanapost.co.bw/postglobal/vpo/ValidationWithMasterPage.aspx,posttracking.botswanapost.co.bw,P2 - queue / NEEDS-CUSTOM-CRAWLER,"Will's 2026-09-11 handover found price evidence but no standard platform API, so it needs a bespoke spider. Never built or live-tested."
JERO,botswana,5.0,FNB_MIXED,PENDING,botswanashop_bw,https://www.botswanashop.com/shop,botswanashop.com,P2 - queue / NEEDS-CUSTOM-CRAWLER,"Will's 2026-09-11 handover found price evidence but no standard platform API, so it needs a bespoke spider. Never built or live-tested."
JERO,botswana,5.0,FNB_MIXED,PENDING,bpc_tariffs_information,https://www.bpc.bw/tariffs-information/,bpc.bw,P2 - queue / NEEDS-CUSTOM-CRAWLER,"Will's 2026-09-11 handover found price evidence but no standard platform API, so it needs a bespoke spider. Never built or live-tested."
JERO,botswana,5.0,FNB_MIXED,PENDING,bradlows_pricemate_bw,https://pricemate.info/products,pricemate.info,P2 - queue / NEEDS-CUSTOM-CRAWLER,"Will's 2026-09-11 handover found price evidence but no standard platform API, so it needs a bespoke spider. Never built or live-tested."
JERO,botswana,5.0,FNB_MIXED,PENDING,carsbotswana,https://carsbotswana.com/,carsbotswana.com,P2 - queue / NEEDS-CUSTOM-CRAWLER,"Will's 2026-09-11 handover found price evidence but no standard platform API, so it needs a bespoke spider. Never built or live-tested."
JERO,botswana,5.0,FNB_MIXED,PENDING,celestialspaces_bw,https://celestialspacesbw.com/shop,celestialspacesbw.com,P2 - queue / NEEDS-CUSTOM-CRAWLER,"Will's 2026-09-11 handover found price evidence but no standard platform API, so it needs a bespoke spider. Never built or live-tested."
JERO,botswana,5.0,FNB_MIXED,PENDING,dellkorse_bw,https://www.dellkorse.co.bw/shop,dellkorse.co.bw,P2 - queue / NEEDS-CUSTOM-CRAWLER,"Will's 2026-09-11 handover found price evidence but no standard platform API, so it needs a bespoke spider. Never built or live-tested."
JERO,botswana,5.0,FNB_MIXED,PENDING,dikukama_hotel_rates,https://dikukamahotels.co.bw/,dikukamahotels.co.bw,P2 - queue / NEEDS-CUSTOM-CRAWLER,"Will's 2026-09-11 handover found price evidence but no standard platform API, so it needs a bespoke spider. Never built or live-tested."
JERO,botswana,5.0,FNB_MIXED,PENDING,edutoys_world_bw,https://www.edutoys.world/shop,edutoys.world,P2 - queue / NEEDS-CUSTOM-CRAWLER,"Will's 2026-09-11 handover found price evidence but no standard platform API, so it needs a bespoke spider. Never built or live-tested."
JERO,botswana,5.0,FNB_MIXED,PENDING,fedex_botswana_rates,https://www.fedex.com/en-bw/shipping/rates.html,fedex.com,P2 - queue / NEEDS-CUSTOM-CRAWLER,"Will's 2026-09-11 handover found price evidence but no standard platform API, so it needs a bespoke spider. Never built or live-tested."
JERO,botswana,5.0,FNB_MIXED,PENDING,fnb_botswana_pricing_guides,https://www.online.fnbbotswana.co.bw/rates/Transact-Pricing-Guide.html,online.fnbbotswana.co.bw,P2 - queue / NEEDS-CUSTOM-CRAWLER,"Will's 2026-09-11 handover found price evidence but no standard platform API, so it needs a bespoke spider. Never built or live-tested."
JERO,botswana,5.0,FNB_MIXED,PENDING,gaborone_international_school_fees,https://www.gaboroneinternationalschool.co.bw/parent-hub/fees,gaboroneinternationalschool.co.bw,P2 - queue / NEEDS-CUSTOM-CRAWLER,"Will's 2026-09-11 handover found price evidence but no standard platform API, so it needs a bespoke spider. Never built or live-tested."
JERO,botswana,5.0,FNB_MIXED,PENDING,gips_courses_fees,https://www.gips.ac.bw/search-results.php,gips.ac.bw,P2 - queue / NEEDS-CUSTOM-CRAWLER,"Will's 2026-09-11 handover found price evidence but no standard platform API, so it needs a bespoke spider. Never built or live-tested."
JERO,botswana,5.0,FNB_MIXED,PENDING,govbw_driving_license_fees,https://www.gov.bw/taxonomy/term/116?page=3,gov.bw,P2 - queue / NEEDS-CUSTOM-CRAWLER,"Will's 2026-09-11 handover found price evidence but no standard platform API, so it needs a bespoke spider. Never built or live-tested."
JERO,botswana,5.0,FNB_MIXED,PENDING,hibiscus_schools_fees,https://hibiscusschools.com/admissions/,hibiscusschools.com,P2 - queue / NEEDS-CUSTOM-CRAWLER,"Will's 2026-09-11 handover found price evidence but no standard platform API, so it needs a bespoke spider. Never built or live-tested."
JERO,botswana,5.0,FNB_MIXED,PENDING,hope_bromo_restaurant,https://hopebromohotel.co.bw/restaurant,hopebromohotel.co.bw,P2 - queue / NEEDS-CUSTOM-CRAWLER,"Will's 2026-09-11 handover found price evidence but no standard platform API, so it needs a bespoke spider. Never built or live-tested."
JERO,botswana,5.0,FNB_MIXED,PENDING,impex_auto_parts_bw,https://www.impex.co.bw/,impex.co.bw,P2 - queue / NEEDS-CUSTOM-CRAWLER,"Will's 2026-09-11 handover found price evidence but no standard platform API, so it needs a bespoke spider. Never built or live-tested."
JERO,botswana,5.0,FNB_MIXED,PENDING,kasimba_hotel_stay,https://kasimba.co.bw/stay/,kasimba.co.bw,P2 - queue / NEEDS-CUSTOM-CRAWLER,"Will's 2026-09-11 handover found price evidence but no standard platform API, so it needs a bespoke spider. Never built or live-tested."
JERO,botswana,5.0,FNB_MIXED,PENDING,kfcbotswana_menu,https://www.kfcbotswana.com/en/menu/,kfcbotswana.com,P2 - queue / NEEDS-CUSTOM-CRAWLER,"Will's 2026-09-11 handover found price evidence but no standard platform API, so it needs a bespoke spider. Never built or live-tested."
JERO,botswana,5.0,FNB_MIXED,PENDING,letlhabile_primary_fees,https://letlhabileprimary.ac.bw/~letlhabileprimar/letlhabile-content/cid/170/school-fees/,letlhabileprimary.ac.bw,P2 - queue / NEEDS-CUSTOM-CRAWLER,"Will's 2026-09-11 handover found price evidence but no standard platform API, so it needs a bespoke spider. Never built or live-tested."
JERO,botswana,5.0,FNB_MIXED,PENDING,life_matters_driving_academy,https://lifemattersbw.com/driving-academy,lifemattersbw.com,P2 - queue / NEEDS-CUSTOM-CRAWLER,"Will's 2026-09-11 handover found price evidence but no standard platform API, so it needs a bespoke spider. Never built or live-tested."
JERO,botswana,5.0,FNB_MIXED,PENDING,matshwane_school_fees,https://matshwaneschool.ac.bw/admissions/,matshwaneschool.ac.bw,P2 - queue / NEEDS-CUSTOM-CRAWLER,"Will's 2026-09-11 handover found price evidence but no standard platform API, so it needs a bespoke spider. Never built or live-tested."
JERO,botswana,5.0,FNB_MIXED,PENDING,medlex_consultation,https://www.medlex.center/service-page/consultation-general-medical-exam,medlex.center,P2 - queue / NEEDS-CUSTOM-CRAWLER,"Will's 2026-09-11 handover found price evidence but no standard platform API, so it needs a bespoke spider. Never built or live-tested."
JERO,botswana,5.0,FNB_MIXED,PENDING,moh_clinic_fees,https://www.moh.gov.bw/clinics.html,moh.gov.bw,P2 - queue / NEEDS-CUSTOM-CRAWLER,"Will's 2026-09-11 handover found price evidence but no standard platform API, so it needs a bespoke spider. Never built or live-tested."
JERO,botswana,5.0,FNB_MIXED,PENDING,mother_hen_fees,https://motherhen.co.bw/fees-and-admission,motherhen.co.bw,P2 - queue / NEEDS-CUSTOM-CRAWLER,"Will's 2026-09-11 handover found price evidence but no standard platform API, so it needs a bespoke spider. Never built or live-tested."
JERO,botswana,5.0,FNB_MIXED,PENDING,orange_prepaid_tariffs_bw,https://www.orange.co.bw/en/prepaid-tariffs.html,orange.co.bw,P2 - queue / NEEDS-CUSTOM-CRAWLER,"Will's 2026-09-11 handover found price evidence but no standard platform API, so it needs a bespoke spider. Never built or live-tested."
JERO,botswana,5.0,FNB_MIXED,PENDING,orekatech_store,https://store.orekatech.co.bw/,store.orekatech.co.bw,P2 - queue / NEEDS-CUSTOM-CRAWLER,"Will's 2026-09-11 handover found price evidence but no standard platform API, so it needs a bespoke spider. Never built or live-tested."
JERO,botswana,5.0,FNB_MIXED,PENDING,pedros_botswana_menu,https://pedroschicken.co.bw/menu/,pedroschicken.co.bw,P2 - queue / NEEDS-CUSTOM-CRAWLER,"Will's 2026-09-11 handover found price evidence but no standard platform API, so it needs a bespoke spider. Never built or live-tested."
JERO,botswana,5.0,FNB_MIXED,PENDING,platinumhotel_rooms,https://platinumhotel.co.bw/shop/standard-room-14,platinumhotel.co.bw,P2 - queue / NEEDS-CUSTOM-CRAWLER,"Will's 2026-09-11 handover found price evidence but no standard platform API, so it needs a bespoke spider. Never built or live-tested."
JERO,botswana,5.0,FNB_MIXED,PENDING,prosperity_secrets_books,https://prosperitysecretsinternational.net/,prosperitysecretsinternational.net,P2 - queue / NEEDS-CUSTOM-CRAWLER,"Will's 2026-09-11 handover found price evidence but no standard platform API, so it needs a bespoke spider. Never built or live-tested."
JERO,botswana,5.0,FNB_MIXED,PENDING,pulacars_bw,https://www.pulacars.com/,pulacars.com,P2 - queue / NEEDS-CUSTOM-CRAWLER,"Will's 2026-09-11 handover found price evidence but no standard platform API, so it needs a bespoke spider. Never built or live-tested."
JERO,botswana,5.0,FNB_MIXED,PENDING,regent_hill_school_fees,https://rhis.ac.bw/prospectus-fees.html,rhis.ac.bw,P2 - queue / NEEDS-CUSTOM-CRAWLER,"Will's 2026-09-11 handover found price evidence but no standard platform API, so it needs a bespoke spider. Never built or live-tested."
JERO,botswana,5.0,FNB_MIXED,PENDING,rocomamas_botswana_menu,https://rocomamas.com/bw/menu,rocomamas.com,P2 - queue / NEEDS-CUSTOM-CRAWLER,"Will's 2026-09-11 handover found price evidence but no standard platform API, so it needs a bespoke spider. Never built or live-tested."
JERO,botswana,5.0,FNB_MIXED,PENDING,shedol_cosmetics_bw,https://shedolcosmetics.com/online-shop/,shedolcosmetics.com,P2 - queue / NEEDS-CUSTOM-CRAWLER,"Will's 2026-09-11 handover found price evidence but no standard platform API, so it needs a bespoke spider. Never built or live-tested."
JERO,botswana,5.0,FNB_MIXED,PENDING,stanbic_bw_tariff_guide,https://www.stanbicbank.co.bw/botswana/personal,stanbicbank.co.bw,P2 - queue / NEEDS-CUSTOM-CRAWLER,"Will's 2026-09-11 handover found price evidence but no standard platform API, so it needs a bespoke spider. Never built or live-tested."
JERO,botswana,5.0,FNB_MIXED,PENDING,titanburgers_bw,https://www.titanburgers.co.bw/,titanburgers.co.bw,P2 - queue / NEEDS-CUSTOM-CRAWLER,"Will's 2026-09-11 handover found price evidence but no standard platform API, so it needs a bespoke spider. Never built or live-tested."
JERO,botswana,5.0,FNB_MIXED,PENDING,tswanawana_bw,https://www.tswanawana.com/,tswanawana.com,P2 - queue / NEEDS-CUSTOM-CRAWLER,"Will's 2026-09-11 handover found price evidence but no standard platform API, so it needs a bespoke spider. Never built or live-tested."
JERO,botswana,5.0,FNB_MIXED,PENDING,twt_bw,https://www.twt.co.bw/product-category/promotion/,twt.co.bw,P2 - queue / NEEDS-CUSTOM-CRAWLER,"Will's 2026-09-11 handover found price evidence but no standard platform API, so it needs a bespoke spider. Never built or live-tested."
JERO,botswana,5.0,FNB_MIXED,PENDING,university_of_botswana_fee_schedule,https://www.ub.bw/media/108,ub.bw,P2 - queue / NEEDS-CUSTOM-CRAWLER,"Will's 2026-09-11 handover found price evidence but no standard platform API, so it needs a bespoke spider. Never built or live-tested."
JERO,botswana,5.0,FNB_MIXED,PENDING,wonderkidz_school_fees,https://wonderkidzschools.co.bw/,wonderkidzschools.co.bw,P2 - queue / NEEDS-CUSTOM-CRAWLER,"Will's 2026-09-11 handover found price evidence but no standard platform API, so it needs a bespoke spider. Never built or live-tested."
JERO,botswana,5.0,FNB_MIXED,PENDING,woodlands_lodge_rates,https://www.woodlandsbotswana.com/campsite/rates/,woodlandsbotswana.com,P2 - queue / NEEDS-CUSTOM-CRAWLER,"Will's 2026-09-11 handover found price evidence but no standard platform API, so it needs a bespoke spider. Never built or live-tested."
JERO,botswana,5.0,FNB_MIXED,PENDING,wuc_tariffs,https://www.wuc.bw/link-content/our-tariffs,wuc.bw,P2 - queue / NEEDS-CUSTOM-CRAWLER,"Will's 2026-09-11 handover found price evidence but no standard platform API, so it needs a bespoke spider. Never built or live-tested."
JERO,botswana,5.0,FNB_MIXED,PENDING,zencafe_bw,https://zencafe.co.bw/order,zencafe.co.bw,P2 - queue / NEEDS-CUSTOM-CRAWLER,"Will's 2026-09-11 handover found price evidence but no standard platform API, so it needs a bespoke spider. Never built or live-tested."
JERO,botswana,5.0,FNB_MIXED,PENDING,auto_grade_spares_social,https://www.autoyas.com/BW/Gaborone/108753777958403/Auto-Grade-Spares,autoyas.com,P3 - queue / NEEDS-REVIEW,"Will's 2026-09-11 handover flagged this ambiguous (country, currency or price-surface unclear). Needs manual review before any scaffolding."
JERO,botswana,5.0,FNB_MIXED,PENDING,autoline_bw,https://autoline-bw.com/,autoline-bw.com,P3 - queue / NEEDS-REVIEW,"Will's 2026-09-11 handover flagged this ambiguous (country, currency or price-surface unclear). Needs manual review before any scaffolding."
JERO,botswana,5.0,FNB_MIXED,PENDING,bera_electricity_tariffs,https://www.bera.co.bw/electricity.php,bera.co.bw,P3 - queue / NEEDS-REVIEW,"Will's 2026-09-11 handover flagged this ambiguous (country, currency or price-surface unclear). Needs manual review before any scaffolding."
JERO,botswana,5.0,FNB_MIXED,PENDING,cca_lpg_price_survey,https://www.competitionauthority.co.bw/retail-price-survey-commodities-and-lpg-gas-specified-localities-pre-and-post-vat-adjustment,competitionauthority.co.bw,P3 - queue / NEEDS-REVIEW,"Will's 2026-09-11 handover flagged this ambiguous (country, currency or price-surface unclear). Needs manual review before any scaffolding."
JERO,botswana,5.0,FNB_MIXED,PENDING,clickconnect_bw,https://www.clickconnect.co.bw/shop,clickconnect.co.bw,P3 - queue / NEEDS-REVIEW,"Will's 2026-09-11 handover flagged this ambiguous (country, currency or price-surface unclear). Needs manual review before any scaffolding."
JERO,botswana,5.0,FNB_MIXED,PENDING,dynamic_cash_carry_flipbook,https://fliphtml5.com/vhay/jrew/TBA_23rd_Oct_-_3rd_Nov_2023/,fliphtml5.com,P3 - queue / NEEDS-REVIEW,"Will's 2026-09-11 handover flagged this ambiguous (country, currency or price-surface unclear). Needs manual review before any scaffolding."
JERO,botswana,5.0,FNB_MIXED,PENDING,gabseats_social,https://www.restaurants10.com/BW/Gaborone/647243498474259/Gabs-Eats,restaurants10.com,P3 - queue / NEEDS-REVIEW,"Will's 2026-09-11 handover flagged this ambiguous (country, currency or price-surface unclear). Needs manual review before any scaffolding."
JERO,botswana,5.0,FNB_MIXED,PENDING,jonel_sportif_bw,https://jonelsportif.com/index.html,jonelsportif.com,P3 - queue / NEEDS-REVIEW,"Will's 2026-09-11 handover flagged this ambiguous (country, currency or price-surface unclear). Needs manual review before any scaffolding."
JERO,botswana,5.0,FNB_MIXED,PENDING,msbm_botswana_courses,https://msbm.org.uk/botswana/programme/professional-certificate-in-security-intelligence-and-investigative-practice,msbm.org.uk,P3 - queue / NEEDS-REVIEW,"Will's 2026-09-11 handover flagged this ambiguous (country, currency or price-surface unclear). Needs manual review before any scaffolding."
JERO,botswana,5.0,FNB_MIXED,PENDING,partscityafrica_bw,https://partscityafrica.com/,partscityafrica.com,P3 - queue / NEEDS-REVIEW,"Will's 2026-09-11 handover flagged this ambiguous (country, currency or price-surface unclear). Needs manual review before any scaffolding."
JERO,botswana,5.0,FNB_MIXED,PENDING,pulamarket_bw,https://pulamarket.co.bw/,pulamarket.co.bw,P3 - queue / NEEDS-REVIEW,"Will's 2026-09-11 handover flagged this ambiguous (country, currency or price-surface unclear). Needs manual review before any scaffolding."
JERO,botswana,5.0,FNB_MIXED,PENDING,pulamed_tariffs,https://pulamed.co.bw/tariffs,pulamed.co.bw,P3 - queue / NEEDS-REVIEW,"Will's 2026-09-11 handover flagged this ambiguous (country, currency or price-surface unclear). Needs manual review before any scaffolding."
JERO,botswana,5.0,FNB_MIXED,PENDING,tyres_online_bw,https://www.tyres-online.co.bw/,tyres-online.co.bw,P3 - queue / NEEDS-REVIEW,"Will's 2026-09-11 handover flagged this ambiguous (country, currency or price-surface unclear). Needs manual review before any scaffolding."
JERO,botswana,5.0,FNB_MIXED,PENDING,ubuy_bw,https://www.ubuy.co.bw/,ubuy.co.bw,P3 - queue / NEEDS-REVIEW,"Will's 2026-09-11 handover flagged this ambiguous (country, currency or price-surface unclear). Needs manual review before any scaffolding."
JERO,botswana,5.0,FNB_MIXED,PENDING,vistaprint_bw_wear,https://www.vistaprint.co.bw/vista-wear.html,vistaprint.co.bw,P3 - queue / NEEDS-REVIEW,"Will's 2026-09-11 handover flagged this ambiguous (country, currency or price-surface unclear). Needs manual review before any scaffolding."
JERO,libya,6.0,FNB_MIXED,LAST_TRY_FAILED,progaming_ly,https://progaming.ly/,progaming.ly,SKIP / JSONDecodeError,Generated as a crawler-ready manifest by Will's 2026-09-11 handover but it fails the enumerability gate on live probe (JSONDecodeError). Not merged into configs: a manifest that cannot enumerate returns zero rows forever.
JERO,libya,6.0,FNB_MIXED,LAST_TRY_FAILED,alluneed_ly,https://alluneed.ly/ar/,alluneed.ly,SKIP / CHILD-TASK-BLOCKED,Will's 2026-09-11 handover classified this blocked or not viable. Not re-probed here.
JERO,libya,6.0,FNB_MIXED,LAST_TRY_FAILED,nokhbacamera_ly,https://www.nokhbacamera.ly/,nokhbacamera.ly,SKIP / CHILD-TASK-BLOCKED,Will's 2026-09-11 handover classified this blocked or not viable. Not re-probed here.
JERO,liechtenstein,9.0,FNB_MIXED,LAST_TRY_FAILED,rheinapotheke_ch,https://shop.rheinapotheke.ch/,shop.rheinapotheke.ch,SKIP / CHILD-TASK-BLOCKED,Will's 2026-09-11 handover classified this blocked or not viable. Not re-probed here.
JERO,liechtenstein,9.0,FNB_MIXED,PENDING,baergwelten_shop_li,https://www.baergwelten-shop.com/,baergwelten-shop.com,P2 - queue / NEEDS-CUSTOM-CRAWLER,"Will's 2026-09-11 handover found price evidence but no standard platform API, so it needs a bespoke spider. Never built or live-tested."
JERO,liechtenstein,9.0,FNB_MIXED,PENDING,omni_li_books,https://lesen.omni.li/,lesen.omni.li,P3 - queue / NEEDS-REVIEW,"Will's 2026-09-11 handover flagged this ambiguous (country, currency or price-surface unclear). Needs manual review before any scaffolding."
JERO,liechtenstein,9.0,FNB_MIXED,PENDING,online_apotheke_ch,https://www.online-apotheke.ch/,online-apotheke.ch,P3 - queue / NEEDS-REVIEW,"Will's 2026-09-11 handover flagged this ambiguous (country, currency or price-surface unclear). Needs manual review before any scaffolding."
JERO,south_sudan,14.0,FNB_MIXED,LAST_TRY_FAILED,juba_fashion_hub_ss,https://jubafashionhub.store/,jubafashionhub.store,SKIP / HTTP-402,Generated as a crawler-ready manifest by Will's 2026-09-11 handover but it fails the enumerability gate on live probe (HTTP-402). Not merged into configs: a manifest that cannot enumerate returns zero rows forever.
JERO,south_sudan,14.0,FNB_MIXED,LAST_TRY_FAILED,jubalaptops_ss,https://jubalaptops.com/,jubalaptops.com,SKIP / HTTP-401,Generated as a crawler-ready manifest by Will's 2026-09-11 handover but it fails the enumerability gate on live probe (HTTP-401). Not merged into configs: a manifest that cannot enumerate returns zero rows forever.
JERO,south_sudan,14.0,FNB_MIXED,LAST_TRY_FAILED,jubastationery_ss,https://jubastationery.com/product-category/computer-and-mobiles/,jubastationery.com,SKIP / HTTP-404,Generated as a crawler-ready manifest by Will's 2026-09-11 handover but it fails the enumerability gate on live probe (HTTP-404). Not merged into configs: a manifest that cannot enumerate returns zero rows forever.
JERO,south_sudan,14.0,FNB_MIXED,LAST_TRY_FAILED,nilemart_ss,https://nilemart-ss.com/,nilemart-ss.com,SKIP / JSONDecodeError,Generated as a crawler-ready manifest by Will's 2026-09-11 handover but it fails the enumerability gate on live probe (JSONDecodeError). Not merged into configs: a manifest that cannot enumerate returns zero rows forever.
JERO,south_sudan,14.0,FNB_MIXED,LAST_TRY_FAILED,s_5grestaurant_juba_menu_ss,https://5grestaurantjuba.com/menu/,5grestaurantjuba.com,SKIP / CertificateVerifyError,Generated as a crawler-ready manifest by Will's 2026-09-11 handover but it fails the enumerability gate on live probe (CertificateVerifyError). Not merged into configs: a manifest that cannot enumerate returns zero rows forever.
JERO,south_sudan,14.0,FNB_MIXED,LAST_TRY_FAILED,warello_ss,https://warello.com/,warello.com,SKIP / SSLError,Generated as a crawler-ready manifest by Will's 2026-09-11 handover but it fails the enumerability gate on live probe (SSLError). Not merged into configs: a manifest that cannot enumerate returns zero rows forever.
JERO,south_sudan,14.0,FNB_MIXED,LAST_TRY_FAILED,afrigeneral_ss,https://afrigeneral.com/,afrigeneral.com,SKIP / CHILD-TASK-BLOCKED,Will's 2026-09-11 handover classified this blocked or not viable. Not re-probed here.
JERO,south_sudan,14.0,FNB_MIXED,LAST_TRY_FAILED,cost_of_living_aggregators_ss,https://hikersbay.com/prices/southsudan/juba,hikersbay.com,SKIP / CHILD-TASK-BLOCKED,Will's 2026-09-11 handover classified this blocked or not viable. Not re-probed here.
JERO,south_sudan,14.0,FNB_MIXED,LAST_TRY_FAILED,eyeradio_fuel_price_news_ss,https://www.eyeradio.org/fuel-price-surge-a-wake-up-call-for-government-to-protect-citizens/,eyeradio.org,SKIP / CHILD-TASK-BLOCKED,Will's 2026-09-11 handover classified this blocked or not viable. Not re-probed here.
JERO,south_sudan,14.0,FNB_MIXED,LAST_TRY_FAILED,hayat_pharmaceutical_ltd,https://hayat-pharma-connect.lovable.app/shop,hayat-pharma-connect.lovable.app,SKIP / CHILD-TASK-BLOCKED,Will's 2026-09-11 handover classified this blocked or not viable. Not re-probed here.
JERO,south_sudan,14.0,FNB_MIXED,LAST_TRY_FAILED,juba_basketball_kits_ss,https://jubabasketballkits.com/,jubabasketballkits.com,SKIP / CHILD-TASK-BLOCKED,Will's 2026-09-11 handover classified this blocked or not viable. Not re-probed here.
JERO,south_sudan,14.0,FNB_MIXED,LAST_TRY_FAILED,jubamall_ss,https://jubamall.com/,jubamall.com,SKIP / CHILD-TASK-BLOCKED,Will's 2026-09-11 handover classified this blocked or not viable. Not re-probed here.
JERO,south_sudan,14.0,FNB_MIXED,LAST_TRY_FAILED,onecitizen_fuel_price_news_ss,https://www.onecitizendaily.com/index.php/2026/07/16/motorists-and-commuters-decry-as-fuel-prices-soar/,onecitizendaily.com,SKIP / CHILD-TASK-BLOCKED,Will's 2026-09-11 handover classified this blocked or not viable. Not re-probed here.
JERO,south_sudan,14.0,FNB_MIXED,LAST_TRY_FAILED,siapai_authentic_products_ss,https://siapaiproducts.com/,siapaiproducts.com,SKIP / CHILD-TASK-BLOCKED,Will's 2026-09-11 handover classified this blocked or not viable. Not re-probed here.
JERO,south_sudan,14.0,FNB_MIXED,LAST_TRY_FAILED,sudgadgets_ss,https://www.sudgadgets.com/,sudgadgets.com,SKIP / CHILD-TASK-BLOCKED,Will's 2026-09-11 handover classified this blocked or not viable. Not re-probed here.
JERO,south_sudan,14.0,FNB_MIXED,PENDING,businessclaud_ss,https://businessclaud.com/ss/black-nikon-dslr-digital-camera-7ib5r41d-in-juba-south-sudan,businessclaud.com,P2 - queue / NEEDS-CUSTOM-CRAWLER,"Will's 2026-09-11 handover found price evidence but no standard platform API, so it needs a bespoke spider. Never built or live-tested."
JERO,south_sudan,14.0,FNB_MIXED,PENDING,jubacar_ss,https://jubacar.com/,jubacar.com,P2 - queue / NEEDS-CUSTOM-CRAWLER,"Will's 2026-09-11 handover found price evidence but no standard platform API, so it needs a bespoke spider. Never built or live-tested."
JERO,south_sudan,14.0,FNB_MIXED,PENDING,jubacargodirect_all_ss,https://www.jubacargodirect.com/category/all-products,jubacargodirect.com,P2 - queue / NEEDS-CUSTOM-CRAWLER,"Will's 2026-09-11 handover found price evidence but no standard platform API, so it needs a bespoke spider. Never built or live-tested."
JERO,south_sudan,14.0,FNB_MIXED,PENDING,jubaexpanse_takeapp_ss,https://jubaexpanse.com/,jubaexpanse.com,P2 - queue / NEEDS-CUSTOM-CRAWLER,"Will's 2026-09-11 handover found price evidence but no standard platform API, so it needs a bespoke spider. Never built or live-tested."
JERO,south_sudan,14.0,FNB_MIXED,PENDING,shopit_ss,https://shopit.com.ss/,shopit.com.ss,P2 - queue / NEEDS-CUSTOM-CRAWLER,"Will's 2026-09-11 handover found price evidence but no standard platform API, so it needs a bespoke spider. Never built or live-tested."
JERO,south_sudan,14.0,FNB_MIXED,PENDING,ssdonestore_ss,https://ssdonestore.com/,ssdonestore.com,P2 - queue / NEEDS-CUSTOM-CRAWLER,"Will's 2026-09-11 handover found price evidence but no standard platform API, so it needs a bespoke spider. Never built or live-tested."
JERO,south_sudan,14.0,FNB_MIXED,PENDING,suddnile_classifieds_ss,https://suddnile.com/electronics/,suddnile.com,P2 - queue / NEEDS-CUSTOM-CRAWLER,"Will's 2026-09-11 handover found price evidence but no standard platform API, so it needs a bespoke spider. Never built or live-tested."
JERO,south_sudan,14.0,FNB_MIXED,PENDING,techprosolutionssd_ss,https://www.techprosolutionssd.com/products.html,techprosolutionssd.com,P2 - queue / NEEDS-CUSTOM-CRAWLER,"Will's 2026-09-11 handover found price evidence but no standard platform API, so it needs a bespoke spider. Never built or live-tested."
JERO,south_sudan,14.0,FNB_MIXED,PENDING,zuddo_ss,https://www.zuddo.biz/,zuddo.biz,P2 - queue / NEEDS-CUSTOM-CRAWLER,"Will's 2026-09-11 handover found price evidence but no standard platform API, so it needs a bespoke spider. Never built or live-tested."
JERO,south_sudan,14.0,FNB_MIXED,PENDING,digitel_estore_ss,https://digitelss.com/business/Go%20to%20e-store,digitelss.com,P3 - queue / NEEDS-REVIEW,"Will's 2026-09-11 handover flagged this ambiguous (country, currency or price-surface unclear). Needs manual review before any scaffolding."
JERO,south_sudan,14.0,FNB_MIXED,PENDING,memuapp_ss_ug,https://www.memuapp.com/,memuapp.com,P3 - queue / NEEDS-REVIEW,"Will's 2026-09-11 handover flagged this ambiguous (country, currency or price-surface unclear). Needs manual review before any scaffolding."
JERO,south_sudan,14.0,FNB_MIXED,PENDING,shiluana_ride_prices_ss,https://shiluana.com/2022/05/27/increase-in-our-prices/,shiluana.com,P3 - queue / NEEDS-REVIEW,"Will's 2026-09-11 handover flagged this ambiguous (country, currency or price-surface unclear). Needs manual review before any scaffolding."
JERO,marshall_islands,17.0,FNB_MIXED,LAST_TRY_FAILED,acehardware_generic,https://www.acehardware.com/,acehardware.com,SKIP / CHILD-TASK-BLOCKED,Will's 2026-09-11 handover classified this blocked or not viable. Not re-probed here.
JERO,marshall_islands,17.0,FNB_MIXED,LAST_TRY_FAILED,alinabasics_marshall_islands,https://alinabasics.shop/collections/marshall-islands-collection,alinabasics.shop,SKIP / CHILD-TASK-BLOCKED,Will's 2026-09-11 handover classified this blocked or not viable. Not re-probed here.
JERO,marshall_islands,17.0,FNB_MIXED,LAST_TRY_FAILED,do_it_best_global,https://www.doitbest.com/,doitbest.com,SKIP / CHILD-TASK-BLOCKED,Will's 2026-09-11 handover classified this blocked or not viable. Not re-probed here.
JERO,marshall_islands,17.0,FNB_MIXED,LAST_TRY_FAILED,hikersbay_majuro_prices,https://hikersbay.com/prices/marshallislands/majuro?lang=en,hikersbay.com,SKIP / CHILD-TASK-BLOCKED,Will's 2026-09-11 handover classified this blocked or not viable. Not re-probed here.
JERO,marshall_islands,17.0,FNB_MIXED,LAST_TRY_FAILED,iexplore_shopping_and_leisure,https://www.iexplore.com/articles/travel-guides/australia-and-oceania/pacific-islands-political-geography/marshall-islands/shopping-and-leisure,iexplore.com,SKIP / CHILD-TASK-BLOCKED,Will's 2026-09-11 handover classified this blocked or not viable. Not re-probed here.
JERO,marshall_islands,17.0,FNB_MIXED,LAST_TRY_FAILED,knownero_cost_of_living_mh,https://knownero.com/cost-of-living/marshall-islands/,knownero.com,SKIP / CHILD-TASK-BLOCKED,Will's 2026-09-11 handover classified this blocked or not viable. Not re-probed here.
JERO,marshall_islands,17.0,FNB_MIXED,LAST_TRY_FAILED,majuro_true_value_directory,https://evendo.com/locations/marshall-islands/arno-atoll/shop/majuro-true-value,evendo.com,SKIP / CHILD-TASK-BLOCKED,Will's 2026-09-11 handover classified this blocked or not viable. Not re-probed here.
JERO,marshall_islands,17.0,FNB_MIXED,LAST_TRY_FAILED,marshall_islands_pocket_guide_cheap_eats,https://marshallislandspocketguide.com/the-top-cheap-eats-in-majuro-the-marshall-islands,marshallislandspocketguide.com,SKIP / CHILD-TASK-BLOCKED,Will's 2026-09-11 handover classified this blocked or not viable. Not re-probed here.
JERO,marshall_islands,17.0,FNB_MIXED,LAST_TRY_FAILED,medpharm_rmi,https://medpharmusa.net/medpharm-majuro/,medpharmusa.net,SKIP / CHILD-TASK-BLOCKED,Will's 2026-09-11 handover classified this blocked or not viable. Not re-probed here.
JERO,marshall_islands,17.0,FNB_MIXED,LAST_TRY_FAILED,nomadlio_majuro_cost_of_living,https://nomadlio.com/majuro/cost-of-living/,nomadlio.com,SKIP / CHILD-TASK-BLOCKED,Will's 2026-09-11 handover classified this blocked or not viable. Not re-probed here.
JERO,marshall_islands,17.0,FNB_MIXED,LAST_TRY_FAILED,numbeo_marshall_islands,https://www.numbeo.com/cost-of-living/country_result.jsp?country=Marshall+Islands,numbeo.com,SKIP / CHILD-TASK-BLOCKED,Will's 2026-09-11 handover classified this blocked or not viable. Not re-probed here.
JERO,marshall_islands,17.0,FNB_MIXED,LAST_TRY_FAILED,polynesianpride_marshall_islands,https://www.polynesianpride.co/collections/marshall-islands,polynesianpride.co,SKIP / CHILD-TASK-BLOCKED,Will's 2026-09-11 handover classified this blocked or not viable. Not re-probed here.
JERO,marshall_islands,17.0,FNB_MIXED,LAST_TRY_FAILED,rmi_ocit_getting_around,https://www.ocit.mh/getting-around,ocit.mh,SKIP / CHILD-TASK-BLOCKED,Will's 2026-09-11 handover classified this blocked or not viable. Not re-probed here.
JERO,marshall_islands,17.0,FNB_MIXED,LAST_TRY_FAILED,runway_travel_health_marshall_islands,https://staging.runwayhealth.com/marshall-islands/,staging.runwayhealth.com,SKIP / CHILD-TASK-BLOCKED,Will's 2026-09-11 handover classified this blocked or not viable. Not re-probed here.
JERO,marshall_islands,17.0,FNB_MIXED,PENDING,nta_legacy_services,https://ntamar.net/index.php/services,ntamar.net,P3 - queue / ALREADY-TRACKED-UPSTREAM,Will's handover marked this existing/already tracked; no matching row here.
JERO,marshall_islands,17.0,FNB_MIXED,PENDING,marshalls_energy_shipping,https://mecrmi.com/shipping/,mecrmi.com,P2 - queue / NEEDS-CUSTOM-CRAWLER,"Will's 2026-09-11 handover found price evidence but no standard platform API, so it needs a bespoke spider. Never built or live-tested."
JERO,marshall_islands,17.0,FNB_MIXED,PENDING,opentravelguide_shopping_mh,https://opentravelguide.com/marshall-islands/shopping/,opentravelguide.com,P2 - queue / NEEDS-CUSTOM-CRAWLER,"Will's 2026-09-11 handover found price evidence but no standard platform API, so it needs a bespoke spider. Never built or live-tested."
JERO,marshall_islands,17.0,FNB_MIXED,PENDING,ez_price_mart_directory,https://mh.near-place.com/ez-price-mart-majuro/en,mh.near-place.com,P3 - queue / NEEDS-REVIEW,"Will's 2026-09-11 handover flagged this ambiguous (country, currency or price-surface unclear). Needs manual review before any scaffolding."
JERO,kiribati,20.0,FNB_MIXED,LAST_TRY_FAILED,kirical_enterprise,https://kirical.com/,kirical.com,SKIP / EMPTY-CATALOG,Generated as a crawler-ready manifest by Will's 2026-09-11 handover but it fails the enumerability gate on live probe (EMPTY-CATALOG). Not merged into configs: a manifest that cannot enumerate returns zero rows forever.
JERO,kiribati,20.0,FNB_MIXED,LAST_TRY_FAILED,betty_trading_cybo,https://www.cybo.com/KI-biz/betty-trading,cybo.com,SKIP / CHILD-TASK-BLOCKED,Will's 2026-09-11 handover classified this blocked or not viable. Not re-probed here.
JERO,kiribati,20.0,FNB_MIXED,LAST_TRY_FAILED,newegg_kiribati_search_pages,https://www.newegg.com/p/pl?N=100247311&d=kiribati&isdeptsrh=1,newegg.com,SKIP / CHILD-TASK-BLOCKED,Will's 2026-09-11 handover classified this blocked or not viable. Not re-probed here.
JERO,kiribati,20.0,FNB_MIXED,LAST_TRY_FAILED,printerval_kiribati_shops,https://printerval.com/shops/kiribati-s1589,printerval.com,SKIP / CHILD-TASK-BLOCKED,Will's 2026-09-11 handover classified this blocked or not viable. Not re-probed here.
JERO,kiribati,20.0,FNB_MIXED,LAST_TRY_FAILED,taotin_trading_electronics_motors_ki,https://taotintrading.com.ki/divisions/electronics-motors/,taotintrading.com.ki,SKIP / CHILD-TASK-BLOCKED,Will's 2026-09-11 handover classified this blocked or not viable. Not re-probed here.
JERO,kiribati,20.0,FNB_MIXED,PENDING,dsc26_ki,https://www.dsc26.com/,dsc26.com,P2 - queue / NEEDS-CUSTOM-CRAWLER,"Will's 2026-09-11 handover found price evidence but no standard platform API, so it needs a bespoke spider. Never built or live-tested."
JERO,kiribati,20.0,FNB_MIXED,PENDING,souvenirsideas_kiribati,https://souvenirsideas.com/2025/12/02/kiribati/,souvenirsideas.com,P2 - queue / NEEDS-CUSTOM-CRAWLER,"Will's 2026-09-11 handover found price evidence but no standard platform API, so it needs a bespoke spider. Never built or live-tested."
JERO,kiribati,20.0,FNB_MIXED,PENDING,strapify_country_selector,https://www.strapify.com.au/products/apple-watch-transparent-case-strap?variant=41605820874826,strapify.com.au,P2 - queue / NEEDS-CUSTOM-CRAWLER,"Will's 2026-09-11 handover found price evidence but no standard platform API, so it needs a bespoke spider. Never built or live-tested."
JERO,kiribati,20.0,FNB_MIXED,PENDING,tiktok_shop_kiribati_plush,https://shop.tiktok.com/us/pdp/anime-polandball-plush-toy-20cm-10cm-soft-cozy-design/1732310661896704979,shop.tiktok.com,P2 - queue / NEEDS-CUSTOM-CRAWLER,"Will's 2026-09-11 handover found price evidence but no standard platform API, so it needs a bespoke spider. Never built or live-tested."
JERO,kiribati,20.0,FNB_MIXED,PENDING,betio_hardware_directory,https://ki.near-place.com/betio-hardware-kiribati,ki.near-place.com,P3 - queue / NEEDS-REVIEW,"Will's 2026-09-11 handover flagged this ambiguous (country, currency or price-surface unclear). Needs manual review before any scaffolding."
JERO,kiribati,20.0,FNB_MIXED,PENDING,betty_trading_import_data,https://www.volza.com/company-profile/betty-trading-37732571/,volza.com,P3 - queue / NEEDS-REVIEW,"Will's 2026-09-11 handover flagged this ambiguous (country, currency or price-surface unclear). Needs manual review before any scaffolding."
JERO,kiribati,20.0,FNB_MIXED,PENDING,cartogiraffe_angirin_hardware,https://www.cartogiraffe.com/kiribati/gilbert%2Bislands/betio/moel%2Btrading/,cartogiraffe.com,P3 - queue / NEEDS-REVIEW,"Will's 2026-09-11 handover flagged this ambiguous (country, currency or price-surface unclear). Needs manual review before any scaffolding."
JERO,sierra_leone,21.0,FNB_MIXED,LAST_TRY_FAILED,salonebuy,https://salonebuy.sl/,salonebuy.sl,SKIP / JSONDecodeError,Generated as a crawler-ready manifest by Will's 2026-09-11 handover but it fails the enumerability gate on live probe (JSONDecodeError). Not merged into configs: a manifest that cannot enumerate returns zero rows forever.
JERO,sierra_leone,21.0,FNB_MIXED,LAST_TRY_FAILED,sinnahs,https://sinnahs.com/wedding/,sinnahs.com,SKIP / DNSError,Generated as a crawler-ready manifest by Will's 2026-09-11 handover but it fails the enumerability gate on live probe (DNSError). Not merged into configs: a manifest that cannot enumerate returns zero rows forever.
JERO,sierra_leone,21.0,FNB_MIXED,LAST_TRY_FAILED,foreign_auto_parts_ubuy,https://www.ubuy.sl/category/automotive/replacement-parts/fuel-system/fuel-injection/fuel-injection-15727711,ubuy.sl,SKIP / CHILD-TASK-BLOCKED,Will's 2026-09-11 handover classified this blocked or not viable. Not re-probed here.
JERO,sierra_leone,21.0,FNB_MIXED,LAST_TRY_FAILED,jumia_sl,https://jumia.sl/,jumia.sl,SKIP / CHILD-TASK-BLOCKED,Will's 2026-09-11 handover classified this blocked or not viable. Not re-probed here.
JERO,sierra_leone,21.0,FNB_MIXED,LAST_TRY_FAILED,leonegadgets,https://leonegadgets.com/index.php/product/samsung-galaxy-a26-5g-128gb-6gb-ram/,leonegadgets.com,SKIP / CHILD-TASK-BLOCKED,Will's 2026-09-11 handover classified this blocked or not viable. Not re-probed here.
JERO,sierra_leone,21.0,FNB_MIXED,LAST_TRY_FAILED,marketplacesierraleone,https://marketplacesierraleone.com/,marketplacesierraleone.com,SKIP / CHILD-TASK-BLOCKED,Will's 2026-09-11 handover classified this blocked or not viable. Not re-probed here.
JERO,sierra_leone,21.0,FNB_MIXED,LAST_TRY_FAILED,saidu_sesay_enterprise,https://www.saidu-sesay-enterprisesierraleone.com/products,saidu-sesay-enterprisesierraleone.com,SKIP / CHILD-TASK-BLOCKED,Will's 2026-09-11 handover classified this blocked or not viable. Not re-probed here.
JERO,sierra_leone,21.0,FNB_MIXED,LAST_TRY_FAILED,salonemart,https://salonemart.com/,salonemart.com,SKIP / CHILD-TASK-BLOCKED,Will's 2026-09-11 handover classified this blocked or not viable. Not re-probed here.
JERO,sierra_leone,21.0,FNB_MIXED,LAST_TRY_FAILED,shashamaterials,https://shashamaterials.com/,shashamaterials.com,SKIP / CHILD-TASK-BLOCKED,Will's 2026-09-11 handover classified this blocked or not viable. Not re-probed here.
JERO,sierra_leone,21.0,FNB_MIXED,LAST_TRY_FAILED,thingsandsomethings,https://www.thingsandsomethings.com/product-page/kids-educational-toys,thingsandsomethings.com,SKIP / CHILD-TASK-BLOCKED,Will's 2026-09-11 handover classified this blocked or not viable. Not re-probed here.
JERO,sierra_leone,21.0,FNB_MIXED,PENDING,blake_electronics_sl,https://blakeelectronicssl.com/,blakeelectronicssl.com,P2 - queue / NEEDS-CUSTOM-CRAWLER,"Will's 2026-09-11 handover found price evidence but no standard platform API, so it needs a bespoke spider. Never built or live-tested."
JERO,sierra_leone,21.0,FNB_MIXED,PENDING,firsttouchlimited,https://www.firsttouchlimited.com/,firsttouchlimited.com,P2 - queue / NEEDS-CUSTOM-CRAWLER,"Will's 2026-09-11 handover found price evidence but no standard platform API, so it needs a bespoke spider. Never built or live-tested."
JERO,sierra_leone,21.0,FNB_MIXED,PENDING,francosresort_menu,https://www.francosresort.com/,francosresort.com,P2 - queue / NEEDS-CUSTOM-CRAWLER,"Will's 2026-09-11 handover found price evidence but no standard platform API, so it needs a bespoke spider. Never built or live-tested."
JERO,sierra_leone,21.0,FNB_MIXED,PENDING,goldenrestaurant_menu,https://thegoldenrestaurant.netlify.app/,thegoldenrestaurant.netlify.app,P2 - queue / NEEDS-CUSTOM-CRAWLER,"Will's 2026-09-11 handover found price evidence but no standard platform API, so it needs a bespoke spider. Never built or live-tested."
JERO,sierra_leone,21.0,FNB_MIXED,PENDING,ibflavorsl_menu,https://ibflavorsl.com/menu/,ibflavorsl.com,P2 - queue / NEEDS-CUSTOM-CRAWLER,"Will's 2026-09-11 handover found price evidence but no standard platform API, so it needs a bespoke spider. Never built or live-tested."
JERO,sierra_leone,21.0,FNB_MIXED,PENDING,insalone_emall,https://freetown.insalone.vip/index.php?id=685&monxin=mall.goods&shop_id=62,freetown.insalone.vip,P2 - queue / NEEDS-CUSTOM-CRAWLER,"Will's 2026-09-11 handover found price evidence but no standard platform API, so it needs a bespoke spider. Never built or live-tested."
JERO,sierra_leone,21.0,FNB_MIXED,PENDING,insons,https://www.insons.net/product-categories/computers,insons.net,P2 - queue / NEEDS-CUSTOM-CRAWLER,"Will's 2026-09-11 handover found price evidence but no standard platform API, so it needs a bespoke spider. Never built or live-tested."
JERO,sierra_leone,21.0,FNB_MIXED,PENDING,kenema_longrich,https://kenemalongrich.wixsite.com/website/product-page/sanitary-napkins-mix,kenemalongrich.wixsite.com,P2 - queue / NEEDS-CUSTOM-CRAWLER,"Will's 2026-09-11 handover found price evidence but no standard platform API, so it needs a bespoke spider. Never built or live-tested."
JERO,sierra_leone,21.0,FNB_MIXED,PENDING,lifebridgepharmacy,https://www.lifebridgepharmacy.com/,lifebridgepharmacy.com,P2 - queue / NEEDS-CUSTOM-CRAWLER,"Will's 2026-09-11 handover found price evidence but no standard platform API, so it needs a bespoke spider. Never built or live-tested."
JERO,sierra_leone,21.0,FNB_MIXED,PENDING,magic_sl,https://magic-sl.com/categorysearch?brand=461,magic-sl.com,P2 - queue / NEEDS-CUSTOM-CRAWLER,"Will's 2026-09-11 handover found price evidence but no standard platform API, so it needs a bespoke spider. Never built or live-tested."
JERO,sierra_leone,21.0,FNB_MIXED,PENDING,ordergo_sl,https://www.ordergosl.com/product/rafia-earrings-feb3df98,ordergosl.com,P2 - queue / NEEDS-CUSTOM-CRAWLER,"Will's 2026-09-11 handover found price evidence but no standard platform API, so it needs a bespoke spider. Never built or live-tested."
JERO,sierra_leone,21.0,FNB_MIXED,PENDING,royalhotelmakeni_restaurant,https://royalhotelmakenisl.com/the-restaurant/,royalhotelmakenisl.com,P2 - queue / NEEDS-CUSTOM-CRAWLER,"Will's 2026-09-11 handover found price evidence but no standard platform API, so it needs a bespoke spider. Never built or live-tested."
JERO,sierra_leone,21.0,FNB_MIXED,PENDING,salonecart,https://salonecart.com/,salonecart.com,P2 - queue / NEEDS-CUSTOM-CRAWLER,"Will's 2026-09-11 handover found price evidence but no standard platform API, so it needs a bespoke spider. Never built or live-tested."
JERO,sierra_leone,21.0,FNB_MIXED,PENDING,saloneemarket,https://saloneemarket.com/,saloneemarket.com,P2 - queue / NEEDS-CUSTOM-CRAWLER,"Will's 2026-09-11 handover found price evidence but no standard platform API, so it needs a bespoke spider. Never built or live-tested."
JERO,sierra_leone,21.0,FNB_MIXED,PENDING,tealexelectronics,https://tealexelectronics.com/,tealexelectronics.com,P2 - queue / NEEDS-CUSTOM-CRAWLER,"Will's 2026-09-11 handover found price evidence but no standard platform API, so it needs a bespoke spider. Never built or live-tested."
JERO,sierra_leone,21.0,FNB_MIXED,PENDING,xtratechsl,https://www.xtratechsl.com/shop,xtratechsl.com,P2 - queue / NEEDS-CUSTOM-CRAWLER,"Will's 2026-09-11 handover found price evidence but no standard platform API, so it needs a bespoke spider. Never built or live-tested."
JERO,sierra_leone,21.0,FNB_MIXED,PENDING,crownxpresssl,https://crownxpresssl.com/menu/,crownxpresssl.com,P3 - queue / NEEDS-REVIEW,"Will's 2026-09-11 handover flagged this ambiguous (country, currency or price-surface unclear). Needs manual review before any scaffolding."
JERO,sierra_leone,21.0,FNB_MIXED,PENDING,market360,https://www.market360.shop/,market360.shop,P3 - queue / NEEDS-REVIEW,"Will's 2026-09-11 handover flagged this ambiguous (country, currency or price-surface unclear). Needs manual review before any scaffolding."
JERO,sierra_leone,21.0,FNB_MIXED,PENDING,salonefastmarket,https://www.salonefastmarket.com/,salonefastmarket.com,P3 - queue / NEEDS-REVIEW,"Will's 2026-09-11 handover flagged this ambiguous (country, currency or price-surface unclear). Needs manual review before any scaffolding."
JERO,sierra_leone,21.0,FNB_MIXED,PENDING,salonekart,https://salonekart.com/blog/how-to-buy-electronics-online-sierra-leone,salonekart.com,P3 - queue / NEEDS-REVIEW,"Will's 2026-09-11 handover flagged this ambiguous (country, currency or price-surface unclear). Needs manual review before any scaffolding."
JERO,congo_rep,22.0,FNB_MIXED,LAST_TRY_FAILED,achantenligne_ams_store_cg,https://achantenligne.com/,achantenligne.com,SKIP / CHILD-TASK-BLOCKED,Will's 2026-09-11 handover classified this blocked or not viable. Not re-probed here.
JERO,congo_rep,22.0,FNB_MIXED,LAST_TRY_FAILED,codima242_wix_cg,https://codima242.wixsite.com/website,codima242.wixsite.com,SKIP / CHILD-TASK-BLOCKED,Will's 2026-09-11 handover classified this blocked or not viable. Not re-probed here.
JERO,congo_rep,22.0,FNB_MIXED,LAST_TRY_FAILED,fashyas_marine_optique_cg,https://www.fashyas.com/CG/Brazzaville/230705286800079/Marine-Optique,fashyas.com,SKIP / CHILD-TASK-BLOCKED,Will's 2026-09-11 handover classified this blocked or not viable. Not re-probed here.
JERO,congo_rep,22.0,FNB_MIXED,LAST_TRY_FAILED,findglocal_divine_shop_242_cg,https://www.findglocal.com/CG/Brazzaville/110876987036716/Divine-shop-242,findglocal.com,SKIP / CHILD-TASK-BLOCKED,Will's 2026-09-11 handover classified this blocked or not viable. Not re-probed here.
JERO,congo_rep,22.0,FNB_MIXED,PENDING,brazzamarket_cg,https://brazzamarket.fr/products,brazzamarket.fr,P2 - queue / NEEDS-CUSTOM-CRAWLER,"Will's 2026-09-11 handover found price evidence but no standard platform API, so it needs a bespoke spider. Never built or live-tested."
JERO,congo_rep,22.0,FNB_MIXED,PENDING,informatica_cg,https://informatica.com.lb/shop,informatica.com.lb,P2 - queue / NEEDS-CUSTOM-CRAWLER,"Will's 2026-09-11 handover found price evidence but no standard platform API, so it needs a bespoke spider. Never built or live-tested."
JERO,congo_rep,22.0,FNB_MIXED,PENDING,wassashop_quincaillerie_federale_cg,https://wassashop.com/quincaillerie-federale,wassashop.com,P2 - queue / NEEDS-CUSTOM-CRAWLER,"Will's 2026-09-11 handover found price evidence but no standard platform API, so it needs a bespoke spider. Never built or live-tested."
JERO,congo_rep,22.0,FNB_MIXED,PENDING,congo_rep_zwanayo,https://zwanayo.com/,zwanayo.com,P2 - queue / NEEDS-CUSTOM-CRAWLER,Downloaded CSV batch on 2026-09-12; normalized site was not present in the base workbook | scraping ease: Easy | add as a new scrape target and crawler-creation candidate
JERO,guinea,27.0,FNB_MIXED,LAST_TRY_FAILED,anadi_guinee_gn,https://anadiguinee.com/,anadiguinee.com,SKIP / JSONDecodeError,Generated as a crawler-ready manifest by Will's 2026-09-11 handover but it fails the enumerability gate on live probe (JSONDecodeError). Not merged into configs: a manifest that cannot enumerate returns zero rows forever.
JERO,guinea,27.0,FNB_MIXED,LAST_TRY_FAILED,auralane_gn,https://www.auralane.fr/,auralane.fr,SKIP / CertificateVerifyError,Generated as a crawler-ready manifest by Will's 2026-09-11 handover but it fails the enumerability gate on live probe (CertificateVerifyError). Not merged into configs: a manifest that cannot enumerate returns zero rows forever.
JERO,guinea,27.0,FNB_MIXED,LAST_TRY_FAILED,djickai_gn,https://djickai.com/,djickai.com,SKIP / HTTP-402,Generated as a crawler-ready manifest by Will's 2026-09-11 handover but it fails the enumerability gate on live probe (HTTP-402). Not merged into configs: a manifest that cannot enumerate returns zero rows forever.
JERO,guinea,27.0,FNB_MIXED,LAST_TRY_FAILED,dttechgn_gn,https://dttechgn.com/,dttechgn.com,SKIP / SSLError,Generated as a crawler-ready manifest by Will's 2026-09-11 handover but it fails the enumerability gate on live probe (SSLError). Not merged into configs: a manifest that cannot enumerate returns zero rows forever.
JERO,guinea,27.0,FNB_MIXED,LAST_TRY_FAILED,globalelectrosite_gn,https://globalelectrosite.com/fr/,globalelectrosite.com,SKIP / Timeout,Generated as a crawler-ready manifest by Will's 2026-09-11 handover but it fails the enumerability gate on live probe (Timeout). Not merged into configs: a manifest that cannot enumerate returns zero rows forever.
JERO,guinea,27.0,FNB_MIXED,LAST_TRY_FAILED,madinaenligne_gn,https://madinaenligne.com/,madinaenligne.com,SKIP / JSONDecodeError,Generated as a crawler-ready manifest by Will's 2026-09-11 handover but it fails the enumerability gate on live probe (JSONDecodeError). Not merged into configs: a manifest that cannot enumerate returns zero rows forever.
JERO,guinea,27.0,FNB_MIXED,LAST_TRY_FAILED,media7plus_gn,https://media7plus.co/collections/promos,media7plus.co,SKIP / HTTP-402,Generated as a crawler-ready manifest by Will's 2026-09-11 handover but it fails the enumerability gate on live probe (HTTP-402). Not merged into configs: a manifest that cannot enumerate returns zero rows forever.
JERO,guinea,27.0,FNB_MIXED,LAST_TRY_FAILED,pharmaguinee_gn,https://www.pharmaguinee.com/fr/,pharmaguinee.com,SKIP / EMPTY-CATALOG,Generated as a crawler-ready manifest by Will's 2026-09-11 handover but it fails the enumerability gate on live probe (EMPTY-CATALOG). Not merged into configs: a manifest that cannot enumerate returns zero rows forever.
JERO,guinea,27.0,FNB_MIXED,LAST_TRY_FAILED,pms_guinee_gn,https://pmsguinee.com/accueil/,pmsguinee.com,SKIP / DNSError,Generated as a crawler-ready manifest by Will's 2026-09-11 handover but it fails the enumerability gate on live probe (DNSError). Not merged into configs: a manifest that cannot enumerate returns zero rows forever.
JERO,guinea,27.0,FNB_MIXED,LAST_TRY_FAILED,soguimex_gn,https://www.soguimex.ca/index.php?controller=category&id_category=24,soguimex.ca,SKIP / DNSError,Generated as a crawler-ready manifest by Will's 2026-09-11 handover but it fails the enumerability gate on live probe (DNSError). Not merged into configs: a manifest that cannot enumerate returns zero rows forever.
JERO,guinea,27.0,FNB_MIXED,LAST_TRY_FAILED,touletgroup_gn,https://touletgroup.com/fr/,touletgroup.com,SKIP / EMPTY-CATALOG,Generated as a crawler-ready manifest by Will's 2026-09-11 handover but it fails the enumerability gate on live probe (EMPTY-CATALOG). Not merged into configs: a manifest that cannot enumerate returns zero rows forever.
JERO,guinea,27.0,FNB_MIXED,LAST_TRY_FAILED,achatvente224_gn,https://achatvente224.com/,achatvente224.com,SKIP / CHILD-TASK-BLOCKED,Will's 2026-09-11 handover classified this blocked or not viable. Not re-probed here.
JERO,guinea,27.0,FNB_MIXED,LAST_TRY_FAILED,biomaxguinea_gn,https://www.biomaxguinea.com/details_produits.php?action=officine+veterinaire,biomaxguinea.com,SKIP / CHILD-TASK-BLOCKED,Will's 2026-09-11 handover classified this blocked or not viable. Not re-probed here.
JERO,guinea,27.0,FNB_MIXED,LAST_TRY_FAILED,epharma_gn,https://app.epharma-gn.com/,app.epharma-gn.com,SKIP / CHILD-TASK-BLOCKED,Will's 2026-09-11 handover classified this blocked or not viable. Not re-probed here.
JERO,guinea,27.0,FNB_MIXED,LAST_TRY_FAILED,gnakrystore_gn,https://gnakrystore.com/,gnakrystore.com,SKIP / CHILD-TASK-BLOCKED,Will's 2026-09-11 handover classified this blocked or not viable. Not re-probed here.
JERO,guinea,27.0,FNB_MIXED,LAST_TRY_FAILED,guineetrend_gn,https://guineetrend.com/,guineetrend.com,SKIP / CHILD-TASK-BLOCKED,Will's 2026-09-11 handover classified this blocked or not viable. Not re-probed here.
JERO,guinea,27.0,FNB_MIXED,LAST_TRY_FAILED,juju224shop_social_gn,https://www.findglocal.com/GN/Conakry/100470016296466/Juju224Shop,findglocal.com,SKIP / CHILD-TASK-BLOCKED,Will's 2026-09-11 handover classified this blocked or not viable. Not re-probed here.
JERO,guinea,27.0,FNB_MIXED,LAST_TRY_FAILED,madinagn_gn,https://www.madinagn.com/products,madinagn.com,SKIP / CHILD-TASK-BLOCKED,Will's 2026-09-11 handover classified this blocked or not viable. Not re-probed here.
JERO,guinea,27.0,FNB_MIXED,LAST_TRY_FAILED,marifala_gn,https://marifala.com/,marifala.com,SKIP / CHILD-TASK-BLOCKED,Will's 2026-09-11 handover classified this blocked or not viable. Not re-probed here.
JERO,guinea,27.0,FNB_MIXED,PENDING,aket_gn,https://www.aketgn.com/,aketgn.com,P2 - queue / NEEDS-CUSTOM-CRAWLER,"Will's 2026-09-11 handover found price evidence but no standard platform API, so it needs a bespoke spider. Never built or live-tested."
JERO,guinea,27.0,FNB_MIXED,PENDING,batiguinew_gn,https://batigui.techril.com/products,batigui.techril.com,P2 - queue / NEEDS-CUSTOM-CRAWLER,"Will's 2026-09-11 handover found price evidence but no standard platform API, so it needs a bespoke spider. Never built or live-tested."
JERO,guinea,27.0,FNB_MIXED,PENDING,etsralf_gn,https://etsralf.com/,etsralf.com,P2 - queue / NEEDS-CUSTOM-CRAWLER,"Will's 2026-09-11 handover found price evidence but no standard platform API, so it needs a bespoke spider. Never built or live-tested."
JERO,guinea,27.0,FNB_MIXED,PENDING,galeriedf_gn,https://galeriedf.com/menu/salles-a-manger,galeriedf.com,P2 - queue / NEEDS-CUSTOM-CRAWLER,"Will's 2026-09-11 handover found price evidence but no standard platform API, so it needs a bespoke spider. Never built or live-tested."
JERO,guinea,27.0,FNB_MIXED,PENDING,gui_market_gn,https://gui-market.com/,gui-market.com,P2 - queue / NEEDS-CUSTOM-CRAWLER,"Will's 2026-09-11 handover found price evidence but no standard platform API, so it needs a bespoke spider. Never built or live-tested."
JERO,guinea,27.0,FNB_MIXED,PENDING,guinee_lube_filters_gn,https://www.guineelube.com/filtres.html,guineelube.com,P2 - queue / NEEDS-CUSTOM-CRAWLER,"Will's 2026-09-11 handover found price evidence but no standard platform API, so it needs a bespoke spider. Never built or live-tested."
JERO,guinea,27.0,FNB_MIXED,PENDING,koolxpress_gn,https://koolxpress.com/,koolxpress.com,P2 - queue / NEEDS-CUSTOM-CRAWLER,"Will's 2026-09-11 handover found price evidence but no standard platform API, so it needs a bespoke spider. Never built or live-tested."
JERO,guinea,27.0,FNB_MIXED,PENDING,s_7majorgn_gn,https://7majorgn.com/product.php?id=274,7majorgn.com,P2 - queue / NEEDS-CUSTOM-CRAWLER,"Will's 2026-09-11 handover found price evidence but no standard platform API, so it needs a bespoke spider. Never built or live-tested."
JERO,guinea,27.0,FNB_MIXED,PENDING,sanigo_gn,https://www.sanigo.co/,sanigo.co,P2 - queue / NEEDS-CUSTOM-CRAWLER,"Will's 2026-09-11 handover found price evidence but no standard platform API, so it needs a bespoke spider. Never built or live-tested."
JERO,guinea,27.0,FNB_MIXED,PENDING,smh_furnitures_gn,https://smhfurnitures.com/,smhfurnitures.com,P2 - queue / NEEDS-CUSTOM-CRAWLER,"Will's 2026-09-11 handover found price evidence but no standard platform API, so it needs a bespoke spider. Never built or live-tested."
JERO,guinea,27.0,FNB_MIXED,PENDING,solustok_pharmacy_gn,https://www.solustok.com/shop/pharmacie-ciskomaye,solustok.com,P2 - queue / NEEDS-CUSTOM-CRAWLER,"Will's 2026-09-11 handover found price evidence but no standard platform API, so it needs a bespoke spider. Never built or live-tested."
JERO,guinea,27.0,FNB_MIXED,PENDING,sylishop_gn,https://www.sylishop.com/,sylishop.com,P2 - queue / NEEDS-CUSTOM-CRAWLER,"Will's 2026-09-11 handover found price evidence but no standard platform API, so it needs a bespoke spider. Never built or live-tested."
JERO,guinea,27.0,FNB_MIXED,PENDING,afrivora_gn,https://www.afrivora.com/fr/,afrivora.com,P3 - queue / NEEDS-REVIEW,"Will's 2026-09-11 handover flagged this ambiguous (country, currency or price-surface unclear). Needs manual review before any scaffolding."
JERO,guinea,27.0,FNB_MIXED,PENDING,autoline_gn,https://autoline-gn.com/,autoline-gn.com,P3 - queue / NEEDS-REVIEW,"Will's 2026-09-11 handover flagged this ambiguous (country, currency or price-surface unclear). Needs manual review before any scaffolding."
JERO,guinea,27.0,FNB_MIXED,PENDING,barrytechguinee_gn,https://barrytechguinee.com/,barrytechguinee.com,P3 - queue / NEEDS-REVIEW,"Will's 2026-09-11 handover flagged this ambiguous (country, currency or price-surface unclear). Needs manual review before any scaffolding."
JERO,guinea,27.0,FNB_MIXED,PENDING,codebarresguinee_gn,https://codebarresguinee.com/isbn/,codebarresguinee.com,P3 - queue / NEEDS-REVIEW,"Will's 2026-09-11 handover flagged this ambiguous (country, currency or price-surface unclear). Needs manual review before any scaffolding."
JERO,guinea,27.0,FNB_MIXED,PENDING,guineezone_gn,https://guineezone.com/,guineezone.com,P3 - queue / NEEDS-REVIEW,"Will's 2026-09-11 handover flagged this ambiguous (country, currency or price-surface unclear). Needs manual review before any scaffolding."
JERO,guinea,27.0,FNB_MIXED,PENDING,joda_boutique_gn,https://jodaboutique.netlify.app/,jodaboutique.netlify.app,P3 - queue / NEEDS-REVIEW,"Will's 2026-09-11 handover flagged this ambiguous (country, currency or price-surface unclear). Needs manual review before any scaffolding."
JERO,guinea,27.0,FNB_MIXED,PENDING,yougouyougou_gn,https://yougouyougou.net/,yougouyougou.net,P3 - queue / NEEDS-REVIEW,"Will's 2026-09-11 handover flagged this ambiguous (country, currency or price-surface unclear). Needs manual review before any scaffolding."
JERO,suriname,32.0,FNB_MIXED,LAST_TRY_FAILED,carline_suriname,https://www.carline.sr/,carline.sr,SKIP / CHILD-TASK-BLOCKED,Will's 2026-09-11 handover classified this blocked or not viable. Not re-probed here.
JERO,suriname,32.0,FNB_MIXED,LAST_TRY_FAILED,opo_doro,https://opo-doro.org/winkel/,opo-doro.org,SKIP / CHILD-TASK-BLOCKED,Will's 2026-09-11 handover classified this blocked or not viable. Not re-probed here.
JERO,suriname,32.0,FNB_MIXED,LAST_TRY_FAILED,toppharm,https://www.toppharm.sr/home,toppharm.sr,SKIP / CHILD-TASK-BLOCKED,Will's 2026-09-11 handover classified this blocked or not viable. Not re-probed here.
JERO,suriname,32.0,FNB_MIXED,LAST_TRY_FAILED,vital_medical_supplies,https://www.vital-medsupply.com/,vital-medsupply.com,SKIP / CHILD-TASK-BLOCKED,Will's 2026-09-11 handover classified this blocked or not viable. Not re-probed here.
JERO,suriname,32.0,FNB_MIXED,PENDING,famiri_winkel,https://www.famiriwinkel.com/,famiriwinkel.com,P3 - queue / NEEDS-REVIEW,"Will's 2026-09-11 handover flagged this ambiguous (country, currency or price-surface unclear). Needs manual review before any scaffolding."
JERO,suriname,32.0,FNB_MIXED,PENDING,protrade_international,https://www.protradeinternationalnv.com/search,protradeinternationalnv.com,P3 - queue / NEEDS-REVIEW,"Will's 2026-09-11 handover flagged this ambiguous (country, currency or price-surface unclear). Needs manual review before any scaffolding."
JERO,suriname,32.0,FNB_MIXED,PENDING,smart_connexxionz,https://smart-dev.zeus1.tad.sr/,smart-dev.zeus1.tad.sr,P3 - queue / NEEDS-REVIEW,"Will's 2026-09-11 handover flagged this ambiguous (country, currency or price-surface unclear). Needs manual review before any scaffolding."
JERO,suriname,32.0,FNB_MIXED,PENDING,suriname_hsdsonline,https://www.hsdsonline.com/,hsdsonline.com,P2 - queue / NEEDS-CUSTOM-CRAWLER,Downloaded CSV batch on 2026-09-12; normalized site was not present in the base workbook | scraping ease: Easy | add as a new scrape target and crawler-creation candidate
JERO,suriname,32.0,FNB_MIXED,PENDING,suriname_primehubsr,https://primehubsr.com/,primehubsr.com,P2 - queue / NEEDS-CUSTOM-CRAWLER,Downloaded CSV batch on 2026-09-12; normalized site was not present in the base workbook | scraping ease: Easy | add as a new scrape target and crawler-creation candidate
JERO,comoros,33.0,FNB_MIXED,PENDING,comoros_comoros_ubuy,https://www.comoros.ubuy.com/en/,comoros.ubuy.com,P2 - queue / NEEDS-CUSTOM-CRAWLER,Downloaded CSV batch on 2026-09-12; normalized site was not present in the base workbook | scraping ease: Moderate | add as a new scrape target and crawler-creation candidate
JERO,sudan,36.0,FNB_MIXED,LAST_TRY_FAILED,alsoug_com,https://www.alsoug.com/en,alsoug.com,SKIP / CHILD-TASK-BLOCKED,Will's 2026-09-11 handover classified this blocked or not viable. Not re-probed here.
JERO,sudan,36.0,FNB_MIXED,LAST_TRY_FAILED,innovation_scientific,https://innovationsdn.com/,innovationsdn.com,SKIP / CHILD-TASK-BLOCKED,Will's 2026-09-11 handover classified this blocked or not viable. Not re-probed here.
JERO,sudan,36.0,FNB_MIXED,LAST_TRY_FAILED,sudanteck,https://sudanteck.com/,sudanteck.com,SKIP / CHILD-TASK-BLOCKED,Will's 2026-09-11 handover classified this blocked or not viable. Not re-probed here.
JERO,sudan,36.0,FNB_MIXED,PENDING,al_bugaa_computers_telecommunications,https://albugaa.com/,albugaa.com,P2 - queue / NEEDS-CUSTOM-CRAWLER,"Will's 2026-09-11 handover found price evidence but no standard platform API, so it needs a bespoke spider. Never built or live-tested."
JERO,sudan,36.0,FNB_MIXED,PENDING,mtozero_store,https://store.mtozero.com/?lang=en,store.mtozero.com,P2 - queue / NEEDS-CUSTOM-CRAWLER,"Will's 2026-09-11 handover found price evidence but no standard platform API, so it needs a bespoke spider. Never built or live-tested."
JERO,sudan,36.0,FNB_MIXED,PENDING,opensooq_sudan,https://sd.opensooq.com/en,sd.opensooq.com,P2 - queue / NEEDS-CUSTOM-CRAWLER,"Will's 2026-09-11 handover found price evidence but no standard platform API, so it needs a bespoke spider. Never built or live-tested."
JERO,sudan,36.0,FNB_MIXED,PENDING,sougdan,https://sougdan.com/,sougdan.com,P2 - queue / NEEDS-CUSTOM-CRAWLER,"Will's 2026-09-11 handover found price evidence but no standard platform API, so it needs a bespoke spider. Never built or live-tested."
JERO,sudan,36.0,FNB_MIXED,PENDING,zoona,https://zoonasd.com/,zoonasd.com,P2 - queue / NEEDS-CUSTOM-CRAWLER,"Will's 2026-09-11 handover found price evidence but no standard platform API, so it needs a bespoke spider. Never built or live-tested."
JERO,sudan,36.0,FNB_MIXED,PENDING,sudan_nilemart,https://nilemart.co/,nilemart.co,P2 - queue / NEEDS-CUSTOM-CRAWLER,Downloaded CSV batch on 2026-09-12; normalized site was not present in the base workbook | scraping ease: Moderate | add as a new scrape target and crawler-creation candidate
JERO,sudan,36.0,FNB_MIXED,PENDING,sudan_vardeal,https://www.vardeal.com/en,vardeal.com,P2 - queue / NEEDS-CUSTOM-CRAWLER,Downloaded CSV batch on 2026-09-12; normalized site was not present in the base workbook | scraping ease: Easy | add as a new scrape target and crawler-creation candidate
JERO,sudan,36.0,FNB_MIXED,PENDING,sudan_amasonsudan,https://www.amasonsudan.com/,amasonsudan.com,P2 - queue / NEEDS-CUSTOM-CRAWLER,Downloaded CSV batch on 2026-09-12; normalized site was not present in the base workbook | scraping ease: Moderate | add as a new scrape target and crawler-creation candidate
JERO,timor_leste,41.0,FNB_MIXED,PENDING,timor_leste_timorbuy,https://www.timorbuy.com/,timorbuy.com,P2 - queue / NEEDS-CUSTOM-CRAWLER,Downloaded CSV batch on 2026-09-12; normalized site was not present in the base workbook | scraping ease: Easy | add as a new scrape target and crawler-creation candidate
JERO,timor_leste,41.0,FNB_MIXED,PENDING,timor_leste_lolospala,https://lolospala.com/,lolospala.com,P2 - queue / NEEDS-CUSTOM-CRAWLER,Downloaded CSV batch on 2026-09-12; normalized site was not present in the base workbook | scraping ease: Easy | add as a new scrape target and crawler-creation candidate
JERO,timor_leste,41.0,FNB_MIXED,PENDING,timor_leste_timoroan,https://timoroan.net/products.php,timoroan.net,P2 - queue / NEEDS-CUSTOM-CRAWLER,Downloaded CSV batch on 2026-09-12; normalized site was not present in the base workbook | scraping ease: Easy | add as a new scrape target and crawler-creation candidate
JERO,timor_leste,41.0,FNB_MIXED,PENDING,timor_leste_gybsee,https://gybsee.com/,gybsee.com,P2 - queue / NEEDS-CUSTOM-CRAWLER,Downloaded CSV batch on 2026-09-12; normalized site was not present in the base workbook | scraping ease: Easy | add as a new scrape target and crawler-creation candidate
JERO,timor_leste,41.0,FNB_MIXED,PENDING,timor_leste_tais_tl,https://tais.tl/shop,tais.tl,P2 - queue / NEEDS-CUSTOM-CRAWLER,Downloaded CSV batch on 2026-09-12; normalized site was not present in the base workbook | scraping ease: Moderate | add as a new scrape target and crawler-creation candidate
JERO,yemen,46.0,FNB_MIXED,PENDING,yemen_yemenusa,https://yemenusa.com/,yemenusa.com,P2 - queue / NEEDS-CUSTOM-CRAWLER,Downloaded CSV batch on 2026-09-12; normalized site was not present in the base workbook | scraping ease: Easy | add as a new scrape target and crawler-creation candidate
JERO,yemen,46.0,FNB_MIXED,PENDING,yemen_yemen_desertcart,https://yemen.desertcart.com/,yemen.desertcart.com,P2 - queue / NEEDS-CUSTOM-CRAWLER,Downloaded CSV batch on 2026-09-12; normalized site was not present in the base workbook | scraping ease: Moderate | add as a new scrape target and crawler-creation candidate
JERO,afghanistan,49.0,FNB_MIXED,PENDING,Halim Pharma,http://halimpharma.com.af/,halimpharma.com.af,P2 - queue / Direct,"Candidate found in the 2026-08-31 sourcing round, never built. build_tier=C - engineering required; scrapability=nan; class=Pharmaceutical importer/distributor"
JERO,afghanistan,49.0,FNB_MIXED,LAST_TRY_FAILED,General Facebook/Instagram/WhatsApp grocery leads,https://www.facebook.com/,facebook.com,SKIP / CHILD-TASK-FAILED,Will's 2026-09-11 South Asia wave could not retrieve prices.
JERO,afghanistan,49.0,FNB_MIXED,PENDING,Asan Bawar,https://asanbawar.com/products?data_from=latest,asanbawar.com,P2 - queue / EVIDENCE-ONLY,From Will's 2026-09-11 South Asia wave. His handover states explicitly that HAVE there means a child task found public price evidence and a plausible scraper path -- NOT that a crawler exists. Recorded as PENDING: it still needs to be implemented and live-tested before ingestion.
JERO,afghanistan,49.0,FNB_MIXED,PENDING,Afghan China Shopping Center,https://afghanchinashoppingcenter.com/en/catalogue,afghanchinashoppingcenter.com,P2 - queue / EVIDENCE-ONLY,From Will's 2026-09-11 South Asia wave. His handover states explicitly that HAVE there means a child task found public price evidence and a plausible scraper path -- NOT that a crawler exists. Recorded as PENDING: it still needs to be implemented and live-tested before ingestion.
JERO,afghanistan,49.0,FNB_MIXED,PENDING,Zarangwal,https://zarangwal.com/,zarangwal.com,P2 - queue / EVIDENCE-ONLY,From Will's 2026-09-11 South Asia wave. His handover states explicitly that HAVE there means a child task found public price evidence and a plausible scraper path -- NOT that a crawler exists. Recorded as PENDING: it still needs to be implemented and live-tested before ingestion.
JERO,afghanistan,49.0,FNB_MIXED,PENDING,Tizkart,https://tizkart.com/,tizkart.com,P2 - queue / EVIDENCE-ONLY,From Will's 2026-09-11 South Asia wave. His handover states explicitly that HAVE there means a child task found public price evidence and a plausible scraper path -- NOT that a crawler exists. Recorded as PENDING: it still needs to be implemented and live-tested before ingestion.
JERO,afghanistan,49.0,FNB_MIXED,PENDING,LilamLilam,https://www.lilamlilam.com/,lilamlilam.com,P2 - queue / CANDIDATE,From Will's 2026-09-11 South Asia wave. His handover states explicitly that HAVE there means a child task found public price evidence and a plausible scraper path -- NOT that a crawler exists. Recorded as PENDING: it still needs to be implemented and live-tested before ingestion.
JERO,afghanistan,49.0,FNB_MIXED,LAST_TRY_FAILED,DarmanDirect,https://darmandirect.com/,darmandirect.com,SKIP / CHILD-TASK-SKIP,"Will's 2026-09-11 South Asia wave marked this SKIP (app-gated, no price, or wrong country)."
JERO,afghanistan,49.0,FNB_MIXED,LAST_TRY_FAILED,Pharma One Medicine price list,https://pharmaonemedicine.com/price-list?lang=ps,pharmaonemedicine.com,SKIP / CHILD-TASK-SKIP,"Will's 2026-09-11 South Asia wave marked this SKIP (app-gated, no price, or wrong country)."
JERO,afghanistan,49.0,FNB_MIXED,LAST_TRY_FAILED,Zamen Pharma,https://zamenpharma.com/,zamenpharma.com,SKIP / CHILD-TASK-SKIP,"Will's 2026-09-11 South Asia wave marked this SKIP (app-gated, no price, or wrong country)."
JERO,afghanistan,49.0,FNB_MIXED,LAST_TRY_FAILED,RIVA marketplace,https://www.riva.af/en,riva.af,SKIP / CHILD-TASK-SKIP,"Will's 2026-09-11 South Asia wave marked this SKIP (app-gated, no price, or wrong country)."
JERO,afghanistan,49.0,FNB_MIXED,LAST_TRY_FAILED,Prince Mobile,https://www.princemobiles.com/,princemobiles.com,SKIP / CHILD-TASK-SKIP,"Will's 2026-09-11 South Asia wave marked this SKIP (app-gated, no price, or wrong country)."
JERO,afghanistan,49.0,FNB_MIXED,LAST_TRY_FAILED,Khpalwak Mobiles,https://www.khpalwakmobiles.com/,khpalwakmobiles.com,SKIP / CHILD-TASK-SKIP,"Will's 2026-09-11 South Asia wave marked this SKIP (app-gated, no price, or wrong country)."
JERO,afghanistan,49.0,FNB_MIXED,PENDING,Peace Stationery,https://peace1971.com/,peace1971.com,P2 - queue / EVIDENCE-ONLY,From Will's 2026-09-11 South Asia wave. His handover states explicitly that HAVE there means a child task found public price evidence and a plausible scraper path -- NOT that a crawler exists. Recorded as PENDING: it still needs to be implemented and live-tested before ingestion.
JERO,afghanistan,49.0,FNB_MIXED,LAST_TRY_FAILED,MSBM Afghanistan city course pages,https://msbm.org.uk/herat/programme/professional-certificate-in-fundamentals-of-trust-and-equity-law,msbm.org.uk,SKIP / CHILD-TASK-SKIP,"Will's 2026-09-11 South Asia wave marked this SKIP (app-gated, no price, or wrong country)."
JERO,afghanistan,49.0,FNB_MIXED,LAST_TRY_FAILED,Bakhtar University Wix demo product,https://www.bakhtar.edu.af/product-page/i-m-a-product-2,bakhtar.edu.af,SKIP / CHILD-TASK-SKIP,"Will's 2026-09-11 South Asia wave marked this SKIP (app-gated, no price, or wrong country)."
JERO,bahamas_the,52.0,FNB_MIXED,PENDING,bahamas_the_bahamaslocal,https://www.bahamaslocal.com/showlisting/14677/John_Watlings_Distillery.html,bahamaslocal.com,P2 - queue / NEEDS-CUSTOM-CRAWLER,Downloaded CSV batch on 2026-09-12; normalized site was not present in the base workbook | scraping ease: Moderate | pricing visible: No | add as a new scrape target and crawler-creation candidate
JERO,bahamas_the,52.0,FNB_MIXED,PENDING,bahamas_the_ubuy_bs,https://www.ubuy.bs/,ubuy.bs,P2 - queue / NEEDS-CUSTOM-CRAWLER,Downloaded CSV batch on 2026-09-12; normalized site was not present in the base workbook | scraping ease: Moderate | add as a new scrape target and crawler-creation candidate
JERO,belgium,63.0,FNB_MIXED,PENDING,belgium_tabakshoekje_be,https://www.tabakshoekje.be/,tabakshoekje.be,P2 - queue / NEEDS-CUSTOM-CRAWLER,Downloaded CSV batch on 2026-09-12; normalized site was not present in the base workbook | scraping ease: Easy | pricing visible: Yes | add as a new scrape target and crawler-creation candidate
JERO,uzbekistan,66.0,FNB_MIXED,PENDING,Olcha,https://olcha.uz/,olcha.uz,P2 - queue / Directory/report,"Candidate found in the 2026-08-31 sourcing round, never built. build_tier=C - engineering required; scrapability=nan; class=General/electronics retail"
JERO,antigua_and_barbuda,67.0,FNB_MIXED,PENDING,antigua_and_barbuda_antigua_desertcart,https://antigua.desertcart.com/,antigua.desertcart.com,P2 - queue / NEEDS-CUSTOM-CRAWLER,Downloaded CSV batch on 2026-09-12; normalized site was not present in the base workbook | scraping ease: Moderate | add as a new scrape target and crawler-creation candidate
JERO,nauru,67.0,FNB_MIXED,PENDING,nauru_goxip,https://www.goxip.com/nr/en,goxip.com,P2 - queue / NEEDS-CUSTOM-CRAWLER,Downloaded CSV batch on 2026-09-12; normalized site was not present in the base workbook | scraping ease: Moderate | add as a new scrape target and crawler-creation candidate
JERO,zambia,76.0,FNB_MIXED,PENDING,zambia_nilandi,https://nilandi.com/,nilandi.com,P2 - queue / NEEDS-CUSTOM-CRAWLER,Downloaded CSV batch on 2026-09-12; normalized site was not present in the base workbook | scraping ease: Easy | add as a new scrape target and crawler-creation candidate
JERO,zambia,76.0,FNB_MIXED,PENDING,zambia_radianonline_zm,https://www.radianonline.co.zm/,radianonline.co.zm,P2 - queue / NEEDS-CUSTOM-CRAWLER,Downloaded CSV batch on 2026-09-12; normalized site was not present in the base workbook | scraping ease: Easy | add as a new scrape target and crawler-creation candidate
JERO,zambia,76.0,FNB_MIXED,PENDING,zambia_kwacha_zm,https://kwacha.co.zm/,kwacha.co.zm,P2 - queue / NEEDS-CUSTOM-CRAWLER,Downloaded CSV batch on 2026-09-12; normalized site was not present in the base workbook | scraping ease: Easy | add as a new scrape target and crawler-creation candidate
JERO,zambia,76.0,FNB_MIXED,PENDING,zambia_topstoreemarket,https://topstoreemarket.com/,topstoreemarket.com,P2 - queue / NEEDS-CUSTOM-CRAWLER,Downloaded CSV batch on 2026-09-12; normalized site was not present in the base workbook | scraping ease: Moderate | add as a new scrape target and crawler-creation candidate
JERO,zambia,76.0,FNB_MIXED,PENDING,zambia_zmart,https://zmart.online/,zmart.online,P2 - queue / NEEDS-CUSTOM-CRAWLER,Downloaded CSV batch on 2026-09-12; normalized site was not present in the base workbook | scraping ease: Moderate | add as a new scrape target and crawler-creation candidate
JERO,papua_new_guinea,85.0,FNB_MIXED,PENDING,papua_new_guinea_pngonlinemarket,https://pngonlinemarket.com/,pngonlinemarket.com,P2 - queue / NEEDS-CUSTOM-CRAWLER,Downloaded CSV batch on 2026-09-12; normalized site was not present in the base workbook | scraping ease: Easy | add as a new scrape target and crawler-creation candidate
JERO,papua_new_guinea,85.0,FNB_MIXED,PENDING,papua_new_guinea_kumulpride,https://kumulpride.com/,kumulpride.com,P2 - queue / NEEDS-CUSTOM-CRAWLER,Downloaded CSV batch on 2026-09-12; normalized site was not present in the base workbook | scraping ease: Easy | add as a new scrape target and crawler-creation candidate
JERO,papua_new_guinea,85.0,FNB_MIXED,PENDING,papua_new_guinea_pngshop,https://www.pngshop.online/collections/all,pngshop.online,P2 - queue / NEEDS-CUSTOM-CRAWLER,Downloaded CSV batch on 2026-09-12; normalized site was not present in the base workbook | scraping ease: Easy | add as a new scrape target and crawler-creation candidate
JERO,madagascar,87.0,FNB_MIXED,PENDING,madagascar_ubuy_mg,https://www.ubuy.mg/en/,ubuy.mg,P2 - queue / NEEDS-CUSTOM-CRAWLER,Downloaded CSV batch on 2026-09-12; normalized site was not present in the base workbook | scraping ease: Moderate | add as a new scrape target and crawler-creation candidate
JERO,madagascar,87.0,FNB_MIXED,PENDING,madagascar_harvel_store,https://harvel-store.com/,harvel-store.com,P2 - queue / NEEDS-CUSTOM-CRAWLER,Downloaded CSV batch on 2026-09-12; normalized site was not present in the base workbook | scraping ease: Easy | add as a new scrape target and crawler-creation candidate
JERO,madagascar,87.0,FNB_MIXED,PENDING,madagascar_dokany_mg,https://dokany.mg/,dokany.mg,P2 - queue / NEEDS-CUSTOM-CRAWLER,Downloaded CSV batch on 2026-09-12; normalized site was not present in the base workbook | scraping ease: Easy | add as a new scrape target and crawler-creation candidate
JERO,samoa,91.0,FNB_MIXED,PENDING,samoa_onlineshoppingsamoa,https://onlineshoppingsamoa.com/products,onlineshoppingsamoa.com,P2 - queue / NEEDS-CUSTOM-CRAWLER,Downloaded CSV batch on 2026-09-12; normalized site was not present in the base workbook | scraping ease: Easy | add as a new scrape target and crawler-creation candidate
JERO,lebanon,103.0,FNB_MIXED,PENDING,Ostorz,https://ostorz.com/,ostorz.com,P2 - queue / Directory/report,"Candidate found in the 2026-08-31 sourcing round, never built. build_tier=C - engineering required; scrapability=nan; class=Multi-seller marketplace"
JERO,lebanon,103.0,FNB_MIXED,PENDING,lebanon_ishop_lb,https://www.ishop.com.lb/,ishop.com.lb,P2 - queue / NEEDS-CUSTOM-CRAWLER,Downloaded CSV batch on 2026-09-12; normalized site was not present in the base workbook | scraping ease: Easy | add as a new scrape target and crawler-creation candidate
JERO,lebanon,103.0,FNB_MIXED,PENDING,lebanon_superdokan,https://superdokan.com/,superdokan.com,P2 - queue / NEEDS-CUSTOM-CRAWLER,Downloaded CSV batch on 2026-09-12; normalized site was not present in the base workbook | scraping ease: Moderate | add as a new scrape target and crawler-creation candidate
JERO,jordan,106.0,FNB_MIXED,PENDING,jordan_virtual_bazaar,https://virtual-bazaar.com/,virtual-bazaar.com,P2 - queue / NEEDS-CUSTOM-CRAWLER,Downloaded CSV batch on 2026-09-12; normalized site was not present in the base workbook | scraping ease: Moderate | add as a new scrape target and crawler-creation candidate
JERO,jordan,106.0,FNB_MIXED,PENDING,jordan_ubuy_jo,https://www.ubuy.com.jo/en/,ubuy.com.jo,P2 - queue / NEEDS-CUSTOM-CRAWLER,Downloaded CSV batch on 2026-09-12; normalized site was not present in the base workbook | scraping ease: Moderate | add as a new scrape target and crawler-creation candidate
JERO,jordan,106.0,FNB_MIXED,PENDING,jordan_dubizzle_jo,https://www.dubizzle.jo/en/,dubizzle.jo,P2 - queue / NEEDS-CUSTOM-CRAWLER,Downloaded CSV batch on 2026-09-12; normalized site was not present in the base workbook | scraping ease: Easy | add as a new scrape target and crawler-creation candidate
JERO,jordan,106.0,FNB_MIXED,PENDING,jordan_zalmaty,https://zalmaty.com/,zalmaty.com,P2 - queue / NEEDS-CUSTOM-CRAWLER,Downloaded CSV batch on 2026-09-12; normalized site was not present in the base workbook | scraping ease: Moderate | add as a new scrape target and crawler-creation candidate
JERO,france,107.0,FNB_MIXED,LAST_TRY_FAILED,coursesu.com,,nan,SKIP / WAF/BOT-BLOCK,"Cloudflare strict (curl + Playwright both 403) — Cloudflare ""Just a moment..."" on `/drive-saint-martin`. Note before spending effort: the slug is very likely one of the metropolitan-France communes named Saint-Martin, not the Caribbean COM 97150."
JERO,france,107.0,FNB_MIXED,PENDING,Leroy Merlin France,https://www.leroymerlin.fr/,leroymerlin.fr,P2 - queue / Directory/report,"Candidate found in the 2026-08-31 sourcing round, never built. build_tier=C - engineering required; scrapability=nan; class=Hardware/home improvement"
JERO,maldives,110.0,FNB_MIXED,PENDING,Pharmacy.mv,https://www.pharmacy.mv/,pharmacy.mv,P2 - queue / EVIDENCE-ONLY,From Will's 2026-09-11 South Asia wave. His handover states explicitly that HAVE there means a child task found public price evidence and a plausible scraper path -- NOT that a crawler exists. Recorded as PENDING: it still needs to be implemented and live-tested before ingestion.
JERO,maldives,110.0,FNB_MIXED,PENDING,QUTECH,https://qutech.mv/shop/,qutech.mv,P2 - queue / EVIDENCE-ONLY,From Will's 2026-09-11 South Asia wave. His handover states explicitly that HAVE there means a child task found public price evidence and a plausible scraper path -- NOT that a crawler exists. Recorded as PENDING: it still needs to be implemented and live-tested before ingestion.
JERO,maldives,110.0,FNB_MIXED,PENDING,QuikrBiz,https://quikrbiz.mv/,quikrbiz.mv,P2 - queue / EVIDENCE-ONLY,From Will's 2026-09-11 South Asia wave. His handover states explicitly that HAVE there means a child task found public price evidence and a plausible scraper path -- NOT that a crawler exists. Recorded as PENDING: it still needs to be implemented and live-tested before ingestion.
JERO,maldives,110.0,FNB_MIXED,PENDING,I.M. Tech,https://beta.imtech.mv/,beta.imtech.mv,P2 - queue / EVIDENCE-ONLY,From Will's 2026-09-11 South Asia wave. His handover states explicitly that HAVE there means a child task found public price evidence and a plausible scraper path -- NOT that a crawler exists. Recorded as PENDING: it still needs to be implemented and live-tested before ingestion.
JERO,maldives,110.0,FNB_MIXED,PENDING,Le Vend Online,https://levendonline.com/,levendonline.com,P2 - queue / EVIDENCE-ONLY,From Will's 2026-09-11 South Asia wave. His handover states explicitly that HAVE there means a child task found public price evidence and a plausible scraper path -- NOT that a crawler exists. Recorded as PENDING: it still needs to be implemented and live-tested before ingestion.
JERO,maldives,110.0,FNB_MIXED,PENDING,Nesso Infinity,https://nessoinfinity.com/,nessoinfinity.com,P2 - queue / EVIDENCE-ONLY,From Will's 2026-09-11 South Asia wave. His handover states explicitly that HAVE there means a child task found public price evidence and a plausible scraper path -- NOT that a crawler exists. Recorded as PENDING: it still needs to be implemented and live-tested before ingestion.
JERO,maldives,110.0,FNB_MIXED,PENDING,Bluesea Hardware,https://blueseahardware.com/,blueseahardware.com,P2 - queue / EVIDENCE-ONLY,From Will's 2026-09-11 South Asia wave. His handover states explicitly that HAVE there means a child task found public price evidence and a plausible scraper path -- NOT that a crawler exists. Recorded as PENDING: it still needs to be implemented and live-tested before ingestion.
JERO,maldives,110.0,FNB_MIXED,PENDING,Hardex,https://hardex.mv/,hardex.mv,P2 - queue / EVIDENCE-ONLY,From Will's 2026-09-11 South Asia wave. His handover states explicitly that HAVE there means a child task found public price evidence and a plausible scraper path -- NOT that a crawler exists. Recorded as PENDING: it still needs to be implemented and live-tested before ingestion.
JERO,maldives,110.0,FNB_MIXED,PENDING,Flow Rate,https://flowrate.com.mv/,flowrate.com.mv,P2 - queue / EVIDENCE-ONLY,From Will's 2026-09-11 South Asia wave. His handover states explicitly that HAVE there means a child task found public price evidence and a plausible scraper path -- NOT that a crawler exists. Recorded as PENDING: it still needs to be implemented and live-tested before ingestion.
JERO,maldives,110.0,FNB_MIXED,PENDING,Sonee Hardware,https://sonee.com.mv/collections/all,sonee.com.mv,P2 - queue / EVIDENCE-ONLY,From Will's 2026-09-11 South Asia wave. His handover states explicitly that HAVE there means a child task found public price evidence and a plausible scraper path -- NOT that a crawler exists. Recorded as PENDING: it still needs to be implemented and live-tested before ingestion.
JERO,maldives,110.0,FNB_MIXED,PENDING,Whetstone,https://whetstone.com.mv/shop/category/hardware-10,whetstone.com.mv,P2 - queue / EVIDENCE-ONLY,From Will's 2026-09-11 South Asia wave. His handover states explicitly that HAVE there means a child task found public price evidence and a plausible scraper path -- NOT that a crawler exists. Recorded as PENDING: it still needs to be implemented and live-tested before ingestion.
JERO,maldives,110.0,FNB_MIXED,PENDING,Leo Stores and Supply,https://www.leostore.mv/shop/,leostore.mv,P2 - queue / EVIDENCE-ONLY,From Will's 2026-09-11 South Asia wave. His handover states explicitly that HAVE there means a child task found public price evidence and a plausible scraper path -- NOT that a crawler exists. Recorded as PENDING: it still needs to be implemented and live-tested before ingestion.
JERO,maldives,110.0,FNB_MIXED,PENDING,NEXTYLE,https://www.nextyle.mv/shop/,nextyle.mv,P2 - queue / EVIDENCE-ONLY,From Will's 2026-09-11 South Asia wave. His handover states explicitly that HAVE there means a child task found public price evidence and a plausible scraper path -- NOT that a crawler exists. Recorded as PENDING: it still needs to be implemented and live-tested before ingestion.
JERO,maldives,110.0,FNB_MIXED,PENDING,Peekaboo Online,https://shop.peekaboo.mv/search?collections=stationery,shop.peekaboo.mv,P2 - queue / EVIDENCE-ONLY,From Will's 2026-09-11 South Asia wave. His handover states explicitly that HAVE there means a child task found public price evidence and a plausible scraper path -- NOT that a crawler exists. Recorded as PENDING: it still needs to be implemented and live-tested before ingestion.
JERO,maldives,110.0,FNB_MIXED,PENDING,Doodle Maldives,https://doodle.mv/,doodle.mv,P2 - queue / EVIDENCE-ONLY,From Will's 2026-09-11 South Asia wave. His handover states explicitly that HAVE there means a child task found public price evidence and a plausible scraper path -- NOT that a crawler exists. Recorded as PENDING: it still needs to be implemented and live-tested before ingestion.
JERO,maldives,110.0,FNB_MIXED,PENDING,Lykus.mv,https://lykus.mv/,lykus.mv,P2 - queue / EVIDENCE-ONLY,From Will's 2026-09-11 South Asia wave. His handover states explicitly that HAVE there means a child task found public price evidence and a plausible scraper path -- NOT that a crawler exists. Recorded as PENDING: it still needs to be implemented and live-tested before ingestion.
JERO,maldives,110.0,FNB_MIXED,PENDING,Silverkart,https://silverkart.mv/product-category/furniture/,silverkart.mv,P2 - queue / EVIDENCE-ONLY,From Will's 2026-09-11 South Asia wave. His handover states explicitly that HAVE there means a child task found public price evidence and a plausible scraper path -- NOT that a crawler exists. Recorded as PENDING: it still needs to be implemented and live-tested before ingestion.
JERO,maldives,110.0,FNB_MIXED,PENDING,GoldenGate Maldives,https://goldengate.mv/collections/furniture,goldengate.mv,P2 - queue / EVIDENCE-ONLY,From Will's 2026-09-11 South Asia wave. His handover states explicitly that HAVE there means a child task found public price evidence and a plausible scraper path -- NOT that a crawler exists. Recorded as PENDING: it still needs to be implemented and live-tested before ingestion.
JERO,maldives,110.0,FNB_MIXED,PENDING,Onhand.mv,https://www.onhand.mv/products,onhand.mv,P2 - queue / CANDIDATE,From Will's 2026-09-11 South Asia wave. His handover states explicitly that HAVE there means a child task found public price evidence and a plausible scraper path -- NOT that a crawler exists. Recorded as PENDING: it still needs to be implemented and live-tested before ingestion.
JERO,maldives,110.0,FNB_MIXED,PENDING,PreKart,https://prekartmv.com/,prekartmv.com,P2 - queue / CANDIDATE,From Will's 2026-09-11 South Asia wave. His handover states explicitly that HAVE there means a child task found public price evidence and a plausible scraper path -- NOT that a crawler exists. Recorded as PENDING: it still needs to be implemented and live-tested before ingestion.
JERO,maldives,110.0,FNB_MIXED,LAST_TRY_FAILED,iBay Maldives,https://ibay.com.mv/,ibay.com.mv,SKIP / CHILD-TASK-SKIP,"Will's 2026-09-11 South Asia wave marked this SKIP (app-gated, no price, or wrong country)."
JERO,maldives,110.0,FNB_MIXED,PENDING,eBazaar.mv,https://ebazaar.mv/,ebazaar.mv,P2 - queue / EVIDENCE-ONLY,From Will's 2026-09-11 South Asia wave. His handover states explicitly that HAVE there means a child task found public price evidence and a plausible scraper path -- NOT that a crawler exists. Recorded as PENDING: it still needs to be implemented and live-tested before ingestion.
JERO,maldives,110.0,FNB_MIXED,PENDING,Relax Maldives,https://relaxmv.net/,relaxmv.net,P2 - queue / EVIDENCE-ONLY,From Will's 2026-09-11 South Asia wave. His handover states explicitly that HAVE there means a child task found public price evidence and a plausible scraper path -- NOT that a crawler exists. Recorded as PENDING: it still needs to be implemented and live-tested before ingestion.
JERO,maldives,110.0,FNB_MIXED,PENDING,British Cosmetics MV,https://mv.britishcosmetics.com/collections/all-products,mv.britishcosmetics.com,P2 - queue / EVIDENCE-ONLY,From Will's 2026-09-11 South Asia wave. His handover states explicitly that HAVE there means a child task found public price evidence and a plausible scraper path -- NOT that a crawler exists. Recorded as PENDING: it still needs to be implemented and live-tested before ingestion.
JERO,maldives,110.0,FNB_MIXED,PENDING,Computer Plus,https://computerplus.com.mv/search?sort_by=newest,computerplus.com.mv,P2 - queue / EVIDENCE-ONLY,From Will's 2026-09-11 South Asia wave. His handover states explicitly that HAVE there means a child task found public price evidence and a plausible scraper path -- NOT that a crawler exists. Recorded as PENDING: it still needs to be implemented and live-tested before ingestion.
JERO,maldives,110.0,FNB_MIXED,PENDING,Bless Maldives,https://www.bless.mv/product/geepas-300l-hard-top-deep-freezer-gcf3006wah,bless.mv,P2 - queue / EVIDENCE-ONLY,From Will's 2026-09-11 South Asia wave. His handover states explicitly that HAVE there means a child task found public price evidence and a plausible scraper path -- NOT that a crawler exists. Recorded as PENDING: it still needs to be implemented and live-tested before ingestion.
JERO,maldives,110.0,FNB_MIXED,PENDING,Crafty World,https://craftyworld.mv/shop/,craftyworld.mv,P2 - queue / EVIDENCE-ONLY,From Will's 2026-09-11 South Asia wave. His handover states explicitly that HAVE there means a child task found public price evidence and a plausible scraper path -- NOT that a crawler exists. Recorded as PENDING: it still needs to be implemented and live-tested before ingestion.
JERO,maldives,110.0,FNB_MIXED,PENDING,Multiply,https://www.multiply.mv/shop/roll-up-canvas-cultural-24-10,multiply.mv,P2 - queue / EVIDENCE-ONLY,From Will's 2026-09-11 South Asia wave. His handover states explicitly that HAVE there means a child task found public price evidence and a plausible scraper path -- NOT that a crawler exists. Recorded as PENDING: it still needs to be implemented and live-tested before ingestion.
JERO,maldives,110.0,FNB_MIXED,PENDING,Sonee Sports,https://soneesports.com/collections/under-500/products/128386,soneesports.com,P2 - queue / EVIDENCE-ONLY,From Will's 2026-09-11 South Asia wave. His handover states explicitly that HAVE there means a child task found public price evidence and a plausible scraper path -- NOT that a crawler exists. Recorded as PENDING: it still needs to be implemented and live-tested before ingestion.
JERO,maldives,110.0,FNB_MIXED,PENDING,City Optical,https://cityoptical.mv/,cityoptical.mv,P2 - queue / CANDIDATE,From Will's 2026-09-11 South Asia wave. His handover states explicitly that HAVE there means a child task found public price evidence and a plausible scraper path -- NOT that a crawler exists. Recorded as PENDING: it still needs to be implemented and live-tested before ingestion.
JERO,maldives,110.0,FNB_MIXED,PENDING,Dhiraagu,https://www.dhiraagu.com.mv/,dhiraagu.com.mv,P2 - queue / EVIDENCE-ONLY,From Will's 2026-09-11 South Asia wave. His handover states explicitly that HAVE there means a child task found public price evidence and a plausible scraper path -- NOT that a crawler exists. Recorded as PENDING: it still needs to be implemented and live-tested before ingestion.
JERO,maldives,110.0,FNB_MIXED,PENDING,Ooredoo Maldives,https://www.ooredoo.mv/mobile,ooredoo.mv,P2 - queue / EVIDENCE-ONLY,From Will's 2026-09-11 South Asia wave. His handover states explicitly that HAVE there means a child task found public price evidence and a plausible scraper path -- NOT that a crawler exists. Recorded as PENDING: it still needs to be implemented and live-tested before ingestion.
JERO,maldives,110.0,FNB_MIXED,PENDING,Styla,https://styla.mv/shop/,styla.mv,P2 - queue / EVIDENCE-ONLY,From Will's 2026-09-11 South Asia wave. His handover states explicitly that HAVE there means a child task found public price evidence and a plausible scraper path -- NOT that a crawler exists. Recorded as PENDING: it still needs to be implemented and live-tested before ingestion.
JERO,maldives,110.0,FNB_MIXED,PENDING,Nuomi Maldives,https://nuomimaldives.com/collections/wardrrobe-storage,nuomimaldives.com,P2 - queue / EVIDENCE-ONLY,From Will's 2026-09-11 South Asia wave. His handover states explicitly that HAVE there means a child task found public price evidence and a plausible scraper path -- NOT that a crawler exists. Recorded as PENDING: it still needs to be implemented and live-tested before ingestion.
JERO,maldives,110.0,FNB_MIXED,PENDING,Rightspot,https://rightspot.mv/,rightspot.mv,P2 - queue / EVIDENCE-ONLY,From Will's 2026-09-11 South Asia wave. His handover states explicitly that HAVE there means a child task found public price evidence and a plausible scraper path -- NOT that a crawler exists. Recorded as PENDING: it still needs to be implemented and live-tested before ingestion.
JERO,maldives,110.0,FNB_MIXED,PENDING,Personal Computers,https://shop.personalcomputers.mv/shop/acer-x1129hp-dlp-svga-projector-pc-maldives,shop.personalcomputers.mv,P2 - queue / EVIDENCE-ONLY,From Will's 2026-09-11 South Asia wave. His handover states explicitly that HAVE there means a child task found public price evidence and a plausible scraper path -- NOT that a crawler exists. Recorded as PENDING: it still needs to be implemented and live-tested before ingestion.
JERO,maldives,110.0,FNB_MIXED,PENDING,Click Computers,https://click.mv/shop/,click.mv,P2 - queue / EVIDENCE-ONLY,From Will's 2026-09-11 South Asia wave. His handover states explicitly that HAVE there means a child task found public price evidence and a plausible scraper path -- NOT that a crawler exists. Recorded as PENDING: it still needs to be implemented and live-tested before ingestion.
JERO,maldives,110.0,FNB_MIXED,PENDING,Plaza Online,https://www.plaza.com.mv/,plaza.com.mv,P2 - queue / EVIDENCE-ONLY,From Will's 2026-09-11 South Asia wave. His handover states explicitly that HAVE there means a child task found public price evidence and a plausible scraper path -- NOT that a crawler exists. Recorded as PENDING: it still needs to be implemented and live-tested before ingestion.
JERO,maldives,110.0,FNB_MIXED,PENDING,ICM4Online,https://icm4online.com/,icm4online.com,P2 - queue / EVIDENCE-ONLY,From Will's 2026-09-11 South Asia wave. His handover states explicitly that HAVE there means a child task found public price evidence and a plausible scraper path -- NOT that a crawler exists. Recorded as PENDING: it still needs to be implemented and live-tested before ingestion.
JERO,maldives,110.0,FNB_MIXED,PENDING,Miso Beauty Shop,https://misobeautyshop.com/,misobeautyshop.com,P2 - queue / EVIDENCE-ONLY,From Will's 2026-09-11 South Asia wave. His handover states explicitly that HAVE there means a child task found public price evidence and a plausible scraper path -- NOT that a crawler exists. Recorded as PENDING: it still needs to be implemented and live-tested before ingestion.
JERO,maldives,110.0,FNB_MIXED,PENDING,Misraab Trading,https://misraab.com.mv/product/shopping-bags-w-maldives/,misraab.com.mv,P2 - queue / EVIDENCE-ONLY,From Will's 2026-09-11 South Asia wave. His handover states explicitly that HAVE there means a child task found public price evidence and a plausible scraper path -- NOT that a crawler exists. Recorded as PENDING: it still needs to be implemented and live-tested before ingestion.
JERO,maldives,110.0,FNB_MIXED,PENDING,BabyPro Maldives,https://www.babypromv.com/,babypromv.com,P2 - queue / EVIDENCE-ONLY,From Will's 2026-09-11 South Asia wave. His handover states explicitly that HAVE there means a child task found public price evidence and a plausible scraper path -- NOT that a crawler exists. Recorded as PENDING: it still needs to be implemented and live-tested before ingestion.
JERO,maldives,110.0,FNB_MIXED,PENDING,Moolee,https://www.moolee.mv/apple_watch_series_9,moolee.mv,P2 - queue / EVIDENCE-ONLY,From Will's 2026-09-11 South Asia wave. His handover states explicitly that HAVE there means a child task found public price evidence and a plausible scraper path -- NOT that a crawler exists. Recorded as PENDING: it still needs to be implemented and live-tested before ingestion.
JERO,maldives,110.0,FNB_MIXED,PENDING,Balabala Maldives / hydrosphere-maldives.com,https://hydrosphere-maldives.com/,hydrosphere-maldives.com,P2 - queue / CANDIDATE,From Will's 2026-09-11 South Asia wave. His handover states explicitly that HAVE there means a child task found public price evidence and a plausible scraper path -- NOT that a crawler exists. Recorded as PENDING: it still needs to be implemented and live-tested before ingestion.
JERO,maldives,110.0,FNB_MIXED,PENDING,Noq.mv,https://noq.mv/shop/kids-toys/toy-vehicles/fire-rescue-vehicles-toy-set-metal-pack-alloy-box-pack-of-4-pcs-die-cast-metal-vehicles-set-toys-for-kids-children-and-boys/,noq.mv,P2 - queue / EVIDENCE-ONLY,From Will's 2026-09-11 South Asia wave. His handover states explicitly that HAVE there means a child task found public price evidence and a plausible scraper path -- NOT that a crawler exists. Recorded as PENDING: it still needs to be implemented and live-tested before ingestion.
JERO,maldives,110.0,FNB_MIXED,PENDING,Book Store Maldives,https://bookstoremaldives.com/product/quranic-verses-an-inspirational-calendar-2/,bookstoremaldives.com,P2 - queue / EVIDENCE-ONLY,From Will's 2026-09-11 South Asia wave. His handover states explicitly that HAVE there means a child task found public price evidence and a plausible scraper path -- NOT that a crawler exists. Recorded as PENDING: it still needs to be implemented and live-tested before ingestion.
JERO,maldives,110.0,FNB_MIXED,PENDING,Scouts Maldives Shop,https://shop.scout.mv/product/cub-scout-handbook/,shop.scout.mv,P2 - queue / EVIDENCE-ONLY,From Will's 2026-09-11 South Asia wave. His handover states explicitly that HAVE there means a child task found public price evidence and a plausible scraper path -- NOT that a crawler exists. Recorded as PENDING: it still needs to be implemented and live-tested before ingestion.
JERO,maldives,110.0,FNB_MIXED,PENDING,Ace Hardware Maldives,https://www.acehardware.mv/product/brb-fash-pnk-flr-ndv/,acehardware.mv,P2 - queue / EVIDENCE-ONLY,From Will's 2026-09-11 South Asia wave. His handover states explicitly that HAVE there means a child task found public price evidence and a plausible scraper path -- NOT that a crawler exists. Recorded as PENDING: it still needs to be implemented and live-tested before ingestion.
JERO,maldives,110.0,FNB_MIXED,PENDING,Skin Treats MV,https://skintreatsmv.com/,skintreatsmv.com,P2 - queue / EVIDENCE-ONLY,From Will's 2026-09-11 South Asia wave. His handover states explicitly that HAVE there means a child task found public price evidence and a plausible scraper path -- NOT that a crawler exists. Recorded as PENDING: it still needs to be implemented and live-tested before ingestion.
JERO,maldives,110.0,FNB_MIXED,PENDING,Maxcom,https://maxcom.com.mv/v3/homepage-7/,maxcom.com.mv,P2 - queue / EVIDENCE-ONLY,From Will's 2026-09-11 South Asia wave. His handover states explicitly that HAVE there means a child task found public price evidence and a plausible scraper path -- NOT that a crawler exists. Recorded as PENDING: it still needs to be implemented and live-tested before ingestion.
JERO,maldives,110.0,FNB_MIXED,PENDING,Night Owl Maldives,https://nightowlmv.com/products/prestige-platina-24cm-pop-kadai-36886,nightowlmv.com,P2 - queue / EVIDENCE-ONLY,From Will's 2026-09-11 South Asia wave. His handover states explicitly that HAVE there means a child task found public price evidence and a plausible scraper path -- NOT that a crawler exists. Recorded as PENDING: it still needs to be implemented and live-tested before ingestion.
JERO,maldives,110.0,FNB_MIXED,PENDING,Palma Landscape Investments,https://www.palmalandscapeinv.com/product-page/poash,palmalandscapeinv.com,P2 - queue / EVIDENCE-ONLY,From Will's 2026-09-11 South Asia wave. His handover states explicitly that HAVE there means a child task found public price evidence and a plausible scraper path -- NOT that a crawler exists. Recorded as PENDING: it still needs to be implemented and live-tested before ingestion.
JERO,maldives,110.0,FNB_MIXED,PENDING,Spa Ceylon Maldives,https://spaceylon.mv/collections/skin-wellness,spaceylon.mv,P2 - queue / EVIDENCE-ONLY,From Will's 2026-09-11 South Asia wave. His handover states explicitly that HAVE there means a child task found public price evidence and a plausible scraper path -- NOT that a crawler exists. Recorded as PENDING: it still needs to be implemented and live-tested before ingestion.
JERO,maldives,110.0,FNB_MIXED,PENDING,Tenon Maldives,https://tenon.mv/products/plant-rack-ladder,tenon.mv,P2 - queue / EVIDENCE-ONLY,From Will's 2026-09-11 South Asia wave. His handover states explicitly that HAVE there means a child task found public price evidence and a plausible scraper path -- NOT that a crawler exists. Recorded as PENDING: it still needs to be implemented and live-tested before ingestion.
JERO,honduras,117.0,FNB_MIXED,PENDING,honduras_mercadolibre_hn,https://www.mercadolibre.com.hn/,mercadolibre.com.hn,P2 - queue / NEEDS-CUSTOM-CRAWLER,Downloaded CSV batch on 2026-09-12; normalized site was not present in the base workbook | scraping ease: Moderate | add as a new scrape target and crawler-creation candidate
JERO,honduras,117.0,FNB_MIXED,PENDING,honduras_contraentregashn,https://www.contraentregashn.com/tienda.html,contraentregashn.com,P2 - queue / NEEDS-CUSTOM-CRAWLER,Downloaded CSV batch on 2026-09-12; normalized site was not present in the base workbook | scraping ease: Easy | add as a new scrape target and crawler-creation candidate
JERO,hungary,121.0,FNB_MIXED,PENDING,Alza Hungary,https://www.alza.hu/,alza.hu,P2 - queue / Directory/report,"Candidate found in the 2026-08-31 sourcing round, never built. build_tier=C - engineering required; scrapability=nan; class=General/electronics retail"
JERO,italy,127.0,FNB_MIXED,PENDING,Leroy Merlin Italy,https://www.leroymerlin.it/,leroymerlin.it,P2 - queue / Directory/report,"Candidate found in the 2026-08-31 sourcing round, never built. build_tier=C - engineering required; scrapability=nan; class=Hardware/home improvement"
JERO,tajikistan,130.0,FNB_MIXED,PENDING,tajikistan_tajikistan_desertcart,https://tajikistan.desertcart.com/,tajikistan.desertcart.com,P2 - queue / NEEDS-CUSTOM-CRAWLER,Downloaded CSV batch on 2026-09-12; normalized site was not present in the base workbook | scraping ease: Moderate | add as a new scrape target and crawler-creation candidate
JERO,tajikistan,130.0,FNB_MIXED,PENDING,tajikistan_avval_tj,https://avval.tj/,avval.tj,P2 - queue / NEEDS-CUSTOM-CRAWLER,Downloaded CSV batch on 2026-09-12; normalized site was not present in the base workbook | scraping ease: Moderate | add as a new scrape target and crawler-creation candidate
JERO,tajikistan,130.0,FNB_MIXED,PENDING,tajikistan_ubuy_tj,https://www.ubuy.tj/ru/online-shopping-in-dushanbe,ubuy.tj,P2 - queue / NEEDS-CUSTOM-CRAWLER,Downloaded CSV batch on 2026-09-12; normalized site was not present in the base workbook | scraping ease: Easy | add as a new scrape target and crawler-creation candidate
JERO,morocco,131.0,FNB_MIXED,PENDING,Carrefour Maroc (Label'Vie),https://www.carrefour.ma/,carrefour.ma,P2 - queue / ACCEPT,"Candidate found in the 2026-08-31 sourcing round, never built. build_tier=C - engineering required; scrapability=3.0; class=Custom"
JERO,guatemala,135.0,FNB_MIXED,PENDING,guatemala_latiendadetodaguate,https://latiendadetodaguate.com/,latiendadetodaguate.com,P2 - queue / NEEDS-CUSTOM-CRAWLER,Downloaded CSV batch on 2026-09-12; normalized site was not present in the base workbook | scraping ease: Easy | add as a new scrape target and crawler-creation candidate
JERO,guatemala,135.0,FNB_MIXED,PENDING,guatemala_market_gt,https://market.gt/,market.gt,P2 - queue / NEEDS-CUSTOM-CRAWLER,Downloaded CSV batch on 2026-09-12; normalized site was not present in the base workbook | scraping ease: Easy | add as a new scrape target and crawler-creation candidate
JERO,guatemala,135.0,FNB_MIXED,PENDING,guatemala_kemik_gt,https://www.kemik.gt/,kemik.gt,P2 - queue / NEEDS-CUSTOM-CRAWLER,Downloaded CSV batch on 2026-09-12; normalized site was not present in the base workbook | scraping ease: Easy | add as a new scrape target and crawler-creation candidate
JERO,guyana,136.0,FNB_MIXED,PENDING,guyana_fizuro,https://fizuro.com/,fizuro.com,P2 - queue / NEEDS-CUSTOM-CRAWLER,Downloaded CSV batch on 2026-09-12; normalized site was not present in the base workbook | scraping ease: Easy | add as a new scrape target and crawler-creation candidate
JERO,guyana,136.0,FNB_MIXED,PENDING,guyana_ubuy_gy,https://www.ubuy.gy/,ubuy.gy,P2 - queue / NEEDS-CUSTOM-CRAWLER,Downloaded CSV batch on 2026-09-12; normalized site was not present in the base workbook | scraping ease: Moderate | add as a new scrape target and crawler-creation candidate
JERO,aruba,137.0,FNB_MIXED,PENDING,aruba_pronova,https://www.pronova.shop/shop,pronova.shop,P2 - queue / NEEDS-CUSTOM-CRAWLER,Downloaded CSV batch on 2026-09-12; normalized site was not present in the base workbook | scraping ease: Easy | add as a new scrape target and crawler-creation candidate
JERO,panama,142.0,FNB_MIXED,PENDING,panama_comparapty,https://comparapty.com/,comparapty.com,P2 - queue / NEEDS-CUSTOM-CRAWLER,Downloaded CSV batch on 2026-09-12; normalized site was not present in the base workbook | scraping ease: Easy | add as a new scrape target and crawler-creation candidate
JERO,panama,142.0,FNB_MIXED,PENDING,panama_vitrina_pa,https://vitrina.com.pa/,vitrina.com.pa,P2 - queue / NEEDS-CUSTOM-CRAWLER,Downloaded CSV batch on 2026-09-12; normalized site was not present in the base workbook | scraping ease: Easy | add as a new scrape target and crawler-creation candidate
JERO,panama,142.0,FNB_MIXED,PENDING,panama_masxmenospanama,https://masxmenospanama.com/,masxmenospanama.com,P2 - queue / NEEDS-CUSTOM-CRAWLER,Downloaded CSV batch on 2026-09-12; normalized site was not present in the base workbook | scraping ease: Easy | add as a new scrape target and crawler-creation candidate
JERO,panama,142.0,FNB_MIXED,PENDING,panama_felix_pa,https://felix.com.pa/,felix.com.pa,P2 - queue / NEEDS-CUSTOM-CRAWLER,Downloaded CSV batch on 2026-09-12; normalized site was not present in the base workbook | scraping ease: Easy | add as a new scrape target and crawler-creation candidate
JERO,panama,142.0,FNB_MIXED,PENDING,panama_super99,https://www.super99.com/,super99.com,P2 - queue / NEEDS-CUSTOM-CRAWLER,Downloaded CSV batch on 2026-09-12; normalized site was not present in the base workbook | scraping ease: Easy | add as a new scrape target and crawler-creation candidate
JERO,slovenia,144.0,FNB_MIXED,PENDING,slovenia_shoptok_si,https://www.shoptok.si/,shoptok.si,P2 - queue / NEEDS-CUSTOM-CRAWLER,Downloaded CSV batch on 2026-09-12; normalized site was not present in the base workbook | scraping ease: Easy | add as a new scrape target and crawler-creation candidate
JERO,dominican_republic,149.0,FNB_MIXED,PENDING,dominican_republic_domitiendashop,https://domitiendashop.com/,domitiendashop.com,P2 - queue / NEEDS-CUSTOM-CRAWLER,Downloaded CSV batch on 2026-09-12; normalized site was not present in the base workbook | scraping ease: Moderate | add as a new scrape target and crawler-creation candidate
JERO,dominican_republic,149.0,FNB_MIXED,PENDING,dominican_republic_megasuplidores_do,https://megasuplidores.com.do/,megasuplidores.com.do,P2 - queue / NEEDS-CUSTOM-CRAWLER,Downloaded CSV batch on 2026-09-12; normalized site was not present in the base workbook | scraping ease: Moderate | add as a new scrape target and crawler-creation candidate
JERO,dominican_republic,149.0,FNB_MIXED,PENDING,dominican_republic_dominicanproductsshop,https://www.dominicanproductsshop.com/shop/,dominicanproductsshop.com,P2 - queue / NEEDS-CUSTOM-CRAWLER,Downloaded CSV batch on 2026-09-12; normalized site was not present in the base workbook | scraping ease: Moderate | add as a new scrape target and crawler-creation candidate
JERO,uruguay,150.0,FNB_MIXED,PENDING,uruguay_lomasjusto_uy,https://lomasjusto.uy/,lomasjusto.uy,P2 - queue / NEEDS-CUSTOM-CRAWLER,Downloaded CSV batch on 2026-09-12; normalized site was not present in the base workbook | scraping ease: Easy | add as a new scrape target and crawler-creation candidate
JERO,uruguay,150.0,FNB_MIXED,PENDING,uruguay_yoper_uy,https://www.yoper.com.uy/,yoper.com.uy,P2 - queue / NEEDS-CUSTOM-CRAWLER,Downloaded CSV batch on 2026-09-12; normalized site was not present in the base workbook | scraping ease: Easy | add as a new scrape target and crawler-creation candidate
JERO,uruguay,150.0,FNB_MIXED,PENDING,uruguay_preciospc_uy,https://preciospc.uy/,preciospc.uy,P2 - queue / NEEDS-CUSTOM-CRAWLER,Downloaded CSV batch on 2026-09-12; normalized site was not present in the base workbook | scraping ease: Easy | add as a new scrape target and crawler-creation candidate
JERO,bolivia,153.0,FNB_MIXED,PENDING,bolivia_boliviamall,https://www.boliviamall.com/es/,boliviamall.com,P2 - queue / NEEDS-CUSTOM-CRAWLER,Downloaded CSV batch on 2026-09-12; normalized site was not present in the base workbook | scraping ease: Easy | add as a new scrape target and crawler-creation candidate
JERO,bolivia,153.0,FNB_MIXED,PENDING,bolivia_fsa_bo,https://fsa.bo/,fsa.bo,P2 - queue / NEEDS-CUSTOM-CRAWLER,Downloaded CSV batch on 2026-09-12; normalized site was not present in the base workbook | scraping ease: Easy | add as a new scrape target and crawler-creation candidate
JERO,myanmar,159.0,FNB_MIXED,PENDING,myanmar_ubuy_mm,https://www.ubuy.com.mm/en/,ubuy.com.mm,P2 - queue / NEEDS-CUSTOM-CRAWLER,Downloaded CSV batch on 2026-09-12; normalized site was not present in the base workbook | scraping ease: Moderate | add as a new scrape target and crawler-creation candidate
JERO,myanmar,159.0,FNB_MIXED,PENDING,myanmar_ict_mm,https://ict.com.mm/,ict.com.mm,P2 - queue / NEEDS-CUSTOM-CRAWLER,Downloaded CSV batch on 2026-09-12; normalized site was not present in the base workbook | scraping ease: Easy | add as a new scrape target and crawler-creation candidate
JERO,netherlands,159.0,FNB_MIXED,PENDING,netherlands_vergelijk_nl,https://www.vergelijk.nl/,vergelijk.nl,P2 - queue / NEEDS-CUSTOM-CRAWLER,Downloaded CSV batch on 2026-09-12; normalized site was not present in the base workbook | scraping ease: Easy | add as a new scrape target and crawler-creation candidate
JERO,netherlands,159.0,FNB_MIXED,PENDING,netherlands_prijspuls_nl,https://prijspuls.nl/,prijspuls.nl,P2 - queue / NEEDS-CUSTOM-CRAWLER,Downloaded CSV batch on 2026-09-12; normalized site was not present in the base workbook | scraping ease: Easy | add as a new scrape target and crawler-creation candidate
JERO,netherlands,159.0,FNB_MIXED,PENDING,netherlands_scoupz_nl,https://www.scoupz.nl/,scoupz.nl,P2 - queue / NEEDS-CUSTOM-CRAWLER,Downloaded CSV batch on 2026-09-12; normalized site was not present in the base workbook | scraping ease: Easy | add as a new scrape target and crawler-creation candidate
JERO,netherlands,159.0,FNB_MIXED,PENDING,netherlands_bigshopper_nl,https://bigshopper.nl/,bigshopper.nl,P2 - queue / NEEDS-CUSTOM-CRAWLER,Downloaded CSV batch on 2026-09-12; normalized site was not present in the base workbook | scraping ease: Easy | add as a new scrape target and crawler-creation candidate
JERO,netherlands,159.0,FNB_MIXED,PENDING,netherlands_kaicus,https://www.kaicus.com/nl/,kaicus.com,P2 - queue / NEEDS-CUSTOM-CRAWLER,Downloaded CSV batch on 2026-09-12; normalized site was not present in the base workbook | scraping ease: Moderate | add as a new scrape target and crawler-creation candidate
JERO,netherlands,159.0,FNB_MIXED,PENDING,netherlands_prijsfijn_nl,https://prijsfijn.nl/,prijsfijn.nl,P2 - queue / NEEDS-CUSTOM-CRAWLER,Downloaded CSV batch on 2026-09-12; normalized site was not present in the base workbook | scraping ease: Easy | add as a new scrape target and crawler-creation candidate
JERO,romania,160.0,FNB_MIXED,PENDING,Dr.Max Romania,https://www.drmax.ro/,drmax.ro,P2 - queue / Directory/report,"Candidate found in the 2026-08-31 sourcing round, never built. build_tier=C - engineering required; scrapability=nan; class=Online pharmacy"
JERO,romania,160.0,FNB_MIXED,PENDING,romania_compariorice_ro,https://compariorice.ro/,compariorice.ro,P2 - queue / NEEDS-CUSTOM-CRAWLER,Downloaded CSV batch on 2026-09-12; normalized site was not present in the base workbook | scraping ease: Easy | add as a new scrape target and crawler-creation candidate
JERO,romania,160.0,FNB_MIXED,PENDING,romania_price_ro,https://www.price.ro/,price.ro,P2 - queue / NEEDS-CUSTOM-CRAWLER,Downloaded CSV batch on 2026-09-12; normalized site was not present in the base workbook | scraping ease: Easy | add as a new scrape target and crawler-creation candidate
JERO,romania,160.0,FNB_MIXED,PENDING,romania_shopmania_ro,https://www.shopmania.ro/,shopmania.ro,P2 - queue / NEEDS-CUSTOM-CRAWLER,Downloaded CSV batch on 2026-09-12; normalized site was not present in the base workbook | scraping ease: Easy | add as a new scrape target and crawler-creation candidate
JERO,romania,160.0,FNB_MIXED,PENDING,romania_istoric_preturi_info,https://www.istoric-preturi.info/,istoric-preturi.info,P2 - queue / NEEDS-CUSTOM-CRAWLER,Downloaded CSV batch on 2026-09-12; normalized site was not present in the base workbook | scraping ease: Moderate | add as a new scrape target and crawler-creation candidate
JERO,united_arab_emirates,161.0,FNB_MIXED,PENDING,united_arab_emirates_qimat_ae,https://www.qimat.ae/,qimat.ae,P2 - queue / NEEDS-CUSTOM-CRAWLER,Downloaded CSV batch on 2026-09-12; normalized site was not present in the base workbook | scraping ease: Easy | add as a new scrape target and crawler-creation candidate
JERO,united_arab_emirates,161.0,FNB_MIXED,PENDING,united_arab_emirates_ae_pricena,https://ae.pricena.com/en/,ae.pricena.com,P2 - queue / NEEDS-CUSTOM-CRAWLER,Downloaded CSV batch on 2026-09-12; normalized site was not present in the base workbook | scraping ease: Easy | add as a new scrape target and crawler-creation candidate
JERO,united_arab_emirates,161.0,FNB_MIXED,PENDING,united_arab_emirates_asaary_ae,https://asaary.ae/,asaary.ae,P2 - queue / NEEDS-CUSTOM-CRAWLER,Downloaded CSV batch on 2026-09-12; normalized site was not present in the base workbook | scraping ease: Easy | add as a new scrape target and crawler-creation candidate
JERO,united_arab_emirates,161.0,FNB_MIXED,PENDING,united_arab_emirates_ae_labeb,https://ae.labeb.com/en/price-comparison,ae.labeb.com,P2 - queue / NEEDS-CUSTOM-CRAWLER,Downloaded CSV batch on 2026-09-12; normalized site was not present in the base workbook | scraping ease: Moderate | add as a new scrape target and crawler-creation candidate
JERO,united_arab_emirates,161.0,FNB_MIXED,PENDING,united_arab_emirates_ounass_ae,https://www.ounass.ae/,ounass.ae,P2 - queue / NEEDS-CUSTOM-CRAWLER,Downloaded CSV batch on 2026-09-12; normalized site was not present in the base workbook | scraping ease: Moderate | add as a new scrape target and crawler-creation candidate
JERO,paraguay,165.0,FNB_MIXED,PENDING,paraguay_marketland_py,https://marketland.com.py/,marketland.com.py,P2 - queue / NEEDS-CUSTOM-CRAWLER,Downloaded CSV batch on 2026-09-12; normalized site was not present in the base workbook | scraping ease: Easy | add as a new scrape target and crawler-creation candidate
JERO,paraguay,165.0,FNB_MIXED,PENDING,paraguay_comprasparaguay_ar,https://comprasparaguay.com.ar/,comprasparaguay.com.ar,P2 - queue / NEEDS-CUSTOM-CRAWLER,Downloaded CSV batch on 2026-09-12; normalized site was not present in the base workbook | scraping ease: Easy | add as a new scrape target and crawler-creation candidate
JERO,paraguay,165.0,FNB_MIXED,PENDING,paraguay_comprasaqui,https://comprasaqui.com/es,comprasaqui.com,P2 - queue / NEEDS-CUSTOM-CRAWLER,Downloaded CSV batch on 2026-09-12; normalized site was not present in the base workbook | scraping ease: Easy | add as a new scrape target and crawler-creation candidate
JERO,paraguay,165.0,FNB_MIXED,PENDING,paraguay_tupi_py,https://www.tupi.com.py/,tupi.com.py,P2 - queue / NEEDS-CUSTOM-CRAWLER,Downloaded CSV batch on 2026-09-12; normalized site was not present in the base workbook | scraping ease: Easy | add as a new scrape target and crawler-creation candidate
JERO,paraguay,165.0,FNB_MIXED,PENDING,paraguay_mitrato_py,https://mitrato.com.py/,mitrato.com.py,P2 - queue / NEEDS-CUSTOM-CRAWLER,Downloaded CSV batch on 2026-09-12; normalized site was not present in the base workbook | scraping ease: Moderate | add as a new scrape target and crawler-creation candidate
JERO,sri_lanka,166.0,FNB_MIXED,PENDING,PriceToday.lk,https://pricetoday.lk/,pricetoday.lk,P2 - queue / CANDIDATE,From Will's 2026-09-11 South Asia wave. His handover states explicitly that HAVE there means a child task found public price evidence and a plausible scraper path -- NOT that a crawler exists. Recorded as PENDING: it still needs to be implemented and live-tested before ingestion.
JERO,sri_lanka,166.0,FNB_MIXED,PENDING,Union Chemists Pharmacy,https://unionchemistspharmacy.lk/shop/,unionchemistspharmacy.lk,P2 - queue / EVIDENCE-ONLY,From Will's 2026-09-11 South Asia wave. His handover states explicitly that HAVE there means a child task found public price evidence and a plausible scraper path -- NOT that a crawler exists. Recorded as PENDING: it still needs to be implemented and live-tested before ingestion.
JERO,sri_lanka,166.0,FNB_MIXED,PENDING,Carelink.lk,https://carelink.lk/,carelink.lk,P2 - queue / EVIDENCE-ONLY,From Will's 2026-09-11 South Asia wave. His handover states explicitly that HAVE there means a child task found public price evidence and a plausible scraper path -- NOT that a crawler exists. Recorded as PENDING: it still needs to be implemented and live-tested before ingestion.
JERO,sri_lanka,166.0,FNB_MIXED,PENDING,Beyond Health,https://www.beyondhealth.lk/,beyondhealth.lk,P2 - queue / EVIDENCE-ONLY,From Will's 2026-09-11 South Asia wave. His handover states explicitly that HAVE there means a child task found public price evidence and a plausible scraper path -- NOT that a crawler exists. Recorded as PENDING: it still needs to be implemented and live-tested before ingestion.
JERO,sri_lanka,166.0,FNB_MIXED,PENDING,Trolleyz.lk,https://trolleyz.lk/,trolleyz.lk,P2 - queue / EVIDENCE-ONLY,From Will's 2026-09-11 South Asia wave. His handover states explicitly that HAVE there means a child task found public price evidence and a plausible scraper path -- NOT that a crawler exists. Recorded as PENDING: it still needs to be implemented and live-tested before ingestion.
JERO,sri_lanka,166.0,FNB_MIXED,PENDING,AGC The Concept Store,https://agc.lk/collections/furniture,agc.lk,P2 - queue / EVIDENCE-ONLY,From Will's 2026-09-11 South Asia wave. His handover states explicitly that HAVE there means a child task found public price evidence and a plausible scraper path -- NOT that a crawler exists. Recorded as PENDING: it still needs to be implemented and live-tested before ingestion.
JERO,sri_lanka,166.0,FNB_MIXED,PENDING,HardwareMart.lk,https://hardwaremart.lk/shop/,hardwaremart.lk,P2 - queue / EVIDENCE-ONLY,From Will's 2026-09-11 South Asia wave. His handover states explicitly that HAVE there means a child task found public price evidence and a plausible scraper path -- NOT that a crawler exists. Recorded as PENDING: it still needs to be implemented and live-tested before ingestion.
JERO,sri_lanka,166.0,FNB_MIXED,PENDING,Hardwares.lk,https://www.hardwares.lk/,hardwares.lk,P2 - queue / EVIDENCE-ONLY,From Will's 2026-09-11 South Asia wave. His handover states explicitly that HAVE there means a child task found public price evidence and a plausible scraper path -- NOT that a crawler exists. Recorded as PENDING: it still needs to be implemented and live-tested before ingestion.
JERO,sri_lanka,166.0,FNB_MIXED,PENDING,St. Anthony's Homemart,https://www.homemart.lk/,homemart.lk,P2 - queue / EVIDENCE-ONLY,From Will's 2026-09-11 South Asia wave. His handover states explicitly that HAVE there means a child task found public price evidence and a plausible scraper path -- NOT that a crawler exists. Recorded as PENDING: it still needs to be implemented and live-tested before ingestion.
JERO,sri_lanka,166.0,FNB_MIXED,PENDING,Elecshop.lk,https://elecshop.lk/,elecshop.lk,P2 - queue / EVIDENCE-ONLY,From Will's 2026-09-11 South Asia wave. His handover states explicitly that HAVE there means a child task found public price evidence and a plausible scraper path -- NOT that a crawler exists. Recorded as PENDING: it still needs to be implemented and live-tested before ingestion.
JERO,sri_lanka,166.0,FNB_MIXED,PENDING,IT Planet,https://itplanet.lk/,itplanet.lk,P2 - queue / EVIDENCE-ONLY,From Will's 2026-09-11 South Asia wave. His handover states explicitly that HAVE there means a child task found public price evidence and a plausible scraper path -- NOT that a crawler exists. Recorded as PENDING: it still needs to be implemented and live-tested before ingestion.
JERO,sri_lanka,166.0,FNB_MIXED,PENDING,BestPrice.lk,https://www.bestpricelk.com/,bestpricelk.com,P2 - queue / CANDIDATE,From Will's 2026-09-11 South Asia wave. His handover states explicitly that HAVE there means a child task found public price evidence and a plausible scraper path -- NOT that a crawler exists. Recorded as PENDING: it still needs to be implemented and live-tested before ingestion.
JERO,sri_lanka,166.0,FNB_MIXED,PENDING,BookBooks.lk,https://bookbooks.lk/shop/,bookbooks.lk,P2 - queue / EVIDENCE-ONLY,From Will's 2026-09-11 South Asia wave. His handover states explicitly that HAVE there means a child task found public price evidence and a plausible scraper path -- NOT that a crawler exists. Recorded as PENDING: it still needs to be implemented and live-tested before ingestion.
JERO,sri_lanka,166.0,FNB_MIXED,PENDING,Book Pack,https://bookpack.lk/,bookpack.lk,P2 - queue / EVIDENCE-ONLY,From Will's 2026-09-11 South Asia wave. His handover states explicitly that HAVE there means a child task found public price evidence and a plausible scraper path -- NOT that a crawler exists. Recorded as PENDING: it still needs to be implemented and live-tested before ingestion.
JERO,sri_lanka,166.0,FNB_MIXED,PENDING,CIB Online books/stationery,https://cibonline.lk/kids-books-stationery/,cibonline.lk,P2 - queue / EVIDENCE-ONLY,From Will's 2026-09-11 South Asia wave. His handover states explicitly that HAVE there means a child task found public price evidence and a plausible scraper path -- NOT that a crawler exists. Recorded as PENDING: it still needs to be implemented and live-tested before ingestion.
JERO,sri_lanka,166.0,FNB_MIXED,PENDING,LOL.lk stationery,https://lol.lk/product-category/stationery-school-supplies/books/,lol.lk,P2 - queue / EVIDENCE-ONLY,From Will's 2026-09-11 South Asia wave. His handover states explicitly that HAVE there means a child task found public price evidence and a plausible scraper path -- NOT that a crawler exists. Recorded as PENDING: it still needs to be implemented and live-tested before ingestion.
JERO,sri_lanka,166.0,FNB_MIXED,PENDING,Leema Creations,https://leemacreations.com/online-store/,leemacreations.com,P2 - queue / EVIDENCE-ONLY,From Will's 2026-09-11 South Asia wave. His handover states explicitly that HAVE there means a child task found public price evidence and a plausible scraper path -- NOT that a crawler exists. Recorded as PENDING: it still needs to be implemented and live-tested before ingestion.
JERO,sri_lanka,166.0,FNB_MIXED,PENDING,BuySMT,https://www.buysmt.lk/Home--Office-Furniture,buysmt.lk,P2 - queue / EVIDENCE-ONLY,From Will's 2026-09-11 South Asia wave. His handover states explicitly that HAVE there means a child task found public price evidence and a plausible scraper path -- NOT that a crawler exists. Recorded as PENDING: it still needs to be implemented and live-tested before ingestion.
JERO,sri_lanka,166.0,FNB_MIXED,PENDING,Panther.lk,https://panther.lk/product-category/stationery-and-toys-discount-sri-lanka/,panther.lk,P2 - queue / EVIDENCE-ONLY,From Will's 2026-09-11 South Asia wave. His handover states explicitly that HAVE there means a child task found public price evidence and a plausible scraper path -- NOT that a crawler exists. Recorded as PENDING: it still needs to be implemented and live-tested before ingestion.
JERO,sri_lanka,166.0,FNB_MIXED,PENDING,EVIVE,https://evive.lk/,evive.lk,P2 - queue / EVIDENCE-ONLY,From Will's 2026-09-11 South Asia wave. His handover states explicitly that HAVE there means a child task found public price evidence and a plausible scraper path -- NOT that a crawler exists. Recorded as PENDING: it still needs to be implemented and live-tested before ingestion.
JERO,sri_lanka,166.0,FNB_MIXED,PENDING,Cuddly Cotton,https://www.cuddlycottonlk.com/,cuddlycottonlk.com,P2 - queue / EVIDENCE-ONLY,From Will's 2026-09-11 South Asia wave. His handover states explicitly that HAVE there means a child task found public price evidence and a plausible scraper path -- NOT that a crawler exists. Recorded as PENDING: it still needs to be implemented and live-tested before ingestion.
JERO,sri_lanka,166.0,FNB_MIXED,PENDING,Lurreli,https://lurreli.lk/,lurreli.lk,P2 - queue / EVIDENCE-ONLY,From Will's 2026-09-11 South Asia wave. His handover states explicitly that HAVE there means a child task found public price evidence and a plausible scraper path -- NOT that a crawler exists. Recorded as PENDING: it still needs to be implemented and live-tested before ingestion.
JERO,sri_lanka,166.0,FNB_MIXED,PENDING,Wear.lk,https://www.wear.lk/,wear.lk,P2 - queue / EVIDENCE-ONLY,From Will's 2026-09-11 South Asia wave. His handover states explicitly that HAVE there means a child task found public price evidence and a plausible scraper path -- NOT that a crawler exists. Recorded as PENDING: it still needs to be implemented and live-tested before ingestion.
JERO,sri_lanka,166.0,FNB_MIXED,PENDING,Mirror Mirror Global,https://mirrormirrorglobal.com/womens-clothing,mirrormirrorglobal.com,P2 - queue / EVIDENCE-ONLY,From Will's 2026-09-11 South Asia wave. His handover states explicitly that HAVE there means a child task found public price evidence and a plausible scraper path -- NOT that a crawler exists. Recorded as PENDING: it still needs to be implemented and live-tested before ingestion.
JERO,sri_lanka,166.0,FNB_MIXED,PENDING,Apparel.lk,https://apparel.lk/,apparel.lk,P2 - queue / CANDIDATE,From Will's 2026-09-11 South Asia wave. His handover states explicitly that HAVE there means a child task found public price evidence and a plausible scraper path -- NOT that a crawler exists. Recorded as PENDING: it still needs to be implemented and live-tested before ingestion.
JERO,sri_lanka,166.0,FNB_MIXED,PENDING,Spare Parts Market,https://sparepartsmarket.lk/shop/,sparepartsmarket.lk,P2 - queue / EVIDENCE-ONLY,From Will's 2026-09-11 South Asia wave. His handover states explicitly that HAVE there means a child task found public price evidence and a plausible scraper path -- NOT that a crawler exists. Recorded as PENDING: it still needs to be implemented and live-tested before ingestion.
JERO,sri_lanka,166.0,FNB_MIXED,PENDING,Sumana Motor Stores,https://sumanamotorstores.com/,sumanamotorstores.com,P2 - queue / EVIDENCE-ONLY,From Will's 2026-09-11 South Asia wave. His handover states explicitly that HAVE there means a child task found public price evidence and a plausible scraper path -- NOT that a crawler exists. Recorded as PENDING: it still needs to be implemented and live-tested before ingestion.
JERO,sri_lanka,166.0,FNB_MIXED,PENDING,Dialog Mobile Plans,https://dialog.lk/mobile?language=en,dialog.lk,P2 - queue / EVIDENCE-ONLY,From Will's 2026-09-11 South Asia wave. His handover states explicitly that HAVE there means a child task found public price evidence and a plausible scraper path -- NOT that a crawler exists. Recorded as PENDING: it still needs to be implemented and live-tested before ingestion.
JERO,sri_lanka,166.0,FNB_MIXED,PENDING,Mobitel Prepaid Plans,https://www.mobitel.lk/node/7459,mobitel.lk,P2 - queue / EVIDENCE-ONLY,From Will's 2026-09-11 South Asia wave. His handover states explicitly that HAVE there means a child task found public price evidence and a plausible scraper path -- NOT that a crawler exists. Recorded as PENDING: it still needs to be implemented and live-tested before ingestion.
JERO,sri_lanka,166.0,FNB_MIXED,PENDING,Nesh Kids Store,https://www.nesh.lk/,nesh.lk,P2 - queue / EVIDENCE-ONLY,From Will's 2026-09-11 South Asia wave. His handover states explicitly that HAVE there means a child task found public price evidence and a plausible scraper path -- NOT that a crawler exists. Recorded as PENDING: it still needs to be implemented and live-tested before ingestion.
JERO,sri_lanka,166.0,FNB_MIXED,PENDING,Cosmetics.lk,https://cosmetics.lk/,cosmetics.lk,P2 - queue / EVIDENCE-ONLY,From Will's 2026-09-11 South Asia wave. His handover states explicitly that HAVE there means a child task found public price evidence and a plausible scraper path -- NOT that a crawler exists. Recorded as PENDING: it still needs to be implemented and live-tested before ingestion.
JERO,sri_lanka,166.0,FNB_MIXED,PENDING,Cosmetics Lanka,https://cosmeticslanka.lk/,cosmeticslanka.lk,P2 - queue / EVIDENCE-ONLY,From Will's 2026-09-11 South Asia wave. His handover states explicitly that HAVE there means a child task found public price evidence and a plausible scraper path -- NOT that a crawler exists. Recorded as PENDING: it still needs to be implemented and live-tested before ingestion.
JERO,sri_lanka,166.0,FNB_MIXED,PENDING,Prime Home,https://primehome.lk/product/tabletop-drum-grater/,primehome.lk,P2 - queue / EVIDENCE-ONLY,From Will's 2026-09-11 South Asia wave. His handover states explicitly that HAVE there means a child task found public price evidence and a plausible scraper path -- NOT that a crawler exists. Recorded as PENDING: it still needs to be implemented and live-tested before ingestion.
JERO,sri_lanka,166.0,FNB_MIXED,PENDING,sri_lanka_daraz_lk,https://www.daraz.lk/,daraz.lk,P2 - queue / NEEDS-CUSTOM-CRAWLER,Downloaded CSV batch on 2026-09-12; normalized site was not present in the base workbook | scraping ease: Easy | add as a new scrape target and crawler-creation candidate
JERO,sri_lanka,166.0,FNB_MIXED,PENDING,sri_lanka_pricetruth_lk,https://www.pricetruth.lk/,pricetruth.lk,P2 - queue / NEEDS-CUSTOM-CRAWLER,Downloaded CSV batch on 2026-09-12; normalized site was not present in the base workbook | scraping ease: Easy | add as a new scrape target and crawler-creation candidate
JERO,sri_lanka,166.0,FNB_MIXED,PENDING,sri_lanka_eshop_lk,https://www.eshop.lk/,eshop.lk,P2 - queue / NEEDS-CUSTOM-CRAWLER,Downloaded CSV batch on 2026-09-12; normalized site was not present in the base workbook | scraping ease: Easy | add as a new scrape target and crawler-creation candidate
JERO,denmark,170.0,FNB_MIXED,PENDING,denmark_danishpipeshop,https://www.danishpipeshop.com/l/Tobacco,danishpipeshop.com,P2 - queue / NEEDS-CUSTOM-CRAWLER,Downloaded CSV batch on 2026-09-12; normalized site was not present in the base workbook | scraping ease: Easy | pricing visible: Yes | add as a new scrape target and crawler-creation candidate
JERO,bahrain,171.0,FNB_MIXED,PENDING,bahrain_alibaksh,https://alibaksh.com/,alibaksh.com,P2 - queue / NEEDS-CUSTOM-CRAWLER,Downloaded CSV batch on 2026-09-12; normalized site was not present in the base workbook | scraping ease: Easy | add as a new scrape target and crawler-creation candidate
JERO,bahrain,171.0,FNB_MIXED,PENDING,bahrain_bahrain_ounass,https://bahrain.ounass.com/women/beauty/edits/niche-fragrances,bahrain.ounass.com,P2 - queue / NEEDS-CUSTOM-CRAWLER,Downloaded CSV batch on 2026-09-12; normalized site was not present in the base workbook | scraping ease: Easy | add as a new scrape target and crawler-creation candidate
JERO,bahrain,171.0,FNB_MIXED,PENDING,bahrain_ubuy_bh,https://www.ubuy.com.bh/en/,ubuy.com.bh,P2 - queue / NEEDS-CUSTOM-CRAWLER,Downloaded CSV batch on 2026-09-12; normalized site was not present in the base workbook | scraping ease: Moderate | add as a new scrape target and crawler-creation candidate
JERO,pakistan,172.0,FNB_MIXED,PENDING,DRAP PharmaPrice Index,https://e.dra.gov.pk/public/price,e.dra.gov.pk,P2 - queue / EVIDENCE-ONLY,From Will's 2026-09-11 South Asia wave. His handover states explicitly that HAVE there means a child task found public price evidence and a plausible scraper path -- NOT that a crawler exists. Recorded as PENDING: it still needs to be implemented and live-tested before ingestion.
JERO,pakistan,172.0,FNB_MIXED,PENDING,HelloDr Medicines,https://hellodr.pk/medicines,hellodr.pk,P2 - queue / EVIDENCE-ONLY,From Will's 2026-09-11 South Asia wave. His handover states explicitly that HAVE there means a child task found public price evidence and a plausible scraper path -- NOT that a crawler exists. Recorded as PENDING: it still needs to be implemented and live-tested before ingestion.
JERO,pakistan,172.0,FNB_MIXED,PENDING,Shopaholic.pk Pharmacy,https://www.shopaholic.pk/collections/pharmacy,shopaholic.pk,P2 - queue / EVIDENCE-ONLY,From Will's 2026-09-11 South Asia wave. His handover states explicitly that HAVE there means a child task found public price evidence and a plausible scraper path -- NOT that a crawler exists. Recorded as PENDING: it still needs to be implemented and live-tested before ingestion.
JERO,pakistan,172.0,FNB_MIXED,PENDING,Eastcom Technologies,https://eastcomtechnologies.com/shop/,eastcomtechnologies.com,P2 - queue / EVIDENCE-ONLY,From Will's 2026-09-11 South Asia wave. His handover states explicitly that HAVE there means a child task found public price evidence and a plausible scraper path -- NOT that a crawler exists. Recorded as PENDING: it still needs to be implemented and live-tested before ingestion.
JERO,pakistan,172.0,FNB_MIXED,PENDING,Azan Electronics,https://azanelectronics.com/,azanelectronics.com,P2 - queue / EVIDENCE-ONLY,From Will's 2026-09-11 South Asia wave. His handover states explicitly that HAVE there means a child task found public price evidence and a plausible scraper path -- NOT that a crawler exists. Recorded as PENDING: it still needs to be implemented and live-tested before ingestion.
JERO,pakistan,172.0,FNB_MIXED,PENDING,Surmawala,https://www.surmawala.pk/,surmawala.pk,P2 - queue / EVIDENCE-ONLY,From Will's 2026-09-11 South Asia wave. His handover states explicitly that HAVE there means a child task found public price evidence and a plausible scraper path -- NOT that a crawler exists. Recorded as PENDING: it still needs to be implemented and live-tested before ingestion.
JERO,pakistan,172.0,FNB_MIXED,PENDING,Electronics.pk,https://electronics.pk/,electronics.pk,P2 - queue / EVIDENCE-ONLY,From Will's 2026-09-11 South Asia wave. His handover states explicitly that HAVE there means a child task found public price evidence and a plausible scraper path -- NOT that a crawler exists. Recorded as PENDING: it still needs to be implemented and live-tested before ingestion.
JERO,pakistan,172.0,FNB_MIXED,PENDING,Prince Book Centre,https://princebookcentre.com/collections/stationary,princebookcentre.com,P2 - queue / EVIDENCE-ONLY,From Will's 2026-09-11 South Asia wave. His handover states explicitly that HAVE there means a child task found public price evidence and a plausible scraper path -- NOT that a crawler exists. Recorded as PENDING: it still needs to be implemented and live-tested before ingestion.
JERO,pakistan,172.0,FNB_MIXED,PENDING,BookShop.com.pk,https://bookshop.com.pk/,bookshop.com.pk,P2 - queue / EVIDENCE-ONLY,From Will's 2026-09-11 South Asia wave. His handover states explicitly that HAVE there means a child task found public price evidence and a plausible scraper path -- NOT that a crawler exists. Recorded as PENDING: it still needs to be implemented and live-tested before ingestion.
JERO,pakistan,172.0,FNB_MIXED,PENDING,Pak Online Books,https://pakonlinebooks.com/category/stationery/,pakonlinebooks.com,P2 - queue / EVIDENCE-ONLY,From Will's 2026-09-11 South Asia wave. His handover states explicitly that HAVE there means a child task found public price evidence and a plausible scraper path -- NOT that a crawler exists. Recorded as PENDING: it still needs to be implemented and live-tested before ingestion.
JERO,pakistan,172.0,FNB_MIXED,PENDING,Awami Book Center,https://www.awamibookcenter.com/,awamibookcenter.com,P2 - queue / EVIDENCE-ONLY,From Will's 2026-09-11 South Asia wave. His handover states explicitly that HAVE there means a child task found public price evidence and a plausible scraper path -- NOT that a crawler exists. Recorded as PENDING: it still needs to be implemented and live-tested before ingestion.
JERO,pakistan,172.0,FNB_MIXED,PENDING,HS Wear,https://hswear.store/,hswear.store,P2 - queue / EVIDENCE-ONLY,From Will's 2026-09-11 South Asia wave. His handover states explicitly that HAVE there means a child task found public price evidence and a plausible scraper path -- NOT that a crawler exists. Recorded as PENDING: it still needs to be implemented and live-tested before ingestion.
JERO,pakistan,172.0,FNB_MIXED,PENDING,Alfalah Furniture,https://alfalahfurniture.pk/products,alfalahfurniture.pk,P2 - queue / EVIDENCE-ONLY,From Will's 2026-09-11 South Asia wave. His handover states explicitly that HAVE there means a child task found public price evidence and a plausible scraper path -- NOT that a crawler exists. Recorded as PENDING: it still needs to be implemented and live-tested before ingestion.
JERO,pakistan,172.0,FNB_MIXED,PENDING,Home Factree,https://homefactree.com/shop/,homefactree.com,P2 - queue / EVIDENCE-ONLY,From Will's 2026-09-11 South Asia wave. His handover states explicitly that HAVE there means a child task found public price evidence and a plausible scraper path -- NOT that a crawler exists. Recorded as PENDING: it still needs to be implemented and live-tested before ingestion.
JERO,pakistan,172.0,FNB_MIXED,PENDING,Themes.pk Furniture,https://themes.pk/shop/furniture/,themes.pk,P2 - queue / EVIDENCE-ONLY,From Will's 2026-09-11 South Asia wave. His handover states explicitly that HAVE there means a child task found public price evidence and a plausible scraper path -- NOT that a crawler exists. Recorded as PENDING: it still needs to be implemented and live-tested before ingestion.
JERO,pakistan,172.0,FNB_MIXED,PENDING,Jazz Prepaid Packages,https://jazz.com.pk/prepaid/data,jazz.com.pk,P2 - queue / EVIDENCE-ONLY,From Will's 2026-09-11 South Asia wave. His handover states explicitly that HAVE there means a child task found public price evidence and a plausible scraper path -- NOT that a crawler exists. Recorded as PENDING: it still needs to be implemented and live-tested before ingestion.
JERO,pakistan,172.0,FNB_MIXED,PENDING,Zong Prepaid Data,https://www.zong.com.pk/prepaid/data,zong.com.pk,P2 - queue / EVIDENCE-ONLY,From Will's 2026-09-11 South Asia wave. His handover states explicitly that HAVE there means a child task found public price evidence and a plausible scraper path -- NOT that a crawler exists. Recorded as PENDING: it still needs to be implemented and live-tested before ingestion.
JERO,pakistan,172.0,FNB_MIXED,PENDING,Ufone Internet Offers,https://www.ufone.com/internet-offers/,ufone.com,P2 - queue / EVIDENCE-ONLY,From Will's 2026-09-11 South Asia wave. His handover states explicitly that HAVE there means a child task found public price evidence and a plausible scraper path -- NOT that a crawler exists. Recorded as PENDING: it still needs to be implemented and live-tested before ingestion.
JERO,pakistan,172.0,FNB_MIXED,PENDING,Selecto Smartphones,https://selecto.com.pk/collections/smartphones,selecto.com.pk,P2 - queue / EVIDENCE-ONLY,From Will's 2026-09-11 South Asia wave. His handover states explicitly that HAVE there means a child task found public price evidence and a plausible scraper path -- NOT that a crawler exists. Recorded as PENDING: it still needs to be implemented and live-tested before ingestion.
JERO,pakistan,172.0,FNB_MIXED,PENDING,SkyTech Pakistan,https://skytech.pk/,skytech.pk,P2 - queue / EVIDENCE-ONLY,From Will's 2026-09-11 South Asia wave. His handover states explicitly that HAVE there means a child task found public price evidence and a plausible scraper path -- NOT that a crawler exists. Recorded as PENDING: it still needs to be implemented and live-tested before ingestion.
JERO,pakistan,172.0,FNB_MIXED,PENDING,IndusTech.pk,https://www.industech.pk/products,industech.pk,P2 - queue / EVIDENCE-ONLY,From Will's 2026-09-11 South Asia wave. His handover states explicitly that HAVE there means a child task found public price evidence and a plausible scraper path -- NOT that a crawler exists. Recorded as PENDING: it still needs to be implemented and live-tested before ingestion.
JERO,pakistan,172.0,FNB_MIXED,PENDING,PC Wala Online,https://www.pcwalaonline.com/,pcwalaonline.com,P2 - queue / EVIDENCE-ONLY,From Will's 2026-09-11 South Asia wave. His handover states explicitly that HAVE there means a child task found public price evidence and a plausible scraper path -- NOT that a crawler exists. Recorded as PENDING: it still needs to be implemented and live-tested before ingestion.
JERO,pakistan,172.0,FNB_MIXED,PENDING,OffersWala,https://offerswala.pk/,offerswala.pk,P2 - queue / EVIDENCE-ONLY,From Will's 2026-09-11 South Asia wave. His handover states explicitly that HAVE there means a child task found public price evidence and a plausible scraper path -- NOT that a crawler exists. Recorded as PENDING: it still needs to be implemented and live-tested before ingestion.
JERO,pakistan,172.0,FNB_MIXED,PENDING,Dhundo Auto Parts Guide/Data,https://dhundo.store/guides/car-and-bike-parts-prices-in-pakistan,dhundo.store,P2 - queue / CANDIDATE,From Will's 2026-09-11 South Asia wave. His handover states explicitly that HAVE there means a child task found public price evidence and a plausible scraper path -- NOT that a crawler exists. Recorded as PENDING: it still needs to be implemented and live-tested before ingestion.
JERO,pakistan,172.0,FNB_MIXED,PENDING,Eyezaar,https://www.eyezaar.com/shop,eyezaar.com,P2 - queue / EVIDENCE-ONLY,From Will's 2026-09-11 South Asia wave. His handover states explicitly that HAVE there means a child task found public price evidence and a plausible scraper path -- NOT that a crawler exists. Recorded as PENDING: it still needs to be implemented and live-tested before ingestion.
JERO,pakistan,172.0,FNB_MIXED,PENDING,GogglesHub,https://goggleshub.com/,goggleshub.com,P2 - queue / EVIDENCE-ONLY,From Will's 2026-09-11 South Asia wave. His handover states explicitly that HAVE there means a child task found public price evidence and a plausible scraper path -- NOT that a crawler exists. Recorded as PENDING: it still needs to be implemented and live-tested before ingestion.
JERO,pakistan,172.0,FNB_MIXED,PENDING,Ainak.pk,https://ainak.pk/,ainak.pk,P2 - queue / EVIDENCE-ONLY,From Will's 2026-09-11 South Asia wave. His handover states explicitly that HAVE there means a child task found public price evidence and a plausible scraper path -- NOT that a crawler exists. Recorded as PENDING: it still needs to be implemented and live-tested before ingestion.
JERO,pakistan,172.0,FNB_MIXED,PENDING,Zujaj Eyewear,https://zujajeyewear.com/,zujajeyewear.com,P2 - queue / EVIDENCE-ONLY,From Will's 2026-09-11 South Asia wave. His handover states explicitly that HAVE there means a child task found public price evidence and a plausible scraper path -- NOT that a crawler exists. Recorded as PENDING: it still needs to be implemented and live-tested before ingestion.
JERO,pakistan,172.0,FNB_MIXED,PENDING,ToyDost,https://toydost.com/,toydost.com,P2 - queue / EVIDENCE-ONLY,From Will's 2026-09-11 South Asia wave. His handover states explicitly that HAVE there means a child task found public price evidence and a plausible scraper path -- NOT that a crawler exists. Recorded as PENDING: it still needs to be implemented and live-tested before ingestion.
JERO,pakistan,172.0,FNB_MIXED,PENDING,Toywee,https://toywee.com/,toywee.com,P2 - queue / EVIDENCE-ONLY,From Will's 2026-09-11 South Asia wave. His handover states explicitly that HAVE there means a child task found public price evidence and a plausible scraper path -- NOT that a crawler exists. Recorded as PENDING: it still needs to be implemented and live-tested before ingestion.
JERO,pakistan,172.0,FNB_MIXED,PENDING,Toy Company,https://www.toycompany.pk/collections/toys-on-sale,toycompany.pk,P2 - queue / EVIDENCE-ONLY,From Will's 2026-09-11 South Asia wave. His handover states explicitly that HAVE there means a child task found public price evidence and a plausible scraper path -- NOT that a crawler exists. Recorded as PENDING: it still needs to be implemented and live-tested before ingestion.
JERO,pakistan,172.0,FNB_MIXED,PENDING,ToyVerse,https://toyverse.pk/,toyverse.pk,P2 - queue / EVIDENCE-ONLY,From Will's 2026-09-11 South Asia wave. His handover states explicitly that HAVE there means a child task found public price evidence and a plausible scraper path -- NOT that a crawler exists. Recorded as PENDING: it still needs to be implemented and live-tested before ingestion.
JERO,pakistan,172.0,FNB_MIXED,PENDING,KiddieWink,https://kiddiewink.pk/,kiddiewink.pk,P2 - queue / EVIDENCE-ONLY,From Will's 2026-09-11 South Asia wave. His handover states explicitly that HAVE there means a child task found public price evidence and a plausible scraper path -- NOT that a crawler exists. Recorded as PENDING: it still needs to be implemented and live-tested before ingestion.
JERO,pakistan,172.0,FNB_MIXED,PENDING,HA Toyland,https://www.hatoyland.pk/,hatoyland.pk,P2 - queue / EVIDENCE-ONLY,From Will's 2026-09-11 South Asia wave. His handover states explicitly that HAVE there means a child task found public price evidence and a plausible scraper path -- NOT that a crawler exists. Recorded as PENDING: it still needs to be implemented and live-tested before ingestion.
JERO,pakistan,172.0,FNB_MIXED,PENDING,H&A Toys,https://www.hatoys.pk/,hatoys.pk,P2 - queue / EVIDENCE-ONLY,From Will's 2026-09-11 South Asia wave. His handover states explicitly that HAVE there means a child task found public price evidence and a plausible scraper path -- NOT that a crawler exists. Recorded as PENDING: it still needs to be implemented and live-tested before ingestion.
JERO,pakistan,172.0,FNB_MIXED,PENDING,Toy Nova,https://toynova.pk/,toynova.pk,P2 - queue / EVIDENCE-ONLY,From Will's 2026-09-11 South Asia wave. His handover states explicitly that HAVE there means a child task found public price evidence and a plausible scraper path -- NOT that a crawler exists. Recorded as PENDING: it still needs to be implemented and live-tested before ingestion.
JERO,pakistan,172.0,FNB_MIXED,PENDING,Mirha Toys,https://www.mirhatoys.com/,mirhatoys.com,P2 - queue / EVIDENCE-ONLY,From Will's 2026-09-11 South Asia wave. His handover states explicitly that HAVE there means a child task found public price evidence and a plausible scraper path -- NOT that a crawler exists. Recorded as PENDING: it still needs to be implemented and live-tested before ingestion.
JERO,pakistan,172.0,FNB_MIXED,PENDING,Hafiz Imran Pharmacy,https://www.hafizpharmacy.com/,hafizpharmacy.com,P2 - queue / EVIDENCE-ONLY,From Will's 2026-09-11 South Asia wave. His handover states explicitly that HAVE there means a child task found public price evidence and a plausible scraper path -- NOT that a crawler exists. Recorded as PENDING: it still needs to be implemented and live-tested before ingestion.
JERO,pakistan,172.0,FNB_MIXED,PENDING,Healthwire Pharmacy,https://healthwire.pk/pharmacy,healthwire.pk,P2 - queue / EVIDENCE-ONLY,From Will's 2026-09-11 South Asia wave. His handover states explicitly that HAVE there means a child task found public price evidence and a plausible scraper path -- NOT that a crawler exists. Recorded as PENDING: it still needs to be implemented and live-tested before ingestion.
JERO,pakistan,172.0,FNB_MIXED,PENDING,D. Watson Online Medicines,https://dwatson.pk/medicines.html,dwatson.pk,P2 - queue / EVIDENCE-ONLY,From Will's 2026-09-11 South Asia wave. His handover states explicitly that HAVE there means a child task found public price evidence and a plausible scraper path -- NOT that a crawler exists. Recorded as PENDING: it still needs to be implemented and live-tested before ingestion.
JERO,pakistan,172.0,FNB_MIXED,PENDING,Dawaai.pk,https://dawaai.pk/,dawaai.pk,P2 - queue / EVIDENCE-ONLY,From Will's 2026-09-11 South Asia wave. His handover states explicitly that HAVE there means a child task found public price evidence and a plausible scraper path -- NOT that a crawler exists. Recorded as PENDING: it still needs to be implemented and live-tested before ingestion.
JERO,pakistan,172.0,FNB_MIXED,PENDING,DawaaiMart,https://dawaaimart.pk/,dawaaimart.pk,P2 - queue / EVIDENCE-ONLY,From Will's 2026-09-11 South Asia wave. His handover states explicitly that HAVE there means a child task found public price evidence and a plausible scraper path -- NOT that a crawler exists. Recorded as PENDING: it still needs to be implemented and live-tested before ingestion.
JERO,pakistan,172.0,FNB_MIXED,PENDING,Nova Health,https://novahealth.pk/,novahealth.pk,P2 - queue / EVIDENCE-ONLY,From Will's 2026-09-11 South Asia wave. His handover states explicitly that HAVE there means a child task found public price evidence and a plausible scraper path -- NOT that a crawler exists. Recorded as PENDING: it still needs to be implemented and live-tested before ingestion.
JERO,pakistan,172.0,FNB_MIXED,PENDING,DVAGO,https://www.dvago.pk/,dvago.pk,P2 - queue / CANDIDATE,From Will's 2026-09-11 South Asia wave. His handover states explicitly that HAVE there means a child task found public price evidence and a plausible scraper path -- NOT that a crawler exists. Recorded as PENDING: it still needs to be implemented and live-tested before ingestion.
JERO,pakistan,172.0,FNB_MIXED,PENDING,MedEasy,https://medeasy.systems/,medeasy.systems,P2 - queue / EVIDENCE-ONLY,From Will's 2026-09-11 South Asia wave. His handover states explicitly that HAVE there means a child task found public price evidence and a plausible scraper path -- NOT that a crawler exists. Recorded as PENDING: it still needs to be implemented and live-tested before ingestion.
JERO,pakistan,172.0,FNB_MIXED,PENDING,pakistan_meeesho_pk,https://www.meeesho.pk/,meeesho.pk,P2 - queue / NEEDS-CUSTOM-CRAWLER,Downloaded CSV batch on 2026-09-12; normalized site was not present in the base workbook | scraping ease: Easy | add as a new scrape target and crawler-creation candidate
JERO,new_zealand,174.0,FNB_MIXED,PENDING,new_zealand_priceme_nz,https://www.priceme.co.nz/,priceme.co.nz,P2 - queue / NEEDS-CUSTOM-CRAWLER,Downloaded CSV batch on 2026-09-12; normalized site was not present in the base workbook | scraping ease: Easy | add as a new scrape target and crawler-creation candidate
JERO,new_zealand,174.0,FNB_MIXED,PENDING,new_zealand_pricespy_nz,https://pricespy.co.nz/,pricespy.co.nz,P2 - queue / NEEDS-CUSTOM-CRAWLER,Downloaded CSV batch on 2026-09-12; normalized site was not present in the base workbook | scraping ease: Moderate | add as a new scrape target and crawler-creation candidate
JERO,new_zealand,174.0,FNB_MIXED,PENDING,new_zealand_getprice_nz,https://www.getprice.co.nz/,getprice.co.nz,P2 - queue / NEEDS-CUSTOM-CRAWLER,Downloaded CSV batch on 2026-09-12; normalized site was not present in the base workbook | scraping ease: Easy | add as a new scrape target and crawler-creation candidate
JERO,kazakhstan,175.0,FNB_MIXED,PENDING,kazakhstan_nextdirect,https://www.nextdirect.com/kz/en/brands/jordan,nextdirect.com,P2 - queue / NEEDS-CUSTOM-CRAWLER,Downloaded CSV batch on 2026-09-12; normalized site was not present in the base workbook | scraping ease: Easy | add as a new scrape target and crawler-creation candidate
JERO,barbados,177.0,FNB_MIXED,PENDING,barbados_13northplaza,https://13northplaza.com/,13northplaza.com,P2 - queue / NEEDS-CUSTOM-CRAWLER,Downloaded CSV batch on 2026-09-12; normalized site was not present in the base workbook | scraping ease: Easy | add as a new scrape target and crawler-creation candidate
JERO,barbados,177.0,FNB_MIXED,PENDING,barbados_kellmart,https://kellmart.com/,kellmart.com,P2 - queue / NEEDS-CUSTOM-CRAWLER,Downloaded CSV batch on 2026-09-12; normalized site was not present in the base workbook | scraping ease: Moderate | add as a new scrape target and crawler-creation candidate
JERO,barbados,177.0,FNB_MIXED,PENDING,barbados_barbabos_ubuy,https://www.barbabos.ubuy.com/,barbabos.ubuy.com,P2 - queue / NEEDS-CUSTOM-CRAWLER,Downloaded CSV batch on 2026-09-12; normalized site was not present in the base workbook | scraping ease: Moderate | add as a new scrape target and crawler-creation candidate
JERO,barbados,177.0,FNB_MIXED,PENDING,barbados_shopcostuless,https://www.shopcostuless.com/shop,shopcostuless.com,P2 - queue / NEEDS-CUSTOM-CRAWLER,Downloaded CSV batch on 2026-09-12; normalized site was not present in the base workbook | scraping ease: Moderate | add as a new scrape target and crawler-creation candidate
JERO,nigeria,183.0,FNB_MIXED,PENDING,nigeria_checkprice_ng,https://www.checkprice.ng/,checkprice.ng,P2 - queue / NEEDS-CUSTOM-CRAWLER,Downloaded CSV batch on 2026-09-12; normalized site was not present in the base workbook | scraping ease: Easy | add as a new scrape target and crawler-creation candidate
JERO,egypt,191.0,FNB_MIXED,PENDING,egypt_eg_pricena,https://eg.pricena.com/en,eg.pricena.com,P2 - queue / NEEDS-CUSTOM-CRAWLER,Downloaded CSV batch on 2026-09-12; normalized site was not present in the base workbook | scraping ease: Easy | add as a new scrape target and crawler-creation candidate
JERO,egypt,191.0,FNB_MIXED,PENDING,egypt_3alababak,https://3alababak.com/,3alababak.com,P2 - queue / NEEDS-CUSTOM-CRAWLER,Downloaded CSV batch on 2026-09-12; normalized site was not present in the base workbook | scraping ease: Easy | add as a new scrape target and crawler-creation candidate
JERO,egypt,191.0,FNB_MIXED,PENDING,egypt_chekiprice,https://www.chekiprice.com/en-eg,chekiprice.com,P2 - queue / NEEDS-CUSTOM-CRAWLER,Downloaded CSV batch on 2026-09-12; normalized site was not present in the base workbook | scraping ease: Moderate | add as a new scrape target and crawler-creation candidate
JERO,egypt,191.0,FNB_MIXED,PENDING,egypt_zacshop,https://zacshop.com/,zacshop.com,P2 - queue / NEEDS-CUSTOM-CRAWLER,Downloaded CSV batch on 2026-09-12; normalized site was not present in the base workbook | scraping ease: Easy | add as a new scrape target and crawler-creation candidate
JERO,singapore,202.0,FNB_MIXED,PENDING,singapore_sg_priceme,https://sg.priceme.com/,sg.priceme.com,P2 - queue / NEEDS-CUSTOM-CRAWLER,Downloaded CSV batch on 2026-09-12; normalized site was not present in the base workbook | scraping ease: Easy | add as a new scrape target and crawler-creation candidate
JERO,singapore,202.0,FNB_MIXED,PENDING,singapore_comparor,https://www.comparor.com/sg/,comparor.com,P2 - queue / NEEDS-CUSTOM-CRAWLER,Downloaded CSV batch on 2026-09-12; normalized site was not present in the base workbook | scraping ease: Moderate | add as a new scrape target and crawler-creation candidate
JERO,singapore,202.0,FNB_MIXED,PENDING,singapore_biggo_sg,https://biggo.sg/,biggo.sg,P2 - queue / NEEDS-CUSTOM-CRAWLER,Downloaded CSV batch on 2026-09-12; normalized site was not present in the base workbook | scraping ease: Easy | add as a new scrape target and crawler-creation candidate
JERO,singapore,202.0,FNB_MIXED,PENDING,singapore_pricetrackersg,https://www.pricetrackersg.com/,pricetrackersg.com,P2 - queue / NEEDS-CUSTOM-CRAWLER,Downloaded CSV batch on 2026-09-12; normalized site was not present in the base workbook | scraping ease: Moderate | add as a new scrape target and crawler-creation candidate
JERO,(CM),,FNB_MIXED,LAST_TRY_FAILED,mtn.cm,,nan,PARTIAL / PARSE-FAILED,"Reachable, HTTP 200, but not extractable without more work (not a hard block — don't re-probe blind, but don't write off either) — both reachable with no WAF (`curl_cffi` 200 straight off). Orange's `/fr/catalogue/forfaits-voix-et-sms.html` page, however, renders as a near-empty megamenu shell in raw HTML (one stray ""FCFA"" mention, no price table) — the real bundle grid is populated client-side (Adobe-Commerce/Magento-flavoured storefront judging by the URL shape) and was not sniffed this pass; MTN's site was not probed past the homepage nav (`/offers/mobile-internet-2/`, `/offers/mtn-prestige-bundles/` links exist but weren't opened). Not pursued further this pass once `ins_cameroun_cpi` cleared the ""3 more sources"" bar on the first try; worth a real pass later with a Playwright network capture on the Orange bundle pages (same ""Playwright to discover, plain HTTP to scrape"" pattern as elsewhere in this file) or on MTN's offer pages directly."
JERO,(FJ),,FNB_MIXED,LAST_TRY_FAILED,fccc.gov.fj,,nan,PARTIAL / PARSE-FAILED,"FCCC website — 403 on individual pages, PDF direct links accessible — page loads via curl (browser UA) but no price tables in server-rendered HTML; content appears JS-rendered (WordPress shortcode). Price data may be in linked PDFs not indexed on /petroleum/ or /gas/ pages."
JERO,(GD),,FNB_MIXED,LAST_TRY_FAILED,grenadagrocer.com,,nan,SKIP / NO-PRICES-ONLINE,"Placeholder / seed demo-data catalog (real API, no real prices) — `<title>Grenada Grocer – Site Description</title>` is itself a tell (default WP-import placeholder title, never replaced). WooCommerce Store API (`?rest_route=/wc/store/v1/products`) is genuinely live and unauthenticated, but the first 6 of 20 sampled products are non-grocery WooCommerce-Bookings-addon demo services at a flat `$1` USD (""Rent Your Dream Car for Single Day long tour"", ""Medical & Dental"", ""Music Learning Online"", ""Repair service Booking Online"", ""Car Wash"", ""Hair Cut Salon Booking"") — booking-plugin seed/demo data, not a real service menu. The remaining ~14 are real-looking imported pantry SKUs (Ziyad Dates, Waitrose Green Peppercorn, Cortas Tahina, Near East Taboule) at plausible USD-cent prices, but the mix with unmistakable demo-import junk (and a currency of USD, not XCD) reads as an unlaunched or abandoned WooCommerce install seeded from a generic dropship/import product feed, not a store actually trading in Grenada. Do not build."
JERO,(KY),,FNB_MIXED,LAST_TRY_FAILED,api.freshop.ncrcloud.com,,nan,RETRY / WAF/BOT-BLOCK,"CDN connection-reset at TCP layer (`ERR_CONNECTION_RESET`) — a plain `skip=N` paging walk (this host DOES honor `skip` for these tenants, unlike WalterMart above) starts returning `400 {""error_code"":429}` after an inconsistent number of successful pages (observed onset at page ~2, ~23, ~37, ~56 across separate runs on the SAME spider/settings) — i.e. the trip point is not a deterministic function of this spider's own request rate. Self-heals given enough elapsed time (a direct re-probe of a failing `skip` value succeeded ~60s later with nothing else changed). Strong circumstantial evidence this is a budget **shared across concurrently-running agents hitting this one host from the same outbound IP**, not a per-tenant or per-request-rate limit: onset got *worse* run over run while other wave-9 agents were independently running collects in the same shared checkout (confirmed via `logs/prices/_runs/` timestamps from an unrelated Sierra Leone telecom fetcher landing seconds apart). Mitigation that helps but does not fully solve it: `CONCURRENT_REQUESTS_PER_DOMAIN: 1`, flat `DOWNLOAD_DELAY` (not AutoThrottle — see next bullet), high `RETRY_TIMES` with `400` added to `RETRY_HTTP_CODES`. No mitigation found that guarantees a full-catalog crawl compl"
JERO,(SD),,FNB_MIXED,LAST_TRY_FAILED,alburujmarket.com,,nan,SKIP / DEAD-SITE,"Unreachable / no online storefront exists (dead candidate, not a WAF) — `dig alburujmarket.com @1.1.1.1` and `@8.8.8.8` both return `NXDOMAIN`; the domain has no DNS record at all despite the Facebook page actively pointing customers to it. Closes out the ""Alburuj Market"" lead flagged as not-yet-probed in the wave-8 Sudan pass."
JERO,(ST),,FNB_MIXED,LAST_TRY_FAILED,enco.st,,nan,SKIP / NO-PRICES-ONLINE,"App-only / no scrapeable web catalogue — the customer-facing site (Vite SPA) is real and live, and its backend API (`encoserver.exportech.com.pt`) is behind a JS ""checking your browser"" proof-of-work interstitial that beats `curl_cffi` on chrome124/chrome120/safari17_0/chrome99/chrome131 — but clears fine under a real Playwright-driven Chromium (mandatory gate: only curl failed, so this is NOT recorded as a hard WAF block). Once past the challenge the API returns exactly 1 product (a Galp motor-oil lubricant) with no price field in its schema at all (title/shortDesc/html/image/category/tags only) and exactly 1 category. The site's `/servicos.html` page confirms ENCO publishes storage CAPACITY (m3 of gasoline/diesel/JET-A1 held, filling-station counts), never retail pump prices — administered fuel prices are not published anywhere on this domain. Structural absence of price data, not a technical block."
JERO,(TD/CG/GW/NE),,FNB_MIXED,LAST_TRY_FAILED,jumia.cg,,nan,RETRY / DEAD-SITE,"Unreachable / no online storefront exists (dead candidate, not a WAF) — all four country-TLD Jumia domains return a Cloudflare ""Just a moment…"" interstitial (HTTP 403, `cf-mgmt`-style challenge page), which reads as a squatted/reserved domain rather than live Jumia storefront infrastructure — Jumia's current active market list (~8-9 countries: Nigeria, Ivory Coast, Kenya, Ghana, Senegal, Uganda, Morocco, Egypt, Algeria) does not include any of these four. Not re-probed with Playwright since the underlying fact (no Jumia operation in-country) would not change."
JERO,namibia,,FNB_MIXED,PENDING,namibia_buynamib,https://buynamib.com/,buynamib.com,P2 - queue / NEEDS-CUSTOM-CRAWLER,Downloaded CSV batch on 2026-09-12; normalized site was not present in the base workbook | scraping ease: Easy | add as a new scrape target and crawler-creation candidate
JERO,namibia,,FNB_MIXED,PENDING,namibia_nambuy,https://nambuy.com/,nambuy.com,P2 - queue / NEEDS-CUSTOM-CRAWLER,Downloaded CSV batch on 2026-09-12; normalized site was not present in the base workbook | scraping ease: Easy | add as a new scrape target and crawler-creation candidate
JERO,namibia,,FNB_MIXED,PENDING,namibia_smartguds,https://www.smartguds.com/,smartguds.com,P2 - queue / NEEDS-CUSTOM-CRAWLER,Downloaded CSV batch on 2026-09-12; normalized site was not present in the base workbook | scraping ease: Easy | add as a new scrape target and crawler-creation candidate
JERO,namibia,,FNB_MIXED,PENDING,namibia_ubuy_na,https://www.ubuy.co.na/,ubuy.co.na,P2 - queue / NEEDS-CUSTOM-CRAWLER,Downloaded CSV batch on 2026-09-12; normalized site was not present in the base workbook | scraping ease: Moderate | add as a new scrape target and crawler-creation candidate
JERO,namibia,,FNB_MIXED,PENDING,namibia_kalaharicart_store,https://kalaharicart.store/,kalaharicart.store,P2 - queue / NEEDS-CUSTOM-CRAWLER,Downloaded CSV batch on 2026-09-12; normalized site was not present in the base workbook | scraping ease: Easy | add as a new scrape target and crawler-creation candidate
JERO,eswatini,3.0,UNKNOWN,LAST_TRY_FAILED,hausbarber_crownhaus,https://www.hausbarber.com/,hausbarber.com,SKIP / EMPTY-CATALOG,Generated as a crawler-ready manifest by Will's 2026-09-11 handover but it fails the enumerability gate on live probe (EMPTY-CATALOG). Not merged into configs: a manifest that cannot enumerate returns zero rows forever.
JERO,eswatini,3.0,UNKNOWN,LAST_TRY_FAILED,primedigital_services,https://primedigital.co.sz/product/website-start/,primedigital.co.sz,SKIP / CHILD-TASK-BLOCKED,Will's 2026-09-11 handover classified this blocked or not viable. Not re-probed here.
JERO,south_sudan,14.0,UNKNOWN,LAST_TRY_FAILED,opensooq_sudan_not_ss,https://sd.opensooq.com/,sd.opensooq.com,SKIP / CHILD-TASK-BLOCKED,Will's 2026-09-11 handover classified this blocked or not viable. Not re-probed here.
JERO,marshall_islands,17.0,UNKNOWN,LAST_TRY_FAILED,sunniesstudios_marshall,https://sunniesstudios.com/products/marshall,sunniesstudios.com,SKIP / CHILD-TASK-BLOCKED,Will's 2026-09-11 handover classified this blocked or not viable. Not re-probed here.
JERO,kiribati,20.0,UNKNOWN,LAST_TRY_FAILED,redbubble_kiribati_mug,https://www.redbubble.com/i/mug/Kiribati-by-romeobravado/51079837.9Q0AD,redbubble.com,SKIP / CHILD-TASK-BLOCKED,Will's 2026-09-11 handover classified this blocked or not viable. Not re-probed here.
JERO,kiribati,20.0,UNKNOWN,LAST_TRY_FAILED,volcanic_earth_near_pacific,https://www.volcanicearth.com.au/gift.html,volcanicearth.com.au,SKIP / CHILD-TASK-BLOCKED,Will's 2026-09-11 handover classified this blocked or not viable. Not re-probed here.
JERO,sierra_leone,21.0,UNKNOWN,LAST_TRY_FAILED,foreign_global_eyewear_sites,https://moscot.com/en-tm/products/telena-w-blue-light-filter,moscot.com,SKIP / CHILD-TASK-BLOCKED,Will's 2026-09-11 handover classified this blocked or not viable. Not re-probed here.
JERO,guinea,27.0,UNKNOWN,PENDING,BraPrime,https://www.braprime.com/,braprime.com,P1 - build now / ACCEPT,"Candidate found in the 2026-08-31 sourcing round, never built. build_tier=not scored; scrapability=nan; class=Custom"
JERO,guinea,27.0,UNKNOWN,PENDING,Monmarche Guinee,https://monmarchegn.com/,monmarchegn.com,P1 - build now / SUSPECT,"Candidate found in the 2026-08-31 sourcing round, never built. build_tier=not scored; scrapability=nan; class=Custom"
JERO,guinea,27.0,UNKNOWN,PENDING,Supermarche Bel Air,https://belair.gn/,belair.gn,P1 - build now / SUSPECT,"Candidate found in the 2026-08-31 sourcing round, never built. build_tier=not scored; scrapability=nan; class=Custom"
JERO,guinea,27.0,UNKNOWN,LAST_TRY_FAILED,galaxiecom_gn,https://galaxiecom.com/,galaxiecom.com,SKIP / CHILD-TASK-BLOCKED,Will's 2026-09-11 handover classified this blocked or not viable. Not re-probed here.
JERO,sudan,36.0,UNKNOWN,PENDING,Talabaty,https://mytalabaty.com/,mytalabaty.com,P2 - queue / SUSPECT,"Candidate found in the 2026-08-31 sourcing round, never built. build_tier=not scored; scrapability=nan; class=Custom"
JERO,iceland,43.0,UNKNOWN,PENDING,Bonus,https://bonus.is/,bonus.is,P2 - queue / ACCEPT,"Candidate found in the 2026-08-31 sourcing round, never built. build_tier=C - engineering required; scrapability=3.0; class=Custom"
JERO,yemen,46.0,UNKNOWN,PENDING,Bazzarry Sanaa,https://sanaa.bazzarry.com/,sanaa.bazzarry.com,P2 - queue / ACCEPT,"Candidate found in the 2026-08-31 sourcing round, never built. build_tier=not scored; scrapability=nan; class=Custom"
JERO,belize,60.0,UNKNOWN,PENDING,Brodies Belize,https://brodiesbelize.com/,brodiesbelize.com,P2 - queue / SUSPECT,"Candidate found in the 2026-08-31 sourcing round, never built. build_tier=not scored; scrapability=nan; class=WordPress/WooCommerce"
JERO,benin,78.0,UNKNOWN,PENDING,Erevan Benin,https://erevan.bj/,erevan.bj,P2 - queue / SUSPECT,"Candidate found in the 2026-08-31 sourcing round, never built. build_tier=not scored; scrapability=nan; class=WordPress/WooCommerce"
JERO,togo,79.0,UNKNOWN,PENDING,Lotie,https://lotieapp.com/,lotieapp.com,P2 - queue / SUSPECT,"Candidate found in the 2026-08-31 sourcing round, never built. build_tier=not scored; scrapability=nan; class=Custom"
JERO,france,107.0,UNKNOWN,PENDING,Monoprix,https://www.monoprix.fr/,monoprix.fr,P3 - backlog / SUSPECT,"Candidate found in the 2026-08-31 sourcing round, never built. build_tier=D - hard / app / index only; scrapability=2.0; class=Custom/Enterprise"
JERO,cabo_verde,112.0,UNKNOWN,PENDING,Calu & Angela,https://caluangela.cv/,caluangela.cv,P2 - queue / SUSPECT,"Candidate found in the 2026-08-31 sourcing round, never built. build_tier=not scored; scrapability=nan; class=WordPress/WooCommerce"
JERO,italy,127.0,UNKNOWN,PENDING,Conad,https://spesaonline.conad.it/,spesaonline.conad.it,P2 - queue / ACCEPT,"Candidate found in the 2026-08-31 sourcing round, never built. build_tier=C - engineering required; scrapability=3.0; class=Custom"
JERO,italy,127.0,UNKNOWN,PENDING,Coop Shop / Ipercoop,https://www.coopshop.it/,coopshop.it,P2 - queue / ACCEPT,"Candidate found in the 2026-08-31 sourcing round, never built. build_tier=C - engineering required; scrapability=3.0; class=Custom"
JERO,italy,127.0,UNKNOWN,PENDING,Eurospin,https://www.eurospin.it/,eurospin.it,P2 - queue / ACCEPT,"Candidate found in the 2026-08-31 sourcing round, never built. build_tier=C - engineering required; scrapability=3.0; class=Custom"
JERO,italy,127.0,UNKNOWN,PENDING,Sezamo.it,https://www.sezamo.it/,sezamo.it,P1 - build now / ACCEPT,"Candidate found in the 2026-08-31 sourcing round, never built. build_tier=B - moderate effort; scrapability=4.0; class=Custom (Rohlik stack)"
JERO,croatia,134.0,UNKNOWN,PENDING,Kaufland Croatia,https://www.kaufland.hr/,kaufland.hr,P3 - backlog / SUSPECT,"Candidate found in the 2026-08-31 sourcing round, never built. build_tier=D - hard / app / index only; scrapability=2.0; class=Custom/Enterprise"
JERO,croatia,134.0,UNKNOWN,PENDING,Lidl Croatia,https://www.lidl.hr/,lidl.hr,P3 - backlog / SUSPECT,"Candidate found in the 2026-08-31 sourcing round, never built. build_tier=D - hard / app / index only; scrapability=2.0; class=Custom/Enterprise"
JERO,portugal,139.0,UNKNOWN,PENDING,Intermarche Portugal,https://www.intermarche.pt/,intermarche.pt,P2 - queue / ACCEPT,"Candidate found in the 2026-08-31 sourcing round, never built. build_tier=C - engineering required; scrapability=3.0; class=Custom"
JERO,portugal,139.0,UNKNOWN,PENDING,Lidl Portugal,https://www.lidl.pt/,lidl.pt,P3 - backlog / SUSPECT,"Candidate found in the 2026-08-31 sourcing round, never built. build_tier=D - hard / app / index only; scrapability=2.0; class=Custom/Enterprise"
JERO,portugal,139.0,UNKNOWN,PENDING,Minipreco (Dia),https://www.minipreco.pt/,minipreco.pt,P2 - queue / ACCEPT,"Candidate found in the 2026-08-31 sourcing round, never built. build_tier=C - engineering required; scrapability=3.0; class=Custom"
JERO,senegal,144.0,UNKNOWN,PENDING,Exclusif (Casino Senegal),https://exclusif.sn/,exclusif.sn,P2 - queue / SUSPECT,"Candidate found in the 2026-08-31 sourcing round, never built. build_tier=C - engineering required; scrapability=3.0; class=Custom"
JERO,slovenia,144.0,UNKNOWN,PENDING,Pametno.si,https://pametno.si/,pametno.si,P2 - queue / ACCEPT,"Candidate found in the 2026-08-31 sourcing round, never built. build_tier=C - engineering required; scrapability=3.0; class=Custom"
JERO,serbia,146.0,UNKNOWN,PENDING,Mercator Serbia,https://www.mercator.rs/,mercator.rs,P2 - queue / SUSPECT,"Candidate found in the 2026-08-31 sourcing round, never built. build_tier=not scored; scrapability=nan; class=Custom"
JERO,serbia,146.0,UNKNOWN,PENDING,Pametno.rs,https://pametno.rs/,pametno.rs,P2 - queue / ACCEPT,"Candidate found in the 2026-08-31 sourcing round, never built. build_tier=C - engineering required; scrapability=3.0; class=Custom"
JERO,serbia,146.0,UNKNOWN,PENDING,Roda,https://roda.rs/,roda.rs,P2 - queue / ACCEPT,"Candidate found in the 2026-08-31 sourcing round, never built. build_tier=not scored; scrapability=nan; class=Custom"
JERO,netherlands,159.0,UNKNOWN,PENDING,Crisp,https://crisp.nl/,crisp.nl,P2 - queue / ACCEPT,"Candidate found in the 2026-08-31 sourcing round, never built. build_tier=C - engineering required; scrapability=3.0; class=Custom"
JERO,romania,160.0,UNKNOWN,PENDING,Profi,https://www.profi.ro/,profi.ro,P2 - queue / ACCEPT,"Candidate found in the 2026-08-31 sourcing round, never built. build_tier=C - engineering required; scrapability=3.0; class=Custom"
JERO,egypt,191.0,UNKNOWN,PENDING,Kazyon,https://kazyon.com/,kazyon.com,P2 - queue / ACCEPT,"Candidate found in the 2026-08-31 sourcing round, never built. build_tier=C - engineering required; scrapability=3.0; class=Custom"
JERO,(GW),,UNKNOWN,LAST_TRY_FAILED,casaalberto.com,,nan,SKIP / DEAD-SITE,"Unreachable / no online storefront exists (dead candidate, not a WAF) — resolves 200 but is a bare client-side JS redirect stub (`window.location.href=""/lander""`) with no content — parked domain."
JERO,(HN),,UNKNOWN,LAST_TRY_FAILED,lacolonia.com,,nan,RETRY / DEAD-SITE,"Unreachable / no online storefront exists (dead candidate, not a WAF) — re-checked for El Salvador coverage per the wave-10 SV brief's instruction (""La Colonia is Honduran; check whether it trades in SV before counting it""). The live site has zero mentions of ""El Salvador"", ""San Salvador"", or any Salvadoran city/branch — Honduras-only (Tegucigalpa + San Pedro Sula). Does not count toward El Salvador."
JERO,(KR),,UNKNOWN,LAST_TRY_FAILED,auction.co.kr,,nan,SKIP / WAF/BOT-BLOCK,Cloudflare strict (curl + Playwright both 403) — 403 on root and category.
JERO,(ML),,UNKNOWN,LAST_TRY_FAILED,ikasougou.com,,nan,RETRY / DEAD-SITE,"Unreachable / no online storefront exists (dead candidate, not a WAF) — resolves (45.95.182.190) but `curl_cffi impersonate=chrome124` fails with `TLSV1_ALERT_INTERNAL_ERROR`. Not re-probed with `chrome120`/`safari17_0` this pass."
JERO,(MP),,UNKNOWN,LAST_TRY_FAILED,cnmicommerce.com,,nan,SKIP / GEO-BLOCKED,"RE-PROBE WORTH IT: recorded before 2026-08-17, when a bare-curl 403 was still read as a block. CDNs fingerprint the TLS handshake, not the User-Agent, so try curl_cffi impersonate before skipping. Country-wide IP-fence cohort (HTTP 403 from non-target IPs, likely fine in-country) — HTTP 403 from all four hostnames, Cloudflare-fronted, branded page reads ""cannot access this website due to your location, network, or connection."" No newer non-`ver1` host exists (all four checked, all 403). Worked around for `cnmi_cpi.yaml` by falling back to the Wayback Machine mirror (captured as recently as 2025-11-10, full history back to 2003 Q1) — direct fetch is still attempted first in case the production run's own egress IP has access."
JERO,(MZ),,UNKNOWN,LAST_TRY_FAILED,krolyc.co.mz,,nan,SKIP / WAF/BOT-BLOCK,"Cloudflare interactive challenge (`cf-mitigated: challenge`) — `curl_cffi impersonate` 403 across `chrome124`/`chrome120`/`safari17_0`/`chrome99` (Cloudflare `cf-ray`, `__cf_bm` cookie set); headless Playwright confirms a real Turnstile challenge (`<title>Just a moment...</title>`, CSP referencing `challenges.cloudflare.com`), not a TLS-fingerprint false positive. Both levers fail per the mandatory gate — genuine block."
JERO,(PR),,UNKNOWN,LAST_TRY_FAILED,econotogo.com,,nan,PARTIAL / PARSE-FAILED,"API requires dynamic security key / JWT — third confirmed instance of the same LocalExpress platform and gate: anonymous JWT obtainable via `GET /rest-proxy/v2/whoami?anonymous=1` (`selectedStore: null`), but `/rest-proxy/v2/stores`, `/departments`, and `/products` all 404 without a store/address selected first, and there's no way to select one without running the JS app. Same shape as the Barbados and Grenada entries above — cracking one LocalExpress tenant's address-selection flow would likely unlock all three."
JERO,(QA),,UNKNOWN,LAST_TRY_FAILED,almeera.com.qa,,nan,RETRY / JS-REQUIRED,"SPA shell — no productive endpoint (lazy-load never hydrates) — Vite/Vue PWA shell (`<div id=""app""></div>`, `env-config.js` is a local-dev stub not the real runtime config); the main JS bundle is minified enough that grepping for `VITE_API` / `window.__ENV__.*` finds nothing, so the real API base couldn't be recovered without a network trace. No Playwright available this session. Worth a dedicated Playwright-discover pass — the domain itself resolves and serves 200 (unlike Ramez/KM Trading below)."
JERO,(SB),,UNKNOWN,LAST_TRY_FAILED,statistics.gov.sb,,nan,SKIP / WAF/BOT-BLOCK,"RE-PROBE WORTH IT: recorded before 2026-08-17, when a bare-curl 403 was still read as a block. CDNs fingerprint the TLS handshake, not the User-Agent, so try curl_cffi impersonate before skipping. Imunify360 bot-protection (415 Unsupported Media Type on REST API) — Imunify360 on all `wp-json/` calls; 415 with access-denied message. PDF direct downloads also 415 from non-SB IPs. Workaround: Wayback WP JSON API (https://web.archive.org/web/2025/https://statistics.gov.sb/wp-json/...) returns posts without bot challenge; Wayback PDF download works."
JERO,(VU),,UNKNOWN,LAST_TRY_FAILED,abm.vu,,nan,SKIP / DEAD-SITE,"RE-PROBE WORTH IT: recorded before 2026-08-17, when a bare-curl 403 was still read as a block. CDNs fingerprint the TLS handshake, not the User-Agent, so try curl_cffi impersonate before skipping. Placeholder / offline sites — no content (Vanuatu) — ECONNREFUSED on direct fetch. Corporate domain; aubonmarche.co is the active site (brochure-only, see below)."
WILLIAM,guinea_bissau,1.0,FNB_LIKELY,LAST_TRY_FAILED,academusfdb_old_canteen_accounts,https://academusfdb.blogspot.com/,academusfdb.blogspot.com,SKIP / CHILD-TASK-BLOCKED,Will's 2026-09-11 handover classified this blocked or not viable. Not re-probed here.
WILLIAM,guinea_bissau,1.0,FNB_LIKELY,LAST_TRY_FAILED,bissau7ven_gw,https://bissau7ven.com/,bissau7ven.com,SKIP / CHILD-TASK-BLOCKED,Will's 2026-09-11 handover classified this blocked or not viable. Not re-probed here.
WILLIAM,guinea_bissau,1.0,FNB_LIKELY,LAST_TRY_FAILED,cexfinder_gw_crypto_fees,https://cexfinder.com/country/guinea-bissau/,cexfinder.com,SKIP / CHILD-TASK-BLOCKED,Will's 2026-09-11 handover classified this blocked or not viable. Not re-probed here.
WILLIAM,guinea_bissau,1.0,FNB_LIKELY,LAST_TRY_FAILED,mercado_gratis_gw,https://mercado.gratis/pt,mercado.gratis,SKIP / CHILD-TASK-BLOCKED,Will's 2026-09-11 handover classified this blocked or not viable. Not re-probed here.
WILLIAM,guinea_bissau,1.0,FNB_LIKELY,LAST_TRY_FAILED,nyumbakweli_test_product,https://nyumbakweli.com/en/product/test-product/,nyumbakweli.com,SKIP / CHILD-TASK-BLOCKED,Will's 2026-09-11 handover classified this blocked or not viable. Not re-probed here.
WILLIAM,guinea_bissau,1.0,FNB_LIKELY,LAST_TRY_FAILED,sentur_gw_erp_marketing,https://sentur.net/GW,sentur.net,SKIP / CHILD-TASK-BLOCKED,Will's 2026-09-11 handover classified this blocked or not viable. Not re-probed here.
WILLIAM,guinea_bissau,1.0,FNB_LIKELY,LAST_TRY_FAILED,sunuachat_senegal_not_gw,https://www.sunuachat.com/pt/,sunuachat.com,SKIP / CHILD-TASK-BLOCKED,Will's 2026-09-11 handover classified this blocked or not viable. Not re-probed here.
WILLIAM,guinea_bissau,1.0,FNB_LIKELY,PENDING,amatlgb_gw,https://www.amatlgb.com/produtos,amatlgb.com,P3 - queue / NEEDS-REVIEW,"Will's 2026-09-11 handover flagged this ambiguous (country, currency or price-surface unclear). Needs manual review before any scaffolding."
WILLIAM,guinea_bissau,1.0,FNB_LIKELY,PENDING,cashew_base_price_news_gw,https://radiobantaba.com/governo-aumenta-preco-base-da-castanha-de-caju-para-410-francos-cfa-por-quilograma/,radiobantaba.com,P3 - queue / NEEDS-REVIEW,"Will's 2026-09-11 handover flagged this ambiguous (country, currency or price-surface unclear). Needs manual review before any scaffolding."
WILLIAM,guinea_bissau,1.0,FNB_LIKELY,PENDING,conosaba_bandim_food_news,https://conosaba.blogspot.com/2023/12/festa-de-natal-utentes-queixam-se-de.html,conosaba.blogspot.com,P3 - queue / NEEDS-REVIEW,"Will's 2026-09-11 handover flagged this ambiguous (country, currency or price-surface unclear). Needs manual review before any scaffolding."
WILLIAM,guinea_bissau,1.0,FNB_LIKELY,PENDING,jornalnopintcha_food_cement_prices_2022,https://jornalnopintcha.gw/2022/11/11/governo-garante-colmatar-a-situacao-de-escassez-de-produtos/,jornalnopintcha.gw,P3 - queue / NEEDS-REVIEW,"Will's 2026-09-11 handover flagged this ambiguous (country, currency or price-surface unclear). Needs manual review before any scaffolding."
WILLIAM,guinea_bissau,1.0,FNB_LIKELY,PENDING,odemocratagb_cashew_2023,https://www.odemocratagb.com/?p=43780,odemocratagb.com,P3 - queue / NEEDS-REVIEW,"Will's 2026-09-11 handover flagged this ambiguous (country, currency or price-surface unclear). Needs manual review before any scaffolding."
WILLIAM,guinea_bissau,1.0,FNB_LIKELY,PENDING,stampera_guinea_bissau_stamps,https://stampera.eu/products/GB240117b1,stampera.eu,P3 - queue / NEEDS-REVIEW,"Will's 2026-09-11 handover flagged this ambiguous (country, currency or price-surface unclear). Needs manual review before any scaffolding."
WILLIAM,guinea_bissau,1.0,FNB_LIKELY,PENDING,guinea_bissau_compraexpress_app,https://compraexpress.app/,compraexpress.app,P2 - queue / NEEDS-CUSTOM-CRAWLER,Downloaded CSV batch on 2026-09-12; normalized site was not present in the base workbook | scraping ease: Moderate | add as a new scrape target and crawler-creation candidate
WILLIAM,syria,1.0,FNB_LIKELY,LAST_TRY_FAILED,souristore,https://souristore.com/shop/,souristore.com,SKIP / JSONDecodeError,Generated as a crawler-ready manifest by Will's 2026-09-11 handover but it fails the enumerability gate on live probe (JSONDecodeError). Not merged into configs: a manifest that cannot enumerate returns zero rows forever.
WILLIAM,syria,1.0,FNB_LIKELY,LAST_TRY_FAILED,byestore_sooqnaa,https://byestore.sooqnaa.com/ar,byestore.sooqnaa.com,SKIP / CHILD-TASK-BLOCKED,Will's 2026-09-11 handover classified this blocked or not viable. Not re-probed here.
WILLIAM,syria,1.0,FNB_LIKELY,PENDING,emarkabat,https://emarkabat.com/,emarkabat.com,P2 - queue / NEEDS-CUSTOM-CRAWLER,"Will's 2026-09-11 handover found price evidence but no standard platform API, so it needs a bespoke spider. Never built or live-tested."
WILLIAM,syria,1.0,FNB_LIKELY,PENDING,alsamara_net,https://www.alsamara.net/,alsamara.net,P3 - queue / NEEDS-REVIEW,"Will's 2026-09-11 handover flagged this ambiguous (country, currency or price-surface unclear). Needs manual review before any scaffolding."
WILLIAM,syria,1.0,FNB_LIKELY,PENDING,bzorya,https://bzorya.com/,bzorya.com,P3 - queue / NEEDS-REVIEW,"Will's 2026-09-11 handover flagged this ambiguous (country, currency or price-surface unclear). Needs manual review before any scaffolding."
WILLIAM,syria,1.0,FNB_LIKELY,PENDING,cars_sy,https://cars.sy/,cars.sy,P3 - queue / NEEDS-REVIEW,"Will's 2026-09-11 handover flagged this ambiguous (country, currency or price-surface unclear). Needs manual review before any scaffolding."
WILLIAM,syria,1.0,FNB_LIKELY,PENDING,damascus_now_economy_telegram,https://telegram.me/s/damascus_now_economy?q=%23%D8%A7%D9%84%D8%AE%D8%B6%D8%A7%D8%B1,telegram.me,P3 - queue / NEEDS-REVIEW,"Will's 2026-09-11 handover flagged this ambiguous (country, currency or price-surface unclear). Needs manual review before any scaffolding."
WILLIAM,syria,1.0,FNB_LIKELY,PENDING,hypernet_sy,https://hypernet.sy/%D9%84%D9%88%D8%A7%D8%A6%D8%AD-%D8%A7%D9%84%D8%A7%D8%B3%D8%B9%D8%A7%D8%B1/,hypernet.sy,P3 - queue / NEEDS-REVIEW,"Will's 2026-09-11 handover flagged this ambiguous (country, currency or price-surface unclear). Needs manual review before any scaffolding."
WILLIAM,syria,1.0,FNB_LIKELY,PENDING,infini_net,https://infini-net.com/packages,infini-net.com,P3 - queue / NEEDS-REVIEW,"Will's 2026-09-11 handover flagged this ambiguous (country, currency or price-surface unclear). Needs manual review before any scaffolding."
WILLIAM,syria,1.0,FNB_LIKELY,PENDING,itcpd_telegram,https://t.me/s/itcpd,t.me,P3 - queue / NEEDS-REVIEW,"Will's 2026-09-11 handover flagged this ambiguous (country, currency or price-surface unclear). Needs manual review before any scaffolding."
WILLIAM,syria,1.0,FNB_LIKELY,PENDING,s_3alndha_sooqnaa,https://3alndha.sooqnaa.com/ar,3alndha.sooqnaa.com,P3 - queue / NEEDS-REVIEW,"Will's 2026-09-11 handover flagged this ambiguous (country, currency or price-surface unclear). Needs manual review before any scaffolding."
WILLIAM,syria,1.0,FNB_LIKELY,PENDING,sawanhoney,https://sawanhoney.com/,sawanhoney.com,P3 - queue / NEEDS-REVIEW,"Will's 2026-09-11 handover flagged this ambiguous (country, currency or price-surface unclear). Needs manual review before any scaffolding."
WILLIAM,syria,1.0,FNB_LIKELY,PENDING,skynet_sy,https://www.skynet.sy/,skynet.sy,P3 - queue / NEEDS-REVIEW,"Will's 2026-09-11 handover flagged this ambiguous (country, currency or price-surface unclear). Needs manual review before any scaffolding."
WILLIAM,syria,1.0,FNB_LIKELY,PENDING,syria_bazar_cars,https://syria-bazar.com/category/cars,syria-bazar.com,P3 - queue / NEEDS-REVIEW,"Will's 2026-09-11 handover flagged this ambiguous (country, currency or price-surface unclear). Needs manual review before any scaffolding."
WILLIAM,liberia,2.0,FNB_LIKELY,PENDING,artstation_monrovia_asset,https://www.artstation.com/marketplace/p/ov69D/monrovia-liberia-20km,artstation.com,P2 - queue / NEEDS-CUSTOM-CRAWLER,"Will's 2026-09-11 handover found price evidence but no standard platform API, so it needs a bespoke spider. Never built or live-tested."
WILLIAM,liberia,2.0,FNB_LIKELY,PENDING,carliberia_spareparts,https://www.carliberia.com/en/spare_parts,carliberia.com,P2 - queue / NEEDS-CUSTOM-CRAWLER,"Will's 2026-09-11 handover found price evidence but no standard platform API, so it needs a bespoke spider. Never built or live-tested."
WILLIAM,liberia,2.0,FNB_LIKELY,PENDING,ekodii_liberia,https://ekodii.com/market/liberia,ekodii.com,P2 - queue / NEEDS-CUSTOM-CRAWLER,"Will's 2026-09-11 handover found price evidence but no standard platform API, so it needs a bespoke spider. Never built or live-tested."
WILLIAM,liberia,2.0,FNB_LIKELY,PENDING,liberiamarketplace_old,https://liberiamarketplace.com/category/phones-and-tablets?display=list,liberiamarketplace.com,P2 - queue / NEEDS-CUSTOM-CRAWLER,"Will's 2026-09-11 handover found price evidence but no standard platform API, so it needs a bespoke spider. Never built or live-tested."
WILLIAM,liberia,2.0,FNB_LIKELY,PENDING,ricebridge,https://www.ourricebridge.com/,ourricebridge.com,P2 - queue / NEEDS-CUSTOM-CRAWLER,"Will's 2026-09-11 handover found price evidence but no standard platform API, so it needs a bespoke spider. Never built or live-tested."
WILLIAM,liberia,2.0,FNB_LIKELY,PENDING,three_d_export_monrovia_asset,https://3dexport.com/3d-model-monrovia-city-liberia-20km-461662,3dexport.com,P2 - queue / NEEDS-CUSTOM-CRAWLER,"Will's 2026-09-11 handover found price evidence but no standard platform API, so it needs a bespoke spider. Never built or live-tested."
WILLIAM,liberia,2.0,FNB_LIKELY,PENDING,bestventure_liberia,https://bestventureliberia.com/,bestventureliberia.com,P3 - queue / NEEDS-REVIEW,"Will's 2026-09-11 handover flagged this ambiguous (country, currency or price-surface unclear). Needs manual review before any scaffolding."
WILLIAM,liberia,2.0,FNB_LIKELY,PENDING,libshop_net,https://www.libshop.net/,libshop.net,P3 - queue / NEEDS-REVIEW,"Will's 2026-09-11 handover flagged this ambiguous (country, currency or price-surface unclear). Needs manual review before any scaffolding."
WILLIAM,liberia,2.0,FNB_LIKELY,PENDING,makay_marketplace,https://makay-site.vercel.app/,makay-site.vercel.app,P3 - queue / NEEDS-REVIEW,"Will's 2026-09-11 handover flagged this ambiguous (country, currency or price-surface unclear). Needs manual review before any scaffolding."
WILLIAM,american_samoa,4.0,FNB_LIKELY,LAST_TRY_FAILED,america_s_national_parks_online_store_american_samoa_items,https://shop.americasnationalparks.org/products/american-samoa-trailblazer-patch,shop.americasnationalparks.org,SKIP / CHILD-TASK-BLOCKED,Will's 2026-09-11 handover classified this blocked or not viable. Not re-probed here.
WILLIAM,american_samoa,4.0,FNB_LIKELY,LAST_TRY_FAILED,anl_pacific_islands_baf_october_2026_news_summary,https://www.indexbox.io/blog/anl-announces-baf-revisions-for-pacific-islands-routes-from-october-2026/,indexbox.io,SKIP / CHILD-TASK-BLOCKED,Will's 2026-09-11 handover classified this blocked or not viable. Not re-probed here.
WILLIAM,american_samoa,4.0,FNB_LIKELY,LAST_TRY_FAILED,hikersbay_pago_pago_prices,https://hikersbay.com/prices/americansamoa/pagopago?lang=en,hikersbay.com,SKIP / CHILD-TASK-BLOCKED,Will's 2026-09-11 handover classified this blocked or not viable. Not re-probed here.
WILLIAM,american_samoa,4.0,FNB_LIKELY,LAST_TRY_FAILED,national_park_of_american_samoa_fees,https://home.nps.gov/npsa/planyourvisit/basicinfo.htm,home.nps.gov,SKIP / CHILD-TASK-BLOCKED,Will's 2026-09-11 handover classified this blocked or not viable. Not re-probed here.
WILLIAM,american_samoa,4.0,FNB_LIKELY,LAST_TRY_FAILED,numbeo_american_samoa_food_prices,https://www.numbeo.com/food-prices/country_result.jsp?country=American+Samoa,numbeo.com,SKIP / CHILD-TASK-BLOCKED,Will's 2026-09-11 handover classified this blocked or not viable. Not re-probed here.
WILLIAM,american_samoa,4.0,FNB_LIKELY,LAST_TRY_FAILED,realtor_com_pago_pago_housing_rental_market,https://www.realtor.com/local/market/american-samoa/eastern-county/pago-pago,realtor.com,SKIP / CHILD-TASK-BLOCKED,Will's 2026-09-11 handover classified this blocked or not viable. Not re-probed here.
WILLIAM,american_samoa,4.0,FNB_LIKELY,LAST_TRY_FAILED,samoa_pocket_guide_cost_of_food,https://samoapocketguide.com/the-cost-of-food-in-samoa-restaurant-grocery-prices,samoapocketguide.com,SKIP / CHILD-TASK-BLOCKED,Will's 2026-09-11 handover classified this blocked or not viable. Not re-probed here.
WILLIAM,american_samoa,4.0,FNB_LIKELY,PENDING,american_samoa_llc_filing_fees,https://llc.as.gov/american-samoa-legislation-llc/,llc.as.gov,P2 - queue / NEEDS-CUSTOM-CRAWLER,"Will's 2026-09-11 handover found price evidence but no standard platform API, so it needs a bespoke spider. Never built or live-tested."
WILLIAM,american_samoa,4.0,FNB_LIKELY,PENDING,prescription_eyewear_local_storefront,,nan,P2 - queue / NEEDS-CUSTOM-CRAWLER,"Will's 2026-09-11 handover found price evidence but no standard platform API, so it needs a bespoke spider. Never built or live-tested."
WILLIAM,american_samoa,4.0,FNB_LIKELY,PENDING,samoa_company_registration_fees,https://www.mcil.gov.ws/services/business-registration,mcil.gov.ws,P2 - queue / NEEDS-CUSTOM-CRAWLER,"Will's 2026-09-11 handover found price evidence but no standard platform API, so it needs a bespoke spider. Never built or live-tested."
WILLIAM,american_samoa,4.0,FNB_LIKELY,PENDING,samoa_government_business_license_fees,https://mygov.gov.ws/service/business-license/,mygov.gov.ws,P2 - queue / NEEDS-CUSTOM-CRAWLER,"Will's 2026-09-11 handover found price evidence but no standard platform API, so it needs a bespoke spider. Never built or live-tested."
WILLIAM,american_samoa,4.0,FNB_LIKELY,PENDING,samoa_post_letter_boxes,https://www.samoapost.ws/index.php/postal-services-guide/letter-boxes,samoapost.ws,P2 - queue / NEEDS-CUSTOM-CRAWLER,"Will's 2026-09-11 handover found price evidence but no standard platform API, so it needs a bespoke spider. Never built or live-tested."
WILLIAM,american_samoa,4.0,FNB_LIKELY,PENDING,usps_postal_explorer_american_samoa_domestic_mail_reference,https://pe.usps.com/text/Imm/immctry.htm,pe.usps.com,P2 - queue / NEEDS-CUSTOM-CRAWLER,"Will's 2026-09-11 handover found price evidence but no standard platform API, so it needs a bespoke spider. Never built or live-tested."
WILLIAM,gambia,5.0,FNB_LIKELY,LAST_TRY_FAILED,oneup_plaza,https://oneupplaza.com/shop/,oneupplaza.com,SKIP / Timeout,Generated as a crawler-ready manifest by Will's 2026-09-11 handover but it fails the enumerability gate on live probe (Timeout). Not merged into configs: a manifest that cannot enumerate returns zero rows forever.
WILLIAM,gambia,5.0,FNB_LIKELY,LAST_TRY_FAILED,tunka_eats,https://tunkaeats.com/,tunkaeats.com,SKIP / DNSError,Generated as a crawler-ready manifest by Will's 2026-09-11 handover but it fails the enumerability gate on live probe (DNSError). Not merged into configs: a manifest that cannot enumerate returns zero rows forever.
WILLIAM,gambia,5.0,FNB_LIKELY,LAST_TRY_FAILED,asm_market_store,https://asmmarket.store/index.html,asmmarket.store,SKIP / CHILD-TASK-BLOCKED,Will's 2026-09-11 handover classified this blocked or not viable. Not re-probed here.
WILLIAM,gambia,5.0,FNB_LIKELY,LAST_TRY_FAILED,corinna_soeller_shop,https://www.corinna-soeller.com/shop/,corinna-soeller.com,SKIP / CHILD-TASK-BLOCKED,Will's 2026-09-11 handover classified this blocked or not viable. Not re-probed here.
WILLIAM,gambia,5.0,FNB_LIKELY,LAST_TRY_FAILED,cover_story_ltd_gambia_stamps,https://www.coverstoryltd.com/shop.php?st=420,coverstoryltd.com,SKIP / CHILD-TASK-BLOCKED,Will's 2026-09-11 handover classified this blocked or not viable. Not re-probed here.
WILLIAM,gambia,5.0,FNB_LIKELY,LAST_TRY_FAILED,durunaru_global_stationery,https://www.durunaru.com/,durunaru.com,SKIP / CHILD-TASK-BLOCKED,Will's 2026-09-11 handover classified this blocked or not viable. Not re-probed here.
WILLIAM,gambia,5.0,FNB_LIKELY,LAST_TRY_FAILED,gambia_marketplace_legacy,https://gambiamarketplace.com/product-category/phones-accessories/smart-phones/,gambiamarketplace.com,SKIP / CHILD-TASK-BLOCKED,Will's 2026-09-11 handover classified this blocked or not viable. Not re-probed here.
WILLIAM,gambia,5.0,FNB_LIKELY,LAST_TRY_FAILED,gambiafarms_agrogambia,https://www.agrogambia.com/,agrogambia.com,SKIP / CHILD-TASK-BLOCKED,Will's 2026-09-11 handover classified this blocked or not viable. Not re-probed here.
WILLIAM,gambia,5.0,FNB_LIKELY,LAST_TRY_FAILED,gobexpress_shop,https://gobexpress.com/shop/,gobexpress.com,SKIP / CHILD-TASK-BLOCKED,Will's 2026-09-11 handover classified this blocked or not viable. Not re-probed here.
WILLIAM,gambia,5.0,FNB_LIKELY,LAST_TRY_FAILED,linsoul_gambia_currency_locale,https://www.linsoul.com/,linsoul.com,SKIP / CHILD-TASK-BLOCKED,Will's 2026-09-11 handover classified this blocked or not viable. Not re-probed here.
WILLIAM,gambia,5.0,FNB_LIKELY,LAST_TRY_FAILED,netflix_shop_gambia_locale,https://www.netflix.shop/en-gm/products/spellbound-flink-clear-tumbler,netflix.shop,SKIP / CHILD-TASK-BLOCKED,Will's 2026-09-11 handover classified this blocked or not viable. Not re-probed here.
WILLIAM,gambia,5.0,FNB_LIKELY,LAST_TRY_FAILED,pricegambia,https://pricegambia.com/,pricegambia.com,SKIP / CHILD-TASK-BLOCKED,Will's 2026-09-11 handover classified this blocked or not viable. Not re-probed here.
WILLIAM,gambia,5.0,FNB_LIKELY,LAST_TRY_FAILED,remit_choice_gambia_campaigns,https://www.remitchoice.com/offers-campaigns,remitchoice.com,SKIP / CHILD-TASK-BLOCKED,Will's 2026-09-11 handover classified this blocked or not viable. Not re-probed here.
WILLIAM,gambia,5.0,FNB_LIKELY,LAST_TRY_FAILED,shop_gambia_com,https://shop.gambia.com/,shop.gambia.com,SKIP / CHILD-TASK-BLOCKED,Will's 2026-09-11 handover classified this blocked or not viable. Not re-probed here.
WILLIAM,gambia,5.0,FNB_LIKELY,LAST_TRY_FAILED,touray_kunda_enterprise,https://touraykunda.gm/,touraykunda.gm,SKIP / CHILD-TASK-BLOCKED,Will's 2026-09-11 handover classified this blocked or not viable. Not re-probed here.
WILLIAM,gambia,5.0,FNB_LIKELY,LAST_TRY_FAILED,ubuy_gambia,https://www.ubuy.gm/,ubuy.gm,SKIP / CHILD-TASK-BLOCKED,Will's 2026-09-11 handover classified this blocked or not viable. Not re-probed here.
WILLIAM,gambia,5.0,FNB_LIKELY,LAST_TRY_FAILED,zazzle_gambia_products,https://www.zazzle.com/gambia_coffee_mug-168733765059717018,zazzle.com,SKIP / CHILD-TASK-BLOCKED,Will's 2026-09-11 handover classified this blocked or not viable. Not re-probed here.
WILLIAM,gambia,5.0,FNB_LIKELY,PENDING,binbin_designs,https://binbindesigns.com/,binbindesigns.com,P2 - queue / NEEDS-CUSTOM-CRAWLER,"Will's 2026-09-11 handover found price evidence but no standard platform API, so it needs a bespoke spider. Never built or live-tested."
WILLIAM,gambia,5.0,FNB_LIKELY,PENDING,desertcart_gambia,https://gambia.desertcart.com/,gambia.desertcart.com,P2 - queue / NEEDS-CUSTOM-CRAWLER,"Will's 2026-09-11 handover found price evidence but no standard platform API, so it needs a bespoke spider. Never built or live-tested."
WILLIAM,gambia,5.0,FNB_LIKELY,PENDING,penchami_marketplace,https://penchami.com/,penchami.com,P2 - queue / NEEDS-CUSTOM-CRAWLER,"Will's 2026-09-11 handover found price evidence but no standard platform API, so it needs a bespoke spider. Never built or live-tested."
WILLIAM,greenland,7.0,FNB_LIKELY,LAST_TRY_FAILED,pisiffik.gl,,nan,SKIP / DEAD-SITE,"Unreachable / no online storefront exists (dead candidate, not a WAF) — live PrestaShop storefront (confirmed platform, real product pages with EAN-coded SKUs), but its catalogue is mattresses, kitchenware, small electronics, furniture and toys (`boxmadrasser`, `køkkenredskaber`, `møbler`, `legetøj`) with only incidental wine/sparkling-wine categories (`hvidvin`, `mousserende-vin`) — this is Pisiffik's department-store/general-merchandise e-commerce arm, not its grocery/fresh-food business, and is not catalogue-led by COICOP 01/02. **brugseni.gl** (KNI/Brugseni, the other major chain) is a WordPress corporate site with a store-locator (`/butikker/`) and no webshop link anywhere. **pilersuisoq.gl** (the third, government-linked chain serving small settlements) is a brochure site with no shop link and no e-commerce platform fingerprint. `brugsen.gl` (no ""i"") has a certificate hostname mismatch and does not serve the real site. No genuine online grocery source found for Greenland this pass."
WILLIAM,greenland,7.0,FNB_LIKELY,LAST_TRY_FAILED,aknittersworld,https://www.aknittersworld.dk/kl/collections/qileriaqanngitsoq-garn,aknittersworld.dk,SKIP / HTTP-403,Generated as a crawler-ready manifest by Will's 2026-09-11 handover but it fails the enumerability gate on live probe (HTTP-403). Not merged into configs: a manifest that cannot enumerate returns zero rows forever.
WILLIAM,greenland,7.0,FNB_LIKELY,LAST_TRY_FAILED,jajja_gl,https://jajja.gl/,jajja.gl,SKIP / HTTP-401,Generated as a crawler-ready manifest by Will's 2026-09-11 handover but it fails the enumerability gate on live probe (HTTP-401). Not merged into configs: a manifest that cannot enumerate returns zero rows forever.
WILLIAM,greenland,7.0,FNB_LIKELY,LAST_TRY_FAILED,brugseni_gl,https://brugseni.gl/,brugseni.gl,SKIP / CHILD-TASK-BLOCKED,Will's 2026-09-11 handover classified this blocked or not viable. Not re-probed here.
WILLIAM,greenland,7.0,FNB_LIKELY,LAST_TRY_FAILED,pilersuisoq_gl,https://pilersuisoq.gl/,pilersuisoq.gl,SKIP / CHILD-TASK-BLOCKED,Will's 2026-09-11 handover classified this blocked or not viable. Not re-probed here.
WILLIAM,greenland,7.0,FNB_LIKELY,LAST_TRY_FAILED,shop_sumut_dk,https://shop.sumut.dk/,shop.sumut.dk,SKIP / CHILD-TASK-BLOCKED,Will's 2026-09-11 handover classified this blocked or not viable. Not re-probed here.
WILLIAM,greenland,7.0,FNB_LIKELY,PENDING,nuukeats,https://nuukeats.com/,nuukeats.com,P2 - queue / NEEDS-CUSTOM-CRAWLER,"Will's 2026-09-11 handover found price evidence but no standard platform API, so it needs a bespoke spider. Never built or live-tested."
WILLIAM,greenland,7.0,FNB_LIKELY,PENDING,ahb_nuuk,https://ahb.dk/restauranter/nuuk,ahb.dk,P3 - queue / NEEDS-REVIEW,"Will's 2026-09-11 handover flagged this ambiguous (country, currency or price-surface unclear). Needs manual review before any scaffolding."
WILLIAM,greenland,7.0,FNB_LIKELY,PENDING,aktivportalen_nuuk,https://aktivportalen.brnd.com/aktivportalen/svoemmehal-detaljer.html,aktivportalen.brnd.com,P3 - queue / NEEDS-REVIEW,"Will's 2026-09-11 handover flagged this ambiguous (country, currency or price-surface unclear). Needs manual review before any scaffolding."
WILLIAM,greenland,7.0,FNB_LIKELY,PENDING,geedo_gl,https://geedo.gl/,geedo.gl,P3 - queue / NEEDS-REVIEW,"Will's 2026-09-11 handover flagged this ambiguous (country, currency or price-surface unclear). Needs manual review before any scaffolding."
WILLIAM,greenland,7.0,FNB_LIKELY,PENDING,hotel_qaqortoq_menu,https://abcdocz.com/doc/3223738/se-vores-menu---hotel-qaqortoq,abcdocz.com,P3 - queue / NEEDS-REVIEW,"Will's 2026-09-11 handover flagged this ambiguous (country, currency or price-surface unclear). Needs manual review before any scaffolding."
WILLIAM,greenland,7.0,FNB_LIKELY,PENDING,majasoptik,https://majasoptik.gl/brilleglas/,majasoptik.gl,P3 - queue / NEEDS-REVIEW,"Will's 2026-09-11 handover flagged this ambiguous (country, currency or price-surface unclear). Needs manual review before any scaffolding."
WILLIAM,central_african_republic,10.0,FNB_LIKELY,PENDING,Fallback - WFP VAM,https://dataviz.vam.wfp.org/,dataviz.vam.wfp.org,P1 - build now / ACCEPT,"Candidate found in the 2026-08-31 sourcing round, never built. build_tier=not scored; scrapability=nan; class=Custom"
WILLIAM,central_african_republic,10.0,FNB_LIKELY,LAST_TRY_FAILED,e_kiosque_sodipresse,https://www.e-kiosque-sodipresse.com/fr/a-la-carte/hebdomadaire/,e-kiosque-sodipresse.com,SKIP / CHILD-TASK-BLOCKED,Will's 2026-09-11 handover classified this blocked or not viable. Not re-probed here.
WILLIAM,central_african_republic,10.0,FNB_LIKELY,LAST_TRY_FAILED,ferabeton_bangui_import,https://ferabeton.com/tube-carre-metal-bangui-centrafrique/,ferabeton.com,SKIP / CHILD-TASK-BLOCKED,Will's 2026-09-11 handover classified this blocked or not viable. Not re-probed here.
WILLIAM,central_african_republic,10.0,FNB_LIKELY,LAST_TRY_FAILED,mocaf_promotional_page,https://backupmocaf.sodepsi-digital.com/,backupmocaf.sodepsi-digital.com,SKIP / CHILD-TASK-BLOCKED,Will's 2026-09-11 handover classified this blocked or not viable. Not re-probed here.
WILLIAM,central_african_republic,10.0,FNB_LIKELY,LAST_TRY_FAILED,mooshfy_bangui_shopify_services,https://mooshfy.com/bangui/,mooshfy.com,SKIP / CHILD-TASK-BLOCKED,Will's 2026-09-11 handover classified this blocked or not viable. Not re-probed here.
WILLIAM,central_african_republic,10.0,FNB_LIKELY,LAST_TRY_FAILED,shafrik_car_ecommerce_platform,https://www.shafrik.com/pays/republique-centrafricaine,shafrik.com,SKIP / CHILD-TASK-BLOCKED,Will's 2026-09-11 handover classified this blocked or not viable. Not re-probed here.
WILLIAM,central_african_republic,10.0,FNB_LIKELY,PENDING,fafeca_marketplace,https://www.marketplace.fafeca.org/,marketplace.fafeca.org,P2 - queue / NEEDS-CUSTOM-CRAWLER,"Will's 2026-09-11 handover found price evidence but no standard platform API, so it needs a bespoke spider. Never built or live-tested."
WILLIAM,central_african_republic,10.0,FNB_LIKELY,PENDING,ekodii_central_african_republic,https://ekodii.com/market/central-african-republic,ekodii.com,P3 - queue / NEEDS-REVIEW,"Will's 2026-09-11 handover flagged this ambiguous (country, currency or price-surface unclear). Needs manual review before any scaffolding."
WILLIAM,central_african_republic,10.0,FNB_LIKELY,PENDING,central_african_republic_simbaonlineshopping,https://www.simbaonlineshopping.com/Default.aspx,simbaonlineshopping.com,P2 - queue / NEEDS-CUSTOM-CRAWLER,Downloaded CSV batch on 2026-09-12; normalized site was not present in the base workbook | scraping ease: Moderate | add as a new scrape target and crawler-creation candidate
WILLIAM,central_african_republic,10.0,FNB_LIKELY,PENDING,central_african_republic_selinawamucii,https://www.selinawamucii.com/insights/prices/central-african-republic/rice/,selinawamucii.com,P2 - queue / NEEDS-CUSTOM-CRAWLER,Downloaded CSV batch on 2026-09-12; normalized site was not present in the base workbook | scraping ease: Easy | add as a new scrape target and crawler-creation candidate
WILLIAM,palau,17.0,FNB_LIKELY,LAST_TRY_FAILED,blessing_flower_shop_koror,https://blessingflowershop.com/thank-you/koror-republic-of-palau-pw.html,blessingflowershop.com,SKIP / CHILD-TASK-BLOCKED,Will's 2026-09-11 handover classified this blocked or not viable. Not re-probed here.
WILLIAM,palau,17.0,FNB_LIKELY,LAST_TRY_FAILED,dipstop_market_koror_collection,https://dipstopmarket.com/collections/eap-koror,dipstopmarket.com,SKIP / CHILD-TASK-BLOCKED,Will's 2026-09-11 handover classified this blocked or not viable. Not re-probed here.
WILLIAM,palau,17.0,FNB_LIKELY,LAST_TRY_FAILED,getmyesim_palau_comparison,https://www.getmyesim.com/en/destinations/palau,getmyesim.com,SKIP / CHILD-TASK-BLOCKED,Will's 2026-09-11 handover classified this blocked or not viable. Not re-probed here.
WILLIAM,palau,17.0,FNB_LIKELY,LAST_TRY_FAILED,gift_baskets_overseas_palau,https://www.giftbasketsoverseas.com/palau/Koror,giftbasketsoverseas.com,SKIP / CHILD-TASK-BLOCKED,Will's 2026-09-11 handover classified this blocked or not viable. Not re-probed here.
WILLIAM,palau,17.0,FNB_LIKELY,LAST_TRY_FAILED,hybrid_saipan_palau_items,https://shopthehybrid.com/,shopthehybrid.com,SKIP / CHILD-TASK-BLOCKED,Will's 2026-09-11 handover classified this blocked or not viable. Not re-probed here.
WILLIAM,palau,17.0,FNB_LIKELY,LAST_TRY_FAILED,liveaboard_palau_aggressor_rentals,https://d2cz0wk7mo1cab.cloudfront.net/diving/micronesia/palau-aggressor-ii,d2cz0wk7mo1cab.cloudfront.net,SKIP / CHILD-TASK-BLOCKED,Will's 2026-09-11 handover classified this blocked or not viable. Not re-probed here.
WILLIAM,palau,17.0,FNB_LIKELY,LAST_TRY_FAILED,palau_2025_census_water_cost_microdata,https://microdata.pacificdata.org/index.php/catalog/888/variable/F6/V1080?name=water_cost,microdata.pacificdata.org,SKIP / CHILD-TASK-BLOCKED,Will's 2026-09-11 handover classified this blocked or not viable. Not re-probed here.
WILLIAM,palau,17.0,FNB_LIKELY,LAST_TRY_FAILED,palau_central_trading_online_gap,https://wanderlog.com/place/details/15836983/palau-central-trading-co,wanderlog.com,SKIP / CHILD-TASK-BLOCKED,Will's 2026-09-11 handover classified this blocked or not viable. Not re-probed here.
WILLIAM,palau,17.0,FNB_LIKELY,LAST_TRY_FAILED,palau_pharmacy_online_gap,https://www.auslandsapotheken.com/land/palau/,auslandsapotheken.com,SKIP / CHILD-TASK-BLOCKED,Will's 2026-09-11 handover classified this blocked or not viable. Not re-probed here.
WILLIAM,palau,17.0,FNB_LIKELY,LAST_TRY_FAILED,palau_wear_creatorspring,https://ungil-suelb-e-obekuk.creator-spring.com/accessories,ungil-suelb-e-obekuk.creator-spring.com,SKIP / CHILD-TASK-BLOCKED,Will's 2026-09-11 handover classified this blocked or not viable. Not re-probed here.
WILLIAM,palau,17.0,FNB_LIKELY,LAST_TRY_FAILED,payless_market_online_gap,https://evendo.com/locations/palau/koror-town/shop/payless-market,evendo.com,SKIP / CHILD-TASK-BLOCKED,Will's 2026-09-11 handover classified this blocked or not viable. Not re-probed here.
WILLIAM,palau,17.0,FNB_LIKELY,LAST_TRY_FAILED,polynesian_pride_palau_collection,https://www.polynesianpride.co/collections/palau,polynesianpride.co,SKIP / CHILD-TASK-BLOCKED,Will's 2026-09-11 handover classified this blocked or not viable. Not re-probed here.
WILLIAM,palau,17.0,FNB_LIKELY,LAST_TRY_FAILED,shop709_palau_approved_sunscreen,https://www.shop709.com/products/seavenger-ocean-kiss-sunscreen-spf-50-coral-reef-safe-anti-jellyfish-sting,shop709.com,SKIP / CHILD-TASK-BLOCKED,Will's 2026-09-11 handover classified this blocked or not viable. Not re-probed here.
WILLIAM,palau,17.0,FNB_LIKELY,PENDING,neco_marine_rates,https://www.necomarine.com/rates/,necomarine.com,P2 - queue / NEEDS-CUSTOM-CRAWLER,"Will's 2026-09-11 handover found price evidence but no standard platform API, so it needs a bespoke spider. Never built or live-tested."
WILLIAM,palau,17.0,FNB_LIKELY,PENDING,ocean_hunter_liveaboard_rentals,https://liveaboarddiving.net/OceanHunter3.html,liveaboarddiving.net,P2 - queue / NEEDS-CUSTOM-CRAWLER,"Will's 2026-09-11 handover found price evidence but no standard platform API, so it needs a bespoke spider. Never built or live-tested."
WILLIAM,palau,17.0,FNB_LIKELY,PENDING,west_deli_findglocal,https://www.findglocal.com/PW/Koror/157195065015638/Western-Caroline-Trading-Company,findglocal.com,P2 - queue / NEEDS-CUSTOM-CRAWLER,"Will's 2026-09-11 handover found price evidence but no standard platform API, so it needs a bespoke spider. Never built or live-tested."
WILLIAM,palau,17.0,FNB_LIKELY,PENDING,palaugov_pewa_documents,https://www.palaugov.pw/executive-branch/ministries/finance/pewa/,palaugov.pw,P3 - queue / NEEDS-REVIEW,"Will's 2026-09-11 handover flagged this ambiguous (country, currency or price-surface unclear). Needs manual review before any scaffolding."
WILLIAM,palau,17.0,FNB_LIKELY,PENDING,palau_bdeex,https://bdeex.com/price/palau/?type=eat,bdeex.com,P2 - queue / NEEDS-CUSTOM-CRAWLER,Downloaded CSV batch on 2026-09-12; normalized site was not present in the base workbook | scraping ease: Easy | add as a new scrape target and crawler-creation candidate
WILLIAM,korea_dem_peoples_rep,18.0,FNB_LIKELY,LAST_TRY_FAILED,nk_investment_development_dprk_market_price_chart_posts,https://www.nkid.co.kr/?act=board&bbs_code=sub4_1&bbs_mode=view&bbs_seq=93,nkid.co.kr,SKIP / CHILD-TASK-BLOCKED,Will's 2026-09-11 handover classified this blocked or not viable. Not re-probed here.
WILLIAM,korea_dem_peoples_rep,18.0,FNB_LIKELY,LAST_TRY_FAILED,nk_news_public_paywalled_articles_with_store_price_anecdotes,Example: https://www.nknews.org/2022/04/new-imported-goods-on-sale-at-pyongyang-shop-after-earlier-shortages-sources/,example: https://www.nknews.org/2022/04/new-imported-goods-on-sale-at-pyongyang-shop-after-earlier-shortages-sources/,SKIP / CHILD-TASK-BLOCKED,Will's 2026-09-11 handover classified this blocked or not viable. Not re-probed here.
WILLIAM,korea_dem_peoples_rep,18.0,FNB_LIKELY,LAST_TRY_FAILED,south_korean_u_s_and_diaspora_korean_retail_pages_surfaced_by_search,"Examples include SSG, Kurly, Hanpoom, Walmart","examples include ssg, kurly, hanpoom, walmart",SKIP / CHILD-TASK-BLOCKED,Will's 2026-09-11 handover classified this blocked or not viable. Not re-probed here.
WILLIAM,cote_divoire,20.0,FNB_LIKELY,PENDING,AfricMart,https://www.africmart.com/accueil/,africmart.com,P1 - build now / SUSPECT,"Candidate found in the 2026-08-31 sourcing round, never built. build_tier=not scored; scrapability=nan; class=WordPress/WooCommerce"
WILLIAM,cote_divoire,20.0,FNB_LIKELY,PENDING,Jumia CI epicerie,https://www.jumia.ci/epicerie/,jumia.ci,P1 - build now / ACCEPT,"Candidate found in the 2026-08-31 sourcing round, never built. build_tier=not scored; scrapability=nan; class=Custom"
WILLIAM,cote_divoire,20.0,FNB_LIKELY,PENDING,Playce / Carrefour CI,https://playce.ci/,playce.ci,P1 - build now / SUSPECT,"Candidate found in the 2026-08-31 sourcing round, never built. build_tier=not scored; scrapability=nan; class=Custom"
WILLIAM,cote_divoire,20.0,FNB_LIKELY,LAST_TRY_FAILED,afrimarket_quincaillerie,https://afrimarket.ci/diaspora/2583-quincaillerie,afrimarket.ci,SKIP / DNSError,Generated as a crawler-ready manifest by Will's 2026-09-11 handover but it fails the enumerability gate on live probe (DNSError). Not merged into configs: a manifest that cannot enumerate returns zero rows forever.
WILLIAM,cote_divoire,20.0,FNB_LIKELY,PENDING,monradar_ci,https://monradar.ci/category/electromenager,monradar.ci,P2 - queue / NEEDS-CUSTOM-CRAWLER,"Will's 2026-09-11 handover found price evidence but no standard platform API, so it needs a bespoke spider. Never built or live-tested."
WILLIAM,burkina_faso,21.0,FNB_LIKELY,PENDING,lmo_optique,https://www.lmo-optique.com/,lmo-optique.com,P2 - queue / NEEDS-CUSTOM-CRAWLER,"Will's 2026-09-11 handover found price evidence but no standard platform API, so it needs a bespoke spider. Never built or live-tested."
WILLIAM,burkina_faso,21.0,FNB_LIKELY,PENDING,zadebooks,https://zadebooks.com/,zadebooks.com,P2 - queue / NEEDS-CUSTOM-CRAWLER,"Will's 2026-09-11 handover found price evidence but no standard platform API, so it needs a bespoke spider. Never built or live-tested."
WILLIAM,burkina_faso,21.0,FNB_LIKELY,PENDING,burkina_faso_fasodata,https://fasodata.com/,fasodata.com,P2 - queue / NEEDS-CUSTOM-CRAWLER,Downloaded CSV batch on 2026-09-12; normalized site was not present in the base workbook | scraping ease: Moderate | add as a new scrape target and crawler-creation candidate
WILLIAM,burkina_faso,21.0,FNB_LIKELY,PENDING,burkina_faso_fasoranana,https://fasoranana.com/,fasoranana.com,P2 - queue / NEEDS-CUSTOM-CRAWLER,Downloaded CSV batch on 2026-09-12; normalized site was not present in the base workbook | scraping ease: Easy | add as a new scrape target and crawler-creation candidate
WILLIAM,burkina_faso,21.0,FNB_LIKELY,PENDING,burkina_faso_rialebf,https://rialebf.com/,rialebf.com,P2 - queue / NEEDS-CUSTOM-CRAWLER,Downloaded CSV batch on 2026-09-12; normalized site was not present in the base workbook | scraping ease: Easy | add as a new scrape target and crawler-creation candidate
WILLIAM,micronesia_fed_sts,28.0,FNB_LIKELY,LAST_TRY_FAILED,mouo_musings_bookshop,https://bookshop.org/shop/mouomusings,bookshop.org,SKIP / CHILD-TASK-BLOCKED,Will's 2026-09-11 handover classified this blocked or not viable. Not re-probed here.
WILLIAM,micronesia_fed_sts,28.0,FNB_LIKELY,LAST_TRY_FAILED,polynesian_co_micronesia,https://www.polynesian.co/collections/slide-sandals,polynesian.co,SKIP / CHILD-TASK-BLOCKED,Will's 2026-09-11 handover classified this blocked or not viable. Not re-probed here.
WILLIAM,solomon_islands,34.0,FNB_LIKELY,LAST_TRY_FAILED,desertcart_solomon,https://solomon.desertcart.com/,solomon.desertcart.com,SKIP / CHILD-TASK-BLOCKED,Will's 2026-09-11 handover classified this blocked or not viable. Not re-probed here.
WILLIAM,solomon_islands,34.0,FNB_LIKELY,LAST_TRY_FAILED,karcsham_starlink_solomon,https://karcsham.com/en/store/products/solomon-islands,karcsham.com,SKIP / CHILD-TASK-BLOCKED,Will's 2026-09-11 handover classified this blocked or not viable. Not re-probed here.
WILLIAM,burundi,37.0,FNB_LIKELY,PENDING,burundi_agriburundi_app,https://agriburundi.app/marketplace,agriburundi.app,P2 - queue / NEEDS-CUSTOM-CRAWLER,Downloaded CSV batch on 2026-09-12; normalized site was not present in the base workbook | scraping ease: Moderate | add as a new scrape target and crawler-creation candidate
WILLIAM,angola,38.0,FNB_LIKELY,PENDING,Hiperkupa,https://hiperkupa.ao/,hiperkupa.ao,P2 - queue / SUSPECT,"Candidate found in the 2026-08-31 sourcing round, never built. build_tier=not scored; scrapability=nan; class=Custom"
WILLIAM,angola,38.0,FNB_LIKELY,PENDING,Mena Mart,https://www.menamart-angola.com/,menamart-angola.com,P2 - queue / ACCEPT,"Candidate found in the 2026-08-31 sourcing round, never built. build_tier=not scored; scrapability=nan; class=Custom"
WILLIAM,angola,38.0,FNB_LIKELY,PENDING,angola_buitanda,https://www.buitanda.com/,buitanda.com,P2 - queue / NEEDS-CUSTOM-CRAWLER,Downloaded CSV batch on 2026-09-12; normalized site was not present in the base workbook | scraping ease: Easy | add as a new scrape target and crawler-creation candidate
WILLIAM,norway,43.0,FNB_LIKELY,PENDING,Coop Norge,https://coop.no/,coop.no,P2 - queue / ACCEPT,"Candidate found in the 2026-08-31 sourcing round, never built. build_tier=C - engineering required; scrapability=3.0; class=Custom"
WILLIAM,norway,43.0,FNB_LIKELY,PENDING,norway_prisjakten_no,https://prisjakten.no/,prisjakten.no,P2 - queue / NEEDS-CUSTOM-CRAWLER,Downloaded CSV batch on 2026-09-12; normalized site was not present in the base workbook | scraping ease: Easy | add as a new scrape target and crawler-creation candidate
WILLIAM,tuvalu,44.0,FNB_LIKELY,LAST_TRY_FAILED,ubuy_tuvalu,https://www.u-buy.tv/en/brand/ailang,u-buy.tv,SKIP / CHILD-TASK-BLOCKED,Will's 2026-09-11 handover classified this blocked or not viable. Not re-probed here.
WILLIAM,tuvalu,44.0,FNB_LIKELY,PENDING,tuvalu_post_stamps,https://stamps.tuvalupost.tv/shop,stamps.tuvalupost.tv,P3 - queue / NEEDS-REVIEW,"Will's 2026-09-11 handover flagged this ambiguous (country, currency or price-surface unclear). Needs manual review before any scaffolding."
WILLIAM,gabon,48.0,FNB_LIKELY,PENDING,Chap Chap Gabon,https://chapchapgabon.com/,chapchapgabon.com,P2 - queue / ACCEPT,"Candidate found in the 2026-08-31 sourcing round, never built. build_tier=not scored; scrapability=nan; class=Custom"
WILLIAM,gabon,48.0,FNB_LIKELY,PENDING,Malumbi,https://malumbi.com/,malumbi.com,P2 - queue / ACCEPT,"Candidate found in the 2026-08-31 sourcing round, never built. build_tier=not scored; scrapability=nan; class=PrestaShop"
WILLIAM,gabon,48.0,FNB_LIKELY,PENDING,SendMonTchop,https://sendmontchop.com/,sendmontchop.com,P2 - queue / SUSPECT,"Candidate found in the 2026-08-31 sourcing round, never built. build_tier=not scored; scrapability=nan; class=Custom"
WILLIAM,haiti,49.0,FNB_LIKELY,PENDING,Caribbean Supermarket SA,https://caribbeansupermarketsa.com/,caribbeansupermarketsa.com,P1 - build now / ACCEPT,"Candidate found in the 2026-08-31 sourcing round, never built. build_tier=not scored; scrapability=nan; class=Custom"
WILLIAM,haiti,49.0,FNB_LIKELY,PENDING,CompHaiti,https://comphaiti.com/,comphaiti.com,P1 - build now / Directory/report,"Candidate found in the 2026-08-31 sourcing round, never built. build_tier=C - engineering required; scrapability=nan; class=Electronics/IT retailer"
WILLIAM,haiti,49.0,FNB_LIKELY,PENDING,Delimart Haiti,https://delimarthaiti.com/,delimarthaiti.com,P1 - build now / ACCEPT,"Candidate found in the 2026-08-31 sourcing round, never built. build_tier=not scored; scrapability=nan; class=Custom"
WILLIAM,haiti,49.0,FNB_LIKELY,PENDING,Eagle Market,https://eaglemarket.ht/,eaglemarket.ht,P1 - build now / SUSPECT,"Candidate found in the 2026-08-31 sourcing round, never built. build_tier=not scored; scrapability=nan; class=WordPress/WooCommerce"
WILLIAM,haiti,49.0,FNB_LIKELY,PENDING,haiti_fenkparet,https://www.fenkparet.com/,fenkparet.com,P2 - queue / NEEDS-CUSTOM-CRAWLER,Downloaded CSV batch on 2026-09-12; normalized site was not present in the base workbook | scraping ease: Moderate | add as a new scrape target and crawler-creation candidate
WILLIAM,haiti,49.0,FNB_LIKELY,PENDING,haiti_ayizan_ht,https://ayizan.ht/,ayizan.ht,P2 - queue / NEEDS-CUSTOM-CRAWLER,Downloaded CSV batch on 2026-09-12; normalized site was not present in the base workbook | scraping ease: Easy | add as a new scrape target and crawler-creation candidate
WILLIAM,haiti,49.0,FNB_LIKELY,PENDING,haiti_konplekslakay,https://www.konplekslakay.com/,konplekslakay.com,P2 - queue / NEEDS-CUSTOM-CRAWLER,Downloaded CSV batch on 2026-09-12; normalized site was not present in the base workbook | scraping ease: Moderate | add as a new scrape target and crawler-creation candidate
WILLIAM,tanzania,56.0,FNB_LIKELY,PENDING,Jambo Supermarket,https://www.jambosupermarket.online/,jambosupermarket.online,P2 - queue / ACCEPT,"Candidate found in the 2026-08-31 sourcing round, never built. build_tier=not scored; scrapability=nan; class=Custom"
WILLIAM,tanzania,56.0,FNB_LIKELY,PENDING,duka.direct (Selcom),https://duka.direct/,duka.direct,P2 - queue / ACCEPT,"Candidate found in the 2026-08-31 sourcing round, never built. build_tier=not scored; scrapability=nan; class=Custom"
WILLIAM,kuwait,59.0,FNB_LIKELY,PENDING,Boutiqaat,https://www.boutiqaat.com/,boutiqaat.com,P2 - queue / Direct,"Candidate found in the 2026-08-31 sourcing round, never built. build_tier=C - engineering required; scrapability=nan; class=Beauty/fashion marketplace"
WILLIAM,rwanda,61.0,FNB_LIKELY,PENDING,Pride Farms,https://www.pridefarms.rw/,pridefarms.rw,P1 - build now / ACCEPT,"Candidate found in the 2026-08-31 sourcing round, never built. build_tier=not scored; scrapability=nan; class=Wix"
WILLIAM,rwanda,61.0,FNB_LIKELY,PENDING,rwanda_rwandamart_rw,https://rwandamart.rw/,rwandamart.rw,P2 - queue / NEEDS-CUSTOM-CRAWLER,Downloaded CSV batch on 2026-09-12; normalized site was not present in the base workbook | scraping ease: Easy | add as a new scrape target and crawler-creation candidate
WILLIAM,french_polynesia,63.0,FNB_LIKELY,PENDING,french_polynesia_tahitistore_fr,https://tahitistore.fr/,tahitistore.fr,P2 - queue / NEEDS-CUSTOM-CRAWLER,Downloaded CSV batch on 2026-09-12; normalized site was not present in the base workbook | scraping ease: Easy | add as a new scrape target and crawler-creation candidate
WILLIAM,tunisia,65.0,FNB_LIKELY,PENDING,Founa,https://founa.com/,founa.com,P2 - queue / Directory/report,"Candidate found in the 2026-08-31 sourcing round, never built. build_tier=C - engineering required; scrapability=nan; class=Online supermarket"
WILLIAM,tunisia,65.0,FNB_LIKELY,PENDING,Mytek,https://www.mytek.tn/,mytek.tn,P1 - build now / Direct,"Candidate found in the 2026-08-31 sourcing round, never built. build_tier=A - low-hanging fruit; scrapability=nan; class=Electronics/appliances"
WILLIAM,malawi,66.0,FNB_LIKELY,PENDING,EasyMart Malawi,https://easymartmalawi.com/,easymartmalawi.com,P2 - queue / SUSPECT,"Candidate found in the 2026-08-31 sourcing round, never built. build_tier=not scored; scrapability=nan; class=Custom"
WILLIAM,malawi,66.0,FNB_LIKELY,PENDING,SPCTRM Grocery Lilongwe,https://spctrmafrica.com/grocery-delivery-lilongwe/,spctrmafrica.com,P2 - queue / SUSPECT,"Candidate found in the 2026-08-31 sourcing round, never built. build_tier=not scored; scrapability=nan; class=Custom"
WILLIAM,iran,69.0,FNB_LIKELY,PENDING,ExportHub Iran,https://www.exporthub.com/iran/,exporthub.com,P2 - queue / Direct,"Candidate found in the 2026-08-31 sourcing round, never built. build_tier=C - engineering required; scrapability=nan; class=Country B2B marketplace"
WILLIAM,iran,69.0,FNB_LIKELY,PENDING,IranPharmis,https://www.iranpharmis.org/en,iranpharmis.org,P2 - queue / Direct,"Candidate found in the 2026-08-31 sourcing round, never built. build_tier=C - engineering required; scrapability=nan; class=Medical-products importer"
WILLIAM,georgia,71.0,FNB_LIKELY,LAST_TRY_FAILED,2nabiji.ge,,nan,SKIP / JS-REQUIRED,"SPA shell — no productive endpoint (lazy-load never hydrates) — all React/Next.js SPA shells, zero price signal and zero product links in a raw `curl_cffi` fetch; none taken to a full Playwright network trace this pass (budget went to market.extra.ge once its Moitane API was found). `2nabiji.ge` carries `og:site_name: ""Ori nabiji Commerce""`."
WILLIAM,georgia,71.0,FNB_LIKELY,PENDING,EuroCaucasus Supplies,https://eurocaucasus.ge/en/index.html,eurocaucasus.ge,P2 - queue / Directory/report,"Candidate found in the 2026-08-31 sourcing round, never built. build_tier=C - engineering required; scrapability=nan; class=Food-service/import supplier"
WILLIAM,georgia,71.0,FNB_LIKELY,PENDING,Nikora,https://nikora.ge/,nikora.ge,P2 - queue / ACCEPT,"Candidate found in the 2026-08-31 sourcing round, never built. build_tier=not scored; scrapability=nan; class=Custom"
WILLIAM,georgia,71.0,FNB_LIKELY,PENDING,Ori Nabiji,https://orinabiji.ge/,orinabiji.ge,P2 - queue / SUSPECT,"Candidate found in the 2026-08-31 sourcing round, never built. build_tier=not scored; scrapability=nan; class=Custom"
WILLIAM,sint_maarten_dutch_part,75.0,FNB_LIKELY,PENDING,sint_maarten_dutch_part_cmsxm,https://www.cmsxm.net/shop-online/,cmsxm.net,P2 - queue / NEEDS-CUSTOM-CRAWLER,Downloaded CSV batch on 2026-09-12; normalized site was not present in the base workbook | scraping ease: Moderate | add as a new scrape target and crawler-creation candidate
WILLIAM,mauritania,77.0,FNB_LIKELY,PENDING,KoumbiMarket,https://koumbimarket.eu/services/grocery-delivery,koumbimarket.eu,P2 - queue / SUSPECT,"Candidate found in the 2026-08-31 sourcing round, never built. build_tier=not scored; scrapability=nan; class=Custom"
WILLIAM,mauritania,77.0,FNB_LIKELY,PENDING,Maurikilchi,https://maurikilchi.com/,maurikilchi.com,P2 - queue / ACCEPT,"Candidate found in the 2026-08-31 sourcing round, never built. build_tier=not scored; scrapability=nan; class=Custom"
WILLIAM,venezuela_rb,77.0,FNB_LIKELY,PENDING,Mercado Libre Venezuela,https://www.mercadolibre.com.ve/,mercadolibre.com.ve,P2 - queue / Directory/report,"Candidate found in the 2026-08-31 sourcing round, never built. build_tier=C - engineering required; scrapability=nan; class=General marketplace"
WILLIAM,andorra,78.0,FNB_LIKELY,PENDING,andorra_e_leclercandorra,https://online.e-leclercandorra.com/,online.e-leclercandorra.com,P2 - queue / NEEDS-CUSTOM-CRAWLER,Downloaded CSV batch on 2026-09-12; normalized site was not present in the base workbook | scraping ease: Moderate | add as a new scrape target and crawler-creation candidate
WILLIAM,azerbaijan,80.0,FNB_LIKELY,PENDING,Bravo Supermarket,https://www.bravosupermarket.az/en/,bravosupermarket.az,P2 - queue / ACCEPT,"Candidate found in the 2026-08-31 sourcing round, never built. build_tier=not scored; scrapability=nan; class=Custom"
WILLIAM,azerbaijan,80.0,FNB_LIKELY,PENDING,azerbaijan_alcoartbaku,https://alcoartbaku.com/en,alcoartbaku.com,P2 - queue / NEEDS-CUSTOM-CRAWLER,Downloaded CSV batch on 2026-09-12; normalized site was not present in the base workbook | scraping ease: Easy | pricing visible: Yes | add as a new scrape target and crawler-creation candidate
WILLIAM,azerbaijan,80.0,FNB_LIKELY,PENDING,azerbaijan_cigars_az,https://cigars.az/en/,cigars.az,P2 - queue / NEEDS-CUSTOM-CRAWLER,Downloaded CSV batch on 2026-09-12; normalized site was not present in the base workbook | scraping ease: Moderate | pricing visible: Limited | add as a new scrape target and crawler-creation candidate
WILLIAM,sweden,85.0,FNB_LIKELY,PENDING,ICA,https://handla.ica.se/,handla.ica.se,P3 - backlog / SUSPECT,"Candidate found in the 2026-08-31 sourcing round, never built. build_tier=D - hard / app / index only; scrapability=2.0; class=Custom/Enterprise"
WILLIAM,west_bank_and_gaza,85.0,FNB_LIKELY,PENDING,west_bank_and_gaza_canaanusa,https://www.palestineportal.org/action-advocacy/support-palestine-fair-trade/,palestineportal.org,P2 - queue / NEEDS-CUSTOM-CRAWLER,Downloaded CSV batch on 2026-09-12; normalized site was not present in the base workbook | scraping ease: Moderate | add as a new scrape target and crawler-creation candidate
WILLIAM,congo_dem_rep,99.0,FNB_LIKELY,PENDING,SN Mart,https://snmart.co/fr/,snmart.co,P2 - queue / SUSPECT,"Candidate found in the 2026-08-31 sourcing round, never built. build_tier=not scored; scrapability=nan; class=Custom"
WILLIAM,bosnia_and_herzegovina,105.0,FNB_LIKELY,PENDING,Djuric Supermarket,https://djuric.ba/,djuric.ba,P2 - queue / SUSPECT,"Candidate found in the 2026-08-31 sourcing round, never built. build_tier=not scored; scrapability=nan; class=Custom"
WILLIAM,bosnia_and_herzegovina,105.0,FNB_LIKELY,PENDING,Korpa.ba,https://www.korpa.ba/,korpa.ba,P2 - queue / ACCEPT,"Candidate found in the 2026-08-31 sourcing round, never built. build_tier=not scored; scrapability=nan; class=Custom"
WILLIAM,bosnia_and_herzegovina,105.0,FNB_LIKELY,PENDING,bosnia_and_herzegovina_isplatise_ba,https://isplatise.ba/,isplatise.ba,P2 - queue / NEEDS-CUSTOM-CRAWLER,Downloaded CSV batch on 2026-09-12; normalized site was not present in the base workbook | scraping ease: Easy | add as a new scrape target and crawler-creation candidate
WILLIAM,latvia,106.0,FNB_LIKELY,PENDING,Top! Veikali,https://www.toppartika.lv/,toppartika.lv,P2 - queue / ACCEPT,"Candidate found in the 2026-08-31 sourcing round, never built. build_tier=C - engineering required; scrapability=3.0; class=Custom"
WILLIAM,poland,112.0,FNB_LIKELY,PENDING,Allegro,https://allegro.pl/,allegro.pl,P2 - queue / Directory/report,"Candidate found in the 2026-08-31 sourcing round, never built. build_tier=C - engineering required; scrapability=nan; class=General marketplace"
WILLIAM,poland,112.0,FNB_LIKELY,PENDING,Auchan Poland,https://www.auchan.pl/,auchan.pl,P3 - backlog / ACCEPT,"Candidate found in the 2026-08-31 sourcing round, never built. build_tier=D - hard / app / index only; scrapability=2.0; class=Custom/Enterprise"
WILLIAM,poland,112.0,FNB_LIKELY,PENDING,Delio,https://delio.pl/,delio.pl,P2 - queue / ACCEPT,"Candidate found in the 2026-08-31 sourcing round, never built. build_tier=C - engineering required; scrapability=3.0; class=Custom"
WILLIAM,poland,112.0,FNB_LIKELY,PENDING,Zabka Jush,https://www.zabka.pl/,zabka.pl,P2 - queue / ACCEPT,"Candidate found in the 2026-08-31 sourcing round, never built. build_tier=C - engineering required; scrapability=3.0; class=Custom"
WILLIAM,belarus,113.0,FNB_LIKELY,LAST_TRY_FAILED,21vek.by,,nan,SKIP / NO-PRICES-ONLINE,"No products on the site (corporate marketing portal) — both real, large (200+KB) Next.js e-commerce marketplaces run by the Euroopt/Eurotorg group, but neither is food-and-beverage: 21vek.by is electronics/appliances/notebooks/bikes only (no grocery category in its 15-link nav), and emall.by is a general third-party-seller marketplace (school supplies, washing machines, cars) with a ""become a seller"" flow, not a curated grocery catalog. Not pursued as food sources."
WILLIAM,belarus,113.0,FNB_LIKELY,PENDING,belarus_intertobacco_by,https://intertobacco.by/,intertobacco.by,P2 - queue / NEEDS-CUSTOM-CRAWLER,Downloaded CSV batch on 2026-09-12; normalized site was not present in the base workbook | scraping ease: Moderate | pricing visible: No | add as a new scrape target and crawler-creation candidate
WILLIAM,belarus,113.0,FNB_LIKELY,PENDING,belarus_brt_by,https://brt.by/trading/%D1%82%D0%B0%D0%B1%D0%B0%D1%87%D0%BD%D1%8B%D0%B5-%D0%B8%D0%B7%D0%B4%D0%B5%D0%BB%D0%B8%D1%8F/,brt.by,P2 - queue / NEEDS-CUSTOM-CRAWLER,Downloaded CSV batch on 2026-09-12; normalized site was not present in the base workbook | scraping ease: Moderate | pricing visible: Price lists | add as a new scrape target and crawler-creation candidate
WILLIAM,bhutan,116.0,FNB_LIKELY,PENDING,Sherza Allstore,https://www.sherza.bt/,sherza.bt,P2 - queue / EVIDENCE-ONLY,From Will's 2026-09-11 South Asia wave. His handover states explicitly that HAVE there means a child task found public price evidence and a plausible scraper path -- NOT that a crawler exists. Recorded as PENDING: it still needs to be implemented and live-tested before ingestion.
WILLIAM,bhutan,116.0,FNB_LIKELY,PENDING,ShopperGreen,https://shoppergreen.bt/,shoppergreen.bt,P2 - queue / EVIDENCE-ONLY,From Will's 2026-09-11 South Asia wave. His handover states explicitly that HAVE there means a child task found public price evidence and a plausible scraper path -- NOT that a crawler exists. Recorded as PENDING: it still needs to be implemented and live-tested before ingestion.
WILLIAM,bhutan,116.0,FNB_LIKELY,PENDING,Sibjam,https://www.sibjam.com/products/instock?category=1,sibjam.com,P2 - queue / EVIDENCE-ONLY,From Will's 2026-09-11 South Asia wave. His handover states explicitly that HAVE there means a child task found public price evidence and a plausible scraper path -- NOT that a crawler exists. Recorded as PENDING: it still needs to be implemented and live-tested before ingestion.
WILLIAM,bhutan,116.0,FNB_LIKELY,PENDING,Pelbu Suites cafe/menu,https://www.pelbusuites.bt/menu,pelbusuites.bt,P2 - queue / CANDIDATE,From Will's 2026-09-11 South Asia wave. His handover states explicitly that HAVE there means a child task found public price evidence and a plausible scraper path -- NOT that a crawler exists. Recorded as PENDING: it still needs to be implemented and live-tested before ingestion.
WILLIAM,bhutan,116.0,FNB_LIKELY,LAST_TRY_FAILED,Facebook/Instagram/WhatsApp-only local shops,https://www.facebook.com/,facebook.com,SKIP / CHILD-TASK-SKIP,"Will's 2026-09-11 South Asia wave marked this SKIP (app-gated, no price, or wrong country)."
WILLIAM,bhutan,116.0,FNB_LIKELY,PENDING,8Eleven Online Store,https://www.8elevenbhutan.bt/,8elevenbhutan.bt,P2 - queue / EVIDENCE-ONLY,From Will's 2026-09-11 South Asia wave. His handover states explicitly that HAVE there means a child task found public price evidence and a plausible scraper path -- NOT that a crawler exists. Recorded as PENDING: it still needs to be implemented and live-tested before ingestion.
WILLIAM,bhutan,116.0,FNB_LIKELY,PENDING,Medhey Shop,https://shop.medhey.app/,shop.medhey.app,P2 - queue / EVIDENCE-ONLY,From Will's 2026-09-11 South Asia wave. His handover states explicitly that HAVE there means a child task found public price evidence and a plausible scraper path -- NOT that a crawler exists. Recorded as PENDING: it still needs to be implemented and live-tested before ingestion.
WILLIAM,bhutan,116.0,FNB_LIKELY,PENDING,Korean Cosmetics Love / K-Beauty eStore,https://www.kbeautyestore.com/,kbeautyestore.com,P2 - queue / EVIDENCE-ONLY,From Will's 2026-09-11 South Asia wave. His handover states explicitly that HAVE there means a child task found public price evidence and a plausible scraper path -- NOT that a crawler exists. Recorded as PENDING: it still needs to be implemented and live-tested before ingestion.
WILLIAM,bhutan,116.0,FNB_LIKELY,PENDING,Nima Tshongkhang,https://nimatshongkhang.online/,nimatshongkhang.online,P2 - queue / EVIDENCE-ONLY,From Will's 2026-09-11 South Asia wave. His handover states explicitly that HAVE there means a child task found public price evidence and a plausible scraper path -- NOT that a crawler exists. Recorded as PENDING: it still needs to be implemented and live-tested before ingestion.
WILLIAM,bhutan,116.0,FNB_LIKELY,PENDING,Bhutan Telecom device catalog,https://www.bt.bt/product/iphone-17-pro/,bt.bt,P2 - queue / EVIDENCE-ONLY,From Will's 2026-09-11 South Asia wave. His handover states explicitly that HAVE there means a child task found public price evidence and a plausible scraper path -- NOT that a crawler exists. Recorded as PENDING: it still needs to be implemented and live-tested before ingestion.
WILLIAM,bhutan,116.0,FNB_LIKELY,LAST_TRY_FAILED,Bhutan Click local business listings,https://bhutanclick.com/business/1651/pema-vegetable-shop,bhutanclick.com,SKIP / CHILD-TASK-SKIP,"Will's 2026-09-11 South Asia wave marked this SKIP (app-gated, no price, or wrong country)."
WILLIAM,bhutan,116.0,FNB_LIKELY,LAST_TRY_FAILED,eGP Bhutan procurement/tenders,https://www.egp.gov.bt/,egp.gov.bt,SKIP / CHILD-TASK-SKIP,"Will's 2026-09-11 South Asia wave marked this SKIP (app-gated, no price, or wrong country)."
WILLIAM,bhutan,116.0,FNB_LIKELY,PENDING,Ecoco Official Bhutan,https://ecocostore.bt/shop,ecocostore.bt,P2 - queue / EVIDENCE-ONLY,From Will's 2026-09-11 South Asia wave. His handover states explicitly that HAVE there means a child task found public price evidence and a plausible scraper path -- NOT that a crawler exists. Recorded as PENDING: it still needs to be implemented and live-tested before ingestion.
WILLIAM,bhutan,116.0,FNB_LIKELY,PENDING,Yuesel Handicraft Bhutan,https://bhutanyueselhandicraft.com/home,bhutanyueselhandicraft.com,P2 - queue / EVIDENCE-ONLY,From Will's 2026-09-11 South Asia wave. His handover states explicitly that HAVE there means a child task found public price evidence and a plausible scraper path -- NOT that a crawler exists. Recorded as PENDING: it still needs to be implemented and live-tested before ingestion.
WILLIAM,bhutan,116.0,FNB_LIKELY,PENDING,NOri Botanical,https://noribotanical.com/,noribotanical.com,P2 - queue / EVIDENCE-ONLY,From Will's 2026-09-11 South Asia wave. His handover states explicitly that HAVE there means a child task found public price evidence and a plausible scraper path -- NOT that a crawler exists. Recorded as PENDING: it still needs to be implemented and live-tested before ingestion.
WILLIAM,bhutan,116.0,FNB_LIKELY,LAST_TRY_FAILED,Phila Art Bhutan stamps,https://www.philaart.com/product-category/global-stamps/bhutan-stamps/,philaart.com,SKIP / CHILD-TASK-SKIP,"Will's 2026-09-11 South Asia wave marked this SKIP (app-gated, no price, or wrong country)."
WILLIAM,bhutan,116.0,FNB_LIKELY,PENDING,Druk Herbal Cordyceps,https://drukherbalcordyceps.com/shop/,drukherbalcordyceps.com,P2 - queue / EVIDENCE-ONLY,From Will's 2026-09-11 South Asia wave. His handover states explicitly that HAVE there means a child task found public price evidence and a plausible scraper path -- NOT that a crawler exists. Recorded as PENDING: it still needs to be implemented and live-tested before ingestion.
WILLIAM,bhutan,116.0,FNB_LIKELY,LAST_TRY_FAILED,Throm Online,https://thromonline.com/,thromonline.com,SKIP / CHILD-TASK-FAILED,Will's 2026-09-11 South Asia wave could not retrieve prices.
WILLIAM,nicaragua,119.0,FNB_LIKELY,PENDING,Farmacias Medco,https://farmaciasmedco.com/,farmaciasmedco.com,P2 - queue / Directory/report,"Candidate found in the 2026-08-31 sourcing round, never built. build_tier=C - engineering required; scrapability=nan; class=Pharmacy"
WILLIAM,finland,120.0,FNB_LIKELY,LAST_TRY_FAILED,wolt.com,,nan,SKIP / JS-REQUIRED,"RE-PROBE WORTH IT: recorded before 2026-08-17, when a bare-curl 403 was still read as a block. CDNs fingerprint the TLS handshake, not the User-Agent, so try curl_cffi impersonate before skipping. SPA shell — no productive endpoint (lazy-load never hydrates) — (multi-country, e.g. `wolt.com/en/grc/athens/venue/kalo-pizza`) — **`_wolt_base.py`'s category-walk pattern silently returns near-nothing for restaurant/food venues; it only works for grocery venues.** Grocery venues' `query-state` blob carries a `venue-assortment/category-listing` query (category slugs) + a per-category `venue-assortment/category` query returned by GET-ing `/items/<slug>` — that's what `_wolt_base.py` parses. Restaurant venues have migrated to a ""unified store page"" content model: the SAME `/items/<slug>` URL (any slug, even a nonexistent one — the category param is ignored) returns only a `venue-assortment/venue-content` query whose single `sections[]` entry is a curated ""Most ordered"" teaser (~9 items), never the full per-category menu (`ΠΙΤΣΕΣ`/`BURGERS`/etc. category names appear in the DOM as anchor-scroll tabs, not routes). Confirmed via full Playwright network trace (`networkidle` + scroll + tab click) — no further XHR ever fetches the remaining categories; the data plainly is not shipped to the client for categories beyond ""Most ordered"". The ""Most ordered"" teaser items do carry real name+price and would individually clear the 5-row gate, but shipping it w"
WILLIAM,finland,120.0,FNB_LIKELY,PENDING,K-Ruoka (Kesko),https://www.k-ruoka.fi/,k-ruoka.fi,P3 - backlog / SUSPECT,"Candidate found in the 2026-08-31 sourcing round, never built. build_tier=D - hard / app / index only; scrapability=2.0; class=Custom/Enterprise"
WILLIAM,finland,120.0,FNB_LIKELY,PENDING,finland_kauppavainu_fi,https://www.kauppavainu.fi/?lang=en,kauppavainu.fi,P2 - queue / NEEDS-CUSTOM-CRAWLER,Downloaded CSV batch on 2026-09-12; normalized site was not present in the base workbook | scraping ease: Moderate | add as a new scrape target and crawler-creation candidate
WILLIAM,finland,120.0,FNB_LIKELY,PENDING,finland_groci_fi,https://www.groci.fi/,groci.fi,P2 - queue / NEEDS-CUSTOM-CRAWLER,Downloaded CSV batch on 2026-09-12; normalized site was not present in the base workbook | scraping ease: Moderate | add as a new scrape target and crawler-creation candidate
WILLIAM,bulgaria,125.0,FNB_LIKELY,PENDING,BG Market,https://bgm.bg/,bgm.bg,P2 - queue / ACCEPT,"Candidate found in the 2026-08-31 sourcing round, never built. build_tier=not scored; scrapability=nan; class=Custom"
WILLIAM,bulgaria,125.0,FNB_LIKELY,PENDING,DelivMe,https://delivme.bg/,delivme.bg,P2 - queue / SUSPECT,"Candidate found in the 2026-08-31 sourcing round, never built. build_tier=not scored; scrapability=nan; class=Custom"
WILLIAM,bulgaria,125.0,FNB_LIKELY,PENDING,Gladen.bg,https://gladen.bg/,gladen.bg,P2 - queue / ACCEPT,"Candidate found in the 2026-08-31 sourcing round, never built. build_tier=not scored; scrapability=nan; class=Custom"
WILLIAM,bulgaria,125.0,FNB_LIKELY,PENDING,Lidl Bulgaria,https://www.lidl.bg/,lidl.bg,P3 - backlog / ACCEPT,"Candidate found in the 2026-08-31 sourcing round, never built. build_tier=D - hard / app / index only; scrapability=2.0; class=Custom/Enterprise"
WILLIAM,bulgaria,125.0,FNB_LIKELY,PENDING,Metro Bulgaria,https://www.metro.bg/,metro.bg,P3 - backlog / SUSPECT,"Candidate found in the 2026-08-31 sourcing round, never built. build_tier=D - hard / app / index only; scrapability=2.0; class=Custom/Enterprise"
WILLIAM,zimbabwe,130.0,FNB_LIKELY,PENDING,online-spar.co.zw,https://online-spar.co.zw/,online-spar.co.zw,P1 - build now / SUSPECT,"Candidate found in the 2026-08-31 sourcing round, never built. build_tier=not scored; scrapability=nan; class=Custom"
WILLIAM,nepal,131.0,FNB_LIKELY,PENDING,Bhat-Bhateni (BBSM),https://www.bbsm.com.np/,bbsm.com.np,P2 - queue / ACCEPT,"Candidate found in the 2026-08-31 sourcing round, never built. build_tier=not scored; scrapability=nan; class=Custom"
WILLIAM,nepal,131.0,FNB_LIKELY,PENDING,SastoDeal,https://www.sastodeal.com/,sastodeal.com,P1 - build now / ACCEPT,"Candidate found in the 2026-08-31 sourcing round, never built. build_tier=B - moderate effort; scrapability=4.0; class=Magento"
WILLIAM,nepal,131.0,FNB_LIKELY,PENDING,ParsaBazar,https://parsabazar.com/,parsabazar.com,P2 - queue / EVIDENCE-ONLY,From Will's 2026-09-11 South Asia wave. His handover states explicitly that HAVE there means a child task found public price evidence and a plausible scraper path -- NOT that a crawler exists. Recorded as PENDING: it still needs to be implemented and live-tested before ingestion.
WILLIAM,nepal,131.0,FNB_LIKELY,PENDING,Smartgau,https://smartgau.com/shop,smartgau.com,P2 - queue / EVIDENCE-ONLY,From Will's 2026-09-11 South Asia wave. His handover states explicitly that HAVE there means a child task found public price evidence and a plausible scraper path -- NOT that a crawler exists. Recorded as PENDING: it still needs to be implemented and live-tested before ingestion.
WILLIAM,nepal,131.0,FNB_LIKELY,PENDING,Nubri Mart,https://www.nubrimart.com/,nubrimart.com,P2 - queue / EVIDENCE-ONLY,From Will's 2026-09-11 South Asia wave. His handover states explicitly that HAVE there means a child task found public price evidence and a plausible scraper path -- NOT that a crawler exists. Recorded as PENDING: it still needs to be implemented and live-tested before ingestion.
WILLIAM,nepal,131.0,FNB_LIKELY,PENDING,Haat Bazar / GoLocal,https://golocal.com.np/,golocal.com.np,P2 - queue / EVIDENCE-ONLY,From Will's 2026-09-11 South Asia wave. His handover states explicitly that HAVE there means a child task found public price evidence and a plausible scraper path -- NOT that a crawler exists. Recorded as PENDING: it still needs to be implemented and live-tested before ingestion.
WILLIAM,nepal,131.0,FNB_LIKELY,PENDING,Aafnai Pasal,https://aafnaipasal.com/,aafnaipasal.com,P2 - queue / EVIDENCE-ONLY,From Will's 2026-09-11 South Asia wave. His handover states explicitly that HAVE there means a child task found public price evidence and a plausible scraper path -- NOT that a crawler exists. Recorded as PENDING: it still needs to be implemented and live-tested before ingestion.
WILLIAM,nepal,131.0,FNB_LIKELY,PENDING,Sitabazar,https://www.sitabazar.com/,sitabazar.com,P2 - queue / CANDIDATE,From Will's 2026-09-11 South Asia wave. His handover states explicitly that HAVE there means a child task found public price evidence and a plausible scraper path -- NOT that a crawler exists. Recorded as PENDING: it still needs to be implemented and live-tested before ingestion.
WILLIAM,nepal,131.0,FNB_LIKELY,LAST_TRY_FAILED,Pasal.com,https://pasal.com/,pasal.com,SKIP / CHILD-TASK-SKIP,"Will's 2026-09-11 South Asia wave marked this SKIP (app-gated, no price, or wrong country)."
WILLIAM,nepal,131.0,FNB_LIKELY,PENDING,GoPasal,https://gopasal.com/,gopasal.com,P2 - queue / CANDIDATE,From Will's 2026-09-11 South Asia wave. His handover states explicitly that HAVE there means a child task found public price evidence and a plausible scraper path -- NOT that a crawler exists. Recorded as PENDING: it still needs to be implemented and live-tested before ingestion.
WILLIAM,nepal,131.0,FNB_LIKELY,PENDING,PharmaShop Nepal,https://www.pharmashopnepal.com/,pharmashopnepal.com,P2 - queue / EVIDENCE-ONLY,From Will's 2026-09-11 South Asia wave. His handover states explicitly that HAVE there means a child task found public price evidence and a plausible scraper path -- NOT that a crawler exists. Recorded as PENDING: it still needs to be implemented and live-tested before ingestion.
WILLIAM,nepal,131.0,FNB_LIKELY,PENDING,Scolar,https://scolarnepal.com/catalog,scolarnepal.com,P2 - queue / EVIDENCE-ONLY,From Will's 2026-09-11 South Asia wave. His handover states explicitly that HAVE there means a child task found public price evidence and a plausible scraper path -- NOT that a crawler exists. Recorded as PENDING: it still needs to be implemented and live-tested before ingestion.
WILLIAM,nepal,131.0,FNB_LIKELY,PENDING,Titan Optical,https://titanoptical.com.np/,titanoptical.com.np,P2 - queue / EVIDENCE-ONLY,From Will's 2026-09-11 South Asia wave. His handover states explicitly that HAVE there means a child task found public price evidence and a plausible scraper path -- NOT that a crawler exists. Recorded as PENDING: it still needs to be implemented and live-tested before ingestion.
WILLIAM,nepal,131.0,FNB_LIKELY,PENDING,New Optic Corner,https://www.newopticcorner.com.np/,newopticcorner.com.np,P2 - queue / EVIDENCE-ONLY,From Will's 2026-09-11 South Asia wave. His handover states explicitly that HAVE there means a child task found public price evidence and a plausible scraper path -- NOT that a crawler exists. Recorded as PENDING: it still needs to be implemented and live-tested before ingestion.
WILLIAM,nepal,131.0,FNB_LIKELY,PENDING,Eyemate Nepal,https://www.eyematenepal.com/,eyematenepal.com,P2 - queue / EVIDENCE-ONLY,From Will's 2026-09-11 South Asia wave. His handover states explicitly that HAVE there means a child task found public price evidence and a plausible scraper path -- NOT that a crawler exists. Recorded as PENDING: it still needs to be implemented and live-tested before ingestion.
WILLIAM,nepal,131.0,FNB_LIKELY,PENDING,PaisaBachau,https://paisabachau.com/price/clothes,paisabachau.com,P2 - queue / CANDIDATE,From Will's 2026-09-11 South Asia wave. His handover states explicitly that HAVE there means a child task found public price evidence and a plausible scraper path -- NOT that a crawler exists. Recorded as PENDING: it still needs to be implemented and live-tested before ingestion.
WILLIAM,nepal,131.0,FNB_LIKELY,PENDING,Drinks Nepal,https://drinksnepal.com/,drinksnepal.com,P2 - queue / EVIDENCE-ONLY,From Will's 2026-09-11 South Asia wave. His handover states explicitly that HAVE there means a child task found public price evidence and a plausible scraper path -- NOT that a crawler exists. Recorded as PENDING: it still needs to be implemented and live-tested before ingestion.
WILLIAM,nepal,131.0,FNB_LIKELY,PENDING,Nava Durga Dairy and Kirana Suppliers,https://navadurgadairy.com.np/pricelist,navadurgadairy.com.np,P2 - queue / EVIDENCE-ONLY,From Will's 2026-09-11 South Asia wave. His handover states explicitly that HAVE there means a child task found public price evidence and a plausible scraper path -- NOT that a crawler exists. Recorded as PENDING: it still needs to be implemented and live-tested before ingestion.
WILLIAM,nepal,131.0,FNB_LIKELY,PENDING,Okhaldhunga Dhamala Dairy,https://okhaldhungadhamaladairy.com.np/,okhaldhungadhamaladairy.com.np,P2 - queue / EVIDENCE-ONLY,From Will's 2026-09-11 South Asia wave. His handover states explicitly that HAVE there means a child task found public price evidence and a plausible scraper path -- NOT that a crawler exists. Recorded as PENDING: it still needs to be implemented and live-tested before ingestion.
WILLIAM,nepal,131.0,FNB_LIKELY,PENDING,SMS Dairy,https://www.smsdairy.com/,smsdairy.com,P2 - queue / EVIDENCE-ONLY,From Will's 2026-09-11 South Asia wave. His handover states explicitly that HAVE there means a child task found public price evidence and a plausible scraper path -- NOT that a crawler exists. Recorded as PENDING: it still needs to be implemented and live-tested before ingestion.
WILLIAM,nepal,131.0,FNB_LIKELY,PENDING,DDC Nepal,https://ddc.gov.np/products,ddc.gov.np,P2 - queue / EVIDENCE-ONLY,From Will's 2026-09-11 South Asia wave. His handover states explicitly that HAVE there means a child task found public price evidence and a plausible scraper path -- NOT that a crawler exists. Recorded as PENDING: it still needs to be implemented and live-tested before ingestion.
WILLIAM,nepal,131.0,FNB_LIKELY,PENDING,Valley Cold Store,https://valleycoldstore.com.np/shop,valleycoldstore.com.np,P2 - queue / EVIDENCE-ONLY,From Will's 2026-09-11 South Asia wave. His handover states explicitly that HAVE there means a child task found public price evidence and a plausible scraper path -- NOT that a crawler exists. Recorded as PENDING: it still needs to be implemented and live-tested before ingestion.
WILLIAM,nepal,131.0,FNB_LIKELY,PENDING,Dhukka Sekuwa,https://dhukkasekuwa.com.np/,dhukkasekuwa.com.np,P2 - queue / EVIDENCE-ONLY,From Will's 2026-09-11 South Asia wave. His handover states explicitly that HAVE there means a child task found public price evidence and a plausible scraper path -- NOT that a crawler exists. Recorded as PENDING: it still needs to be implemented and live-tested before ingestion.
WILLIAM,nepal,131.0,FNB_LIKELY,PENDING,Nepal Gramodhyog Store,https://nepalgramodhyog.store/category/dairy-products/18/,nepalgramodhyog.store,P2 - queue / EVIDENCE-ONLY,From Will's 2026-09-11 South Asia wave. His handover states explicitly that HAVE there means a child task found public price evidence and a plausible scraper path -- NOT that a crawler exists. Recorded as PENDING: it still needs to be implemented and live-tested before ingestion.
WILLIAM,nepal,131.0,FNB_LIKELY,PENDING,Malbhog General Store,https://www.malbhog.com/,malbhog.com,P2 - queue / EVIDENCE-ONLY,From Will's 2026-09-11 South Asia wave. His handover states explicitly that HAVE there means a child task found public price evidence and a plausible scraper path -- NOT that a crawler exists. Recorded as PENDING: it still needs to be implemented and live-tested before ingestion.
WILLIAM,nepal,131.0,FNB_LIKELY,PENDING,Khushi Bazar,https://www.khushibazar.com.np/products/stationery,khushibazar.com.np,P2 - queue / EVIDENCE-ONLY,From Will's 2026-09-11 South Asia wave. His handover states explicitly that HAVE there means a child task found public price evidence and a plausible scraper path -- NOT that a crawler exists. Recorded as PENDING: it still needs to be implemented and live-tested before ingestion.
WILLIAM,nepal,131.0,FNB_LIKELY,PENDING,Chynabazar,https://chynabazar.com/categories/stationery,chynabazar.com,P2 - queue / EVIDENCE-ONLY,From Will's 2026-09-11 South Asia wave. His handover states explicitly that HAVE there means a child task found public price evidence and a plausible scraper path -- NOT that a crawler exists. Recorded as PENDING: it still needs to be implemented and live-tested before ingestion.
WILLIAM,nepal,131.0,FNB_LIKELY,PENDING,Kathmandu Organics,https://www.kathmanduorganics.com/honey,kathmanduorganics.com,P2 - queue / EVIDENCE-ONLY,From Will's 2026-09-11 South Asia wave. His handover states explicitly that HAVE there means a child task found public price evidence and a plausible scraper path -- NOT that a crawler exists. Recorded as PENDING: it still needs to be implemented and live-tested before ingestion.
WILLIAM,nepal,131.0,FNB_LIKELY,PENDING,POUR,https://pourwithpresence.com/,pourwithpresence.com,P2 - queue / EVIDENCE-ONLY,From Will's 2026-09-11 South Asia wave. His handover states explicitly that HAVE there means a child task found public price evidence and a plausible scraper path -- NOT that a crawler exists. Recorded as PENDING: it still needs to be implemented and live-tested before ingestion.
WILLIAM,nepal,131.0,FNB_LIKELY,PENDING,Grey.com.np,https://grey.com.np/,grey.com.np,P2 - queue / EVIDENCE-ONLY,From Will's 2026-09-11 South Asia wave. His handover states explicitly that HAVE there means a child task found public price evidence and a plausible scraper path -- NOT that a crawler exists. Recorded as PENDING: it still needs to be implemented and live-tested before ingestion.
WILLIAM,nepal,131.0,FNB_LIKELY,PENDING,Ajanta Tea,https://ajantatea.com/collections/green-tea-online,ajantatea.com,P2 - queue / CANDIDATE,From Will's 2026-09-11 South Asia wave. His handover states explicitly that HAVE there means a child task found public price evidence and a plausible scraper path -- NOT that a crawler exists. Recorded as PENDING: it still needs to be implemented and live-tested before ingestion.
WILLIAM,nepal,131.0,FNB_LIKELY,PENDING,Welcome International,https://welcomeintl.com/,welcomeintl.com,P2 - queue / EVIDENCE-ONLY,From Will's 2026-09-11 South Asia wave. His handover states explicitly that HAVE there means a child task found public price evidence and a plausible scraper path -- NOT that a crawler exists. Recorded as PENDING: it still needs to be implemented and live-tested before ingestion.
WILLIAM,nepal,131.0,FNB_LIKELY,PENDING,The Makeup Factory Nepal,https://www.themakeupfactorynepal.com/shop,themakeupfactorynepal.com,P2 - queue / EVIDENCE-ONLY,From Will's 2026-09-11 South Asia wave. His handover states explicitly that HAVE there means a child task found public price evidence and a plausible scraper path -- NOT that a crawler exists. Recorded as PENDING: it still needs to be implemented and live-tested before ingestion.
WILLIAM,nepal,131.0,FNB_LIKELY,PENDING,RiwanMart,https://riwanmart.com/,riwanmart.com,P2 - queue / EVIDENCE-ONLY,From Will's 2026-09-11 South Asia wave. His handover states explicitly that HAVE there means a child task found public price evidence and a plausible scraper path -- NOT that a crawler exists. Recorded as PENDING: it still needs to be implemented and live-tested before ingestion.
WILLIAM,nepal,131.0,FNB_LIKELY,PENDING,Pet Store Nepal,https://petstorenepal.com/,petstorenepal.com,P2 - queue / EVIDENCE-ONLY,From Will's 2026-09-11 South Asia wave. His handover states explicitly that HAVE there means a child task found public price evidence and a plausible scraper path -- NOT that a crawler exists. Recorded as PENDING: it still needs to be implemented and live-tested before ingestion.
WILLIAM,nepal,131.0,FNB_LIKELY,PENDING,UG Cakes,https://ugcakes.com/,ugcakes.com,P2 - queue / CANDIDATE,From Will's 2026-09-11 South Asia wave. His handover states explicitly that HAVE there means a child task found public price evidence and a plausible scraper path -- NOT that a crawler exists. Recorded as PENDING: it still needs to be implemented and live-tested before ingestion.
WILLIAM,nepal,131.0,FNB_LIKELY,PENDING,The Patisserie Nepal,https://thepatisserienp.com/,thepatisserienp.com,P2 - queue / EVIDENCE-ONLY,From Will's 2026-09-11 South Asia wave. His handover states explicitly that HAVE there means a child task found public price evidence and a plausible scraper path -- NOT that a crawler exists. Recorded as PENDING: it still needs to be implemented and live-tested before ingestion.
WILLIAM,nepal,131.0,FNB_LIKELY,PENDING,Shree Shyam Ji Marketing,https://ssjmnepal.com/,ssjmnepal.com,P2 - queue / EVIDENCE-ONLY,From Will's 2026-09-11 South Asia wave. His handover states explicitly that HAVE there means a child task found public price evidence and a plausible scraper path -- NOT that a crawler exists. Recorded as PENDING: it still needs to be implemented and live-tested before ingestion.
WILLIAM,nepal,131.0,FNB_LIKELY,PENDING,Falfruit Nepal,https://falfruitnepal.com/,falfruitnepal.com,P2 - queue / EVIDENCE-ONLY,From Will's 2026-09-11 South Asia wave. His handover states explicitly that HAVE there means a child task found public price evidence and a plausible scraper path -- NOT that a crawler exists. Recorded as PENDING: it still needs to be implemented and live-tested before ingestion.
WILLIAM,nepal,131.0,FNB_LIKELY,PENDING,Mato Nepal,https://mato.com.np/,mato.com.np,P2 - queue / EVIDENCE-ONLY,From Will's 2026-09-11 South Asia wave. His handover states explicitly that HAVE there means a child task found public price evidence and a plausible scraper path -- NOT that a crawler exists. Recorded as PENDING: it still needs to be implemented and live-tested before ingestion.
WILLIAM,nepal,131.0,FNB_LIKELY,PENDING,Rasan Mart,https://www.rasanmart.com/,rasanmart.com,P2 - queue / EVIDENCE-ONLY,From Will's 2026-09-11 South Asia wave. His handover states explicitly that HAVE there means a child task found public price evidence and a plausible scraper path -- NOT that a crawler exists. Recorded as PENDING: it still needs to be implemented and live-tested before ingestion.
WILLIAM,nepal,131.0,FNB_LIKELY,PENDING,Down to Earth Organics,https://down2earthorganics.com/masala-spices/2,down2earthorganics.com,P2 - queue / EVIDENCE-ONLY,From Will's 2026-09-11 South Asia wave. His handover states explicitly that HAVE there means a child task found public price evidence and a plausible scraper path -- NOT that a crawler exists. Recorded as PENDING: it still needs to be implemented and live-tested before ingestion.
WILLIAM,nepal,131.0,FNB_LIKELY,PENDING,Hari Krishi Farm,https://harikrishifarm.com/,harikrishifarm.com,P2 - queue / EVIDENCE-ONLY,From Will's 2026-09-11 South Asia wave. His handover states explicitly that HAVE there means a child task found public price evidence and a plausible scraper path -- NOT that a crawler exists. Recorded as PENDING: it still needs to be implemented and live-tested before ingestion.
WILLIAM,nepal,131.0,FNB_LIKELY,PENDING,Wholesale Pasal Plus,https://www.wholesalepasalplus.com/product/product_detail/3328/sugar-1kg,wholesalepasalplus.com,P2 - queue / EVIDENCE-ONLY,From Will's 2026-09-11 South Asia wave. His handover states explicitly that HAVE there means a child task found public price evidence and a plausible scraper path -- NOT that a crawler exists. Recorded as PENDING: it still needs to be implemented and live-tested before ingestion.
WILLIAM,nepal,131.0,FNB_LIKELY,PENDING,AgriMart Nepal,https://www.agrimart.com.np/,agrimart.com.np,P2 - queue / EVIDENCE-ONLY,From Will's 2026-09-11 South Asia wave. His handover states explicitly that HAVE there means a child task found public price evidence and a plausible scraper path -- NOT that a crawler exists. Recorded as PENDING: it still needs to be implemented and live-tested before ingestion.
WILLIAM,nepal,131.0,FNB_LIKELY,PENDING,Hamro Karesabari,https://hamrokaresabari.com/categories/fresh-vegetables/,hamrokaresabari.com,P2 - queue / EVIDENCE-ONLY,From Will's 2026-09-11 South Asia wave. His handover states explicitly that HAVE there means a child task found public price evidence and a plausible scraper path -- NOT that a crawler exists. Recorded as PENDING: it still needs to be implemented and live-tested before ingestion.
WILLIAM,nepal,131.0,FNB_LIKELY,PENDING,ULIAA Mart,https://uliaa.com.np/,uliaa.com.np,P2 - queue / EVIDENCE-ONLY,From Will's 2026-09-11 South Asia wave. His handover states explicitly that HAVE there means a child task found public price evidence and a plausible scraper path -- NOT that a crawler exists. Recorded as PENDING: it still needs to be implemented and live-tested before ingestion.
WILLIAM,nepal,131.0,FNB_LIKELY,PENDING,Angan Baari,https://anganbaari.pythonanywhere.com/products/vegetables/,anganbaari.pythonanywhere.com,P2 - queue / EVIDENCE-ONLY,From Will's 2026-09-11 South Asia wave. His handover states explicitly that HAVE there means a child task found public price evidence and a plausible scraper path -- NOT that a crawler exists. Recorded as PENDING: it still needs to be implemented and live-tested before ingestion.
WILLIAM,nepal,131.0,FNB_LIKELY,PENDING,BuyTarkari,https://www.buytarkari.com/product/fresh-chicken-meat----324,buytarkari.com,P2 - queue / EVIDENCE-ONLY,From Will's 2026-09-11 South Asia wave. His handover states explicitly that HAVE there means a child task found public price evidence and a plausible scraper path -- NOT that a crawler exists. Recorded as PENDING: it still needs to be implemented and live-tested before ingestion.
WILLIAM,ghana,132.0,FNB_LIKELY,PENDING,Bolt Market Ghana,https://bolt.eu/en-gh/food/market/,bolt.eu,P2 - queue / ACCEPT,"Candidate found in the 2026-08-31 sourcing round, never built. build_tier=C - engineering required; scrapability=3.0; class=Custom"
WILLIAM,ghana,132.0,FNB_LIKELY,PENDING,Chowdeck Ghana,https://chowdeck.com/,chowdeck.com,P2 - queue / SUSPECT,"Candidate found in the 2026-08-31 sourcing round, never built. build_tier=C - engineering required; scrapability=3.0; class=Custom"
WILLIAM,ghana,132.0,FNB_LIKELY,PENDING,Jumia Ghana,https://www.jumia.com.gh/groceries/,jumia.com.gh,P2 - queue / ACCEPT,"Candidate found in the 2026-08-31 sourcing round, never built. build_tier=C - engineering required; scrapability=3.0; class=Custom"
WILLIAM,ghana,132.0,FNB_LIKELY,PENDING,Melcom,https://melcomghana.com/,melcomghana.com,P1 - build now / ACCEPT,"Candidate found in the 2026-08-31 sourcing round, never built. build_tier=A - low-hanging fruit; scrapability=5.0; class=WordPress/WooCommerce"
WILLIAM,ghana,132.0,FNB_LIKELY,PENDING,Palace Hypermarket,https://palacehypermarket.com/,palacehypermarket.com,P2 - queue / ACCEPT,"Candidate found in the 2026-08-31 sourcing round, never built. build_tier=C - engineering required; scrapability=3.0; class=Custom"
WILLIAM,greece,134.0,FNB_LIKELY,PENDING,Bazaar,https://www.bazaar.gr/,bazaar.gr,P2 - queue / SUSPECT,"Candidate found in the 2026-08-31 sourcing round, never built. build_tier=C - engineering required; scrapability=3.0; class=Custom"
WILLIAM,greece,134.0,FNB_LIKELY,PENDING,Fthna.gr,https://www.fthna.gr/,fthna.gr,P2 - queue / ACCEPT,"Candidate found in the 2026-08-31 sourcing round, never built. build_tier=C - engineering required; scrapability=3.0; class=Custom"
WILLIAM,greece,134.0,FNB_LIKELY,PENDING,PosoKanei.gov.gr (official),https://posokanei.gov.gr/,posokanei.gov.gr,P1 - build now / ACCEPT,"Candidate found in the 2026-08-31 sourcing round, never built. build_tier=A - low-hanging fruit; scrapability=5.0; class=Custom"
WILLIAM,greece,134.0,FNB_LIKELY,PENDING,SYN.KA,https://www.synka-super.gr/,synka-super.gr,P2 - queue / ACCEPT,"Candidate found in the 2026-08-31 sourcing round, never built. build_tier=C - engineering required; scrapability=3.0; class=Custom"
WILLIAM,greece,134.0,FNB_LIKELY,PENDING,efood Supermarket,https://www.e-food.gr/delivery/menu/sklavenitis,e-food.gr,P2 - queue / ACCEPT,"Candidate found in the 2026-08-31 sourcing round, never built. build_tier=C - engineering required; scrapability=3.0; class=Custom"
WILLIAM,czech_republic,136.0,FNB_LIKELY,PENDING,Kaufland CZ,https://www.kaufland.cz/,kaufland.cz,P3 - backlog / SUSPECT,"Candidate found in the 2026-08-31 sourcing round, never built. build_tier=D - hard / app / index only; scrapability=2.0; class=Custom/Enterprise"
WILLIAM,czech_republic,136.0,FNB_LIKELY,PENDING,Mall.cz,https://www.mall.cz/,mall.cz,P2 - queue / Directory/report,"Candidate found in the 2026-08-31 sourcing round, never built. build_tier=C - engineering required; scrapability=nan; class=General marketplace"
WILLIAM,czech_republic,136.0,FNB_LIKELY,PENDING,czech_republic_cz_vawoo,https://cz.vawoo.com/en,cz.vawoo.com,P2 - queue / NEEDS-CUSTOM-CRAWLER,Downloaded CSV batch on 2026-09-12; normalized site was not present in the base workbook | scraping ease: Easy | pricing visible: Yes | add as a new scrape target and crawler-creation candidate
WILLIAM,czech_republic,136.0,FNB_LIKELY,PENDING,czech_republic_en_firmy_cz,https://en.firmy.cz/Stores-and-shops/Online-shopping/Online-gift-stores/Online-sellers-of-tobacco-products-and-supplies,en.firmy.cz,P2 - queue / NEEDS-CUSTOM-CRAWLER,Downloaded CSV batch on 2026-09-12; normalized site was not present in the base workbook | scraping ease: Moderate | pricing visible: No | add as a new scrape target and crawler-creation candidate
WILLIAM,czech_republic,136.0,FNB_LIKELY,PENDING,czech_republic_tabacos_cz,https://www.tabacos.cz/en/,tabacos.cz,P2 - queue / NEEDS-CUSTOM-CRAWLER,Downloaded CSV batch on 2026-09-12; normalized site was not present in the base workbook | scraping ease: Easy | pricing visible: Yes | add as a new scrape target and crawler-creation candidate
WILLIAM,czech_republic,136.0,FNB_LIKELY,PENDING,czech_republic_tabakonline_cz,https://www.tabakonline.cz/kategorie/cigarety/,tabakonline.cz,P2 - queue / NEEDS-CUSTOM-CRAWLER,Downloaded CSV batch on 2026-09-12; normalized site was not present in the base workbook | scraping ease: Easy | pricing visible: Yes | add as a new scrape target and crawler-creation candidate
WILLIAM,slovak_republic,137.0,FNB_LIKELY,LAST_TRY_FAILED,coop.sk,,nan,SKIP / DEAD-SITE,"SSL certificate mismatch (retired/consolidated domain) — HTTP 200, genuine product cards found (`product-card__title`, real prices e.g. ""15,33 €/kg"") but they come from a dated weekly-leaflet widget on the homepage (`/letaky/potraviny-supermarket-a-tempo-1`, ~30 items) rather than a persistent per-SKU catalog — the leaflet's own page is a 6.6KB image-flip viewer with zero product cards. Too thin (~30 items sitewide observed) to confirm as a genuine full-catalog retailer."
WILLIAM,slovak_republic,137.0,FNB_LIKELY,PENDING,Kaufland SK,https://www.kaufland.sk/,kaufland.sk,P3 - backlog / SUSPECT,"Candidate found in the 2026-08-31 sourcing round, never built. build_tier=D - hard / app / index only; scrapability=2.0; class=Custom/Enterprise"
WILLIAM,slovak_republic,137.0,FNB_LIKELY,PENDING,Mall.sk,https://www.mall.sk/,mall.sk,P2 - queue / Directory/report,"Candidate found in the 2026-08-31 sourcing round, never built. build_tier=C - engineering required; scrapability=nan; class=General marketplace"
WILLIAM,bangladesh,138.0,FNB_LIKELY,PENDING,Meena Bazar Online,https://www.meenabazaronline.com/,meenabazaronline.com,P2 - queue / EVIDENCE-ONLY,From Will's 2026-09-11 South Asia wave. His handover states explicitly that HAVE there means a child task found public price evidence and a plausible scraper path -- NOT that a crawler exists. Recorded as PENDING: it still needs to be implemented and live-tested before ingestion.
WILLIAM,bangladesh,138.0,FNB_LIKELY,PENDING,Jachai Price,https://www.jachaiprice.com/,jachaiprice.com,P2 - queue / EVIDENCE-ONLY,From Will's 2026-09-11 South Asia wave. His handover states explicitly that HAVE there means a child task found public price evidence and a plausible scraper path -- NOT that a crawler exists. Recorded as PENDING: it still needs to be implemented and live-tested before ingestion.
WILLIAM,bangladesh,138.0,FNB_LIKELY,PENDING,Arogga Food and Nutrition,https://www.arogga.com/category/food-and-nutrition/7276/food-and-nutrition,arogga.com,P2 - queue / EVIDENCE-ONLY,From Will's 2026-09-11 South Asia wave. His handover states explicitly that HAVE there means a child task found public price evidence and a plausible scraper path -- NOT that a crawler exists. Recorded as PENDING: it still needs to be implemented and live-tested before ingestion.
WILLIAM,bangladesh,138.0,FNB_LIKELY,PENDING,Lazz Pharma,https://www.lazzpharma.com/,lazzpharma.com,P2 - queue / EVIDENCE-ONLY,From Will's 2026-09-11 South Asia wave. His handover states explicitly that HAVE there means a child task found public price evidence and a plausible scraper path -- NOT that a crawler exists. Recorded as PENDING: it still needs to be implemented and live-tested before ingestion.
WILLIAM,bangladesh,138.0,FNB_LIKELY,PENDING,Online Medicine Bazar,https://onlinemedicinebazar.com/,onlinemedicinebazar.com,P2 - queue / EVIDENCE-ONLY,From Will's 2026-09-11 South Asia wave. His handover states explicitly that HAVE there means a child task found public price evidence and a plausible scraper path -- NOT that a crawler exists. Recorded as PENDING: it still needs to be implemented and live-tested before ingestion.
WILLIAM,bangladesh,138.0,FNB_LIKELY,PENDING,Foodpanda Shops - Daily Grocery,https://www.foodpanda.com.bd/shop/sph5/daily-grocery,foodpanda.com.bd,P2 - queue / EVIDENCE-ONLY,From Will's 2026-09-11 South Asia wave. His handover states explicitly that HAVE there means a child task found public price evidence and a plausible scraper path -- NOT that a crawler exists. Recorded as PENDING: it still needs to be implemented and live-tested before ingestion.
WILLIAM,bangladesh,138.0,FNB_LIKELY,PENDING,Israt Super Shop,https://www.isratsupershop.com/category/food-grocery,isratsupershop.com,P2 - queue / EVIDENCE-ONLY,From Will's 2026-09-11 South Asia wave. His handover states explicitly that HAVE there means a child task found public price evidence and a plausible scraper path -- NOT that a crawler exists. Recorded as PENDING: it still needs to be implemented and live-tested before ingestion.
WILLIAM,bangladesh,138.0,FNB_LIKELY,PENDING,Kee Dorkar,https://keedorkar.com/,keedorkar.com,P2 - queue / EVIDENCE-ONLY,From Will's 2026-09-11 South Asia wave. His handover states explicitly that HAVE there means a child task found public price evidence and a plausible scraper path -- NOT that a crawler exists. Recorded as PENDING: it still needs to be implemented and live-tested before ingestion.
WILLIAM,bangladesh,138.0,FNB_LIKELY,PENDING,Krishi Mart BD,https://krishimartbd.com/,krishimartbd.com,P2 - queue / EVIDENCE-ONLY,From Will's 2026-09-11 South Asia wave. His handover states explicitly that HAVE there means a child task found public price evidence and a plausible scraper path -- NOT that a crawler exists. Recorded as PENDING: it still needs to be implemented and live-tested before ingestion.
WILLIAM,bangladesh,138.0,FNB_LIKELY,PENDING,Ekota Mart,https://shop.ekotamart.com/,shop.ekotamart.com,P2 - queue / CANDIDATE,From Will's 2026-09-11 South Asia wave. His handover states explicitly that HAVE there means a child task found public price evidence and a plausible scraper path -- NOT that a crawler exists. Recorded as PENDING: it still needs to be implemented and live-tested before ingestion.
WILLIAM,bangladesh,138.0,FNB_LIKELY,PENDING,Aziz Traders,https://aziztraders.store/,aziztraders.store,P2 - queue / CANDIDATE,From Will's 2026-09-11 South Asia wave. His handover states explicitly that HAVE there means a child task found public price evidence and a plausible scraper path -- NOT that a crawler exists. Recorded as PENDING: it still needs to be implemented and live-tested before ingestion.
WILLIAM,bangladesh,138.0,FNB_LIKELY,PENDING,Fair Electronics,https://fairelectronics.com.bd/,fairelectronics.com.bd,P2 - queue / EVIDENCE-ONLY,From Will's 2026-09-11 South Asia wave. His handover states explicitly that HAVE there means a child task found public price evidence and a plausible scraper path -- NOT that a crawler exists. Recorded as PENDING: it still needs to be implemented and live-tested before ingestion.
WILLIAM,bangladesh,138.0,FNB_LIKELY,PENDING,Gadget Zone,https://gadgetzzone.com/,gadgetzzone.com,P2 - queue / EVIDENCE-ONLY,From Will's 2026-09-11 South Asia wave. His handover states explicitly that HAVE there means a child task found public price evidence and a plausible scraper path -- NOT that a crawler exists. Recorded as PENDING: it still needs to be implemented and live-tested before ingestion.
WILLIAM,bangladesh,138.0,FNB_LIKELY,LAST_TRY_FAILED,Shwapno on Pathao Food,https://food.pathao.com/restaurants/geydambsha/shwapno,food.pathao.com,SKIP / CHILD-TASK-SKIP,"Will's 2026-09-11 South Asia wave marked this SKIP (app-gated, no price, or wrong country)."
WILLIAM,bangladesh,138.0,FNB_LIKELY,PENDING,Agora Superstores,https://agorasuperstores.com/best_for_you,agorasuperstores.com,P2 - queue / EVIDENCE-ONLY,From Will's 2026-09-11 South Asia wave. His handover states explicitly that HAVE there means a child task found public price evidence and a plausible scraper path -- NOT that a crawler exists. Recorded as PENDING: it still needs to be implemented and live-tested before ingestion.
WILLIAM,bangladesh,138.0,FNB_LIKELY,PENDING,Hamakere Haat,https://hamakerehaat.com/,hamakerehaat.com,P2 - queue / EVIDENCE-ONLY,From Will's 2026-09-11 South Asia wave. His handover states explicitly that HAVE there means a child task found public price evidence and a plausible scraper path -- NOT that a crawler exists. Recorded as PENDING: it still needs to be implemented and live-tested before ingestion.
WILLIAM,bangladesh,138.0,FNB_LIKELY,PENDING,Khan Grocery Shop,https://www.khan.com.bd/,khan.com.bd,P2 - queue / EVIDENCE-ONLY,From Will's 2026-09-11 South Asia wave. His handover states explicitly that HAVE there means a child task found public price evidence and a plausible scraper path -- NOT that a crawler exists. Recorded as PENDING: it still needs to be implemented and live-tested before ingestion.
WILLIAM,bangladesh,138.0,FNB_LIKELY,PENDING,AshBazar,https://www.ashbazarbd.com/,ashbazarbd.com,P2 - queue / EVIDENCE-ONLY,From Will's 2026-09-11 South Asia wave. His handover states explicitly that HAVE there means a child task found public price evidence and a plausible scraper path -- NOT that a crawler exists. Recorded as PENDING: it still needs to be implemented and live-tested before ingestion.
WILLIAM,bangladesh,138.0,FNB_LIKELY,PENDING,Sodaipati,https://sodaipati.com.bd/category/grocery,sodaipati.com.bd,P2 - queue / EVIDENCE-ONLY,From Will's 2026-09-11 South Asia wave. His handover states explicitly that HAVE there means a child task found public price evidence and a plausible scraper path -- NOT that a crawler exists. Recorded as PENDING: it still needs to be implemented and live-tested before ingestion.
WILLIAM,bangladesh,138.0,FNB_LIKELY,PENDING,Kabir eMart,https://www.kabiremart.com.bd/,kabiremart.com.bd,P2 - queue / EVIDENCE-ONLY,From Will's 2026-09-11 South Asia wave. His handover states explicitly that HAVE there means a child task found public price evidence and a plausible scraper path -- NOT that a crawler exists. Recorded as PENDING: it still needs to be implemented and live-tested before ingestion.
WILLIAM,bangladesh,138.0,FNB_LIKELY,PENDING,Sodai Kutir,https://www.sodaikutir.com/,sodaikutir.com,P2 - queue / EVIDENCE-ONLY,From Will's 2026-09-11 South Asia wave. His handover states explicitly that HAVE there means a child task found public price evidence and a plausible scraper path -- NOT that a crawler exists. Recorded as PENDING: it still needs to be implemented and live-tested before ingestion.
WILLIAM,bangladesh,138.0,FNB_LIKELY,PENDING,KDSBD,https://kdsbd.com/,kdsbd.com,P2 - queue / EVIDENCE-ONLY,From Will's 2026-09-11 South Asia wave. His handover states explicitly that HAVE there means a child task found public price evidence and a plausible scraper path -- NOT that a crawler exists. Recorded as PENDING: it still needs to be implemented and live-tested before ingestion.
WILLIAM,bangladesh,138.0,FNB_LIKELY,PENDING,Basket Shop BD,https://www.basketshopbd.com/,basketshopbd.com,P2 - queue / EVIDENCE-ONLY,From Will's 2026-09-11 South Asia wave. His handover states explicitly that HAVE there means a child task found public price evidence and a plausible scraper path -- NOT that a crawler exists. Recorded as PENDING: it still needs to be implemented and live-tested before ingestion.
WILLIAM,bangladesh,138.0,FNB_LIKELY,PENDING,Bread & Beyond,https://breadandbeyondbd.com/beverage,breadandbeyondbd.com,P2 - queue / EVIDENCE-ONLY,From Will's 2026-09-11 South Asia wave. His handover states explicitly that HAVE there means a child task found public price evidence and a plausible scraper path -- NOT that a crawler exists. Recorded as PENDING: it still needs to be implemented and live-tested before ingestion.
WILLIAM,bangladesh,138.0,FNB_LIKELY,PENDING,Sorboraho,https://sorboraho.com.bd/collections/soft-drinks,sorboraho.com.bd,P2 - queue / EVIDENCE-ONLY,From Will's 2026-09-11 South Asia wave. His handover states explicitly that HAVE there means a child task found public price evidence and a plausible scraper path -- NOT that a crawler exists. Recorded as PENDING: it still needs to be implemented and live-tested before ingestion.
WILLIAM,bangladesh,138.0,FNB_LIKELY,PENDING,E-MARKET,https://emarketltd.com/?child_id=96&page=products,emarketltd.com,P2 - queue / CANDIDATE,From Will's 2026-09-11 South Asia wave. His handover states explicitly that HAVE there means a child task found public price evidence and a plausible scraper path -- NOT that a crawler exists. Recorded as PENDING: it still needs to be implemented and live-tested before ingestion.
WILLIAM,bangladesh,138.0,FNB_LIKELY,PENDING,Fenimart,https://www.fenimart.com/,fenimart.com,P2 - queue / CANDIDATE,From Will's 2026-09-11 South Asia wave. His handover states explicitly that HAVE there means a child task found public price evidence and a plausible scraper path -- NOT that a crawler exists. Recorded as PENDING: it still needs to be implemented and live-tested before ingestion.
WILLIAM,bangladesh,138.0,FNB_LIKELY,LAST_TRY_FAILED,E-Dokan / DhakaHostIT demo,https://ecommerce.dhakahostit.com/,ecommerce.dhakahostit.com,SKIP / CHILD-TASK-FAILED,Will's 2026-09-11 South Asia wave could not retrieve prices.
WILLIAM,bangladesh,138.0,FNB_LIKELY,PENDING,BanglaShoppers Grocery,https://www.banglashoppers.com/grocery-shop.html,banglashoppers.com,P2 - queue / EVIDENCE-ONLY,From Will's 2026-09-11 South Asia wave. His handover states explicitly that HAVE there means a child task found public price evidence and a plausible scraper path -- NOT that a crawler exists. Recorded as PENDING: it still needs to be implemented and live-tested before ingestion.
WILLIAM,bangladesh,138.0,FNB_LIKELY,PENDING,ClickCart BD,https://www.clickcartbd.com/,clickcartbd.com,P2 - queue / EVIDENCE-ONLY,From Will's 2026-09-11 South Asia wave. His handover states explicitly that HAVE there means a child task found public price evidence and a plausible scraper path -- NOT that a crawler exists. Recorded as PENDING: it still needs to be implemented and live-tested before ingestion.
WILLIAM,bangladesh,138.0,FNB_LIKELY,PENDING,Farmers Food BD,https://www.farmerfoodbd.com/,farmerfoodbd.com,P2 - queue / EVIDENCE-ONLY,From Will's 2026-09-11 South Asia wave. His handover states explicitly that HAVE there means a child task found public price evidence and a plausible scraper path -- NOT that a crawler exists. Recorded as PENDING: it still needs to be implemented and live-tested before ingestion.
WILLIAM,bangladesh,138.0,FNB_LIKELY,PENDING,Nutrify Food,https://www.nutrifyfoodbd.com/,nutrifyfoodbd.com,P2 - queue / EVIDENCE-ONLY,From Will's 2026-09-11 South Asia wave. His handover states explicitly that HAVE there means a child task found public price evidence and a plausible scraper path -- NOT that a crawler exists. Recorded as PENDING: it still needs to be implemented and live-tested before ingestion.
WILLIAM,bangladesh,138.0,FNB_LIKELY,PENDING,Abir Foods,https://www.abirfoodsbd.com/,abirfoodsbd.com,P2 - queue / EVIDENCE-ONLY,From Will's 2026-09-11 South Asia wave. His handover states explicitly that HAVE there means a child task found public price evidence and a plausible scraper path -- NOT that a crawler exists. Recorded as PENDING: it still needs to be implemented and live-tested before ingestion.
WILLIAM,bangladesh,138.0,FNB_LIKELY,PENDING,Pundra Mart,https://pundramart.com/,pundramart.com,P2 - queue / EVIDENCE-ONLY,From Will's 2026-09-11 South Asia wave. His handover states explicitly that HAVE there means a child task found public price evidence and a plausible scraper path -- NOT that a crawler exists. Recorded as PENDING: it still needs to be implemented and live-tested before ingestion.
WILLIAM,bangladesh,138.0,FNB_LIKELY,PENDING,Well Food Sylhet,https://www.wellfoodsylhet.com/,wellfoodsylhet.com,P2 - queue / EVIDENCE-ONLY,From Will's 2026-09-11 South Asia wave. His handover states explicitly that HAVE there means a child task found public price evidence and a plausible scraper path -- NOT that a crawler exists. Recorded as PENDING: it still needs to be implemented and live-tested before ingestion.
WILLIAM,bangladesh,138.0,FNB_LIKELY,PENDING,JaiboVumi,https://jaibovumi.com/,jaibovumi.com,P2 - queue / EVIDENCE-ONLY,From Will's 2026-09-11 South Asia wave. His handover states explicitly that HAVE there means a child task found public price evidence and a plausible scraper path -- NOT that a crawler exists. Recorded as PENDING: it still needs to be implemented and live-tested before ingestion.
WILLIAM,bangladesh,138.0,FNB_LIKELY,PENDING,Anayase,https://anayase.com/,anayase.com,P2 - queue / EVIDENCE-ONLY,From Will's 2026-09-11 South Asia wave. His handover states explicitly that HAVE there means a child task found public price evidence and a plausible scraper path -- NOT that a crawler exists. Recorded as PENDING: it still needs to be implemented and live-tested before ingestion.
WILLIAM,bangladesh,138.0,FNB_LIKELY,PENDING,LR Bazar,https://www.lrbazar.com/,lrbazar.com,P2 - queue / CANDIDATE,From Will's 2026-09-11 South Asia wave. His handover states explicitly that HAVE there means a child task found public price evidence and a plausible scraper path -- NOT that a crawler exists. Recorded as PENDING: it still needs to be implemented and live-tested before ingestion.
WILLIAM,bangladesh,138.0,FNB_LIKELY,PENDING,AgroTown BD,https://www.agrotownbd.com/,agrotownbd.com,P2 - queue / EVIDENCE-ONLY,From Will's 2026-09-11 South Asia wave. His handover states explicitly that HAVE there means a child task found public price evidence and a plausible scraper path -- NOT that a crawler exists. Recorded as PENDING: it still needs to be implemented and live-tested before ingestion.
WILLIAM,bangladesh,138.0,FNB_LIKELY,PENDING,Tayyib,https://www.tayyib.com.bd/,tayyib.com.bd,P2 - queue / EVIDENCE-ONLY,From Will's 2026-09-11 South Asia wave. His handover states explicitly that HAVE there means a child task found public price evidence and a plausible scraper path -- NOT that a crawler exists. Recorded as PENDING: it still needs to be implemented and live-tested before ingestion.
WILLIAM,bangladesh,138.0,FNB_LIKELY,PENDING,MegaLink Agro,https://megalinkagro.com/,megalinkagro.com,P2 - queue / EVIDENCE-ONLY,From Will's 2026-09-11 South Asia wave. His handover states explicitly that HAVE there means a child task found public price evidence and a plausible scraper path -- NOT that a crawler exists. Recorded as PENDING: it still needs to be implemented and live-tested before ingestion.
WILLIAM,bangladesh,138.0,FNB_LIKELY,PENDING,GrameenfoodBD,https://www.grameenfoodbd.com/,grameenfoodbd.com,P2 - queue / EVIDENCE-ONLY,From Will's 2026-09-11 South Asia wave. His handover states explicitly that HAVE there means a child task found public price evidence and a plausible scraper path -- NOT that a crawler exists. Recorded as PENDING: it still needs to be implemented and live-tested before ingestion.
WILLIAM,bangladesh,138.0,FNB_LIKELY,PENDING,Green Farm,https://www.greenfarm.com.bd/,greenfarm.com.bd,P2 - queue / EVIDENCE-ONLY,From Will's 2026-09-11 South Asia wave. His handover states explicitly that HAVE there means a child task found public price evidence and a plausible scraper path -- NOT that a crawler exists. Recorded as PENDING: it still needs to be implemented and live-tested before ingestion.
WILLIAM,bangladesh,138.0,FNB_LIKELY,PENDING,Krishok Bazar,https://krishokbazar.com.bd/,krishokbazar.com.bd,P2 - queue / EVIDENCE-ONLY,From Will's 2026-09-11 South Asia wave. His handover states explicitly that HAVE there means a child task found public price evidence and a plausible scraper path -- NOT that a crawler exists. Recorded as PENDING: it still needs to be implemented and live-tested before ingestion.
WILLIAM,bangladesh,138.0,FNB_LIKELY,PENDING,Metro Mart Online,https://www.metromartonline.com/,metromartonline.com,P2 - queue / EVIDENCE-ONLY,From Will's 2026-09-11 South Asia wave. His handover states explicitly that HAVE there means a child task found public price evidence and a plausible scraper path -- NOT that a crawler exists. Recorded as PENDING: it still needs to be implemented and live-tested before ingestion.
WILLIAM,bangladesh,138.0,FNB_LIKELY,PENDING,GBangla Network,https://gbanglanetwork.com/,gbanglanetwork.com,P2 - queue / EVIDENCE-ONLY,From Will's 2026-09-11 South Asia wave. His handover states explicitly that HAVE there means a child task found public price evidence and a plausible scraper path -- NOT that a crawler exists. Recorded as PENDING: it still needs to be implemented and live-tested before ingestion.
WILLIAM,bangladesh,138.0,FNB_LIKELY,PENDING,Daam Kemon,https://daam-kemon.vercel.app/,daam-kemon.vercel.app,P2 - queue / CANDIDATE,From Will's 2026-09-11 South Asia wave. His handover states explicitly that HAVE there means a child task found public price evidence and a plausible scraper path -- NOT that a crawler exists. Recorded as PENDING: it still needs to be implemented and live-tested before ingestion.
WILLIAM,bangladesh,138.0,FNB_LIKELY,PENDING,Krishibid Bazaar,https://krishibidbazaar.com/category/krishibid-own-products,krishibidbazaar.com,P2 - queue / EVIDENCE-ONLY,From Will's 2026-09-11 South Asia wave. His handover states explicitly that HAVE there means a child task found public price evidence and a plausible scraper path -- NOT that a crawler exists. Recorded as PENDING: it still needs to be implemented and live-tested before ingestion.
WILLIAM,bangladesh,138.0,FNB_LIKELY,PENDING,ShareDeal,https://www.sharedealnow.com/,sharedealnow.com,P2 - queue / EVIDENCE-ONLY,From Will's 2026-09-11 South Asia wave. His handover states explicitly that HAVE there means a child task found public price evidence and a plausible scraper path -- NOT that a crawler exists. Recorded as PENDING: it still needs to be implemented and live-tested before ingestion.
WILLIAM,bangladesh,138.0,FNB_LIKELY,PENDING,Kazi Store demo-like supershop,https://supershop.isoftdemo.com/,supershop.isoftdemo.com,P2 - queue / CANDIDATE,From Will's 2026-09-11 South Asia wave. His handover states explicitly that HAVE there means a child task found public price evidence and a plausible scraper path -- NOT that a crawler exists. Recorded as PENDING: it still needs to be implemented and live-tested before ingestion.
WILLIAM,bangladesh,138.0,FNB_LIKELY,PENDING,bangladesh_caremebd,https://www.caremebd.com/product-category/tobacco/,caremebd.com,P2 - queue / NEEDS-CUSTOM-CRAWLER,Downloaded CSV batch on 2026-09-12; normalized site was not present in the base workbook | scraping ease: Easy | pricing visible: Yes | add as a new scrape target and crawler-creation candidate
WILLIAM,bangladesh,138.0,FNB_LIKELY,PENDING,bangladesh_foods_bd,https://foods.bd/,foods.bd,P2 - queue / NEEDS-CUSTOM-CRAWLER,Downloaded CSV batch on 2026-09-12; normalized site was not present in the base workbook | scraping ease: Easy | add as a new scrape target and crawler-creation candidate
WILLIAM,bangladesh,138.0,FNB_LIKELY,PENDING,bangladesh_asmishop,https://asmishop.com/,asmishop.com,P2 - queue / NEEDS-CUSTOM-CRAWLER,Downloaded CSV batch on 2026-09-12; normalized site was not present in the base workbook | scraping ease: Easy | add as a new scrape target and crawler-creation candidate
WILLIAM,bangladesh,138.0,FNB_LIKELY,PENDING,bangladesh_sngmart,https://sngmart.com/,sngmart.com,P2 - queue / NEEDS-CUSTOM-CRAWLER,Downloaded CSV batch on 2026-09-12; normalized site was not present in the base workbook | scraping ease: Easy | add as a new scrape target and crawler-creation candidate
WILLIAM,brunei_darussalam,139.0,FNB_LIKELY,PENDING,brunei_darussalam_kedaikubn,https://kedaikubn.com/,kedaikubn.com,P2 - queue / NEEDS-CUSTOM-CRAWLER,Downloaded CSV batch on 2026-09-12; normalized site was not present in the base workbook | scraping ease: Easy | add as a new scrape target and crawler-creation candidate
WILLIAM,oman,139.0,FNB_LIKELY,PENDING,Sharaf DG Oman,https://oman.sharafdg.com/,oman.sharafdg.com,P1 - build now / Direct,"Candidate found in the 2026-08-31 sourcing round, never built. build_tier=A - low-hanging fruit; scrapability=nan; class=Electronics/appliances"
WILLIAM,oman,139.0,FNB_LIKELY,PENDING,oman_stooq_store,https://stooq.store/products,stooq.store,P2 - queue / NEEDS-CUSTOM-CRAWLER,Downloaded CSV batch on 2026-09-12; normalized site was not present in the base workbook | scraping ease: Moderate | add as a new scrape target and crawler-creation candidate
WILLIAM,el_salvador,142.0,FNB_LIKELY,PENDING,Vidrí,https://www.vidri.com.sv/,vidri.com.sv,P2 - queue / Directory/report,"Candidate found in the 2026-08-31 sourcing round, never built. build_tier=C - engineering required; scrapability=nan; class=Hardware/home improvement"
WILLIAM,mozambique,144.0,FNB_LIKELY,PENDING,Casa Bhay Supermercado,http://krolyc.co.mz/,krolyc.co.mz,P2 - queue / SUSPECT,"Candidate found in the 2026-08-31 sourcing round, never built. build_tier=not scored; scrapability=nan; class=Custom"
WILLIAM,lithuania,149.0,FNB_LIKELY,PENDING,IKI,https://iki.lt/,iki.lt,P2 - queue / ACCEPT,"Candidate found in the 2026-08-31 sourcing round, never built. build_tier=C - engineering required; scrapability=3.0; class=Custom"
WILLIAM,estonia,152.0,FNB_LIKELY,PENDING,Selver,https://www.selver.ee/,selver.ee,P2 - queue / ACCEPT,"Candidate found in the 2026-08-31 sourcing round, never built. build_tier=C - engineering required; scrapability=3.0; class=Custom"
WILLIAM,moldova,153.0,FNB_LIKELY,PENDING,Pegas,https://pegas.md/ro,pegas.md,P2 - queue / SUSPECT,"Candidate found in the 2026-08-31 sourcing round, never built. build_tier=not scored; scrapability=nan; class=Custom"
WILLIAM,costa_rica,155.0,FNB_LIKELY,PENDING,Fischel,https://www.fischelenlinea.com/,fischelenlinea.com,P2 - queue / Directory/report,"Candidate found in the 2026-08-31 sourcing round, never built. build_tier=C - engineering required; scrapability=nan; class=Pharmacy"
WILLIAM,costa_rica,155.0,FNB_LIKELY,PENDING,PedidosYa country check,https://www.pedidosya.com/,pedidosya.com,P2 - queue / Directory/report,"Candidate found in the 2026-08-31 sourcing round, never built. build_tier=C - engineering required; scrapability=nan; class=Food/grocery delivery marketplace"
WILLIAM,costa_rica,155.0,FNB_LIKELY,PENDING,costa_rica_ecommerce_costaricadutyfree,https://ecommerce.costaricadutyfree.com/ECOMMERCE/ItemCategory?id=29&subcategory=0,ecommerce.costaricadutyfree.com,P2 - queue / NEEDS-CUSTOM-CRAWLER,Downloaded CSV batch on 2026-09-12; normalized site was not present in the base workbook | scraping ease: Moderate | pricing visible: Yes | add as a new scrape target and crawler-creation candidate
WILLIAM,costa_rica,155.0,FNB_LIKELY,PENDING,costa_rica_jacoliquor,https://jacoliquor.com/product-category/cigarros/cigarrillos/,jacoliquor.com,P2 - queue / NEEDS-CUSTOM-CRAWLER,Downloaded CSV batch on 2026-09-12; normalized site was not present in the base workbook | scraping ease: Easy | pricing visible: Yes | add as a new scrape target and crawler-creation candidate
WILLIAM,costa_rica,155.0,FNB_LIKELY,PENDING,costa_rica_reggae_house,https://reggae.house/categoria-producto/tabaco-costa-rica/,reggae.house,P2 - queue / NEEDS-CUSTOM-CRAWLER,Downloaded CSV batch on 2026-09-12; normalized site was not present in the base workbook | scraping ease: Easy | pricing visible: Yes | add as a new scrape target and crawler-creation candidate
WILLIAM,costa_rica,155.0,FNB_LIKELY,PENDING,costa_rica_yelu_cr,https://www.yelu.cr/category/Cigarros_y_Tabaco,yelu.cr,P2 - queue / NEEDS-CUSTOM-CRAWLER,Downloaded CSV batch on 2026-09-12; normalized site was not present in the base workbook | scraping ease: Moderate | pricing visible: No | add as a new scrape target and crawler-creation candidate
WILLIAM,israel,155.0,FNB_LIKELY,PENDING,KSP,https://ksp.co.il/,ksp.co.il,P1 - build now / Direct,"Candidate found in the 2026-08-31 sourcing round, never built. build_tier=A - low-hanging fruit; scrapability=nan; class=Electronics/general retailer"
WILLIAM,israel,155.0,FNB_LIKELY,PENDING,Yad2,https://www.yad2.co.il/,yad2.co.il,P2 - queue / Direct,"Candidate found in the 2026-08-31 sourcing round, never built. build_tier=C - engineering required; scrapability=nan; class=Classified marketplace"
WILLIAM,colombia,159.0,FNB_LIKELY,PENDING,Agrofy Colombia,https://www.agrofy.com.co/,agrofy.com.co,P2 - queue / Directory/report,"Candidate found in the 2026-08-31 sourcing round, never built. build_tier=C - engineering required; scrapability=nan; class=Agricultural marketplace"
WILLIAM,colombia,159.0,FNB_LIKELY,PENDING,Mercado Libre Colombia,https://www.mercadolibre.com.co/,mercadolibre.com.co,P2 - queue / Directory/report,"Candidate found in the 2026-08-31 sourcing round, never built. build_tier=C - engineering required; scrapability=nan; class=General marketplace"
WILLIAM,colombia,159.0,FNB_LIKELY,PENDING,colombia_bloommart,https://www.bloommart.co/collections/tabaco,bloommart.co,P2 - queue / NEEDS-CUSTOM-CRAWLER,Downloaded CSV batch on 2026-09-12; normalized site was not present in the base workbook | scraping ease: Easy | pricing visible: Yes | add as a new scrape target and crawler-creation candidate
WILLIAM,colombia,159.0,FNB_LIKELY,PENDING,colombia_cigarrospuros,https://www.cigarrospuros.com/,cigarrospuros.com,P2 - queue / NEEDS-CUSTOM-CRAWLER,Downloaded CSV batch on 2026-09-12; normalized site was not present in the base workbook | scraping ease: Moderate | pricing visible: Limited | add as a new scrape target and crawler-creation candidate
WILLIAM,colombia,159.0,FNB_LIKELY,PENDING,colombia_habanoslatabaqueria,https://www.habanoslatabaqueria.com.co/,habanoslatabaqueria.com.co,P2 - queue / NEEDS-CUSTOM-CRAWLER,Downloaded CSV batch on 2026-09-12; normalized site was not present in the base workbook | scraping ease: Easy | pricing visible: Yes | add as a new scrape target and crawler-creation candidate
WILLIAM,colombia,159.0,FNB_LIKELY,PENDING,colombia_lacavadelpuro,https://www.lacavadelpuro.com/shop,lacavadelpuro.com,P2 - queue / NEEDS-CUSTOM-CRAWLER,Downloaded CSV batch on 2026-09-12; normalized site was not present in the base workbook | scraping ease: Moderate | pricing visible: Limited | add as a new scrape target and crawler-creation candidate
WILLIAM,colombia,159.0,FNB_LIKELY,PENDING,colombia_lalicorera,https://lalicorera.com/productos/cigarrillos,lalicorera.com,P2 - queue / NEEDS-CUSTOM-CRAWLER,Downloaded CSV batch on 2026-09-12; normalized site was not present in the base workbook | scraping ease: Easy | pricing visible: Yes | add as a new scrape target and crawler-creation candidate
WILLIAM,malta,160.0,FNB_LIKELY,PENDING,Supermarket.mt,https://supermarket.mt/,supermarket.mt,P1 - build now / ACCEPT,"Candidate found in the 2026-08-31 sourcing round, never built. build_tier=B - moderate effort; scrapability=4.0; class=Custom"
WILLIAM,malta,160.0,FNB_LIKELY,PENDING,Welbee's,https://welbees.com.mt/,welbees.com.mt,P1 - build now / ACCEPT,"Candidate found in the 2026-08-31 sourcing round, never built. build_tier=A - low-hanging fruit; scrapability=5.0; class=WordPress/WooCommerce"
WILLIAM,malta,160.0,FNB_LIKELY,PENDING,malta_nord_mt,https://nord.mt/,nord.mt,P2 - queue / NEEDS-CUSTOM-CRAWLER,Downloaded CSV batch on 2026-09-12; normalized site was not present in the base workbook | scraping ease: Moderate | add as a new scrape target and crawler-creation candidate
WILLIAM,malta,160.0,FNB_LIKELY,PENDING,malta_cinitalmija,https://cinitalmija.com/shop/,cinitalmija.com,P2 - queue / NEEDS-CUSTOM-CRAWLER,Downloaded CSV batch on 2026-09-12; normalized site was not present in the base workbook | scraping ease: Easy | add as a new scrape target and crawler-creation candidate
WILLIAM,malta,160.0,FNB_LIKELY,PENDING,malta_meatsandeats_mt,https://meatsandeats.com.mt/,meatsandeats.com.mt,P2 - queue / NEEDS-CUSTOM-CRAWLER,Downloaded CSV batch on 2026-09-12; normalized site was not present in the base workbook | scraping ease: Moderate | add as a new scrape target and crawler-creation candidate
WILLIAM,malta,160.0,FNB_LIKELY,PENDING,malta_maltaproducts,https://www.maltaproducts.com/product-category/grocery-items/pulses-grains-and-mushrooms/,maltaproducts.com,P2 - queue / NEEDS-CUSTOM-CRAWLER,Downloaded CSV batch on 2026-09-12; normalized site was not present in the base workbook | scraping ease: Moderate | add as a new scrape target and crawler-creation candidate
WILLIAM,india,164.0,FNB_LIKELY,PENDING,JioMart rice and cereals,https://www.jiomart.com/sections/rice-and-cereals-1p-scroll,jiomart.com,P2 - queue / EVIDENCE-ONLY,From Will's 2026-09-11 South Asia wave. His handover states explicitly that HAVE there means a child task found public price evidence and a plausible scraper path -- NOT that a crawler exists. Recorded as PENDING: it still needs to be implemented and live-tested before ingestion.
WILLIAM,india,164.0,FNB_LIKELY,PENDING,Flipkart Food Products,https://www.flipkart.com/all/pr?sid=eat,flipkart.com,P2 - queue / EVIDENCE-ONLY,From Will's 2026-09-11 South Asia wave. His handover states explicitly that HAVE there means a child task found public price evidence and a plausible scraper path -- NOT that a crawler exists. Recorded as PENDING: it still needs to be implemented and live-tested before ingestion.
WILLIAM,india,164.0,FNB_LIKELY,PENDING,PriceBasket,https://pricebasket.in/,pricebasket.in,P2 - queue / EVIDENCE-ONLY,From Will's 2026-09-11 South Asia wave. His handover states explicitly that HAVE there means a child task found public price evidence and a plausible scraper path -- NOT that a crawler exists. Recorded as PENDING: it still needs to be implemented and live-tested before ingestion.
WILLIAM,india,164.0,FNB_LIKELY,PENDING,BudgetBasket,https://www.budgetbasket.co.in/,budgetbasket.co.in,P2 - queue / EVIDENCE-ONLY,From Will's 2026-09-11 South Asia wave. His handover states explicitly that HAVE there means a child task found public price evidence and a plausible scraper path -- NOT that a crawler exists. Recorded as PENDING: it still needs to be implemented and live-tested before ingestion.
WILLIAM,india,164.0,FNB_LIKELY,PENDING,FantasticFood,https://www.fantasticfood.in/,fantasticfood.in,P2 - queue / EVIDENCE-ONLY,From Will's 2026-09-11 South Asia wave. His handover states explicitly that HAVE there means a child task found public price evidence and a plausible scraper path -- NOT that a crawler exists. Recorded as PENDING: it still needs to be implemented and live-tested before ingestion.
WILLIAM,india,164.0,FNB_LIKELY,PENDING,Smartprix Grocery,https://www.smartprix.com/grocery,smartprix.com,P2 - queue / CANDIDATE,From Will's 2026-09-11 South Asia wave. His handover states explicitly that HAVE there means a child task found public price evidence and a plausible scraper path -- NOT that a crawler exists. Recorded as PENDING: it still needs to be implemented and live-tested before ingestion.
WILLIAM,india,164.0,FNB_LIKELY,PENDING,Comparify Grocery,https://comparify.pro/grocery-price-comparison,comparify.pro,P2 - queue / CANDIDATE,From Will's 2026-09-11 South Asia wave. His handover states explicitly that HAVE there means a child task found public price evidence and a plausible scraper path -- NOT that a crawler exists. Recorded as PENDING: it still needs to be implemented and live-tested before ingestion.
WILLIAM,india,164.0,FNB_LIKELY,PENDING,Groka,https://www.groka.in/,groka.in,P2 - queue / CANDIDATE,From Will's 2026-09-11 South Asia wave. His handover states explicitly that HAVE there means a child task found public price evidence and a plausible scraper path -- NOT that a crawler exists. Recorded as PENDING: it still needs to be implemented and live-tested before ingestion.
WILLIAM,india,164.0,FNB_LIKELY,PENDING,PriceKart,https://www.pricekart.in/,pricekart.in,P2 - queue / CANDIDATE,From Will's 2026-09-11 South Asia wave. His handover states explicitly that HAVE there means a child task found public price evidence and a plausible scraper path -- NOT that a crawler exists. Recorded as PENDING: it still needs to be implemented and live-tested before ingestion.
WILLIAM,india,164.0,FNB_LIKELY,PENDING,SHOP WHERE WE LIVE,https://mydukaan.io/onlinefront,mydukaan.io,P2 - queue / EVIDENCE-ONLY,From Will's 2026-09-11 South Asia wave. His handover states explicitly that HAVE there means a child task found public price evidence and a plausible scraper path -- NOT that a crawler exists. Recorded as PENDING: it still needs to be implemented and live-tested before ingestion.
WILLIAM,india,164.0,FNB_LIKELY,PENDING,JUMCO,https://www.jumco.in/,jumco.in,P2 - queue / CANDIDATE,From Will's 2026-09-11 South Asia wave. His handover states explicitly that HAVE there means a child task found public price evidence and a plausible scraper path -- NOT that a crawler exists. Recorded as PENDING: it still needs to be implemented and live-tested before ingestion.
WILLIAM,india,164.0,FNB_LIKELY,PENDING,Nature's Basket,https://www.naturesbasket.co.in/,naturesbasket.co.in,P2 - queue / CANDIDATE,From Will's 2026-09-11 South Asia wave. His handover states explicitly that HAVE there means a child task found public price evidence and a plausible scraper path -- NOT that a crawler exists. Recorded as PENDING: it still needs to be implemented and live-tested before ingestion.
WILLIAM,india,164.0,FNB_LIKELY,LAST_TRY_FAILED,Blinkit,https://blinkit.com/,blinkit.com,SKIP / CHILD-TASK-SKIP,"Will's 2026-09-11 South Asia wave marked this SKIP (app-gated, no price, or wrong country)."
WILLIAM,india,164.0,FNB_LIKELY,LAST_TRY_FAILED,Zepto,https://www.zeptonow.com/,zeptonow.com,SKIP / CHILD-TASK-SKIP,"Will's 2026-09-11 South Asia wave marked this SKIP (app-gated, no price, or wrong country)."
WILLIAM,india,164.0,FNB_LIKELY,LAST_TRY_FAILED,Swiggy Instamart,https://www.swiggy.com/instamart,swiggy.com,SKIP / CHILD-TASK-SKIP,"Will's 2026-09-11 South Asia wave marked this SKIP (app-gated, no price, or wrong country)."
WILLIAM,india,164.0,FNB_LIKELY,PENDING,Amazon Fresh / Amazon Grocery,https://www.amazon.in/alm/storefront?almBrandId=ctnow,amazon.in,P2 - queue / CANDIDATE,From Will's 2026-09-11 South Asia wave. His handover states explicitly that HAVE there means a child task found public price evidence and a plausible scraper path -- NOT that a crawler exists. Recorded as PENDING: it still needs to be implemented and live-tested before ingestion.
WILLIAM,india,164.0,FNB_LIKELY,PENDING,Tata CLiQ,https://www.tatacliq.com/,tatacliq.com,P2 - queue / CANDIDATE,From Will's 2026-09-11 South Asia wave. His handover states explicitly that HAVE there means a child task found public price evidence and a plausible scraper path -- NOT that a crawler exists. Recorded as PENDING: it still needs to be implemented and live-tested before ingestion.
WILLIAM,india,164.0,FNB_LIKELY,PENDING,Nykaa,https://www.nykaa.com/,nykaa.com,P2 - queue / CANDIDATE,From Will's 2026-09-11 South Asia wave. His handover states explicitly that HAVE there means a child task found public price evidence and a plausible scraper path -- NOT that a crawler exists. Recorded as PENDING: it still needs to be implemented and live-tested before ingestion.
WILLIAM,india,164.0,FNB_LIKELY,PENDING,Rozbasket,https://rozbasket.com/catalog,rozbasket.com,P2 - queue / EVIDENCE-ONLY,From Will's 2026-09-11 South Asia wave. His handover states explicitly that HAVE there means a child task found public price evidence and a plausible scraper path -- NOT that a crawler exists. Recorded as PENDING: it still needs to be implemented and live-tested before ingestion.
WILLIAM,india,164.0,FNB_LIKELY,PENDING,OpenMart Bengaluru,https://openmartshop.com/,openmartshop.com,P2 - queue / CANDIDATE,From Will's 2026-09-11 South Asia wave. His handover states explicitly that HAVE there means a child task found public price evidence and a plausible scraper path -- NOT that a crawler exists. Recorded as PENDING: it still needs to be implemented and live-tested before ingestion.
WILLIAM,india,164.0,FNB_LIKELY,PENDING,Fresh2Day,https://www.fresh2day.com/,fresh2day.com,P2 - queue / CANDIDATE,From Will's 2026-09-11 South Asia wave. His handover states explicitly that HAVE there means a child task found public price evidence and a plausible scraper path -- NOT that a crawler exists. Recorded as PENDING: it still needs to be implemented and live-tested before ingestion.
WILLIAM,india,164.0,FNB_LIKELY,PENDING,Angaadi Online,https://angaadionline.com/home.aspx,angaadionline.com,P2 - queue / EVIDENCE-ONLY,From Will's 2026-09-11 South Asia wave. His handover states explicitly that HAVE there means a child task found public price evidence and a plausible scraper path -- NOT that a crawler exists. Recorded as PENDING: it still needs to be implemented and live-tested before ingestion.
WILLIAM,india,164.0,FNB_LIKELY,PENDING,Grace Online,https://www.graceonline.in/,graceonline.in,P2 - queue / EVIDENCE-ONLY,From Will's 2026-09-11 South Asia wave. His handover states explicitly that HAVE there means a child task found public price evidence and a plausible scraper path -- NOT that a crawler exists. Recorded as PENDING: it still needs to be implemented and live-tested before ingestion.
WILLIAM,india,164.0,FNB_LIKELY,PENDING,SK Holla,https://www.skholla.in/grocery,skholla.in,P2 - queue / EVIDENCE-ONLY,From Will's 2026-09-11 South Asia wave. His handover states explicitly that HAVE there means a child task found public price evidence and a plausible scraper path -- NOT that a crawler exists. Recorded as PENDING: it still needs to be implemented and live-tested before ingestion.
WILLIAM,india,164.0,FNB_LIKELY,PENDING,Maligai,https://www.maligai.co.in/,maligai.co.in,P2 - queue / CANDIDATE,From Will's 2026-09-11 South Asia wave. His handover states explicitly that HAVE there means a child task found public price evidence and a plausible scraper path -- NOT that a crawler exists. Recorded as PENDING: it still needs to be implemented and live-tested before ingestion.
WILLIAM,india,164.0,FNB_LIKELY,PENDING,Green2Grocery,https://home.green2grocery.com/,home.green2grocery.com,P2 - queue / EVIDENCE-ONLY,From Will's 2026-09-11 South Asia wave. His handover states explicitly that HAVE there means a child task found public price evidence and a plausible scraper path -- NOT that a crawler exists. Recorded as PENDING: it still needs to be implemented and live-tested before ingestion.
WILLIAM,india,164.0,FNB_LIKELY,PENDING,Total Foods,https://totalfoods.in/groceries.html,totalfoods.in,P2 - queue / EVIDENCE-ONLY,From Will's 2026-09-11 South Asia wave. His handover states explicitly that HAVE there means a child task found public price evidence and a plausible scraper path -- NOT that a crawler exists. Recorded as PENDING: it still needs to be implemented and live-tested before ingestion.
WILLIAM,india,164.0,FNB_LIKELY,PENDING,JustShop24,https://www.justshop24.com/main/products/Fruits-and-Vegetables/7/Vegetables/33,justshop24.com,P2 - queue / EVIDENCE-ONLY,From Will's 2026-09-11 South Asia wave. His handover states explicitly that HAVE there means a child task found public price evidence and a plausible scraper path -- NOT that a crawler exists. Recorded as PENDING: it still needs to be implemented and live-tested before ingestion.
WILLIAM,india,164.0,FNB_LIKELY,LAST_TRY_FAILED,GoRamu,https://play.google.com/store/apps/details?id=com.rodeodigital.goramukoaa,play.google.com,SKIP / CHILD-TASK-SKIP,"Will's 2026-09-11 South Asia wave marked this SKIP (app-gated, no price, or wrong country)."
WILLIAM,india,164.0,FNB_LIKELY,PENDING,Just Cart / Bit VR,https://www.exportersindia.com/reality-bit-pune/,exportersindia.com,P2 - queue / CANDIDATE,From Will's 2026-09-11 South Asia wave. His handover states explicitly that HAVE there means a child task found public price evidence and a plausible scraper path -- NOT that a crawler exists. Recorded as PENDING: it still needs to be implemented and live-tested before ingestion.
WILLIAM,india,164.0,FNB_LIKELY,PENDING,Chintamani Cooperative Super Market,https://chinthamanicoop.com/,chinthamanicoop.com,P2 - queue / EVIDENCE-ONLY,From Will's 2026-09-11 South Asia wave. His handover states explicitly that HAVE there means a child task found public price evidence and a plausible scraper path -- NOT that a crawler exists. Recorded as PENDING: it still needs to be implemented and live-tested before ingestion.
WILLIAM,india,164.0,FNB_LIKELY,PENDING,AK Fresh Mart,https://akfreshmart.com/,akfreshmart.com,P2 - queue / EVIDENCE-ONLY,From Will's 2026-09-11 South Asia wave. His handover states explicitly that HAVE there means a child task found public price evidence and a plausible scraper path -- NOT that a crawler exists. Recorded as PENDING: it still needs to be implemented and live-tested before ingestion.
WILLIAM,india,164.0,FNB_LIKELY,PENDING,RC MyMall,https://www.rcmymall.in/,rcmymall.in,P2 - queue / EVIDENCE-ONLY,From Will's 2026-09-11 South Asia wave. His handover states explicitly that HAVE there means a child task found public price evidence and a plausible scraper path -- NOT that a crawler exists. Recorded as PENDING: it still needs to be implemented and live-tested before ingestion.
WILLIAM,india,164.0,FNB_LIKELY,PENDING,Ondoor,https://www.ondoor.com/,ondoor.com,P2 - queue / EVIDENCE-ONLY,From Will's 2026-09-11 South Asia wave. His handover states explicitly that HAVE there means a child task found public price evidence and a plausible scraper path -- NOT that a crawler exists. Recorded as PENDING: it still needs to be implemented and live-tested before ingestion.
WILLIAM,india,164.0,FNB_LIKELY,LAST_TRY_FAILED,Happick,https://www.suratwale.com/directory/happick-online-grocery-app,suratwale.com,SKIP / CHILD-TASK-SKIP,"Will's 2026-09-11 South Asia wave marked this SKIP (app-gated, no price, or wrong country)."
WILLIAM,india,164.0,FNB_LIKELY,PENDING,Pathayam,https://pathayam.in/Welcome/checkout,pathayam.in,P2 - queue / CANDIDATE,From Will's 2026-09-11 South Asia wave. His handover states explicitly that HAVE there means a child task found public price evidence and a plausible scraper path -- NOT that a crawler exists. Recorded as PENDING: it still needs to be implemented and live-tested before ingestion.
WILLIAM,india,164.0,FNB_LIKELY,PENDING,Chitki,https://www.chitki.com/search?q=locally,chitki.com,P2 - queue / CANDIDATE,From Will's 2026-09-11 South Asia wave. His handover states explicitly that HAVE there means a child task found public price evidence and a plausible scraper path -- NOT that a crawler exists. Recorded as PENDING: it still needs to be implemented and live-tested before ingestion.
WILLIAM,india,164.0,FNB_LIKELY,PENDING,Krishi Dhara,https://krishidhara.com/lentils-e-store-dal/,krishidhara.com,P2 - queue / EVIDENCE-ONLY,From Will's 2026-09-11 South Asia wave. His handover states explicitly that HAVE there means a child task found public price evidence and a plausible scraper path -- NOT that a crawler exists. Recorded as PENDING: it still needs to be implemented and live-tested before ingestion.
WILLIAM,india,164.0,FNB_LIKELY,PENDING,MagniKart,https://www.magnikart.com/,magnikart.com,P2 - queue / EVIDENCE-ONLY,From Will's 2026-09-11 South Asia wave. His handover states explicitly that HAVE there means a child task found public price evidence and a plausible scraper path -- NOT that a crawler exists. Recorded as PENDING: it still needs to be implemented and live-tested before ingestion.
WILLIAM,india,164.0,FNB_LIKELY,PENDING,Dhansheera,https://dhansheera.co.in/,dhansheera.co.in,P2 - queue / CANDIDATE,From Will's 2026-09-11 South Asia wave. His handover states explicitly that HAVE there means a child task found public price evidence and a plausible scraper path -- NOT that a crawler exists. Recorded as PENDING: it still needs to be implemented and live-tested before ingestion.
WILLIAM,india,164.0,FNB_LIKELY,PENDING,Aaram Bazar,https://www.telegraphindia.com/jharkhand/junk-your-shopping-bag-get-dal-chawal-online-grocery-portal-picks-up-among-capital-s-working-women-upwardly-mobile-steel-towns-next-in-line/cid/334465,telegraphindia.com,P2 - queue / CANDIDATE,From Will's 2026-09-11 South Asia wave. His handover states explicitly that HAVE there means a child task found public price evidence and a plausible scraper path -- NOT that a crawler exists. Recorded as PENDING: it still needs to be implemented and live-tested before ingestion.
WILLIAM,india,164.0,FNB_LIKELY,PENDING,Takora Mart,https://www.takoramart.com/category/spices,takoramart.com,P2 - queue / EVIDENCE-ONLY,From Will's 2026-09-11 South Asia wave. His handover states explicitly that HAVE there means a child task found public price evidence and a plausible scraper path -- NOT that a crawler exists. Recorded as PENDING: it still needs to be implemented and live-tested before ingestion.
WILLIAM,india,164.0,FNB_LIKELY,PENDING,Orggu,https://www.orggu.com/collections/buy-millets-online/,orggu.com,P2 - queue / EVIDENCE-ONLY,From Will's 2026-09-11 South Asia wave. His handover states explicitly that HAVE there means a child task found public price evidence and a plausible scraper path -- NOT that a crawler exists. Recorded as PENDING: it still needs to be implemented and live-tested before ingestion.
WILLIAM,india,164.0,FNB_LIKELY,PENDING,Meesho Dry Fruits,https://www.meesho.com/dry-fruits/pl/9pb,meesho.com,P2 - queue / EVIDENCE-ONLY,From Will's 2026-09-11 South Asia wave. His handover states explicitly that HAVE there means a child task found public price evidence and a plausible scraper path -- NOT that a crawler exists. Recorded as PENDING: it still needs to be implemented and live-tested before ingestion.
WILLIAM,india,164.0,FNB_LIKELY,PENDING,Continental Fresh,https://continentalfresh.in/,continentalfresh.in,P2 - queue / EVIDENCE-ONLY,From Will's 2026-09-11 South Asia wave. His handover states explicitly that HAVE there means a child task found public price evidence and a plausible scraper path -- NOT that a crawler exists. Recorded as PENDING: it still needs to be implemented and live-tested before ingestion.
WILLIAM,india,164.0,FNB_LIKELY,PENDING,Fishnmeat,https://fishnmeat.in/,fishnmeat.in,P2 - queue / EVIDENCE-ONLY,From Will's 2026-09-11 South Asia wave. His handover states explicitly that HAVE there means a child task found public price evidence and a plausible scraper path -- NOT that a crawler exists. Recorded as PENDING: it still needs to be implemented and live-tested before ingestion.
WILLIAM,india,164.0,FNB_LIKELY,PENDING,BombayFisher,https://bombayfisher.com/collections/fresh-fish,bombayfisher.com,P2 - queue / EVIDENCE-ONLY,From Will's 2026-09-11 South Asia wave. His handover states explicitly that HAVE there means a child task found public price evidence and a plausible scraper path -- NOT that a crawler exists. Recorded as PENDING: it still needs to be implemented and live-tested before ingestion.
WILLIAM,india,164.0,FNB_LIKELY,PENDING,Kolkata Fish,https://kolkatafish.com/,kolkatafish.com,P2 - queue / EVIDENCE-ONLY,From Will's 2026-09-11 South Asia wave. His handover states explicitly that HAVE there means a child task found public price evidence and a plausible scraper path -- NOT that a crawler exists. Recorded as PENDING: it still needs to be implemented and live-tested before ingestion.
WILLIAM,india,164.0,FNB_LIKELY,LAST_TRY_FAILED,Agora Fresh Fish,https://www.myagorastore.com/product/fish/fresh-fish.html,myagorastore.com,SKIP / CHILD-TASK-FAILED,Will's 2026-09-11 South Asia wave could not retrieve prices.
WILLIAM,india,164.0,FNB_LIKELY,PENDING,Lenskart,https://www.lenskart.com/eyeglasses/price-range.html,lenskart.com,P2 - queue / EVIDENCE-ONLY,From Will's 2026-09-11 South Asia wave. His handover states explicitly that HAVE there means a child task found public price evidence and a plausible scraper path -- NOT that a crawler exists. Recorded as PENDING: it still needs to be implemented and live-tested before ingestion.
WILLIAM,india,164.0,FNB_LIKELY,PENDING,Q-Mart Online,https://www.qmartonline.in/,qmartonline.in,P2 - queue / EVIDENCE-ONLY,From Will's 2026-09-11 South Asia wave. His handover states explicitly that HAVE there means a child task found public price evidence and a plausible scraper path -- NOT that a crawler exists. Recorded as PENDING: it still needs to be implemented and live-tested before ingestion.
WILLIAM,india,164.0,FNB_LIKELY,PENDING,Akshayakalpa,https://akshayakalpa.org/products/milk/,akshayakalpa.org,P2 - queue / EVIDENCE-ONLY,From Will's 2026-09-11 South Asia wave. His handover states explicitly that HAVE there means a child task found public price evidence and a plausible scraper path -- NOT that a crawler exists. Recorded as PENDING: it still needs to be implemented and live-tested before ingestion.
WILLIAM,india,164.0,FNB_LIKELY,PENDING,Country Delight,https://countrydelight.in/,countrydelight.in,P2 - queue / CANDIDATE,From Will's 2026-09-11 South Asia wave. His handover states explicitly that HAVE there means a child task found public price evidence and a plausible scraper path -- NOT that a crawler exists. Recorded as PENDING: it still needs to be implemented and live-tested before ingestion.
WILLIAM,india,164.0,FNB_LIKELY,PENDING,Zepto public product/category pages,https://www.zepto.com/brand/Country_delight/02740572-600b-4e5b-9e31-6b52f07a8b13,zepto.com,P2 - queue / EVIDENCE-ONLY,From Will's 2026-09-11 South Asia wave. His handover states explicitly that HAVE there means a child task found public price evidence and a plausible scraper path -- NOT that a crawler exists. Recorded as PENDING: it still needs to be implemented and live-tested before ingestion.
WILLIAM,india,164.0,FNB_LIKELY,PENDING,Organic Valley,https://www.organicvalley.co.in/product/paneer-500gm,organicvalley.co.in,P2 - queue / EVIDENCE-ONLY,From Will's 2026-09-11 South Asia wave. His handover states explicitly that HAVE there means a child task found public price evidence and a plausible scraper path -- NOT that a crawler exists. Recorded as PENDING: it still needs to be implemented and live-tested before ingestion.
WILLIAM,india,164.0,FNB_LIKELY,PENDING,Gavyam,https://www.gavyam.com/products/akshayakalpa-organic-paneer-200g,gavyam.com,P2 - queue / CANDIDATE,From Will's 2026-09-11 South Asia wave. His handover states explicitly that HAVE there means a child task found public price evidence and a plausible scraper path -- NOT that a crawler exists. Recorded as PENDING: it still needs to be implemented and live-tested before ingestion.
WILLIAM,india,164.0,FNB_LIKELY,LAST_TRY_FAILED,Avsar Mart,https://www.appbrain.com/app/avsar-mart-online-grocery-shopping-app/com.avsarmart.shopping,appbrain.com,SKIP / CHILD-TASK-SKIP,"Will's 2026-09-11 South Asia wave marked this SKIP (app-gated, no price, or wrong country)."
WILLIAM,india,164.0,FNB_LIKELY,PENDING,Freshdo,https://yourstory.com/2022/01/freshdo-online-grocery-startup-plans-fresh-food-items-delivering,yourstory.com,P2 - queue / CANDIDATE,From Will's 2026-09-11 South Asia wave. His handover states explicitly that HAVE there means a child task found public price evidence and a plausible scraper path -- NOT that a crawler exists. Recorded as PENDING: it still needs to be implemented and live-tested before ingestion.
WILLIAM,india,164.0,FNB_LIKELY,LAST_TRY_FAILED,NS Food Plus,https://yappe.in/assam/dibrugarh/ns-food-plus/454820,yappe.in,SKIP / CHILD-TASK-SKIP,"Will's 2026-09-11 South Asia wave marked this SKIP (app-gated, no price, or wrong country)."
WILLIAM,india,164.0,FNB_LIKELY,LAST_TRY_FAILED,Comilla Departmental Stores,https://www.justdial.com/Siliguri/Comilla-Departmental-Stores-Near-Old-Dooars-Bus-Stand-By-Lane-Hakimpara/9999PX353-X353-100109185741-N7B6DC_BZDET/reviews,justdial.com,SKIP / CHILD-TASK-SKIP,"Will's 2026-09-11 South Asia wave marked this SKIP (app-gated, no price, or wrong country)."
WILLIAM,india,164.0,FNB_LIKELY,PENDING,chotu local Jaipur produce,https://chotu.com/local/fruits-and-vegetables-in-malviya-nagar-jaipur-jaipur-rajasthan-india/ct-1624946/,chotu.com,P2 - queue / CANDIDATE,From Will's 2026-09-11 South Asia wave. His handover states explicitly that HAVE there means a child task found public price evidence and a plausible scraper path -- NOT that a crawler exists. Recorded as PENDING: it still needs to be implemented and live-tested before ingestion.
WILLIAM,india,164.0,FNB_LIKELY,PENDING,BigBasket dry fruits category,https://bbnow.bigbasket.com/pc/foodgrains-oil-masala/dry-fruits/?nc=ct-fa,bbnow.bigbasket.com,P2 - queue / EVIDENCE-ONLY,From Will's 2026-09-11 South Asia wave. His handover states explicitly that HAVE there means a child task found public price evidence and a plausible scraper path -- NOT that a crawler exists. Recorded as PENDING: it still needs to be implemented and live-tested before ingestion.
WILLIAM,india,164.0,FNB_LIKELY,PENDING,BigBasket city coverage via gift-card evidence,https://www.sbicard.com/en/personal/rewards/big-basket-e-gift-voucher-rs-1000,sbicard.com,P2 - queue / CANDIDATE,From Will's 2026-09-11 South Asia wave. His handover states explicitly that HAVE there means a child task found public price evidence and a plausible scraper path -- NOT that a crawler exists. Recorded as PENDING: it still needs to be implemented and live-tested before ingestion.
WILLIAM,india,164.0,FNB_LIKELY,PENDING,bigbasket business,https://business.bigbasket.com/cl/foodgrains-oil-masala/?nc=nb,business.bigbasket.com,P2 - queue / CANDIDATE,From Will's 2026-09-11 South Asia wave. His handover states explicitly that HAVE there means a child task found public price evidence and a plausible scraper path -- NOT that a crawler exists. Recorded as PENDING: it still needs to be implemented and live-tested before ingestion.
WILLIAM,india,164.0,FNB_LIKELY,PENDING,Pothys Mart,https://www.pothysmart.com/,pothysmart.com,P2 - queue / EVIDENCE-ONLY,From Will's 2026-09-11 South Asia wave. His handover states explicitly that HAVE there means a child task found public price evidence and a plausible scraper path -- NOT that a crawler exists. Recorded as PENDING: it still needs to be implemented and live-tested before ingestion.
WILLIAM,ireland,165.0,FNB_LIKELY,PENDING,Aldi Ireland,https://groceries.aldi.ie/,groceries.aldi.ie,P3 - backlog / SUSPECT,"Candidate found in the 2026-08-31 sourcing round, never built. build_tier=D - hard / app / index only; scrapability=2.0; class=Custom/Enterprise"
WILLIAM,ireland,165.0,FNB_LIKELY,PENDING,Dunnes Stores,https://www.dunnesstoresgrocery.com/,dunnesstoresgrocery.com,P2 - queue / ACCEPT,"Candidate found in the 2026-08-31 sourcing round, never built. build_tier=C - engineering required; scrapability=3.0; class=Custom"
WILLIAM,ireland,165.0,FNB_LIKELY,PENDING,Lidl Ireland,https://www.lidl.ie/,lidl.ie,P3 - backlog / SUSPECT,"Candidate found in the 2026-08-31 sourcing round, never built. build_tier=D - hard / app / index only; scrapability=2.0; class=Custom/Enterprise"
WILLIAM,ireland,165.0,FNB_LIKELY,PENDING,Tesco Ireland,https://www.tesco.ie/groceries/,tesco.ie,P3 - backlog / SUSPECT,"Candidate found in the 2026-08-31 sourcing round, never built. build_tier=D - hard / app / index only; scrapability=2.0; class=Custom/Enterprise"
WILLIAM,united_kingdom,166.0,FNB_LIKELY,PENDING,Amazon UK,https://www.amazon.co.uk/,amazon.co.uk,P2 - queue / Directory/report,"Candidate found in the 2026-08-31 sourcing round, never built. build_tier=C - engineering required; scrapability=nan; class=General marketplace"
WILLIAM,united_kingdom,166.0,FNB_LIKELY,PENDING,Argos,https://www.argos.co.uk/,argos.co.uk,P2 - queue / Directory/report,"Candidate found in the 2026-08-31 sourcing round, never built. build_tier=C - engineering required; scrapability=nan; class=General/big-box"
WILLIAM,united_kingdom,166.0,FNB_LIKELY,PENDING,Co-op UK,https://shop.coop.co.uk/,shop.coop.co.uk,P2 - queue / ACCEPT,"Candidate found in the 2026-08-31 sourcing round, never built. build_tier=C - engineering required; scrapability=3.0; class=Custom"
WILLIAM,united_kingdom,166.0,FNB_LIKELY,PENDING,Tesco,https://www.tesco.com/groceries/,tesco.com,P3 - backlog / SUSPECT,"Candidate found in the 2026-08-31 sourcing round, never built. build_tier=D - hard / app / index only; scrapability=2.0; class=Custom/Enterprise"
WILLIAM,ecuador,169.0,FNB_LIKELY,PENDING,Mercado Libre Ecuador,https://www.mercadolibre.com.ec/,mercadolibre.com.ec,P2 - queue / Directory/report,"Candidate found in the 2026-08-31 sourcing round, never built. build_tier=C - engineering required; scrapability=nan; class=General marketplace"
WILLIAM,ecuador,169.0,FNB_LIKELY,PENDING,ecuador_ecuadormall,https://ecuadormall.com/,ecuadormall.com,P2 - queue / NEEDS-CUSTOM-CRAWLER,Downloaded CSV batch on 2026-09-12; normalized site was not present in the base workbook | scraping ease: Easy | add as a new scrape target and crawler-creation candidate
WILLIAM,chile,171.0,FNB_LIKELY,PENDING,Mercado Libre Chile,https://www.mercadolibre.cl/,mercadolibre.cl,P2 - queue / Directory/report,"Candidate found in the 2026-08-31 sourcing round, never built. build_tier=C - engineering required; scrapability=nan; class=General marketplace"
WILLIAM,chile,171.0,FNB_LIKELY,PENDING,chile_batchile,https://www.batchile.com/marcas-e-produtos/precios-vigentes,batchile.com,P2 - queue / NEEDS-CUSTOM-CRAWLER,Downloaded CSV batch on 2026-09-12; normalized site was not present in the base workbook | scraping ease: Easy | pricing visible: Yes | add as a new scrape target and crawler-creation candidate
WILLIAM,chile,171.0,FNB_LIKELY,PENDING,chile_casasichel,https://casasichel.com/,casasichel.com,P2 - queue / NEEDS-CUSTOM-CRAWLER,Downloaded CSV batch on 2026-09-12; normalized site was not present in the base workbook | scraping ease: Easy | pricing visible: Yes | add as a new scrape target and crawler-creation candidate
WILLIAM,chile,171.0,FNB_LIKELY,PENDING,chile_centralmayorista_cl,https://www.centralmayorista.cl/ca/cigarros/0026,centralmayorista.cl,P2 - queue / NEEDS-CUSTOM-CRAWLER,Downloaded CSV batch on 2026-09-12; normalized site was not present in the base workbook | scraping ease: Easy | pricing visible: Yes | add as a new scrape target and crawler-creation candidate
WILLIAM,chile,171.0,FNB_LIKELY,PENDING,chile_enrolando_cl,https://www.enrolando.cl/tabaco-granel,enrolando.cl,P2 - queue / NEEDS-CUSTOM-CRAWLER,Downloaded CSV batch on 2026-09-12; normalized site was not present in the base workbook | scraping ease: Easy | pricing visible: Yes | add as a new scrape target and crawler-creation candidate
WILLIAM,chile,171.0,FNB_LIKELY,PENDING,chile_latabaqueria_cl,https://www.latabaqueria.cl/,latabaqueria.cl,P2 - queue / NEEDS-CUSTOM-CRAWLER,Downloaded CSV batch on 2026-09-12; normalized site was not present in the base workbook | scraping ease: Easy | pricing visible: Yes | add as a new scrape target and crawler-creation candidate
WILLIAM,chile,171.0,FNB_LIKELY,PENDING,chile_puros_cl,https://www.puros.cl/tienda/,puros.cl,P2 - queue / NEEDS-CUSTOM-CRAWLER,Downloaded CSV batch on 2026-09-12; normalized site was not present in the base workbook | scraping ease: Easy | pricing visible: Yes | add as a new scrape target and crawler-creation candidate
WILLIAM,chile,171.0,FNB_LIKELY,PENDING,chile_tabaqueria_cl,https://tabaqueria.cl/collections/puros,tabaqueria.cl,P2 - queue / NEEDS-CUSTOM-CRAWLER,Downloaded CSV batch on 2026-09-12; normalized site was not present in the base workbook | scraping ease: Easy | pricing visible: Yes | add as a new scrape target and crawler-creation candidate
WILLIAM,chile,171.0,FNB_LIKELY,PENDING,chile_tabaqueriaohiggins_cl,https://tabaqueriaohiggins.cl/tabaqueria/cigarros/,tabaqueriaohiggins.cl,P2 - queue / NEEDS-CUSTOM-CRAWLER,Downloaded CSV batch on 2026-09-12; normalized site was not present in the base workbook | scraping ease: Easy | pricing visible: Yes | add as a new scrape target and crawler-creation candidate
WILLIAM,chile,171.0,FNB_LIKELY,PENDING,chile_zelrom,https://zelrom.com/tienda-online/,zelrom.com,P2 - queue / NEEDS-CUSTOM-CRAWLER,Downloaded CSV batch on 2026-09-12; normalized site was not present in the base workbook | scraping ease: Easy | pricing visible: Yes | add as a new scrape target and crawler-creation candidate
WILLIAM,russian_federation,172.0,FNB_LIKELY,PENDING,Ozon,https://www.ozon.ru/,ozon.ru,P2 - queue / Directory/report,"Candidate found in the 2026-08-31 sourcing round, never built. build_tier=C - engineering required; scrapability=nan; class=General marketplace"
WILLIAM,russian_federation,172.0,FNB_LIKELY,PENDING,Wildberries Russia,https://www.wildberries.ru/,wildberries.ru,P2 - queue / Directory/report,"Candidate found in the 2026-08-31 sourcing round, never built. build_tier=C - engineering required; scrapability=nan; class=General marketplace"
WILLIAM,argentina,177.0,FNB_LIKELY,PENDING,Mercado Libre Argentina,https://www.mercadolibre.com.ar/,mercadolibre.com.ar,P2 - queue / Directory/report,"Candidate found in the 2026-08-31 sourcing round, never built. build_tier=C - engineering required; scrapability=nan; class=General marketplace"
WILLIAM,argentina,177.0,FNB_LIKELY,PENDING,OLX country marketplace check,https://www.olx.com/,olx.com,P2 - queue / Directory/report,"Candidate found in the 2026-08-31 sourcing round, never built. build_tier=C - engineering required; scrapability=nan; class=Classified marketplace"
WILLIAM,argentina,177.0,FNB_LIKELY,PENDING,argentina_cigarshop_ar,https://cigarshop.com.ar/,cigarshop.com.ar,P2 - queue / NEEDS-CUSTOM-CRAWLER,Downloaded CSV batch on 2026-09-12; normalized site was not present in the base workbook | scraping ease: Easy | pricing visible: Yes | add as a new scrape target and crawler-creation candidate
WILLIAM,argentina,177.0,FNB_LIKELY,PENDING,argentina_purocigarro_ar,https://www.purocigarro.com.ar/,purocigarro.com.ar,P2 - queue / NEEDS-CUSTOM-CRAWLER,Downloaded CSV batch on 2026-09-12; normalized site was not present in the base workbook | scraping ease: Moderate | pricing visible: Yes | add as a new scrape target and crawler-creation candidate
WILLIAM,peru,177.0,FNB_LIKELY,PENDING,Makro Peru,https://www.makro.com.pe/,makro.com.pe,P2 - queue / ACCEPT,"Candidate found in the 2026-08-31 sourcing round, never built. build_tier=C - engineering required; scrapability=3.0; class=Custom"
WILLIAM,peru,177.0,FNB_LIKELY,PENDING,Mercado Libre Peru,https://www.mercadolibre.com.pe/,mercadolibre.com.pe,P2 - queue / SUSPECT,"Candidate found in the 2026-08-31 sourcing round, never built. build_tier=C - engineering required; scrapability=3.0; class=Custom/Enterprise"
WILLIAM,peru,177.0,FNB_LIKELY,PENDING,PedidosYa Peru,https://www.pedidosya.com.pe/,pedidosya.com.pe,P2 - queue / ACCEPT,"Candidate found in the 2026-08-31 sourcing round, never built. build_tier=C - engineering required; scrapability=3.0; class=Custom"
WILLIAM,peru,177.0,FNB_LIKELY,PENDING,Ripley Peru,https://simple.ripley.com.pe/,simple.ripley.com.pe,P2 - queue / Directory/report,"Candidate found in the 2026-08-31 sourcing round, never built. build_tier=C - engineering required; scrapability=nan; class=Department store"
WILLIAM,germany,185.0,FNB_LIKELY,PENDING,Amazon Fresh DE,https://www.amazon.de/fresh,amazon.de,P3 - backlog / SUSPECT,"Candidate found in the 2026-08-31 sourcing round, never built. build_tier=D - hard / app / index only; scrapability=2.0; class=Custom/Enterprise"
WILLIAM,germany,185.0,FNB_LIKELY,PENDING,Bringmeister,https://www.bringmeister.de/,bringmeister.de,P2 - queue / ACCEPT,"Candidate found in the 2026-08-31 sourcing round, never built. build_tier=C - engineering required; scrapability=3.0; class=Custom"
WILLIAM,germany,185.0,FNB_LIKELY,PENDING,Kaufland.de,https://www.kaufland.de/c/lebensmittel/~1311/,kaufland.de,P3 - backlog / SUSPECT,"Candidate found in the 2026-08-31 sourcing round, never built. build_tier=D - hard / app / index only; scrapability=2.0; class=Custom/Enterprise"
WILLIAM,germany,185.0,FNB_LIKELY,PENDING,Picnic Germany,https://picnic.app/de/,picnic.app,P2 - queue / ACCEPT,"Candidate found in the 2026-08-31 sourcing round, never built. build_tier=C - engineering required; scrapability=3.0; class=Custom"
WILLIAM,germany,185.0,FNB_LIKELY,PENDING,getnow,https://www.getnow.de/,getnow.de,P2 - queue / ACCEPT,"Candidate found in the 2026-08-31 sourcing round, never built. build_tier=C - engineering required; scrapability=3.0; class=Custom"
WILLIAM,spain,186.0,FNB_LIKELY,PENDING,Amazon Spain,https://www.amazon.es/,amazon.es,P2 - queue / Directory/report,"Candidate found in the 2026-08-31 sourcing round, never built. build_tier=C - engineering required; scrapability=nan; class=General marketplace"
WILLIAM,spain,186.0,FNB_LIKELY,PENDING,Cartio,https://cartio.es/landing/,cartio.es,P2 - queue / ACCEPT,"Candidate found in the 2026-08-31 sourcing round, never built. build_tier=C - engineering required; scrapability=3.0; class=Custom"
WILLIAM,spain,186.0,FNB_LIKELY,PENDING,Lidl Spain,https://www.lidl.es/,lidl.es,P3 - backlog / SUSPECT,"Candidate found in the 2026-08-31 sourcing round, never built. build_tier=D - hard / app / index only; scrapability=2.0; class=Custom/Enterprise"
WILLIAM,spain,186.0,FNB_LIKELY,PENDING,Ulabox,https://www.ulabox.com/,ulabox.com,P2 - queue / ACCEPT,"Candidate found in the 2026-08-31 sourcing round, never built. build_tier=C - engineering required; scrapability=3.0; class=Custom"
WILLIAM,spain,186.0,FNB_LIKELY,PENDING,ahorrapasta.com,https://www.ahorrapasta.com/,ahorrapasta.com,P2 - queue / ACCEPT,"Candidate found in the 2026-08-31 sourcing round, never built. build_tier=C - engineering required; scrapability=3.0; class=Custom"
WILLIAM,brazil,189.0,FNB_LIKELY,PENDING,Amazon Brasil,https://www.amazon.com.br/,amazon.com.br,P2 - queue / Directory/report,"Candidate found in the 2026-08-31 sourcing round, never built. build_tier=C - engineering required; scrapability=nan; class=General marketplace"
WILLIAM,brazil,189.0,FNB_LIKELY,PENDING,Magazine Luiza,https://www.magazineluiza.com.br/,magazineluiza.com.br,P2 - queue / Directory/report,"Candidate found in the 2026-08-31 sourcing round, never built. build_tier=C - engineering required; scrapability=nan; class=General/big-box"
WILLIAM,brazil,189.0,FNB_LIKELY,PENDING,Mercado Livre Brasil,https://www.mercadolivre.com.br/,mercadolivre.com.br,P2 - queue / Directory/report,"Candidate found in the 2026-08-31 sourcing round, never built. build_tier=C - engineering required; scrapability=nan; class=General marketplace"
WILLIAM,mexico,192.0,FNB_LIKELY,PENDING,Amazon Mexico,https://www.amazon.com.mx/,amazon.com.mx,P2 - queue / Directory/report,"Candidate found in the 2026-08-31 sourcing round, never built. build_tier=C - engineering required; scrapability=nan; class=General marketplace"
WILLIAM,mexico,192.0,FNB_LIKELY,PENDING,Mercado Libre Mexico,https://www.mercadolibre.com.mx/,mercadolibre.com.mx,P2 - queue / Directory/report,"Candidate found in the 2026-08-31 sourcing round, never built. build_tier=C - engineering required; scrapability=nan; class=General marketplace"
WILLIAM,kenya,204.0,FNB_LIKELY,PENDING,Carrefour Kenya,https://www.carrefour.ke/mafken/en/c/ken-bn-home,carrefour.ke,P1 - build now / ACCEPT,"Candidate found in the 2026-08-31 sourcing round, never built. build_tier=B - moderate effort; scrapability=4.0; class=Custom (MAF stack)"
WILLIAM,kenya,204.0,FNB_LIKELY,PENDING,Glovo Kenya,https://glovoapp.com/ke/,glovoapp.com,P2 - queue / ACCEPT,"Candidate found in the 2026-08-31 sourcing round, never built. build_tier=C - engineering required; scrapability=3.0; class=Custom"
WILLIAM,kenya,204.0,FNB_LIKELY,PENDING,Jumia Kenya,https://www.jumia.co.ke/,jumia.co.ke,P2 - queue / ACCEPT,"Candidate found in the 2026-08-31 sourcing round, never built. build_tier=C - engineering required; scrapability=3.0; class=Custom"
WILLIAM,kenya,204.0,FNB_LIKELY,PENDING,kenya_omniflowapp_ke,https://www.omniflowapp.co.ke/,omniflowapp.co.ke,P2 - queue / NEEDS-CUSTOM-CRAWLER,Downloaded CSV batch on 2026-09-12; normalized site was not present in the base workbook | scraping ease: Easy | add as a new scrape target and crawler-creation candidate
WILLIAM,(AE),,FNB_LIKELY,LAST_TRY_FAILED,choithrams.com,,nan,SKIP / NO-PRICES-ONLINE,"No products on the site (corporate marketing portal) — do NOT confuse with Sierra Leone's Choithram(s) chain despite the identical brand name; this domain is Choithrams Group's UAE storefront (""Online Grocery Shopping & Delivery in UAE"", `og:locale: en_AE`), a locality violation for any non-UAE country. The genuine Sierra Leone branches sell through `247bigmarket.com/store/{freetown,kenema}/` instead (see the shipped `choithrams_sl` source)."
WILLIAM,(AO),,FNB_LIKELY,LAST_TRY_FAILED,hiperkupa.ao,,nan,PARTIAL / PARSE-FAILED,"Reachable, HTTP 200, but not extractable without more work (not a hard block — don't re-probe blind, but don't write off either) — Flutter Web build (canvas-rendered, no scrapable DOM by design) but backed by an open StackFood-style Laravel API at `painel.hiperkupa.ao/api/v1/*` with no WAF: `POST /auth/guest/request` returns a working guest session with no auth wall. However `GET /restaurants/get-restaurants/all` returns `total_size: 0` for plain lat/lng/zone_id guesses (Luanda coordinates tried) — the app appears to gate restaurant/store listings behind a zone-detection flow whose exact header or endpoint wasn't found within a timeboxed Playwright network trace (RUM beacons to `page.hiperkupa.ao/cdn-cgi/rum` fire continuously and prevent `networkidle`, complicating capture; `load`+fixed-wait capture didn't catch the zone-resolution call before restaurant requests fired). Worth a real pass if pursued: find the zone-lookup endpoint (likely keyed on lat/lng) that precedes `get-restaurants`. Even unlocked, food-retail (COICOP 01) relevance is unclear — the platform is described as multi-restaurant (prepared food) and the workbook itself flagged ""grocery depth unclear""."
WILLIAM,(BZ),,FNB_LIKELY,LAST_TRY_FAILED,mystore.bz,,nan,SKIP / NO-PRICES-ONLINE,"App-only / no scrapeable web catalogue — the workbook's ACCEPT verdict was wrong (rule 20). Homepage and every discoverable sub-page (`/apps/web/pages/customer.html`, `/store.html`, `/delivery.html`) are pure app-marketing landing pages (""Belize's most trusted grocery and household delivery app... Shop from local stores... all from your phone"") with zero product names, zero prices, zero catalogue links anywhere on the public web surface — customer/store/driver pages are each just a role-targeted pitch for the mobile app. Nothing to scrape."
WILLIAM,(CN),,FNB_LIKELY,LAST_TRY_FAILED,channel.jd.com,,nan,SKIP / LOGIN-REQUIRED,"RE-PROBE WORTH IT: recorded before 2026-08-17, when a bare-curl 403 was still read as a block. CDNs fingerprint the TLS handshake, not the User-Agent, so try curl_cffi impersonate before skipping. JD proprietary bot detection — JDR_shields + login wall (200 OK + bot-challenge stub) — JDR_shields 2704-byte bot challenge on curl; login wall on Playwright. Confirmed blocked 2026-06-30. Probed food category (`channel.jd.com/food.html`) + product PDP + JD supermarket subdomain. COICOP 01/02/05/06/08/13 gap; no public food-retailer coverage available without auth."
WILLIAM,(ER),,FNB_LIKELY,LAST_TRY_FAILED,asbeza.com,,nan,SKIP / DEAD-SITE,"Unreachable / no online storefront exists (dead candidate, not a WAF) — direct-guessed domain resolves (200) but serves a domain-parking/consent-manager landing page (generic CMP boilerplate, no product markup, no mention of Ecwid) — the real Ecwid subdomain/custom domain was not found. Squatted-domain pattern, same family as hofladen-express.ch above."
WILLIAM,(GY),,FNB_LIKELY,LAST_TRY_FAILED,shopmassystoresgy.com,,nan,RETRY / WAF/BOT-BLOCK,"Cloudflare strict (curl + Playwright both 403) — `Just a moment...` Cloudflare Turnstile 403 on `curl_cffi` `chrome124`/`chrome120`/`safari17_0` AND on headless Playwright (`resp.status==403`, `<title>Just a moment...</title>`, `challenges.cloudflare.com` script in the CSP) — genuine block per the mandatory gate. Highest-credibility remaining Guyana grocery lead by chain size; worth a dedicated anti-bot pass (residential proxy / solver) if Guyana coverage is revisited."
WILLIAM,(JO),,FNB_LIKELY,LAST_TRY_FAILED,alloshmart.com,,nan,SKIP / NO-PRICES-ONLINE,"Placeholder / seed demo-data catalog (real API, no real prices) — Vite/React/Supabase app (project `jsrqjmovbuhuhbmxyqsh.supabase.co`, anon key recovered from the shipped JS bundle). NOT RLS-blocked — the `categories` table is fully readable and shows 22 real department categories (جزارة/Butchery, فواكة/Fruit, خضار/Vegetables, البان/Dairy, etc.), but every single category's own `description` field reads ""0 منتج"" (0 products), and `GET /rest/v1/products?select=id&limit=1` with `Prefer: count=exact` returns `Content-Range: */0` — the products table exists and is queryable but is genuinely, verifiably empty. Pre-launch storefront with a fully built category taxonomy and zero inventory."
WILLIAM,(LA),,FNB_LIKELY,LAST_TRY_FAILED,foodpanda.la,,nan,SKIP / WAF/BOT-BLOCK,"PerimeterX (per-session token, collector beacons only) — `collector-pxljub4etb.cl6.px-cloud.net` collector visible; no business endpoint responses load."
WILLIAM,(MG),,FNB_LIKELY,LAST_TRY_FAILED,bazariko.mg,,nan,SKIP / NO-PRICES-ONLINE,"No products on the site (corporate marketing portal) — the workbook claim does not match the live site. 200 OK, but the whole domain is a static Bootstrap e-commerce *template* (unmodified `single.html`/`offer.html`/`hold.html`/`kitchen.html` demo-page filenames, jQuery 1.11 + jstarbox assets) with zero product cards, zero prices, and zero `Ar`/`MGA` text anywhere across the homepage or every linked page. Footer credits `amfanoela@gmail.com` / links to `fanoela.mg`, which resolves to a freelance web developer's portfolio site (Fanoela Manohisoa) listing dozens of near-identical demo storefronts (`freshfood1.netlify.app`, `shopping-flower.netlify.app`, etc.) — Bazariko.mg is one of that developer's unlaunched template builds, not an operating grocery store. Do not build."
WILLIAM,(MM),,FNB_LIKELY,LAST_TRY_FAILED,foodpanda.com.mm,,nan,SKIP / WAF/BOT-BLOCK,"PerimeterX (per-session token, collector beacons only) — 403 on `/en/city/yangon`; consistent with foodpanda.\* PerimeterX tenant. No business endpoint responses. Same profile as .la."
WILLIAM,(MO),,FNB_LIKELY,LAST_TRY_FAILED,foodpanda.mo,,nan,SKIP / WAF/BOT-BLOCK,"RE-PROBE WORTH IT: recorded before 2026-08-17, when a bare-curl 403 was still read as a block. CDNs fingerprint the TLS handshake, not the User-Agent, so try curl_cffi impersonate before skipping. PerimeterX (per-session token, collector beacons only) — ECONNREFUSED on WebFetch probe 2026-06-10; consistent with foodpanda.\* regional IP-fence + PerimeterX family. Foodpanda confirmed operating in Macao from press reports."
WILLIAM,(MY),,FNB_LIKELY,LAST_TRY_FAILED,aeonbig.com.my,,nan,SKIP / NO-PRICES-ONLINE,"RE-PROBE WORTH IT: recorded before 2026-08-17, when a bare-curl 403 was still read as a block. CDNs fingerprint the TLS handshake, not the User-Agent, so try curl_cffi impersonate before skipping. No products on the site (corporate marketing portal) — brochure/recipe WordPress; ordering routed to Foodpanda app deep-links. No `/shop` catalog. **giant.com.my** + **econsave.com.my** have WooCommerce themes but empty/absent `/shop` (dead storefronts)."
WILLIAM,(PG),,FNB_LIKELY,LAST_TRY_FAILED,brianbell.com.pg,,nan,SKIP / NO-PRICES-ONLINE,"No products on the site (corporate marketing portal) — corporate portal. `/product-category/appliances` 404s. `homecentres.brianbell.com.pg/shop/` redirects to ""/"" with no e-commerce markup. B2C division has no public web storefront."
WILLIAM,(PK),,FNB_LIKELY,LAST_TRY_FAILED,imtiaz.com.pk,,nan,SKIP / NO-PRICES-ONLINE,"No products on the site (corporate marketing portal) — corporate/blog WordPress site only. `wp-json/` namespace list has no `wc/` route at all (WooCommerce inactive despite ""woocommerce"" appearing in cached theme CSS classes) and homepage nav is exclusively about-us/blogs/career/gift-cards/loyalty-program links — no `/shop`, `/product`, `/order` path anywhere."
WILLIAM,(PS),,FNB_LIKELY,LAST_TRY_FAILED,alzahra.ps,,nan,SKIP / NO-PRICES-ONLINE,"No products on the site (corporate marketing portal) — 200 OK, real product catalog page (`?page=products`), but zero prices anywhere in 110KB HTML — a food *manufacturer's* B2B showcase site, not a consumer storefront."
WILLIAM,(QA/KW/OM/BH),,FNB_LIKELY,LAST_TRY_FAILED,luluhypermarket.com,,nan,RETRY / WAF/BOT-BLOCK,"Cloudflare strict (curl + Playwright both 403) — `<title>Attention Required! | Cloudflare</title>` 403 on all four Gulf storefronts, identical across UA variants including full Chrome sec-ch-ua headers. One CDN tenant, four countries. CSP header reveals the storefront platform: **Akinon** (akinoncloud.com/akinon.net, a Turkish headless-commerce vendor) — no `_akinon_base.py` exists yet in this repo. No Playwright available this session to attempt the discover-then-plain-HTTP pattern; worth a dedicated pass."
WILLIAM,(RW),,FNB_LIKELY,LAST_TRY_FAILED,fasita.rw,,nan,RETRY / NO-PRICES-ONLINE,"Placeholder / seed demo-data catalog (real API, no real prices) — real Next.js frontend + open JSON API (`https://fasita.rw/api/products`, `/api/categories`, no auth, sniffed live via Playwright network capture). But `GET /api/products` (tried plain, `?category_id=`, `?all=1`, `?limit=200`) returns exactly **one** product across all calls (""Jibu Water"", 3472.00 RWF) and `/api/categories` shows 11 of 12 categories at `""products"":0` (Baby/Bakery/Dairy/Drinks/Fruits/Home Care/Kitchen/Personal Care/Pharma/Snacks/Stationery all zero; only ""Food"" carries the 1 SKU). The multi-city delivery claim in the workbook does not match a live catalog of this size. Fails the Phase 6 ≥5-rows gate by a wide margin — not a probe failure, a genuinely near-empty storefront. Do not build; re-check in ~6 months in case the catalog is populated later."
WILLIAM,(SC),,FNB_LIKELY,LAST_TRY_FAILED,koek.sc,,nan,SKIP / DEAD-SITE,"Unreachable / no online storefront exists (dead candidate, not a WAF) — search surfaced this as a ""Supermarkets in Seychelles"" directory page, but the live site (200, Next.js) is a tour/boat-charter booking platform (boats, tours, livecam) with zero grocery content — a stale/mislabeled search snippet, not a real candidate."
WILLIAM,(SG),,FNB_LIKELY,LAST_TRY_FAILED,giant.sg,,nan,SKIP / JS-REQUIRED,"RE-PROBE WORTH IT: recorded before 2026-08-17, when a bare-curl 403 was still read as a block. CDNs fingerprint the TLS handshake, not the User-Agent, so try curl_cffi impersonate before skipping. SPA shell — no productive endpoint (lazy-load never hydrates) — jQuery + Algolia InstantSearch v2 SPA; all product routes return HTTP 404 server-side (client-side routing only). Product catalog exclusively served via Algolia index `giant_product_live` (app `PFCHI1YM66`). Algolia DSN (`pfchi1ym66-dsn.algolia.net`) and all three fallback shards (`pfchi1ym66-{1,2,3}.algolianet.com`) return DNS NXDOMAIN from non-SG IPs — not resolvable even from Playwright/headless Chromium. PDP pages return HTTP 404 with 250KB SPA shell; 12s Playwright wait yields no product name, price, or JSON-LD product data. Sitemap (`/sitemap_product.xml`) has 15,630 product slugs (e.g. `uht-full-cream-milk-1l-5001968`) but URLs are client-side routes only. No alternative server-side product API found. Viable only from a Singapore residential IP with a working Algolia DSN route."
WILLIAM,(SO),,FNB_LIKELY,LAST_TRY_FAILED,aaranonline.com,,nan,RETRY / DEAD-SITE,"Unreachable / no online storefront exists (dead candidate, not a WAF) — NOT a block: every category's product grid (`o_wsale_products_grid_table_wrapper`, including the top-level `/shop`) renders completely empty, both via curl_cffi and a full Playwright `networkidle` render — no product cards, no AJAX call to a products endpoint observed in the network trace. Fails the >=5-rows gate at 0 rows. Hypothesis: pricelist/currency-selection cookie gates the grid server-side, or the catalog is genuinely unpublished. Worth a re-check with a warm session/explicit pricelist cookie, but don't re-probe casually — already cost a full Tier-2 escalation with zero signal."
WILLIAM,(SV),,FNB_LIKELY,LAST_TRY_FAILED,hiper europa,,nan,SKIP / DEAD-SITE,"Unreachable / no online storefront exists (dead candidate, not a WAF) — confirmed via WebSearch to be a defunct 1990s-era chain (""Hiper Europa"", founded by Edmundo/Óscar Saca) that no longer operates; press retrospectives list it among supermarkets that disappeared from the Salvadoran market. No current domain or storefront exists."
WILLIAM,(TW),,FNB_LIKELY,LAST_TRY_FAILED,pxmart.com.tw,,nan,SKIP / NO-PRICES-ONLINE,"RE-PROBE WORTH IT: recorded before 2026-08-17, when a bare-curl 403 was still read as a block. CDNs fingerprint the TLS handshake, not the User-Agent, so try curl_cffi impersonate before skipping. No products on the site (corporate marketing portal) — corporate Next.js portal. Links go to /about-us, /bulletin, /esg. No catalog. The real store is **PXGo! (`shop.pxgo.com.tw/mweb/`, Vite hash-routed SPA)** with a **clean no-WAF JSON API** (`https://mwebapi.pxgo.com.tw/2ndwa/`, product endpoint `POST /2ndwa/api/goods/goodsQuery`) — BUT the entire catalog is behind **PX Pay member auth** (every call → 401 `暫未登錄`; token minted via `/api/member/login` → `member.pxpay.com.tw`, no anonymous/guest login in the bundle; registration likely needs a TW mobile + OTP). Scaffold only if a member Bearer token can be held."
WILLIAM,(UG),,FNB_LIKELY,LAST_TRY_FAILED,www.carrefouruganda.com,,nan,SKIP / RATE-LIMITED,"Akamai tenant rate-limit / bot manager — identical signature to the Gulf trio above: HTTP 403, 377-byte ""Access Denied"" `errors.edgesuite` stub, fails `curl_cffi` across `chrome124`/`chrome120`/`safari17_0` (same reference-id format `18.xxdfda17.<epoch>.<hex>`). Confirms this is the same MAF/Carrefour Akamai tenant extending to the East Africa storefront (Carrefour operates hypermarkets at Acacia/Lugogo/Metroplex/Oasis Mall, Kampala, per the brand's own site copy — a real local footprint, just Akamai-fronted). No network trace beyond the front page attempted (WebSearch/time budget) — worth a Playwright-discover pass if this tenant is ever prioritized."
WILLIAM,canada,,FNB_LIKELY,PENDING,canada_canadasmokes_ca,https://canadasmokes.ca/shop/,canadasmokes.ca,P2 - queue / NEEDS-CUSTOM-CRAWLER,Downloaded CSV batch on 2026-09-12; normalized site was not present in the base workbook | scraping ease: Easy | pricing visible: Yes | add as a new scrape target and crawler-creation candidate
WILLIAM,canada,,FNB_LIKELY,PENDING,canada_mohawksmoke,https://mohawksmoke.com/,mohawksmoke.com,P2 - queue / NEEDS-CUSTOM-CRAWLER,Downloaded CSV batch on 2026-09-12; normalized site was not present in the base workbook | scraping ease: Easy | pricing visible: Yes | add as a new scrape target and crawler-creation candidate
WILLIAM,canada,,FNB_LIKELY,PENDING,canada_shagsmokes,https://shagsmokes.com/shop/,shagsmokes.com,P2 - queue / NEEDS-CUSTOM-CRAWLER,Downloaded CSV batch on 2026-09-12; normalized site was not present in the base workbook | scraping ease: Easy | pricing visible: Yes | add as a new scrape target and crawler-creation candidate
WILLIAM,canada,,FNB_LIKELY,PENDING,canada_smokescanada,https://smokescanada.com/,smokescanada.com,P2 - queue / NEEDS-CUSTOM-CRAWLER,Downloaded CSV batch on 2026-09-12; normalized site was not present in the base workbook | scraping ease: Easy | pricing visible: Yes | add as a new scrape target and crawler-creation candidate
WILLIAM,faroe_islands,,FNB_LIKELY,LAST_TRY_FAILED,bonus.fo,,nan,SKIP / DEAD-SITE,"Unreachable / no online storefront exists (dead candidate, not a WAF) — all three are live, reachable, real sites (200 OK, no WAF), but none carries a grocery catalog: `sms.fo` is WooCommerce with exactly one product, a gift card (`/product/gavukortid-fra-sms/`); `bonus.fo` has no e-commerce markers of any kind (brochure/weekly-flyer style); `miklagardur.fo` is a Wix site whose only transactable page (`/keyp`, ""buy"") is a Wix-Stores gift-card page (`wixstores`/`GiftCard` markers), not a product catalog. Neither Wolt (`wolt.com/fo` redirects to the generic homepage, no Faroese city) nor Bolt Food (`bolt.eu/en/cities/torshavn/` 404s) operate in the territory. No online grocery sector currently exists for the Faroe Islands."
WILLIAM,monaco,,FNB_LIKELY,LAST_TRY_FAILED,delovery.mc,,nan,RETRY / WAF/BOT-BLOCK,"Cloudflare strict (curl + Playwright both 403) — 403 with a Cloudflare ""Attention Required!"" page on `curl_cffi impersonate=chrome124`, `chrome120`, `chrome99` AND `safari17_0` (all four profiles, per the mandatory gate). Identical 4,923-byte body every time, so not a TLS-fingerprint false negative. **This is Monaco's best food lead and the only Monaco-registered grocery-adjacent domain that exists** — carrefour.mc/monoprix.mc/spar.mc all fail DNS. Blocked, not absent; worth a retry if its posture changes."
WILLIAM,guinea_bissau,1.0,FNB_MIXED,LAST_TRY_FAILED,bagabaga_gb_construction_suppliers,https://bagabaga-gb.com/info-util/,bagabaga-gb.com,SKIP / CHILD-TASK-BLOCKED,Will's 2026-09-11 handover classified this blocked or not viable. Not re-probed here.
WILLIAM,guinea_bissau,1.0,FNB_MIXED,LAST_TRY_FAILED,buyonwasapp_gw_locations,https://www.buyonwasapp.ng/itm-location/guinea-bissau/varela,buyonwasapp.ng,SKIP / CHILD-TASK-BLOCKED,Will's 2026-09-11 handover classified this blocked or not viable. Not re-probed here.
WILLIAM,guinea_bissau,1.0,FNB_MIXED,LAST_TRY_FAILED,carsrenter_gw_car_rental,https://carsrenter.com/en/guinea-bissau,carsrenter.com,SKIP / CHILD-TASK-BLOCKED,Will's 2026-09-11 handover classified this blocked or not viable. Not re-probed here.
WILLIAM,guinea_bissau,1.0,FNB_MIXED,LAST_TRY_FAILED,ceifx_xof_currency_exchange,https://order.ceifx.com/store/arundel-mills-mall/currency/95-West-Africa-CFA-West-African-Franc,order.ceifx.com,SKIP / CHILD-TASK-BLOCKED,Will's 2026-09-11 handover classified this blocked or not viable. Not re-probed here.
WILLIAM,guinea_bissau,1.0,FNB_MIXED,LAST_TRY_FAILED,construction_budget_pdf_gw,https://pt.scribd.com/document/810345611/Orcamento-Imobiliario-T-3-3-ANDARES,pt.scribd.com,SKIP / CHILD-TASK-BLOCKED,Will's 2026-09-11 handover classified this blocked or not viable. Not re-probed here.
WILLIAM,guinea_bissau,1.0,FNB_MIXED,LAST_TRY_FAILED,generic_shopify_country_selectors_gw,https://moscot.com/pt-jp/products/cliptosh,moscot.com,SKIP / CHILD-TASK-BLOCKED,Will's 2026-09-11 handover classified this blocked or not viable. Not re-probed here.
WILLIAM,guinea_bissau,1.0,FNB_MIXED,LAST_TRY_FAILED,guinea_bissau_market_empty,https://guinebissaumarket.com/,guinebissaumarket.com,SKIP / CHILD-TASK-BLOCKED,Will's 2026-09-11 handover classified this blocked or not viable. Not re-probed here.
WILLIAM,guinea_bissau,1.0,FNB_MIXED,LAST_TRY_FAILED,mavrolert_global_gq_currency,https://mavrolert.com/pt-gq/collections/intel?page=3,mavrolert.com,SKIP / CHILD-TASK-BLOCKED,Will's 2026-09-11 handover classified this blocked or not viable. Not re-probed here.
WILLIAM,guinea_bissau,1.0,FNB_MIXED,LAST_TRY_FAILED,no_bindi_gw_app,https://play.google.com/store/apps/details?id=app.nobindi.no_bindi,play.google.com,SKIP / CHILD-TASK-BLOCKED,Will's 2026-09-11 handover classified this blocked or not viable. Not re-probed here.
WILLIAM,guinea_bissau,1.0,FNB_MIXED,LAST_TRY_FAILED,numbeo_gw_cost_of_living,https://pt.numbeo.com/custo-de-vida/pa%C3%ADs/Guine-Bissau,pt.numbeo.com,SKIP / CHILD-TASK-BLOCKED,Will's 2026-09-11 handover classified this blocked or not viable. Not re-probed here.
WILLIAM,guinea_bissau,1.0,FNB_MIXED,LAST_TRY_FAILED,ubuy_gw,https://www.ubuy.gw/pt/,ubuy.gw,SKIP / CHILD-TASK-BLOCKED,Will's 2026-09-11 handover classified this blocked or not viable. Not re-probed here.
WILLIAM,guinea_bissau,1.0,FNB_MIXED,LAST_TRY_FAILED,valoriq_gw_financial_comparator,https://valoriq.org/gw/,valoriq.org,SKIP / CHILD-TASK-BLOCKED,Will's 2026-09-11 handover classified this blocked or not viable. Not re-probed here.
WILLIAM,guinea_bissau,1.0,FNB_MIXED,PENDING,africarrieres_gw_tariffs,https://africarrieres.com/guinee-bissau/pt/tarifs,africarrieres.com,P2 - queue / NEEDS-CUSTOM-CRAWLER,"Will's 2026-09-11 handover found price evidence but no standard platform API, so it needs a bespoke spider. Never built or live-tested."
WILLIAM,guinea_bissau,1.0,FNB_MIXED,PENDING,ceiba_bissau_hotel,https://ceibabissau.com/,ceibabissau.com,P2 - queue / NEEDS-CUSTOM-CRAWLER,"Will's 2026-09-11 handover found price evidence but no standard platform API, so it needs a bespoke spider. Never built or live-tested."
WILLIAM,guinea_bissau,1.0,FNB_MIXED,PENDING,joxko_gw_mobile_topups,https://www.joxko.com/en/shop/recharge-mobile/guinea-bissau,joxko.com,P2 - queue / NEEDS-CUSTOM-CRAWLER,"Will's 2026-09-11 handover found price evidence but no standard platform API, so it needs a bespoke spider. Never built or live-tested."
WILLIAM,guinea_bissau,1.0,FNB_MIXED,PENDING,orange_bissau_mobile_internet,https://www.orange-bissau.com/pt/ofertas-internet-movel/internet-movel/internet-movel.html,orange-bissau.com,P2 - queue / NEEDS-CUSTOM-CRAWLER,"Will's 2026-09-11 handover found price evidence but no standard platform API, so it needs a bespoke spider. Never built or live-tested."
WILLIAM,guinea_bissau,1.0,FNB_MIXED,PENDING,ang_ese_tuition_2025,https://angnoticias.blogspot.com/2025/01/ensino-ministro-n-62-de-16-de-outubro.html,angnoticias.blogspot.com,P3 - queue / NEEDS-REVIEW,"Will's 2026-09-11 handover flagged this ambiguous (country, currency or price-surface unclear). Needs manual review before any scaffolding."
WILLIAM,guinea_bissau,1.0,FNB_MIXED,PENDING,booking_bissau_hotels,https://www.booking.com/city/gw/bissau-gw.html,booking.com,P3 - queue / NEEDS-REVIEW,"Will's 2026-09-11 handover flagged this ambiguous (country, currency or price-surface unclear). Needs manual review before any scaffolding."
WILLIAM,guinea_bissau,1.0,FNB_MIXED,PENDING,bookingauto_gw_car_rental,https://bookingauto.net/en/guinea-bissau,bookingauto.net,P3 - queue / NEEDS-REVIEW,"Will's 2026-09-11 handover flagged this ambiguous (country, currency or price-surface unclear). Needs manual review before any scaffolding."
WILLIAM,guinea_bissau,1.0,FNB_MIXED,PENDING,canalplus_gw_subscriptions,https://subscribe.canalplus.com/gw/tab/offres,subscribe.canalplus.com,P3 - queue / NEEDS-REVIEW,"Will's 2026-09-11 handover flagged this ambiguous (country, currency or price-surface unclear). Needs manual review before any scaffolding."
WILLIAM,guinea_bissau,1.0,FNB_MIXED,PENDING,carrosbissau_gw,https://www.carrosbissau.com/,carrosbissau.com,P3 - queue / NEEDS-REVIEW,"Will's 2026-09-11 handover flagged this ambiguous (country, currency or price-surface unclear). Needs manual review before any scaffolding."
WILLIAM,guinea_bissau,1.0,FNB_MIXED,PENDING,ctd_bissau_tuition,https://ctdbissau.com/curso-de-turismo,ctdbissau.com,P3 - queue / NEEDS-REVIEW,"Will's 2026-09-11 handover flagged this ambiguous (country, currency or price-surface unclear). Needs manual review before any scaffolding."
WILLIAM,guinea_bissau,1.0,FNB_MIXED,PENDING,eagb_contract_tariffs_news,https://faladepapagaio.blogspot.com/2026/04/23042026.html,faladepapagaio.blogspot.com,P3 - queue / NEEDS-REVIEW,"Will's 2026-09-11 handover flagged this ambiguous (country, currency or price-surface unclear). Needs manual review before any scaffolding."
WILLIAM,guinea_bissau,1.0,FNB_MIXED,PENDING,foodiesbae_bissau_term,https://www.foodiesbae.com/,foodiesbae.com,P3 - queue / NEEDS-REVIEW,"Will's 2026-09-11 handover flagged this ambiguous (country, currency or price-surface unclear). Needs manual review before any scaffolding."
WILLIAM,guinea_bissau,1.0,FNB_MIXED,PENDING,hotels_scanner_bissau,https://hotels-scanner.com/en/guineabissau/bissau,hotels-scanner.com,P3 - queue / NEEDS-REVIEW,"Will's 2026-09-11 handover flagged this ambiguous (country, currency or price-surface unclear). Needs manual review before any scaffolding."
WILLIAM,guinea_bissau,1.0,FNB_MIXED,PENDING,jeanmichelvoyage_bissau_prices,https://www.jeanmichelvoyage.com/pt/bissau-la-capitale-tranquille-de-guinee-bissau-4/,jeanmichelvoyage.com,P3 - queue / NEEDS-REVIEW,"Will's 2026-09-11 handover flagged this ambiguous (country, currency or price-surface unclear). Needs manual review before any scaffolding."
WILLIAM,guinea_bissau,1.0,FNB_MIXED,PENDING,juntosgb_gw,https://juntosgb.com/pt,juntosgb.com,P3 - queue / NEEDS-REVIEW,"Will's 2026-09-11 handover flagged this ambiguous (country, currency or price-surface unclear). Needs manual review before any scaffolding."
WILLIAM,guinea_bissau,1.0,FNB_MIXED,PENDING,opentravelguide_gw_transport_costs,https://opentravelguide.com/guinea-bissau/transportation/,opentravelguide.com,P3 - queue / NEEDS-REVIEW,"Will's 2026-09-11 handover flagged this ambiguous (country, currency or price-surface unclear). Needs manual review before any scaffolding."
WILLIAM,guinea_bissau,1.0,FNB_MIXED,PENDING,petitfute_bissau_restaurants,https://www.petitfute.com/v53126-bissau/c1165-restaurants/c1031-cuisines-du-monde/2072665-restaurante-dom-luis.html,petitfute.com,P3 - queue / NEEDS-REVIEW,"Will's 2026-09-11 handover flagged this ambiguous (country, currency or price-surface unclear). Needs manual review before any scaffolding."
WILLIAM,guinea_bissau,1.0,FNB_MIXED,PENDING,pharmaconnect_bissau,https://pharmaconnect.me/,pharmaconnect.me,P3 - queue / NEEDS-REVIEW,"Will's 2026-09-11 handover flagged this ambiguous (country, currency or price-surface unclear). Needs manual review before any scaffolding."
WILLIAM,guinea_bissau,1.0,FNB_MIXED,PENDING,skyscanner_bissau_hotels,https://www.skyscanner.fr/hotels-a/guinee-bissau/bissau-hotels/ci-27545279,skyscanner.fr,P3 - queue / NEEDS-REVIEW,"Will's 2026-09-11 handover flagged this ambiguous (country, currency or price-surface unclear). Needs manual review before any scaffolding."
WILLIAM,guinea_bissau,1.0,FNB_MIXED,PENDING,telecelgb_bundles,https://telecelgb.com/,telecelgb.com,P3 - queue / NEEDS-REVIEW,"Will's 2026-09-11 handover flagged this ambiguous (country, currency or price-surface unclear). Needs manual review before any scaffolding."
WILLIAM,guinea_bissau,1.0,FNB_MIXED,PENDING,uquid_gw_topups,https://shop.uquid.com/category/guinea-bissau-cynqXYjYlGqRo,shop.uquid.com,P3 - queue / NEEDS-REVIEW,"Will's 2026-09-11 handover flagged this ambiguous (country, currency or price-surface unclear). Needs manual review before any scaffolding."
WILLIAM,guinea_bissau,1.0,FNB_MIXED,PENDING,worldbanknotes_gw_collectibles,https://worldbanknotes.eu/currencies/guinea-bissau-peso/,worldbanknotes.eu,P3 - queue / NEEDS-REVIEW,"Will's 2026-09-11 handover flagged this ambiguous (country, currency or price-surface unclear). Needs manual review before any scaffolding."
WILLIAM,guinea_bissau,1.0,FNB_MIXED,PENDING,wropo_gw,https://gw.wropo.com/,gw.wropo.com,P3 - queue / NEEDS-REVIEW,"Will's 2026-09-11 handover flagged this ambiguous (country, currency or price-surface unclear). Needs manual review before any scaffolding."
WILLIAM,syria,1.0,FNB_MIXED,LAST_TRY_FAILED,digisyria,https://digisyria.com/en/,digisyria.com,SKIP / Timeout,Generated as a crawler-ready manifest by Will's 2026-09-11 handover but it fails the enumerability gate on live probe (Timeout). Not merged into configs: a manifest that cannot enumerate returns zero rows forever.
WILLIAM,syria,1.0,FNB_MIXED,LAST_TRY_FAILED,syrazo,https://www.syrazo.com/,syrazo.com,SKIP / JSONDecodeError,Generated as a crawler-ready manifest by Will's 2026-09-11 handover but it fails the enumerability gate on live probe (JSONDecodeError). Not merged into configs: a manifest that cannot enumerate returns zero rows forever.
WILLIAM,syria,1.0,FNB_MIXED,LAST_TRY_FAILED,verona_tech,https://verona-tech.com/,verona-tech.com,SKIP / CHILD-TASK-BLOCKED,Will's 2026-09-11 handover classified this blocked or not viable. Not re-probed here.
WILLIAM,syria,1.0,FNB_MIXED,PENDING,sy_opensooq_furniture,https://sy.opensooq.com/ar/%D8%A7%D9%84%D9%85%D9%86%D8%B2%D9%84-%D9%88%D8%A7%D9%84%D8%AD%D8%AF%D9%8A%D9%82%D8%A9/%D8%A7%D9%84%D8%A3%D8%AB%D8%A7%D8%AB,sy.opensooq.com,P3 - queue / ALREADY-TRACKED-UPSTREAM,Will's handover marked this existing/already tracked; no matching row here.
WILLIAM,syria,1.0,FNB_MIXED,PENDING,cloudmartsy,https://www.cloudmartsy.com/product-details.php?id=2232,cloudmartsy.com,P2 - queue / NEEDS-CUSTOM-CRAWLER,"Will's 2026-09-11 handover found price evidence but no standard platform API, so it needs a bespoke spider. Never built or live-tested."
WILLIAM,syria,1.0,FNB_MIXED,PENDING,damasbazar,https://www.damasbazar.com/,damasbazar.com,P2 - queue / NEEDS-CUSTOM-CRAWLER,"Will's 2026-09-11 handover found price evidence but no standard platform API, so it needs a bespoke spider. Never built or live-tested."
WILLIAM,syria,1.0,FNB_MIXED,PENDING,emalabes,https://emalabes.com/wholesale,emalabes.com,P2 - queue / NEEDS-CUSTOM-CRAWLER,"Will's 2026-09-11 handover found price evidence but no standard platform API, so it needs a bespoke spider. Never built or live-tested."
WILLIAM,syria,1.0,FNB_MIXED,PENDING,barllina_sy,https://barllina.com/ar-sy/categories/1336415/pants,barllina.com,P3 - queue / NEEDS-REVIEW,"Will's 2026-09-11 handover flagged this ambiguous (country, currency or price-surface unclear). Needs manual review before any scaffolding."
WILLIAM,syria,1.0,FNB_MIXED,PENDING,bellarosaperfumes_sy,https://bellarosaperfumes.com/ar-sy/products,bellarosaperfumes.com,P3 - queue / NEEDS-REVIEW,"Will's 2026-09-11 handover flagged this ambiguous (country, currency or price-surface unclear). Needs manual review before any scaffolding."
WILLIAM,syria,1.0,FNB_MIXED,PENDING,carsy_app,https://carsy.app/cars,carsy.app,P3 - queue / NEEDS-REVIEW,"Will's 2026-09-11 handover flagged this ambiguous (country, currency or price-surface unclear). Needs manual review before any scaffolding."
WILLIAM,syria,1.0,FNB_MIXED,PENDING,damascus_store,https://www.damascus-store.com/category/--tMu8V,damascus-store.com,P3 - queue / NEEDS-REVIEW,"Will's 2026-09-11 handover flagged this ambiguous (country, currency or price-surface unclear). Needs manual review before any scaffolding."
WILLIAM,syria,1.0,FNB_MIXED,PENDING,itel_group,https://itel-group.com/ar/brand/earldom/7,itel-group.com,P3 - queue / NEEDS-REVIEW,"Will's 2026-09-11 handover flagged this ambiguous (country, currency or price-surface unclear). Needs manual review before any scaffolding."
WILLIAM,syria,1.0,FNB_MIXED,PENDING,marketsyr,https://marketsyr.com/,marketsyr.com,P3 - queue / NEEDS-REVIEW,"Will's 2026-09-11 handover flagged this ambiguous (country, currency or price-surface unclear). Needs manual review before any scaffolding."
WILLIAM,syria,1.0,FNB_MIXED,PENDING,medetora,https://medetora.com/,medetora.com,P3 - queue / NEEDS-REVIEW,"Will's 2026-09-11 handover flagged this ambiguous (country, currency or price-surface unclear). Needs manual review before any scaffolding."
WILLIAM,syria,1.0,FNB_MIXED,PENDING,midad_bookstore,https://midad-bookstore.com/,midad-bookstore.com,P3 - queue / NEEDS-REVIEW,"Will's 2026-09-11 handover flagged this ambiguous (country, currency or price-surface unclear). Needs manual review before any scaffolding."
WILLIAM,syria,1.0,FNB_MIXED,PENDING,rcell_me,https://rcell.me/en,rcell.me,P3 - queue / NEEDS-REVIEW,"Will's 2026-09-11 handover flagged this ambiguous (country, currency or price-surface unclear). Needs manual review before any scaffolding."
WILLIAM,syria,1.0,FNB_MIXED,PENDING,s_2s3ar,https://2s3ar.com/,2s3ar.com,P3 - queue / NEEDS-REVIEW,"Will's 2026-09-11 handover flagged this ambiguous (country, currency or price-surface unclear). Needs manual review before any scaffolding."
WILLIAM,syria,1.0,FNB_MIXED,PENDING,sidrahandmade_sooqnaa,https://sidrahandmade.sooqnaa.com/ar/,sidrahandmade.sooqnaa.com,P3 - queue / NEEDS-REVIEW,"Will's 2026-09-11 handover flagged this ambiguous (country, currency or price-surface unclear). Needs manual review before any scaffolding."
WILLIAM,syria,1.0,FNB_MIXED,PENDING,syria_yousale_furniture_decor,https://syria.yousale.com/ar/products/furniture_dcor,syria.yousale.com,P3 - queue / NEEDS-REVIEW,"Will's 2026-09-11 handover flagged this ambiguous (country, currency or price-surface unclear). Needs manual review before any scaffolding."
WILLIAM,syria,1.0,FNB_MIXED,PENDING,syriacars_net,https://syriacars.net/?view_type=list,syriacars.net,P3 - queue / NEEDS-REVIEW,"Will's 2026-09-11 handover flagged this ambiguous (country, currency or price-surface unclear). Needs manual review before any scaffolding."
WILLIAM,syria,1.0,FNB_MIXED,PENDING,syrianmarkt,https://syrianmarkt.com/,syrianmarkt.com,P3 - queue / NEEDS-REVIEW,"Will's 2026-09-11 handover flagged this ambiguous (country, currency or price-surface unclear). Needs manual review before any scaffolding."
WILLIAM,syria,1.0,FNB_MIXED,PENDING,syriastoreonline,https://www.syriastoreonline.com/,syriastoreonline.com,P3 - queue / NEEDS-REVIEW,"Will's 2026-09-11 handover flagged this ambiguous (country, currency or price-surface unclear). Needs manual review before any scaffolding."
WILLIAM,syria,1.0,FNB_MIXED,PENDING,tinawistore,https://tinawistore.com/,tinawistore.com,P3 - queue / NEEDS-REVIEW,"Will's 2026-09-11 handover flagged this ambiguous (country, currency or price-surface unclear). Needs manual review before any scaffolding."
WILLIAM,liberia,2.0,FNB_MIXED,LAST_TRY_FAILED,sessayelectronic,https://www.sessayelectronic.store/,sessayelectronic.store,SKIP / HTTP-402,Generated as a crawler-ready manifest by Will's 2026-09-11 handover but it fails the enumerability gate on live probe (HTTP-402). Not merged into configs: a manifest that cannot enumerate returns zero rows forever.
WILLIAM,liberia,2.0,FNB_MIXED,LAST_TRY_FAILED,buyonwasapp_liberia_appliances,https://www.buyonwasapp.ng/itm-location/liberia?rtcl_category=tv-home-appliances,buyonwasapp.ng,SKIP / CHILD-TASK-BLOCKED,Will's 2026-09-11 handover classified this blocked or not viable. Not re-probed here.
WILLIAM,liberia,2.0,FNB_MIXED,PENDING,booksrun_liberia_books,https://booksrun.com/9781089438069-liberia-the-quest-for-freedom-the-half-thats-never-been-told,booksrun.com,P2 - queue / NEEDS-CUSTOM-CRAWLER,"Will's 2026-09-11 handover found price evidence but no standard platform API, so it needs a bespoke spider. Never built or live-tested."
WILLIAM,liberia,2.0,FNB_MIXED,PENDING,historicpictoric_monrovia_map,https://historicpictoric.com/products/map-monrovia-liberia-1980-tourist-antique-vintage,historicpictoric.com,P2 - queue / NEEDS-CUSTOM-CRAWLER,"Will's 2026-09-11 handover found price evidence but no standard platform API, so it needs a bespoke spider. Never built or live-tested."
WILLIAM,liberia,2.0,FNB_MIXED,PENDING,liberiabuynsell,https://liberiabuynsell.com/category/electronics,liberiabuynsell.com,P2 - queue / NEEDS-CUSTOM-CRAWLER,"Will's 2026-09-11 handover found price evidence but no standard platform API, so it needs a bespoke spider. Never built or live-tested."
WILLIAM,liberia,2.0,FNB_MIXED,PENDING,libno1_computers,https://libno1.com/,libno1.com,P2 - queue / NEEDS-CUSTOM-CRAWLER,"Will's 2026-09-11 handover found price evidence but no standard platform API, so it needs a bespoke spider. Never built or live-tested."
WILLIAM,liberia,2.0,FNB_MIXED,PENDING,litwaypicks,https://www.litwaypicks.com/,litwaypicks.com,P2 - queue / NEEDS-CUSTOM-CRAWLER,"Will's 2026-09-11 handover found price evidence but no standard platform API, so it needs a bespoke spider. Never built or live-tested."
WILLIAM,liberia,2.0,FNB_MIXED,PENDING,martiva_all,https://martiva.app/,martiva.app,P2 - queue / NEEDS-CUSTOM-CRAWLER,"Will's 2026-09-11 handover found price evidence but no standard platform API, so it needs a bespoke spider. Never built or live-tested."
WILLIAM,liberia,2.0,FNB_MIXED,PENDING,shoptsev,https://shoptsev.com/,shoptsev.com,P2 - queue / NEEDS-CUSTOM-CRAWLER,"Will's 2026-09-11 handover found price evidence but no standard platform API, so it needs a bespoke spider. Never built or live-tested."
WILLIAM,liberia,2.0,FNB_MIXED,PENDING,starlongman_books,https://starlongmanliberiabooks.com/,starlongmanliberiabooks.com,P2 - queue / NEEDS-CUSTOM-CRAWLER,"Will's 2026-09-11 handover found price evidence but no standard platform API, so it needs a bespoke spider. Never built or live-tested."
WILLIAM,liberia,2.0,FNB_MIXED,PENDING,telecel_lr_shop,https://shop.teleceliberia.com/,shop.teleceliberia.com,P2 - queue / NEEDS-CUSTOM-CRAWLER,"Will's 2026-09-11 handover found price evidence but no standard platform API, so it needs a bespoke spider. Never built or live-tested."
WILLIAM,liberia,2.0,FNB_MIXED,PENDING,ubuy_liberia_appliances,https://www.liberia.ubuy.com/category/electronics/appliances-2619525011,liberia.ubuy.com,P2 - queue / NEEDS-CUSTOM-CRAWLER,"Will's 2026-09-11 handover found price evidence but no standard platform API, so it needs a bespoke spider. Never built or live-tested."
WILLIAM,liberia,2.0,FNB_MIXED,PENDING,usgs_monrovia_map,https://store.usgs.gov/product/26562,store.usgs.gov,P2 - queue / NEEDS-CUSTOM-CRAWLER,"Will's 2026-09-11 handover found price evidence but no standard platform API, so it needs a bespoke spider. Never built or live-tested."
WILLIAM,liberia,2.0,FNB_MIXED,PENDING,africanpride_liberia_collection,https://www.africanpride.co/search?q=Liberia+Monrovia,africanpride.co,P3 - queue / NEEDS-REVIEW,"Will's 2026-09-11 handover flagged this ambiguous (country, currency or price-surface unclear). Needs manual review before any scaffolding."
WILLIAM,liberia,2.0,FNB_MIXED,PENDING,ali_building_material,https://www.alibuildingmaterialstore.com/,alibuildingmaterialstore.com,P3 - queue / NEEDS-REVIEW,"Will's 2026-09-11 handover flagged this ambiguous (country, currency or price-surface unclear). Needs manual review before any scaffolding."
WILLIAM,liberia,2.0,FNB_MIXED,PENDING,citybuilders_lr,https://citybuilders.biz/,citybuilders.biz,P3 - queue / NEEDS-REVIEW,"Will's 2026-09-11 handover flagged this ambiguous (country, currency or price-surface unclear). Needs manual review before any scaffolding."
WILLIAM,liberia,2.0,FNB_MIXED,PENDING,ducor_pharmacy,https://www.ducor-international-pharmacy.com/,ducor-international-pharmacy.com,P3 - queue / NEEDS-REVIEW,"Will's 2026-09-11 handover flagged this ambiguous (country, currency or price-surface unclear). Needs manual review before any scaffolding."
WILLIAM,liberia,2.0,FNB_MIXED,PENDING,duke_electronics_social,https://www.shops1000.com/LR/Monrovia/101110348285685/Duke-Electronics-Store,shops1000.com,P3 - queue / NEEDS-REVIEW,"Will's 2026-09-11 handover flagged this ambiguous (country, currency or price-surface unclear). Needs manual review before any scaffolding."
WILLIAM,liberia,2.0,FNB_MIXED,PENDING,electroworld_lr_social_mirror,https://www.findglocal.com/LR/Monrovia/104889990991889/Electro-World-Inc.-Monrovia-Liberia,findglocal.com,P3 - queue / NEEDS-REVIEW,"Will's 2026-09-11 handover flagged this ambiguous (country, currency or price-surface unclear). Needs manual review before any scaffolding."
WILLIAM,liberia,2.0,FNB_MIXED,PENDING,furniturecity_lr,https://www.furniture1000.com/LR/Monrovia/1550423791922900/Furniture-City-Liberia,furniture1000.com,P3 - queue / NEEDS-REVIEW,"Will's 2026-09-11 handover flagged this ambiguous (country, currency or price-surface unclear). Needs manual review before any scaffolding."
WILLIAM,american_samoa,4.0,FNB_MIXED,LAST_TRY_FAILED,airdna_pago_pago_short_term_rental_data,https://www.airdna.co/vacation-rental-data/app/as/american-samoa/pago-pago/overview,airdna.co,SKIP / CHILD-TASK-BLOCKED,Will's 2026-09-11 handover classified this blocked or not viable. Not re-probed here.
WILLIAM,american_samoa,4.0,FNB_MIXED,LAST_TRY_FAILED,gao_lbj_hospital_facility_fee_reference,https://www.gao.gov/assets/a244973.html,gao.gov,SKIP / CHILD-TASK-BLOCKED,Will's 2026-09-11 handover classified this blocked or not viable. Not re-probed here.
WILLIAM,american_samoa,4.0,FNB_MIXED,LAST_TRY_FAILED,jersey_chest_american_samoa_collection,https://www.jerseychest.com/collections/american-samoa,jerseychest.com,SKIP / CHILD-TASK-BLOCKED,Will's 2026-09-11 handover classified this blocked or not viable. Not re-probed here.
WILLIAM,american_samoa,4.0,FNB_MIXED,LAST_TRY_FAILED,kayak_american_samoa_car_rentals,https://www.kayak.com/American-Samoa-Car-Rentals.4.crc.html,kayak.com,SKIP / CHILD-TASK-BLOCKED,Will's 2026-09-11 handover classified this blocked or not viable. Not re-probed here.
WILLIAM,american_samoa,4.0,FNB_MIXED,LAST_TRY_FAILED,polynesian_pride_american_samoa_collection,https://www.polynesianpride.co/collections/american-samoa,polynesianpride.co,SKIP / CHILD-TASK-BLOCKED,Will's 2026-09-11 handover classified this blocked or not viable. Not re-probed here.
WILLIAM,american_samoa,4.0,FNB_MIXED,LAST_TRY_FAILED,talanei_inter_samoa_airfare_hearing_article,https://www.talanei.com/2026/03/11/airline-officials-explain-fare-hikes-on-inter-samoa-route/,talanei.com,SKIP / CHILD-TASK-BLOCKED,Will's 2026-09-11 handover classified this blocked or not viable. Not re-probed here.
WILLIAM,american_samoa,4.0,FNB_MIXED,LAST_TRY_FAILED,talofa_gifts,https://talofagifts.com/collections/clothing,talofagifts.com,SKIP / CHILD-TASK-BLOCKED,Will's 2026-09-11 handover classified this blocked or not viable. Not re-probed here.
WILLIAM,american_samoa,4.0,FNB_MIXED,LAST_TRY_FAILED,tripadvisor_pago_pago_hotels,https://www.tripadvisor.com/Hotels-g60672-Pago_Pago_Tutuila-Hotels.html,tripadvisor.com,SKIP / CHILD-TASK-BLOCKED,Will's 2026-09-11 handover classified this blocked or not viable. Not re-probed here.
WILLIAM,american_samoa,4.0,FNB_MIXED,LAST_TRY_FAILED,visit_pago_pago_restaurant_directory,https://visitpagopago.com/restaurants/,visitpagopago.com,SKIP / CHILD-TASK-BLOCKED,Will's 2026-09-11 handover classified this blocked or not viable. Not re-probed here.
WILLIAM,american_samoa,4.0,FNB_MIXED,LAST_TRY_FAILED,world_prices_american_samoa_food_prices,https://world-prices.com/en/american-samoa/prices-food,world-prices.com,SKIP / CHILD-TASK-BLOCKED,Will's 2026-09-11 handover classified this blocked or not viable. Not re-probed here.
WILLIAM,american_samoa,4.0,FNB_MIXED,PENDING,american_samoa_insurance_commissioner,https://www.americansamoa.gov/insurance,americansamoa.gov,P2 - queue / NEEDS-CUSTOM-CRAWLER,"Will's 2026-09-11 handover found price evidence but no standard platform API, so it needs a bespoke spider. Never built or live-tested."
WILLIAM,american_samoa,4.0,FNB_MIXED,PENDING,american_samoa_medicaid_resources_fee_schedules,https://www.asmsa.gov/resources,asmsa.gov,P2 - queue / NEEDS-CUSTOM-CRAWLER,"Will's 2026-09-11 handover found price evidence but no standard platform API, so it needs a bespoke spider. Never built or live-tested."
WILLIAM,american_samoa,4.0,FNB_MIXED,PENDING,anl_pacific_islands_baf_july_2026,https://www.anl.com.au/local/australia/news/772/bunker-adjustment-factor-baf-reviews-for-pacific-islands-slot-trades-effective-1st-july-2026,anl.com.au,P2 - queue / NEEDS-CUSTOM-CRAWLER,"Will's 2026-09-11 handover found price evidence but no standard platform API, so it needs a bespoke spider. Never built or live-tested."
WILLIAM,american_samoa,4.0,FNB_MIXED,PENDING,asg_dial_a_ride_fare_page,https://www.dialaride.as/hours-scheduling-and-fare,dialaride.as,P2 - queue / NEEDS-CUSTOM-CRAWLER,"Will's 2026-09-11 handover found price evidence but no standard platform API, so it needs a bespoke spider. Never built or live-tested."
WILLIAM,american_samoa,4.0,FNB_MIXED,PENDING,digicel_tv_samoa_offer,https://support-ws.digicelpacific.com/hc/en-us/articles/6454741484431-Digicel-TV-Offer,support-ws.digicelpacific.com,P2 - queue / NEEDS-CUSTOM-CRAWLER,"Will's 2026-09-11 handover found price evidence but no standard platform API, so it needs a bespoke spider. Never built or live-tested."
WILLIAM,american_samoa,4.0,FNB_MIXED,PENDING,epiship_american_samoa,https://epiship.com/ase01,epiship.com,P2 - queue / NEEDS-CUSTOM-CRAWLER,"Will's 2026-09-11 handover found price evidence but no standard platform API, so it needs a bespoke spider. Never built or live-tested."
WILLIAM,american_samoa,4.0,FNB_MIXED,PENDING,hawaiian_alaska_airlines_american_samoa_fare_deals,https://www.hawaiianairlines.com/en/flights-to-american-samoa,hawaiianairlines.com,P2 - queue / NEEDS-CUSTOM-CRAWLER,"Will's 2026-09-11 handover found price evidence but no standard platform API, so it needs a bespoke spider. Never built or live-tested."
WILLIAM,american_samoa,4.0,FNB_MIXED,PENDING,hi_nesian_apparel,https://www.hinesianapparel.com/home,hinesianapparel.com,P2 - queue / NEEDS-CUSTOM-CRAWLER,"Will's 2026-09-11 handover found price evidence but no standard platform API, so it needs a bespoke spider. Never built or live-tested."
WILLIAM,american_samoa,4.0,FNB_MIXED,PENDING,island_cargo_samoa_news_bunker_surcharge_update,https://www.samoanews.com/local-news/island-cargo-updates-its-ebs-shipments-west-coast?qt-photos_videos=0,samoanews.com,P2 - queue / NEEDS-CUSTOM-CRAWLER,"Will's 2026-09-11 handover found price evidence but no standard platform API, so it needs a bespoke spider. Never built or live-tested."
WILLIAM,american_samoa,4.0,FNB_MIXED,PENDING,jason_car_rental,https://jasoncarrentals.com/?ref_domain_alias=www.jasoncarrentals.com,jasoncarrentals.com,P2 - queue / NEEDS-CUSTOM-CRAWLER,"Will's 2026-09-11 handover found price evidence but no standard platform API, so it needs a bespoke spider. Never built or live-tested."
WILLIAM,american_samoa,4.0,FNB_MIXED,PENDING,myus_parcel_shipping_to_american_samoa,https://www.myus.com/where-we-ship/american-samoa/,myus.com,P2 - queue / NEEDS-CUSTOM-CRAWLER,"Will's 2026-09-11 handover found price evidence but no standard platform API, so it needs a bespoke spider. Never built or live-tested."
WILLIAM,american_samoa,4.0,FNB_MIXED,PENDING,neil_s_ace_home_center,https://shop.neilsace.com/,shop.neilsace.com,P2 - queue / NEEDS-CUSTOM-CRAWLER,"Will's 2026-09-11 handover found price evidence but no standard platform API, so it needs a bespoke spider. Never built or live-tested."
WILLIAM,american_samoa,4.0,FNB_MIXED,PENDING,oceania_university_of_medicine_tuition_and_fees,https://oum.edu.ws/admissions/tuition-fees/,oum.edu.ws,P2 - queue / NEEDS-CUSTOM-CRAWLER,"Will's 2026-09-11 handover found price evidence but no standard platform API, so it needs a bespoke spider. Never built or live-tested."
WILLIAM,american_samoa,4.0,FNB_MIXED,PENDING,polynesian_airlines_inter_samoa_fares,https://www.polynesianairlines.com/bkflight,polynesianairlines.com,P2 - queue / NEEDS-CUSTOM-CRAWLER,"Will's 2026-09-11 handover found price evidence but no standard platform API, so it needs a bespoke spider. Never built or live-tested."
WILLIAM,american_samoa,4.0,FNB_MIXED,PENDING,samoa_airways_fare_rules_and_charges,https://samoaairways.com/change-ui.php,samoaairways.com,P2 - queue / NEEDS-CUSTOM-CRAWLER,"Will's 2026-09-11 handover found price evidence but no standard platform API, so it needs a bespoke spider. Never built or live-tested."
WILLIAM,american_samoa,4.0,FNB_MIXED,PENDING,samoa_international_finance_authority_fee_schedule,https://sifa.ws/fee-schedule/,sifa.ws,P2 - queue / NEEDS-CUSTOM-CRAWLER,"Will's 2026-09-11 handover found price evidence but no standard platform API, so it needs a bespoke spider. Never built or live-tested."
WILLIAM,american_samoa,4.0,FNB_MIXED,PENDING,samoa_shipping_corporation_cargo_tariffs,https://www.ssc.ws/cargo/,ssc.ws,P2 - queue / NEEDS-CUSTOM-CRAWLER,"Will's 2026-09-11 handover found price evidence but no standard platform API, so it needs a bespoke spider. Never built or live-tested."
WILLIAM,american_samoa,4.0,FNB_MIXED,PENDING,samoamarket,https://samoamarket.com/,samoamarket.com,P2 - queue / NEEDS-CUSTOM-CRAWLER,"Will's 2026-09-11 handover found price evidence but no standard platform API, so it needs a bespoke spider. Never built or live-tested."
WILLIAM,american_samoa,4.0,FNB_MIXED,PENDING,talofa_airways_cargo_rates,https://www.talofaairways.com/passenger-information/freight-cargo/,talofaairways.com,P2 - queue / NEEDS-CUSTOM-CRAWLER,"Will's 2026-09-11 handover found price evidence but no standard platform API, so it needs a bespoke spider. Never built or live-tested."
WILLIAM,american_samoa,4.0,FNB_MIXED,PENDING,tanoa_hawaii,https://tanoa.shop/collections/all,tanoa.shop,P2 - queue / NEEDS-CUSTOM-CRAWLER,"Will's 2026-09-11 handover found price evidence but no standard platform API, so it needs a bespoke spider. Never built or live-tested."
WILLIAM,american_samoa,4.0,FNB_MIXED,PENDING,the_koko_samoa_apparel,https://thekokosamoa.com/collections/apparel,thekokosamoa.com,P2 - queue / NEEDS-CUSTOM-CRAWLER,"Will's 2026-09-11 handover found price evidence but no standard platform API, so it needs a bespoke spider. Never built or live-tested."
WILLIAM,american_samoa,4.0,FNB_MIXED,PENDING,toa_samoa_shop,https://toasamoashop.com/collections/all-items,toasamoashop.com,P2 - queue / NEEDS-CUSTOM-CRAWLER,"Will's 2026-09-11 handover found price evidence but no standard platform API, so it needs a bespoke spider. Never built or live-tested."
WILLIAM,american_samoa,4.0,FNB_MIXED,PENDING,tradewinds_hotel_child_care_center,https://tradewinds.as/service/child-care-center,tradewinds.as,P2 - queue / NEEDS-CUSTOM-CRAWLER,"Will's 2026-09-11 handover found price evidence but no standard platform API, so it needs a bespoke spider. Never built or live-tested."
WILLIAM,american_samoa,4.0,FNB_MIXED,PENDING,tutila_store,https://tutuilastore.com/,tutuilastore.com,P3 - queue / NEEDS-REVIEW,"Will's 2026-09-11 handover flagged this ambiguous (country, currency or price-surface unclear). Needs manual review before any scaffolding."
WILLIAM,gambia,5.0,FNB_MIXED,LAST_TRY_FAILED,national_centre_for_arts_and_culture_shop,https://ncac.gm/shop/?product_orderby=rating&product_view=list,ncac.gm,SKIP / JSONDecodeError,Generated as a crawler-ready manifest by Will's 2026-09-11 handover but it fails the enumerability gate on live probe (JSONDecodeError). Not merged into configs: a manifest that cannot enumerate returns zero rows forever.
WILLIAM,gambia,5.0,FNB_MIXED,LAST_TRY_FAILED,saltronics,https://saltronics.gm/,saltronics.gm,SKIP / DNSError,Generated as a crawler-ready manifest by Will's 2026-09-11 handover but it fails the enumerability gate on live probe (DNSError). Not merged into configs: a manifest that cannot enumerate returns zero rows forever.
WILLIAM,gambia,5.0,FNB_MIXED,LAST_TRY_FAILED,ashay_by_the_bay,https://ashaybythebay.com/product-category/african-history-and-stories/,ashaybythebay.com,SKIP / CHILD-TASK-BLOCKED,Will's 2026-09-11 handover classified this blocked or not viable. Not re-probed here.
WILLIAM,gambia,5.0,FNB_MIXED,LAST_TRY_FAILED,fsqa_product_catalog,https://fsqa.gm/product-category/furniture/,fsqa.gm,SKIP / CHILD-TASK-BLOCKED,Will's 2026-09-11 handover classified this blocked or not viable. Not re-probed here.
WILLIAM,gambia,5.0,FNB_MIXED,LAST_TRY_FAILED,innovarx_pos,https://innovarx-pos.com/,innovarx-pos.com,SKIP / CHILD-TASK-BLOCKED,Will's 2026-09-11 handover classified this blocked or not viable. Not re-probed here.
WILLIAM,gambia,5.0,FNB_MIXED,LAST_TRY_FAILED,lumo_gambia,https://lumogambia.shop/,lumogambia.shop,SKIP / CHILD-TASK-BLOCKED,Will's 2026-09-11 handover classified this blocked or not viable. Not re-probed here.
WILLIAM,gambia,5.0,FNB_MIXED,LAST_TRY_FAILED,metropolitan_school_of_business_and_management_banjul_pages,https://msbm.org.uk/city-of-banjul/,msbm.org.uk,SKIP / CHILD-TASK-BLOCKED,Will's 2026-09-11 handover classified this blocked or not viable. Not re-probed here.
WILLIAM,gambia,5.0,FNB_MIXED,LAST_TRY_FAILED,noteshobby_gambia_banknotes,https://noteshobby.com/collections/gambia,noteshobby.com,SKIP / CHILD-TASK-BLOCKED,Will's 2026-09-11 handover classified this blocked or not viable. Not re-probed here.
WILLIAM,gambia,5.0,FNB_MIXED,LAST_TRY_FAILED,puttview_kololi_beach_club_book,https://puttviewbooks.com/products/kololi-beach-club-golf-course,puttviewbooks.com,SKIP / CHILD-TASK-BLOCKED,Will's 2026-09-11 handover classified this blocked or not viable. Not re-probed here.
WILLIAM,gambia,5.0,FNB_MIXED,LAST_TRY_FAILED,the_gambia_market,https://www.thegambiamarket.com/,thegambiamarket.com,SKIP / CHILD-TASK-BLOCKED,Will's 2026-09-11 handover classified this blocked or not viable. Not re-probed here.
WILLIAM,gambia,5.0,FNB_MIXED,PENDING,cargambia_spare_parts,https://www.cargambia.com/en/spare_parts,cargambia.com,P2 - queue / NEEDS-CUSTOM-CRAWLER,"Will's 2026-09-11 handover found price evidence but no standard platform API, so it needs a bespoke spider. Never built or live-tested."
WILLIAM,gambia,5.0,FNB_MIXED,PENDING,cas_supplies,https://cas.supplies/,cas.supplies,P2 - queue / NEEDS-CUSTOM-CRAWLER,"Will's 2026-09-11 handover found price evidence but no standard platform API, so it needs a bespoke spider. Never built or live-tested."
WILLIAM,gambia,5.0,FNB_MIXED,PENDING,gam_lux,https://gam-lux.com/,gam-lux.com,P2 - queue / NEEDS-CUSTOM-CRAWLER,"Will's 2026-09-11 handover found price evidence but no standard platform API, so it needs a bespoke spider. Never built or live-tested."
WILLIAM,gambia,5.0,FNB_MIXED,PENDING,gambia_marketplace_shop,https://gambiamarketplaceshop.com/,gambiamarketplaceshop.com,P2 - queue / NEEDS-CUSTOM-CRAWLER,"Will's 2026-09-11 handover found price evidence but no standard platform API, so it needs a bespoke spider. Never built or live-tested."
WILLIAM,gambia,5.0,FNB_MIXED,PENDING,i_store_gambia,https://istoregm.com/,istoregm.com,P2 - queue / NEEDS-CUSTOM-CRAWLER,"Will's 2026-09-11 handover found price evidence but no standard platform API, so it needs a bespoke spider. Never built or live-tested."
WILLIAM,gambia,5.0,FNB_MIXED,PENDING,jeddah_trading,https://shopjeddahtrading.com/,shopjeddahtrading.com,P2 - queue / NEEDS-CUSTOM-CRAWLER,"Will's 2026-09-11 handover found price evidence but no standard platform API, so it needs a bespoke spider. Never built or live-tested."
WILLIAM,gambia,5.0,FNB_MIXED,PENDING,jendal,https://www.jendal.org/products,jendal.org,P2 - queue / NEEDS-CUSTOM-CRAWLER,"Will's 2026-09-11 handover found price evidence but no standard platform API, so it needs a bespoke spider. Never built or live-tested."
WILLIAM,gambia,5.0,FNB_MIXED,PENDING,sass_group_gm,https://sassgroupgm.com/,sassgroupgm.com,P2 - queue / NEEDS-CUSTOM-CRAWLER,"Will's 2026-09-11 handover found price evidence but no standard platform API, so it needs a bespoke spider. Never built or live-tested."
WILLIAM,gambia,5.0,FNB_MIXED,PENDING,tems_market,https://www.temsmarket.com/,temsmarket.com,P2 - queue / NEEDS-CUSTOM-CRAWLER,"Will's 2026-09-11 handover found price evidence but no standard platform API, so it needs a bespoke spider. Never built or live-tested."
WILLIAM,gambia,5.0,FNB_MIXED,PENDING,workplace_gambia,https://www.workplacegambia.com/category/seating-tables,workplacegambia.com,P2 - queue / NEEDS-CUSTOM-CRAWLER,"Will's 2026-09-11 handover found price evidence but no standard platform API, so it needs a bespoke spider. Never built or live-tested."
WILLIAM,gambia,5.0,FNB_MIXED,PENDING,gambia_nhakam,https://nhakam.com/,nhakam.com,P2 - queue / NEEDS-CUSTOM-CRAWLER,Downloaded CSV batch on 2026-09-12; normalized site was not present in the base workbook | scraping ease: Easy | add as a new scrape target and crawler-creation candidate
WILLIAM,gambia,5.0,FNB_MIXED,PENDING,gambia_goamarket,https://goamarket.online/,goamarket.online,P2 - queue / NEEDS-CUSTOM-CRAWLER,Downloaded CSV batch on 2026-09-12; normalized site was not present in the base workbook | scraping ease: Easy | add as a new scrape target and crawler-creation candidate
WILLIAM,greenland,7.0,FNB_MIXED,LAST_TRY_FAILED,brorogsoster,https://brorogsoster.gl/,brorogsoster.gl,SKIP / EMPTY-CATALOG,Generated as a crawler-ready manifest by Will's 2026-09-11 handover but it fails the enumerability gate on live probe (EMPTY-CATALOG). Not merged into configs: a manifest that cannot enumerate returns zero rows forever.
WILLIAM,greenland,7.0,FNB_MIXED,LAST_TRY_FAILED,elplus_gl,https://elplus.gl/gl/,elplus.gl,SKIP / EMPTY-CATALOG,Generated as a crawler-ready manifest by Will's 2026-09-11 handover but it fails the enumerability gate on live probe (EMPTY-CATALOG). Not merged into configs: a manifest that cannot enumerate returns zero rows forever.
WILLIAM,greenland,7.0,FNB_MIXED,LAST_TRY_FAILED,nanoqmedia_gl,https://nanoqmedia.gl/da/vare-kategori/andet/,nanoqmedia.gl,SKIP / HTTP-401,Generated as a crawler-ready manifest by Will's 2026-09-11 handover but it fails the enumerability gate on live probe (HTTP-401). Not merged into configs: a manifest that cannot enumerate returns zero rows forever.
WILLIAM,greenland,7.0,FNB_MIXED,LAST_TRY_FAILED,comby_gl,https://shop.comby.gl/,shop.comby.gl,SKIP / CHILD-TASK-BLOCKED,Will's 2026-09-11 handover classified this blocked or not viable. Not re-probed here.
WILLIAM,greenland,7.0,FNB_MIXED,LAST_TRY_FAILED,geus_webshop,https://www.geus.dk/produkter-ydelser-og-faciliteter/publikationer/populaervidenskab/boeger/geological-guide-south-greenland,geus.dk,SKIP / CHILD-TASK-BLOCKED,Will's 2026-09-11 handover classified this blocked or not viable. Not re-probed here.
WILLIAM,greenland,7.0,FNB_MIXED,LAST_TRY_FAILED,ilisimatusarfik_webshop,https://uk-webshop.uni.gl/current-products/,uk-webshop.uni.gl,SKIP / CHILD-TASK-BLOCKED,Will's 2026-09-11 handover classified this blocked or not viable. Not re-probed here.
WILLIAM,greenland,7.0,FNB_MIXED,LAST_TRY_FAILED,kksshopgreenland,https://kksshopgreenland.com/,kksshopgreenland.com,SKIP / CHILD-TASK-BLOCKED,Will's 2026-09-11 handover classified this blocked or not viable. Not re-probed here.
WILLIAM,greenland,7.0,FNB_MIXED,LAST_TRY_FAILED,matas_nuuk,https://www.matas.dk/find-butik,matas.dk,SKIP / CHILD-TASK-BLOCKED,Will's 2026-09-11 handover classified this blocked or not viable. Not re-probed here.
WILLIAM,greenland,7.0,FNB_MIXED,LAST_TRY_FAILED,sostreneniviogaja_dk,https://sostreneniviogaja.dk/,sostreneniviogaja.dk,SKIP / CHILD-TASK-BLOCKED,Will's 2026-09-11 handover classified this blocked or not viable. Not re-probed here.
WILLIAM,greenland,7.0,FNB_MIXED,PENDING,babysam_gl,https://www.babysam.gl/,babysam.gl,P2 - queue / NEEDS-CUSTOM-CRAWLER,"Will's 2026-09-11 handover found price evidence but no standard platform API, so it needs a bespoke spider. Never built or live-tested."
WILLIAM,greenland,7.0,FNB_MIXED,PENDING,glaciershop_store,https://www.glaciershop.store/,glaciershop.store,P2 - queue / NEEDS-CUSTOM-CRAWLER,"Will's 2026-09-11 handover found price evidence but no standard platform API, so it needs a bespoke spider. Never built or live-tested."
WILLIAM,greenland,7.0,FNB_MIXED,PENDING,ittu_net,https://www.ittu.net/,ittu.net,P2 - queue / NEEDS-CUSTOM-CRAWLER,"Will's 2026-09-11 handover found price evidence but no standard platform API, so it needs a bespoke spider. Never built or live-tested."
WILLIAM,greenland,7.0,FNB_MIXED,PENDING,noenne_net,https://www.noenne.net/,noenne.net,P2 - queue / NEEDS-CUSTOM-CRAWLER,"Will's 2026-09-11 handover found price evidence but no standard platform API, so it needs a bespoke spider. Never built or live-tested."
WILLIAM,greenland,7.0,FNB_MIXED,PENDING,yamatek_neos,https://neos.yamatek.gl/,neos.yamatek.gl,P2 - queue / NEEDS-CUSTOM-CRAWLER,"Will's 2026-09-11 handover found price evidence but no standard platform API, so it needs a bespoke spider. Never built or live-tested."
WILLIAM,greenland,7.0,FNB_MIXED,PENDING,davidsen_nuuk,https://www.davidsen.dk/find-butik?id=46,davidsen.dk,P3 - queue / NEEDS-REVIEW,"Will's 2026-09-11 handover flagged this ambiguous (country, currency or price-surface unclear). Needs manual review before any scaffolding."
WILLIAM,greenland,7.0,FNB_MIXED,PENDING,hotel_soma_nuuk,https://hotelsoma.com/da/restaurant-nuuk/,hotelsoma.com,P3 - queue / NEEDS-REVIEW,"Will's 2026-09-11 handover flagged this ambiguous (country, currency or price-surface unclear). Needs manual review before any scaffolding."
WILLIAM,greenland,7.0,FNB_MIXED,PENDING,illerfissarsiutileqatigiit,https://illerfissarsiutileqatigiit.gl/handelsbetingelser/?lang=da,illerfissarsiutileqatigiit.gl,P3 - queue / NEEDS-REVIEW,"Will's 2026-09-11 handover flagged this ambiguous (country, currency or price-surface unclear). Needs manual review before any scaffolding."
WILLIAM,greenland,7.0,FNB_MIXED,PENDING,naleraq_sea_safari,https://www.seagreenland.com/webshop/,seagreenland.com,P3 - queue / NEEDS-REVIEW,"Will's 2026-09-11 handover flagged this ambiguous (country, currency or price-surface unclear). Needs manual review before any scaffolding."
WILLIAM,greenland,7.0,FNB_MIXED,PENDING,sawadii_gl,https://www.sawadii.gl/,sawadii.gl,P3 - queue / NEEDS-REVIEW,"Will's 2026-09-11 handover flagged this ambiguous (country, currency or price-surface unclear). Needs manual review before any scaffolding."
WILLIAM,central_african_republic,10.0,FNB_MIXED,LAST_TRY_FAILED,bangui_mall_globuya,https://www.globuya.com/CF/Bangui/113708078406670/Bangui-Mall,globuya.com,SKIP / CHILD-TASK-BLOCKED,Will's 2026-09-11 handover classified this blocked or not viable. Not re-probed here.
WILLIAM,central_african_republic,10.0,FNB_MIXED,LAST_TRY_FAILED,bonprix_cf,https://bonprix.cf/,bonprix.cf,SKIP / CHILD-TASK-BLOCKED,Will's 2026-09-11 handover classified this blocked or not viable. Not re-probed here.
WILLIAM,central_african_republic,10.0,FNB_MIXED,LAST_TRY_FAILED,buyonwasapp_caf,https://www.buyonwasapp.ng/itm-location/central-african-republic,buyonwasapp.ng,SKIP / CHILD-TASK-BLOCKED,Will's 2026-09-11 handover classified this blocked or not viable. Not re-probed here.
WILLIAM,central_african_republic,10.0,FNB_MIXED,LAST_TRY_FAILED,clean_computer_services,https://cleanrca.com/services-informatiques/developpement/site-ecommerce,cleanrca.com,SKIP / CHILD-TASK-BLOCKED,Will's 2026-09-11 handover classified this blocked or not viable. Not re-probed here.
WILLIAM,central_african_republic,10.0,FNB_MIXED,LAST_TRY_FAILED,finigara,https://finigara.com/,finigara.com,SKIP / CHILD-TASK-BLOCKED,Will's 2026-09-11 handover classified this blocked or not viable. Not re-probed here.
WILLIAM,central_african_republic,10.0,FNB_MIXED,LAST_TRY_FAILED,kdo_infotech_findglocal,https://www.findglocal.com/CF/Bangui/749148614950344/KDO-infotech--Centrafrique,findglocal.com,SKIP / CHILD-TASK-BLOCKED,Will's 2026-09-11 handover classified this blocked or not viable. Not re-probed here.
WILLIAM,central_african_republic,10.0,FNB_MIXED,LAST_TRY_FAILED,librairie_de_france_caf_related,https://www.librairiedefrance.net/,librairiedefrance.net,SKIP / CHILD-TASK-BLOCKED,Will's 2026-09-11 handover classified this blocked or not viable. Not re-probed here.
WILLIAM,central_african_republic,10.0,FNB_MIXED,LAST_TRY_FAILED,librairie_rachel_bangui_law,https://www.librairie-rachel.com/categorie-produit/droitlois/?add-to-cart=778,librairie-rachel.com,SKIP / CHILD-TASK-BLOCKED,Will's 2026-09-11 handover classified this blocked or not viable. Not re-probed here.
WILLIAM,central_african_republic,10.0,FNB_MIXED,LAST_TRY_FAILED,lnb_rca_real_estate,https://lnbrca.com/offres-de-location/,lnbrca.com,SKIP / CHILD-TASK-BLOCKED,Will's 2026-09-11 handover classified this blocked or not viable. Not re-probed here.
WILLIAM,central_african_republic,10.0,FNB_MIXED,LAST_TRY_FAILED,maisonbangui_real_estate_examples,https://maisonbangui.com/,maisonbangui.com,SKIP / CHILD-TASK-BLOCKED,Will's 2026-09-11 handover classified this blocked or not viable. Not re-probed here.
WILLIAM,central_african_republic,10.0,FNB_MIXED,LAST_TRY_FAILED,nouvelle_vision_bangui_product_name,https://www.nouvelle-vision.com/fr/loisirs-jeux-et-sport,nouvelle-vision.com,SKIP / CHILD-TASK-BLOCKED,Will's 2026-09-11 handover classified this blocked or not viable. Not re-probed here.
WILLIAM,central_african_republic,10.0,FNB_MIXED,LAST_TRY_FAILED,pharmacie_du_peuple_scribd,https://es.scribd.com/document/505426442/Etat-Journal-27,es.scribd.com,SKIP / CHILD-TASK-BLOCKED,Will's 2026-09-11 handover classified this blocked or not viable. Not re-probed here.
WILLIAM,central_african_republic,10.0,FNB_MIXED,LAST_TRY_FAILED,simiz_bangui_ecommerce_payments,https://simiz.io/blog/bangui-paiement-mobile-ecommerce,simiz.io,SKIP / CHILD-TASK-BLOCKED,Will's 2026-09-11 handover classified this blocked or not viable. Not re-probed here.
WILLIAM,central_african_republic,10.0,FNB_MIXED,LAST_TRY_FAILED,steice_cameroon_bangui_sofa,https://steice.cm/produit/salon-5-places-r-bangui-new/,steice.cm,SKIP / CHILD-TASK-BLOCKED,Will's 2026-09-11 handover classified this blocked or not viable. Not re-probed here.
WILLIAM,central_african_republic,10.0,FNB_MIXED,LAST_TRY_FAILED,vokani,https://vokani.com/,vokani.com,SKIP / CHILD-TASK-BLOCKED,Will's 2026-09-11 handover classified this blocked or not viable. Not re-probed here.
WILLIAM,central_african_republic,10.0,FNB_MIXED,LAST_TRY_FAILED,zado_consulting_shop,https://zadoconsulting.com/product/formation-routage-reseau-avance-bangui-rca/,zadoconsulting.com,SKIP / CHILD-TASK-BLOCKED,Will's 2026-09-11 handover classified this blocked or not viable. Not re-probed here.
WILLIAM,central_african_republic,10.0,FNB_MIXED,PENDING,afribaba_cf_autos,https://cf.afribaba.com/bangui/autos-voitures-motos-neuves-occasion/voitures-occasion-neuves/,cf.afribaba.com,P3 - queue / NEEDS-REVIEW,"Will's 2026-09-11 handover flagged this ambiguous (country, currency or price-surface unclear). Needs manual review before any scaffolding."
WILLIAM,central_african_republic,10.0,FNB_MIXED,PENDING,banguiconnect_classifieds,https://www.banguiconnect.com/categories/tech,banguiconnect.com,P3 - queue / NEEDS-REVIEW,"Will's 2026-09-11 handover flagged this ambiguous (country, currency or price-surface unclear). Needs manual review before any scaffolding."
WILLIAM,central_african_republic,10.0,FNB_MIXED,PENDING,sangostore,https://sangostore.com/produits,sangostore.com,P3 - queue / NEEDS-REVIEW,"Will's 2026-09-11 handover flagged this ambiguous (country, currency or price-surface unclear). Needs manual review before any scaffolding."
WILLIAM,central_african_republic,10.0,FNB_MIXED,PENDING,central_african_republic_ndaratibeafrika,https://ndaratibeafrika.com/,ndaratibeafrika.com,P2 - queue / NEEDS-CUSTOM-CRAWLER,Downloaded CSV batch on 2026-09-12; normalized site was not present in the base workbook | scraping ease: Easy | add as a new scrape target and crawler-creation candidate
WILLIAM,palau,17.0,FNB_MIXED,LAST_TRY_FAILED,belau_national_museum_books_giftshop_gap,https://palauyp.com/2020/index_130.html,palauyp.com,SKIP / CHILD-TASK-BLOCKED,Will's 2026-09-11 handover classified this blocked or not viable. Not re-probed here.
WILLIAM,palau,17.0,FNB_MIXED,LAST_TRY_FAILED,computer_equipment_gap,https://store.wctc-palau.com/departments,store.wctc-palau.com,SKIP / CHILD-TASK-BLOCKED,Will's 2026-09-11 handover classified this blocked or not viable. Not re-probed here.
WILLIAM,palau,17.0,FNB_MIXED,LAST_TRY_FAILED,cybo_clothing_store_directory,https://www.cybo.com/PW/koror-N1p8/clothing-stores/,cybo.com,SKIP / CHILD-TASK-BLOCKED,Will's 2026-09-11 handover classified this blocked or not viable. Not re-probed here.
WILLIAM,palau,17.0,FNB_MIXED,LAST_TRY_FAILED,do_it_best_masons_listing,https://www.mystore411.com/store/view/10875872/Palau/Do-it-Best-Koror,mystore411.com,SKIP / CHILD-TASK-BLOCKED,Will's 2026-09-11 handover classified this blocked or not viable. Not re-probed here.
WILLIAM,palau,17.0,FNB_MIXED,LAST_TRY_FAILED,etpison_books_old_mail_order,https://www.scubadiving.com/palau-cultural-and-natural-histoy-books,scubadiving.com,SKIP / CHILD-TASK-BLOCKED,Will's 2026-09-11 handover classified this blocked or not viable. Not re-probed here.
WILLIAM,palau,17.0,FNB_MIXED,LAST_TRY_FAILED,garden_palace_around_shopping_leads,https://garden-palace-palau.com/arround,garden-palace-palau.com,SKIP / CHILD-TASK-BLOCKED,Will's 2026-09-11 handover classified this blocked or not viable. Not re-probed here.
WILLIAM,palau,17.0,FNB_MIXED,LAST_TRY_FAILED,hikersbay_koror_prices,https://hikersbay.com/prices/palau/p/koror?lang=en,hikersbay.com,SKIP / CHILD-TASK-BLOCKED,Will's 2026-09-11 handover classified this blocked or not viable. Not re-probed here.
WILLIAM,palau,17.0,FNB_MIXED,LAST_TRY_FAILED,masons_hardware_near_place,https://pw.near-place.com/masons-hardware-do-it-center-295-ikelau-road-koror/en,pw.near-place.com,SKIP / CHILD-TASK-BLOCKED,Will's 2026-09-11 handover classified this blocked or not viable. Not re-probed here.
WILLIAM,palau,17.0,FNB_MIXED,LAST_TRY_FAILED,padi_adventures_palau_dive_trip,https://travel.padi.com/dive-trip/palau/ganztagiger-tauchausflug-82125/,travel.padi.com,SKIP / CHILD-TASK-BLOCKED,Will's 2026-09-11 handover classified this blocked or not viable. Not re-probed here.
WILLIAM,palau,17.0,FNB_MIXED,LAST_TRY_FAILED,pakistan_post_ems_to_palau,https://ep.gov.pk/tariff/emsp_tariff.aspx?Country_Name=PALAU&Type=Marchandise&Zone=Zone+6,ep.gov.pk,SKIP / CHILD-TASK-BLOCKED,Will's 2026-09-11 handover classified this blocked or not viable. Not re-probed here.
WILLIAM,palau,17.0,FNB_MIXED,LAST_TRY_FAILED,palau_business_directory_aura,https://plw.aura.directory/,plw.aura.directory,SKIP / CHILD-TASK-BLOCKED,Will's 2026-09-11 handover classified this blocked or not viable. Not re-probed here.
WILLIAM,palau,17.0,FNB_MIXED,LAST_TRY_FAILED,palau_electricity_rates_2012_archival,https://policy.asiapacificenergy.org/node/3819,policy.asiapacificenergy.org,SKIP / CHILD-TASK-BLOCKED,Will's 2026-09-11 handover classified this blocked or not viable. Not re-probed here.
WILLIAM,palau,17.0,FNB_MIXED,LAST_TRY_FAILED,palau_eyewear_gap,https://tabiji.ai/health/palau/,tabiji.ai,SKIP / CHILD-TASK-BLOCKED,Will's 2026-09-11 handover classified this blocked or not viable. Not re-probed here.
WILLIAM,palau,17.0,FNB_MIXED,LAST_TRY_FAILED,palau_prison_storyboards_tripadvisor,https://www.tripadvisor.com/ShowTopic-g294136-i4707-k687230-Shopping_Trinkets_Handicrafts-Koror_Koror_Island.html,tripadvisor.com,SKIP / CHILD-TASK-BLOCKED,Will's 2026-09-11 handover classified this blocked or not viable. Not re-probed here.
WILLIAM,palau,17.0,FNB_MIXED,LAST_TRY_FAILED,palau_public_market_souvenir_ranges,https://souvenirsideas.com/2025/12/24/palau/,souvenirsideas.com,SKIP / CHILD-TASK-BLOCKED,Will's 2026-09-11 handover classified this blocked or not viable. Not re-probed here.
WILLIAM,palau,17.0,FNB_MIXED,LAST_TRY_FAILED,palau_store_shopify,https://www.merchantgenius.io/shop/url/palaustore.com,merchantgenius.io,SKIP / CHILD-TASK-BLOCKED,Will's 2026-09-11 handover classified this blocked or not viable. Not re-probed here.
WILLIAM,palau,17.0,FNB_MIXED,LAST_TRY_FAILED,polynesian_co_palau_collection,https://www.polynesian.co/collections/palau,polynesian.co,SKIP / CHILD-TASK-BLOCKED,Will's 2026-09-11 handover classified this blocked or not viable. Not re-probed here.
WILLIAM,palau,17.0,FNB_MIXED,LAST_TRY_FAILED,premier_liveaboard_palau_aggressor,https://premierliveaboarddiving.com/boats/palau-aggressor?trip_id=46478,premierliveaboarddiving.com,SKIP / CHILD-TASK-BLOCKED,Will's 2026-09-11 handover classified this blocked or not viable. Not re-probed here.
WILLIAM,palau,17.0,FNB_MIXED,LAST_TRY_FAILED,reachumi_palau_esim,https://www.reachumi.com/esim-data/palau,reachumi.com,SKIP / CHILD-TASK-BLOCKED,Will's 2026-09-11 handover classified this blocked or not viable. Not re-probed here.
WILLIAM,palau,17.0,FNB_MIXED,LAST_TRY_FAILED,solitude_one_palau_liveaboard,https://www.ldadivetravel.com/en/tour/solitude_one_palau_liveaboard-100,ldadivetravel.com,SKIP / CHILD-TASK-BLOCKED,Will's 2026-09-11 handover classified this blocked or not viable. Not re-probed here.
WILLIAM,palau,17.0,FNB_MIXED,LAST_TRY_FAILED,standard_electric_um_false_positive,https://www.standardelectricsupply.com/search?page=3736,standardelectricsupply.com,SKIP / CHILD-TASK-BLOCKED,Will's 2026-09-11 handover classified this blocked or not viable. Not re-probed here.
WILLIAM,palau,17.0,FNB_MIXED,LAST_TRY_FAILED,surangel_social_appliance_prices,https://www.foodbevg.com/PW/Koror/262012142144/Surangel-and-Sons-Co.,foodbevg.com,SKIP / CHILD-TASK-BLOCKED,Will's 2026-09-11 handover classified this blocked or not viable. Not re-probed here.
WILLIAM,palau,17.0,FNB_MIXED,LAST_TRY_FAILED,usps_palau_koror_post_office_rates,https://www.hourspostoffice.com/USPS%20Post%20Office%20Palau%20-%20Koror%20%28PW%29/96940/KOROR/QRO7hmNVcvKWvsZv,hourspostoffice.com,SKIP / CHILD-TASK-BLOCKED,Will's 2026-09-11 handover classified this blocked or not viable. Not re-probed here.
WILLIAM,palau,17.0,FNB_MIXED,LAST_TRY_FAILED,west_ace_hardware_social,https://www.hardware1000.com/PW/Koror/313306442095/West-Ace-Hardware,hardware1000.com,SKIP / CHILD-TASK-BLOCKED,Will's 2026-09-11 handover classified this blocked or not viable. Not re-probed here.
WILLIAM,palau,17.0,FNB_MIXED,LAST_TRY_FAILED,zazzle_palau_clothing,https://www.zazzle.com.au/palau%2Bclothing,zazzle.com.au,SKIP / CHILD-TASK-BLOCKED,Will's 2026-09-11 handover classified this blocked or not viable. Not re-probed here.
WILLIAM,palau,17.0,FNB_MIXED,PENDING,blue_marlin_palau_rental_prices,https://bluemarlinpalau.com/our_service/,bluemarlinpalau.com,P2 - queue / NEEDS-CUSTOM-CRAWLER,"Will's 2026-09-11 handover found price evidence but no standard platform API, so it needs a bespoke spider. Never built or live-tested."
WILLIAM,palau,17.0,FNB_MIXED,PENDING,daydream_palau_rental_prices,https://daydreampalau.com/day-trip-koror/,daydreampalau.com,P2 - queue / NEEDS-CUSTOM-CRAWLER,"Will's 2026-09-11 handover found price evidence but no standard platform API, so it needs a bespoke spider. Never built or live-tested."
WILLIAM,palau,17.0,FNB_MIXED,PENDING,palau_dive_adventures_faq_rentals,https://palaudiveadventures.com/diving-palau-faq/,palaudiveadventures.com,P2 - queue / NEEDS-CUSTOM-CRAWLER,"Will's 2026-09-11 handover found price evidence but no standard platform API, so it needs a bespoke spider. Never built or live-tested."
WILLIAM,palau,17.0,FNB_MIXED,PENDING,palau_pacific_divers_price_images,https://www.palaupacificdivers.com/price,palaupacificdivers.com,P2 - queue / NEEDS-CUSTOM-CRAWLER,"Will's 2026-09-11 handover found price evidence but no standard platform API, so it needs a bespoke spider. Never built or live-tested."
WILLIAM,palau,17.0,FNB_MIXED,PENDING,pmci_mobile_services,https://pmci.pw/services,pmci.pw,P2 - queue / NEEDS-CUSTOM-CRAWLER,"Will's 2026-09-11 handover found price evidence but no standard platform API, so it needs a bespoke spider. Never built or live-tested."
WILLIAM,palau,17.0,FNB_MIXED,PENDING,splash_palau_dive_rental_prices,https://www.splash-palau.com/en/divetour/pricelist.html,splash-palau.com,P2 - queue / NEEDS-CUSTOM-CRAWLER,"Will's 2026-09-11 handover found price evidence but no standard platform API, so it needs a bespoke spider. Never built or live-tested."
WILLIAM,palau,17.0,FNB_MIXED,PENDING,surangel_epicor_store,https://shop.surangel.com/inet/storefront/store.php?mode=advancedsearch,shop.surangel.com,P2 - queue / NEEDS-CUSTOM-CRAWLER,"Will's 2026-09-11 handover found price evidence but no standard platform API, so it needs a bespoke spider. Never built or live-tested."
WILLIAM,palau,17.0,FNB_MIXED,PENDING,tropicart_wix_store,https://www.tropicarti.com/,tropicarti.com,P2 - queue / NEEDS-CUSTOM-CRAWLER,"Will's 2026-09-11 handover found price evidence but no standard platform API, so it needs a bespoke spider. Never built or live-tested."
WILLIAM,palau,17.0,FNB_MIXED,PENDING,fish_n_fins_partner_pricing,https://fishnfins.com/index.php/partner-page,fishnfins.com,P3 - queue / NEEDS-REVIEW,"Will's 2026-09-11 handover flagged this ambiguous (country, currency or price-surface unclear). Needs manual review before any scaffolding."
WILLIAM,palau,17.0,FNB_MIXED,PENDING,palau_pacific_resort_dining,https://www.palauppr.com/en/dining/dining-on-the-ocean/,palauppr.com,P3 - queue / NEEDS-REVIEW,"Will's 2026-09-11 handover flagged this ambiguous (country, currency or price-surface unclear). Needs manual review before any scaffolding."
WILLIAM,palau,17.0,FNB_MIXED,PENDING,palau_ppuc_water_rates_news,https://islandtimes.org/whipps-supports-full-recovery-rates-for-ppuc/,islandtimes.org,P3 - queue / NEEDS-REVIEW,"Will's 2026-09-11 handover flagged this ambiguous (country, currency or price-surface unclear). Needs manual review before any scaffolding."
WILLIAM,palau,17.0,FNB_MIXED,PENDING,palau_red_cross_sengsongd_thrift,https://www.palauredcross.org/sengsongd-thrift-store,palauredcross.org,P3 - queue / NEEDS-REVIEW,"Will's 2026-09-11 handover flagged this ambiguous (country, currency or price-surface unclear). Needs manual review before any scaffolding."
WILLIAM,palau,17.0,FNB_MIXED,PENDING,peci_carquest_auto_parts,https://www.peci-palau.com/quest.html,peci-palau.com,P3 - queue / NEEDS-REVIEW,"Will's 2026-09-11 handover flagged this ambiguous (country, currency or price-surface unclear). Needs manual review before any scaffolding."
WILLIAM,palau,17.0,FNB_MIXED,PENDING,palau_puravidapalau,https://www.puravidapalau.com/,puravidapalau.com,P2 - queue / NEEDS-CUSTOM-CRAWLER,Downloaded CSV batch on 2026-09-12; normalized site was not present in the base workbook | scraping ease: Moderate | add as a new scrape target and crawler-creation candidate
WILLIAM,korea_dem_peoples_rep,18.0,FNB_MIXED,LAST_TRY_FAILED,manmulsang_public_kp_website,https://www.manmulsang.com.kp/index.php/product_list/0?lang=en,manmulsang.com.kp,SKIP / CHILD-TASK-BLOCKED,Will's 2026-09-11 handover classified this blocked or not viable. Not re-probed here.
WILLIAM,korea_dem_peoples_rep,18.0,FNB_MIXED,LAST_TRY_FAILED,naenara_unpasan_and_related_dprk_domestic_e_commerce_services,No public price-bearing URL found; KBS context page: https://world.kbs.co.kr/service/contents_view.htm?board_seq=383967&lang=e,no public price-bearing url found; kbs context page: https://world.kbs.co.kr/service/contents_view.htm?board_seq=383967&lang=e,SKIP / CHILD-TASK-BLOCKED,Will's 2026-09-11 handover classified this blocked or not viable. Not re-probed here.
WILLIAM,korea_dem_peoples_rep,18.0,FNB_MIXED,LAST_TRY_FAILED,okryu_domestic_e_commerce,No public catalogue URL found; reference article: https://www.cbsnews.com/amp/news/north-korea-online-shopping-site-app-on-domestic-web/,no public catalogue url found; reference article: https://www.cbsnews.com/amp/news/north-korea-online-shopping-site-app-on-domestic-web/,SKIP / CHILD-TASK-BLOCKED,Will's 2026-09-11 handover classified this blocked or not viable. Not re-probed here.
WILLIAM,cote_divoire,20.0,FNB_MIXED,LAST_TRY_FAILED,babideal,https://www.babideal.ci/,babideal.ci,SKIP / CHILD-TASK-BLOCKED,Will's 2026-09-11 handover classified this blocked or not viable. Not re-probed here.
WILLIAM,cote_divoire,20.0,FNB_MIXED,LAST_TRY_FAILED,books_toys_clothing,,nan,SKIP / CHILD-TASK-BLOCKED,Will's 2026-09-11 handover classified this blocked or not viable. Not re-probed here.
WILLIAM,cote_divoire,20.0,FNB_MIXED,LAST_TRY_FAILED,ominibazar,https://www.ominibazar.com/,ominibazar.com,SKIP / CHILD-TASK-BLOCKED,Will's 2026-09-11 handover classified this blocked or not viable. Not re-probed here.
WILLIAM,cote_divoire,20.0,FNB_MIXED,LAST_TRY_FAILED,pharmacareci,https://pharmacareci.com/,pharmacareci.com,SKIP / CHILD-TASK-BLOCKED,Will's 2026-09-11 handover classified this blocked or not viable. Not re-probed here.
WILLIAM,cote_divoire,20.0,FNB_MIXED,LAST_TRY_FAILED,pharmacy_ci,https://www.pharmacy.ci/,pharmacy.ci,SKIP / CHILD-TASK-BLOCKED,Will's 2026-09-11 handover classified this blocked or not viable. Not re-probed here.
WILLIAM,cote_divoire,20.0,FNB_MIXED,LAST_TRY_FAILED,quincaillerie_ci,https://www.quincaillerie.ci/,quincaillerie.ci,SKIP / CHILD-TASK-BLOCKED,Will's 2026-09-11 handover classified this blocked or not viable. Not re-probed here.
WILLIAM,cote_divoire,20.0,FNB_MIXED,LAST_TRY_FAILED,quinkashop,https://quinkashop.com/,quinkashop.com,SKIP / CHILD-TASK-BLOCKED,Will's 2026-09-11 handover classified this blocked or not viable. Not re-probed here.
WILLIAM,cote_divoire,20.0,FNB_MIXED,PENDING,acfcomputer,https://acfcomputer.com/,acfcomputer.com,P2 - queue / NEEDS-CUSTOM-CRAWLER,"Will's 2026-09-11 handover found price evidence but no standard platform API, so it needs a bespoke spider. Never built or live-tested."
WILLIAM,cote_divoire,20.0,FNB_MIXED,PENDING,batizoo,https://www.batizoo.com/,batizoo.com,P2 - queue / NEEDS-CUSTOM-CRAWLER,"Will's 2026-09-11 handover found price evidence but no standard platform API, so it needs a bespoke spider. Never built or live-tested."
WILLIAM,cote_divoire,20.0,FNB_MIXED,PENDING,conet_ci,https://conet.ci/,conet.ci,P2 - queue / NEEDS-CUSTOM-CRAWLER,"Will's 2026-09-11 handover found price evidence but no standard platform API, so it needs a bespoke spider. Never built or live-tested."
WILLIAM,cote_divoire,20.0,FNB_MIXED,PENDING,coolcommunication,https://www.coolcommunication.net/,coolcommunication.net,P2 - queue / NEEDS-CUSTOM-CRAWLER,"Will's 2026-09-11 handover found price evidence but no standard platform API, so it needs a bespoke spider. Never built or live-tested."
WILLIAM,cote_divoire,20.0,FNB_MIXED,PENDING,ivoirshop_ci,https://www.ivoirshop.ci/,ivoirshop.ci,P2 - queue / NEEDS-CUSTOM-CRAWLER,"Will's 2026-09-11 handover found price evidence but no standard platform API, so it needs a bespoke spider. Never built or live-tested."
WILLIAM,cote_divoire,20.0,FNB_MIXED,PENDING,lapaire_ci_prices,https://lapaire.africa/cote-divoire/prices,lapaire.africa,P2 - queue / NEEDS-CUSTOM-CRAWLER,"Will's 2026-09-11 handover found price evidence but no standard platform API, so it needs a bespoke spider. Never built or live-tested."
WILLIAM,cote_divoire,20.0,FNB_MIXED,PENDING,maisonbcs,https://www.maisonbcs.com/,maisonbcs.com,P2 - queue / NEEDS-CUSTOM-CRAWLER,"Will's 2026-09-11 handover found price evidence but no standard platform API, so it needs a bespoke spider. Never built or live-tested."
WILLIAM,cote_divoire,20.0,FNB_MIXED,PENDING,tech_home,https://tech-home.tech/,tech-home.tech,P3 - queue / NEEDS-REVIEW,"Will's 2026-09-11 handover flagged this ambiguous (country, currency or price-surface unclear). Needs manual review before any scaffolding."
WILLIAM,cote_divoire,20.0,FNB_MIXED,PENDING,cote_divoire_leparfumeurduk_tier,https://leparfumeurduk-tier.com/,leparfumeurduk-tier.com,P2 - queue / NEEDS-CUSTOM-CRAWLER,Downloaded CSV batch on 2026-09-12; normalized site was not present in the base workbook | scraping ease: Easy | add as a new scrape target and crawler-creation candidate
WILLIAM,burkina_faso,21.0,FNB_MIXED,LAST_TRY_FAILED,champytelecom,https://www.champytelecom.com/,champytelecom.com,SKIP / DNSError,Generated as a crawler-ready manifest by Will's 2026-09-11 handover but it fails the enumerability gate on live probe (DNSError). Not merged into configs: a manifest that cannot enumerate returns zero rows forever.
WILLIAM,burkina_faso,21.0,FNB_MIXED,LAST_TRY_FAILED,fanny_edith_kloset,https://www.fannyetedithkloset.com/,fannyetedithkloset.com,SKIP / CHILD-TASK-BLOCKED,Will's 2026-09-11 handover classified this blocked or not viable. Not re-probed here.
WILLIAM,burkina_faso,21.0,FNB_MIXED,PENDING,adams_telecom_meib,https://www.adamstelecommeib.com/index.php,adamstelecommeib.com,P2 - queue / NEEDS-CUSTOM-CRAWLER,"Will's 2026-09-11 handover found price evidence but no standard platform API, so it needs a bespoke spider. Never built or live-tested."
WILLIAM,burkina_faso,21.0,FNB_MIXED,PENDING,boutikobf_marketplace,https://www.boutikobf.com/?category=electronique,boutikobf.com,P2 - queue / NEEDS-CUSTOM-CRAWLER,"Will's 2026-09-11 handover found price evidence but no standard platform API, so it needs a bespoke spider. Never built or live-tested."
WILLIAM,burkina_faso,21.0,FNB_MIXED,PENDING,gams_africa_shop,https://shop.gams-africa.com/index.php,shop.gams-africa.com,P2 - queue / NEEDS-CUSTOM-CRAWLER,"Will's 2026-09-11 handover found price evidence but no standard platform API, so it needs a bespoke spider. Never built or live-tested."
WILLIAM,burkina_faso,21.0,FNB_MIXED,PENDING,lequincaillerbf,https://lequincaillerbf.com/,lequincaillerbf.com,P2 - queue / NEEDS-CUSTOM-CRAWLER,"Will's 2026-09-11 handover found price evidence but no standard platform API, so it needs a bespoke spider. Never built or live-tested."
WILLIAM,burkina_faso,21.0,FNB_MIXED,PENDING,livreo,https://livreo.io/,livreo.io,P2 - queue / NEEDS-CUSTOM-CRAWLER,"Will's 2026-09-11 handover found price evidence but no standard platform API, so it needs a bespoke spider. Never built or live-tested."
WILLIAM,burkina_faso,21.0,FNB_MIXED,PENDING,multihomebf,https://www.multihomebf.com/,multihomebf.com,P2 - queue / NEEDS-CUSTOM-CRAWLER,"Will's 2026-09-11 handover found price evidence but no standard platform API, so it needs a bespoke spider. Never built or live-tested."
WILLIAM,burkina_faso,21.0,FNB_MIXED,PENDING,sm_materiaux_deco,https://www.smmateriaux.com/categories/outillage,smmateriaux.com,P2 - queue / NEEDS-CUSTOM-CRAWLER,"Will's 2026-09-11 handover found price evidence but no standard platform API, so it needs a bespoke spider. Never built or live-tested."
WILLIAM,burkina_faso,21.0,FNB_MIXED,PENDING,starlight_industry,https://www.starlight-industry.com/,starlight-industry.com,P2 - queue / NEEDS-CUSTOM-CRAWLER,"Will's 2026-09-11 handover found price evidence but no standard platform API, so it needs a bespoke spider. Never built or live-tested."
WILLIAM,burkina_faso,21.0,FNB_MIXED,PENDING,librairie_jeunesse_afrique,https://ljabf.com/,ljabf.com,P3 - queue / NEEDS-REVIEW,"Will's 2026-09-11 handover flagged this ambiguous (country, currency or price-surface unclear). Needs manual review before any scaffolding."
WILLIAM,burkina_faso,21.0,FNB_MIXED,PENDING,burkina_faso_daki_bf,https://www.daki.bf/,daki.bf,P2 - queue / NEEDS-CUSTOM-CRAWLER,Downloaded CSV batch on 2026-09-12; normalized site was not present in the base workbook | scraping ease: Easy | add as a new scrape target and crawler-creation candidate
WILLIAM,burkina_faso,21.0,FNB_MIXED,PENDING,burkina_faso_bf_kevajo,https://bf.kevajo.com/,bf.kevajo.com,P2 - queue / NEEDS-CUSTOM-CRAWLER,Downloaded CSV batch on 2026-09-12; normalized site was not present in the base workbook | scraping ease: Easy | add as a new scrape target and crawler-creation candidate
WILLIAM,niger,23.0,FNB_MIXED,PENDING,niger_meshago,https://meshago.com/,meshago.com,P2 - queue / NEEDS-CUSTOM-CRAWLER,Downloaded CSV batch on 2026-09-12; normalized site was not present in the base workbook | scraping ease: Easy | add as a new scrape target and crawler-creation candidate
WILLIAM,niger,23.0,FNB_MIXED,PENDING,niger_jstore_icu,https://jstore.icu/,jstore.icu,P2 - queue / NEEDS-CUSTOM-CRAWLER,Downloaded CSV batch on 2026-09-12; normalized site was not present in the base workbook | scraping ease: Moderate | add as a new scrape target and crawler-creation candidate
WILLIAM,niger,23.0,FNB_MIXED,PENDING,niger_afromallne,https://afromallne.com/,afromallne.com,P2 - queue / NEEDS-CUSTOM-CRAWLER,Downloaded CSV batch on 2026-09-12; normalized site was not present in the base workbook | scraping ease: Moderate | add as a new scrape target and crawler-creation candidate
WILLIAM,niger,23.0,FNB_MIXED,PENDING,niger_kasuwaniger,https://www.kasuwaniger.com/,kasuwaniger.com,P2 - queue / NEEDS-CUSTOM-CRAWLER,Downloaded CSV batch on 2026-09-12; normalized site was not present in the base workbook | scraping ease: Easy | add as a new scrape target and crawler-creation candidate
WILLIAM,niger,23.0,FNB_MIXED,PENDING,niger_babban_kassuwa,https://www.babban-kassuwa.com/,babban-kassuwa.com,P2 - queue / NEEDS-CUSTOM-CRAWLER,Downloaded CSV batch on 2026-09-12; normalized site was not present in the base workbook | scraping ease: Moderate | add as a new scrape target and crawler-creation candidate
WILLIAM,niger,23.0,FNB_MIXED,PENDING,niger_ne_coinafrique,https://ne.coinafrique.com/,ne.coinafrique.com,P2 - queue / NEEDS-CUSTOM-CRAWLER,Downloaded CSV batch on 2026-09-12; normalized site was not present in the base workbook | scraping ease: Easy | add as a new scrape target and crawler-creation candidate
WILLIAM,niger,23.0,FNB_MIXED,PENDING,niger_boukata_ta,https://boukata-ta.com/,boukata-ta.com,P2 - queue / NEEDS-CUSTOM-CRAWLER,Downloaded CSV batch on 2026-09-12; normalized site was not present in the base workbook | scraping ease: Moderate | add as a new scrape target and crawler-creation candidate
WILLIAM,niger,23.0,FNB_MIXED,PENDING,niger_kasuwarniger,https://www.kasuwarniger.com/marketplace,kasuwarniger.com,P2 - queue / NEEDS-CUSTOM-CRAWLER,Downloaded CSV batch on 2026-09-12; normalized site was not present in the base workbook | scraping ease: Easy | add as a new scrape target and crawler-creation candidate
WILLIAM,niger,23.0,FNB_MIXED,PENDING,niger_kassoua,https://kassoua.net/,kassoua.net,P2 - queue / NEEDS-CUSTOM-CRAWLER,Downloaded CSV batch on 2026-09-12; normalized site was not present in the base workbook | scraping ease: Easy | add as a new scrape target and crawler-creation candidate
WILLIAM,micronesia_fed_sts,28.0,FNB_MIXED,LAST_TRY_FAILED,islandproa_dashery,https://islandproa.dashery.com/,islandproa.dashery.com,SKIP / CHILD-TASK-BLOCKED,Will's 2026-09-11 handover classified this blocked or not viable. Not re-probed here.
WILLIAM,micronesia_fed_sts,28.0,FNB_MIXED,LAST_TRY_FAILED,kunibetsu_fm,https://kunibetsu.com/countries/fm,kunibetsu.com,SKIP / CHILD-TASK-BLOCKED,Will's 2026-09-11 handover classified this blocked or not viable. Not re-probed here.
WILLIAM,micronesia_fed_sts,28.0,FNB_MIXED,LAST_TRY_FAILED,redbubble_micronesia,https://www.redbubble.com/shop/micronesia,redbubble.com,SKIP / CHILD-TASK-BLOCKED,Will's 2026-09-11 handover classified this blocked or not viable. Not re-probed here.
WILLIAM,micronesia_fed_sts,28.0,FNB_MIXED,PENDING,micronesia_fed_sts_micronesiaimports,https://micronesiaimports.com/,micronesiaimports.com,P2 - queue / NEEDS-CUSTOM-CRAWLER,Downloaded CSV batch on 2026-09-12; normalized site was not present in the base workbook | scraping ease: Moderate | add as a new scrape target and crawler-creation candidate
WILLIAM,iraq,33.0,FNB_MIXED,PENDING,iraq_miraaya,https://miraaya.com/en/collections/niche,miraaya.com,P2 - queue / NEEDS-CUSTOM-CRAWLER,Downloaded CSV batch on 2026-09-12; normalized site was not present in the base workbook | scraping ease: Easy | add as a new scrape target and crawler-creation candidate
WILLIAM,iraq,33.0,FNB_MIXED,PENDING,iraq_elryan,https://www.elryan.com/en/,elryan.com,P2 - queue / NEEDS-CUSTOM-CRAWLER,Downloaded CSV batch on 2026-09-12; normalized site was not present in the base workbook | scraping ease: Easy | add as a new scrape target and crawler-creation candidate
WILLIAM,iraq,33.0,FNB_MIXED,PENDING,iraq_ubuy_iq,https://www.ubuy.iq/en/,ubuy.iq,P2 - queue / NEEDS-CUSTOM-CRAWLER,Downloaded CSV batch on 2026-09-12; normalized site was not present in the base workbook | scraping ease: Moderate | add as a new scrape target and crawler-creation candidate
WILLIAM,iraq,33.0,FNB_MIXED,PENDING,iraq_naram,https://naram.com/en/,naram.com,P2 - queue / NEEDS-CUSTOM-CRAWLER,Downloaded CSV batch on 2026-09-12; normalized site was not present in the base workbook | scraping ease: Moderate | add as a new scrape target and crawler-creation candidate
WILLIAM,iraq,33.0,FNB_MIXED,PENDING,iraq_royaiq,https://royaiq.com/?lang=en,royaiq.com,P2 - queue / NEEDS-CUSTOM-CRAWLER,Downloaded CSV batch on 2026-09-12; normalized site was not present in the base workbook | scraping ease: Easy | add as a new scrape target and crawler-creation candidate
WILLIAM,solomon_islands,34.0,FNB_MIXED,LAST_TRY_FAILED,aelan_gadgets_social_listing,https://www.findglocal.com/SB/Honiara/1027168237137638/Aelan-gadgets,findglocal.com,SKIP / CHILD-TASK-BLOCKED,Will's 2026-09-11 handover classified this blocked or not viable. Not re-probed here.
WILLIAM,solomon_islands,34.0,FNB_MIXED,LAST_TRY_FAILED,dipstop_market_solomon_islands,https://dipstopmarket.com/collections/eap-solomon-islands,dipstopmarket.com,SKIP / CHILD-TASK-BLOCKED,Will's 2026-09-11 handover classified this blocked or not viable. Not re-probed here.
WILLIAM,solomon_islands,34.0,FNB_MIXED,LAST_TRY_FAILED,superpowerw_sb,https://superpowerw.com/,superpowerw.com,SKIP / CHILD-TASK-BLOCKED,Will's 2026-09-11 handover classified this blocked or not viable. Not re-probed here.
WILLIAM,solomon_islands,34.0,FNB_MIXED,LAST_TRY_FAILED,tbc_hardware_social_listing,https://www.hardware1000.com/SB/Honiara/830770493454338/TBC-Hardware,hardware1000.com,SKIP / CHILD-TASK-BLOCKED,Will's 2026-09-11 handover classified this blocked or not viable. Not re-probed here.
WILLIAM,solomon_islands,34.0,FNB_MIXED,PENDING,australian_direct_suppliers_sb,https://www.australiandirectsuppliers.com/mobile-phones-tablets,australiandirectsuppliers.com,P3 - queue / NEEDS-REVIEW,"Will's 2026-09-11 handover flagged this ambiguous (country, currency or price-surface unclear). Needs manual review before any scaffolding."
WILLIAM,angola,38.0,FNB_MIXED,PENDING,angola_loja_sistec_ao,https://loja.sistec.co.ao/,loja.sistec.co.ao,P2 - queue / NEEDS-CUSTOM-CRAWLER,Downloaded CSV batch on 2026-09-12; normalized site was not present in the base workbook | scraping ease: Easy | add as a new scrape target and crawler-creation candidate
WILLIAM,angola,38.0,FNB_MIXED,PENDING,angola_lojasonlineangola,https://lojasonlineangola.com/collections/todos-os-produtos,lojasonlineangola.com,P2 - queue / NEEDS-CUSTOM-CRAWLER,Downloaded CSV batch on 2026-09-12; normalized site was not present in the base workbook | scraping ease: Easy | add as a new scrape target and crawler-creation candidate
WILLIAM,angola,38.0,FNB_MIXED,PENDING,angola_ncrangola,https://www.ncrangola.com/,ncrangola.com,P2 - queue / NEEDS-CUSTOM-CRAWLER,Downloaded CSV batch on 2026-09-12; normalized site was not present in the base workbook | scraping ease: Moderate | add as a new scrape target and crawler-creation candidate
WILLIAM,angola,38.0,FNB_MIXED,PENDING,angola_querapidoangola,https://www.querapidoangola.com/,querapidoangola.com,P2 - queue / NEEDS-CUSTOM-CRAWLER,Downloaded CSV batch on 2026-09-12; normalized site was not present in the base workbook | scraping ease: Easy | add as a new scrape target and crawler-creation candidate
WILLIAM,norway,43.0,FNB_MIXED,PENDING,norway_nelo_no,https://nelo.no/,nelo.no,P2 - queue / NEEDS-CUSTOM-CRAWLER,Downloaded CSV batch on 2026-09-12; normalized site was not present in the base workbook | scraping ease: Easy | add as a new scrape target and crawler-creation candidate
WILLIAM,tuvalu,44.0,FNB_MIXED,LAST_TRY_FAILED,export_wholesale_leads_various,https://www.go4worldbusiness.com/find?BuyersOrSuppliers=buyers&countryFilter%5B%5D=tuvalu&searchText=household-furniture,go4worldbusiness.com,SKIP / CHILD-TASK-BLOCKED,Will's 2026-09-11 handover classified this blocked or not viable. Not re-probed here.
WILLIAM,tuvalu,44.0,FNB_MIXED,LAST_TRY_FAILED,jy_ocean_social_mirrors,https://www.furniturestoresfinder.com/TV/Fongafale/101091245035083/JY-ocean-trading-Tuvalu,furniturestoresfinder.com,SKIP / CHILD-TASK-BLOCKED,Will's 2026-09-11 handover classified this blocked or not viable. Not re-probed here.
WILLIAM,tuvalu,44.0,FNB_MIXED,PENDING,buyonwasapp_tuvalu_marketplace,https://www.buyonwasapp.ng/itm-location/tuvalu,buyonwasapp.ng,P2 - queue / NEEDS-CUSTOM-CRAWLER,"Will's 2026-09-11 handover found price evidence but no standard platform API, so it needs a bespoke spider. Never built or live-tested."
WILLIAM,tuvalu,44.0,FNB_MIXED,PENDING,sat_japan_tuvalu,https://satjapan.com/es/sat-tuvalu,satjapan.com,P3 - queue / NEEDS-REVIEW,"Will's 2026-09-11 handover flagged this ambiguous (country, currency or price-surface unclear). Needs manual review before any scaffolding."
WILLIAM,gabon,48.0,FNB_MIXED,PENDING,gabon_mbana_shop,https://mbana-shop.com/,mbana-shop.com,P2 - queue / NEEDS-CUSTOM-CRAWLER,Downloaded CSV batch on 2026-09-12; normalized site was not present in the base workbook | scraping ease: Moderate | add as a new scrape target and crawler-creation candidate
WILLIAM,gabon,48.0,FNB_MIXED,PENDING,gabon_odms_shopping,https://www.odms-shopping.com/,odms-shopping.com,P2 - queue / NEEDS-CUSTOM-CRAWLER,Downloaded CSV batch on 2026-09-12; normalized site was not present in the base workbook | scraping ease: Easy | add as a new scrape target and crawler-creation candidate
WILLIAM,gabon,48.0,FNB_MIXED,PENDING,gabon_offerzone_gabon,https://offerzone-gabon.com/,offerzone-gabon.com,P2 - queue / NEEDS-CUSTOM-CRAWLER,Downloaded CSV batch on 2026-09-12; normalized site was not present in the base workbook | scraping ease: Easy | add as a new scrape target and crawler-creation candidate
WILLIAM,haiti,49.0,FNB_MIXED,PENDING,haiti_relaisayiti,https://www.relaisayiti.com/boutique/,relaisayiti.com,P2 - queue / NEEDS-CUSTOM-CRAWLER,Downloaded CSV batch on 2026-09-12; normalized site was not present in the base workbook | scraping ease: Easy | add as a new scrape target and crawler-creation candidate
WILLIAM,tanzania,56.0,FNB_MIXED,PENDING,tanzania_shopit_tz,https://shopit.co.tz/,shopit.co.tz,P2 - queue / NEEDS-CUSTOM-CRAWLER,Downloaded CSV batch on 2026-09-12; normalized site was not present in the base workbook | scraping ease: Easy | add as a new scrape target and crawler-creation candidate
WILLIAM,tanzania,56.0,FNB_MIXED,PENDING,tanzania_zudua_tz,https://zudua.co.tz/,zudua.co.tz,P2 - queue / NEEDS-CUSTOM-CRAWLER,Downloaded CSV batch on 2026-09-12; normalized site was not present in the base workbook | scraping ease: Easy | add as a new scrape target and crawler-creation candidate
WILLIAM,tanzania,56.0,FNB_MIXED,PENDING,tanzania_odayshoptanzania,https://odayshoptanzania.com/,odayshoptanzania.com,P2 - queue / NEEDS-CUSTOM-CRAWLER,Downloaded CSV batch on 2026-09-12; normalized site was not present in the base workbook | scraping ease: Easy | add as a new scrape target and crawler-creation candidate
WILLIAM,tanzania,56.0,FNB_MIXED,PENDING,tanzania_rebumall_tz,https://rebumall.co.tz/,rebumall.co.tz,P2 - queue / NEEDS-CUSTOM-CRAWLER,Downloaded CSV batch on 2026-09-12; normalized site was not present in the base workbook | scraping ease: Easy | add as a new scrape target and crawler-creation candidate
WILLIAM,tanzania,56.0,FNB_MIXED,PENDING,tanzania_ubuy_tz,https://www.ubuy.co.tz/en/,ubuy.co.tz,P2 - queue / NEEDS-CUSTOM-CRAWLER,Downloaded CSV batch on 2026-09-12; normalized site was not present in the base workbook | scraping ease: Moderate | add as a new scrape target and crawler-creation candidate
WILLIAM,tanzania,56.0,FNB_MIXED,PENDING,tanzania_littlemore_tz,https://littlemore.co.tz/,littlemore.co.tz,P2 - queue / NEEDS-CUSTOM-CRAWLER,Downloaded CSV batch on 2026-09-12; normalized site was not present in the base workbook | scraping ease: Easy | add as a new scrape target and crawler-creation candidate
WILLIAM,rwanda,61.0,FNB_MIXED,PENDING,rwanda_shopin_rw,https://shopin.rw/search,shopin.rw,P2 - queue / NEEDS-CUSTOM-CRAWLER,Downloaded CSV batch on 2026-09-12; normalized site was not present in the base workbook | scraping ease: Easy | add as a new scrape target and crawler-creation candidate
WILLIAM,rwanda,61.0,FNB_MIXED,PENDING,rwanda_alirwanda,https://alirwanda.com/,alirwanda.com,P2 - queue / NEEDS-CUSTOM-CRAWLER,Downloaded CSV batch on 2026-09-12; normalized site was not present in the base workbook | scraping ease: Moderate | add as a new scrape target and crawler-creation candidate
WILLIAM,rwanda,61.0,FNB_MIXED,PENDING,rwanda_isoko_rw,https://isoko.rw/,isoko.rw,P2 - queue / NEEDS-CUSTOM-CRAWLER,Downloaded CSV batch on 2026-09-12; normalized site was not present in the base workbook | scraping ease: Easy | add as a new scrape target and crawler-creation candidate
WILLIAM,french_polynesia,63.0,FNB_MIXED,PENDING,french_polynesia_produit_pacifique,https://produit-pacifique.com/,produit-pacifique.com,P2 - queue / NEEDS-CUSTOM-CRAWLER,Downloaded CSV batch on 2026-09-12; normalized site was not present in the base workbook | scraping ease: Easy | add as a new scrape target and crawler-creation candidate
WILLIAM,french_polynesia,63.0,FNB_MIXED,PENDING,french_polynesia_tahitishop_france,https://www.tahitishop-france.com/,tahitishop-france.com,P2 - queue / NEEDS-CUSTOM-CRAWLER,Downloaded CSV batch on 2026-09-12; normalized site was not present in the base workbook | scraping ease: Easy | add as a new scrape target and crawler-creation candidate
WILLIAM,french_polynesia,63.0,FNB_MIXED,PENDING,french_polynesia_mapolynesie_fr,https://www.mapolynesie.fr/,mapolynesie.fr,P2 - queue / NEEDS-CUSTOM-CRAWLER,Downloaded CSV batch on 2026-09-12; normalized site was not present in the base workbook | scraping ease: Easy | add as a new scrape target and crawler-creation candidate
WILLIAM,french_polynesia,63.0,FNB_MIXED,PENDING,french_polynesia_boutique_monoi_tahiti,https://www.boutique-monoi-tahiti.com/boutique-de-tahiti-5,boutique-monoi-tahiti.com,P2 - queue / NEEDS-CUSTOM-CRAWLER,Downloaded CSV batch on 2026-09-12; normalized site was not present in the base workbook | scraping ease: Easy | add as a new scrape target and crawler-creation candidate
WILLIAM,french_polynesia,63.0,FNB_MIXED,PENDING,french_polynesia_fenuashopping,https://fenuashopping.com/,fenuashopping.com,P2 - queue / NEEDS-CUSTOM-CRAWLER,Downloaded CSV batch on 2026-09-12; normalized site was not present in the base workbook | scraping ease: Easy | add as a new scrape target and crawler-creation candidate
WILLIAM,qatar,67.0,FNB_MIXED,PENDING,qatar_oksouq,https://www.oksouq.com/shop,oksouq.com,P2 - queue / NEEDS-CUSTOM-CRAWLER,Downloaded CSV batch on 2026-09-12; normalized site was not present in the base workbook | scraping ease: Easy | add as a new scrape target and crawler-creation candidate
WILLIAM,qatar,67.0,FNB_MIXED,PENDING,qatar_thewaffar,https://thewaffar.com/,thewaffar.com,P2 - queue / NEEDS-CUSTOM-CRAWLER,Downloaded CSV batch on 2026-09-12; normalized site was not present in the base workbook | scraping ease: Easy | add as a new scrape target and crawler-creation candidate
WILLIAM,qatar,67.0,FNB_MIXED,PENDING,qatar_qa_labeb,https://qa.labeb.com/en/price-comparison,qa.labeb.com,P2 - queue / NEEDS-CUSTOM-CRAWLER,Downloaded CSV batch on 2026-09-12; normalized site was not present in the base workbook | scraping ease: Moderate | add as a new scrape target and crawler-creation candidate
WILLIAM,qatar,67.0,FNB_MIXED,PENDING,qatar_foras_qa,https://foras.qa/en/compare-price-v2,foras.qa,P2 - queue / NEEDS-CUSTOM-CRAWLER,Downloaded CSV batch on 2026-09-12; normalized site was not present in the base workbook | scraping ease: Moderate | add as a new scrape target and crawler-creation candidate
WILLIAM,qatar,67.0,FNB_MIXED,PENDING,qatar_souqprice,https://souqprice.com/qa/en-qa/,souqprice.com,P2 - queue / NEEDS-CUSTOM-CRAWLER,Downloaded CSV batch on 2026-09-12; normalized site was not present in the base workbook | scraping ease: Moderate | add as a new scrape target and crawler-creation candidate
WILLIAM,iran,69.0,FNB_MIXED,PENDING,iran_ersaly,https://www.ersaly.com/,ersaly.com,P2 - queue / NEEDS-CUSTOM-CRAWLER,Downloaded CSV batch on 2026-09-12; normalized site was not present in the base workbook | scraping ease: Easy | add as a new scrape target and crawler-creation candidate
WILLIAM,iran,69.0,FNB_MIXED,PENDING,iran_gheymatshenas_ir,https://www.gheymatshenas.ir/en,gheymatshenas.ir,P2 - queue / NEEDS-CUSTOM-CRAWLER,Downloaded CSV batch on 2026-09-12; normalized site was not present in the base workbook | scraping ease: Moderate | add as a new scrape target and crawler-creation candidate
WILLIAM,iran,69.0,FNB_MIXED,PENDING,iran_shopipersia,https://shopipersia.com/,shopipersia.com,P2 - queue / NEEDS-CUSTOM-CRAWLER,Downloaded CSV batch on 2026-09-12; normalized site was not present in the base workbook | scraping ease: Easy | add as a new scrape target and crawler-creation candidate
WILLIAM,iran,69.0,FNB_MIXED,PENDING,iran_barabod,https://www.barabod.com/en,barabod.com,P2 - queue / NEEDS-CUSTOM-CRAWLER,Downloaded CSV batch on 2026-09-12; normalized site was not present in the base workbook | scraping ease: Easy | add as a new scrape target and crawler-creation candidate
WILLIAM,georgia,71.0,FNB_MIXED,PENDING,Alta,https://alta.ge/,alta.ge,P2 - queue / Directory/report,"Candidate found in the 2026-08-31 sourcing round, never built. build_tier=C - engineering required; scrapability=nan; class=Electronics/appliances"
WILLIAM,sint_maarten_dutch_part,75.0,FNB_MIXED,PENDING,sint_maarten_dutch_part_sxmdelivery,https://sxmdelivery.com/,sxmdelivery.com,P2 - queue / NEEDS-CUSTOM-CRAWLER,Downloaded CSV batch on 2026-09-12; normalized site was not present in the base workbook | scraping ease: Moderate | add as a new scrape target and crawler-creation candidate
WILLIAM,mauritania,77.0,FNB_MIXED,PENDING,Almersoul,https://www.marsarim.com/fr,marsarim.com,P2 - queue / SUSPECT,"Candidate found in the 2026-08-31 sourcing round, never built. build_tier=not scored; scrapability=nan; class=Custom"
WILLIAM,mauritania,77.0,FNB_MIXED,PENDING,mauritania_mauriachat,https://mauriachat.com/,mauriachat.com,P2 - queue / NEEDS-CUSTOM-CRAWLER,Downloaded CSV batch on 2026-09-12; normalized site was not present in the base workbook | scraping ease: Easy | add as a new scrape target and crawler-creation candidate
WILLIAM,mauritania,77.0,FNB_MIXED,PENDING,mauritania_ubuy_mr,https://www.ubuy.mr/en/,ubuy.mr,P2 - queue / NEEDS-CUSTOM-CRAWLER,Downloaded CSV batch on 2026-09-12; normalized site was not present in the base workbook | scraping ease: Moderate | add as a new scrape target and crawler-creation candidate
WILLIAM,mauritania,77.0,FNB_MIXED,PENDING,mauritania_mariescosmetic,https://www.mariescosmetic.com/,mariescosmetic.com,P2 - queue / NEEDS-CUSTOM-CRAWLER,Downloaded CSV batch on 2026-09-12; normalized site was not present in the base workbook | scraping ease: Easy | add as a new scrape target and crawler-creation candidate
WILLIAM,andorra,78.0,FNB_MIXED,PENDING,andorra_andorrashop,https://andorrashop.com/ca/,andorrashop.com,P2 - queue / NEEDS-CUSTOM-CRAWLER,Downloaded CSV batch on 2026-09-12; normalized site was not present in the base workbook | scraping ease: Easy | add as a new scrape target and crawler-creation candidate
WILLIAM,andorra,78.0,FNB_MIXED,PENDING,andorra_carlinandorra,https://shop.carlinandorra.com/,shop.carlinandorra.com,P2 - queue / NEEDS-CUSTOM-CRAWLER,Downloaded CSV batch on 2026-09-12; normalized site was not present in the base workbook | scraping ease: Easy | add as a new scrape target and crawler-creation candidate
WILLIAM,azerbaijan,80.0,FNB_MIXED,PENDING,azerbaijan_brendfoni,https://brendfoni.com/en,brendfoni.com,P2 - queue / NEEDS-CUSTOM-CRAWLER,Downloaded CSV batch on 2026-09-12; normalized site was not present in the base workbook | scraping ease: Moderate | add as a new scrape target and crawler-creation candidate
WILLIAM,azerbaijan,80.0,FNB_MIXED,PENDING,azerbaijan_geedo_az,https://geedo.az/,geedo.az,P2 - queue / NEEDS-CUSTOM-CRAWLER,Downloaded CSV batch on 2026-09-12; normalized site was not present in the base workbook | scraping ease: Moderate | add as a new scrape target and crawler-creation candidate
WILLIAM,azerbaijan,80.0,FNB_MIXED,PENDING,azerbaijan_shoppingaz_az,https://shoppingaz.az/en/,shoppingaz.az,P2 - queue / NEEDS-CUSTOM-CRAWLER,Downloaded CSV batch on 2026-09-12; normalized site was not present in the base workbook | scraping ease: Easy | add as a new scrape target and crawler-creation candidate
WILLIAM,azerbaijan,80.0,FNB_MIXED,PENDING,azerbaijan_arizon_az,https://www.arizon.az/en,arizon.az,P2 - queue / NEEDS-CUSTOM-CRAWLER,Downloaded CSV batch on 2026-09-12; normalized site was not present in the base workbook | scraping ease: Easy | add as a new scrape target and crawler-creation candidate
WILLIAM,azerbaijan,80.0,FNB_MIXED,PENDING,azerbaijan_ubuy_az,https://www.ubuy.az/en/,ubuy.az,P2 - queue / NEEDS-CUSTOM-CRAWLER,Downloaded CSV batch on 2026-09-12; normalized site was not present in the base workbook | scraping ease: Moderate | add as a new scrape target and crawler-creation candidate
WILLIAM,west_bank_and_gaza,85.0,FNB_MIXED,PENDING,west_bank_and_gaza_shoppalestine,https://www.shoppalestine.org/,shoppalestine.org,P2 - queue / NEEDS-CUSTOM-CRAWLER,Downloaded CSV batch on 2026-09-12; normalized site was not present in the base workbook | scraping ease: Easy | add as a new scrape target and crawler-creation candidate
WILLIAM,west_bank_and_gaza,85.0,FNB_MIXED,PENDING,west_bank_and_gaza_westbankapparel,https://westbankapparel.com/,westbankapparel.com,P2 - queue / NEEDS-CUSTOM-CRAWLER,Downloaded CSV batch on 2026-09-12; normalized site was not present in the base workbook | scraping ease: Easy | add as a new scrape target and crawler-creation candidate
WILLIAM,west_bank_and_gaza,85.0,FNB_MIXED,PENDING,west_bank_and_gaza_madeingaza,https://madeingaza.org/shop/,madeingaza.org,P2 - queue / NEEDS-CUSTOM-CRAWLER,Downloaded CSV batch on 2026-09-12; normalized site was not present in the base workbook | scraping ease: Easy | add as a new scrape target and crawler-creation candidate
WILLIAM,west_bank_and_gaza,85.0,FNB_MIXED,PENDING,west_bank_and_gaza_palestineonlinestore,https://palestineonlinestore.com/,palestineonlinestore.com,P2 - queue / NEEDS-CUSTOM-CRAWLER,Downloaded CSV batch on 2026-09-12; normalized site was not present in the base workbook | scraping ease: Moderate | add as a new scrape target and crawler-creation candidate
WILLIAM,tonga,89.0,FNB_MIXED,PENDING,tonga_fakataukitonga,https://www.fakataukitonga.com/,fakataukitonga.com,P2 - queue / NEEDS-CUSTOM-CRAWLER,Downloaded CSV batch on 2026-09-12; normalized site was not present in the base workbook | scraping ease: Moderate | add as a new scrape target and crawler-creation candidate
WILLIAM,macao_sar_china,96.0,FNB_MIXED,PENDING,macao_sar_china_mimacau,https://www.mimacau.com/collections,mimacau.com,P2 - queue / NEEDS-CUSTOM-CRAWLER,Downloaded CSV batch on 2026-09-12; normalized site was not present in the base workbook | scraping ease: Easy | add as a new scrape target and crawler-creation candidate
WILLIAM,macao_sar_china,96.0,FNB_MIXED,PENDING,macao_sar_china_popmart,https://www.popmart.com/en-MO,popmart.com,P2 - queue / NEEDS-CUSTOM-CRAWLER,Downloaded CSV batch on 2026-09-12; normalized site was not present in the base workbook | scraping ease: Easy | add as a new scrape target and crawler-creation candidate
WILLIAM,macao_sar_china,96.0,FNB_MIXED,PENDING,macao_sar_china_apple,https://www.apple.com/mo/ipad/,apple.com,P2 - queue / NEEDS-CUSTOM-CRAWLER,Downloaded CSV batch on 2026-09-12; normalized site was not present in the base workbook | scraping ease: Easy | add as a new scrape target and crawler-creation candidate
WILLIAM,bosnia_and_herzegovina,105.0,FNB_MIXED,PENDING,bosnia_and_herzegovina_ubuy_ba,https://www.ubuy.ba/bs/,ubuy.ba,P2 - queue / NEEDS-CUSTOM-CRAWLER,Downloaded CSV batch on 2026-09-12; normalized site was not present in the base workbook | scraping ease: Moderate | add as a new scrape target and crawler-creation candidate
WILLIAM,latvia,106.0,FNB_MIXED,PENDING,latvia_ceno_lv,https://ceno.lv/en,ceno.lv,P2 - queue / NEEDS-CUSTOM-CRAWLER,Downloaded CSV batch on 2026-09-12; normalized site was not present in the base workbook | scraping ease: Easy | add as a new scrape target and crawler-creation candidate
WILLIAM,latvia,106.0,FNB_MIXED,PENDING,latvia_aio_lv,https://aio.lv/en,aio.lv,P2 - queue / NEEDS-CUSTOM-CRAWLER,Downloaded CSV batch on 2026-09-12; normalized site was not present in the base workbook | scraping ease: Easy | add as a new scrape target and crawler-creation candidate
WILLIAM,north_macedonia,109.0,FNB_MIXED,PENDING,Anhoch,https://www.anhoch.com/,anhoch.com,P2 - queue / Directory/report,"Candidate found in the 2026-08-31 sourcing round, never built. build_tier=C - engineering required; scrapability=nan; class=Electronics/IT"
WILLIAM,north_macedonia,109.0,FNB_MIXED,PENDING,north_macedonia_ubuy_mk,https://www.ubuy.mk/mk/online-shopping-in-skopje,ubuy.mk,P2 - queue / NEEDS-CUSTOM-CRAWLER,Downloaded CSV batch on 2026-09-12; normalized site was not present in the base workbook | scraping ease: Easy | add as a new scrape target and crawler-creation candidate
WILLIAM,north_macedonia,109.0,FNB_MIXED,PENDING,north_macedonia_automatik_mk,https://automatik.mk/,automatik.mk,P2 - queue / NEEDS-CUSTOM-CRAWLER,Downloaded CSV batch on 2026-09-12; normalized site was not present in the base workbook | scraping ease: Easy | add as a new scrape target and crawler-creation candidate
WILLIAM,north_macedonia,109.0,FNB_MIXED,PENDING,north_macedonia_supermart_mk,https://supermart.mk/,supermart.mk,P2 - queue / NEEDS-CUSTOM-CRAWLER,Downloaded CSV batch on 2026-09-12; normalized site was not present in the base workbook | scraping ease: Moderate | add as a new scrape target and crawler-creation candidate
WILLIAM,north_macedonia,109.0,FNB_MIXED,PENDING,north_macedonia_ekupi_mk,https://www.ekupi.mk/,ekupi.mk,P2 - queue / NEEDS-CUSTOM-CRAWLER,Downloaded CSV batch on 2026-09-12; normalized site was not present in the base workbook | scraping ease: Easy | add as a new scrape target and crawler-creation candidate
WILLIAM,north_macedonia,109.0,FNB_MIXED,PENDING,north_macedonia_tehnomarket_mk,https://tehnomarket.com.mk/,tehnomarket.com.mk,P2 - queue / NEEDS-CUSTOM-CRAWLER,Downloaded CSV batch on 2026-09-12; normalized site was not present in the base workbook | scraping ease: Easy | add as a new scrape target and crawler-creation candidate
WILLIAM,bhutan,116.0,FNB_MIXED,PENDING,BD Commercial,https://bdbhutan.com/,bdbhutan.com,P2 - queue / EVIDENCE-ONLY,From Will's 2026-09-11 South Asia wave. His handover states explicitly that HAVE there means a child task found public price evidence and a plausible scraper path -- NOT that a crawler exists. Recorded as PENDING: it still needs to be implemented and live-tested before ingestion.
WILLIAM,bhutan,116.0,FNB_MIXED,PENDING,iDruk Computers / iDruk Electronics,https://idrukshop.com/,idrukshop.com,P2 - queue / CANDIDATE,From Will's 2026-09-11 South Asia wave. His handover states explicitly that HAVE there means a child task found public price evidence and a plausible scraper path -- NOT that a crawler exists. Recorded as PENDING: it still needs to be implemented and live-tested before ingestion.
WILLIAM,bhutan,116.0,FNB_MIXED,PENDING,Innovates Bhutan,https://www.innovates.bt/products/?sort=price-low,innovates.bt,P2 - queue / CANDIDATE,From Will's 2026-09-11 South Asia wave. His handover states explicitly that HAVE there means a child task found public price evidence and a plausible scraper path -- NOT that a crawler exists. Recorded as PENDING: it still needs to be implemented and live-tested before ingestion.
WILLIAM,bhutan,116.0,FNB_MIXED,PENDING,KT Mobile,https://ktmobile.store/,ktmobile.store,P2 - queue / CANDIDATE,From Will's 2026-09-11 South Asia wave. His handover states explicitly that HAVE there means a child task found public price evidence and a plausible scraper path -- NOT that a crawler exists. Recorded as PENDING: it still needs to be implemented and live-tested before ingestion.
WILLIAM,bhutan,116.0,FNB_MIXED,LAST_TRY_FAILED,BhutanKart,https://bhutankart.com/,bhutankart.com,SKIP / CHILD-TASK-SKIP,"Will's 2026-09-11 South Asia wave marked this SKIP (app-gated, no price, or wrong country)."
WILLIAM,bhutan,116.0,FNB_MIXED,LAST_TRY_FAILED,Ubuy Bhutan,https://www.ubuy.bt/,ubuy.bt,SKIP / CHILD-TASK-SKIP,"Will's 2026-09-11 South Asia wave marked this SKIP (app-gated, no price, or wrong country)."
WILLIAM,bhutan,116.0,FNB_MIXED,PENDING,YenaMena,https://yenamena.com/,yenamena.com,P2 - queue / EVIDENCE-ONLY,From Will's 2026-09-11 South Asia wave. His handover states explicitly that HAVE there means a child task found public price evidence and a plausible scraper path -- NOT that a crawler exists. Recorded as PENDING: it still needs to be implemented and live-tested before ingestion.
WILLIAM,bhutan,116.0,FNB_MIXED,PENDING,Tharlam Tek,https://www.tharlamtek.digitalbhutan.net/,tharlamtek.digitalbhutan.net,P2 - queue / EVIDENCE-ONLY,From Will's 2026-09-11 South Asia wave. His handover states explicitly that HAVE there means a child task found public price evidence and a plausible scraper path -- NOT that a crawler exists. Recorded as PENDING: it still needs to be implemented and live-tested before ingestion.
WILLIAM,bhutan,116.0,FNB_MIXED,PENDING,Yalula,https://yalula.bt/,yalula.bt,P2 - queue / EVIDENCE-ONLY,From Will's 2026-09-11 South Asia wave. His handover states explicitly that HAVE there means a child task found public price evidence and a plausible scraper path -- NOT that a crawler exists. Recorded as PENDING: it still needs to be implemented and live-tested before ingestion.
WILLIAM,bhutan,116.0,FNB_MIXED,PENDING,BhutanSale / ValueNest,https://bhutansale.online/,bhutansale.online,P2 - queue / EVIDENCE-ONLY,From Will's 2026-09-11 South Asia wave. His handover states explicitly that HAVE there means a child task found public price evidence and a plausible scraper path -- NOT that a crawler exists. Recorded as PENDING: it still needs to be implemented and live-tested before ingestion.
WILLIAM,bhutan,116.0,FNB_MIXED,PENDING,TD Tyres & Electronics,https://www.tdtyres.bt/,tdtyres.bt,P2 - queue / CANDIDATE,From Will's 2026-09-11 South Asia wave. His handover states explicitly that HAVE there means a child task found public price evidence and a plausible scraper path -- NOT that a crawler exists. Recorded as PENDING: it still needs to be implemented and live-tested before ingestion.
WILLIAM,bhutan,116.0,FNB_MIXED,PENDING,itsnaughtytime Bhutan pages,https://itsnaughtytime.com/itm/sm-pu-leather-bondage-wrist-cuffs-arm-binder-armbinder-restraints-arms-behind-back-accessoriesexotic-bdsm-women-toys-25947,itsnaughtytime.com,P2 - queue / CANDIDATE,From Will's 2026-09-11 South Asia wave. His handover states explicitly that HAVE there means a child task found public price evidence and a plausible scraper path -- NOT that a crawler exists. Recorded as PENDING: it still needs to be implemented and live-tested before ingestion.
WILLIAM,bhutan,116.0,FNB_MIXED,LAST_TRY_FAILED,Dazzle Monk Bhutan collectibles,https://dazzlemonk.com/products/bhutan-100-ngultrum-2016-commemorative-issue-with-folder,dazzlemonk.com,SKIP / CHILD-TASK-SKIP,"Will's 2026-09-11 South Asia wave marked this SKIP (app-gated, no price, or wrong country)."
WILLIAM,bhutan,116.0,FNB_MIXED,PENDING,Mountain Cafe Bhutan,https://mountaincafe.bt/,mountaincafe.bt,P2 - queue / EVIDENCE-ONLY,From Will's 2026-09-11 South Asia wave. His handover states explicitly that HAVE there means a child task found public price evidence and a plausible scraper path -- NOT that a crawler exists. Recorded as PENDING: it still needs to be implemented and live-tested before ingestion.
WILLIAM,nicaragua,119.0,FNB_MIXED,PENDING,nicaragua_mercadolibre_ni,https://www.mercadolibre.com.ni/,mercadolibre.com.ni,P2 - queue / NEEDS-CUSTOM-CRAWLER,Downloaded CSV batch on 2026-09-12; normalized site was not present in the base workbook | scraping ease: Moderate | add as a new scrape target and crawler-creation candidate
WILLIAM,nicaragua,119.0,FNB_MIXED,PENDING,nicaragua_nicacomercio,https://nicacomercio.com/,nicacomercio.com,P2 - queue / NEEDS-CUSTOM-CRAWLER,Downloaded CSV batch on 2026-09-12; normalized site was not present in the base workbook | scraping ease: Easy | add as a new scrape target and crawler-creation candidate
WILLIAM,nicaragua,119.0,FNB_MIXED,PENDING,nicaragua_smartprice_ni,https://smartprice.com.ni/,smartprice.com.ni,P2 - queue / NEEDS-CUSTOM-CRAWLER,Downloaded CSV batch on 2026-09-12; normalized site was not present in the base workbook | scraping ease: Easy | add as a new scrape target and crawler-creation candidate
WILLIAM,nicaragua,119.0,FNB_MIXED,PENDING,nicaragua_medco_ni,https://medco.online.com.ni/,medco.online.com.ni,P2 - queue / NEEDS-CUSTOM-CRAWLER,Downloaded CSV batch on 2026-09-12; normalized site was not present in the base workbook | scraping ease: Easy | add as a new scrape target and crawler-creation candidate
WILLIAM,nicaragua,119.0,FNB_MIXED,PENDING,nicaragua_ferrenic,https://ferrenic.com/,ferrenic.com,P2 - queue / NEEDS-CUSTOM-CRAWLER,Downloaded CSV batch on 2026-09-12; normalized site was not present in the base workbook | scraping ease: Easy | add as a new scrape target and crawler-creation candidate
WILLIAM,zimbabwe,130.0,FNB_MIXED,PENDING,zimbabwe_zim_shops,https://www.zim-shops.com/,zim-shops.com,P2 - queue / NEEDS-CUSTOM-CRAWLER,Downloaded CSV batch on 2026-09-12; normalized site was not present in the base workbook | scraping ease: Easy | add as a new scrape target and crawler-creation candidate
WILLIAM,zimbabwe,130.0,FNB_MIXED,PENDING,zimbabwe_shopzim_zw,https://shopzim.co.zw/,shopzim.co.zw,P2 - queue / NEEDS-CUSTOM-CRAWLER,Downloaded CSV batch on 2026-09-12; normalized site was not present in the base workbook | scraping ease: Easy | add as a new scrape target and crawler-creation candidate
WILLIAM,zimbabwe,130.0,FNB_MIXED,PENDING,zimbabwe_zimbazone,https://zimbazone.com/,zimbazone.com,P2 - queue / NEEDS-CUSTOM-CRAWLER,Downloaded CSV batch on 2026-09-12; normalized site was not present in the base workbook | scraping ease: Easy | add as a new scrape target and crawler-creation candidate
WILLIAM,zimbabwe,130.0,FNB_MIXED,PENDING,zimbabwe_snapsale_zw,https://snapsale.co.zw/,snapsale.co.zw,P2 - queue / NEEDS-CUSTOM-CRAWLER,Downloaded CSV batch on 2026-09-12; normalized site was not present in the base workbook | scraping ease: Easy | add as a new scrape target and crawler-creation candidate
WILLIAM,zimbabwe,130.0,FNB_MIXED,PENDING,zimbabwe_ubuy_zw,https://www.ubuy.co.zw/en/,ubuy.co.zw,P2 - queue / NEEDS-CUSTOM-CRAWLER,Downloaded CSV batch on 2026-09-12; normalized site was not present in the base workbook | scraping ease: Moderate | add as a new scrape target and crawler-creation candidate
WILLIAM,nepal,131.0,FNB_MIXED,PENDING,NepalPharmacy.com,https://nepalpharmacy.com/,nepalpharmacy.com,P2 - queue / EVIDENCE-ONLY,From Will's 2026-09-11 South Asia wave. His handover states explicitly that HAVE there means a child task found public price evidence and a plausible scraper path -- NOT that a crawler exists. Recorded as PENDING: it still needs to be implemented and live-tested before ingestion.
WILLIAM,nepal,131.0,FNB_MIXED,PENDING,Mobimeds,https://www.mobimeds.com.np/product,mobimeds.com.np,P2 - queue / EVIDENCE-ONLY,From Will's 2026-09-11 South Asia wave. His handover states explicitly that HAVE there means a child task found public price evidence and a plausible scraper path -- NOT that a crawler exists. Recorded as PENDING: it still needs to be implemented and live-tested before ingestion.
WILLIAM,nepal,131.0,FNB_MIXED,PENDING,Neevan Welcare Center,https://neevan.com.np/shop,neevan.com.np,P2 - queue / EVIDENCE-ONLY,From Will's 2026-09-11 South Asia wave. His handover states explicitly that HAVE there means a child task found public price evidence and a plausible scraper path -- NOT that a crawler exists. Recorded as PENDING: it still needs to be implemented and live-tested before ingestion.
WILLIAM,nepal,131.0,FNB_MIXED,PENDING,24Seven,https://24seven.com.np/public/index.php,24seven.com.np,P2 - queue / EVIDENCE-ONLY,From Will's 2026-09-11 South Asia wave. His handover states explicitly that HAVE there means a child task found public price evidence and a plausible scraper path -- NOT that a crawler exists. Recorded as PENDING: it still needs to be implemented and live-tested before ingestion.
WILLIAM,nepal,131.0,FNB_MIXED,PENDING,Mobilemandu,https://mobilemandu.com/,mobilemandu.com,P2 - queue / EVIDENCE-ONLY,From Will's 2026-09-11 South Asia wave. His handover states explicitly that HAVE there means a child task found public price evidence and a plausible scraper path -- NOT that a crawler exists. Recorded as PENDING: it still needs to be implemented and live-tested before ingestion.
WILLIAM,nepal,131.0,FNB_MIXED,PENDING,Good Gadgets Nepal,https://goodgadgetsnepal.com/,goodgadgetsnepal.com,P2 - queue / EVIDENCE-ONLY,From Will's 2026-09-11 South Asia wave. His handover states explicitly that HAVE there means a child task found public price evidence and a plausible scraper path -- NOT that a crawler exists. Recorded as PENDING: it still needs to be implemented and live-tested before ingestion.
WILLIAM,nepal,131.0,FNB_MIXED,PENDING,Neshop,https://neshop.com.np/product-category/electronics,neshop.com.np,P2 - queue / EVIDENCE-ONLY,From Will's 2026-09-11 South Asia wave. His handover states explicitly that HAVE there means a child task found public price evidence and a plausible scraper path -- NOT that a crawler exists. Recorded as PENDING: it still needs to be implemented and live-tested before ingestion.
WILLIAM,nepal,131.0,FNB_MIXED,PENDING,Neptronics,https://neptronics.com/store/,neptronics.com,P2 - queue / EVIDENCE-ONLY,From Will's 2026-09-11 South Asia wave. His handover states explicitly that HAVE there means a child task found public price evidence and a plausible scraper path -- NOT that a crawler exists. Recorded as PENDING: it still needs to be implemented and live-tested before ingestion.
WILLIAM,nepal,131.0,FNB_MIXED,PENDING,GBN Store,https://gbnstore.com/,gbnstore.com,P2 - queue / EVIDENCE-ONLY,From Will's 2026-09-11 South Asia wave. His handover states explicitly that HAVE there means a child task found public price evidence and a plausible scraper path -- NOT that a crawler exists. Recorded as PENDING: it still needs to be implemented and live-tested before ingestion.
WILLIAM,nepal,131.0,FNB_MIXED,PENDING,Appliances Nepal,https://appliances.com.np/,appliances.com.np,P2 - queue / EVIDENCE-ONLY,From Will's 2026-09-11 South Asia wave. His handover states explicitly that HAVE there means a child task found public price evidence and a plausible scraper path -- NOT that a crawler exists. Recorded as PENDING: it still needs to be implemented and live-tested before ingestion.
WILLIAM,nepal,131.0,FNB_MIXED,PENDING,Hardware Pasal,https://hardwarepasal.com/,hardwarepasal.com,P2 - queue / EVIDENCE-ONLY,From Will's 2026-09-11 South Asia wave. His handover states explicitly that HAVE there means a child task found public price evidence and a plausible scraper path -- NOT that a crawler exists. Recorded as PENDING: it still needs to be implemented and live-tested before ingestion.
WILLIAM,nepal,131.0,FNB_MIXED,PENDING,Laconic Fashion,https://laconicnepal.com/collections/all,laconicnepal.com,P2 - queue / EVIDENCE-ONLY,From Will's 2026-09-11 South Asia wave. His handover states explicitly that HAVE there means a child task found public price evidence and a plausible scraper path -- NOT that a crawler exists. Recorded as PENDING: it still needs to be implemented and live-tested before ingestion.
WILLIAM,nepal,131.0,FNB_MIXED,PENDING,Online Clothing Store Nepal,https://onlineclothingstorenepal.blanxer.io/products,onlineclothingstorenepal.blanxer.io,P2 - queue / EVIDENCE-ONLY,From Will's 2026-09-11 South Asia wave. His handover states explicitly that HAVE there means a child task found public price evidence and a plausible scraper path -- NOT that a crawler exists. Recorded as PENDING: it still needs to be implemented and live-tested before ingestion.
WILLIAM,nepal,131.0,FNB_MIXED,PENDING,Lookscart,https://www.lookscart.com/shop,lookscart.com,P2 - queue / EVIDENCE-ONLY,From Will's 2026-09-11 South Asia wave. His handover states explicitly that HAVE there means a child task found public price evidence and a plausible scraper path -- NOT that a crawler exists. Recorded as PENDING: it still needs to be implemented and live-tested before ingestion.
WILLIAM,nepal,131.0,FNB_MIXED,PENDING,Pasal Nepal Furniture,https://www.pasalnepal.com/other-furnitures,pasalnepal.com,P2 - queue / EVIDENCE-ONLY,From Will's 2026-09-11 South Asia wave. His handover states explicitly that HAVE there means a child task found public price evidence and a plausible scraper path -- NOT that a crawler exists. Recorded as PENDING: it still needs to be implemented and live-tested before ingestion.
WILLIAM,nepal,131.0,FNB_MIXED,PENDING,Price Compare Nepal,https://pricecomparenepal.com/,pricecomparenepal.com,P2 - queue / CANDIDATE,From Will's 2026-09-11 South Asia wave. His handover states explicitly that HAVE there means a child task found public price evidence and a plausible scraper path -- NOT that a crawler exists. Recorded as PENDING: it still needs to be implemented and live-tested before ingestion.
WILLIAM,nepal,131.0,FNB_MIXED,PENDING,Mountemart,https://www.mountemart.com/,mountemart.com,P2 - queue / EVIDENCE-ONLY,From Will's 2026-09-11 South Asia wave. His handover states explicitly that HAVE there means a child task found public price evidence and a plausible scraper path -- NOT that a crawler exists. Recorded as PENDING: it still needs to be implemented and live-tested before ingestion.
WILLIAM,nepal,131.0,FNB_MIXED,PENDING,WeShopNepal,https://weshopnepal.com/c/stationery/,weshopnepal.com,P2 - queue / EVIDENCE-ONLY,From Will's 2026-09-11 South Asia wave. His handover states explicitly that HAVE there means a child task found public price evidence and a plausible scraper path -- NOT that a crawler exists. Recorded as PENDING: it still needs to be implemented and live-tested before ingestion.
WILLIAM,nepal,131.0,FNB_MIXED,PENDING,NepKids,https://www.nepkids.com/shop/toys/,nepkids.com,P2 - queue / EVIDENCE-ONLY,From Will's 2026-09-11 South Asia wave. His handover states explicitly that HAVE there means a child task found public price evidence and a plausible scraper path -- NOT that a crawler exists. Recorded as PENDING: it still needs to be implemented and live-tested before ingestion.
WILLIAM,nepal,131.0,FNB_MIXED,PENDING,Happy Day Nepal,https://www.happydaynepal.com/,happydaynepal.com,P2 - queue / EVIDENCE-ONLY,From Will's 2026-09-11 South Asia wave. His handover states explicitly that HAVE there means a child task found public price evidence and a plausible scraper path -- NOT that a crawler exists. Recorded as PENDING: it still needs to be implemented and live-tested before ingestion.
WILLIAM,nepal,131.0,FNB_MIXED,PENDING,Index Furniture Nepal,https://indexfurniture.com.np/furnitures,indexfurniture.com.np,P2 - queue / EVIDENCE-ONLY,From Will's 2026-09-11 South Asia wave. His handover states explicitly that HAVE there means a child task found public price evidence and a plausible scraper path -- NOT that a crawler exists. Recorded as PENDING: it still needs to be implemented and live-tested before ingestion.
WILLIAM,nepal,131.0,FNB_MIXED,PENDING,Ashley Furniture Nepal,https://shop.ashleyfurniturenepal.com/,shop.ashleyfurniturenepal.com,P2 - queue / CANDIDATE,From Will's 2026-09-11 South Asia wave. His handover states explicitly that HAVE there means a child task found public price evidence and a plausible scraper path -- NOT that a crawler exists. Recorded as PENDING: it still needs to be implemented and live-tested before ingestion.
WILLIAM,nepal,131.0,FNB_MIXED,PENDING,GNS Store,https://gns-store.com/indoor,gns-store.com,P2 - queue / EVIDENCE-ONLY,From Will's 2026-09-11 South Asia wave. His handover states explicitly that HAVE there means a child task found public price evidence and a plausible scraper path -- NOT that a crawler exists. Recorded as PENDING: it still needs to be implemented and live-tested before ingestion.
WILLIAM,nepal,131.0,FNB_MIXED,PENDING,Nepo Furniture,https://nepofurniture.com/shop/,nepofurniture.com,P2 - queue / EVIDENCE-ONLY,From Will's 2026-09-11 South Asia wave. His handover states explicitly that HAVE there means a child task found public price evidence and a plausible scraper path -- NOT that a crawler exists. Recorded as PENDING: it still needs to be implemented and live-tested before ingestion.
WILLIAM,nepal,131.0,FNB_MIXED,PENDING,Furniture Mahal,https://furnituremahal.com.np/,furnituremahal.com.np,P2 - queue / EVIDENCE-ONLY,From Will's 2026-09-11 South Asia wave. His handover states explicitly that HAVE there means a child task found public price evidence and a plausible scraper path -- NOT that a crawler exists. Recorded as PENDING: it still needs to be implemented and live-tested before ingestion.
WILLIAM,nepal,131.0,FNB_MIXED,PENDING,Neo Store,https://www.neostore.com.np/product-category/car-accessories,neostore.com.np,P2 - queue / EVIDENCE-ONLY,From Will's 2026-09-11 South Asia wave. His handover states explicitly that HAVE there means a child task found public price evidence and a plausible scraper path -- NOT that a crawler exists. Recorded as PENDING: it still needs to be implemented and live-tested before ingestion.
WILLIAM,nepal,131.0,FNB_MIXED,PENDING,Moto World Nepal,https://motoworldnepal.com/product-category/accessories/car-accessories/,motoworldnepal.com,P2 - queue / EVIDENCE-ONLY,From Will's 2026-09-11 South Asia wave. His handover states explicitly that HAVE there means a child task found public price evidence and a plausible scraper path -- NOT that a crawler exists. Recorded as PENDING: it still needs to be implemented and live-tested before ingestion.
WILLIAM,nepal,131.0,FNB_MIXED,PENDING,Kinaun,https://www.kinaun.com/product-category/automotive-accessories/,kinaun.com,P2 - queue / EVIDENCE-ONLY,From Will's 2026-09-11 South Asia wave. His handover states explicitly that HAVE there means a child task found public price evidence and a plausible scraper path -- NOT that a crawler exists. Recorded as PENDING: it still needs to be implemented and live-tested before ingestion.
WILLIAM,nepal,131.0,FNB_MIXED,PENDING,Chhingu Auto,https://www.chhinguauto.com/,chhinguauto.com,P2 - queue / CANDIDATE,From Will's 2026-09-11 South Asia wave. His handover states explicitly that HAVE there means a child task found public price evidence and a plausible scraper path -- NOT that a crawler exists. Recorded as PENDING: it still needs to be implemented and live-tested before ingestion.
WILLIAM,nepal,131.0,FNB_MIXED,PENDING,Nepal Telecom FTTH Tariff,https://www.ntc.net.np/tariff/ftth-tariff,ntc.net.np,P2 - queue / EVIDENCE-ONLY,From Will's 2026-09-11 South Asia wave. His handover states explicitly that HAVE there means a child task found public price evidence and a plausible scraper path -- NOT that a crawler exists. Recorded as PENDING: it still needs to be implemented and live-tested before ingestion.
WILLIAM,nepal,131.0,FNB_MIXED,PENDING,Price Nepal Internet Plan List,https://www.pricenepal.com/internet-plan-price-nepal-2026/,pricenepal.com,P2 - queue / CANDIDATE,From Will's 2026-09-11 South Asia wave. His handover states explicitly that HAVE there means a child task found public price evidence and a plausible scraper path -- NOT that a crawler exists. Recorded as PENDING: it still needs to be implemented and live-tested before ingestion.
WILLIAM,nepal,131.0,FNB_MIXED,PENDING,Healme Nepal,https://www.healme.com.np/personal-care?page=1,healme.com.np,P2 - queue / EVIDENCE-ONLY,From Will's 2026-09-11 South Asia wave. His handover states explicitly that HAVE there means a child task found public price evidence and a plausible scraper path -- NOT that a crawler exists. Recorded as PENDING: it still needs to be implemented and live-tested before ingestion.
WILLIAM,nepal,131.0,FNB_MIXED,PENDING,Hamro Shringar,https://www.hamroshringar.com/product-category/cosmetics-products/,hamroshringar.com,P2 - queue / EVIDENCE-ONLY,From Will's 2026-09-11 South Asia wave. His handover states explicitly that HAVE there means a child task found public price evidence and a plausible scraper path -- NOT that a crawler exists. Recorded as PENDING: it still needs to be implemented and live-tested before ingestion.
WILLIAM,nepal,131.0,FNB_MIXED,PENDING,Korean Beauty Point,https://koreanbeautypoint.com/,koreanbeautypoint.com,P2 - queue / EVIDENCE-ONLY,From Will's 2026-09-11 South Asia wave. His handover states explicitly that HAVE there means a child task found public price evidence and a plausible scraper path -- NOT that a crawler exists. Recorded as PENDING: it still needs to be implemented and live-tested before ingestion.
WILLIAM,nepal,131.0,FNB_MIXED,PENDING,Maake Beauty Nepal,https://www.maakebeautynepal.com/,maakebeautynepal.com,P2 - queue / EVIDENCE-ONLY,From Will's 2026-09-11 South Asia wave. His handover states explicitly that HAVE there means a child task found public price evidence and a plausible scraper path -- NOT that a crawler exists. Recorded as PENDING: it still needs to be implemented and live-tested before ingestion.
WILLIAM,nepal,131.0,FNB_MIXED,PENDING,Brandhouse Nepal,https://brandhouse.com.np/,brandhouse.com.np,P2 - queue / EVIDENCE-ONLY,From Will's 2026-09-11 South Asia wave. His handover states explicitly that HAVE there means a child task found public price evidence and a plausible scraper path -- NOT that a crawler exists. Recorded as PENDING: it still needs to be implemented and live-tested before ingestion.
WILLIAM,nepal,131.0,FNB_MIXED,PENDING,E-Bazar Nepal,https://ebazar-nepal.myshopify.com/collections/shoes,ebazar-nepal.myshopify.com,P2 - queue / EVIDENCE-ONLY,From Will's 2026-09-11 South Asia wave. His handover states explicitly that HAVE there means a child task found public price evidence and a plausible scraper path -- NOT that a crawler exists. Recorded as PENDING: it still needs to be implemented and live-tested before ingestion.
WILLIAM,nepal,131.0,FNB_MIXED,PENDING,Himalayan Ox Sports,https://www.himalayanoxsports.com/,himalayanoxsports.com,P2 - queue / EVIDENCE-ONLY,From Will's 2026-09-11 South Asia wave. His handover states explicitly that HAVE there means a child task found public price evidence and a plausible scraper path -- NOT that a crawler exists. Recorded as PENDING: it still needs to be implemented and live-tested before ingestion.
WILLIAM,nepal,131.0,FNB_MIXED,PENDING,Remax Nepal,https://iremaxnepal.com.np/,iremaxnepal.com.np,P2 - queue / EVIDENCE-ONLY,From Will's 2026-09-11 South Asia wave. His handover states explicitly that HAVE there means a child task found public price evidence and a plausible scraper path -- NOT that a crawler exists. Recorded as PENDING: it still needs to be implemented and live-tested before ingestion.
WILLIAM,nepal,131.0,FNB_MIXED,PENDING,NeerKart,https://neerkart.com/,neerkart.com,P2 - queue / EVIDENCE-ONLY,From Will's 2026-09-11 South Asia wave. His handover states explicitly that HAVE there means a child task found public price evidence and a plausible scraper path -- NOT that a crawler exists. Recorded as PENDING: it still needs to be implemented and live-tested before ingestion.
WILLIAM,nepal,131.0,FNB_MIXED,PENDING,EZ Online Store Nepal,https://ezonlinenp.com/,ezonlinenp.com,P2 - queue / EVIDENCE-ONLY,From Will's 2026-09-11 South Asia wave. His handover states explicitly that HAVE there means a child task found public price evidence and a plausible scraper path -- NOT that a crawler exists. Recorded as PENDING: it still needs to be implemented and live-tested before ingestion.
WILLIAM,nepal,131.0,FNB_MIXED,PENDING,A-One Collection Nepal,https://aonecollectionstores.com.np/,aonecollectionstores.com.np,P2 - queue / EVIDENCE-ONLY,From Will's 2026-09-11 South Asia wave. His handover states explicitly that HAVE there means a child task found public price evidence and a plausible scraper path -- NOT that a crawler exists. Recorded as PENDING: it still needs to be implemented and live-tested before ingestion.
WILLIAM,nepal,131.0,FNB_MIXED,PENDING,GharOne,https://www.gharone.com/,gharone.com,P2 - queue / EVIDENCE-ONLY,From Will's 2026-09-11 South Asia wave. His handover states explicitly that HAVE there means a child task found public price evidence and a plausible scraper path -- NOT that a crawler exists. Recorded as PENDING: it still needs to be implemented and live-tested before ingestion.
WILLIAM,nepal,131.0,FNB_MIXED,PENDING,Dakshinkali Electronics,https://www.dakshinkali.shop/,dakshinkali.shop,P2 - queue / EVIDENCE-ONLY,From Will's 2026-09-11 South Asia wave. His handover states explicitly that HAVE there means a child task found public price evidence and a plausible scraper path -- NOT that a crawler exists. Recorded as PENDING: it still needs to be implemented and live-tested before ingestion.
WILLIAM,nepal,131.0,FNB_MIXED,PENDING,SRS Shopping,https://srsshoping.com/,srsshoping.com,P2 - queue / CANDIDATE,From Will's 2026-09-11 South Asia wave. His handover states explicitly that HAVE there means a child task found public price evidence and a plausible scraper path -- NOT that a crawler exists. Recorded as PENDING: it still needs to be implemented and live-tested before ingestion.
WILLIAM,nepal,131.0,FNB_MIXED,PENDING,Siris Pharmacy,https://www.sirispharmacy.com.np/,sirispharmacy.com.np,P2 - queue / EVIDENCE-ONLY,From Will's 2026-09-11 South Asia wave. His handover states explicitly that HAVE there means a child task found public price evidence and a plausible scraper path -- NOT that a crawler exists. Recorded as PENDING: it still needs to be implemented and live-tested before ingestion.
WILLIAM,nepal,131.0,FNB_MIXED,PENDING,MedPlus Nepal,https://medplusnepal.com/product-category/medicines/,medplusnepal.com,P2 - queue / EVIDENCE-ONLY,From Will's 2026-09-11 South Asia wave. His handover states explicitly that HAVE there means a child task found public price evidence and a plausible scraper path -- NOT that a crawler exists. Recorded as PENDING: it still needs to be implemented and live-tested before ingestion.
WILLIAM,nepal,131.0,FNB_MIXED,PENDING,Pinnacle Computer Suppliers,https://pcsnepal.com.np/,pcsnepal.com.np,P2 - queue / EVIDENCE-ONLY,From Will's 2026-09-11 South Asia wave. His handover states explicitly that HAVE there means a child task found public price evidence and a plausible scraper path -- NOT that a crawler exists. Recorded as PENDING: it still needs to be implemented and live-tested before ingestion.
WILLIAM,nepal,131.0,FNB_MIXED,PENDING,Near Me,https://nearme.com.np/,nearme.com.np,P2 - queue / CANDIDATE,From Will's 2026-09-11 South Asia wave. His handover states explicitly that HAVE there means a child task found public price evidence and a plausible scraper path -- NOT that a crawler exists. Recorded as PENDING: it still needs to be implemented and live-tested before ingestion.
WILLIAM,nepal,131.0,FNB_MIXED,PENDING,Baby Pasal,https://babypasal.com/,babypasal.com,P2 - queue / EVIDENCE-ONLY,From Will's 2026-09-11 South Asia wave. His handover states explicitly that HAVE there means a child task found public price evidence and a plausible scraper path -- NOT that a crawler exists. Recorded as PENDING: it still needs to be implemented and live-tested before ingestion.
WILLIAM,nepal,131.0,FNB_MIXED,PENDING,nepal_onepasal,https://onepasal.com/,onepasal.com,P2 - queue / NEEDS-CUSTOM-CRAWLER,Downloaded CSV batch on 2026-09-12; normalized site was not present in the base workbook | scraping ease: Easy | add as a new scrape target and crawler-creation candidate
WILLIAM,nepal,131.0,FNB_MIXED,PENDING,nepal_swodeshi,https://swodeshi.com/,swodeshi.com,P2 - queue / NEEDS-CUSTOM-CRAWLER,Downloaded CSV batch on 2026-09-12; normalized site was not present in the base workbook | scraping ease: Easy | add as a new scrape target and crawler-creation candidate
WILLIAM,czech_republic,136.0,FNB_MIXED,PENDING,Alza Czechia,https://www.alza.cz/,alza.cz,P2 - queue / Directory/report,"Candidate found in the 2026-08-31 sourcing round, never built. build_tier=C - engineering required; scrapability=nan; class=General/electronics retail"
WILLIAM,czech_republic,136.0,FNB_MIXED,PENDING,Dr.Max Czechia,https://www.drmax.cz/,drmax.cz,P2 - queue / Directory/report,"Candidate found in the 2026-08-31 sourcing round, never built. build_tier=C - engineering required; scrapability=nan; class=Online pharmacy"
WILLIAM,czech_republic,136.0,FNB_MIXED,PENDING,Hornbach Czechia,https://www.hornbach.cz/,hornbach.cz,P2 - queue / Directory/report,"Candidate found in the 2026-08-31 sourcing round, never built. build_tier=C - engineering required; scrapability=nan; class=Hardware/home improvement"
WILLIAM,slovak_republic,137.0,FNB_MIXED,PENDING,Alza Slovakia,https://www.alza.sk/,alza.sk,P2 - queue / Directory/report,"Candidate found in the 2026-08-31 sourcing round, never built. build_tier=C - engineering required; scrapability=nan; class=General/electronics retail"
WILLIAM,slovak_republic,137.0,FNB_MIXED,PENDING,Dr.Max Slovakia,https://www.drmax.sk/,drmax.sk,P2 - queue / Directory/report,"Candidate found in the 2026-08-31 sourcing round, never built. build_tier=C - engineering required; scrapability=nan; class=Online pharmacy"
WILLIAM,slovak_republic,137.0,FNB_MIXED,PENDING,slovak_republic_pricemania_sk,https://www.pricemania.sk/,pricemania.sk,P2 - queue / NEEDS-CUSTOM-CRAWLER,Downloaded CSV batch on 2026-09-12; normalized site was not present in the base workbook | scraping ease: Easy | add as a new scrape target and crawler-creation candidate
WILLIAM,slovak_republic,137.0,FNB_MIXED,PENDING,slovak_republic_heureka_sk,https://www.heureka.sk/,heureka.sk,P2 - queue / NEEDS-CUSTOM-CRAWLER,Downloaded CSV batch on 2026-09-12; normalized site was not present in the base workbook | scraping ease: Easy | add as a new scrape target and crawler-creation candidate
WILLIAM,slovak_republic,137.0,FNB_MIXED,PENDING,slovak_republic_superceny_sk,https://superceny.sk/,superceny.sk,P2 - queue / NEEDS-CUSTOM-CRAWLER,Downloaded CSV batch on 2026-09-12; normalized site was not present in the base workbook | scraping ease: Easy | add as a new scrape target and crawler-creation candidate
WILLIAM,slovak_republic,137.0,FNB_MIXED,PENDING,slovak_republic_mojeobchody_sk,https://mojeobchody.sk/,mojeobchody.sk,P2 - queue / NEEDS-CUSTOM-CRAWLER,Downloaded CSV batch on 2026-09-12; normalized site was not present in the base workbook | scraping ease: Moderate | add as a new scrape target and crawler-creation candidate
WILLIAM,bangladesh,138.0,FNB_MIXED,PENDING,ePharma,https://epharma.com.bd/en/medicines,epharma.com.bd,P2 - queue / EVIDENCE-ONLY,From Will's 2026-09-11 South Asia wave. His handover states explicitly that HAVE there means a child task found public price evidence and a plausible scraper path -- NOT that a crawler exists. Recorded as PENDING: it still needs to be implemented and live-tested before ingestion.
WILLIAM,bangladesh,138.0,FNB_MIXED,PENDING,OsudPotro,https://osudpotro.com/,osudpotro.com,P2 - queue / EVIDENCE-ONLY,From Will's 2026-09-11 South Asia wave. His handover states explicitly that HAVE there means a child task found public price evidence and a plausible scraper path -- NOT that a crawler exists. Recorded as PENDING: it still needs to be implemented and live-tested before ingestion.
WILLIAM,bangladesh,138.0,FNB_MIXED,PENDING,Dawaii Pharmacy,https://dawaiipharmacy.com/,dawaiipharmacy.com,P2 - queue / EVIDENCE-ONLY,From Will's 2026-09-11 South Asia wave. His handover states explicitly that HAVE there means a child task found public price evidence and a plausible scraper path -- NOT that a crawler exists. Recorded as PENDING: it still needs to be implemented and live-tested before ingestion.
WILLIAM,bangladesh,138.0,FNB_MIXED,PENDING,Rokomari,https://www.rokomari.com/home,rokomari.com,P2 - queue / EVIDENCE-ONLY,From Will's 2026-09-11 South Asia wave. His handover states explicitly that HAVE there means a child task found public price evidence and a plausible scraper path -- NOT that a crawler exists. Recorded as PENDING: it still needs to be implemented and live-tested before ingestion.
WILLIAM,bangladesh,138.0,FNB_MIXED,PENDING,Star Tech,https://www.startech.com.bd/,startech.com.bd,P2 - queue / EVIDENCE-ONLY,From Will's 2026-09-11 South Asia wave. His handover states explicitly that HAVE there means a child task found public price evidence and a plausible scraper path -- NOT that a crawler exists. Recorded as PENDING: it still needs to be implemented and live-tested before ingestion.
WILLIAM,bangladesh,138.0,FNB_MIXED,PENDING,TekzoBD,https://www.tekzobd.com/shop,tekzobd.com,P2 - queue / EVIDENCE-ONLY,From Will's 2026-09-11 South Asia wave. His handover states explicitly that HAVE there means a child task found public price evidence and a plausible scraper path -- NOT that a crawler exists. Recorded as PENDING: it still needs to be implemented and live-tested before ingestion.
WILLIAM,bangladesh,138.0,FNB_MIXED,PENDING,KPEBAZAR,https://kpebazar.com/,kpebazar.com,P2 - queue / EVIDENCE-ONLY,From Will's 2026-09-11 South Asia wave. His handover states explicitly that HAVE there means a child task found public price evidence and a plausible scraper path -- NOT that a crawler exists. Recorded as PENDING: it still needs to be implemented and live-tested before ingestion.
WILLIAM,bangladesh,138.0,FNB_MIXED,PENDING,Daraz Bangladesh,https://www.daraz.com.bd/,daraz.com.bd,P2 - queue / CANDIDATE,From Will's 2026-09-11 South Asia wave. His handover states explicitly that HAVE there means a child task found public price evidence and a plausible scraper path -- NOT that a crawler exists. Recorded as PENDING: it still needs to be implemented and live-tested before ingestion.
WILLIAM,bangladesh,138.0,FNB_MIXED,PENDING,Pickaboo,https://www.pickaboo.com/,pickaboo.com,P2 - queue / CANDIDATE,From Will's 2026-09-11 South Asia wave. His handover states explicitly that HAVE there means a child task found public price evidence and a plausible scraper path -- NOT that a crawler exists. Recorded as PENDING: it still needs to be implemented and live-tested before ingestion.
WILLIAM,bangladesh,138.0,FNB_MIXED,PENDING,Sarnyas,https://www.sarnyas.com/shop-2/,sarnyas.com,P2 - queue / EVIDENCE-ONLY,From Will's 2026-09-11 South Asia wave. His handover states explicitly that HAVE there means a child task found public price evidence and a plausible scraper path -- NOT that a crawler exists. Recorded as PENDING: it still needs to be implemented and live-tested before ingestion.
WILLIAM,bangladesh,138.0,FNB_MIXED,PENDING,Foodland Products Narayanganj,https://foodlandproducts.websites.co.in/,foodlandproducts.websites.co.in,P2 - queue / CANDIDATE,From Will's 2026-09-11 South Asia wave. His handover states explicitly that HAVE there means a child task found public price evidence and a plausible scraper path -- NOT that a crawler exists. Recorded as PENDING: it still needs to be implemented and live-tested before ingestion.
WILLIAM,bangladesh,138.0,FNB_MIXED,PENDING,Rinors,https://www.rinors.com/,rinors.com,P2 - queue / EVIDENCE-ONLY,From Will's 2026-09-11 South Asia wave. His handover states explicitly that HAVE there means a child task found public price evidence and a plausible scraper path -- NOT that a crawler exists. Recorded as PENDING: it still needs to be implemented and live-tested before ingestion.
WILLIAM,brunei_darussalam,139.0,FNB_MIXED,PENDING,brunei_darussalam_brunei_desertcart,https://brunei.desertcart.com/,brunei.desertcart.com,P2 - queue / NEEDS-CUSTOM-CRAWLER,Downloaded CSV batch on 2026-09-12; normalized site was not present in the base workbook | scraping ease: Moderate | add as a new scrape target and crawler-creation candidate
WILLIAM,brunei_darussalam,139.0,FNB_MIXED,PENDING,brunei_darussalam_brusite,https://brusite.com/,brusite.com,P2 - queue / NEEDS-CUSTOM-CRAWLER,Downloaded CSV batch on 2026-09-12; normalized site was not present in the base workbook | scraping ease: Easy | add as a new scrape target and crawler-creation candidate
WILLIAM,brunei_darussalam,139.0,FNB_MIXED,PENDING,brunei_darussalam_ubuy_bn,https://www.ubuy.com.bn/en/,ubuy.com.bn,P2 - queue / NEEDS-CUSTOM-CRAWLER,Downloaded CSV batch on 2026-09-12; normalized site was not present in the base workbook | scraping ease: Moderate | add as a new scrape target and crawler-creation candidate
WILLIAM,oman,139.0,FNB_MIXED,PENDING,oman_desertcart_om,https://www.desertcart.com.om/,desertcart.com.om,P2 - queue / NEEDS-CUSTOM-CRAWLER,Downloaded CSV batch on 2026-09-12; normalized site was not present in the base workbook | scraping ease: Moderate | add as a new scrape target and crawler-creation candidate
WILLIAM,oman,139.0,FNB_MIXED,PENDING,oman_supermall_noon,https://supermall.noon.com/oman-en/,supermall.noon.com,P2 - queue / NEEDS-CUSTOM-CRAWLER,Downloaded CSV batch on 2026-09-12; normalized site was not present in the base workbook | scraping ease: Easy | add as a new scrape target and crawler-creation candidate
WILLIAM,oman,139.0,FNB_MIXED,PENDING,oman_ubuy_om,https://www.ubuy.com.om/en/,ubuy.com.om,P2 - queue / NEEDS-CUSTOM-CRAWLER,Downloaded CSV batch on 2026-09-12; normalized site was not present in the base workbook | scraping ease: Moderate | add as a new scrape target and crawler-creation candidate
WILLIAM,oman,139.0,FNB_MIXED,PENDING,oman_xhawi,https://www.xhawi.com/,xhawi.com,P2 - queue / NEEDS-CUSTOM-CRAWLER,Downloaded CSV batch on 2026-09-12; normalized site was not present in the base workbook | scraping ease: Moderate | add as a new scrape target and crawler-creation candidate
WILLIAM,el_salvador,142.0,FNB_MIXED,PENDING,el_salvador_comparo_snewssv,https://comparo.snewssv.com/,comparo.snewssv.com,P2 - queue / NEEDS-CUSTOM-CRAWLER,Downloaded CSV batch on 2026-09-12; normalized site was not present in the base workbook | scraping ease: Easy | add as a new scrape target and crawler-creation candidate
WILLIAM,el_salvador,142.0,FNB_MIXED,PENDING,el_salvador_ubuy_sv,https://www.ubuy.sv/es/,ubuy.sv,P2 - queue / NEEDS-CUSTOM-CRAWLER,Downloaded CSV batch on 2026-09-12; normalized site was not present in the base workbook | scraping ease: Moderate | add as a new scrape target and crawler-creation candidate
WILLIAM,el_salvador,142.0,FNB_MIXED,PENDING,el_salvador_elsalvadorya,https://elsalvadorya.com/,elsalvadorya.com,P2 - queue / NEEDS-CUSTOM-CRAWLER,Downloaded CSV batch on 2026-09-12; normalized site was not present in the base workbook | scraping ease: Easy | add as a new scrape target and crawler-creation candidate
WILLIAM,el_salvador,142.0,FNB_MIXED,PENDING,el_salvador_mercadolibre_sv,https://www.mercadolibre.com.sv/,mercadolibre.com.sv,P2 - queue / NEEDS-CUSTOM-CRAWLER,Downloaded CSV batch on 2026-09-12; normalized site was not present in the base workbook | scraping ease: Moderate | add as a new scrape target and crawler-creation candidate
WILLIAM,mozambique,144.0,FNB_MIXED,PENDING,mozambique_lojarapidamz,https://lojarapidamz.com/,lojarapidamz.com,P2 - queue / NEEDS-CUSTOM-CRAWLER,Downloaded CSV batch on 2026-09-12; normalized site was not present in the base workbook | scraping ease: Easy | add as a new scrape target and crawler-creation candidate
WILLIAM,mozambique,144.0,FNB_MIXED,PENDING,mozambique_nacosso,https://www.nacosso.com/,nacosso.com,P2 - queue / NEEDS-CUSTOM-CRAWLER,Downloaded CSV batch on 2026-09-12; normalized site was not present in the base workbook | scraping ease: Easy | add as a new scrape target and crawler-creation candidate
WILLIAM,mozambique,144.0,FNB_MIXED,PENDING,mozambique_omelhorpreco_mz,https://www.omelhorpreco.co.mz/,omelhorpreco.co.mz,P2 - queue / NEEDS-CUSTOM-CRAWLER,Downloaded CSV batch on 2026-09-12; normalized site was not present in the base workbook | scraping ease: Easy | add as a new scrape target and crawler-creation candidate
WILLIAM,mozambique,144.0,FNB_MIXED,PENDING,mozambique_perfectprice_mz,https://www.perfectprice.co.mz/,perfectprice.co.mz,P2 - queue / NEEDS-CUSTOM-CRAWLER,Downloaded CSV batch on 2026-09-12; normalized site was not present in the base workbook | scraping ease: Easy | add as a new scrape target and crawler-creation candidate
WILLIAM,jamaica,146.0,FNB_MIXED,PENDING,Singer Jamaica,https://singer.com.jm/,singer.com.jm,P2 - queue / Directory/report,"Candidate found in the 2026-08-31 sourcing round, never built. build_tier=C - engineering required; scrapability=nan; class=Appliances/furniture"
WILLIAM,new_caledonia,146.0,FNB_MIXED,PENDING,new_caledonia_caledonia_ubuy,https://www.caledonia.ubuy.com/fr/,caledonia.ubuy.com,P2 - queue / NEEDS-CUSTOM-CRAWLER,Downloaded CSV batch on 2026-09-12; normalized site was not present in the base workbook | scraping ease: Moderate | add as a new scrape target and crawler-creation candidate
WILLIAM,new_caledonia,146.0,FNB_MIXED,PENDING,new_caledonia_caledoniaimports,https://www.caledoniaimports.com/,caledoniaimports.com,P2 - queue / NEEDS-CUSTOM-CRAWLER,Downloaded CSV batch on 2026-09-12; normalized site was not present in the base workbook | scraping ease: Moderate | add as a new scrape target and crawler-creation candidate
WILLIAM,new_caledonia,146.0,FNB_MIXED,PENDING,new_caledonia_glamandkshop,https://www.glamandkshop.com/,glamandkshop.com,P2 - queue / NEEDS-CUSTOM-CRAWLER,Downloaded CSV batch on 2026-09-12; normalized site was not present in the base workbook | scraping ease: Moderate | add as a new scrape target and crawler-creation candidate
WILLIAM,new_caledonia,146.0,FNB_MIXED,PENDING,new_caledonia_shana_nc,https://www.shana.nc/,shana.nc,P2 - queue / NEEDS-CUSTOM-CRAWLER,Downloaded CSV batch on 2026-09-12; normalized site was not present in the base workbook | scraping ease: Easy | add as a new scrape target and crawler-creation candidate
WILLIAM,new_caledonia,146.0,FNB_MIXED,PENDING,new_caledonia_kiabi_nc,https://kiabi.nc/,kiabi.nc,P2 - queue / NEEDS-CUSTOM-CRAWLER,Downloaded CSV batch on 2026-09-12; normalized site was not present in the base workbook | scraping ease: Easy | add as a new scrape target and crawler-creation candidate
WILLIAM,moldova,153.0,FNB_MIXED,PENDING,Enter Moldova,https://enter.online/,enter.online,P2 - queue / Directory/report,"Candidate found in the 2026-08-31 sourcing round, never built. build_tier=C - engineering required; scrapability=nan; class=Electronics/appliances"
WILLIAM,costa_rica,155.0,FNB_MIXED,PENDING,costa_rica_misterprecios,https://misterprecios.com/,misterprecios.com,P2 - queue / NEEDS-CUSTOM-CRAWLER,Downloaded CSV batch on 2026-09-12; normalized site was not present in the base workbook | scraping ease: Easy | add as a new scrape target and crawler-creation candidate
WILLIAM,costa_rica,155.0,FNB_MIXED,PENDING,costa_rica_tiendamonge,https://www.tiendamonge.com/,tiendamonge.com,P2 - queue / NEEDS-CUSTOM-CRAWLER,Downloaded CSV batch on 2026-09-12; normalized site was not present in the base workbook | scraping ease: Easy | add as a new scrape target and crawler-creation candidate
WILLIAM,indonesia,160.0,FNB_MIXED,PENDING,indonesia_indosphera,https://www.indosphera.com/,indosphera.com,P2 - queue / NEEDS-CUSTOM-CRAWLER,Downloaded CSV batch on 2026-09-12; normalized site was not present in the base workbook | scraping ease: Easy | add as a new scrape target and crawler-creation candidate
WILLIAM,india,164.0,FNB_MIXED,PENDING,Reliance Digital,https://www.reliancedigital.in/products,reliancedigital.in,P2 - queue / EVIDENCE-ONLY,From Will's 2026-09-11 South Asia wave. His handover states explicitly that HAVE there means a child task found public price evidence and a plausible scraper path -- NOT that a crawler exists. Recorded as PENDING: it still needs to be implemented and live-tested before ingestion.
WILLIAM,india,164.0,FNB_MIXED,PENDING,Pepperfry,https://www.pepperfry.com/discover/budget-deals-furniture-home.html,pepperfry.com,P2 - queue / EVIDENCE-ONLY,From Will's 2026-09-11 South Asia wave. His handover states explicitly that HAVE there means a child task found public price evidence and a plausible scraper path -- NOT that a crawler exists. Recorded as PENDING: it still needs to be implemented and live-tested before ingestion.
WILLIAM,india,164.0,FNB_MIXED,PENDING,IndiaiStore,https://www.indiaistore.com/,indiaistore.com,P2 - queue / EVIDENCE-ONLY,From Will's 2026-09-11 South Asia wave. His handover states explicitly that HAVE there means a child task found public price evidence and a plausible scraper path -- NOT that a crawler exists. Recorded as PENDING: it still needs to be implemented and live-tested before ingestion.
WILLIAM,india,164.0,FNB_MIXED,PENDING,Croma,https://www.croma.com/,croma.com,P2 - queue / CANDIDATE,From Will's 2026-09-11 South Asia wave. His handover states explicitly that HAVE there means a child task found public price evidence and a plausible scraper path -- NOT that a crawler exists. Recorded as PENDING: it still needs to be implemented and live-tested before ingestion.
WILLIAM,india,164.0,FNB_MIXED,PENDING,Vijay Sales,https://www.vijaysales.com/,vijaysales.com,P2 - queue / CANDIDATE,From Will's 2026-09-11 South Asia wave. His handover states explicitly that HAVE there means a child task found public price evidence and a plausible scraper path -- NOT that a crawler exists. Recorded as PENDING: it still needs to be implemented and live-tested before ingestion.
WILLIAM,india,164.0,FNB_MIXED,PENDING,Myntra,https://www.myntra.com/,myntra.com,P2 - queue / CANDIDATE,From Will's 2026-09-11 South Asia wave. His handover states explicitly that HAVE there means a child task found public price evidence and a plausible scraper path -- NOT that a crawler exists. Recorded as PENDING: it still needs to be implemented and live-tested before ingestion.
WILLIAM,india,164.0,FNB_MIXED,PENDING,Netmeds,https://www.netmeds.com/,netmeds.com,P2 - queue / CANDIDATE,From Will's 2026-09-11 South Asia wave. His handover states explicitly that HAVE there means a child task found public price evidence and a plausible scraper path -- NOT that a crawler exists. Recorded as PENDING: it still needs to be implemented and live-tested before ingestion.
WILLIAM,india,164.0,FNB_MIXED,PENDING,1mg,https://www.1mg.com/,1mg.com,P2 - queue / CANDIDATE,From Will's 2026-09-11 South Asia wave. His handover states explicitly that HAVE there means a child task found public price evidence and a plausible scraper path -- NOT that a crawler exists. Recorded as PENDING: it still needs to be implemented and live-tested before ingestion.
WILLIAM,india,164.0,FNB_MIXED,PENDING,FirstCry,https://www.firstcry.com/,firstcry.com,P2 - queue / CANDIDATE,From Will's 2026-09-11 South Asia wave. His handover states explicitly that HAVE there means a child task found public price evidence and a plausible scraper path -- NOT that a crawler exists. Recorded as PENDING: it still needs to be implemented and live-tested before ingestion.
WILLIAM,india,164.0,FNB_MIXED,PENDING,Airtel prepaid plans,https://www.airtel.in/recharge-online,airtel.in,P2 - queue / CANDIDATE,From Will's 2026-09-11 South Asia wave. His handover states explicitly that HAVE there means a child task found public price evidence and a plausible scraper path -- NOT that a crawler exists. Recorded as PENDING: it still needs to be implemented and live-tested before ingestion.
WILLIAM,india,164.0,FNB_MIXED,PENDING,Jio prepaid plans,https://www.jio.com/selfcare/plans/mobility/prepaid-plans-list/,jio.com,P2 - queue / CANDIDATE,From Will's 2026-09-11 South Asia wave. His handover states explicitly that HAVE there means a child task found public price evidence and a plausible scraper path -- NOT that a crawler exists. Recorded as PENDING: it still needs to be implemented and live-tested before ingestion.
WILLIAM,india,164.0,FNB_MIXED,PENDING,PharmEasy Crocin category,https://pharmeasy.in/health-care/crocin-1641,pharmeasy.in,P2 - queue / EVIDENCE-ONLY,From Will's 2026-09-11 South Asia wave. His handover states explicitly that HAVE there means a child task found public price evidence and a plausible scraper path -- NOT that a crawler exists. Recorded as PENDING: it still needs to be implemented and live-tested before ingestion.
WILLIAM,india,164.0,FNB_MIXED,PENDING,Apollo Pharmacy,https://www.apollopharmacy.in/,apollopharmacy.in,P2 - queue / EVIDENCE-ONLY,From Will's 2026-09-11 South Asia wave. His handover states explicitly that HAVE there means a child task found public price evidence and a plausible scraper path -- NOT that a crawler exists. Recorded as PENDING: it still needs to be implemented and live-tested before ingestion.
WILLIAM,india,164.0,FNB_MIXED,PENDING,Davaio,https://www.davaio.com/,davaio.com,P2 - queue / CANDIDATE,From Will's 2026-09-11 South Asia wave. His handover states explicitly that HAVE there means a child task found public price evidence and a plausible scraper path -- NOT that a crawler exists. Recorded as PENDING: it still needs to be implemented and live-tested before ingestion.
WILLIAM,india,164.0,FNB_MIXED,PENDING,VedaRx,https://www.vedarx.in/drug-prices.html,vedarx.in,P2 - queue / CANDIDATE,From Will's 2026-09-11 South Asia wave. His handover states explicitly that HAVE there means a child task found public price evidence and a plausible scraper path -- NOT that a crawler exists. Recorded as PENDING: it still needs to be implemented and live-tested before ingestion.
WILLIAM,india,164.0,FNB_MIXED,PENDING,IndustryBuying,https://www.industrybuying.com/offers,industrybuying.com,P2 - queue / EVIDENCE-ONLY,From Will's 2026-09-11 South Asia wave. His handover states explicitly that HAVE there means a child task found public price evidence and a plausible scraper path -- NOT that a crawler exists. Recorded as PENDING: it still needs to be implemented and live-tested before ingestion.
WILLIAM,india,164.0,FNB_MIXED,PENDING,Boodmo,https://boodmo.com/catalog/3456-universal/m91-chevrolet/,boodmo.com,P2 - queue / CANDIDATE,From Will's 2026-09-11 South Asia wave. His handover states explicitly that HAVE there means a child task found public price evidence and a plausible scraper path -- NOT that a crawler exists. Recorded as PENDING: it still needs to be implemented and live-tested before ingestion.
WILLIAM,india,164.0,FNB_MIXED,PENDING,Bookswagon,https://www.bookswagon.com/,bookswagon.com,P2 - queue / CANDIDATE,From Will's 2026-09-11 South Asia wave. His handover states explicitly that HAVE there means a child task found public price evidence and a plausible scraper path -- NOT that a crawler exists. Recorded as PENDING: it still needs to be implemented and live-tested before ingestion.
WILLIAM,ireland,165.0,FNB_MIXED,PENDING,ireland_nicheskinscent,https://nicheskinscent.com/shop/?orderby=price,nicheskinscent.com,P2 - queue / NEEDS-CUSTOM-CRAWLER,Downloaded CSV batch on 2026-09-12; normalized site was not present in the base workbook | scraping ease: Easy | add as a new scrape target and crawler-creation candidate
WILLIAM,ireland,165.0,FNB_MIXED,PENDING,ireland_pricespy_ie,https://pricespy.ie/,pricespy.ie,P2 - queue / NEEDS-CUSTOM-CRAWLER,Downloaded CSV batch on 2026-09-12; normalized site was not present in the base workbook | scraping ease: Easy | add as a new scrape target and crawler-creation candidate
WILLIAM,united_kingdom,166.0,FNB_MIXED,PENDING,B&Q,https://www.diy.com/,diy.com,P2 - queue / Directory/report,"Candidate found in the 2026-08-31 sourcing round, never built. build_tier=C - engineering required; scrapability=nan; class=Hardware/home improvement"
WILLIAM,united_kingdom,166.0,FNB_MIXED,PENDING,Boots,https://www.boots.com/,boots.com,P2 - queue / Directory/report,"Candidate found in the 2026-08-31 sourcing round, never built. build_tier=C - engineering required; scrapability=nan; class=Pharmacy/health"
WILLIAM,united_kingdom,166.0,FNB_MIXED,PENDING,united_kingdom_idealo_uk,https://www.idealo.co.uk/,idealo.co.uk,P2 - queue / NEEDS-CUSTOM-CRAWLER,Downloaded CSV batch on 2026-09-12; normalized site was not present in the base workbook | scraping ease: Easy | add as a new scrape target and crawler-creation candidate
WILLIAM,united_kingdom,166.0,FNB_MIXED,PENDING,united_kingdom_pricerunner,https://www.pricerunner.com/,pricerunner.com,P2 - queue / NEEDS-CUSTOM-CRAWLER,Downloaded CSV batch on 2026-09-12; normalized site was not present in the base workbook | scraping ease: Easy | add as a new scrape target and crawler-creation candidate
WILLIAM,united_kingdom,166.0,FNB_MIXED,PENDING,united_kingdom_compareaprice_uk,https://www.compareaprice.co.uk/,compareaprice.co.uk,P2 - queue / NEEDS-CUSTOM-CRAWLER,Downloaded CSV batch on 2026-09-12; normalized site was not present in the base workbook | scraping ease: Easy | add as a new scrape target and crawler-creation candidate
WILLIAM,ecuador,169.0,FNB_MIXED,PENDING,ecuador_tiendaecuador_ec,https://tiendaecuador.ec/,tiendaecuador.ec,P2 - queue / NEEDS-CUSTOM-CRAWLER,Downloaded CSV batch on 2026-09-12; normalized site was not present in the base workbook | scraping ease: Moderate | add as a new scrape target and crawler-creation candidate
WILLIAM,ecuador,169.0,FNB_MIXED,PENDING,ecuador_shopby_ec,https://shopby.com.ec/,shopby.com.ec,P2 - queue / NEEDS-CUSTOM-CRAWLER,Downloaded CSV batch on 2026-09-12; normalized site was not present in the base workbook | scraping ease: Easy | add as a new scrape target and crawler-creation candidate
WILLIAM,ecuador,169.0,FNB_MIXED,PENDING,ecuador_baratazo,https://www.baratazo.com/,baratazo.com,P2 - queue / NEEDS-CUSTOM-CRAWLER,Downloaded CSV batch on 2026-09-12; normalized site was not present in the base workbook | scraping ease: Easy | add as a new scrape target and crawler-creation candidate
WILLIAM,ecuador,169.0,FNB_MIXED,PENDING,ecuador_tecnomarket_ec,https://tecnomarket.ec/,tecnomarket.ec,P2 - queue / NEEDS-CUSTOM-CRAWLER,Downloaded CSV batch on 2026-09-12; normalized site was not present in the base workbook | scraping ease: Easy | add as a new scrape target and crawler-creation candidate
WILLIAM,mauritius,170.0,FNB_MIXED,PENDING,mauritius_maulux_mu,https://maulux.mu/,maulux.mu,P2 - queue / NEEDS-CUSTOM-CRAWLER,Downloaded CSV batch on 2026-09-12; normalized site was not present in the base workbook | scraping ease: Moderate | add as a new scrape target and crawler-creation candidate
WILLIAM,mauritius,170.0,FNB_MIXED,PENDING,mauritius_eshops_mu,https://www.eshops.mu/,eshops.mu,P2 - queue / NEEDS-CUSTOM-CRAWLER,Downloaded CSV batch on 2026-09-12; normalized site was not present in the base workbook | scraping ease: Moderate | add as a new scrape target and crawler-creation candidate
WILLIAM,mauritius,170.0,FNB_MIXED,PENDING,mauritius_ubuy_mu,https://www.ubuy.mu/en/,ubuy.mu,P2 - queue / NEEDS-CUSTOM-CRAWLER,Downloaded CSV batch on 2026-09-12; normalized site was not present in the base workbook | scraping ease: Moderate | add as a new scrape target and crawler-creation candidate
WILLIAM,mauritius,170.0,FNB_MIXED,PENDING,mauritius_priceguru_mu,https://priceguru.mu/,priceguru.mu,P2 - queue / NEEDS-CUSTOM-CRAWLER,Downloaded CSV batch on 2026-09-12; normalized site was not present in the base workbook | scraping ease: Easy | add as a new scrape target and crawler-creation candidate
WILLIAM,russian_federation,172.0,FNB_MIXED,LAST_TRY_FAILED,detmir.ru,,nan,PARTIAL / PARSE-FAILED,"Reachable, HTTP 200, but not extractable without more work (not a hard block — don't re-probe blind, but don't write off either) — homepage and category/brand landing pages are real server-rendered HTML (no WAF/challenge), with a `window.appData = JSON.parse(""..."")` blob (double-JSON-encoded: the outer text is a JS string literal whose *content*, after `json.loads` twice, is one big app-state dict). That blob genuinely contains real product rows with `id`/`title`/`price`/`prices.old`/`prices.sale` (verified: ""Комбинезон BabyGo"" 349 RUB with a real old-price of 499 RUB) but only inside `.recommendations.products.*.result[]` widget arrays (~15-30 items per page) — the *actual* full category/search product grid (thousands of items, `offerCount` in the JSON-LD confirms e.g. 2776 for one brand) is **not** in the SSR payload; a live Playwright network capture on a `/search/?text=...` page fired 13 XHRs to `api.detmir.ru` (cart, user, menu, recently-viewed) but never the actual search/listing endpoint in a ~6s window — it may fire on scroll, on a different query-param shape, or need a longer wait. Not blocked, just unfinished. Worth a real pass: either (a) find the true listing endpoint via a longer Playwright capture / scrolling the results grid, or (b) walk only the recommendation-widget arrays across many category"
WILLIAM,russian_federation,172.0,FNB_MIXED,PENDING,Leroy Merlin/Lemana Pro Russia check,https://lemanapro.ru/,lemanapro.ru,P2 - queue / Directory/report,"Candidate found in the 2026-08-31 sourcing round, never built. build_tier=C - engineering required; scrapability=nan; class=Hardware/home improvement"
WILLIAM,ukraine,175.0,FNB_MIXED,PENDING,ukraine_hotline_ua,https://hotline.ua/,hotline.ua,P2 - queue / NEEDS-CUSTOM-CRAWLER,Downloaded CSV batch on 2026-09-12; normalized site was not present in the base workbook | scraping ease: Easy | add as a new scrape target and crawler-creation candidate
WILLIAM,ukraine,175.0,FNB_MIXED,PENDING,ukraine_pricescanner_ai,https://pricescanner.ai/,pricescanner.ai,P2 - queue / NEEDS-CUSTOM-CRAWLER,Downloaded CSV batch on 2026-09-12; normalized site was not present in the base workbook | scraping ease: Moderate | add as a new scrape target and crawler-creation candidate
WILLIAM,ukraine,175.0,FNB_MIXED,PENDING,ukraine_price_ua,https://price.ua/,price.ua,P2 - queue / NEEDS-CUSTOM-CRAWLER,Downloaded CSV batch on 2026-09-12; normalized site was not present in the base workbook | scraping ease: Moderate | add as a new scrape target and crawler-creation candidate
WILLIAM,ukraine,175.0,FNB_MIXED,PENDING,ukraine_abtime_ua,https://abtime.com.ua/,abtime.com.ua,P2 - queue / NEEDS-CUSTOM-CRAWLER,Downloaded CSV batch on 2026-09-12; normalized site was not present in the base workbook | scraping ease: Moderate | add as a new scrape target and crawler-creation candidate
WILLIAM,ukraine,175.0,FNB_MIXED,PENDING,ukraine_handymarket_ua,https://handymarket.com.ua/,handymarket.com.ua,P2 - queue / NEEDS-CUSTOM-CRAWLER,Downloaded CSV batch on 2026-09-12; normalized site was not present in the base workbook | scraping ease: Moderate | add as a new scrape target and crawler-creation candidate
WILLIAM,ukraine,175.0,FNB_MIXED,PENDING,ukraine_oneshot_ua,https://oneshot.com.ua/,oneshot.com.ua,P2 - queue / NEEDS-CUSTOM-CRAWLER,Downloaded CSV batch on 2026-09-12; normalized site was not present in the base workbook | scraping ease: Moderate | add as a new scrape target and crawler-creation candidate
WILLIAM,ukraine,175.0,FNB_MIXED,PENDING,ukraine_justbuy_ua,https://justbuy.com.ua/,justbuy.com.ua,P2 - queue / NEEDS-CUSTOM-CRAWLER,Downloaded CSV batch on 2026-09-12; normalized site was not present in the base workbook | scraping ease: Moderate | add as a new scrape target and crawler-creation candidate
WILLIAM,ukraine,175.0,FNB_MIXED,PENDING,ukraine_do_smaku_ua,https://do-smaku.com.ua/,do-smaku.com.ua,P2 - queue / NEEDS-CUSTOM-CRAWLER,Downloaded CSV batch on 2026-09-12; normalized site was not present in the base workbook | scraping ease: Moderate | add as a new scrape target and crawler-creation candidate
WILLIAM,peru,177.0,FNB_MIXED,PENDING,peru_preciospe,https://www.preciospe.com/,preciospe.com,P2 - queue / NEEDS-CUSTOM-CRAWLER,Downloaded CSV batch on 2026-09-12; normalized site was not present in the base workbook | scraping ease: Easy | add as a new scrape target and crawler-creation candidate
WILLIAM,peru,177.0,FNB_MIXED,PENDING,peru_compara2_pe,https://compara2.pe/,compara2.pe,P2 - queue / NEEDS-CUSTOM-CRAWLER,Downloaded CSV batch on 2026-09-12; normalized site was not present in the base workbook | scraping ease: Easy | add as a new scrape target and crawler-creation candidate
WILLIAM,peru,177.0,FNB_MIXED,PENDING,peru_knasta_pe,https://knasta.pe/,knasta.pe,P2 - queue / NEEDS-CUSTOM-CRAWLER,Downloaded CSV batch on 2026-09-12; normalized site was not present in the base workbook | scraping ease: Easy | add as a new scrape target and crawler-creation candidate
WILLIAM,peru,177.0,FNB_MIXED,PENDING,peru_compy_pe,https://compy.pe/,compy.pe,P2 - queue / NEEDS-CUSTOM-CRAWLER,Downloaded CSV batch on 2026-09-12; normalized site was not present in the base workbook | scraping ease: Moderate | add as a new scrape target and crawler-creation candidate
WILLIAM,peru,177.0,FNB_MIXED,PENDING,peru_farmaciasperu_pe,https://www.farmaciasperu.pe/,farmaciasperu.pe,P2 - queue / NEEDS-CUSTOM-CRAWLER,Downloaded CSV batch on 2026-09-12; normalized site was not present in the base workbook | scraping ease: Easy | add as a new scrape target and crawler-creation candidate
WILLIAM,peru,177.0,FNB_MIXED,PENDING,peru_boticasperu_pe,https://www.boticasperu.pe/,boticasperu.pe,P2 - queue / NEEDS-CUSTOM-CRAWLER,Downloaded CSV batch on 2026-09-12; normalized site was not present in the base workbook | scraping ease: Easy | add as a new scrape target and crawler-creation candidate
WILLIAM,peru,177.0,FNB_MIXED,PENDING,peru_mifarma_pe,https://www.mifarma.com.pe/,mifarma.com.pe,P2 - queue / NEEDS-CUSTOM-CRAWLER,Downloaded CSV batch on 2026-09-12; normalized site was not present in the base workbook | scraping ease: Moderate | add as a new scrape target and crawler-creation candidate
WILLIAM,peru,177.0,FNB_MIXED,PENDING,peru_promart_pe,https://www.promart.pe/ferreteria/,promart.pe,P2 - queue / NEEDS-CUSTOM-CRAWLER,Downloaded CSV batch on 2026-09-12; normalized site was not present in the base workbook | scraping ease: Moderate | add as a new scrape target and crawler-creation candidate
WILLIAM,spain,186.0,FNB_MIXED,PENDING,Leroy Merlin Spain,https://www.leroymerlin.es/,leroymerlin.es,P2 - queue / Directory/report,"Candidate found in the 2026-08-31 sourcing round, never built. build_tier=C - engineering required; scrapability=nan; class=Hardware/home improvement"
WILLIAM,spain,186.0,FNB_MIXED,PENDING,spain_idealo_es,https://www.idealo.es/,idealo.es,P2 - queue / NEEDS-CUSTOM-CRAWLER,Downloaded CSV batch on 2026-09-12; normalized site was not present in the base workbook | scraping ease: Easy | add as a new scrape target and crawler-creation candidate
WILLIAM,spain,186.0,FNB_MIXED,PENDING,spain_kelkoo_es,https://kelkoo.es/,kelkoo.es,P2 - queue / NEEDS-CUSTOM-CRAWLER,Downloaded CSV batch on 2026-09-12; normalized site was not present in the base workbook | scraping ease: Moderate | add as a new scrape target and crawler-creation candidate
WILLIAM,spain,186.0,FNB_MIXED,PENDING,spain_tien21_es,https://www.tien21.es/,tien21.es,P2 - queue / NEEDS-CUSTOM-CRAWLER,Downloaded CSV batch on 2026-09-12; normalized site was not present in the base workbook | scraping ease: Moderate | add as a new scrape target and crawler-creation candidate
WILLIAM,mexico,192.0,FNB_MIXED,PENDING,mexico_mexaromastore,https://mexaromastore.com/,mexaromastore.com,P2 - queue / NEEDS-CUSTOM-CRAWLER,Downloaded CSV batch on 2026-09-12; normalized site was not present in the base workbook | scraping ease: Easy | add as a new scrape target and crawler-creation candidate
WILLIAM,mexico,192.0,FNB_MIXED,PENDING,mexico_scentperfumes_mx,https://scentperfumes.mx/collections/nicho,scentperfumes.mx,P2 - queue / NEEDS-CUSTOM-CRAWLER,Downloaded CSV batch on 2026-09-12; normalized site was not present in the base workbook | scraping ease: Easy | add as a new scrape target and crawler-creation candidate
WILLIAM,mexico,192.0,FNB_MIXED,PENDING,mexico_togaperfumeria,https://togaperfumeria.com/,togaperfumeria.com,P2 - queue / NEEDS-CUSTOM-CRAWLER,Downloaded CSV batch on 2026-09-12; normalized site was not present in the base workbook | scraping ease: Easy | add as a new scrape target and crawler-creation candidate
WILLIAM,mexico,192.0,FNB_MIXED,PENDING,mexico_decantsperfumes_mx,https://decantsperfumes.com.mx/en/,decantsperfumes.com.mx,P2 - queue / NEEDS-CUSTOM-CRAWLER,Downloaded CSV batch on 2026-09-12; normalized site was not present in the base workbook | scraping ease: Easy | add as a new scrape target and crawler-creation candidate
WILLIAM,mexico,192.0,FNB_MIXED,PENDING,mexico_noctua_mx,https://noctua.com.mx/,noctua.com.mx,P2 - queue / NEEDS-CUSTOM-CRAWLER,Downloaded CSV batch on 2026-09-12; normalized site was not present in the base workbook | scraping ease: Moderate | add as a new scrape target and crawler-creation candidate
WILLIAM,thailand,202.0,FNB_MIXED,PENDING,thailand_shopee_th,https://shopee.co.th/,shopee.co.th,P2 - queue / NEEDS-CUSTOM-CRAWLER,Downloaded CSV batch on 2026-09-12; normalized site was not present in the base workbook | scraping ease: Moderate | add as a new scrape target and crawler-creation candidate
WILLIAM,thailand,202.0,FNB_MIXED,PENDING,thailand_lazada_th,https://www.lazada.co.th/,lazada.co.th,P2 - queue / NEEDS-CUSTOM-CRAWLER,Downloaded CSV batch on 2026-09-12; normalized site was not present in the base workbook | scraping ease: Moderate | add as a new scrape target and crawler-creation candidate
WILLIAM,thailand,202.0,FNB_MIXED,PENDING,thailand_kaidee,https://www.kaidee.com/,kaidee.com,P2 - queue / NEEDS-CUSTOM-CRAWLER,Downloaded CSV batch on 2026-09-12; normalized site was not present in the base workbook | scraping ease: Moderate | add as a new scrape target and crawler-creation candidate
WILLIAM,thailand,202.0,FNB_MIXED,PENDING,thailand_priceza,https://www.priceza.com/,priceza.com,P2 - queue / NEEDS-CUSTOM-CRAWLER,Downloaded CSV batch on 2026-09-12; normalized site was not present in the base workbook | scraping ease: Moderate | add as a new scrape target and crawler-creation candidate
WILLIAM,thailand,202.0,FNB_MIXED,PENDING,thailand_shopgenius_app,https://shopgenius.app/en/,shopgenius.app,P2 - queue / NEEDS-CUSTOM-CRAWLER,Downloaded CSV batch on 2026-09-12; normalized site was not present in the base workbook | scraping ease: Easy | add as a new scrape target and crawler-creation candidate
WILLIAM,kenya,204.0,FNB_MIXED,PENDING,kenya_jiji_ke,https://jiji.co.ke/,jiji.co.ke,P2 - queue / NEEDS-CUSTOM-CRAWLER,Downloaded CSV batch on 2026-09-12; normalized site was not present in the base workbook | scraping ease: Easy | add as a new scrape target and crawler-creation candidate
WILLIAM,kenya,204.0,FNB_MIXED,PENDING,kenya_anava_ke,https://anava.co.ke/,anava.co.ke,P2 - queue / NEEDS-CUSTOM-CRAWLER,Downloaded CSV batch on 2026-09-12; normalized site was not present in the base workbook | scraping ease: Easy | add as a new scrape target and crawler-creation candidate
WILLIAM,kenya,204.0,FNB_MIXED,PENDING,kenya_sella_ke,https://sella.co.ke/,sella.co.ke,P2 - queue / NEEDS-CUSTOM-CRAWLER,Downloaded CSV batch on 2026-09-12; normalized site was not present in the base workbook | scraping ease: Easy | add as a new scrape target and crawler-creation candidate
WILLIAM,kenya,204.0,FNB_MIXED,PENDING,kenya_checkpriceof_ke,https://checkpriceof.co.ke/,checkpriceof.co.ke,P2 - queue / NEEDS-CUSTOM-CRAWLER,Downloaded CSV batch on 2026-09-12; normalized site was not present in the base workbook | scraping ease: Easy | add as a new scrape target and crawler-creation candidate
WILLIAM,kenya,204.0,FNB_MIXED,PENDING,kenya_romifinds_ke,https://romifinds.co.ke/,romifinds.co.ke,P2 - queue / NEEDS-CUSTOM-CRAWLER,Downloaded CSV batch on 2026-09-12; normalized site was not present in the base workbook | scraping ease: Easy | add as a new scrape target and crawler-creation candidate
WILLIAM,malaysia,213.0,FNB_MIXED,PENDING,malaysia_shopee_my,https://shopee.com.my/,shopee.com.my,P2 - queue / NEEDS-CUSTOM-CRAWLER,Downloaded CSV batch on 2026-09-12; normalized site was not present in the base workbook | scraping ease: Easy | add as a new scrape target and crawler-creation candidate
WILLIAM,(BB/AG/KY/GY/JM/KN/LC/SR),,FNB_MIXED,LAST_TRY_FAILED,automotiveart.com,,nan,SKIP / NO-PRICES-ONLINE,"Brochure-only WordPress / no online store — bespoke non-WordPress corporate/catalog site, `/Barbados/Featured-Products/` lists category tiles (Seat Covers, WeatherTech Mats, Pioneer Audio, Batteries, etc.) with zero `$`/BBD price text anywhere in the rendered category or homepage HTML — in-store pricing only. `https://automotiveart.com/` also has a cert mismatch (only the `http://` and country-path `www.automotiveart.com/Barbados/` variants serve)."
WILLIAM,(GA),,FNB_MIXED,LAST_TRY_FAILED,cecagadis.com,,nan,SKIP / NO-PRICES-ONLINE,"Brochure-only WordPress / no online store — WordPress/Elementor corporate site for Gabon's largest retail group (brands Cecado, CK2, GaboPrix, Géant CK'DO, Intergros, Matelec, Maxi CK'DO, Maxigros, Sogame Equip, Super CK'DO, Supergros). `/wp-json/` has no `wc/` route — **not WooCommerce** despite the workbook's platform tag. Checked 4 brand ""enseigne"" sub-pages directly: every external link on every one is Facebook/Instagram/LinkedIn, zero shop/cart/product content anywhere."
WILLIAM,(GU),,FNB_MIXED,LAST_TRY_FAILED,mnfmarket.com,,nan,SKIP / DEAD-SITE,"RE-PROBE WORTH IT: recorded before 2026-08-17, when a bare-curl 403 was still read as a block. CDNs fingerprint the TLS handshake, not the User-Agent, so try curl_cffi impersonate before skipping. Shopify store suspended (HTTP 402 payment required) — `HTTP/2 402`, `shopify-complexity-score` headers present, `cf-cache-status: DYNAMIC`. Business appears active on Instagram/Facebook (pre-order pickup Mon/Fri) but the Shopify storefront itself is billing-suspended."
WILLIAM,(KM),,FNB_MIXED,LAST_TRY_FAILED,comoresmarket.com,,nan,SKIP / DEAD-SITE,"Unreachable / no online storefront exists (dead candidate, not a WAF) — `curl_cffi impersonate=chrome124` fails with `TLSV1_ALERT_INTERNAL_ERROR` (server-side TLS misconfiguration, not a WAF); same failure on chrome120/chrome99/safari17_0. Plain HTTP on the bare domain 404s. Business may still be real (active Facebook page) but has no working website."
WILLIAM,(LS),,FNB_MIXED,LAST_TRY_FAILED,pnp.co.ls,,nan,SKIP / NO-PRICES-ONLINE,"No products on the site (corporate marketing portal) — dead DNS (`curl: (6) Could not resolve host`) on both apex and www, from `curl_cffi impersonate=chrome124` (not a bare-curl false negative — this is NXDOMAIN, no TLS handshake ever starts). Not a redirect to the SA parent — the domain simply does not resolve."
WILLIAM,(MU),,FNB_MIXED,LAST_TRY_FAILED,ceb.mu,,nan,PARTIAL / PARSE-FAILED,"Image-only tariff/price sources (PDF or CMS article with no machine-readable price text) — the PDF embeds a non-standard font with no usable ToUnicode CMap: both `pdfplumber` and `pdftotext -layout` return CID/private-use-area garbage instead of real text on every page. `pdftoppm`-rendered page images ARE legible on visual inspection (confirms the notice text and that rates rise up to 15% from 1 May 2026, same band structure, no restructuring) but OCR of the actual Appendix rate tables was out of scope for this pass. The fetcher ships the older, cleanly-extractable `CEBTARIFFS.pdf` (effective Feb 2024) instead — see `ceb_electricity_tariff.py`."
WILLIAM,(NZ),,FNB_MIXED,LAST_TRY_FAILED,chemistwarehouse.co.nz,,nan,SKIP / RATE-LIMITED,Akamai tenant rate-limit / bot manager — Foodstuffs/Akamai stack. One bypass effort would unlock all four.
WILLIAM,(VN),,FNB_MIXED,LAST_TRY_FAILED,aeoneshop.com,,nan,SKIP / WAF/BOT-BLOCK,"RE-PROBE WORTH IT: recorded before 2026-08-17, when a bare-curl 403 was still read as a block. CDNs fingerprint the TLS handshake, not the User-Agent, so try curl_cffi impersonate before skipping. DataDome bot-protection (HTTP 403, `x-datadome` header) — HTTP 403 `server: DataDome` on curl (root and product-search paths). Playwright confirms the same wall one layer deeper: page loads a `geo.captcha-delivery.com` interactive-challenge stub (`dd={'rt':'c', ...'host':'geo.captcha-delivery.com'...}`), not just a flat 403. Second AEON property on this file now flagged DataDome (see myaeon2go.com, MY) — worth treating AEON's e-commerce vendor stack as a DataDome tenant going forward, though each is a separate storefront/country deployment, not one shared domain."
WILLIAM,american_samoa,4.0,UNKNOWN,LAST_TRY_FAILED,builtwith_american_samoa_e_commerce_technology_distribution,https://trends.builtwith.com/shop/online-store-builder/country/American-Samoa,trends.builtwith.com,SKIP / CHILD-TASK-BLOCKED,Will's 2026-09-11 handover classified this blocked or not viable. Not re-probed here.
WILLIAM,central_african_republic,10.0,UNKNOWN,PENDING,Bangui Mall,https://www.banguimall.net/,banguimall.net,P1 - build now / SUSPECT,"Candidate found in the 2026-08-31 sourcing round, never built. build_tier=not scored; scrapability=nan; class=Custom"
WILLIAM,central_african_republic,10.0,UNKNOWN,PENDING,Supermarche Prima,https://warani.cf/,warani.cf,P1 - build now / SUSPECT,"Candidate found in the 2026-08-31 sourcing round, never built. build_tier=not scored; scrapability=nan; class=Custom"
WILLIAM,palau,17.0,UNKNOWN,LAST_TRY_FAILED,gunbroker_palau_exclusion_false_positive,https://www.gunbroker.com/item/1099653492,gunbroker.com,SKIP / CHILD-TASK-BLOCKED,Will's 2026-09-11 handover classified this blocked or not viable. Not re-probed here.
WILLIAM,angola,38.0,UNKNOWN,PENDING,Mamboo,https://site.mamboo.co.ao/,site.mamboo.co.ao,P2 - queue / SUSPECT,"Candidate found in the 2026-08-31 sourcing round, never built. build_tier=not scored; scrapability=nan; class=Custom"
WILLIAM,gabon,48.0,UNKNOWN,PENDING,Ceca Gadis,https://cecagadis.ga/,cecagadis.ga,P2 - queue / SUSPECT,"Candidate found in the 2026-08-31 sourcing round, never built. build_tier=not scored; scrapability=nan; class=WordPress/WooCommerce"
WILLIAM,georgia,71.0,UNKNOWN,PENDING,Fresco,https://fresco.ge/,fresco.ge,P2 - queue / SUSPECT,"Candidate found in the 2026-08-31 sourcing round, never built. build_tier=not scored; scrapability=nan; class=Custom"
WILLIAM,congo_dem_rep,99.0,UNKNOWN,PENDING,Kin Marche,https://kinmarche.com/,kinmarche.com,P2 - queue / ACCEPT,"Candidate found in the 2026-08-31 sourcing round, never built. build_tier=not scored; scrapability=nan; class=Custom"
WILLIAM,congo_dem_rep,99.0,UNKNOWN,PENDING,Peloustore,https://peloustore.cd/,peloustore.cd,P2 - queue / SUSPECT,"Candidate found in the 2026-08-31 sourcing round, never built. build_tier=not scored; scrapability=nan; class=WordPress/WooCommerce"
WILLIAM,poland,112.0,UNKNOWN,PENDING,Kaufland Poland,https://www.kaufland.pl/,kaufland.pl,P3 - backlog / SUSPECT,"Candidate found in the 2026-08-31 sourcing round, never built. build_tier=D - hard / app / index only; scrapability=2.0; class=Custom/Enterprise"
WILLIAM,bulgaria,125.0,UNKNOWN,PENDING,Billa Bulgaria,https://www.billa.bg/,billa.bg,P3 - backlog / SUSPECT,"Candidate found in the 2026-08-31 sourcing round, never built. build_tier=D - hard / app / index only; scrapability=2.0; class=Custom/Enterprise"
WILLIAM,bulgaria,125.0,UNKNOWN,PENDING,Kaufland BG via Glovo,https://www.kaufland.bg/,kaufland.bg,P2 - queue / ACCEPT,"Candidate found in the 2026-08-31 sourcing round, never built. build_tier=C - engineering required; scrapability=3.0; class=Custom"
WILLIAM,greece,134.0,UNKNOWN,PENDING,Chalkiadakis,https://www.chalkiadakis.gr/,chalkiadakis.gr,P2 - queue / ACCEPT,"Candidate found in the 2026-08-31 sourcing round, never built. build_tier=C - engineering required; scrapability=3.0; class=Custom"
WILLIAM,greece,134.0,UNKNOWN,PENDING,Galaxias,https://www.galaxias.gr/,galaxias.gr,P2 - queue / SUSPECT,"Candidate found in the 2026-08-31 sourcing round, never built. build_tier=C - engineering required; scrapability=3.0; class=Custom"
WILLIAM,czech_republic,136.0,UNKNOWN,LAST_TRY_FAILED,www.kaufland.cz,,nan,SKIP / WAF/BOT-BLOCK,"Cloudflare strict (curl + Playwright both 403) — HTTP 403 on `curl_cffi` `chrome124`, `chrome120`, AND `safari17_0` (all six domain x profile combos), AND 403 on headless Playwright for kaufland.cz (11,640-byte challenge body after `domcontentloaded`, no hydration to catch) -- genuine block per the mandatory gate, not a TLS-fingerprint false positive."
WILLIAM,czech_republic,136.0,UNKNOWN,PENDING,Tesco CZ,https://nakup.itesco.cz/,nakup.itesco.cz,P3 - backlog / SUSPECT,"Candidate found in the 2026-08-31 sourcing round, never built. build_tier=D - hard / app / index only; scrapability=2.0; class=Custom/Enterprise"
WILLIAM,slovak_republic,137.0,UNKNOWN,PENDING,Rohlik.sk,https://www.rohlik.sk/,rohlik.sk,P1 - build now / ACCEPT,"Candidate found in the 2026-08-31 sourcing round, never built. build_tier=B - moderate effort; scrapability=4.0; class=Custom (Rohlik stack)"
WILLIAM,estonia,152.0,UNKNOWN,PENDING,Coop Estonia,https://ecoop.ee/,ecoop.ee,P2 - queue / ACCEPT,"Candidate found in the 2026-08-31 sourcing round, never built. build_tier=C - engineering required; scrapability=3.0; class=Custom"
WILLIAM,united_kingdom,166.0,UNKNOWN,PENDING,Iceland,https://www.iceland.co.uk/,iceland.co.uk,P3 - backlog / SUSPECT,"Candidate found in the 2026-08-31 sourcing round, never built. build_tier=D - hard / app / index only; scrapability=2.0; class=Custom/Enterprise"
WILLIAM,united_kingdom,166.0,UNKNOWN,PENDING,Ocado,https://www.ocado.com/,ocado.com,P3 - backlog / SUSPECT,"Candidate found in the 2026-08-31 sourcing round, never built. build_tier=D - hard / app / index only; scrapability=2.0; class=Custom/Enterprise"
WILLIAM,ukraine,175.0,UNKNOWN,LAST_TRY_FAILED,comfy.ua,,nan,SKIP / WAF/BOT-BLOCK,"Imperva Incapsula (212-byte JS-challenge stub) — `_Incapsula_Resource` script stub (~1KB body, HTTP 200 with `<META NAME=""ROBOTS"" CONTENT=""NOINDEX, NOFOLLOW"">` + an iframe to `/_Incapsula_Resource?SWUDNSAI=...`)."
WILLIAM,spain,186.0,UNKNOWN,PENDING,Sezamo.es,https://www.sezamo.es/,sezamo.es,P1 - build now / ACCEPT,"Candidate found in the 2026-08-31 sourcing round, never built. build_tier=B - moderate effort; scrapability=4.0; class=Custom (Rohlik stack)"
WILLIAM,kenya,204.0,UNKNOWN,PENDING,Cleanshelf,https://cleanshelf.co.ke/,cleanshelf.co.ke,P2 - queue / ACCEPT,"Candidate found in the 2026-08-31 sourcing round, never built. build_tier=C - engineering required; scrapability=3.0; class=Custom"
WILLIAM,kenya,204.0,UNKNOWN,PENDING,Eastmatt,https://eastmatt.co.ke/,eastmatt.co.ke,P2 - queue / SUSPECT,"Candidate found in the 2026-08-31 sourcing round, never built. build_tier=C - engineering required; scrapability=3.0; class=Custom"
WILLIAM,kenya,204.0,UNKNOWN,PENDING,Khetias,https://khetias.com/,khetias.com,P2 - queue / SUSPECT,"Candidate found in the 2026-08-31 sourcing round, never built. build_tier=C - engineering required; scrapability=3.0; class=Custom"
WILLIAM,kenya,204.0,UNKNOWN,PENDING,Uber Eats Kenya,https://www.ubereats.com/ke,ubereats.com,P3 - backlog / SUSPECT,"Candidate found in the 2026-08-31 sourcing round, never built. build_tier=D - hard / app / index only; scrapability=2.0; class=Custom/Enterprise"
WILLIAM,(AU),,UNKNOWN,LAST_TRY_FAILED,bigw.com.au,,nan,SKIP / WAF/BOT-BLOCK,"RE-PROBE WORTH IT: recorded before 2026-08-17, when a bare-curl 403 was still read as a block. CDNs fingerprint the TLS handshake, not the User-Agent, so try curl_cffi impersonate before skipping. CDN connection-reset at TCP layer (`ERR_CONNECTION_RESET`) — `curl` exits `000` (0 bytes, connection-level drop) on both plain and `-L` requests. Same Akamai/Woolworths-adjacent posture noted elsewhere in this file for the group."
WILLIAM,(BF),,UNKNOWN,LAST_TRY_FAILED,www.jumia.bf,,nan,SKIP / WAF/BOT-BLOCK,"Cloudflare interactive challenge (`cf-mitigated: challenge`) — same signature as jumia.ma/jumia.com.gh/jumia.com.ng above: HTTP 403, `<title>Just a moment...</title>`, fails `curl_cffi` across `chrome124`/`chrome120`/`safari17_0`. Confirms the shared-Cloudflare-tenant hypothesis across at least four African Jumia storefronts now."
WILLIAM,(DZ),,UNKNOWN,LAST_TRY_FAILED,jumia.dz,,nan,RETRY / WAF/BOT-BLOCK,"Cloudflare strict (curl + Playwright both 403) — same shared-tenant Cloudflare signature as jumia.ma/jumia.bf/jumia.sl above: HTTP 403 on curl_cffi realistic UA. Not re-probed with the full 3-profile + Playwright gate this pass (Algeria's Jumia footprint is real per Jumia's own African coverage list, but this is now the fourth Jumia storefront to show the identical wall)."
WILLIAM,(GH),,UNKNOWN,LAST_TRY_FAILED,www.jumia.com.gh,,nan,SKIP / WAF/BOT-BLOCK,"Cloudflare interactive challenge (`cf-mitigated: challenge`) — HTTP 403, `<title>Just a moment...</title>` interstitial on `curl_cffi` across `chrome124`/`chrome120`/`safari17_0` AND headless Playwright (25s nav timeout, 3s wait — page never clears past the challenge). Confirmed 2026-09-01. No existing `jumia_*` spider in this repo to compare against; likely shared Cloudflare-tenant infra across other African Jumia storefronts (jumia.com.ng, jumia.co.ke, etc.) — worth a single cross-country probe rather than re-testing per country."
WILLIAM,(HK/MO),,UNKNOWN,LAST_TRY_FAILED,watsons.com.hk,,nan,SKIP / RATE-LIMITED,"RE-PROBE WORTH IT: recorded before 2026-08-17, when a bare-curl 403 was still read as a block. CDNs fingerprint the TLS handshake, not the User-Agent, so try curl_cffi impersonate before skipping. Akamai tenant rate-limit / bot manager — HTTP 403 from non-HK/MO IP on the Macao Click & Collect catalogue; same AS-Watson Akamai tenant profile as watsons.com.tw."
WILLIAM,(ID),,UNKNOWN,LAST_TRY_FAILED,alfagift.id,,nan,PARTIAL / PARSE-FAILED,API requires dynamic security key / JWT — `webcommerce-gw.alfagift.id/v2/products/category/{id}` — 401 without auth token; init flow not investigated.
WILLIAM,(KW),,UNKNOWN,LAST_TRY_FAILED,sultan-center.com,,nan,SKIP / JS-REQUIRED,"RE-PROBE WORTH IT: recorded before 2026-08-17, when a bare-curl 403 was still read as a block. CDNs fingerprint the TLS handshake, not the User-Agent, so try curl_cffi impersonate before skipping. SPA shell — no productive endpoint (lazy-load never hydrates) — SPA shell (`<div id=""app""></div>`) on what looks like a Bagisto (Laravel+Vue) storefront (`""Sultan Theme""`, `/vendor/sultan/ui/` asset paths) — no `_bagisto_base.py` exists in this repo. No API endpoint recovered from static asset grep; needs a network trace."
WILLIAM,(LK),,UNKNOWN,LAST_TRY_FAILED,cargillsonline.com,,nan,SKIP / JS-REQUIRED,"SPA shell — no productive endpoint (lazy-load never hydrates) — Angular SPA. After 12s wait + scroll, dump contains `{{...}}` placeholder syntax (Angular templates) for product details and only category-level `/Product/<cat>` links — `/ProductDetails/<sku>` URLs never hydrate."
WILLIAM,(MA),,UNKNOWN,LAST_TRY_FAILED,atacadao.ma,,nan,RETRY / WAF/BOT-BLOCK,"Cloudflare strict (curl + Playwright both 403) — `<title>Attention Required! | Cloudflare</title>` 403 on all three curl_cffi profiles (chrome124/chrome120/safari17_0) AND on headless Playwright (403, same Cloudflare title). Genuine block per the mandatory gate — the wave-7 pass had only tried one profile; this re-probe closes it out as a confirmed dead end, not a TLS false negative."
WILLIAM,(NC),,UNKNOWN,LAST_TRY_FAILED,api.bonplancaillou.nc,,nan,PARTIAL / PARSE-FAILED,"API requires dynamic security key / JWT — `/api/v1/inflation/dashboard` — 401 `""Token invalide ou expiré""` on bare curl; client JS only attaches `Authorization: Bearer` when a `bonplan_token` exists in `localStorage` (i.e. logged-in users). The public `/inflation` page itself is server-rendered (Next.js, `x-nextjs-cache`, `s-maxage=300`) via a private server-side key, so the aggregate numbers are visible without login, but the raw API is not. Also: as of 2026-08 the site has only one month of data (2026-02) and explicitly shows ""Pas encore assez de relevés pour calculer une évolution"" — too thin to ship regardless of the auth wall (Phase 6 gate: 1 aggregate row, no per-product/per-store breakdown without login)."
WILLIAM,(NG),,UNKNOWN,LAST_TRY_FAILED,www.gloworld.com,,nan,SKIP / WAF/BOT-BLOCK,"Cloudflare interactive challenge (`cf-mitigated: challenge`) — identical signature: HTTP 403, `Just a moment...`, `cf-mitigated: challenge`, fails all 3 `curl_cffi` profiles."
WILLIAM,(SS),,UNKNOWN,LAST_TRY_FAILED,jubamall.com,,nan,SKIP / DEAD-SITE,"Unreachable / no online storefront exists (dead candidate, not a WAF) — TLS fails with ""no alternative certificate subject name matches target hostname"" on every impersonation profile — a cert/hostname mismatch, not a WAF (same class as the ""SSL certificate mismatch"" section above). No usable web catalog found; app-only."
WILLIAM,(TD),,UNKNOWN,LAST_TRY_FAILED,ndjamenamall.com,,nan,SKIP / DEAD-SITE,"Unreachable / no online storefront exists (dead candidate, not a WAF) — resolves 200 but is a bare LWS (French hosting provider) domain-registration confirmation/placeholder page — zero site content has ever been built out."
WILLIAM,(TH),,UNKNOWN,LAST_TRY_FAILED,bigc.co.th,,nan,SKIP / WAF/BOT-BLOCK,Cloudflare strict (curl + Playwright both 403) — Cloudflare 403 on curl AND Playwright; appear to share a protection profile.
WILLIAM,(ZA),,UNKNOWN,LAST_TRY_FAILED,checkers.co.za,,nan,SKIP / WAF/BOT-BLOCK,"AWS WAF (`awswaf.com` challenge token) — Next.js SSR itself fails server-side (`""serverError"":true,""loading"":true` in `__NEXT_DATA__`) and the page loads `https://<tenant>.captcha-sdk.awswaf.com/<tenant>/jsapi.js` — genuine AWS WAF CAPTCHA challenge, not a TLS-fingerprint false positive (curl_cffi impersonate=chrome124 reaches the page fine at the HTTP layer; the block is server-side/CAPTCHA, not JA3). No amount of TLS impersonation clears a real CAPTCHA gate."
WILLIAM,sao_tome_and_principe,,UNKNOWN,PENDING,Entrega.st,https://www.entrega.st/,entrega.st,P1 - build now / ACCEPT,"Candidate found in the 2026-08-31 sourcing round, never built. build_tier=not scored; scrapability=nan; class=Custom"
WILLIAM,sao_tome_and_principe,,UNKNOWN,PENDING,Sokeru,https://sokeru.st/,sokeru.st,P1 - build now / ACCEPT,"Candidate found in the 2026-08-31 sourcing round, never built. build_tier=not scored; scrapability=nan; class=Custom"
