country,status,source,url,host,fnb_class,fnb_hits,out_hits,worth_doing,leaves_filled,detail,why
gibraltar,PENDING,aquagib_gi,https://www.aquagib.gi/customer-service/tariffs-charges/,aquagib.gi,FNB_LIKELY,2,1,True,1.0,P2 - queue / NEEDS-CUSTOM-CRAWLER,"Will's 2026-09-11 handover found price evidence but no standard platform API, so it needs a bespoke spider. Never built or live-tested."
gibraltar,PENDING,buytickets_gi,https://www.buytickets.gi/es/atracciones,buytickets.gi,FNB_LIKELY,2,0,True,1.0,P2 - queue / NEEDS-CUSTOM-CRAWLER,"Will's 2026-09-11 handover found price evidence but no standard platform API, so it needs a bespoke spider. Never built or live-tested."
gibraltar,PENDING,floweradvisor_com_gibraltar,https://www.floweradvisor.com/gibraltar/flowers/same_day,floweradvisor.com,FNB_LIKELY,2,1,True,1.0,P2 - queue / NEEDS-CUSTOM-CRAWLER,"Will's 2026-09-11 handover found price evidence but no standard platform API, so it needs a bespoke spider. Never built or live-tested."
gibraltar,PENDING,flowers4gibraltar_com,https://www.flowers4gibraltar.com/,flowers4gibraltar.com,FNB_LIKELY,2,1,True,1.0,P2 - queue / NEEDS-CUSTOM-CRAWLER,"Will's 2026-09-11 handover found price evidence but no standard platform API, so it needs a bespoke spider. Never built or live-tested."
gibraltar,PENDING,gibfibre_com,https://gibfibre.com/packages/,gibfibre.com,FNB_LIKELY,1,0,True,1.0,P2 - queue / NEEDS-CUSTOM-CRAWLER,"Will's 2026-09-11 handover found price evidence but no standard platform API, so it needs a bespoke spider. Never built or live-tested."
gibraltar,PENDING,gibmuseum_gi_government_museum_page,https://www.gibraltar.gov.gi/heritage/gibraltar-museum,gibraltar.gov.gi,FNB_LIKELY,1,0,True,1.0,P2 - queue / NEEDS-CUSTOM-CRAWLER,"Will's 2026-09-11 handover found price evidence but no standard platform API, so it needs a bespoke spider. Never built or live-tested."
gibraltar,PENDING,gibraltar_cyber_florist_com,https://gibraltar.cyber-florist.com/,gibraltar.cyber-florist.com,FNB_LIKELY,3,1,True,1.0,P2 - queue / NEEDS-CUSTOM-CRAWLER,"Will's 2026-09-11 handover found price evidence but no standard platform API, so it needs a bespoke spider. Never built or live-tested."
gibraltar,PENDING,gibraltarpass_com,https://shop.gibraltarpass.com/index.php?lang=EN,shop.gibraltarpass.com,FNB_LIKELY,1,0,True,1.0,P2 - queue / NEEDS-CUSTOM-CRAWLER,"Will's 2026-09-11 handover found price evidence but no standard platform API, so it needs a bespoke spider. Never built or live-tested."
gibraltar,PENDING,leisurecinemas_com_visit_gibraltar,https://www.visitgibraltar.gi/see-and-do/leisure-cinemas,visitgibraltar.gi,FNB_LIKELY,1,0,True,1.0,P2 - queue / NEEDS-CUSTOM-CRAWLER,"Will's 2026-09-11 handover found price evidence but no standard platform API, so it needs a bespoke spider. Never built or live-tested."
gibraltar,PENDING,rockhero_gi_4_stagioni,https://www.rockhero.gi/store/4_stagioni_gibraltar,rockhero.gi,FNB_LIKELY,7,2,True,1.0,P2 - queue / NEEDS-CUSTOM-CRAWLER,"Will's 2026-09-11 handover found price evidence but no standard platform API, so it needs a bespoke spider. Never built or live-tested."
gibraltar,PENDING,rockvapour_com,https://rockvapour.com/,rockvapour.com,FNB_LIKELY,3,0,True,1.0,P2 - queue / NEEDS-CUSTOM-CRAWLER,"Will's 2026-09-11 handover found price evidence but no standard platform API, so it needs a bespoke spider. Never built or live-tested."
gibraltar,PENDING,stagecoach_gi,https://www.stagecoach.gi/weekly-classes,stagecoach.gi,FNB_LIKELY,1,0,True,1.0,P2 - queue / NEEDS-CUSTOM-CRAWLER,"Will's 2026-09-11 handover found price evidence but no standard platform API, so it needs a bespoke spider. Never built or live-tested."
gibraltar,PENDING,thequeens_gi_cinema,https://www.thequeens.gi/cinema,thequeens.gi,FNB_LIKELY,1,0,True,1.0,P2 - queue / NEEDS-CUSTOM-CRAWLER,"Will's 2026-09-11 handover found price evidence but no standard platform API, so it needs a bespoke spider. Never built or live-tested."
gibraltar,LAST_TRY_FAILED,greentreesupermarket.com,,nan,FNB_LIKELY,5,0,False,1.0,SKIP / NO-PRICES-ONLINE,"No products on the site (corporate marketing portal) — (SD-adjacent, ""سوبر ماركت الأشجار الخضراء"") — tagline ""تسوق المنتجات المصرية والسودانية أونلاين"" (""shop Egyptian and Sudanese products online"") — explicitly an ethnic-foods diaspora grocer, same reject pattern as sudansoug.com/alafnanfoods.com. Not deep-probed beyond the locality/tagline check (homepage rendered almost no body text on a plain curl_cffi fetch, consistent with a JS-heavy storefront, but moot given locality)."
gibraltar,LAST_TRY_FAILED,order.ramsons.gi,,nan,FNB_LIKELY,6,1,False,1.0,RETRY / NO-PRICES-ONLINE,"App-only / no scrapeable web catalogue — the ordering subdomain returns HTTP 200 with the title ""Ramsons Supermarket - Web Ordering Coming Soon"" and no catalogue; the only functional links are the iOS App Store and Google Play listings for ""Ramsons Delivery"". The apex `www.ramsons.gi` is a 13KB Bootstrap brochure page. **Flagged as ANNOUNCED, not absent** — ""coming soon"" means this is worth re-checking in a future wave, unlike a permanent app-only retailer. Gibraltar coverage currently comes from `sosisvege_gi` instead."
gibraltar,LAST_TRY_FAILED,www.eroski.gi,,nan,FNB_LIKELY,4,1,False,1.0,SKIP / WAF/BOT-BLOCK,"Google reCAPTCHA Enterprise ""Checking your browser"" interstitial (HTTP 200, never resolves headlessly) — `<title>Checking your browser - reCAPTCHA</title>` on `curl_cffi` `chrome124`, `chrome120`, AND `chrome99` (20-20.4KB body, identical across all three), and unchanged after a full headless Playwright render with an 8s wait (still the same title, 25,655-byte body). Server header is `ESF` (not a named CDN vendor string seen elsewhere in this file). Gibraltar's only other retail lead, `hungrymonkey.gi` (`order.hungrymonkey.gi`, a Preoday-platform ordering app), is a restaurant-food delivery aggregator, not a grocery retailer — does not qualify as a channel substitute."
gibraltar,PENDING,gibraltar_no9gibraltar,https://www.no9gibraltar.com/,no9gibraltar.com,FNB_LIKELY,3,1,False,1.0,P2 - queue / NEEDS-CUSTOM-CRAWLER,Downloaded CSV batch on 2026-09-12; normalized site was not present in the base workbook | scraping ease: Easy | add as a new scrape target and crawler-creation candidate
gibraltar,PENDING,gibraltar_ramsons_gi,https://www.ramsons.gi/,ramsons.gi,FNB_LIKELY,3,1,False,1.0,P2 - queue / NEEDS-CUSTOM-CRAWLER,Downloaded CSV batch on 2026-09-12; normalized site was not present in the base workbook | scraping ease: Moderate | add as a new scrape target and crawler-creation candidate
guinea_bissau,PENDING,amatlgb_gw,https://www.amatlgb.com/produtos,amatlgb.com,FNB_LIKELY,3,2,True,1.0,P3 - queue / NEEDS-REVIEW,"Will's 2026-09-11 handover flagged this ambiguous (country, currency or price-surface unclear). Needs manual review before any scaffolding."
guinea_bissau,PENDING,cashew_base_price_news_gw,https://radiobantaba.com/governo-aumenta-preco-base-da-castanha-de-caju-para-410-francos-cfa-por-quilograma/,radiobantaba.com,FNB_LIKELY,4,0,True,1.0,P3 - queue / NEEDS-REVIEW,"Will's 2026-09-11 handover flagged this ambiguous (country, currency or price-surface unclear). Needs manual review before any scaffolding."
guinea_bissau,PENDING,conosaba_bandim_food_news,https://conosaba.blogspot.com/2023/12/festa-de-natal-utentes-queixam-se-de.html,conosaba.blogspot.com,FNB_LIKELY,4,0,True,1.0,P3 - queue / NEEDS-REVIEW,"Will's 2026-09-11 handover flagged this ambiguous (country, currency or price-surface unclear). Needs manual review before any scaffolding."
guinea_bissau,PENDING,jornalnopintcha_food_cement_prices_2022,https://jornalnopintcha.gw/2022/11/11/governo-garante-colmatar-a-situacao-de-escassez-de-produtos/,jornalnopintcha.gw,FNB_LIKELY,3,1,True,1.0,P3 - queue / NEEDS-REVIEW,"Will's 2026-09-11 handover flagged this ambiguous (country, currency or price-surface unclear). Needs manual review before any scaffolding."
guinea_bissau,PENDING,odemocratagb_cashew_2023,https://www.odemocratagb.com/?p=43780,odemocratagb.com,FNB_LIKELY,2,0,True,1.0,P3 - queue / NEEDS-REVIEW,"Will's 2026-09-11 handover flagged this ambiguous (country, currency or price-surface unclear). Needs manual review before any scaffolding."
guinea_bissau,PENDING,stampera_guinea_bissau_stamps,https://stampera.eu/products/GB240117b1,stampera.eu,FNB_LIKELY,2,1,True,1.0,P3 - queue / NEEDS-REVIEW,"Will's 2026-09-11 handover flagged this ambiguous (country, currency or price-surface unclear). Needs manual review before any scaffolding."
guinea_bissau,LAST_TRY_FAILED,academusfdb_old_canteen_accounts,https://academusfdb.blogspot.com/,academusfdb.blogspot.com,FNB_LIKELY,6,1,False,1.0,SKIP / CHILD-TASK-BLOCKED,Will's 2026-09-11 handover classified this blocked or not viable. Not re-probed here.
guinea_bissau,LAST_TRY_FAILED,bissau7ven_gw,https://bissau7ven.com/,bissau7ven.com,FNB_LIKELY,3,2,False,1.0,SKIP / CHILD-TASK-BLOCKED,Will's 2026-09-11 handover classified this blocked or not viable. Not re-probed here.
guinea_bissau,LAST_TRY_FAILED,cexfinder_gw_crypto_fees,https://cexfinder.com/country/guinea-bissau/,cexfinder.com,FNB_LIKELY,1,0,False,1.0,SKIP / CHILD-TASK-BLOCKED,Will's 2026-09-11 handover classified this blocked or not viable. Not re-probed here.
guinea_bissau,LAST_TRY_FAILED,mercado_gratis_gw,https://mercado.gratis/pt,mercado.gratis,FNB_LIKELY,4,3,False,1.0,SKIP / CHILD-TASK-BLOCKED,Will's 2026-09-11 handover classified this blocked or not viable. Not re-probed here.
guinea_bissau,LAST_TRY_FAILED,nyumbakweli_test_product,https://nyumbakweli.com/en/product/test-product/,nyumbakweli.com,FNB_LIKELY,1,0,False,1.0,SKIP / CHILD-TASK-BLOCKED,Will's 2026-09-11 handover classified this blocked or not viable. Not re-probed here.
guinea_bissau,LAST_TRY_FAILED,sentur_gw_erp_marketing,https://sentur.net/GW,sentur.net,FNB_LIKELY,2,1,False,1.0,SKIP / CHILD-TASK-BLOCKED,Will's 2026-09-11 handover classified this blocked or not viable. Not re-probed here.
guinea_bissau,LAST_TRY_FAILED,sunuachat_senegal_not_gw,https://www.sunuachat.com/pt/,sunuachat.com,FNB_LIKELY,6,1,False,1.0,SKIP / CHILD-TASK-BLOCKED,Will's 2026-09-11 handover classified this blocked or not viable. Not re-probed here.
guinea_bissau,PENDING,guinea_bissau_compraexpress_app,https://compraexpress.app/,compraexpress.app,FNB_LIKELY,3,1,False,1.0,P2 - queue / NEEDS-CUSTOM-CRAWLER,Downloaded CSV batch on 2026-09-12; normalized site was not present in the base workbook | scraping ease: Moderate | add as a new scrape target and crawler-creation candidate
syria,LAST_TRY_FAILED,souristore,https://souristore.com/shop/,souristore.com,FNB_LIKELY,4,2,False,1.0,SKIP / JSONDecodeError,Generated as a crawler-ready manifest by Will's 2026-09-11 handover but it fails the enumerability gate on live probe (JSONDecodeError). Not merged into configs: a manifest that cannot enumerate returns zero rows forever.
syria,LAST_TRY_FAILED,byestore_sooqnaa,https://byestore.sooqnaa.com/ar,byestore.sooqnaa.com,FNB_LIKELY,2,1,False,1.0,SKIP / CHILD-TASK-BLOCKED,Will's 2026-09-11 handover classified this blocked or not viable. Not re-probed here.
syria,PENDING,alsamara_net,https://www.alsamara.net/,alsamara.net,FNB_LIKELY,1,0,False,1.0,P3 - queue / NEEDS-REVIEW,"Will's 2026-09-11 handover flagged this ambiguous (country, currency or price-surface unclear). Needs manual review before any scaffolding."
syria,PENDING,bzorya,https://bzorya.com/,bzorya.com,FNB_LIKELY,3,0,False,1.0,P3 - queue / NEEDS-REVIEW,"Will's 2026-09-11 handover flagged this ambiguous (country, currency or price-surface unclear). Needs manual review before any scaffolding."
syria,PENDING,damascus_now_economy_telegram,https://telegram.me/s/damascus_now_economy?q=%23%D8%A7%D9%84%D8%AE%D8%B6%D8%A7%D8%B1,telegram.me,FNB_LIKELY,6,1,False,1.0,P3 - queue / NEEDS-REVIEW,"Will's 2026-09-11 handover flagged this ambiguous (country, currency or price-surface unclear). Needs manual review before any scaffolding."
syria,PENDING,hypernet_sy,https://hypernet.sy/%D9%84%D9%88%D8%A7%D8%A6%D8%AD-%D8%A7%D9%84%D8%A7%D8%B3%D8%B9%D8%A7%D8%B1/,hypernet.sy,FNB_LIKELY,2,0,False,1.0,P3 - queue / NEEDS-REVIEW,"Will's 2026-09-11 handover flagged this ambiguous (country, currency or price-surface unclear). Needs manual review before any scaffolding."
syria,PENDING,infini_net,https://infini-net.com/packages,infini-net.com,FNB_LIKELY,1,0,False,1.0,P3 - queue / NEEDS-REVIEW,"Will's 2026-09-11 handover flagged this ambiguous (country, currency or price-surface unclear). Needs manual review before any scaffolding."
syria,PENDING,itcpd_telegram,https://t.me/s/itcpd,t.me,FNB_LIKELY,4,0,False,1.0,P3 - queue / NEEDS-REVIEW,"Will's 2026-09-11 handover flagged this ambiguous (country, currency or price-surface unclear). Needs manual review before any scaffolding."
syria,PENDING,s_3alndha_sooqnaa,https://3alndha.sooqnaa.com/ar,3alndha.sooqnaa.com,FNB_LIKELY,3,2,False,1.0,P3 - queue / NEEDS-REVIEW,"Will's 2026-09-11 handover flagged this ambiguous (country, currency or price-surface unclear). Needs manual review before any scaffolding."
syria,PENDING,sawanhoney,https://sawanhoney.com/,sawanhoney.com,FNB_LIKELY,3,0,False,1.0,P3 - queue / NEEDS-REVIEW,"Will's 2026-09-11 handover flagged this ambiguous (country, currency or price-surface unclear). Needs manual review before any scaffolding."
syria,PENDING,skynet_sy,https://www.skynet.sy/,skynet.sy,FNB_LIKELY,1,0,False,1.0,P3 - queue / NEEDS-REVIEW,"Will's 2026-09-11 handover flagged this ambiguous (country, currency or price-surface unclear). Needs manual review before any scaffolding."
chad,PENDING,belivay_cemac_td,https://belivay.com/product/70?mock=1,belivay.com,FNB_LIKELY,2,1,True,2.0,P2 - queue / NEEDS-CUSTOM-CRAWLER,"Will's 2026-09-11 handover found price evidence but no standard platform API, so it needs a bespoke spider. Never built or live-tested."
chad,PENDING,daarishop_fr,https://daarishop.fr/,daarishop.fr,FNB_LIKELY,6,3,True,2.0,P2 - queue / NEEDS-CUSTOM-CRAWLER,"Will's 2026-09-11 handover found price evidence but no standard platform API, so it needs a bespoke spider. Never built or live-tested."
chad,PENDING,mssk_app,https://www.mssk.app/,mssk.app,FNB_LIKELY,2,1,True,2.0,P2 - queue / NEEDS-CUSTOM-CRAWLER,"Will's 2026-09-11 handover found price evidence but no standard platform API, so it needs a bespoke spider. Never built or live-tested."
chad,PENDING,rpm412_kalcal_td,https://app.rpm412.com/,app.rpm412.com,FNB_LIKELY,3,1,True,2.0,P2 - queue / NEEDS-CUSTOM-CRAWLER,"Will's 2026-09-11 handover found price evidence but no standard platform API, so it needs a bespoke spider. Never built or live-tested."
chad,PENDING,sahelpackage_td,https://sahelpackage.lovable.app/,sahelpackage.lovable.app,FNB_LIKELY,2,1,True,2.0,P2 - queue / NEEDS-CUSTOM-CRAWLER,"Will's 2026-09-11 handover found price evidence but no standard platform API, so it needs a bespoke spider. Never built or live-tested."
chad,PENDING,shamsconnect_menu_td,https://shamsconnect.com/menu,shamsconnect.com,FNB_LIKELY,6,3,True,2.0,P2 - queue / NEEDS-CUSTOM-CRAWLER,"Will's 2026-09-11 handover found price evidence but no standard platform API, so it needs a bespoke spider. Never built or live-tested."
chad,PENDING,sultana_market_td,https://sultana-market.com/marketplace,sultana-market.com,FNB_LIKELY,2,1,True,2.0,P2 - queue / NEEDS-CUSTOM-CRAWLER,"Will's 2026-09-11 handover found price evidence but no standard platform API, so it needs a bespoke spider. Never built or live-tested."
chad,PENDING,iambeezy_chad_price_blog,https://blog.iambeezy.app/fr/panier-moins-cher-ndjamena-2026/,blog.iambeezy.app,FNB_LIKELY,5,2,True,2.0,P3 - queue / NEEDS-REVIEW,"Will's 2026-09-11 handover flagged this ambiguous (country, currency or price-surface unclear). Needs manual review before any scaffolding."
chad,PENDING,perle_tchadienne_social,https://www.globuya.com/TD/N%27djamena/107648624603360/Perle-tchadienne-SARL,globuya.com,FNB_LIKELY,1,0,True,2.0,P3 - queue / NEEDS-REVIEW,"Will's 2026-09-11 handover flagged this ambiguous (country, currency or price-surface unclear). Needs manual review before any scaffolding."
chad,LAST_TRY_FAILED,achetepourmoi_eu,https://achetepourmoi.eu/,achetepourmoi.eu,FNB_LIKELY,2,1,False,2.0,SKIP / CHILD-TASK-BLOCKED,Will's 2026-09-11 handover classified this blocked or not viable. Not re-probed here.
chad,LAST_TRY_FAILED,amadafrique_chad_origin_products,https://amadafrique.com/p/poudre-de-chebe-100-original-du-tchad,amadafrique.com,FNB_LIKELY,2,0,False,2.0,SKIP / CHILD-TASK-BLOCKED,Will's 2026-09-11 handover classified this blocked or not viable. Not re-probed here.
chad,LAST_TRY_FAILED,camel_milk_ndjamena_research,https://www.researchgate.net/publication/375884113_Le_lait_comme_facteur_de_securisation_des_chameliers_en_zone_periurbaine_de_N%27Djamena_au_Tchad,researchgate.net,FNB_LIKELY,5,1,False,2.0,SKIP / CHILD-TASK-BLOCKED,Will's 2026-09-11 handover classified this blocked or not viable. Not re-probed here.
chad,LAST_TRY_FAILED,chadito_app,https://mwm.ai/fr/apps/chadito/6757854742,mwm.ai,FNB_LIKELY,1,0,False,2.0,SKIP / CHILD-TASK-BLOCKED,Will's 2026-09-11 handover classified this blocked or not viable. Not re-probed here.
chad,LAST_TRY_FAILED,ets_mistaguide_td,https://mistaguide.vercel.app/,mistaguide.vercel.app,FNB_LIKELY,2,0,False,2.0,SKIP / CHILD-TASK-BLOCKED,Will's 2026-09-11 handover classified this blocked or not viable. Not re-probed here.
chad,LAST_TRY_FAILED,jexpert_aderinet,https://www.jexpert.net/,jexpert.net,FNB_LIKELY,2,0,False,2.0,SKIP / CHILD-TASK-BLOCKED,Will's 2026-09-11 handover classified this blocked or not viable. Not re-probed here.
chad,LAST_TRY_FAILED,kasoua_net,https://kasoua.net/,kasoua.net,FNB_LIKELY,1,0,False,2.0,SKIP / CHILD-TASK-BLOCKED,Will's 2026-09-11 handover classified this blocked or not viable. Not re-probed here.
chad,LAST_TRY_FAILED,muslimahmall_chad_encens,https://muslimahmall.ci/produit/encens-tchad-en-boule-elegance-au-quotidien-323,muslimahmall.ci,FNB_LIKELY,3,1,False,2.0,SKIP / CHILD-TASK-BLOCKED,Will's 2026-09-11 handover classified this blocked or not viable. Not re-probed here.
chad,LAST_TRY_FAILED,ndjamenamall_com,,nan,FNB_LIKELY,1,0,False,2.0,SKIP / CHILD-TASK-BLOCKED,Will's 2026-09-11 handover classified this blocked or not viable. Not re-probed here.
chad,LAST_TRY_FAILED,restaurant_dardar_td,https://restaurant-dardar.com/,restaurant-dardar.com,FNB_LIKELY,7,4,False,2.0,SKIP / CHILD-TASK-BLOCKED,Will's 2026-09-11 handover classified this blocked or not viable. Not re-probed here.
chad,LAST_TRY_FAILED,world_prices_ndjamena,https://world-prices.com/fr/chad/prix/n-djamena,world-prices.com,FNB_LIKELY,1,0,False,2.0,SKIP / CHILD-TASK-BLOCKED,Will's 2026-09-11 handover classified this blocked or not viable. Not re-probed here.
liberia,PENDING,artstation_monrovia_asset,https://www.artstation.com/marketplace/p/ov69D/monrovia-liberia-20km,artstation.com,FNB_LIKELY,2,0,True,2.0,P2 - queue / NEEDS-CUSTOM-CRAWLER,"Will's 2026-09-11 handover found price evidence but no standard platform API, so it needs a bespoke spider. Never built or live-tested."
liberia,PENDING,carliberia_spareparts,https://www.carliberia.com/en/spare_parts,carliberia.com,FNB_LIKELY,3,1,True,2.0,P2 - queue / NEEDS-CUSTOM-CRAWLER,"Will's 2026-09-11 handover found price evidence but no standard platform API, so it needs a bespoke spider. Never built or live-tested."
liberia,PENDING,ekodii_liberia,https://ekodii.com/market/liberia,ekodii.com,FNB_LIKELY,5,0,True,2.0,P2 - queue / NEEDS-CUSTOM-CRAWLER,"Will's 2026-09-11 handover found price evidence but no standard platform API, so it needs a bespoke spider. Never built or live-tested."
liberia,PENDING,liberiamarketplace_old,https://liberiamarketplace.com/category/phones-and-tablets?display=list,liberiamarketplace.com,FNB_LIKELY,2,1,True,2.0,P2 - queue / NEEDS-CUSTOM-CRAWLER,"Will's 2026-09-11 handover found price evidence but no standard platform API, so it needs a bespoke spider. Never built or live-tested."
liberia,PENDING,ricebridge,https://www.ourricebridge.com/,ourricebridge.com,FNB_LIKELY,5,0,True,2.0,P2 - queue / NEEDS-CUSTOM-CRAWLER,"Will's 2026-09-11 handover found price evidence but no standard platform API, so it needs a bespoke spider. Never built or live-tested."
liberia,PENDING,three_d_export_monrovia_asset,https://3dexport.com/3d-model-monrovia-city-liberia-20km-461662,3dexport.com,FNB_LIKELY,1,0,True,2.0,P2 - queue / NEEDS-CUSTOM-CRAWLER,"Will's 2026-09-11 handover found price evidence but no standard platform API, so it needs a bespoke spider. Never built or live-tested."
liberia,PENDING,bestventure_liberia,https://bestventureliberia.com/,bestventureliberia.com,FNB_LIKELY,2,1,True,2.0,P3 - queue / NEEDS-REVIEW,"Will's 2026-09-11 handover flagged this ambiguous (country, currency or price-surface unclear). Needs manual review before any scaffolding."
liberia,PENDING,libshop_net,https://www.libshop.net/,libshop.net,FNB_LIKELY,2,0,True,2.0,P3 - queue / NEEDS-REVIEW,"Will's 2026-09-11 handover flagged this ambiguous (country, currency or price-surface unclear). Needs manual review before any scaffolding."
liberia,PENDING,makay_marketplace,https://makay-site.vercel.app/,makay-site.vercel.app,FNB_LIKELY,2,0,True,2.0,P3 - queue / NEEDS-REVIEW,"Will's 2026-09-11 handover flagged this ambiguous (country, currency or price-surface unclear). Needs manual review before any scaffolding."
eswatini,PENDING,buyeswatini_shop,https://www.buyeswatini.shop/291/Product/All,buyeswatini.shop,FNB_LIKELY,4,0,True,3.0,P2 - queue / NEEDS-CUSTOM-CRAWLER,"Will's 2026-09-11 handover found price evidence but no standard platform API, so it needs a bespoke spider. Never built or live-tested."
eswatini,PENDING,eswatini_observer_classifieds_prices,https://fliphtml5.com/xoczu/Eswatini-Observer-August-22-2026-edition/,fliphtml5.com,FNB_LIKELY,1,0,True,3.0,P2 - queue / NEEDS-CUSTOM-CRAWLER,"Will's 2026-09-11 handover found price evidence but no standard platform API, so it needs a bespoke spider. Never built or live-tested."
eswatini,PENDING,imali_smart_marketplace,https://storkvelkonnect.co.za/marketplace,storkvelkonnect.co.za,FNB_LIKELY,3,0,True,3.0,P2 - queue / NEEDS-CUSTOM-CRAWLER,"Will's 2026-09-11 handover found price evidence but no standard platform API, so it needs a bespoke spider. Never built or live-tested."
eswatini,PENDING,marketsquare_cars,https://marketsquare.co.sz/getlisted/used-cars.php,marketsquare.co.sz,FNB_LIKELY,2,1,True,3.0,P2 - queue / NEEDS-CUSTOM-CRAWLER,"Will's 2026-09-11 handover found price evidence but no standard platform API, so it needs a bespoke spider. Never built or live-tested."
eswatini,PENDING,newflagshop_eswatini_flags,https://newflagshop.com/shop/by-letter/e-g/eswatini/,newflagshop.com,FNB_LIKELY,1,0,True,3.0,P2 - queue / NEEDS-CUSTOM-CRAWLER,"Will's 2026-09-11 handover found price evidence but no standard platform API, so it needs a bespoke spider. Never built or live-tested."
eswatini,PENDING,patos_co_za,https://patos.co.za/,patos.co.za,FNB_LIKELY,2,0,True,3.0,P2 - queue / NEEDS-CUSTOM-CRAWLER,"Will's 2026-09-11 handover found price evidence but no standard platform API, so it needs a bespoke spider. Never built or live-tested."
eswatini,PENDING,shoprite_specials_eswatini,https://specials.shoprite.co.sz/deals/szlowpricesavings01sep14sep2025/,specials.shoprite.co.sz,FNB_LIKELY,2,0,True,3.0,P2 - queue / NEEDS-CUSTOM-CRAWLER,"Will's 2026-09-11 handover found price evidence but no standard platform API, so it needs a bespoke spider. Never built or live-tested."
eswatini,PENDING,timototraders,https://timototraders.co.za/,timototraders.co.za,FNB_LIKELY,2,1,True,3.0,P2 - queue / NEEDS-CUSTOM-CRAWLER,"Will's 2026-09-11 handover found price evidence but no standard platform API, so it needs a bespoke spider. Never built or live-tested."
eswatini,LAST_TRY_FAILED,hs_co_sz,https://hs.co.sz/index.php?limit=50&order=ASC&path=105_62_109&route=product%2Fcategory&sort=p.price,hs.co.sz,FNB_LIKELY,1,0,False,3.0,SKIP / EMPTY-CATALOG,Generated as a crawler-ready manifest by Will's 2026-09-11 handover but it fails the enumerability gate on live probe (EMPTY-CATALOG). Not merged into configs: a manifest that cannot enumerate returns zero rows forever.
eswatini,LAST_TRY_FAILED,agrinfosystems_gov_sz,https://www.agrinfosystems.gov.sz/index.php,agrinfosystems.gov.sz,FNB_LIKELY,1,0,False,3.0,SKIP / CHILD-TASK-BLOCKED,Will's 2026-09-11 handover classified this blocked or not viable. Not re-probed here.
eswatini,LAST_TRY_FAILED,buyeswatini_com_printing_services,https://buyeswatini.com/product/printing-all-sizes-a4-a3-a2-a1-a0-a0/,buyeswatini.com,FNB_LIKELY,1,0,False,3.0,SKIP / CHILD-TASK-BLOCKED,Will's 2026-09-11 handover classified this blocked or not viable. Not re-probed here.
eswatini,LAST_TRY_FAILED,cartsenga,https://www.cartsenga.com/,cartsenga.com,FNB_LIKELY,1,0,False,3.0,SKIP / CHILD-TASK-BLOCKED,Will's 2026-09-11 handover classified this blocked or not viable. Not re-probed here.
eswatini,LAST_TRY_FAILED,eswatiniwire,https://www.eswatiniwire.com/site/category/8/products/64/items,eswatiniwire.com,FNB_LIKELY,1,0,False,3.0,SKIP / CHILD-TASK-BLOCKED,Will's 2026-09-11 handover classified this blocked or not viable. Not re-probed here.
eswatini,LAST_TRY_FAILED,imvelo_marketplace,https://imvelomarketplace.vercel.app/,imvelomarketplace.vercel.app,FNB_LIKELY,1,0,False,3.0,SKIP / CHILD-TASK-BLOCKED,Will's 2026-09-11 handover classified this blocked or not viable. Not re-probed here.
eswatini,LAST_TRY_FAILED,nuafricacashandcarry,https://www.nuafricacashandcarry.com/item/pallets,nuafricacashandcarry.com,FNB_LIKELY,1,0,False,3.0,SKIP / CHILD-TASK-BLOCKED,Will's 2026-09-11 handover classified this blocked or not viable. Not re-probed here.
eswatini,LAST_TRY_FAILED,picknpayeswatini_online_catalog,https://picknpayeswatini.com/,picknpayeswatini.com,FNB_LIKELY,1,0,False,3.0,SKIP / CHILD-TASK-BLOCKED,Will's 2026-09-11 handover classified this blocked or not viable. Not re-probed here.
eswatini,LAST_TRY_FAILED,specsavers_eswatini,https://www.eswatini.specsavers.co.za/,eswatini.specsavers.co.za,FNB_LIKELY,1,0,False,3.0,SKIP / CHILD-TASK-BLOCKED,Will's 2026-09-11 handover classified this blocked or not viable. Not re-probed here.
eswatini,LAST_TRY_FAILED,torgaoptical_swaziland_bhunu_mall,https://torgaoptical.co.za/swaziland-91,torgaoptical.co.za,FNB_LIKELY,1,0,False,3.0,SKIP / CHILD-TASK-BLOCKED,Will's 2026-09-11 handover classified this blocked or not viable. Not re-probed here.
eswatini,PENDING,eswatini_tfolamarket,https://tfolamarket.com/products?category=groceries,tfolamarket.com,FNB_LIKELY,4,1,False,3.0,P2 - queue / NEEDS-CUSTOM-CRAWLER,Downloaded CSV batch on 2026-09-12; normalized site was not present in the base workbook | scraping ease: Moderate | add as a new scrape target and crawler-creation candidate
eswatini,PENDING,eswatini_spareswatini_sz,https://www.spareswatini.co.sz/,spareswatini.co.sz,FNB_LIKELY,4,2,False,3.0,P2 - queue / NEEDS-CUSTOM-CRAWLER,Downloaded CSV batch on 2026-09-12; normalized site was not present in the base workbook | scraping ease: Moderate | add as a new scrape target and crawler-creation candidate
american_samoa,PENDING,american_samoa_llc_filing_fees,https://llc.as.gov/american-samoa-legislation-llc/,llc.as.gov,FNB_LIKELY,1,0,True,4.0,P2 - queue / NEEDS-CUSTOM-CRAWLER,"Will's 2026-09-11 handover found price evidence but no standard platform API, so it needs a bespoke spider. Never built or live-tested."
american_samoa,PENDING,prescription_eyewear_local_storefront,,nan,FNB_LIKELY,1,0,True,4.0,P2 - queue / NEEDS-CUSTOM-CRAWLER,"Will's 2026-09-11 handover found price evidence but no standard platform API, so it needs a bespoke spider. Never built or live-tested."
american_samoa,PENDING,samoa_company_registration_fees,https://www.mcil.gov.ws/services/business-registration,mcil.gov.ws,FNB_LIKELY,1,0,True,4.0,P2 - queue / NEEDS-CUSTOM-CRAWLER,"Will's 2026-09-11 handover found price evidence but no standard platform API, so it needs a bespoke spider. Never built or live-tested."
american_samoa,PENDING,samoa_government_business_license_fees,https://mygov.gov.ws/service/business-license/,mygov.gov.ws,FNB_LIKELY,1,0,True,4.0,P2 - queue / NEEDS-CUSTOM-CRAWLER,"Will's 2026-09-11 handover found price evidence but no standard platform API, so it needs a bespoke spider. Never built or live-tested."
american_samoa,PENDING,samoa_post_letter_boxes,https://www.samoapost.ws/index.php/postal-services-guide/letter-boxes,samoapost.ws,FNB_LIKELY,1,0,True,4.0,P2 - queue / NEEDS-CUSTOM-CRAWLER,"Will's 2026-09-11 handover found price evidence but no standard platform API, so it needs a bespoke spider. Never built or live-tested."
american_samoa,PENDING,usps_postal_explorer_american_samoa_domestic_mail_reference,https://pe.usps.com/text/Imm/immctry.htm,pe.usps.com,FNB_LIKELY,1,0,True,4.0,P2 - queue / NEEDS-CUSTOM-CRAWLER,"Will's 2026-09-11 handover found price evidence but no standard platform API, so it needs a bespoke spider. Never built or live-tested."
american_samoa,LAST_TRY_FAILED,america_s_national_parks_online_store_american_samoa_items,https://shop.americasnationalparks.org/products/american-samoa-trailblazer-patch,shop.americasnationalparks.org,FNB_LIKELY,2,0,False,4.0,SKIP / CHILD-TASK-BLOCKED,Will's 2026-09-11 handover classified this blocked or not viable. Not re-probed here.
american_samoa,LAST_TRY_FAILED,anl_pacific_islands_baf_october_2026_news_summary,https://www.indexbox.io/blog/anl-announces-baf-revisions-for-pacific-islands-routes-from-october-2026/,indexbox.io,FNB_LIKELY,1,0,False,4.0,SKIP / CHILD-TASK-BLOCKED,Will's 2026-09-11 handover classified this blocked or not viable. Not re-probed here.
american_samoa,LAST_TRY_FAILED,hikersbay_pago_pago_prices,https://hikersbay.com/prices/americansamoa/pagopago?lang=en,hikersbay.com,FNB_LIKELY,9,5,False,4.0,SKIP / CHILD-TASK-BLOCKED,Will's 2026-09-11 handover classified this blocked or not viable. Not re-probed here.
american_samoa,LAST_TRY_FAILED,national_park_of_american_samoa_fees,https://home.nps.gov/npsa/planyourvisit/basicinfo.htm,home.nps.gov,FNB_LIKELY,1,0,False,4.0,SKIP / CHILD-TASK-BLOCKED,Will's 2026-09-11 handover classified this blocked or not viable. Not re-probed here.
american_samoa,LAST_TRY_FAILED,numbeo_american_samoa_food_prices,https://www.numbeo.com/food-prices/country_result.jsp?country=American+Samoa,numbeo.com,FNB_LIKELY,3,1,False,4.0,SKIP / CHILD-TASK-BLOCKED,Will's 2026-09-11 handover classified this blocked or not viable. Not re-probed here.
american_samoa,LAST_TRY_FAILED,realtor_com_pago_pago_housing_rental_market,https://www.realtor.com/local/market/american-samoa/eastern-county/pago-pago,realtor.com,FNB_LIKELY,3,2,False,4.0,SKIP / CHILD-TASK-BLOCKED,Will's 2026-09-11 handover classified this blocked or not viable. Not re-probed here.
american_samoa,LAST_TRY_FAILED,samoa_pocket_guide_cost_of_food,https://samoapocketguide.com/the-cost-of-food-in-samoa-restaurant-grocery-prices,samoapocketguide.com,FNB_LIKELY,13,4,False,4.0,SKIP / CHILD-TASK-BLOCKED,Will's 2026-09-11 handover classified this blocked or not viable. Not re-probed here.
botswana,PENDING,barcodesbotswana,https://barcodesbotswana.com/shop/,barcodesbotswana.com,FNB_LIKELY,1,0,True,5.0,P2 - queue / NEEDS-CUSTOM-CRAWLER,"Will's 2026-09-11 handover found price evidence but no standard platform API, so it needs a bespoke spider. Never built or live-tested."
botswana,PENDING,citymews_rates,https://citymews.co.bw/rates/,citymews.co.bw,FNB_LIKELY,1,0,True,5.0,P2 - queue / NEEDS-CUSTOM-CRAWLER,"Will's 2026-09-11 handover found price evidence but no standard platform API, so it needs a bespoke spider. Never built or live-tested."
botswana,PENDING,cottoncloud_social,https://www.findglocal.com/BW/Gaborone/287264445424852/Cotton-Cloud,findglocal.com,FNB_LIKELY,1,0,True,5.0,P2 - queue / NEEDS-CUSTOM-CRAWLER,"Will's 2026-09-11 handover found price evidence but no standard platform API, so it needs a bespoke spider. Never built or live-tested."
botswana,PENDING,desertcart_botswana,https://botswana.desertcart.com/,botswana.desertcart.com,FNB_LIKELY,2,1,True,5.0,P2 - queue / NEEDS-CUSTOM-CRAWLER,"Will's 2026-09-11 handover found price evidence but no standard platform API, so it needs a bespoke spider. Never built or live-tested."
botswana,PENDING,lionpark_restaurant_menu,https://www.lionpark.co.bw/restuarant-menu/,lionpark.co.bw,FNB_LIKELY,5,3,True,5.0,P2 - queue / NEEDS-CUSTOM-CRAWLER,"Will's 2026-09-11 handover found price evidence but no standard platform API, so it needs a bespoke spider. Never built or live-tested."
botswana,PENDING,monko_perfumes_bw,https://www.monkoperfumes.co.bw/shop,monkoperfumes.co.bw,FNB_LIKELY,1,0,True,5.0,P2 - queue / NEEDS-CUSTOM-CRAWLER,"Will's 2026-09-11 handover found price evidence but no standard platform API, so it needs a bespoke spider. Never built or live-tested."
botswana,PENDING,mpatise_seedlings,https://mpatise.com/agric/esales/crop/nsale.php,mpatise.com,FNB_LIKELY,3,1,True,5.0,P2 - queue / NEEDS-CUSTOM-CRAWLER,"Will's 2026-09-11 handover found price evidence but no standard platform API, so it needs a bespoke spider. Never built or live-tested."
botswana,PENDING,musimboti_bw,https://www.musimboti.co.bw/,musimboti.co.bw,FNB_LIKELY,4,1,True,5.0,P2 - queue / NEEDS-CUSTOM-CRAWLER,"Will's 2026-09-11 handover found price evidence but no standard platform API, so it needs a bespoke spider. Never built or live-tested."
botswana,PENDING,naba_energy_lpg,https://nabaenergy.co.bw/products/lpg-gas/,nabaenergy.co.bw,FNB_LIKELY,2,0,True,5.0,P2 - queue / NEEDS-CUSTOM-CRAWLER,"Will's 2026-09-11 handover found price evidence but no standard platform API, so it needs a bespoke spider. Never built or live-tested."
botswana,PENDING,oceanbasket_botswana_menu,https://botswana.oceanbasket.com/menu/main/,botswana.oceanbasket.com,FNB_LIKELY,5,2,True,5.0,P2 - queue / NEEDS-CUSTOM-CRAWLER,"Will's 2026-09-11 handover found price evidence but no standard platform API, so it needs a bespoke spider. Never built or live-tested."
botswana,PENDING,shieldvet_bw,https://www.shield.co.bw/vet/,shield.co.bw,FNB_LIKELY,4,2,True,5.0,P2 - queue / NEEDS-CUSTOM-CRAWLER,"Will's 2026-09-11 handover found price evidence but no standard platform API, so it needs a bespoke spider. Never built or live-tested."
botswana,PENDING,shoprite_specials_bw,https://specials.shoprite.co.bw/deals/,specials.shoprite.co.bw,FNB_LIKELY,5,0,True,5.0,P2 - queue / NEEDS-CUSTOM-CRAWLER,"Will's 2026-09-11 handover found price evidence but no standard platform API, so it needs a bespoke spider. Never built or live-tested."
botswana,PENDING,thefellasden_bw,https://thefellasden.co.bw/,thefellasden.co.bw,FNB_LIKELY,7,1,True,5.0,P2 - queue / NEEDS-CUSTOM-CRAWLER,"Will's 2026-09-11 handover found price evidence but no standard platform API, so it needs a bespoke spider. Never built or live-tested."
botswana,PENDING,anaconda_store_bw,https://anacondastore.com/,anacondastore.com,FNB_LIKELY,4,0,True,5.0,P3 - queue / NEEDS-REVIEW,"Will's 2026-09-11 handover flagged this ambiguous (country, currency or price-surface unclear). Needs manual review before any scaffolding."
botswana,PENDING,bocra_tariffs,https://www.bocra.org.bw/tariffs-0,bocra.org.bw,FNB_LIKELY,3,1,True,5.0,P3 - queue / NEEDS-REVIEW,"Will's 2026-09-11 handover flagged this ambiguous (country, currency or price-surface unclear). Needs manual review before any scaffolding."
botswana,PENDING,bwtenders_services,https://bwtenders.co.bw/,bwtenders.co.bw,FNB_LIKELY,1,0,True,5.0,P3 - queue / NEEDS-REVIEW,"Will's 2026-09-11 handover flagged this ambiguous (country, currency or price-surface unclear). Needs manual review before any scaffolding."
botswana,PENDING,dita_holdings_products,https://www.ditaholdings.net/products,ditaholdings.net,FNB_LIKELY,6,0,True,5.0,P3 - queue / NEEDS-REVIEW,"Will's 2026-09-11 handover flagged this ambiguous (country, currency or price-surface unclear). Needs manual review before any scaffolding."
botswana,PENDING,game_bw_pricemate_catalogue,https://demo.pricemate.info/says/bw/what-a-basic-basket-costs-in-botswana?lang=en,demo.pricemate.info,FNB_LIKELY,1,0,True,5.0,P3 - queue / NEEDS-REVIEW,"Will's 2026-09-11 handover flagged this ambiguous (country, currency or price-surface unclear). Needs manual review before any scaffolding."
botswana,PENDING,marcs_eatery_maun,https://www.marcseatery.com/online-ordering,marcseatery.com,FNB_LIKELY,2,1,True,5.0,P3 - queue / NEEDS-REVIEW,"Will's 2026-09-11 handover flagged this ambiguous (country, currency or price-surface unclear). Needs manual review before any scaffolding."
botswana,PENDING,pets_home_social_bw,https://www.voofla.com/BW/Gaborone/107465977880334/Pets-%26-Home,voofla.com,FNB_LIKELY,2,1,True,5.0,P3 - queue / NEEDS-REVIEW,"Will's 2026-09-11 handover flagged this ambiguous (country, currency or price-surface unclear). Needs manual review before any scaffolding."
botswana,PENDING,sefalana_main_specials,https://sefalana.co.bw/,sefalana.co.bw,FNB_LIKELY,1,0,True,5.0,P3 - queue / NEEDS-REVIEW,"Will's 2026-09-11 handover flagged this ambiguous (country, currency or price-surface unclear). Needs manual review before any scaffolding."
botswana,PENDING,spar_bw_pricemate_flyers,https://pricemate.co.za/insights/botswana-grocery-price-comparison,pricemate.co.za,FNB_LIKELY,4,0,True,5.0,P3 - queue / NEEDS-REVIEW,"Will's 2026-09-11 handover flagged this ambiguous (country, currency or price-surface unclear). Needs manual review before any scaffolding."
botswana,PENDING,spar_bw_specials,https://spar.co.bw/specials/,spar.co.bw,FNB_LIKELY,2,1,True,5.0,P3 - queue / NEEDS-REVIEW,"Will's 2026-09-11 handover flagged this ambiguous (country, currency or price-surface unclear). Needs manual review before any scaffolding."
botswana,PENDING,westdraytonbrands_bw,https://www.westdraytonbrands.co.bw/,westdraytonbrands.co.bw,FNB_LIKELY,8,3,True,5.0,P3 - queue / NEEDS-REVIEW,"Will's 2026-09-11 handover flagged this ambiguous (country, currency or price-surface unclear). Needs manual review before any scaffolding."
botswana,LAST_TRY_FAILED,hoodmarket_liquor_bw,https://www.hoodmarket.com/collections/alcoholic-beverages,hoodmarket.com,FNB_LIKELY,5,0,False,5.0,SKIP / HTTP-402,Generated as a crawler-ready manifest by Will's 2026-09-11 handover but it fails the enumerability gate on live probe (HTTP-402). Not merged into configs: a manifest that cannot enumerate returns zero rows forever.
botswana,LAST_TRY_FAILED,tswanagas_bw,https://tswanagas.co.bw/aboutus.php,tswanagas.co.bw,FNB_LIKELY,1,0,False,5.0,SKIP / CHILD-TASK-BLOCKED,Will's 2026-09-11 handover classified this blocked or not viable. Not re-probed here.
botswana,PENDING,botswana_choppies_bw,https://choppies.co.bw/,choppies.co.bw,FNB_LIKELY,3,1,False,5.0,P2 - queue / NEEDS-CUSTOM-CRAWLER,Downloaded CSV batch on 2026-09-12; normalized site was not present in the base workbook | scraping ease: Moderate | add as a new scrape target and crawler-creation candidate
botswana,PENDING,botswana_echoppies,https://echoppies.com/,echoppies.com,FNB_LIKELY,3,1,False,5.0,P2 - queue / NEEDS-CUSTOM-CRAWLER,Downloaded CSV batch on 2026-09-12; normalized site was not present in the base workbook | scraping ease: Easy | add as a new scrape target and crawler-creation candidate
botswana,PENDING,botswana_livingcostindex_info,https://livingcostindex.info/groceries/gaborone,livingcostindex.info,FNB_LIKELY,9,1,False,5.0,P2 - queue / NEEDS-CUSTOM-CRAWLER,Downloaded CSV batch on 2026-09-12; normalized site was not present in the base workbook | scraping ease: Easy | add as a new scrape target and crawler-creation candidate
gambia,LAST_TRY_FAILED,oneup_plaza,https://oneupplaza.com/shop/,oneupplaza.com,FNB_LIKELY,5,3,False,5.0,SKIP / Timeout,Generated as a crawler-ready manifest by Will's 2026-09-11 handover but it fails the enumerability gate on live probe (Timeout). Not merged into configs: a manifest that cannot enumerate returns zero rows forever.
gambia,LAST_TRY_FAILED,tunka_eats,https://tunkaeats.com/,tunkaeats.com,FNB_LIKELY,5,3,False,5.0,SKIP / DNSError,Generated as a crawler-ready manifest by Will's 2026-09-11 handover but it fails the enumerability gate on live probe (DNSError). Not merged into configs: a manifest that cannot enumerate returns zero rows forever.
gambia,LAST_TRY_FAILED,asm_market_store,https://asmmarket.store/index.html,asmmarket.store,FNB_LIKELY,5,1,False,5.0,SKIP / CHILD-TASK-BLOCKED,Will's 2026-09-11 handover classified this blocked or not viable. Not re-probed here.
gambia,LAST_TRY_FAILED,corinna_soeller_shop,https://www.corinna-soeller.com/shop/,corinna-soeller.com,FNB_LIKELY,1,0,False,5.0,SKIP / CHILD-TASK-BLOCKED,Will's 2026-09-11 handover classified this blocked or not viable. Not re-probed here.
gambia,LAST_TRY_FAILED,cover_story_ltd_gambia_stamps,https://www.coverstoryltd.com/shop.php?st=420,coverstoryltd.com,FNB_LIKELY,1,0,False,5.0,SKIP / CHILD-TASK-BLOCKED,Will's 2026-09-11 handover classified this blocked or not viable. Not re-probed here.
gambia,LAST_TRY_FAILED,durunaru_global_stationery,https://www.durunaru.com/,durunaru.com,FNB_LIKELY,2,0,False,5.0,SKIP / CHILD-TASK-BLOCKED,Will's 2026-09-11 handover classified this blocked or not viable. Not re-probed here.
gambia,LAST_TRY_FAILED,gambia_marketplace_legacy,https://gambiamarketplace.com/product-category/phones-accessories/smart-phones/,gambiamarketplace.com,FNB_LIKELY,3,1,False,5.0,SKIP / CHILD-TASK-BLOCKED,Will's 2026-09-11 handover classified this blocked or not viable. Not re-probed here.
gambia,LAST_TRY_FAILED,gambiafarms_agrogambia,https://www.agrogambia.com/,agrogambia.com,FNB_LIKELY,4,1,False,5.0,SKIP / CHILD-TASK-BLOCKED,Will's 2026-09-11 handover classified this blocked or not viable. Not re-probed here.
gambia,LAST_TRY_FAILED,gobexpress_shop,https://gobexpress.com/shop/,gobexpress.com,FNB_LIKELY,2,1,False,5.0,SKIP / CHILD-TASK-BLOCKED,Will's 2026-09-11 handover classified this blocked or not viable. Not re-probed here.
gambia,LAST_TRY_FAILED,linsoul_gambia_currency_locale,https://www.linsoul.com/,linsoul.com,FNB_LIKELY,1,0,False,5.0,SKIP / CHILD-TASK-BLOCKED,Will's 2026-09-11 handover classified this blocked or not viable. Not re-probed here.
gambia,LAST_TRY_FAILED,netflix_shop_gambia_locale,https://www.netflix.shop/en-gm/products/spellbound-flink-clear-tumbler,netflix.shop,FNB_LIKELY,2,0,False,5.0,SKIP / CHILD-TASK-BLOCKED,Will's 2026-09-11 handover classified this blocked or not viable. Not re-probed here.
gambia,LAST_TRY_FAILED,pricegambia,https://pricegambia.com/,pricegambia.com,FNB_LIKELY,4,1,False,5.0,SKIP / CHILD-TASK-BLOCKED,Will's 2026-09-11 handover classified this blocked or not viable. Not re-probed here.
gambia,LAST_TRY_FAILED,remit_choice_gambia_campaigns,https://www.remitchoice.com/offers-campaigns,remitchoice.com,FNB_LIKELY,1,0,False,5.0,SKIP / CHILD-TASK-BLOCKED,Will's 2026-09-11 handover classified this blocked or not viable. Not re-probed here.
gambia,LAST_TRY_FAILED,shop_gambia_com,https://shop.gambia.com/,shop.gambia.com,FNB_LIKELY,1,0,False,5.0,SKIP / CHILD-TASK-BLOCKED,Will's 2026-09-11 handover classified this blocked or not viable. Not re-probed here.
gambia,LAST_TRY_FAILED,touray_kunda_enterprise,https://touraykunda.gm/,touraykunda.gm,FNB_LIKELY,2,1,False,5.0,SKIP / CHILD-TASK-BLOCKED,Will's 2026-09-11 handover classified this blocked or not viable. Not re-probed here.
gambia,LAST_TRY_FAILED,ubuy_gambia,https://www.ubuy.gm/,ubuy.gm,FNB_LIKELY,3,0,False,5.0,SKIP / CHILD-TASK-BLOCKED,Will's 2026-09-11 handover classified this blocked or not viable. Not re-probed here.
gambia,LAST_TRY_FAILED,zazzle_gambia_products,https://www.zazzle.com/gambia_coffee_mug-168733765059717018,zazzle.com,FNB_LIKELY,3,0,False,5.0,SKIP / CHILD-TASK-BLOCKED,Will's 2026-09-11 handover classified this blocked or not viable. Not re-probed here.
gambia,PENDING,binbin_designs,https://binbindesigns.com/,binbindesigns.com,FNB_LIKELY,1,0,False,5.0,P2 - queue / NEEDS-CUSTOM-CRAWLER,"Will's 2026-09-11 handover found price evidence but no standard platform API, so it needs a bespoke spider. Never built or live-tested."
gambia,PENDING,desertcart_gambia,https://gambia.desertcart.com/,gambia.desertcart.com,FNB_LIKELY,3,0,False,5.0,P2 - queue / NEEDS-CUSTOM-CRAWLER,"Will's 2026-09-11 handover found price evidence but no standard platform API, so it needs a bespoke spider. Never built or live-tested."
gambia,PENDING,penchami_marketplace,https://penchami.com/,penchami.com,FNB_LIKELY,3,0,False,5.0,P2 - queue / NEEDS-CUSTOM-CRAWLER,"Will's 2026-09-11 handover found price evidence but no standard platform API, so it needs a bespoke spider. Never built or live-tested."
libya,PENDING,Nawris,https://nawris.net/,nawris.net,FNB_LIKELY,2,1,True,6.0,P2 - queue / ACCEPT,"Candidate found in the 2026-08-31 sourcing round, never built. build_tier=not scored; scrapability=nan; class=Custom"
libya,PENDING,Ubuy Libya storefront,https://www.ubuy.com.ly/,ubuy.com.ly,FNB_LIKELY,3,1,True,6.0,P3 - backlog / Access check,"Candidate found in the 2026-08-31 sourcing round, never built. build_tier=D - hard / app / index only; scrapability=nan; class=Cross-border marketplace"
libya,PENDING,Watti,https://watti.ly/,watti.ly,FNB_LIKELY,4,1,True,6.0,P2 - queue / ACCEPT,"Candidate found in the 2026-08-31 sourcing round, never built. build_tier=not scored; scrapability=nan; class=Custom"
libya,PENDING,nashrah_ly,https://nashrah.ly/,nashrah.ly,FNB_LIKELY,7,1,True,6.0,P2 - queue / NEEDS-CUSTOM-CRAWLER,"Will's 2026-09-11 handover found price evidence but no standard platform API, so it needs a bespoke spider. Never built or live-tested."
libya,LAST_TRY_FAILED,beetclean_ly,https://beetclean.ly/,beetclean.ly,FNB_LIKELY,1,0,False,6.0,SKIP / CHILD-TASK-BLOCKED,Will's 2026-09-11 handover classified this blocked or not viable. Not re-probed here.
libya,LAST_TRY_FAILED,ekodii_libya,https://ekodii.com/market/libya,ekodii.com,FNB_LIKELY,2,0,False,6.0,SKIP / CHILD-TASK-BLOCKED,Will's 2026-09-11 handover classified this blocked or not viable. Not re-probed here.
greenland,PENDING,nuukeats,https://nuukeats.com/,nuukeats.com,FNB_LIKELY,5,2,True,7.0,P2 - queue / NEEDS-CUSTOM-CRAWLER,"Will's 2026-09-11 handover found price evidence but no standard platform API, so it needs a bespoke spider. Never built or live-tested."
greenland,PENDING,ahb_nuuk,https://ahb.dk/restauranter/nuuk,ahb.dk,FNB_LIKELY,3,2,True,7.0,P3 - queue / NEEDS-REVIEW,"Will's 2026-09-11 handover flagged this ambiguous (country, currency or price-surface unclear). Needs manual review before any scaffolding."
greenland,PENDING,aktivportalen_nuuk,https://aktivportalen.brnd.com/aktivportalen/svoemmehal-detaljer.html,aktivportalen.brnd.com,FNB_LIKELY,1,0,True,7.0,P3 - queue / NEEDS-REVIEW,"Will's 2026-09-11 handover flagged this ambiguous (country, currency or price-surface unclear). Needs manual review before any scaffolding."
greenland,PENDING,geedo_gl,https://geedo.gl/,geedo.gl,FNB_LIKELY,1,0,True,7.0,P3 - queue / NEEDS-REVIEW,"Will's 2026-09-11 handover flagged this ambiguous (country, currency or price-surface unclear). Needs manual review before any scaffolding."
greenland,PENDING,hotel_qaqortoq_menu,https://abcdocz.com/doc/3223738/se-vores-menu---hotel-qaqortoq,abcdocz.com,FNB_LIKELY,5,3,True,7.0,P3 - queue / NEEDS-REVIEW,"Will's 2026-09-11 handover flagged this ambiguous (country, currency or price-surface unclear). Needs manual review before any scaffolding."
greenland,PENDING,majasoptik,https://majasoptik.gl/brilleglas/,majasoptik.gl,FNB_LIKELY,1,0,True,7.0,P3 - queue / NEEDS-REVIEW,"Will's 2026-09-11 handover flagged this ambiguous (country, currency or price-surface unclear). Needs manual review before any scaffolding."
greenland,LAST_TRY_FAILED,pisiffik.gl,,nan,FNB_LIKELY,6,4,False,7.0,SKIP / DEAD-SITE,"Unreachable / no online storefront exists (dead candidate, not a WAF) — live PrestaShop storefront (confirmed platform, real product pages with EAN-coded SKUs), but its catalogue is mattresses, kitchenware, small electronics, furniture and toys (`boxmadrasser`, `køkkenredskaber`, `møbler`, `legetøj`) with only incidental wine/sparkling-wine categories (`hvidvin`, `mousserende-vin`) — this is Pisiffik's department-store/general-merchandise e-commerce arm, not its grocery/fresh-food business, and is not catalogue-led by COICOP 01/02. **brugseni.gl** (KNI/Brugseni, the other major chain) is a WordPress corporate site with a store-locator (`/butikker/`) and no webshop link anywhere. **pilersuisoq.gl** (the third, government-linked chain serving small settlements) is a brochure site with no shop link and no e-commerce platform fingerprint. `brugsen.gl` (no ""i"") has a certificate hostname mismatch and does not serve the real site. No genuine online grocery source found for Greenland this pass."
greenland,LAST_TRY_FAILED,aknittersworld,https://www.aknittersworld.dk/kl/collections/qileriaqanngitsoq-garn,aknittersworld.dk,FNB_LIKELY,1,0,False,7.0,SKIP / HTTP-403,Generated as a crawler-ready manifest by Will's 2026-09-11 handover but it fails the enumerability gate on live probe (HTTP-403). Not merged into configs: a manifest that cannot enumerate returns zero rows forever.
greenland,LAST_TRY_FAILED,jajja_gl,https://jajja.gl/,jajja.gl,FNB_LIKELY,7,1,False,7.0,SKIP / HTTP-401,Generated as a crawler-ready manifest by Will's 2026-09-11 handover but it fails the enumerability gate on live probe (HTTP-401). Not merged into configs: a manifest that cannot enumerate returns zero rows forever.
greenland,LAST_TRY_FAILED,brugseni_gl,https://brugseni.gl/,brugseni.gl,FNB_LIKELY,5,0,False,7.0,SKIP / CHILD-TASK-BLOCKED,Will's 2026-09-11 handover classified this blocked or not viable. Not re-probed here.
greenland,LAST_TRY_FAILED,pilersuisoq_gl,https://pilersuisoq.gl/,pilersuisoq.gl,FNB_LIKELY,3,1,False,7.0,SKIP / CHILD-TASK-BLOCKED,Will's 2026-09-11 handover classified this blocked or not viable. Not re-probed here.
greenland,LAST_TRY_FAILED,shop_sumut_dk,https://shop.sumut.dk/,shop.sumut.dk,FNB_LIKELY,2,1,False,7.0,SKIP / CHILD-TASK-BLOCKED,Will's 2026-09-11 handover classified this blocked or not viable. Not re-probed here.
liechtenstein,PENDING,lehni_ch,https://shop.lehni.ch/produkte.html,shop.lehni.ch,FNB_LIKELY,2,1,True,9.0,P2 - queue / NEEDS-CUSTOM-CRAWLER,"Will's 2026-09-11 handover found price evidence but no standard platform API, so it needs a bespoke spider. Never built or live-tested."
liechtenstein,LAST_TRY_FAILED,hofladen-express.ch,,nan,FNB_LIKELY,4,0,False,9.0,SKIP / DEAD-SITE,"Unreachable / no online storefront exists (dead candidate, not a WAF) — domain has been squatted: every path resolves 200 but serves a ""Dragonia Casino Online"" gambling-affiliate page (Google Fonts preconnects, generic casino CSS classes), not the farm-shop. Genuinely dead per rule 13 (expired domain + injected spam), not a WAF. The service may still operate through the multi-vendor `laedelishop.ch` marketplace (Zurich-based operator, WooCommerce, has an ""Essen & Trinken"" food category) under a ""Hofladen Express"" vendor listing, but that platform's own Liechtenstein-delivery scope was not independently verifiable in the time budgeted this wave — not built."
liechtenstein,LAST_TRY_FAILED,spar_li_spar_ch,https://www.spar.ch/,spar.ch,FNB_LIKELY,1,0,False,9.0,SKIP / CHILD-TASK-BLOCKED,Will's 2026-09-11 handover classified this blocked or not viable. Not re-probed here.
central_african_republic,PENDING,fafeca_marketplace,https://www.marketplace.fafeca.org/,marketplace.fafeca.org,FNB_LIKELY,8,3,True,10.0,P2 - queue / NEEDS-CUSTOM-CRAWLER,"Will's 2026-09-11 handover found price evidence but no standard platform API, so it needs a bespoke spider. Never built or live-tested."
central_african_republic,LAST_TRY_FAILED,mocaf_promotional_page,https://backupmocaf.sodepsi-digital.com/,backupmocaf.sodepsi-digital.com,FNB_LIKELY,4,0,False,10.0,SKIP / CHILD-TASK-BLOCKED,Will's 2026-09-11 handover classified this blocked or not viable. Not re-probed here.
central_african_republic,PENDING,central_african_republic_simbaonlineshopping,https://www.simbaonlineshopping.com/Default.aspx,simbaonlineshopping.com,FNB_LIKELY,5,2,False,10.0,P2 - queue / NEEDS-CUSTOM-CRAWLER,Downloaded CSV batch on 2026-09-12; normalized site was not present in the base workbook | scraping ease: Moderate | add as a new scrape target and crawler-creation candidate
central_african_republic,PENDING,central_african_republic_selinawamucii,https://www.selinawamucii.com/insights/prices/central-african-republic/rice/,selinawamucii.com,FNB_LIKELY,4,1,False,10.0,P2 - queue / NEEDS-CUSTOM-CRAWLER,Downloaded CSV batch on 2026-09-12; normalized site was not present in the base workbook | scraping ease: Easy | add as a new scrape target and crawler-creation candidate
south_sudan,PENDING,arialbeek_books_ss,https://www.arialbeek.com/,arialbeek.com,FNB_LIKELY,2,1,True,14.0,P2 - queue / NEEDS-CUSTOM-CRAWLER,"Will's 2026-09-11 handover found price evidence but no standard platform API, so it needs a bespoke spider. Never built or live-tested."
south_sudan,PENDING,dukaanye_ss,https://www.dukaanye.com/category/arts-crafts?item=category,dukaanye.com,FNB_LIKELY,4,2,True,14.0,P2 - queue / NEEDS-CUSTOM-CRAWLER,"Will's 2026-09-11 handover found price evidence but no standard platform API, so it needs a bespoke spider. Never built or live-tested."
south_sudan,PENDING,tmgrills_juba_menu_ss,https://tmgrills.com/,tmgrills.com,FNB_LIKELY,4,3,True,14.0,P2 - queue / NEEDS-CUSTOM-CRAWLER,"Will's 2026-09-11 handover found price evidence but no standard platform API, so it needs a bespoke spider. Never built or live-tested."
south_sudan,PENDING,doyoom_food_delivery_ss,https://doyoom.com/,doyoom.com,FNB_LIKELY,4,2,True,14.0,P3 - queue / NEEDS-REVIEW,"Will's 2026-09-11 handover flagged this ambiguous (country, currency or price-surface unclear). Needs manual review before any scaffolding."
south_sudan,LAST_TRY_FAILED,higromall_ss,https://higromall.com/,higromall.com,FNB_LIKELY,2,1,False,14.0,SKIP / JSONDecodeError,Generated as a crawler-ready manifest by Will's 2026-09-11 handover but it fails the enumerability gate on live probe (JSONDecodeError). Not merged into configs: a manifest that cannot enumerate returns zero rows forever.
south_sudan,LAST_TRY_FAILED,hot_pizza_pages_dev_ss,https://fresh-hot-pizza.pages.dev/,fresh-hot-pizza.pages.dev,FNB_LIKELY,4,2,False,14.0,SKIP / CHILD-TASK-BLOCKED,Will's 2026-09-11 handover classified this blocked or not viable. Not re-probed here.
south_sudan,LAST_TRY_FAILED,rababa_juba_menu_ss,https://rababajuba.com/,rababajuba.com,FNB_LIKELY,5,3,False,14.0,SKIP / CHILD-TASK-BLOCKED,Will's 2026-09-11 handover classified this blocked or not viable. Not re-probed here.
south_sudan,LAST_TRY_FAILED,velvet_ora_global_store,https://velvet-ora.com/,velvet-ora.com,FNB_LIKELY,3,1,False,14.0,SKIP / CHILD-TASK-BLOCKED,Will's 2026-09-11 handover classified this blocked or not viable. Not re-probed here.
south_sudan,PENDING,south_sudan_africasuk,https://www.africasuk.com/,africasuk.com,FNB_LIKELY,3,1,False,14.0,P2 - queue / NEEDS-CUSTOM-CRAWLER,Downloaded CSV batch on 2026-09-12; normalized site was not present in the base workbook | scraping ease: Moderate | add as a new scrape target and crawler-creation candidate
south_sudan,PENDING,south_sudan_junubmarket,https://www.junubmarket.com/products,junubmarket.com,FNB_LIKELY,2,1,False,14.0,P2 - queue / NEEDS-CUSTOM-CRAWLER,Downloaded CSV batch on 2026-09-12; normalized site was not present in the base workbook | scraping ease: Easy | add as a new scrape target and crawler-creation candidate
marshall_islands,PENDING,green_energy_solutions_enf_directory,https://www.enfsolar.com/directory/installer/Marshall%20Islands,enfsolar.com,FNB_LIKELY,1,0,True,17.0,P3 - queue / NEEDS-REVIEW,"Will's 2026-09-11 handover flagged this ambiguous (country, currency or price-surface unclear). Needs manual review before any scaffolding."
marshall_islands,PENDING,imf_cpi_technical_assistance_rmi,https://www.elibrary.imf.org/view/journals/019/2024/048/article-A001-en.xml,elibrary.imf.org,FNB_LIKELY,2,0,True,17.0,P3 - queue / NEEDS-REVIEW,"Will's 2026-09-11 handover flagged this ambiguous (country, currency or price-surface unclear). Needs manual review before any scaffolding."
marshall_islands,PENDING,infomarshallislands_food_page,https://www.infomarshallislands.com/food/,infomarshallislands.com,FNB_LIKELY,10,1,True,17.0,P3 - queue / NEEDS-REVIEW,"Will's 2026-09-11 handover flagged this ambiguous (country, currency or price-surface unclear). Needs manual review before any scaffolding."
marshall_islands,PENDING,island_eco,https://islandeco.com/,islandeco.com,FNB_LIKELY,1,0,True,17.0,P3 - queue / NEEDS-REVIEW,"Will's 2026-09-11 handover flagged this ambiguous (country, currency or price-surface unclear). Needs manual review before any scaffolding."
marshall_islands,PENDING,majuro_telephone_directory_retail_leads,https://www.scribd.com/document/456608664/NTA-Telephone-Directory,scribd.com,FNB_LIKELY,4,3,True,17.0,P3 - queue / NEEDS-REVIEW,"Will's 2026-09-11 handover flagged this ambiguous (country, currency or price-surface unclear). Needs manual review before any scaffolding."
marshall_islands,PENDING,marshall_islands_chamber_directory,https://rmichamber.info/directory,rmichamber.info,FNB_LIKELY,1,0,True,17.0,P3 - queue / NEEDS-REVIEW,"Will's 2026-09-11 handover flagged this ambiguous (country, currency or price-surface unclear). Needs manual review before any scaffolding."
marshall_islands,PENDING,marshall_japanese_travel_blogs_price_snippets,https://www.hana-tabi.com/marshall-islands/4929,hana-tabi.com,FNB_LIKELY,9,2,True,17.0,P3 - queue / NEEDS-REVIEW,"Will's 2026-09-11 handover flagged this ambiguous (country, currency or price-surface unclear). Needs manual review before any scaffolding."
marshall_islands,PENDING,rmi_embassy_taiwan_local_merchandise,https://www.rmiembassytw.com/local-merchandise,rmiembassytw.com,FNB_LIKELY,1,0,True,17.0,P3 - queue / NEEDS-REVIEW,"Will's 2026-09-11 handover flagged this ambiguous (country, currency or price-surface unclear). Needs manual review before any scaffolding."
marshall_islands,LAST_TRY_FAILED,bemarshallesebuymarshallese,https://bemarshallesebuymarshallese.com/shop/marshallese-local-foods.html?cat=10,bemarshallesebuymarshallese.com,FNB_LIKELY,2,0,False,17.0,SKIP / CHILD-TASK-BLOCKED,Will's 2026-09-11 handover classified this blocked or not viable. Not re-probed here.
marshall_islands,LAST_TRY_FAILED,kunibetsu_basic_prescription_glasses_mh,https://kunibetsu.com/price/basic-prescription-glasses/mh,kunibetsu.com,FNB_LIKELY,1,0,False,17.0,SKIP / CHILD-TASK-BLOCKED,Will's 2026-09-11 handover classified this blocked or not viable. Not re-probed here.
marshall_islands,LAST_TRY_FAILED,kupi_majuro_travel_guide,https://www.kupi.com/en/explore/marshall-islands/majuro,kupi.com,FNB_LIKELY,3,1,False,17.0,SKIP / CHILD-TASK-BLOCKED,Will's 2026-09-11 handover classified this blocked or not viable. Not re-probed here.
marshall_islands,LAST_TRY_FAILED,noonsite_marshall_islands_cruisers,https://www.noonsite.com/report/marshall-islands-essential-information-for-cruisers/,noonsite.com,FNB_LIKELY,3,2,False,17.0,SKIP / CHILD-TASK-BLOCKED,Will's 2026-09-11 handover classified this blocked or not viable. Not re-probed here.
marshall_islands,LAST_TRY_FAILED,peppaca_jml_creation,https://peppaca.com/stores/jml-creation,peppaca.com,FNB_LIKELY,2,1,False,17.0,SKIP / CHILD-TASK-BLOCKED,Will's 2026-09-11 handover classified this blocked or not viable. Not re-probed here.
marshall_islands,LAST_TRY_FAILED,pic_japan_rmi_guidebook,https://pic.or.jp/ebook/rmi/pageindices/index26.html,pic.or.jp,FNB_LIKELY,3,2,False,17.0,SKIP / CHILD-TASK-BLOCKED,Will's 2026-09-11 handover classified this blocked or not viable. Not re-probed here.
marshall_islands,LAST_TRY_FAILED,trademo_ez_price_imports,https://www.trademo.com/companies/ez-price-mart/49219436,trademo.com,FNB_LIKELY,2,1,False,17.0,SKIP / CHILD-TASK-BLOCKED,Will's 2026-09-11 handover classified this blocked or not viable. Not re-probed here.
marshall_islands,LAST_TRY_FAILED,volza_marshall_import_buyer_directories,https://www.volza.com/p/hsn-code-200990/buyers-directory/buyers-in-marshall-islands/,volza.com,FNB_LIKELY,2,0,False,17.0,SKIP / CHILD-TASK-BLOCKED,Will's 2026-09-11 handover classified this blocked or not viable. Not re-probed here.
marshall_islands,PENDING,marshall_islands_miscomarket,https://miscomarket.com/,miscomarket.com,FNB_LIKELY,3,2,False,17.0,P2 - queue / NEEDS-CUSTOM-CRAWLER,Downloaded CSV batch on 2026-09-12; normalized site was not present in the base workbook | scraping ease: Moderate | add as a new scrape target and crawler-creation candidate
palau,PENDING,neco_marine_rates,https://www.necomarine.com/rates/,necomarine.com,FNB_LIKELY,3,2,True,17.0,P2 - queue / NEEDS-CUSTOM-CRAWLER,"Will's 2026-09-11 handover found price evidence but no standard platform API, so it needs a bespoke spider. Never built or live-tested."
palau,PENDING,ocean_hunter_liveaboard_rentals,https://liveaboarddiving.net/OceanHunter3.html,liveaboarddiving.net,FNB_LIKELY,7,3,True,17.0,P2 - queue / NEEDS-CUSTOM-CRAWLER,"Will's 2026-09-11 handover found price evidence but no standard platform API, so it needs a bespoke spider. Never built or live-tested."
palau,PENDING,west_deli_findglocal,https://www.findglocal.com/PW/Koror/157195065015638/Western-Caroline-Trading-Company,findglocal.com,FNB_LIKELY,5,2,True,17.0,P2 - queue / NEEDS-CUSTOM-CRAWLER,"Will's 2026-09-11 handover found price evidence but no standard platform API, so it needs a bespoke spider. Never built or live-tested."
palau,PENDING,palaugov_pewa_documents,https://www.palaugov.pw/executive-branch/ministries/finance/pewa/,palaugov.pw,FNB_LIKELY,2,1,True,17.0,P3 - queue / NEEDS-REVIEW,"Will's 2026-09-11 handover flagged this ambiguous (country, currency or price-surface unclear). Needs manual review before any scaffolding."
palau,LAST_TRY_FAILED,blessing_flower_shop_koror,https://blessingflowershop.com/thank-you/koror-republic-of-palau-pw.html,blessingflowershop.com,FNB_LIKELY,3,1,False,17.0,SKIP / CHILD-TASK-BLOCKED,Will's 2026-09-11 handover classified this blocked or not viable. Not re-probed here.
palau,LAST_TRY_FAILED,dipstop_market_koror_collection,https://dipstopmarket.com/collections/eap-koror,dipstopmarket.com,FNB_LIKELY,2,1,False,17.0,SKIP / CHILD-TASK-BLOCKED,Will's 2026-09-11 handover classified this blocked or not viable. Not re-probed here.
palau,LAST_TRY_FAILED,getmyesim_palau_comparison,https://www.getmyesim.com/en/destinations/palau,getmyesim.com,FNB_LIKELY,2,1,False,17.0,SKIP / CHILD-TASK-BLOCKED,Will's 2026-09-11 handover classified this blocked or not viable. Not re-probed here.
palau,LAST_TRY_FAILED,gift_baskets_overseas_palau,https://www.giftbasketsoverseas.com/palau/Koror,giftbasketsoverseas.com,FNB_LIKELY,5,1,False,17.0,SKIP / CHILD-TASK-BLOCKED,Will's 2026-09-11 handover classified this blocked or not viable. Not re-probed here.
palau,LAST_TRY_FAILED,hybrid_saipan_palau_items,https://shopthehybrid.com/,shopthehybrid.com,FNB_LIKELY,1,0,False,17.0,SKIP / CHILD-TASK-BLOCKED,Will's 2026-09-11 handover classified this blocked or not viable. Not re-probed here.
palau,LAST_TRY_FAILED,liveaboard_palau_aggressor_rentals,https://d2cz0wk7mo1cab.cloudfront.net/diving/micronesia/palau-aggressor-ii,d2cz0wk7mo1cab.cloudfront.net,FNB_LIKELY,2,1,False,17.0,SKIP / CHILD-TASK-BLOCKED,Will's 2026-09-11 handover classified this blocked or not viable. Not re-probed here.
palau,LAST_TRY_FAILED,palau_2025_census_water_cost_microdata,https://microdata.pacificdata.org/index.php/catalog/888/variable/F6/V1080?name=water_cost,microdata.pacificdata.org,FNB_LIKELY,2,1,False,17.0,SKIP / CHILD-TASK-BLOCKED,Will's 2026-09-11 handover classified this blocked or not viable. Not re-probed here.
palau,LAST_TRY_FAILED,palau_central_trading_online_gap,https://wanderlog.com/place/details/15836983/palau-central-trading-co,wanderlog.com,FNB_LIKELY,3,2,False,17.0,SKIP / CHILD-TASK-BLOCKED,Will's 2026-09-11 handover classified this blocked or not viable. Not re-probed here.
palau,LAST_TRY_FAILED,palau_pharmacy_online_gap,https://www.auslandsapotheken.com/land/palau/,auslandsapotheken.com,FNB_LIKELY,2,1,False,17.0,SKIP / CHILD-TASK-BLOCKED,Will's 2026-09-11 handover classified this blocked or not viable. Not re-probed here.
palau,LAST_TRY_FAILED,palau_wear_creatorspring,https://ungil-suelb-e-obekuk.creator-spring.com/accessories,ungil-suelb-e-obekuk.creator-spring.com,FNB_LIKELY,2,1,False,17.0,SKIP / CHILD-TASK-BLOCKED,Will's 2026-09-11 handover classified this blocked or not viable. Not re-probed here.
palau,LAST_TRY_FAILED,payless_market_online_gap,https://evendo.com/locations/palau/koror-town/shop/payless-market,evendo.com,FNB_LIKELY,6,0,False,17.0,SKIP / CHILD-TASK-BLOCKED,Will's 2026-09-11 handover classified this blocked or not viable. Not re-probed here.
palau,LAST_TRY_FAILED,polynesian_pride_palau_collection,https://www.polynesianpride.co/collections/palau,polynesianpride.co,FNB_LIKELY,2,1,False,17.0,SKIP / CHILD-TASK-BLOCKED,Will's 2026-09-11 handover classified this blocked or not viable. Not re-probed here.
palau,LAST_TRY_FAILED,shop709_palau_approved_sunscreen,https://www.shop709.com/products/seavenger-ocean-kiss-sunscreen-spf-50-coral-reef-safe-anti-jellyfish-sting,shop709.com,FNB_LIKELY,2,0,False,17.0,SKIP / CHILD-TASK-BLOCKED,Will's 2026-09-11 handover classified this blocked or not viable. Not re-probed here.
palau,PENDING,palau_bdeex,https://bdeex.com/price/palau/?type=eat,bdeex.com,FNB_LIKELY,2,1,False,17.0,P2 - queue / NEEDS-CUSTOM-CRAWLER,Downloaded CSV batch on 2026-09-12; normalized site was not present in the base workbook | scraping ease: Easy | add as a new scrape target and crawler-creation candidate
korea_dem_peoples_rep,LAST_TRY_FAILED,nk_investment_development_dprk_market_price_chart_posts,https://www.nkid.co.kr/?act=board&bbs_code=sub4_1&bbs_mode=view&bbs_seq=93,nkid.co.kr,FNB_LIKELY,2,1,False,18.0,SKIP / CHILD-TASK-BLOCKED,Will's 2026-09-11 handover classified this blocked or not viable. Not re-probed here.
korea_dem_peoples_rep,LAST_TRY_FAILED,nk_news_public_paywalled_articles_with_store_price_anecdotes,Example: https://www.nknews.org/2022/04/new-imported-goods-on-sale-at-pyongyang-shop-after-earlier-shortages-sources/,example: https://www.nknews.org/2022/04/new-imported-goods-on-sale-at-pyongyang-shop-after-earlier-shortages-sources/,FNB_LIKELY,4,1,False,18.0,SKIP / CHILD-TASK-BLOCKED,Will's 2026-09-11 handover classified this blocked or not viable. Not re-probed here.
korea_dem_peoples_rep,LAST_TRY_FAILED,south_korean_u_s_and_diaspora_korean_retail_pages_surfaced_by_search,"Examples include SSG, Kurly, Hanpoom, Walmart","examples include ssg, kurly, hanpoom, walmart",FNB_LIKELY,2,0,False,18.0,SKIP / CHILD-TASK-BLOCKED,Will's 2026-09-11 handover classified this blocked or not viable. Not re-probed here.
cote_divoire,PENDING,AfricMart,https://www.africmart.com/accueil/,africmart.com,FNB_LIKELY,3,1,False,20.0,P1 - build now / SUSPECT,"Candidate found in the 2026-08-31 sourcing round, never built. build_tier=not scored; scrapability=nan; class=WordPress/WooCommerce"
cote_divoire,LAST_TRY_FAILED,afrimarket_quincaillerie,https://afrimarket.ci/diaspora/2583-quincaillerie,afrimarket.ci,FNB_LIKELY,3,2,False,20.0,SKIP / DNSError,Generated as a crawler-ready manifest by Will's 2026-09-11 handover but it fails the enumerability gate on live probe (DNSError). Not merged into configs: a manifest that cannot enumerate returns zero rows forever.
cote_divoire,PENDING,monradar_ci,https://monradar.ci/category/electromenager,monradar.ci,FNB_LIKELY,3,2,False,20.0,P2 - queue / NEEDS-CUSTOM-CRAWLER,"Will's 2026-09-11 handover found price evidence but no standard platform API, so it needs a bespoke spider. Never built or live-tested."
kiribati,PENDING,kirb_gebeya,https://kirbgebeya.com/search,kirbgebeya.com,FNB_LIKELY,2,0,True,20.0,P2 - queue / NEEDS-CUSTOM-CRAWLER,"Will's 2026-09-11 handover found price evidence but no standard platform API, so it needs a bespoke spider. Never built or live-tested."
kiribati,PENDING,seaweed_price_study,https://pmc.ncbi.nlm.nih.gov/articles/PMC7230817/,pmc.ncbi.nlm.nih.gov,FNB_LIKELY,1,0,True,20.0,P2 - queue / NEEDS-CUSTOM-CRAWLER,"Will's 2026-09-11 handover found price evidence but no standard platform API, so it needs a bespoke spider. Never built or live-tested."
kiribati,PENDING,walmart_kiribati_flag,https://www.walmart.com/ip/18495259566,walmart.com,FNB_LIKELY,3,0,True,20.0,P2 - queue / NEEDS-CUSTOM-CRAWLER,"Will's 2026-09-11 handover found price evidence but no standard platform API, so it needs a bespoke spider. Never built or live-tested."
kiribati,PENDING,henicki,https://henicki.com/,henicki.com,FNB_LIKELY,2,0,True,20.0,P3 - queue / NEEDS-REVIEW,"Will's 2026-09-11 handover flagged this ambiguous (country, currency or price-surface unclear). Needs manual review before any scaffolding."
kiribati,PENDING,jbr_trading_global,https://www.jbrtrading.com/,jbrtrading.com,FNB_LIKELY,1,0,True,20.0,P3 - queue / NEEDS-REVIEW,"Will's 2026-09-11 handover flagged this ambiguous (country, currency or price-surface unclear). Needs manual review before any scaffolding."
kiribati,PENDING,punjas_kiribati,https://punjas.com/companies,punjas.com,FNB_LIKELY,1,0,True,20.0,P3 - queue / NEEDS-REVIEW,"Will's 2026-09-11 handover flagged this ambiguous (country, currency or price-surface unclear). Needs manual review before any scaffolding."
kiribati,PENDING,slim_price_map,https://mapcarta.com/W467107487,mapcarta.com,FNB_LIKELY,3,0,True,20.0,P3 - queue / NEEDS-REVIEW,"Will's 2026-09-11 handover flagged this ambiguous (country, currency or price-surface unclear). Needs manual review before any scaffolding."
kiribati,PENDING,wishing_star_trade_data,https://en.nbd.ltd/trader/info/NBDD3Y529209169,en.nbd.ltd,FNB_LIKELY,4,0,True,20.0,P3 - queue / NEEDS-REVIEW,"Will's 2026-09-11 handover flagged this ambiguous (country, currency or price-surface unclear). Needs manual review before any scaffolding."
kiribati,PENDING,wishing_star_trading,https://wishingstartrading.com/,wishingstartrading.com,FNB_LIKELY,4,0,True,20.0,P3 - queue / NEEDS-REVIEW,"Will's 2026-09-11 handover flagged this ambiguous (country, currency or price-surface unclear). Needs manual review before any scaffolding."
kiribati,LAST_TRY_FAILED,central_pacific_producers_ltd,https://cppl.com.ki/services/product-sales.html,cppl.com.ki,FNB_LIKELY,2,0,False,20.0,SKIP / CHILD-TASK-BLOCKED,Will's 2026-09-11 handover classified this blocked or not viable. Not re-probed here.
kiribati,LAST_TRY_FAILED,etsy_kiribati_clothing,https://www.etsy.com/market/kiribati_clothing,etsy.com,FNB_LIKELY,2,1,False,20.0,SKIP / CHILD-TASK-BLOCKED,Will's 2026-09-11 handover classified this blocked or not viable. Not re-probed here.
kiribati,LAST_TRY_FAILED,findglocal_koznet_services,https://www.findglocal.com/ki/tarawa/148398-48,findglocal.com,FNB_LIKELY,1,0,False,20.0,SKIP / CHILD-TASK-BLOCKED,Will's 2026-09-11 handover classified this blocked or not viable. Not re-probed here.
kiribati,LAST_TRY_FAILED,kiribati_fish_limited_social_mirror,https://www.foodbevg.com/XX/Unknown/1030636487070212/Kiribati-Fish-Limited,foodbevg.com,FNB_LIKELY,3,1,False,20.0,SKIP / CHILD-TASK-BLOCKED,Will's 2026-09-11 handover classified this blocked or not viable. Not re-probed here.
kiribati,LAST_TRY_FAILED,kiritours_aggies_cake_snacks,https://www.kiritours.com/Business-Directory.html,kiritours.com,FNB_LIKELY,2,0,False,20.0,SKIP / CHILD-TASK-BLOCKED,Will's 2026-09-11 handover classified this blocked or not viable. Not re-probed here.
kiribati,LAST_TRY_FAILED,moel_trading,https://apteagency.wixsite.com/moel,apteagency.wixsite.com,FNB_LIKELY,5,0,False,20.0,SKIP / CHILD-TASK-BLOCKED,Will's 2026-09-11 handover classified this blocked or not viable. Not re-probed here.
kiribati,LAST_TRY_FAILED,peaksuphigh_country_selector,https://peaksuphigh.com/products/realistic-sinking-jointed-minnow-swimbait,peaksuphigh.com,FNB_LIKELY,1,0,False,20.0,SKIP / CHILD-TASK-BLOCKED,Will's 2026-09-11 handover classified this blocked or not viable. Not re-probed here.
kiribati,LAST_TRY_FAILED,ubuy_kiribati,https://www.ubuy.com.ki/en/,ubuy.com.ki,FNB_LIKELY,4,3,False,20.0,SKIP / CHILD-TASK-BLOCKED,Will's 2026-09-11 handover classified this blocked or not viable. Not re-probed here.
kiribati,LAST_TRY_FAILED,world_prices_hikersbay_numbeo_mirror,https://world-prices.com/en/kiribati/prices-food,world-prices.com,FNB_LIKELY,2,0,False,20.0,SKIP / CHILD-TASK-BLOCKED,Will's 2026-09-11 handover classified this blocked or not viable. Not re-probed here.
burkina_faso,PENDING,lmo_optique,https://www.lmo-optique.com/,lmo-optique.com,FNB_LIKELY,1,0,True,21.0,P2 - queue / NEEDS-CUSTOM-CRAWLER,"Will's 2026-09-11 handover found price evidence but no standard platform API, so it needs a bespoke spider. Never built or live-tested."
burkina_faso,PENDING,zadebooks,https://zadebooks.com/,zadebooks.com,FNB_LIKELY,2,1,True,21.0,P2 - queue / NEEDS-CUSTOM-CRAWLER,"Will's 2026-09-11 handover found price evidence but no standard platform API, so it needs a bespoke spider. Never built or live-tested."
burkina_faso,PENDING,burkina_faso_fasodata,https://fasodata.com/,fasodata.com,FNB_LIKELY,3,1,False,21.0,P2 - queue / NEEDS-CUSTOM-CRAWLER,Downloaded CSV batch on 2026-09-12; normalized site was not present in the base workbook | scraping ease: Moderate | add as a new scrape target and crawler-creation candidate
burkina_faso,PENDING,burkina_faso_fasoranana,https://fasoranana.com/,fasoranana.com,FNB_LIKELY,4,3,False,21.0,P2 - queue / NEEDS-CUSTOM-CRAWLER,Downloaded CSV batch on 2026-09-12; normalized site was not present in the base workbook | scraping ease: Easy | add as a new scrape target and crawler-creation candidate
burkina_faso,PENDING,burkina_faso_rialebf,https://rialebf.com/,rialebf.com,FNB_LIKELY,3,1,False,21.0,P2 - queue / NEEDS-CUSTOM-CRAWLER,Downloaded CSV batch on 2026-09-12; normalized site was not present in the base workbook | scraping ease: Easy | add as a new scrape target and crawler-creation candidate
sierra_leone,PENDING,akis_aid,https://akisaid.com/,akisaid.com,FNB_LIKELY,8,0,True,21.0,P2 - queue / NEEDS-CUSTOM-CRAWLER,"Will's 2026-09-11 handover found price evidence but no standard platform API, so it needs a bespoke spider. Never built or live-tested."
sierra_leone,PENDING,cokiesrestaurant,https://www.cokiesrestaurant.com/,cokiesrestaurant.com,FNB_LIKELY,3,2,True,21.0,P2 - queue / NEEDS-CUSTOM-CRAWLER,"Will's 2026-09-11 handover found price evidence but no standard platform API, so it needs a bespoke spider. Never built or live-tested."
sierra_leone,PENDING,digisolsl_gift_card,https://www.digisolsl.com/gift-card,digisolsl.com,FNB_LIKELY,1,0,True,21.0,P2 - queue / NEEDS-CUSTOM-CRAWLER,"Will's 2026-09-11 handover found price evidence but no standard platform API, so it needs a bespoke spider. Never built or live-tested."
sierra_leone,PENDING,lor_clicks_reservation_menu,https://lor.clicks-reservation.com/MenuEn3.php?CategoryID=15,lor.clicks-reservation.com,FNB_LIKELY,6,2,True,21.0,P2 - queue / NEEDS-CUSTOM-CRAWLER,"Will's 2026-09-11 handover found price evidence but no standard platform API, so it needs a bespoke spider. Never built or live-tested."
sierra_leone,PENDING,shop2sitesl,https://www.shop2sitesl.com/,shop2sitesl.com,FNB_LIKELY,7,0,True,21.0,P2 - queue / NEEDS-CUSTOM-CRAWLER,"Will's 2026-09-11 handover found price evidence but no standard platform API, so it needs a bespoke spider. Never built or live-tested."
sierra_leone,PENDING,adobricgreenfields,https://www.adobricgreenfields.com/,adobricgreenfields.com,FNB_LIKELY,8,0,True,21.0,P3 - queue / NEEDS-REVIEW,"Will's 2026-09-11 handover flagged this ambiguous (country, currency or price-surface unclear). Needs manual review before any scaffolding."
sierra_leone,PENDING,kaloxstore,https://kaloxstore.com/product/tapalapa-long-bread/,kaloxstore.com,FNB_LIKELY,3,1,True,21.0,P3 - queue / NEEDS-REVIEW,"Will's 2026-09-11 handover flagged this ambiguous (country, currency or price-surface unclear). Needs manual review before any scaffolding."
sierra_leone,LAST_TRY_FAILED,brixtonvillage,https://brixtonvillage.com/,brixtonvillage.com,FNB_LIKELY,3,1,False,21.0,SKIP / CHILD-TASK-BLOCKED,Will's 2026-09-11 handover classified this blocked or not viable. Not re-probed here.
sierra_leone,LAST_TRY_FAILED,decker_shop,https://decker.shop/,decker.shop,FNB_LIKELY,2,1,False,21.0,SKIP / CHILD-TASK-BLOCKED,Will's 2026-09-11 handover classified this blocked or not viable. Not re-probed here.
sierra_leone,LAST_TRY_FAILED,kargosl,https://kargosl.com/,kargosl.com,FNB_LIKELY,4,0,False,21.0,SKIP / CHILD-TASK-BLOCKED,Will's 2026-09-11 handover classified this blocked or not viable. Not re-probed here.
sierra_leone,LAST_TRY_FAILED,motherlandgroceries,https://motherlandgroceries.com/,motherlandgroceries.com,FNB_LIKELY,3,1,False,21.0,SKIP / CHILD-TASK-BLOCKED,Will's 2026-09-11 handover classified this blocked or not viable. Not re-probed here.
sierra_leone,LAST_TRY_FAILED,shop_africanfoodsupermarket,https://shop.africanfoodsupermarket.com/,shop.africanfoodsupermarket.com,FNB_LIKELY,5,1,False,21.0,SKIP / CHILD-TASK-BLOCKED,Will's 2026-09-11 handover classified this blocked or not viable. Not re-probed here.
sierra_leone,LAST_TRY_FAILED,walmart_sierra_leone_keyword,https://www.walmart.com/ip/1501733423,walmart.com,FNB_LIKELY,2,1,False,21.0,SKIP / CHILD-TASK-BLOCKED,Will's 2026-09-11 handover classified this blocked or not viable. Not re-probed here.
sierra_leone,PENDING,sierra_leone_foodland_sl,https://foodland.sl/,foodland.sl,FNB_LIKELY,9,1,False,21.0,P2 - queue / NEEDS-CUSTOM-CRAWLER,Downloaded CSV batch on 2026-09-12; normalized site was not present in the base workbook | scraping ease: Easy | add as a new scrape target and crawler-creation candidate
congo_rep,PENDING,mokocg_cg,https://www.mokocg.com/,mokocg.com,FNB_LIKELY,3,1,True,22.0,P2 - queue / NEEDS-CUSTOM-CRAWLER,"Will's 2026-09-11 handover found price evidence but no standard platform API, so it needs a bespoke spider. Never built or live-tested."
congo_rep,PENDING,phancommerce_cg,https://phancommerce.com/,phancommerce.com,FNB_LIKELY,2,1,True,22.0,P2 - queue / NEEDS-CUSTOM-CRAWLER,"Will's 2026-09-11 handover found price evidence but no standard platform API, so it needs a bespoke spider. Never built or live-tested."
congo_rep,PENDING,ponton_shop_cg,https://ponton-shop.fr/,ponton-shop.fr,FNB_LIKELY,2,1,True,22.0,P2 - queue / NEEDS-CUSTOM-CRAWLER,"Will's 2026-09-11 handover found price evidence but no standard platform API, so it needs a bespoke spider. Never built or live-tested."
congo_rep,PENDING,congo_rep_doucmarket_africa,https://doucmarket.africa/,doucmarket.africa,FNB_LIKELY,2,1,False,22.0,P2 - queue / NEEDS-CUSTOM-CRAWLER,Downloaded CSV batch on 2026-09-12; normalized site was not present in the base workbook | scraping ease: Moderate | add as a new scrape target and crawler-creation candidate
guinea,PENDING,maMakiti,https://mamakiti.com/,mamakiti.com,FNB_LIKELY,2,1,True,27.0,P1 - build now / ACCEPT,"Candidate found in the 2026-08-31 sourcing round, never built. build_tier=not scored; scrapability=nan; class=Custom"
guinea,PENDING,dadouma_gn,https://www.dadouma.com/,dadouma.com,FNB_LIKELY,4,3,True,27.0,P2 - queue / NEEDS-CUSTOM-CRAWLER,"Will's 2026-09-11 handover found price evidence but no standard platform API, so it needs a bespoke spider. Never built or live-tested."
guinea,PENDING,guiterco_gn,https://guiterco.com/,guiterco.com,FNB_LIKELY,6,1,True,27.0,P2 - queue / NEEDS-CUSTOM-CRAWLER,"Will's 2026-09-11 handover found price evidence but no standard platform API, so it needs a bespoke spider. Never built or live-tested."
guinea,PENDING,papalac_gn,https://societe-asfils.com/,societe-asfils.com,FNB_LIKELY,2,0,True,27.0,P2 - queue / NEEDS-CUSTOM-CRAWLER,"Will's 2026-09-11 handover found price evidence but no standard platform API, so it needs a bespoke spider. Never built or live-tested."
guinea,PENDING,polimaxguinee_edaag_gn,https://polimaxguinee.com/catalogue,polimaxguinee.com,FNB_LIKELY,3,2,True,27.0,P2 - queue / NEEDS-CUSTOM-CRAWLER,"Will's 2026-09-11 handover found price evidence but no standard platform API, so it needs a bespoke spider. Never built or live-tested."
guinea,PENDING,saremati_gn,https://saremati.shop/,saremati.shop,FNB_LIKELY,5,2,True,27.0,P2 - queue / NEEDS-CUSTOM-CRAWLER,"Will's 2026-09-11 handover found price evidence but no standard platform API, so it needs a bespoke spider. Never built or live-tested."
guinea,PENDING,fatrali_gn,https://fatrali.com/products,fatrali.com,FNB_LIKELY,2,1,True,27.0,P3 - queue / NEEDS-REVIEW,"Will's 2026-09-11 handover flagged this ambiguous (country, currency or price-surface unclear). Needs manual review before any scaffolding."
guinea,LAST_TRY_FAILED,arabinene_gn,https://arabinene.com/,arabinene.com,FNB_LIKELY,3,2,False,27.0,SKIP / HTTP-403,Generated as a crawler-ready manifest by Will's 2026-09-11 handover but it fails the enumerability gate on live probe (HTTP-403). Not merged into configs: a manifest that cannot enumerate returns zero rows forever.
guinea,LAST_TRY_FAILED,femb6y_shopify_haircare_gn,https://femb6y-1d.myshopify.com/products/huile-capillaire,femb6y-1d.myshopify.com,FNB_LIKELY,2,1,False,27.0,SKIP / HTTP-404,Generated as a crawler-ready manifest by Will's 2026-09-11 handover but it fails the enumerability gate on live probe (HTTP-404). Not merged into configs: a manifest that cannot enumerate returns zero rows forever.
guinea,LAST_TRY_FAILED,maison_majali_gn,https://www.maisonmajali.com/,maisonmajali.com,FNB_LIKELY,2,1,False,27.0,SKIP / DNSError,Generated as a crawler-ready manifest by Will's 2026-09-11 handover but it fails the enumerability gate on live probe (DNSError). Not merged into configs: a manifest that cannot enumerate returns zero rows forever.
guinea,LAST_TRY_FAILED,kindiaka_gn,https://kindiaka.org/produit/le-kimono-double/,kindiaka.org,FNB_LIKELY,2,1,False,27.0,SKIP / CHILD-TASK-BLOCKED,Will's 2026-09-11 handover classified this blocked or not viable. Not re-probed here.
guinea,LAST_TRY_FAILED,mdl_mamou_giftcard_gn,https://mdlmamou.wixsite.com/mdlmamou/gift-card,mdlmamou.wixsite.com,FNB_LIKELY,1,0,False,27.0,SKIP / CHILD-TASK-BLOCKED,Will's 2026-09-11 handover classified this blocked or not viable. Not re-probed here.
guinea,LAST_TRY_FAILED,sontefa_solaire_gn,https://sontefa.com/produit/systeme-solaire/,sontefa.com,FNB_LIKELY,1,0,False,27.0,SKIP / CHILD-TASK-BLOCKED,Will's 2026-09-11 handover classified this blocked or not viable. Not re-probed here.
micronesia_fed_sts,LAST_TRY_FAILED,mouo_musings_bookshop,https://bookshop.org/shop/mouomusings,bookshop.org,FNB_LIKELY,2,1,False,28.0,SKIP / CHILD-TASK-BLOCKED,Will's 2026-09-11 handover classified this blocked or not viable. Not re-probed here.
micronesia_fed_sts,LAST_TRY_FAILED,polynesian_co_micronesia,https://www.polynesian.co/collections/slide-sandals,polynesian.co,FNB_LIKELY,2,1,False,28.0,SKIP / CHILD-TASK-BLOCKED,Will's 2026-09-11 handover classified this blocked or not viable. Not re-probed here.
suriname,PENDING,srd_check_products,https://ez.gov.sr/product/index,ez.gov.sr,FNB_LIKELY,3,0,True,32.0,P2 - queue / NEEDS-CUSTOM-CRAWLER,"Will's 2026-09-11 handover found price evidence but no standard platform API, so it needs a bespoke spider. Never built or live-tested."
suriname,LAST_TRY_FAILED,allvision_optics,https://allvision.sr/product/multifocaal/,allvision.sr,FNB_LIKELY,1,0,False,32.0,SKIP / JSONDecodeError,Generated as a crawler-ready manifest by Will's 2026-09-11 handover but it fails the enumerability gate on live probe (JSONDecodeError). Not merged into configs: a manifest that cannot enumerate returns zero rows forever.
suriname,LAST_TRY_FAILED,boekenportaal_suriname,https://www.boekenportaal.sr/zoek/,boekenportaal.sr,FNB_LIKELY,2,1,False,32.0,SKIP / CHILD-TASK-BLOCKED,Will's 2026-09-11 handover classified this blocked or not viable. Not re-probed here.
suriname,LAST_TRY_FAILED,instyle_optics,https://www.instyle.sr/,instyle.sr,FNB_LIKELY,1,0,False,32.0,SKIP / CHILD-TASK-BLOCKED,Will's 2026-09-11 handover classified this blocked or not viable. Not re-probed here.
suriname,LAST_TRY_FAILED,ubuy_suriname,https://www.ubuy.sr/en/category/electronics-10171,ubuy.sr,FNB_LIKELY,2,1,False,32.0,SKIP / CHILD-TASK-BLOCKED,Will's 2026-09-11 handover classified this blocked or not viable. Not re-probed here.
comoros,PENDING,comoros_namjecommerce,https://namjecommerce.com/,namjecommerce.com,FNB_LIKELY,2,1,False,33.0,P2 - queue / NEEDS-CUSTOM-CRAWLER,Downloaded CSV batch on 2026-09-12; normalized site was not present in the base workbook | scraping ease: Easy | add as a new scrape target and crawler-creation candidate
solomon_islands,LAST_TRY_FAILED,desertcart_solomon,https://solomon.desertcart.com/,solomon.desertcart.com,FNB_LIKELY,3,0,False,34.0,SKIP / CHILD-TASK-BLOCKED,Will's 2026-09-11 handover classified this blocked or not viable. Not re-probed here.
solomon_islands,LAST_TRY_FAILED,karcsham_starlink_solomon,https://karcsham.com/en/store/products/solomon-islands,karcsham.com,FNB_LIKELY,1,0,False,34.0,SKIP / CHILD-TASK-BLOCKED,Will's 2026-09-11 handover classified this blocked or not viable. Not re-probed here.
sudan,PENDING,Al Waha Supermarket,https://alwaha.sd/,alwaha.sd,FNB_LIKELY,2,1,True,36.0,P2 - queue / SUSPECT,"Candidate found in the 2026-08-31 sourcing round, never built. build_tier=not scored; scrapability=nan; class=WordPress/WooCommerce"
sudan,PENDING,LILY Delivery,https://www.lilydelivery.com/en,lilydelivery.com,FNB_LIKELY,3,2,True,36.0,P2 - queue / ACCEPT,"Candidate found in the 2026-08-31 sourcing round, never built. build_tier=not scored; scrapability=nan; class=Custom"
sudan,PENDING,Storna,https://storna-shopping-vercel.app/,storna-shopping-vercel.app,FNB_LIKELY,2,1,True,36.0,P2 - queue / SUSPECT,"Candidate found in the 2026-08-31 sourcing round, never built. build_tier=not scored; scrapability=nan; class=Custom"
sudan,PENDING,geedo_sudan,https://geedo.sd/,geedo.sd,FNB_LIKELY,1,0,True,36.0,P3 - queue / NEEDS-REVIEW,"Will's 2026-09-11 handover flagged this ambiguous (country, currency or price-surface unclear). Needs manual review before any scaffolding."
sudan,LAST_TRY_FAILED,suqan,https://suqan.store/en,suqan.store,FNB_LIKELY,3,2,False,36.0,SKIP / CHILD-TASK-BLOCKED,Will's 2026-09-11 handover classified this blocked or not viable. Not re-probed here.
sudan,LAST_TRY_FAILED,yarazon,https://yarazon.net/,yarazon.net,FNB_LIKELY,2,0,False,36.0,SKIP / CHILD-TASK-BLOCKED,Will's 2026-09-11 handover classified this blocked or not viable. Not re-probed here.
burundi,PENDING,burundi_agriburundi_app,https://agriburundi.app/marketplace,agriburundi.app,FNB_LIKELY,6,3,False,37.0,P2 - queue / NEEDS-CUSTOM-CRAWLER,Downloaded CSV batch on 2026-09-12; normalized site was not present in the base workbook | scraping ease: Moderate | add as a new scrape target and crawler-creation candidate
cameroon,PENDING,cameroon_globalproductprices,https://www.globalproductprices.com/Cameroon/,globalproductprices.com,FNB_LIKELY,4,1,False,37.0,P2 - queue / NEEDS-CUSTOM-CRAWLER,Downloaded CSV batch on 2026-09-12; normalized site was not present in the base workbook | scraping ease: Easy | add as a new scrape target and crawler-creation candidate
angola,PENDING,Mena Mart,https://www.menamart-angola.com/,menamart-angola.com,FNB_LIKELY,3,1,True,38.0,P2 - queue / ACCEPT,"Candidate found in the 2026-08-31 sourcing round, never built. build_tier=not scored; scrapability=nan; class=Custom"
angola,PENDING,angola_buitanda,https://www.buitanda.com/,buitanda.com,FNB_LIKELY,2,1,False,38.0,P2 - queue / NEEDS-CUSTOM-CRAWLER,Downloaded CSV batch on 2026-09-12; normalized site was not present in the base workbook | scraping ease: Easy | add as a new scrape target and crawler-creation candidate
norway,PENDING,norway_prisjakten_no,https://prisjakten.no/,prisjakten.no,FNB_LIKELY,3,1,False,43.0,P2 - queue / NEEDS-CUSTOM-CRAWLER,Downloaded CSV batch on 2026-09-12; normalized site was not present in the base workbook | scraping ease: Easy | add as a new scrape target and crawler-creation candidate
tuvalu,PENDING,tuvalu_post_stamps,https://stamps.tuvalupost.tv/shop,stamps.tuvalupost.tv,FNB_LIKELY,2,0,True,44.0,P3 - queue / NEEDS-REVIEW,"Will's 2026-09-11 handover flagged this ambiguous (country, currency or price-surface unclear). Needs manual review before any scaffolding."
tuvalu,LAST_TRY_FAILED,ubuy_tuvalu,https://www.u-buy.tv/en/brand/ailang,u-buy.tv,FNB_LIKELY,3,0,False,44.0,SKIP / CHILD-TASK-BLOCKED,Will's 2026-09-11 handover classified this blocked or not viable. Not re-probed here.
yemen,PENDING,yemen_shopyemeni,https://www.shopyemeni.com/,shopyemeni.com,FNB_LIKELY,2,1,False,46.0,P2 - queue / NEEDS-CUSTOM-CRAWLER,Downloaded CSV batch on 2026-09-12; normalized site was not present in the base workbook | scraping ease: Moderate | add as a new scrape target and crawler-creation candidate
yemen,PENDING,yemen_yemeni,https://yemeni.shop/en/,yemeni.shop,FNB_LIKELY,4,3,False,46.0,P2 - queue / NEEDS-CUSTOM-CRAWLER,Downloaded CSV batch on 2026-09-12; normalized site was not present in the base workbook | scraping ease: Easy | add as a new scrape target and crawler-creation candidate
yemen,PENDING,yemen_yemeni_market,https://yemeni-market.com/en/,yemeni-market.com,FNB_LIKELY,4,1,False,46.0,P2 - queue / NEEDS-CUSTOM-CRAWLER,Downloaded CSV batch on 2026-09-12; normalized site was not present in the base workbook | scraping ease: Easy | add as a new scrape target and crawler-creation candidate
yemen,PENDING,yemen_baladyyemen,https://baladyyemen.com/,baladyyemen.com,FNB_LIKELY,4,2,False,46.0,P2 - queue / NEEDS-CUSTOM-CRAWLER,Downloaded CSV batch on 2026-09-12; normalized site was not present in the base workbook | scraping ease: Easy | add as a new scrape target and crawler-creation candidate
gabon,PENDING,Malumbi,https://malumbi.com/,malumbi.com,FNB_LIKELY,3,1,True,48.0,P2 - queue / ACCEPT,"Candidate found in the 2026-08-31 sourcing round, never built. build_tier=not scored; scrapability=nan; class=PrestaShop"
afghanistan,PENDING,Agrix agricultural marketplace check,https://agrixmarketplace.com/,agrixmarketplace.com,FNB_LIKELY,4,1,True,49.0,P2 - queue / Direct,"Candidate found in the 2026-08-31 sourcing round, never built. build_tier=C - engineering required; scrapability=nan; class=B2B agricultural marketplace"
afghanistan,PENDING,Ubuy Afghanistan,https://www.ubuy.com/,ubuy.com,FNB_LIKELY,3,1,True,49.0,P3 - backlog / Access check,"Candidate found in the 2026-08-31 sourcing round, never built. build_tier=D - hard / app / index only; scrapability=nan; class=Cross-border marketplace"
afghanistan,PENDING,World Prices Afghanistan,https://world-prices.com/,world-prices.com,FNB_LIKELY,2,1,True,49.0,P3 - backlog / Access check,"Candidate found in the 2026-08-31 sourcing round, never built. build_tier=D - hard / app / index only; scrapability=nan; class=Reference price source"
afghanistan,PENDING,ZmaDookan,https://zmadookan.com/shop,zmadookan.com,FNB_LIKELY,8,0,True,49.0,P2 - queue / EVIDENCE-ONLY,From Will's 2026-09-11 South Asia wave. His handover states explicitly that HAVE there means a child task found public price evidence and a plausible scraper path -- NOT that a crawler exists. Recorded as PENDING: it still needs to be implemented and live-tested before ingestion.
afghanistan,PENDING,Karwaan,https://karwaan.af/,karwaan.af,FNB_LIKELY,6,1,True,49.0,P2 - queue / EVIDENCE-ONLY,From Will's 2026-09-11 South Asia wave. His handover states explicitly that HAVE there means a child task found public price evidence and a plausible scraper path -- NOT that a crawler exists. Recorded as PENDING: it still needs to be implemented and live-tested before ingestion.
afghanistan,PENDING,Kefayat Supermarket,https://www.kefayatsupermarket.com/,kefayatsupermarket.com,FNB_LIKELY,6,2,True,49.0,P2 - queue / EVIDENCE-ONLY,From Will's 2026-09-11 South Asia wave. His handover states explicitly that HAVE there means a child task found public price evidence and a plausible scraper path -- NOT that a crawler exists. Recorded as PENDING: it still needs to be implemented and live-tested before ingestion.
afghanistan,PENDING,Hamachiz,https://www.hamachiz.com/,hamachiz.com,FNB_LIKELY,7,6,True,49.0,P2 - queue / EVIDENCE-ONLY,From Will's 2026-09-11 South Asia wave. His handover states explicitly that HAVE there means a child task found public price evidence and a plausible scraper path -- NOT that a crawler exists. Recorded as PENDING: it still needs to be implemented and live-tested before ingestion.
afghanistan,PENDING,Zhmary,https://www.zhmary.com/,zhmary.com,FNB_LIKELY,7,2,True,49.0,P2 - queue / CANDIDATE,From Will's 2026-09-11 South Asia wave. His handover states explicitly that HAVE there means a child task found public price evidence and a plausible scraper path -- NOT that a crawler exists. Recorded as PENDING: it still needs to be implemented and live-tested before ingestion.
afghanistan,PENDING,Kharid,https://www.kharid.af/shop,kharid.af,FNB_LIKELY,3,2,True,49.0,P2 - queue / CANDIDATE,From Will's 2026-09-11 South Asia wave. His handover states explicitly that HAVE there means a child task found public price evidence and a plausible scraper path -- NOT that a crawler exists. Recorded as PENDING: it still needs to be implemented and live-tested before ingestion.
afghanistan,PENDING,Maihandost Shop,https://maihandostshop.com/,maihandostshop.com,FNB_LIKELY,7,0,True,49.0,P2 - queue / EVIDENCE-ONLY,From Will's 2026-09-11 South Asia wave. His handover states explicitly that HAVE there means a child task found public price evidence and a plausible scraper path -- NOT that a crawler exists. Recorded as PENDING: it still needs to be implemented and live-tested before ingestion.
afghanistan,PENDING,AfghanBazar,https://www.afghanbazar.app/,afghanbazar.app,FNB_LIKELY,4,2,True,49.0,P2 - queue / EVIDENCE-ONLY,From Will's 2026-09-11 South Asia wave. His handover states explicitly that HAVE there means a child task found public price evidence and a plausible scraper path -- NOT that a crawler exists. Recorded as PENDING: it still needs to be implemented and live-tested before ingestion.
afghanistan,PENDING,Rasteen Bazar,https://rasteenltd.com/,rasteenltd.com,FNB_LIKELY,3,2,True,49.0,P2 - queue / EVIDENCE-ONLY,From Will's 2026-09-11 South Asia wave. His handover states explicitly that HAVE there means a child task found public price evidence and a plausible scraper path -- NOT that a crawler exists. Recorded as PENDING: it still needs to be implemented and live-tested before ingestion.
afghanistan,PENDING,Leelam.af classifieds / DEM.af seller,https://www.leelam.af/en/afghanistan-online-shopping-,leelam.af,FNB_LIKELY,5,3,True,49.0,P2 - queue / EVIDENCE-ONLY,From Will's 2026-09-11 South Asia wave. His handover states explicitly that HAVE there means a child task found public price evidence and a plausible scraper path -- NOT that a crawler exists. Recorded as PENDING: it still needs to be implemented and live-tested before ingestion.
afghanistan,PENDING,Noor Aziz Electronics,https://www.nooraziz.net/,nooraziz.net,FNB_LIKELY,2,1,True,49.0,P2 - queue / CANDIDATE,From Will's 2026-09-11 South Asia wave. His handover states explicitly that HAVE there means a child task found public price evidence and a plausible scraper path -- NOT that a crawler exists. Recorded as PENDING: it still needs to be implemented and live-tested before ingestion.
afghanistan,PENDING,Fiber Technology Services Co,https://fibertech.com.af/,fibertech.com.af,FNB_LIKELY,1,0,True,49.0,P2 - queue / EVIDENCE-ONLY,From Will's 2026-09-11 South Asia wave. His handover states explicitly that HAVE there means a child task found public price evidence and a plausible scraper path -- NOT that a crawler exists. Recorded as PENDING: it still needs to be implemented and live-tested before ingestion.
afghanistan,PENDING,Afzon,https://www.afzon.af/shop,afzon.af,FNB_LIKELY,4,2,True,49.0,P2 - queue / EVIDENCE-ONLY,From Will's 2026-09-11 South Asia wave. His handover states explicitly that HAVE there means a child task found public price evidence and a plausible scraper path -- NOT that a crawler exists. Recorded as PENDING: it still needs to be implemented and live-tested before ingestion.
afghanistan,PENDING,Liwal Htay Afghanistan marketplace,https://htay.liwal.com/?jwrph=AF&zbh=en,htay.liwal.com,FNB_LIKELY,5,0,True,49.0,P2 - queue / EVIDENCE-ONLY,From Will's 2026-09-11 South Asia wave. His handover states explicitly that HAVE there means a child task found public price evidence and a plausible scraper path -- NOT that a crawler exists. Recorded as PENDING: it still needs to be implemented and live-tested before ingestion.
afghanistan,PENDING,Jamshidi Mart,https://jamshidimart.com/product-category/top-sales/?view_mode=list,jamshidimart.com,FNB_LIKELY,6,0,True,49.0,P2 - queue / EVIDENCE-ONLY,From Will's 2026-09-11 South Asia wave. His handover states explicitly that HAVE there means a child task found public price evidence and a plausible scraper path -- NOT that a crawler exists. Recorded as PENDING: it still needs to be implemented and live-tested before ingestion.
afghanistan,PENDING,Afghanistan Ministry of Industry and Commerce market prices,https://old.moci.gov.af/index.php/en/node/413,old.moci.gov.af,FNB_LIKELY,3,0,True,49.0,P2 - queue / EVIDENCE-ONLY,From Will's 2026-09-11 South Asia wave. His handover states explicitly that HAVE there means a child task found public price evidence and a plausible scraper path -- NOT that a crawler exists. Recorded as PENDING: it still needs to be implemented and live-tested before ingestion.
afghanistan,LAST_TRY_FAILED,International Shopify stores with Afghanistan currency selector,https://blueplaneteyewear.com/collections/new-blue-planet-sunglasses-1/products/aire-onyx-polarized-sunglasses,blueplaneteyewear.com,FNB_LIKELY,2,0,False,49.0,SKIP / CHILD-TASK-SKIP,"Will's 2026-09-11 South Asia wave marked this SKIP (app-gated, no price, or wrong country)."
afghanistan,LAST_TRY_FAILED,Kabul Bazaar Online Store,https://kabulbazaar.store/,kabulbazaar.store,FNB_LIKELY,9,0,False,49.0,SKIP / CHILD-TASK-SKIP,"Will's 2026-09-11 South Asia wave marked this SKIP (app-gated, no price, or wrong country)."
afghanistan,LAST_TRY_FAILED,Zoom Supermarket Wix,https://zoomsupermarket.wixsite.com/zoomsm/shop,zoomsupermarket.wixsite.com,FNB_LIKELY,3,0,False,49.0,SKIP / CHILD-TASK-FAILED,Will's 2026-09-11 South Asia wave could not retrieve prices.
haiti,PENDING,Delimart Haiti,https://delimarthaiti.com/,delimarthaiti.com,FNB_LIKELY,5,1,True,49.0,P1 - build now / ACCEPT,"Candidate found in the 2026-08-31 sourcing round, never built. build_tier=not scored; scrapability=nan; class=Custom"
haiti,PENDING,haiti_fenkparet,https://www.fenkparet.com/,fenkparet.com,FNB_LIKELY,3,2,False,49.0,P2 - queue / NEEDS-CUSTOM-CRAWLER,Downloaded CSV batch on 2026-09-12; normalized site was not present in the base workbook | scraping ease: Moderate | add as a new scrape target and crawler-creation candidate
haiti,PENDING,haiti_ayizan_ht,https://ayizan.ht/,ayizan.ht,FNB_LIKELY,4,3,False,49.0,P2 - queue / NEEDS-CUSTOM-CRAWLER,Downloaded CSV batch on 2026-09-12; normalized site was not present in the base workbook | scraping ease: Easy | add as a new scrape target and crawler-creation candidate
haiti,PENDING,haiti_konplekslakay,https://www.konplekslakay.com/,konplekslakay.com,FNB_LIKELY,2,1,False,49.0,P2 - queue / NEEDS-CUSTOM-CRAWLER,Downloaded CSV batch on 2026-09-12; normalized site was not present in the base workbook | scraping ease: Moderate | add as a new scrape target and crawler-creation candidate
bahamas_the,PENDING,bahamas_the_700winesandspirits,https://www.700winesandspirits.com/,700winesandspirits.com,FNB_LIKELY,5,1,False,52.0,P2 - queue / NEEDS-CUSTOM-CRAWLER,Downloaded CSV batch on 2026-09-12; normalized site was not present in the base workbook | scraping ease: Easy | pricing visible: Yes | add as a new scrape target and crawler-creation candidate
bahamas_the,PENDING,bahamas_the_caribbeanwines,https://www.caribbeanwines.com/,caribbeanwines.com,FNB_LIKELY,3,1,False,52.0,P2 - queue / NEEDS-CUSTOM-CRAWLER,Downloaded CSV batch on 2026-09-12; normalized site was not present in the base workbook | scraping ease: Moderate | pricing visible: Limited | add as a new scrape target and crawler-creation candidate
bahamas_the,PENDING,bahamas_the_youcanorderbahamas,https://www.youcanorderbahamas.com/,youcanorderbahamas.com,FNB_LIKELY,6,1,False,52.0,P2 - queue / NEEDS-CUSTOM-CRAWLER,Downloaded CSV batch on 2026-09-12; normalized site was not present in the base workbook | scraping ease: Moderate | pricing visible: Yes | add as a new scrape target and crawler-creation candidate
bahamas_the,PENDING,bahamas_the_pricepal_bs,https://pricepal.gov.bs/,pricepal.gov.bs,FNB_LIKELY,3,1,False,52.0,P2 - queue / NEEDS-CUSTOM-CRAWLER,Downloaded CSV batch on 2026-09-12; normalized site was not present in the base workbook | scraping ease: Moderate | add as a new scrape target and crawler-creation candidate
bahamas_the,PENDING,bahamas_the_bahamaswholesale,https://www.bahamaswholesale.com/product-listing,bahamaswholesale.com,FNB_LIKELY,2,1,False,52.0,P2 - queue / NEEDS-CUSTOM-CRAWLER,Downloaded CSV batch on 2026-09-12; normalized site was not present in the base workbook | scraping ease: Easy | add as a new scrape target and crawler-creation candidate
bahamas_the,PENDING,bahamas_the_isfoodsco,https://www.isfoodsco.com/copy-of-price-list,isfoodsco.com,FNB_LIKELY,7,2,False,52.0,P2 - queue / NEEDS-CUSTOM-CRAWLER,Downloaded CSV batch on 2026-09-12; normalized site was not present in the base workbook | scraping ease: Easy | add as a new scrape target and crawler-creation candidate
tanzania,PENDING,Jambo Supermarket,https://www.jambosupermarket.online/,jambosupermarket.online,FNB_LIKELY,3,1,True,56.0,P2 - queue / ACCEPT,"Candidate found in the 2026-08-31 sourcing round, never built. build_tier=not scored; scrapability=nan; class=Custom"
ethiopia,PENDING,Queens Supermarket / Shoa,https://shoashopping.com/,shoashopping.com,FNB_LIKELY,2,1,True,58.0,P2 - queue / SUSPECT,"Candidate found in the 2026-08-31 sourcing round, never built. build_tier=not scored; scrapability=nan; class=WordPress/WooCommerce"
ethiopia,PENDING,klik Grocery,https://klik.delivery/grocery,klik.delivery,FNB_LIKELY,3,1,True,58.0,P2 - queue / ACCEPT,"Candidate found in the 2026-08-31 sourcing round, never built. build_tier=not scored; scrapability=nan; class=Custom"
belize,PENDING,Lagniappe Belize Grocery,http://www.belizegrocery.com/,belizegrocery.com,FNB_LIKELY,3,1,True,60.0,P2 - queue / SUSPECT,"Candidate found in the 2026-08-31 sourcing round, never built. build_tier=not scored; scrapability=nan; class=Custom"
belize,PENDING,MyStore Belize,https://mystore.bz/,mystore.bz,FNB_LIKELY,3,1,True,60.0,P2 - queue / ACCEPT,"Candidate found in the 2026-08-31 sourcing round, never built. build_tier=not scored; scrapability=nan; class=Custom"
belize,PENDING,belize_14forty_bz,https://www.14forty.bz/,14forty.bz,FNB_LIKELY,4,1,False,60.0,P2 - queue / NEEDS-CUSTOM-CRAWLER,Downloaded CSV batch on 2026-09-12; normalized site was not present in the base workbook | scraping ease: Moderate | pricing visible: Limited | add as a new scrape target and crawler-creation candidate
belize,PENDING,belize_caribbeantobacco,https://www.caribbeantobacco.com/,caribbeantobacco.com,FNB_LIKELY,2,1,False,60.0,P2 - queue / NEEDS-CUSTOM-CRAWLER,Downloaded CSV batch on 2026-09-12; normalized site was not present in the base workbook | scraping ease: Moderate | pricing visible: Limited | add as a new scrape target and crawler-creation candidate
belize,PENDING,belize_kokomomarkets,https://kokomomarkets.com/,kokomomarkets.com,FNB_LIKELY,8,1,False,60.0,P2 - queue / NEEDS-CUSTOM-CRAWLER,Downloaded CSV batch on 2026-09-12; normalized site was not present in the base workbook | scraping ease: Easy | add as a new scrape target and crawler-creation candidate
belize,PENDING,belize_corozalcigars,https://corozalcigars.com/,corozalcigars.com,FNB_LIKELY,2,1,False,60.0,P2 - queue / NEEDS-CUSTOM-CRAWLER,Downloaded CSV batch on 2026-09-12; normalized site was not present in the base workbook | scraping ease: Easy | pricing visible: Yes | add as a new scrape target and crawler-creation candidate
belize,PENDING,belize_jcclubbelize,https://jcclubbelize.com/tobacco-products/tobacco-products/,jcclubbelize.com,FNB_LIKELY,2,1,False,60.0,P2 - queue / NEEDS-CUSTOM-CRAWLER,Downloaded CSV batch on 2026-09-12; normalized site was not present in the base workbook | scraping ease: Moderate | pricing visible: Login required | add as a new scrape target and crawler-creation candidate
rwanda,PENDING,Pride Farms,https://www.pridefarms.rw/,pridefarms.rw,FNB_LIKELY,2,1,True,61.0,P1 - build now / ACCEPT,"Candidate found in the 2026-08-31 sourcing round, never built. build_tier=not scored; scrapability=nan; class=Wix"
rwanda,PENDING,rwanda_rwandamart_rw,https://rwandamart.rw/,rwandamart.rw,FNB_LIKELY,5,4,False,61.0,P2 - queue / NEEDS-CUSTOM-CRAWLER,Downloaded CSV batch on 2026-09-12; normalized site was not present in the base workbook | scraping ease: Easy | add as a new scrape target and crawler-creation candidate
belgium,PENDING,Bol.com Belgium,https://www.bol.com/be/,bol.com,FNB_LIKELY,3,2,True,63.0,P2 - queue / Directory/report,"Candidate found in the 2026-08-31 sourcing round, never built. build_tier=C - engineering required; scrapability=nan; class=General marketplace"
belgium,PENDING,belgium_cigarworld_be,https://www.cigarworld.be/,cigarworld.be,FNB_LIKELY,2,1,False,63.0,P2 - queue / NEEDS-CUSTOM-CRAWLER,Downloaded CSV batch on 2026-09-12; normalized site was not present in the base workbook | scraping ease: Easy | pricing visible: Yes | add as a new scrape target and crawler-creation candidate
belgium,PENDING,belgium_havanahouse_be,https://www.havanahouse.be/,havanahouse.be,FNB_LIKELY,2,1,False,63.0,P2 - queue / NEEDS-CUSTOM-CRAWLER,Downloaded CSV batch on 2026-09-12; normalized site was not present in the base workbook | scraping ease: Easy | pricing visible: Yes | add as a new scrape target and crawler-creation candidate
belgium,PENDING,belgium_smokershop_be,https://www.smokershop.be/,smokershop.be,FNB_LIKELY,2,1,False,63.0,P2 - queue / NEEDS-CUSTOM-CRAWLER,Downloaded CSV batch on 2026-09-12; normalized site was not present in the base workbook | scraping ease: Easy | pricing visible: Yes | add as a new scrape target and crawler-creation candidate
belgium,PENDING,belgium_tabaccheria_be,https://www.tabaccheria.be/,tabaccheria.be,FNB_LIKELY,2,1,False,63.0,P2 - queue / NEEDS-CUSTOM-CRAWLER,Downloaded CSV batch on 2026-09-12; normalized site was not present in the base workbook | scraping ease: Easy | pricing visible: Yes | add as a new scrape target and crawler-creation candidate
french_polynesia,PENDING,french_polynesia_tahitistore_fr,https://tahitistore.fr/,tahitistore.fr,FNB_LIKELY,3,1,False,63.0,P2 - queue / NEEDS-CUSTOM-CRAWLER,Downloaded CSV batch on 2026-09-12; normalized site was not present in the base workbook | scraping ease: Easy | add as a new scrape target and crawler-creation candidate
tunisia,PENDING,Founa,https://founa.com/,founa.com,FNB_LIKELY,4,1,True,65.0,P2 - queue / Directory/report,"Candidate found in the 2026-08-31 sourcing round, never built. build_tier=C - engineering required; scrapability=nan; class=Online supermarket"
malawi,PENDING,EasyMart Malawi,https://easymartmalawi.com/,easymartmalawi.com,FNB_LIKELY,2,1,True,66.0,P2 - queue / SUSPECT,"Candidate found in the 2026-08-31 sourcing round, never built. build_tier=not scored; scrapability=nan; class=Custom"
malawi,PENDING,SPCTRM Grocery Lilongwe,https://spctrmafrica.com/grocery-delivery-lilongwe/,spctrmafrica.com,FNB_LIKELY,4,1,True,66.0,P2 - queue / SUSPECT,"Candidate found in the 2026-08-31 sourcing round, never built. build_tier=not scored; scrapability=nan; class=Custom"
uzbekistan,PENDING,Express24,https://express24.uz/,express24.uz,FNB_LIKELY,3,2,True,66.0,P2 - queue / ACCEPT,"Candidate found in the 2026-08-31 sourcing round, never built. build_tier=not scored; scrapability=nan; class=Custom"
uzbekistan,PENDING,Le Bazar,https://lebazar.uz/,lebazar.uz,FNB_LIKELY,4,1,True,66.0,P2 - queue / ACCEPT,"Candidate found in the 2026-08-31 sourcing round, never built. build_tier=not scored; scrapability=nan; class=Custom"
uzbekistan,PENDING,Yanada.uz,https://www.yanada.uz/,yanada.uz,FNB_LIKELY,2,1,True,66.0,P2 - queue / SUSPECT,"Candidate found in the 2026-08-31 sourcing round, never built. build_tier=not scored; scrapability=nan; class=Custom"
antigua_and_barbuda,PENDING,Caribbean Eat country collection check,https://caribbeaneat.com/,caribbeaneat.com,FNB_LIKELY,5,2,True,67.0,P1 - build now / Direct,"Candidate found in the 2026-08-31 sourcing round, never built. build_tier=C - engineering required; scrapability=nan; class=Regional/diaspora grocery"
antigua_and_barbuda,PENDING,Mercado Libre Antigua and Barbuda,https://www.mercadolibre.com/,mercadolibre.com,FNB_LIKELY,4,1,True,67.0,P3 - backlog / Access check,"Candidate found in the 2026-08-31 sourcing round, never built. build_tier=D - hard / app / index only; scrapability=nan; class=Regional marketplace"
antigua_and_barbuda,PENDING,My Caribbean Grocer country-product check,https://mycaribbeangrocer.com/,mycaribbeangrocer.com,FNB_LIKELY,4,1,True,67.0,P1 - build now / Direct,"Candidate found in the 2026-08-31 sourcing round, never built. build_tier=C - engineering required; scrapability=nan; class=Regional/diaspora grocery"
antigua_and_barbuda,PENDING,antigua_and_barbuda_dadlibuy,https://dadlibuy.com/,dadlibuy.com,FNB_LIKELY,3,1,False,67.0,P2 - queue / NEEDS-CUSTOM-CRAWLER,Downloaded CSV batch on 2026-09-12; normalized site was not present in the base workbook | scraping ease: Moderate | add as a new scrape target and crawler-creation candidate
antigua_and_barbuda,PENDING,antigua_and_barbuda_ubuy_ag,https://www.ubuy.com.ag/,ubuy.com.ag,FNB_LIKELY,3,2,False,67.0,P2 - queue / NEEDS-CUSTOM-CRAWLER,Downloaded CSV batch on 2026-09-12; normalized site was not present in the base workbook | scraping ease: Moderate | add as a new scrape target and crawler-creation candidate
iran,PENDING,ExportHub Iran,https://www.exporthub.com/iran/,exporthub.com,FNB_LIKELY,5,2,False,69.0,P2 - queue / Direct,"Candidate found in the 2026-08-31 sourcing round, never built. build_tier=C - engineering required; scrapability=nan; class=Country B2B marketplace"
algeria,PENDING,Africa Medical Marketplace country check,https://africamedicalmarketplace.com/,africamedicalmarketplace.com,FNB_LIKELY,3,2,True,70.0,P2 - queue / Direct,"Candidate found in the 2026-08-31 sourcing round, never built. build_tier=C - engineering required; scrapability=nan; class=Medical B2B marketplace"
algeria,PENDING,Batolis,https://batolis.com/,batolis.com,FNB_LIKELY,2,1,True,70.0,P2 - queue / Directory/report,"Candidate found in the 2026-08-31 sourcing round, never built. build_tier=C - engineering required; scrapability=nan; class=General e-commerce"
algeria,PENDING,MumAfrica country supplier discovery,https://mumafrica.com/,mumafrica.com,FNB_LIKELY,3,1,True,70.0,P2 - queue / Direct,"Candidate found in the 2026-08-31 sourcing round, never built. build_tier=C - engineering required; scrapability=nan; class=African B2B/B2C supplier marketplace"
algeria,PENDING,Yassir Market,https://yassir.com/,yassir.com,FNB_LIKELY,5,1,True,70.0,P2 - queue / Directory/report,"Candidate found in the 2026-08-31 sourcing round, never built. build_tier=C - engineering required; scrapability=nan; class=Delivery marketplace"
algeria,PENDING,algeria_asgsalgeria,https://asgsalgeria.com/product-category/tobacco/,asgsalgeria.com,FNB_LIKELY,2,1,False,70.0,P2 - queue / NEEDS-CUSTOM-CRAWLER,Downloaded CSV batch on 2026-09-12; normalized site was not present in the base workbook | scraping ease: Easy | pricing visible: Yes | add as a new scrape target and crawler-creation candidate
algeria,PENDING,algeria_mbpuff,https://mbpuff.com/,mbpuff.com,FNB_LIKELY,2,1,False,70.0,P2 - queue / NEEDS-CUSTOM-CRAWLER,Downloaded CSV batch on 2026-09-12; normalized site was not present in the base workbook | scraping ease: Easy | pricing visible: Yes | add as a new scrape target and crawler-creation candidate
georgia,PENDING,EuroCaucasus Supplies,https://eurocaucasus.ge/en/index.html,eurocaucasus.ge,FNB_LIKELY,3,2,True,71.0,P2 - queue / Directory/report,"Candidate found in the 2026-08-31 sourcing round, never built. build_tier=C - engineering required; scrapability=nan; class=Food-service/import supplier"
georgia,LAST_TRY_FAILED,2nabiji.ge,,nan,FNB_LIKELY,2,0,False,71.0,SKIP / JS-REQUIRED,"SPA shell — no productive endpoint (lazy-load never hydrates) — all React/Next.js SPA shells, zero price signal and zero product links in a raw `curl_cffi` fetch; none taken to a full Playwright network trace this pass (budget went to market.extra.ge once its Moitane API was found). `2nabiji.ge` carries `og:site_name: ""Ori nabiji Commerce""`."
georgia,LAST_TRY_FAILED,goodwill.ge,,nan,FNB_LIKELY,2,0,False,71.0,SKIP / JS-REQUIRED,"SPA shell — no productive endpoint (lazy-load never hydrates) — all React/Next.js SPA shells, zero price signal and zero product links in a raw `curl_cffi` fetch; none taken to a full Playwright network trace this pass (budget went to market.extra.ge once its Moitane API was found). `2nabiji.ge` carries `og:site_name: ""Ori nabiji Commerce""`."
georgia,LAST_TRY_FAILED,market.extra.ge,,nan,FNB_LIKELY,4,0,False,71.0,SKIP / JS-REQUIRED,"SPA shell — no productive endpoint (lazy-load never hydrates) — backend is the ""Moitane"" white-label grocery-delivery platform (same tenant as `lavka_uz`/`globus_online_kg`), REST API at `api.moitane.ge`. `GET /v1/Categories?BrandId=1&Latitude=..&Longitude=..` works unauthenticated (200, real category tree, shopId=91) but the products-by-category endpoint requires a session: `GET /v1/Tags/main-tag-prods` (the one products-shaped call seen in a Playwright network trace) returns 401 without auth, and every guessed REST path (`/v1/Products?CategoryId=`, `/v1/Products/ByCategory`, `/v1/Shops/{id}/Products`) 404s. Needs an actual client-side category click captured live (the SPA has no plain `<a href>` category links, router-driven) to find the real products call."
georgia,LAST_TRY_FAILED,spar.ge,,nan,FNB_LIKELY,3,0,False,71.0,SKIP / JS-REQUIRED,"SPA shell — no productive endpoint (lazy-load never hydrates) — all React/Next.js SPA shells, zero price signal and zero product links in a raw `curl_cffi` fetch; none taken to a full Playwright network trace this pass (budget went to market.extra.ge once its Moitane API was found). `2nabiji.ge` carries `og:site_name: ""Ori nabiji Commerce""`."
albania,PENDING,AliExpress delivery check Albania,https://www.aliexpress.com/,aliexpress.com,FNB_LIKELY,3,1,True,73.0,P3 - backlog / Access check,"Candidate found in the 2026-08-31 sourcing round, never built. build_tier=D - hard / app / index only; scrapability=nan; class=Cross-border marketplace"
albania,PENDING,Amazon country access Albania,https://www.amazon.com/,amazon.com,FNB_LIKELY,3,1,True,73.0,P3 - backlog / Access check,"Candidate found in the 2026-08-31 sourcing round, never built. build_tier=D - hard / app / index only; scrapability=nan; class=Cross-border/general marketplace"
albania,PENDING,Facebook Marketplace Albania,https://www.facebook.com/marketplace/,facebook.com,FNB_LIKELY,3,2,True,73.0,P3 - backlog / Access check,"Candidate found in the 2026-08-31 sourcing round, never built. build_tier=D - hard / app / index only; scrapability=nan; class=Social classified marketplace"
albania,PENDING,Kaufland Marketplace country access,https://www.kaufland.com/,kaufland.com,FNB_LIKELY,3,1,True,73.0,P2 - queue / Directory/report,"Candidate found in the 2026-08-31 sourcing round, never built. build_tier=C - engineering required; scrapability=nan; class=General marketplace"
albania,PENDING,Zalando country access,https://www.zalando.com/,zalando.com,FNB_LIKELY,3,2,True,73.0,P2 - queue / Directory/report,"Candidate found in the 2026-08-31 sourcing round, never built. build_tier=C - engineering required; scrapability=nan; class=Fashion/lifestyle marketplace"
albania,PENDING,eBay country access Albania,https://www.ebay.com/,ebay.com,FNB_LIKELY,3,1,True,73.0,P3 - backlog / Access check,"Candidate found in the 2026-08-31 sourcing round, never built. build_tier=D - hard / app / index only; scrapability=nan; class=Cross-border/classified marketplace"
albania,PENDING,albania_cigars_al,https://cigars.al/,cigars.al,FNB_LIKELY,2,1,False,73.0,P2 - queue / NEEDS-CUSTOM-CRAWLER,Downloaded CSV batch on 2026-09-12; normalized site was not present in the base workbook | scraping ease: Easy | pricing visible: Yes | add as a new scrape target and crawler-creation candidate
albania,PENDING,albania_tobaccomomi,https://tobaccomomi.com/,tobaccomomi.com,FNB_LIKELY,2,1,False,73.0,P2 - queue / NEEDS-CUSTOM-CRAWLER,Downloaded CSV batch on 2026-09-12; normalized site was not present in the base workbook | scraping ease: Easy | pricing visible: Yes | add as a new scrape target and crawler-creation candidate
sint_maarten_dutch_part,PENDING,sint_maarten_dutch_part_cmsxm,https://www.cmsxm.net/shop-online/,cmsxm.net,FNB_LIKELY,7,1,False,75.0,P2 - queue / NEEDS-CUSTOM-CRAWLER,Downloaded CSV batch on 2026-09-12; normalized site was not present in the base workbook | scraping ease: Moderate | add as a new scrape target and crawler-creation candidate
zambia,PENDING,TigmooEats,https://tigmooeats.com/,tigmooeats.com,FNB_LIKELY,6,1,True,76.0,P2 - queue / ACCEPT,"Candidate found in the 2026-08-31 sourcing round, never built. build_tier=not scored; scrapability=nan; class=Custom"
mauritania,PENDING,KoumbiMarket,https://koumbimarket.eu/services/grocery-delivery,koumbimarket.eu,FNB_LIKELY,4,1,True,77.0,P2 - queue / SUSPECT,"Candidate found in the 2026-08-31 sourcing round, never built. build_tier=not scored; scrapability=nan; class=Custom"
somalia,PENDING,somalia_mtacab_so,https://www.mtacab.so/market-price/,mtacab.so,FNB_LIKELY,5,1,False,77.0,P2 - queue / NEEDS-CUSTOM-CRAWLER,Downloaded CSV batch on 2026-09-12; normalized site was not present in the base workbook | scraping ease: Easy | add as a new scrape target and crawler-creation candidate
venezuela_rb,PENDING,Mercado Libre Venezuela,https://www.mercadolibre.com.ve/,mercadolibre.com.ve,FNB_LIKELY,4,2,True,77.0,P2 - queue / Directory/report,"Candidate found in the 2026-08-31 sourcing round, never built. build_tier=C - engineering required; scrapability=nan; class=General marketplace"
andorra,PENDING,andorra_e_leclercandorra,https://online.e-leclercandorra.com/,online.e-leclercandorra.com,FNB_LIKELY,3,2,False,78.0,P2 - queue / NEEDS-CUSTOM-CRAWLER,Downloaded CSV batch on 2026-09-12; normalized site was not present in the base workbook | scraping ease: Moderate | add as a new scrape target and crawler-creation candidate
benin,PENDING,Martistore,https://martistore.shop/catalogue/nouveautes,martistore.shop,FNB_LIKELY,3,2,True,78.0,P2 - queue / SUSPECT,"Candidate found in the 2026-08-31 sourcing round, never built. build_tier=not scored; scrapability=nan; class=Custom"
benin,PENDING,benin_store_jinukun_bj,https://store.jinukun.bj/,store.jinukun.bj,FNB_LIKELY,9,1,False,78.0,P2 - queue / NEEDS-CUSTOM-CRAWLER,Downloaded CSV batch on 2026-09-12; normalized site was not present in the base workbook | scraping ease: Easy | add as a new scrape target and crawler-creation candidate
benin,PENDING,benin_alimentsbenin,https://www.shop.alimentsbenin.com/page/4/,shop.alimentsbenin.com,FNB_LIKELY,6,1,False,78.0,P2 - queue / NEEDS-CUSTOM-CRAWLER,Downloaded CSV batch on 2026-09-12; normalized site was not present in the base workbook | scraping ease: Easy | add as a new scrape target and crawler-creation candidate
benin,PENDING,benin_cigawinetradings,https://cigawinetradings.com/,cigawinetradings.com,FNB_LIKELY,3,1,False,78.0,P2 - queue / NEEDS-CUSTOM-CRAWLER,Downloaded CSV batch on 2026-09-12; normalized site was not present in the base workbook | scraping ease: Moderate | pricing visible: No | add as a new scrape target and crawler-creation candidate
benin,PENDING,benin_jimpaulcotobac,https://www.jimpaulcotobac.com/,jimpaulcotobac.com,FNB_LIKELY,2,1,False,78.0,P2 - queue / NEEDS-CUSTOM-CRAWLER,Downloaded CSV batch on 2026-09-12; normalized site was not present in the base workbook | scraping ease: Hard | pricing visible: No | add as a new scrape target and crawler-creation candidate
azerbaijan,PENDING,Bravo Supermarket,https://www.bravosupermarket.az/en/,bravosupermarket.az,FNB_LIKELY,2,1,False,80.0,P2 - queue / ACCEPT,"Candidate found in the 2026-08-31 sourcing round, never built. build_tier=not scored; scrapability=nan; class=Custom"
azerbaijan,PENDING,azerbaijan_alcoartbaku,https://alcoartbaku.com/en,alcoartbaku.com,FNB_LIKELY,2,1,False,80.0,P2 - queue / NEEDS-CUSTOM-CRAWLER,Downloaded CSV batch on 2026-09-12; normalized site was not present in the base workbook | scraping ease: Easy | pricing visible: Yes | add as a new scrape target and crawler-creation candidate
azerbaijan,PENDING,azerbaijan_cigars_az,https://cigars.az/en/,cigars.az,FNB_LIKELY,2,1,False,80.0,P2 - queue / NEEDS-CUSTOM-CRAWLER,Downloaded CSV batch on 2026-09-12; normalized site was not present in the base workbook | scraping ease: Moderate | pricing visible: Limited | add as a new scrape target and crawler-creation candidate
switzerland,LAST_TRY_FAILED,www.coop.ch,,nan,FNB_LIKELY,1,0,False,83.0,SKIP / WAF/BOT-BLOCK,"Cloudflare interactive challenge (`cf-mitigated: challenge`) — HTTP 403, `server: DataDome`, `x-datadome: protected`, JS-challenge stub (`geo.captcha-delivery.com`) on curl; headless Playwright confirms the identical DataDome challenge page after an 8s wait (both levers fail per the mandatory gate — genuine block, not a TLS false positive)."
switzerland,LAST_TRY_FAILED,www.spar.ch,,nan,FNB_LIKELY,1,0,False,83.0,SKIP / DEAD-SITE,"Unreachable / no online storefront exists (dead candidate, not a WAF) — live corporate site (200, real content, Apache) but purely a brochure/investor site with a store-locator, no online shop, no shop/webshop link anywhere in the page. `spar.li` does not resolve (`NXDOMAIN`). No Spar e-commerce presence reaches Liechtenstein."
sweden,PENDING,ICA,https://handla.ica.se/,handla.ica.se,FNB_LIKELY,2,1,False,85.0,P3 - backlog / SUSPECT,"Candidate found in the 2026-08-31 sourcing round, never built. build_tier=D - hard / app / index only; scrapability=2.0; class=Custom/Enterprise"
west_bank_and_gaza,PENDING,west_bank_and_gaza_canaanusa,https://www.palestineportal.org/action-advocacy/support-palestine-fair-trade/,palestineportal.org,FNB_LIKELY,4,2,False,85.0,P2 - queue / NEEDS-CUSTOM-CRAWLER,Downloaded CSV batch on 2026-09-12; normalized site was not present in the base workbook | scraping ease: Moderate | add as a new scrape target and crawler-creation candidate
madagascar,PENDING,Bazariko.mg,https://bazariko.mg/,bazariko.mg,FNB_LIKELY,4,1,False,87.0,P2 - queue / ACCEPT,"Candidate found in the 2026-08-31 sourcing round, never built. build_tier=not scored; scrapability=nan; class=Custom"
madagascar,PENDING,Supermarche.mg,https://supermarche.mg/,supermarche.mg,FNB_LIKELY,3,1,False,87.0,P2 - queue / ACCEPT,"Candidate found in the 2026-08-31 sourcing round, never built. build_tier=not scored; scrapability=nan; class=Custom"
madagascar,PENDING,madagascar_ermada_fr,https://ermada.fr/,ermada.fr,FNB_LIKELY,3,2,False,87.0,P2 - queue / NEEDS-CUSTOM-CRAWLER,Downloaded CSV batch on 2026-09-12; normalized site was not present in the base workbook | scraping ease: Moderate | add as a new scrape target and crawler-creation candidate
austria,PENDING,INTERSPAR Onlineshop,https://www.interspar.at/shop/lebensmittel/,interspar.at,FNB_LIKELY,3,1,False,96.0,P2 - queue / ACCEPT,"Candidate found in the 2026-08-31 sourcing round, never built. build_tier=C - engineering required; scrapability=3.0; class=Custom"
lebanon,PENDING,Carrefour Lebanon online,https://www.carrefourlebanon.com/,carrefourlebanon.com,FNB_LIKELY,7,2,False,103.0,P1 - build now / Directory/report,"Candidate found in the 2026-08-31 sourcing round, never built. build_tier=A - low-hanging fruit; scrapability=nan; class=Online hypermarket"
bosnia_and_herzegovina,PENDING,Djuric Supermarket,https://djuric.ba/,djuric.ba,FNB_LIKELY,3,1,False,105.0,P2 - queue / SUSPECT,"Candidate found in the 2026-08-31 sourcing round, never built. build_tier=not scored; scrapability=nan; class=Custom"
bosnia_and_herzegovina,PENDING,Korpa.ba,https://www.korpa.ba/,korpa.ba,FNB_LIKELY,2,1,False,105.0,P2 - queue / ACCEPT,"Candidate found in the 2026-08-31 sourcing round, never built. build_tier=not scored; scrapability=nan; class=Custom"
bosnia_and_herzegovina,PENDING,bosnia_and_herzegovina_isplatise_ba,https://isplatise.ba/,isplatise.ba,FNB_LIKELY,3,1,False,105.0,P2 - queue / NEEDS-CUSTOM-CRAWLER,Downloaded CSV batch on 2026-09-12; normalized site was not present in the base workbook | scraping ease: Easy | add as a new scrape target and crawler-creation candidate
jordan,PENDING,jordan_dumyah,https://www.dumyah.com/en/grocery/dairy-cheese-and-eggs,dumyah.com,FNB_LIKELY,6,1,False,106.0,P2 - queue / NEEDS-CUSTOM-CRAWLER,Downloaded CSV batch on 2026-09-12; normalized site was not present in the base workbook | scraping ease: Easy | add as a new scrape target and crawler-creation candidate
france,LAST_TRY_FAILED,mapsme.fr,,nan,FNB_LIKELY,2,1,False,107.0,SKIP / WAF/BOT-BLOCK,"Cloudflare interactive challenge (`cf-mitigated: challenge`) — (a supermarket-directory site claiming per-country ""adresses, numéros de téléphone, horaires et sites web"" — probed as a candidate to find Burkina Faso retailer websites, not as a source itself) — HTTP 403, `<title>Attention Required! | Cloudflare</title>`, ""Sorry, you have been blocked"", fails `curl_cffi` across `chrome124`/`chrome120`/`safari17_0` (mandatory-gate confirmed). Even unblocked it would only be a directory pointing at retailer sites, most of which turned out not to exist anyway for Burkina Faso."
france,PENDING,HOKOH,https://hokoh.app/,hokoh.app,FNB_LIKELY,3,2,False,107.0,P2 - queue / ACCEPT,"Candidate found in the 2026-08-31 sourcing round, never built. build_tier=C - engineering required; scrapability=3.0; class=Custom"
france,PENDING,france_french_corner_shop,https://www.french-corner-shop.com/en/,french-corner-shop.com,FNB_LIKELY,7,1,False,107.0,P2 - queue / NEEDS-CUSTOM-CRAWLER,Downloaded CSV batch on 2026-09-12; normalized site was not present in the base workbook | scraping ease: Easy | add as a new scrape target and crawler-creation candidate
france,PENDING,france_my_french_grocery,https://my-french-grocery.com/,my-french-grocery.com,FNB_LIKELY,6,1,False,107.0,P2 - queue / NEEDS-CUSTOM-CRAWLER,Downloaded CSV batch on 2026-09-12; normalized site was not present in the base workbook | scraping ease: Easy | add as a new scrape target and crawler-creation candidate
france,PENDING,france_monepiceriegourmande,https://monepiceriegourmande.com/en,monepiceriegourmande.com,FNB_LIKELY,6,1,False,107.0,P2 - queue / NEEDS-CUSTOM-CRAWLER,Downloaded CSV batch on 2026-09-12; normalized site was not present in the base workbook | scraping ease: Moderate | add as a new scrape target and crawler-creation candidate
france,PENDING,france_france_export_fv_online,https://france-export-fv-online.com/en/,france-export-fv-online.com,FNB_LIKELY,10,1,False,107.0,P2 - queue / NEEDS-CUSTOM-CRAWLER,Downloaded CSV batch on 2026-09-12; normalized site was not present in the base workbook | scraping ease: Easy | add as a new scrape target and crawler-creation candidate
maldives,PENDING,Good Food Maldives,https://www.goodfoodmaldives.com/,goodfoodmaldives.com,FNB_LIKELY,5,0,False,110.0,P2 - queue / EVIDENCE-ONLY,From Will's 2026-09-11 South Asia wave. His handover states explicitly that HAVE there means a child task found public price evidence and a plausible scraper path -- NOT that a crawler exists. Recorded as PENDING: it still needs to be implemented and live-tested before ingestion.
maldives,PENDING,Redwave Online,https://redwave.mv/product-category/groceries/,redwave.mv,FNB_LIKELY,5,1,False,110.0,P2 - queue / EVIDENCE-ONLY,From Will's 2026-09-11 South Asia wave. His handover states explicitly that HAVE there means a child task found public price evidence and a plausible scraper path -- NOT that a crawler exists. Recorded as PENDING: it still needs to be implemented and live-tested before ingestion.
maldives,PENDING,Redwave Online - order subdomain,https://order.redwave.mv/product-category/technology-electronics/,order.redwave.mv,FNB_LIKELY,3,2,False,110.0,P2 - queue / EVIDENCE-ONLY,From Will's 2026-09-11 South Asia wave. His handover states explicitly that HAVE there means a child task found public price evidence and a plausible scraper path -- NOT that a crawler exists. Recorded as PENDING: it still needs to be implemented and live-tested before ingestion.
maldives,PENDING,Light Baazaaru,https://www.lightbaazaaru.com/shop,lightbaazaaru.com,FNB_LIKELY,4,0,False,110.0,P2 - queue / EVIDENCE-ONLY,From Will's 2026-09-11 South Asia wave. His handover states explicitly that HAVE there means a child task found public price evidence and a plausible scraper path -- NOT that a crawler exists. Recorded as PENDING: it still needs to be implemented and live-tested before ingestion.
maldives,PENDING,eTukuri,https://shop.etukuri.mv/products,shop.etukuri.mv,FNB_LIKELY,4,1,False,110.0,P2 - queue / EVIDENCE-ONLY,From Will's 2026-09-11 South Asia wave. His handover states explicitly that HAVE there means a child task found public price evidence and a plausible scraper path -- NOT that a crawler exists. Recorded as PENDING: it still needs to be implemented and live-tested before ingestion.
maldives,PENDING,STO eStore,https://estore.mv/Shop?site=s002&view=0,estore.mv,FNB_LIKELY,5,1,False,110.0,P2 - queue / EVIDENCE-ONLY,From Will's 2026-09-11 South Asia wave. His handover states explicitly that HAVE there means a child task found public price evidence and a plausible scraper path -- NOT that a crawler exists. Recorded as PENDING: it still needs to be implemented and live-tested before ingestion.
maldives,PENDING,Satheyka,https://satheyka.mv/product-category/babies/,satheyka.mv,FNB_LIKELY,3,0,False,110.0,P2 - queue / EVIDENCE-ONLY,From Will's 2026-09-11 South Asia wave. His handover states explicitly that HAVE there means a child task found public price evidence and a plausible scraper path -- NOT that a crawler exists. Recorded as PENDING: it still needs to be implemented and live-tested before ingestion.
maldives,PENDING,Ess Electronics,https://esselectronics.mv/shop/,esselectronics.mv,FNB_LIKELY,2,1,False,110.0,P2 - queue / EVIDENCE-ONLY,From Will's 2026-09-11 South Asia wave. His handover states explicitly that HAVE there means a child task found public price evidence and a plausible scraper path -- NOT that a crawler exists. Recorded as PENDING: it still needs to be implemented and live-tested before ingestion.
maldives,PENDING,LEAD TECH Maldives,https://www.leadtechmv.com/,leadtechmv.com,FNB_LIKELY,2,1,False,110.0,P2 - queue / EVIDENCE-ONLY,From Will's 2026-09-11 South Asia wave. His handover states explicitly that HAVE there means a child task found public price evidence and a plausible scraper path -- NOT that a crawler exists. Recorded as PENDING: it still needs to be implemented and live-tested before ingestion.
maldives,PENDING,Mr Pencil,https://mrpencil.mv/shop/,mrpencil.mv,FNB_LIKELY,2,0,False,110.0,P2 - queue / EVIDENCE-ONLY,From Will's 2026-09-11 South Asia wave. His handover states explicitly that HAVE there means a child task found public price evidence and a plausible scraper path -- NOT that a crawler exists. Recorded as PENDING: it still needs to be implemented and live-tested before ingestion.
maldives,PENDING,Navaahi Traders Fresh Market,https://navaahi.wixsite.com/mysite-3,navaahi.wixsite.com,FNB_LIKELY,11,0,False,110.0,P2 - queue / EVIDENCE-ONLY,From Will's 2026-09-11 South Asia wave. His handover states explicitly that HAVE there means a child task found public price evidence and a plausible scraper path -- NOT that a crawler exists. Recorded as PENDING: it still needs to be implemented and live-tested before ingestion.
maldives,PENDING,WHIM Dhiffushi,https://www.whim.com.mv/,whim.com.mv,FNB_LIKELY,4,0,False,110.0,P2 - queue / EVIDENCE-ONLY,From Will's 2026-09-11 South Asia wave. His handover states explicitly that HAVE there means a child task found public price evidence and a plausible scraper path -- NOT that a crawler exists. Recorded as PENDING: it still needs to be implemented and live-tested before ingestion.
maldives,PENDING,Shell Beans,https://shellbeans.com/product/tuna-mayo-sandwich-signature/,shellbeans.com,FNB_LIKELY,6,3,False,110.0,P2 - queue / EVIDENCE-ONLY,From Will's 2026-09-11 South Asia wave. His handover states explicitly that HAVE there means a child task found public price evidence and a plausible scraper path -- NOT that a crawler exists. Recorded as PENDING: it still needs to be implemented and live-tested before ingestion.
maldives,PENDING,Foodele Fuvahmulah,https://foodele.com/,foodele.com,FNB_LIKELY,5,1,False,110.0,P2 - queue / CANDIDATE,From Will's 2026-09-11 South Asia wave. His handover states explicitly that HAVE there means a child task found public price evidence and a plausible scraper path -- NOT that a crawler exists. Recorded as PENDING: it still needs to be implemented and live-tested before ingestion.
maldives,PENDING,Edhumashi,https://www.edhumashi.mv/store/en/products/80552083-1169-46ac-18fd-08dde5ac0b3a,edhumashi.mv,FNB_LIKELY,4,0,False,110.0,P2 - queue / EVIDENCE-ONLY,From Will's 2026-09-11 South Asia wave. His handover states explicitly that HAVE there means a child task found public price evidence and a plausible scraper path -- NOT that a crawler exists. Recorded as PENDING: it still needs to be implemented and live-tested before ingestion.
maldives,PENDING,Vivo Home,https://www.vivohome.mv/product/orc-3-door-wardrobe,vivohome.mv,FNB_LIKELY,2,1,False,110.0,P2 - queue / EVIDENCE-ONLY,From Will's 2026-09-11 South Asia wave. His handover states explicitly that HAVE there means a child task found public price evidence and a plausible scraper path -- NOT that a crawler exists. Recorded as PENDING: it still needs to be implemented and live-tested before ingestion.
maldives,PENDING,Pestex Maldives,https://pestexmaldives.com/shop/facial-tissue-cube-5073,pestexmaldives.com,FNB_LIKELY,1,0,False,110.0,P2 - queue / EVIDENCE-ONLY,From Will's 2026-09-11 South Asia wave. His handover states explicitly that HAVE there means a child task found public price evidence and a plausible scraper path -- NOT that a crawler exists. Recorded as PENDING: it still needs to be implemented and live-tested before ingestion.
maldives,PENDING,LinkServe Shop,https://shop.linkserve.mv/shop/82431-fiber-optic-to-rf-converter-female-58912,shop.linkserve.mv,FNB_LIKELY,2,1,False,110.0,P2 - queue / EVIDENCE-ONLY,From Will's 2026-09-11 South Asia wave. His handover states explicitly that HAVE there means a child task found public price evidence and a plausible scraper path -- NOT that a crawler exists. Recorded as PENDING: it still needs to be implemented and live-tested before ingestion.
maldives,PENDING,Berry Collection,https://berrycollection.com/,berrycollection.com,FNB_LIKELY,3,1,False,110.0,P2 - queue / EVIDENCE-ONLY,From Will's 2026-09-11 South Asia wave. His handover states explicitly that HAVE there means a child task found public price evidence and a plausible scraper path -- NOT that a crawler exists. Recorded as PENDING: it still needs to be implemented and live-tested before ingestion.
maldives,PENDING,EyeCare Maldives,https://eyecare.mv/,eyecare.mv,FNB_LIKELY,1,0,False,110.0,P2 - queue / EVIDENCE-ONLY,From Will's 2026-09-11 South Asia wave. His handover states explicitly that HAVE there means a child task found public price evidence and a plausible scraper path -- NOT that a crawler exists. Recorded as PENDING: it still needs to be implemented and live-tested before ingestion.
maldives,PENDING,Oagaa Opticals,https://oagaaoptical.com/,oagaaoptical.com,FNB_LIKELY,2,0,False,110.0,P2 - queue / EVIDENCE-ONLY,From Will's 2026-09-11 South Asia wave. His handover states explicitly that HAVE there means a child task found public price evidence and a plausible scraper path -- NOT that a crawler exists. Recorded as PENDING: it still needs to be implemented and live-tested before ingestion.
maldives,PENDING,Ayala Bubbles Store,https://store.ayalabubbles.com/shop/category/sunglasses-lens-51,store.ayalabubbles.com,FNB_LIKELY,1,0,False,110.0,P2 - queue / EVIDENCE-ONLY,From Will's 2026-09-11 South Asia wave. His handover states explicitly that HAVE there means a child task found public price evidence and a plausible scraper path -- NOT that a crawler exists. Recorded as PENDING: it still needs to be implemented and live-tested before ingestion.
maldives,PENDING,Brandloom,https://brandloom.mv/shop/,brandloom.mv,FNB_LIKELY,1,0,False,110.0,P2 - queue / EVIDENCE-ONLY,From Will's 2026-09-11 South Asia wave. His handover states explicitly that HAVE there means a child task found public price evidence and a plausible scraper path -- NOT that a crawler exists. Recorded as PENDING: it still needs to be implemented and live-tested before ingestion.
maldives,PENDING,Toddy Inc,https://www.weartoddy.com/,weartoddy.com,FNB_LIKELY,2,1,False,110.0,P2 - queue / EVIDENCE-ONLY,From Will's 2026-09-11 South Asia wave. His handover states explicitly that HAVE there means a child task found public price evidence and a plausible scraper path -- NOT that a crawler exists. Recorded as PENDING: it still needs to be implemented and live-tested before ingestion.
maldives,LAST_TRY_FAILED,Desertcart Maldives,https://maldives.desertcart.com/,maldives.desertcart.com,FNB_LIKELY,2,0,False,110.0,SKIP / CHILD-TASK-SKIP,"Will's 2026-09-11 South Asia wave marked this SKIP (app-gated, no price, or wrong country)."
maldives,LAST_TRY_FAILED,Ubuy Maldives,https://www.ubuy.mv/,ubuy.mv,FNB_LIKELY,2,0,False,110.0,SKIP / CHILD-TASK-SKIP,"Will's 2026-09-11 South Asia wave marked this SKIP (app-gated, no price, or wrong country)."
maldives,PENDING,Diana Trading,https://www.dianatradingmv.com/,dianatradingmv.com,FNB_LIKELY,7,1,False,110.0,P2 - queue / EVIDENCE-ONLY,From Will's 2026-09-11 South Asia wave. His handover states explicitly that HAVE there means a child task found public price evidence and a plausible scraper path -- NOT that a crawler exists. Recorded as PENDING: it still needs to be implemented and live-tested before ingestion.
maldives,PENDING,NewBizZ,https://www.newbizz.com.mv/,newbizz.com.mv,FNB_LIKELY,4,1,False,110.0,P2 - queue / EVIDENCE-ONLY,From Will's 2026-09-11 South Asia wave. His handover states explicitly that HAVE there means a child task found public price evidence and a plausible scraper path -- NOT that a crawler exists. Recorded as PENDING: it still needs to be implemented and live-tested before ingestion.
maldives,PENDING,Euro Store Maldives,https://www.eurostoremv.com/,eurostoremv.com,FNB_LIKELY,6,0,False,110.0,P2 - queue / EVIDENCE-ONLY,From Will's 2026-09-11 South Asia wave. His handover states explicitly that HAVE there means a child task found public price evidence and a plausible scraper path -- NOT that a crawler exists. Recorded as PENDING: it still needs to be implemented and live-tested before ingestion.
maldives,PENDING,IMC Private Limited,https://www.imcmaldives.com/category/all-products,imcmaldives.com,FNB_LIKELY,4,1,False,110.0,P2 - queue / EVIDENCE-ONLY,From Will's 2026-09-11 South Asia wave. His handover states explicitly that HAVE there means a child task found public price evidence and a plausible scraper path -- NOT that a crawler exists. Recorded as PENDING: it still needs to be implemented and live-tested before ingestion.
maldives,PENDING,Vecto Shop,https://vectoshop.com/,vectoshop.com,FNB_LIKELY,1,0,False,110.0,P2 - queue / EVIDENCE-ONLY,From Will's 2026-09-11 South Asia wave. His handover states explicitly that HAVE there means a child task found public price evidence and a plausible scraper path -- NOT that a crawler exists. Recorded as PENDING: it still needs to be implemented and live-tested before ingestion.
maldives,PENDING,Novelty Bookshop,https://www.noveltybookshop.com.mv/shop/,noveltybookshop.com.mv,FNB_LIKELY,2,1,False,110.0,P2 - queue / EVIDENCE-ONLY,From Will's 2026-09-11 South Asia wave. His handover states explicitly that HAVE there means a child task found public price evidence and a plausible scraper path -- NOT that a crawler exists. Recorded as PENDING: it still needs to be implemented and live-tested before ingestion.
maldives,PENDING,Essential Maldives,https://essential.mv/collections/beverage-coolers-jugs,essential.mv,FNB_LIKELY,3,0,False,110.0,P2 - queue / EVIDENCE-ONLY,From Will's 2026-09-11 South Asia wave. His handover states explicitly that HAVE there means a child task found public price evidence and a plausible scraper path -- NOT that a crawler exists. Recorded as PENDING: it still needs to be implemented and live-tested before ingestion.
maldives,PENDING,Swiftech Store Maldives,https://swiftech.mv/products/redmi-watch-5-active-smart-watch,swiftech.mv,FNB_LIKELY,3,2,False,110.0,P2 - queue / EVIDENCE-ONLY,From Will's 2026-09-11 South Asia wave. His handover states explicitly that HAVE there means a child task found public price evidence and a plausible scraper path -- NOT that a crawler exists. Recorded as PENDING: it still needs to be implemented and live-tested before ingestion.
maldives,PENDING,Lamoon Baby / Infantcare,https://lamoonbaby.mv/collections/newborn-gift-pack-lite-mvr-599-promotional-offer,lamoonbaby.mv,FNB_LIKELY,1,0,False,110.0,P2 - queue / EVIDENCE-ONLY,From Will's 2026-09-11 South Asia wave. His handover states explicitly that HAVE there means a child task found public price evidence and a plausible scraper path -- NOT that a crawler exists. Recorded as PENDING: it still needs to be implemented and live-tested before ingestion.
maldives,PENDING,TimeTech Maldives,https://timetech.mv/product/casio-edifice-efr-s567d-2avudf/,timetech.mv,FNB_LIKELY,1,0,False,110.0,P2 - queue / EVIDENCE-ONLY,From Will's 2026-09-11 South Asia wave. His handover states explicitly that HAVE there means a child task found public price evidence and a plausible scraper path -- NOT that a crawler exists. Recorded as PENDING: it still needs to be implemented and live-tested before ingestion.
maldives,PENDING,Zenova Hotel Supplies,https://zenovahotelsupplies.com/products/,zenovahotelsupplies.com,FNB_LIKELY,3,1,False,110.0,P2 - queue / EVIDENCE-ONLY,From Will's 2026-09-11 South Asia wave. His handover states explicitly that HAVE there means a child task found public price evidence and a plausible scraper path -- NOT that a crawler exists. Recorded as PENDING: it still needs to be implemented and live-tested before ingestion.
maldives,PENDING,Island Bazaar,https://island-bazaar.com/collections/books-1,island-bazaar.com,FNB_LIKELY,2,1,False,110.0,P2 - queue / EVIDENCE-ONLY,From Will's 2026-09-11 South Asia wave. His handover states explicitly that HAVE there means a child task found public price evidence and a plausible scraper path -- NOT that a crawler exists. Recorded as PENDING: it still needs to be implemented and live-tested before ingestion.
maldives,PENDING,Aiva Home,https://aivahome.mv/,aivahome.mv,FNB_LIKELY,2,1,False,110.0,P2 - queue / EVIDENCE-ONLY,From Will's 2026-09-11 South Asia wave. His handover states explicitly that HAVE there means a child task found public price evidence and a plausible scraper path -- NOT that a crawler exists. Recorded as PENDING: it still needs to be implemented and live-tested before ingestion.
maldives,PENDING,Boldbiz Group,https://boldbizgroup.com/,boldbizgroup.com,FNB_LIKELY,3,0,False,110.0,P2 - queue / EVIDENCE-ONLY,From Will's 2026-09-11 South Asia wave. His handover states explicitly that HAVE there means a child task found public price evidence and a plausible scraper path -- NOT that a crawler exists. Recorded as PENDING: it still needs to be implemented and live-tested before ingestion.
maldives,PENDING,A&M Perfume Time,https://www.amperfumetime.com/,amperfumetime.com,FNB_LIKELY,4,1,False,110.0,P2 - queue / EVIDENCE-ONLY,From Will's 2026-09-11 South Asia wave. His handover states explicitly that HAVE there means a child task found public price evidence and a plausible scraper path -- NOT that a crawler exists. Recorded as PENDING: it still needs to be implemented and live-tested before ingestion.
maldives,PENDING,Pink Coral Maldives,https://www.pinkcoral.mv/shop,pinkcoral.mv,FNB_LIKELY,3,1,False,110.0,P2 - queue / EVIDENCE-ONLY,From Will's 2026-09-11 South Asia wave. His handover states explicitly that HAVE there means a child task found public price evidence and a plausible scraper path -- NOT that a crawler exists. Recorded as PENDING: it still needs to be implemented and live-tested before ingestion.
maldives,PENDING,maldives_instepmv,https://instepmv.com/,instepmv.com,FNB_LIKELY,11,1,False,110.0,P2 - queue / NEEDS-CUSTOM-CRAWLER,Downloaded CSV batch on 2026-09-12; normalized site was not present in the base workbook | scraping ease: Easy | add as a new scrape target and crawler-creation candidate
cabo_verde,PENDING,Deliiv,https://deliiv.cv/,deliiv.cv,FNB_LIKELY,3,2,False,112.0,P2 - queue / SUSPECT,"Candidate found in the 2026-08-31 sourcing round, never built. build_tier=not scored; scrapability=nan; class=Custom"
cabo_verde,PENDING,cabo_verde_simplyshop_cv,https://simplyshop.cv/,simplyshop.cv,FNB_LIKELY,6,2,False,112.0,P2 - queue / NEEDS-CUSTOM-CRAWLER,Downloaded CSV batch on 2026-09-12; normalized site was not present in the base workbook | scraping ease: Easy | add as a new scrape target and crawler-creation candidate
poland,PENDING,Allegro,https://allegro.pl/,allegro.pl,FNB_LIKELY,3,2,False,112.0,P2 - queue / Directory/report,"Candidate found in the 2026-08-31 sourcing round, never built. build_tier=C - engineering required; scrapability=nan; class=General marketplace"
poland,PENDING,Auchan Poland,https://www.auchan.pl/,auchan.pl,FNB_LIKELY,5,1,False,112.0,P3 - backlog / ACCEPT,"Candidate found in the 2026-08-31 sourcing round, never built. build_tier=D - hard / app / index only; scrapability=2.0; class=Custom/Enterprise"
poland,PENDING,Delio,https://delio.pl/,delio.pl,FNB_LIKELY,3,1,False,112.0,P2 - queue / ACCEPT,"Candidate found in the 2026-08-31 sourcing round, never built. build_tier=C - engineering required; scrapability=3.0; class=Custom"
poland,PENDING,Zabka Jush,https://www.zabka.pl/,zabka.pl,FNB_LIKELY,5,1,False,112.0,P2 - queue / ACCEPT,"Candidate found in the 2026-08-31 sourcing round, never built. build_tier=C - engineering required; scrapability=3.0; class=Custom"
belarus,LAST_TRY_FAILED,21vek.by,,nan,FNB_LIKELY,6,4,False,113.0,SKIP / NO-PRICES-ONLINE,"No products on the site (corporate marketing portal) — both real, large (200+KB) Next.js e-commerce marketplaces run by the Euroopt/Eurotorg group, but neither is food-and-beverage: 21vek.by is electronics/appliances/notebooks/bikes only (no grocery category in its 15-link nav), and emall.by is a general third-party-seller marketplace (school supplies, washing machines, cars) with a ""become a seller"" flow, not a curated grocery catalog. Not pursued as food sources."
belarus,LAST_TRY_FAILED,e-dostavka.by,,nan,FNB_LIKELY,2,0,False,113.0,SKIP / JS-REQUIRED,"JS punishment redirect (session cookie + window.location.reload) — homepage clears `curl_cffi impersonate=chrome124` clean (200, real `__NEXT_DATA__` product data), but `/categories` and any `/category/<id>` path serve a client-side JS ""Verification"" stub: checks `navigator.webdriver`, runs a busy-loop proof-of-work calc, `document.cookie=""hg-security=...; max-age=120""`, then `setTimeout(() => location.reload(), 200)`. A stealth-patched Playwright pass (`navigator.webdriver` overridden to `undefined`) still resolved to a real, IP-keyed ""403 Access denied"" page rather than passing the challenge — genuine block on non-homepage paths, not a curl-TLS artifact (both curl_cffi and a stealth-patched Playwright landed on the wall). Real product data shape documented in case a future pass has an in-country egress or solves the cookie: `productId`, `productName`, `price.basePrice` (BYN), embedded in the homepage's `__NEXT_DATA__`."
belarus,LAST_TRY_FAILED,emall.by,,nan,FNB_LIKELY,6,4,False,113.0,SKIP / NO-PRICES-ONLINE,"No products on the site (corporate marketing portal) — both real, large (200+KB) Next.js e-commerce marketplaces run by the Euroopt/Eurotorg group, but neither is food-and-beverage: 21vek.by is electronics/appliances/notebooks/bikes only (no grocery category in its 15-link nav), and emall.by is a general third-party-seller marketplace (school supplies, washing machines, cars) with a ""become a seller"" flow, not a curated grocery catalog. Not pursued as food sources."
belarus,LAST_TRY_FAILED,gippo.by,,nan,FNB_LIKELY,4,0,False,113.0,SKIP / NO-PRICES-ONLINE,"No products on the site (corporate marketing portal) — all three are corporate/store-locator sites for physical-only Belarusian grocery chains, no e-commerce. green.by is a stale generic-theme WordPress site (`twentytwelve` theme, no shop hooks) that does not read as the grocery chain of the same name at all. sosedi.by and gippo.by are 1C-Bitrix sites with a `/catalog/`-shaped URL that resolves (200) but contains only `Organization` JSON-LD and store-locator content, zero product cards."
belarus,LAST_TRY_FAILED,green.by,,nan,FNB_LIKELY,4,0,False,113.0,SKIP / NO-PRICES-ONLINE,"No products on the site (corporate marketing portal) — all three are corporate/store-locator sites for physical-only Belarusian grocery chains, no e-commerce. green.by is a stale generic-theme WordPress site (`twentytwelve` theme, no shop hooks) that does not read as the grocery chain of the same name at all. sosedi.by and gippo.by are 1C-Bitrix sites with a `/catalog/`-shaped URL that resolves (200) but contains only `Organization` JSON-LD and store-locator content, zero product cards."
belarus,LAST_TRY_FAILED,sosedi.by,,nan,FNB_LIKELY,4,0,False,113.0,SKIP / NO-PRICES-ONLINE,"No products on the site (corporate marketing portal) — all three are corporate/store-locator sites for physical-only Belarusian grocery chains, no e-commerce. green.by is a stale generic-theme WordPress site (`twentytwelve` theme, no shop hooks) that does not read as the grocery chain of the same name at all. sosedi.by and gippo.by are 1C-Bitrix sites with a `/catalog/`-shaped URL that resolves (200) but contains only `Organization` JSON-LD and store-locator content, zero product cards."
belarus,PENDING,belarus_intertobacco_by,https://intertobacco.by/,intertobacco.by,FNB_LIKELY,2,1,False,113.0,P2 - queue / NEEDS-CUSTOM-CRAWLER,Downloaded CSV batch on 2026-09-12; normalized site was not present in the base workbook | scraping ease: Moderate | pricing visible: No | add as a new scrape target and crawler-creation candidate
belarus,PENDING,belarus_brt_by,https://brt.by/trading/%D1%82%D0%B0%D0%B1%D0%B0%D1%87%D0%BD%D1%8B%D0%B5-%D0%B8%D0%B7%D0%B4%D0%B5%D0%BB%D0%B8%D1%8F/,brt.by,FNB_LIKELY,4,1,False,113.0,P2 - queue / NEEDS-CUSTOM-CRAWLER,Downloaded CSV batch on 2026-09-12; normalized site was not present in the base workbook | scraping ease: Moderate | pricing visible: Price lists | add as a new scrape target and crawler-creation candidate
channel_islands,LAST_TRY_FAILED,ggshop.channelislands.coop,,nan,FNB_LIKELY,1,0,False,113.0,RESOLVED / LOGIN-REQUIRED,"Login-walled catalog (real backend found via network trace, but core endpoint 401s without auth) — The 401 was real but the conclusion was wrong. The Flutter bundle ships a **static anonymous Laravel Sanctum app token** (`1|lax...`, a bearer literal matching `\d+\|[A-Za-z0-9]{40,60}` in `main.dart.js`) which every visitor receives; sending it as `Authorization: Bearer <tok>` opens the whole catalogue over plain HTTP. The earlier pass found the backend (`ogs.channelislands.coop`) and the route (`GET /api/stores/<id>/products`) but searched the bundle for the strings ""guest""/""public"" rather than for a **token literal**, and so recorded a guest-browsing wall that does not exist. Now onboarded as `coop_ci` (eca/western_europe/channel_islands): 2 stores (Jersey 5,058 + Guernsey 4,687 = 9,745 SKUs), 500-row test run clean, 73.4% measured food share."
channel_islands,LAST_TRY_FAILED,jeshop.channelislands.coop,,nan,FNB_LIKELY,1,0,False,113.0,RESOLVED / LOGIN-REQUIRED,"Login-walled catalog (real backend found via network trace, but core endpoint 401s without auth) — The 401 was real but the conclusion was wrong. The Flutter bundle ships a **static anonymous Laravel Sanctum app token** (`1|lax...`, a bearer literal matching `\d+\|[A-Za-z0-9]{40,60}` in `main.dart.js`) which every visitor receives; sending it as `Authorization: Bearer <tok>` opens the whole catalogue over plain HTTP. The earlier pass found the backend (`ogs.channelislands.coop`) and the route (`GET /api/stores/<id>/products`) but searched the bundle for the strings ""guest""/""public"" rather than for a **token literal**, and so recorded a guest-browsing wall that does not exist. Now onboarded as `coop_ci` (eca/western_europe/channel_islands): 2 stores (Jersey 5,058 + Guernsey 4,687 = 9,745 SKUs), 500-row test run clean, 73.4% measured food share."
channel_islands,LAST_TRY_FAILED,shop.channelislands.coop,,nan,FNB_LIKELY,1,0,False,113.0,RESOLVED / LOGIN-REQUIRED,"Login-walled catalog (real backend found via network trace, but core endpoint 401s without auth) — The 401 was real but the conclusion was wrong. The Flutter bundle ships a **static anonymous Laravel Sanctum app token** (`1|lax...`, a bearer literal matching `\d+\|[A-Za-z0-9]{40,60}` in `main.dart.js`) which every visitor receives; sending it as `Authorization: Bearer <tok>` opens the whole catalogue over plain HTTP. The earlier pass found the backend (`ogs.channelislands.coop`) and the route (`GET /api/stores/<id>/products`) but searched the bundle for the strings ""guest""/""public"" rather than for a **token literal**, and so recorded a guest-browsing wall that does not exist. Now onboarded as `coop_ci` (eca/western_europe/channel_islands): 2 stores (Jersey 5,058 + Guernsey 4,687 = 9,745 SKUs), 500-row test run clean, 73.4% measured food share."
bhutan,PENDING,Sherza Allstore,https://www.sherza.bt/,sherza.bt,FNB_LIKELY,3,0,False,116.0,P2 - queue / EVIDENCE-ONLY,From Will's 2026-09-11 South Asia wave. His handover states explicitly that HAVE there means a child task found public price evidence and a plausible scraper path -- NOT that a crawler exists. Recorded as PENDING: it still needs to be implemented and live-tested before ingestion.
bhutan,PENDING,ShopperGreen,https://shoppergreen.bt/,shoppergreen.bt,FNB_LIKELY,9,3,False,116.0,P2 - queue / EVIDENCE-ONLY,From Will's 2026-09-11 South Asia wave. His handover states explicitly that HAVE there means a child task found public price evidence and a plausible scraper path -- NOT that a crawler exists. Recorded as PENDING: it still needs to be implemented and live-tested before ingestion.
bhutan,PENDING,Sibjam,https://www.sibjam.com/products/instock?category=1,sibjam.com,FNB_LIKELY,7,1,False,116.0,P2 - queue / EVIDENCE-ONLY,From Will's 2026-09-11 South Asia wave. His handover states explicitly that HAVE there means a child task found public price evidence and a plausible scraper path -- NOT that a crawler exists. Recorded as PENDING: it still needs to be implemented and live-tested before ingestion.
bhutan,PENDING,Pelbu Suites cafe/menu,https://www.pelbusuites.bt/menu,pelbusuites.bt,FNB_LIKELY,6,5,False,116.0,P2 - queue / CANDIDATE,From Will's 2026-09-11 South Asia wave. His handover states explicitly that HAVE there means a child task found public price evidence and a plausible scraper path -- NOT that a crawler exists. Recorded as PENDING: it still needs to be implemented and live-tested before ingestion.
bhutan,LAST_TRY_FAILED,Facebook/Instagram/WhatsApp-only local shops,https://www.facebook.com/,facebook.com,FNB_LIKELY,4,3,False,116.0,SKIP / CHILD-TASK-SKIP,"Will's 2026-09-11 South Asia wave marked this SKIP (app-gated, no price, or wrong country)."
bhutan,PENDING,8Eleven Online Store,https://www.8elevenbhutan.bt/,8elevenbhutan.bt,FNB_LIKELY,15,2,False,116.0,P2 - queue / EVIDENCE-ONLY,From Will's 2026-09-11 South Asia wave. His handover states explicitly that HAVE there means a child task found public price evidence and a plausible scraper path -- NOT that a crawler exists. Recorded as PENDING: it still needs to be implemented and live-tested before ingestion.
bhutan,PENDING,Medhey Shop,https://shop.medhey.app/,shop.medhey.app,FNB_LIKELY,6,2,False,116.0,P2 - queue / EVIDENCE-ONLY,From Will's 2026-09-11 South Asia wave. His handover states explicitly that HAVE there means a child task found public price evidence and a plausible scraper path -- NOT that a crawler exists. Recorded as PENDING: it still needs to be implemented and live-tested before ingestion.
bhutan,PENDING,Korean Cosmetics Love / K-Beauty eStore,https://www.kbeautyestore.com/,kbeautyestore.com,FNB_LIKELY,5,3,False,116.0,P2 - queue / EVIDENCE-ONLY,From Will's 2026-09-11 South Asia wave. His handover states explicitly that HAVE there means a child task found public price evidence and a plausible scraper path -- NOT that a crawler exists. Recorded as PENDING: it still needs to be implemented and live-tested before ingestion.
bhutan,PENDING,Nima Tshongkhang,https://nimatshongkhang.online/,nimatshongkhang.online,FNB_LIKELY,3,1,False,116.0,P2 - queue / EVIDENCE-ONLY,From Will's 2026-09-11 South Asia wave. His handover states explicitly that HAVE there means a child task found public price evidence and a plausible scraper path -- NOT that a crawler exists. Recorded as PENDING: it still needs to be implemented and live-tested before ingestion.
bhutan,PENDING,Bhutan Telecom device catalog,https://www.bt.bt/product/iphone-17-pro/,bt.bt,FNB_LIKELY,4,3,False,116.0,P2 - queue / EVIDENCE-ONLY,From Will's 2026-09-11 South Asia wave. His handover states explicitly that HAVE there means a child task found public price evidence and a plausible scraper path -- NOT that a crawler exists. Recorded as PENDING: it still needs to be implemented and live-tested before ingestion.
bhutan,LAST_TRY_FAILED,Bhutan Click local business listings,https://bhutanclick.com/business/1651/pema-vegetable-shop,bhutanclick.com,FNB_LIKELY,2,1,False,116.0,SKIP / CHILD-TASK-SKIP,"Will's 2026-09-11 South Asia wave marked this SKIP (app-gated, no price, or wrong country)."
bhutan,LAST_TRY_FAILED,eGP Bhutan procurement/tenders,https://www.egp.gov.bt/,egp.gov.bt,FNB_LIKELY,1,0,False,116.0,SKIP / CHILD-TASK-SKIP,"Will's 2026-09-11 South Asia wave marked this SKIP (app-gated, no price, or wrong country)."
bhutan,PENDING,Ecoco Official Bhutan,https://ecocostore.bt/shop,ecocostore.bt,FNB_LIKELY,4,2,False,116.0,P2 - queue / EVIDENCE-ONLY,From Will's 2026-09-11 South Asia wave. His handover states explicitly that HAVE there means a child task found public price evidence and a plausible scraper path -- NOT that a crawler exists. Recorded as PENDING: it still needs to be implemented and live-tested before ingestion.
bhutan,PENDING,Yuesel Handicraft Bhutan,https://bhutanyueselhandicraft.com/home,bhutanyueselhandicraft.com,FNB_LIKELY,4,1,False,116.0,P2 - queue / EVIDENCE-ONLY,From Will's 2026-09-11 South Asia wave. His handover states explicitly that HAVE there means a child task found public price evidence and a plausible scraper path -- NOT that a crawler exists. Recorded as PENDING: it still needs to be implemented and live-tested before ingestion.
bhutan,PENDING,NOri Botanical,https://noribotanical.com/,noribotanical.com,FNB_LIKELY,3,1,False,116.0,P2 - queue / EVIDENCE-ONLY,From Will's 2026-09-11 South Asia wave. His handover states explicitly that HAVE there means a child task found public price evidence and a plausible scraper path -- NOT that a crawler exists. Recorded as PENDING: it still needs to be implemented and live-tested before ingestion.
bhutan,LAST_TRY_FAILED,Phila Art Bhutan stamps,https://www.philaart.com/product-category/global-stamps/bhutan-stamps/,philaart.com,FNB_LIKELY,1,0,False,116.0,SKIP / CHILD-TASK-SKIP,"Will's 2026-09-11 South Asia wave marked this SKIP (app-gated, no price, or wrong country)."
bhutan,PENDING,Druk Herbal Cordyceps,https://drukherbalcordyceps.com/shop/,drukherbalcordyceps.com,FNB_LIKELY,4,2,False,116.0,P2 - queue / EVIDENCE-ONLY,From Will's 2026-09-11 South Asia wave. His handover states explicitly that HAVE there means a child task found public price evidence and a plausible scraper path -- NOT that a crawler exists. Recorded as PENDING: it still needs to be implemented and live-tested before ingestion.
bhutan,LAST_TRY_FAILED,Throm Online,https://thromonline.com/,thromonline.com,FNB_LIKELY,4,0,False,116.0,SKIP / CHILD-TASK-FAILED,Will's 2026-09-11 South Asia wave could not retrieve prices.
honduras,PENDING,honduras_valhala_hn,https://valhala.hn/,valhala.hn,FNB_LIKELY,6,2,False,117.0,P2 - queue / NEEDS-CUSTOM-CRAWLER,Downloaded CSV batch on 2026-09-12; normalized site was not present in the base workbook | scraping ease: Easy | add as a new scrape target and crawler-creation candidate
kyrgyz_republic,PENDING,Lalafo Kyrgyzstan,https://lalafo.kg/,lalafo.kg,FNB_LIKELY,3,2,False,119.0,P2 - queue / Directory/report,"Candidate found in the 2026-08-31 sourcing round, never built. build_tier=C - engineering required; scrapability=nan; class=Classified marketplace"
kyrgyz_republic,PENDING,Wildberries Kyrgyzstan,https://www.wildberries.kg/,wildberries.kg,FNB_LIKELY,3,2,False,119.0,P2 - queue / Directory/report,"Candidate found in the 2026-08-31 sourcing round, never built. build_tier=C - engineering required; scrapability=nan; class=General marketplace"
nicaragua,PENDING,Farmacias Medco,https://farmaciasmedco.com/,farmaciasmedco.com,FNB_LIKELY,4,3,False,119.0,P2 - queue / Directory/report,"Candidate found in the 2026-08-31 sourcing round, never built. build_tier=C - engineering required; scrapability=nan; class=Pharmacy"
finland,LAST_TRY_FAILED,wolt.com,,nan,FNB_LIKELY,5,3,False,120.0,SKIP / JS-REQUIRED,"RE-PROBE WORTH IT: recorded before 2026-08-17, when a bare-curl 403 was still read as a block. CDNs fingerprint the TLS handshake, not the User-Agent, so try curl_cffi impersonate before skipping. SPA shell — no productive endpoint (lazy-load never hydrates) — (multi-country, e.g. `wolt.com/en/grc/athens/venue/kalo-pizza`) — **`_wolt_base.py`'s category-walk pattern silently returns near-nothing for restaurant/food venues; it only works for grocery venues.** Grocery venues' `query-state` blob carries a `venue-assortment/category-listing` query (category slugs) + a per-category `venue-assortment/category` query returned by GET-ing `/items/<slug>` — that's what `_wolt_base.py` parses. Restaurant venues have migrated to a ""unified store page"" content model: the SAME `/items/<slug>` URL (any slug, even a nonexistent one — the category param is ignored) returns only a `venue-assortment/venue-content` query whose single `sections[]` entry is a curated ""Most ordered"" teaser (~9 items), never the full per-category menu (`ΠΙΤΣΕΣ`/`BURGERS`/etc. category names appear in the DOM as anchor-scroll tabs, not routes). Confirmed via full Playwright network trace (`networkidle` + scroll + tab click) — no further XHR ever fetches the remaining categories; the data plainly is not shipped to the client for categories beyond ""Most ordered"". The ""Most ordered"" teaser items do carry real name+price and would individually clear the 5-row gate, but shipping it w"
finland,PENDING,K-Ruoka (Kesko),https://www.k-ruoka.fi/,k-ruoka.fi,FNB_LIKELY,2,1,False,120.0,P3 - backlog / SUSPECT,"Candidate found in the 2026-08-31 sourcing round, never built. build_tier=D - hard / app / index only; scrapability=2.0; class=Custom/Enterprise"
finland,PENDING,finland_kauppavainu_fi,https://www.kauppavainu.fi/?lang=en,kauppavainu.fi,FNB_LIKELY,7,1,False,120.0,P2 - queue / NEEDS-CUSTOM-CRAWLER,Downloaded CSV batch on 2026-09-12; normalized site was not present in the base workbook | scraping ease: Moderate | add as a new scrape target and crawler-creation candidate
finland,PENDING,finland_groci_fi,https://www.groci.fi/,groci.fi,FNB_LIKELY,6,2,False,120.0,P2 - queue / NEEDS-CUSTOM-CRAWLER,Downloaded CSV batch on 2026-09-12; normalized site was not present in the base workbook | scraping ease: Moderate | add as a new scrape target and crawler-creation candidate
hungary,LAST_TRY_FAILED,cba.hu,,nan,FNB_LIKELY,2,1,False,121.0,SKIP / NO-PRICES-ONLINE,"Placeholder / seed demo-data catalog (real API, no real prices) — WordPress/Astra + WooCommerce, Store API wide open and unauthenticated (`/wp-json/wc/store/v1/products`), but the total catalog is only **17 products site-wide** (`X-WP-Total: 17` header) and only 5 of those carry a nonzero structured `prices.price` — the rest are informational-only entries. This is a small rotating ""current weekly offers"" teaser, not a full-basket catalog; the other 12 items' real per-unit prices exist only as free text inside the WooCommerce `description` field (e.g. ""819 Ft/10 dkg; 8190 Ft/kg""), which would need bespoke regex extraction for a catalog this thin. Not worth a slot."
hungary,PENDING,Auchan Hungary,https://online.auchan.hu/,online.auchan.hu,FNB_LIKELY,4,1,False,121.0,P3 - backlog / ACCEPT,"Candidate found in the 2026-08-31 sourcing round, never built. build_tier=D - hard / app / index only; scrapability=2.0; class=Custom/Enterprise"
hungary,PENDING,foodora Hungary,https://www.foodora.hu/,foodora.hu,FNB_LIKELY,4,1,False,121.0,P2 - queue / ACCEPT,"Candidate found in the 2026-08-31 sourcing round, never built. build_tier=C - engineering required; scrapability=3.0; class=Custom"
bulgaria,PENDING,BG Market,https://bgm.bg/,bgm.bg,FNB_LIKELY,4,1,False,125.0,P2 - queue / ACCEPT,"Candidate found in the 2026-08-31 sourcing round, never built. build_tier=not scored; scrapability=nan; class=Custom"
italy,PENDING,Amazon Italy,https://www.amazon.it/,amazon.it,FNB_LIKELY,3,2,False,127.0,P2 - queue / Directory/report,"Candidate found in the 2026-08-31 sourcing round, never built. build_tier=C - engineering required; scrapability=nan; class=General marketplace"
italy,PENDING,Esselunga a Casa,https://www.esselungaacasa.it/,esselungaacasa.it,FNB_LIKELY,2,1,False,127.0,P3 - backlog / SUSPECT,"Candidate found in the 2026-08-31 sourcing round, never built. build_tier=D - hard / app / index only; scrapability=2.0; class=Custom/Enterprise"
italy,PENDING,Everli,https://it.everli.com/it/spesa,it.everli.com,FNB_LIKELY,3,1,False,127.0,P2 - queue / ACCEPT,"Candidate found in the 2026-08-31 sourcing round, never built. build_tier=C - engineering required; scrapability=3.0; class=Custom"
tajikistan,PENDING,Mohira.tj,https://mohira.tj/,mohira.tj,FNB_LIKELY,4,1,False,130.0,P2 - queue / ACCEPT,"Candidate found in the 2026-08-31 sourcing round, never built. build_tier=not scored; scrapability=nan; class=Custom"
morocco,PENDING,Acima,https://www.acima.ma/,acima.ma,FNB_LIKELY,4,1,False,131.0,P2 - queue / SUSPECT,"Candidate found in the 2026-08-31 sourcing round, never built. build_tier=C - engineering required; scrapability=3.0; class=Custom"
morocco,PENDING,Chari.ma,https://chari.ma/,chari.ma,FNB_LIKELY,3,1,False,131.0,P2 - queue / ACCEPT,"Candidate found in the 2026-08-31 sourcing round, never built. build_tier=C - engineering required; scrapability=3.0; class=Custom"
morocco,PENDING,Marjane,https://www.marjane.ma/,marjane.ma,FNB_LIKELY,5,1,False,131.0,P2 - queue / ACCEPT,"Candidate found in the 2026-08-31 sourcing round, never built. build_tier=C - engineering required; scrapability=3.0; class=Custom"
morocco,PENDING,Marjane Mall,https://www.marjanemall.ma/,marjanemall.ma,FNB_LIKELY,4,1,False,131.0,P1 - build now / Direct,"Candidate found in the 2026-08-31 sourcing round, never built. build_tier=A - low-hanging fruit; scrapability=nan; class=General marketplace"
nepal,PENDING,Bhat-Bhateni (BBSM),https://www.bbsm.com.np/,bbsm.com.np,FNB_LIKELY,2,1,False,131.0,P2 - queue / ACCEPT,"Candidate found in the 2026-08-31 sourcing round, never built. build_tier=not scored; scrapability=nan; class=Custom"
nepal,PENDING,SastoDeal,https://www.sastodeal.com/,sastodeal.com,FNB_LIKELY,4,1,False,131.0,P1 - build now / ACCEPT,"Candidate found in the 2026-08-31 sourcing round, never built. build_tier=B - moderate effort; scrapability=4.0; class=Magento"
nepal,PENDING,ParsaBazar,https://parsabazar.com/,parsabazar.com,FNB_LIKELY,12,2,False,131.0,P2 - queue / EVIDENCE-ONLY,From Will's 2026-09-11 South Asia wave. His handover states explicitly that HAVE there means a child task found public price evidence and a plausible scraper path -- NOT that a crawler exists. Recorded as PENDING: it still needs to be implemented and live-tested before ingestion.
nepal,PENDING,Smartgau,https://smartgau.com/shop,smartgau.com,FNB_LIKELY,8,2,False,131.0,P2 - queue / EVIDENCE-ONLY,From Will's 2026-09-11 South Asia wave. His handover states explicitly that HAVE there means a child task found public price evidence and a plausible scraper path -- NOT that a crawler exists. Recorded as PENDING: it still needs to be implemented and live-tested before ingestion.
nepal,PENDING,Nubri Mart,https://www.nubrimart.com/,nubrimart.com,FNB_LIKELY,6,0,False,131.0,P2 - queue / EVIDENCE-ONLY,From Will's 2026-09-11 South Asia wave. His handover states explicitly that HAVE there means a child task found public price evidence and a plausible scraper path -- NOT that a crawler exists. Recorded as PENDING: it still needs to be implemented and live-tested before ingestion.
nepal,PENDING,Haat Bazar / GoLocal,https://golocal.com.np/,golocal.com.np,FNB_LIKELY,7,0,False,131.0,P2 - queue / EVIDENCE-ONLY,From Will's 2026-09-11 South Asia wave. His handover states explicitly that HAVE there means a child task found public price evidence and a plausible scraper path -- NOT that a crawler exists. Recorded as PENDING: it still needs to be implemented and live-tested before ingestion.
nepal,PENDING,Aafnai Pasal,https://aafnaipasal.com/,aafnaipasal.com,FNB_LIKELY,7,0,False,131.0,P2 - queue / EVIDENCE-ONLY,From Will's 2026-09-11 South Asia wave. His handover states explicitly that HAVE there means a child task found public price evidence and a plausible scraper path -- NOT that a crawler exists. Recorded as PENDING: it still needs to be implemented and live-tested before ingestion.
nepal,PENDING,Sitabazar,https://www.sitabazar.com/,sitabazar.com,FNB_LIKELY,9,1,False,131.0,P2 - queue / CANDIDATE,From Will's 2026-09-11 South Asia wave. His handover states explicitly that HAVE there means a child task found public price evidence and a plausible scraper path -- NOT that a crawler exists. Recorded as PENDING: it still needs to be implemented and live-tested before ingestion.
nepal,LAST_TRY_FAILED,Pasal.com,https://pasal.com/,pasal.com,FNB_LIKELY,3,2,False,131.0,SKIP / CHILD-TASK-SKIP,"Will's 2026-09-11 South Asia wave marked this SKIP (app-gated, no price, or wrong country)."
nepal,PENDING,GoPasal,https://gopasal.com/,gopasal.com,FNB_LIKELY,7,2,False,131.0,P2 - queue / CANDIDATE,From Will's 2026-09-11 South Asia wave. His handover states explicitly that HAVE there means a child task found public price evidence and a plausible scraper path -- NOT that a crawler exists. Recorded as PENDING: it still needs to be implemented and live-tested before ingestion.
nepal,PENDING,PharmaShop Nepal,https://www.pharmashopnepal.com/,pharmashopnepal.com,FNB_LIKELY,1,0,False,131.0,P2 - queue / EVIDENCE-ONLY,From Will's 2026-09-11 South Asia wave. His handover states explicitly that HAVE there means a child task found public price evidence and a plausible scraper path -- NOT that a crawler exists. Recorded as PENDING: it still needs to be implemented and live-tested before ingestion.
nepal,PENDING,Scolar,https://scolarnepal.com/catalog,scolarnepal.com,FNB_LIKELY,4,3,False,131.0,P2 - queue / EVIDENCE-ONLY,From Will's 2026-09-11 South Asia wave. His handover states explicitly that HAVE there means a child task found public price evidence and a plausible scraper path -- NOT that a crawler exists. Recorded as PENDING: it still needs to be implemented and live-tested before ingestion.
nepal,PENDING,Titan Optical,https://titanoptical.com.np/,titanoptical.com.np,FNB_LIKELY,1,0,False,131.0,P2 - queue / EVIDENCE-ONLY,From Will's 2026-09-11 South Asia wave. His handover states explicitly that HAVE there means a child task found public price evidence and a plausible scraper path -- NOT that a crawler exists. Recorded as PENDING: it still needs to be implemented and live-tested before ingestion.
nepal,PENDING,New Optic Corner,https://www.newopticcorner.com.np/,newopticcorner.com.np,FNB_LIKELY,1,0,False,131.0,P2 - queue / EVIDENCE-ONLY,From Will's 2026-09-11 South Asia wave. His handover states explicitly that HAVE there means a child task found public price evidence and a plausible scraper path -- NOT that a crawler exists. Recorded as PENDING: it still needs to be implemented and live-tested before ingestion.
nepal,PENDING,Eyemate Nepal,https://www.eyematenepal.com/,eyematenepal.com,FNB_LIKELY,1,0,False,131.0,P2 - queue / EVIDENCE-ONLY,From Will's 2026-09-11 South Asia wave. His handover states explicitly that HAVE there means a child task found public price evidence and a plausible scraper path -- NOT that a crawler exists. Recorded as PENDING: it still needs to be implemented and live-tested before ingestion.
nepal,PENDING,PaisaBachau,https://paisabachau.com/price/clothes,paisabachau.com,FNB_LIKELY,4,1,False,131.0,P2 - queue / CANDIDATE,From Will's 2026-09-11 South Asia wave. His handover states explicitly that HAVE there means a child task found public price evidence and a plausible scraper path -- NOT that a crawler exists. Recorded as PENDING: it still needs to be implemented and live-tested before ingestion.
nepal,PENDING,Drinks Nepal,https://drinksnepal.com/,drinksnepal.com,FNB_LIKELY,9,0,False,131.0,P2 - queue / EVIDENCE-ONLY,From Will's 2026-09-11 South Asia wave. His handover states explicitly that HAVE there means a child task found public price evidence and a plausible scraper path -- NOT that a crawler exists. Recorded as PENDING: it still needs to be implemented and live-tested before ingestion.
nepal,PENDING,Nava Durga Dairy and Kirana Suppliers,https://navadurgadairy.com.np/pricelist,navadurgadairy.com.np,FNB_LIKELY,8,1,False,131.0,P2 - queue / EVIDENCE-ONLY,From Will's 2026-09-11 South Asia wave. His handover states explicitly that HAVE there means a child task found public price evidence and a plausible scraper path -- NOT that a crawler exists. Recorded as PENDING: it still needs to be implemented and live-tested before ingestion.
nepal,PENDING,Okhaldhunga Dhamala Dairy,https://okhaldhungadhamaladairy.com.np/,okhaldhungadhamaladairy.com.np,FNB_LIKELY,4,0,False,131.0,P2 - queue / EVIDENCE-ONLY,From Will's 2026-09-11 South Asia wave. His handover states explicitly that HAVE there means a child task found public price evidence and a plausible scraper path -- NOT that a crawler exists. Recorded as PENDING: it still needs to be implemented and live-tested before ingestion.
nepal,PENDING,SMS Dairy,https://www.smsdairy.com/,smsdairy.com,FNB_LIKELY,3,0,False,131.0,P2 - queue / EVIDENCE-ONLY,From Will's 2026-09-11 South Asia wave. His handover states explicitly that HAVE there means a child task found public price evidence and a plausible scraper path -- NOT that a crawler exists. Recorded as PENDING: it still needs to be implemented and live-tested before ingestion.
nepal,PENDING,DDC Nepal,https://ddc.gov.np/products,ddc.gov.np,FNB_LIKELY,3,0,False,131.0,P2 - queue / EVIDENCE-ONLY,From Will's 2026-09-11 South Asia wave. His handover states explicitly that HAVE there means a child task found public price evidence and a plausible scraper path -- NOT that a crawler exists. Recorded as PENDING: it still needs to be implemented and live-tested before ingestion.
nepal,PENDING,Valley Cold Store,https://valleycoldstore.com.np/shop,valleycoldstore.com.np,FNB_LIKELY,7,0,False,131.0,P2 - queue / EVIDENCE-ONLY,From Will's 2026-09-11 South Asia wave. His handover states explicitly that HAVE there means a child task found public price evidence and a plausible scraper path -- NOT that a crawler exists. Recorded as PENDING: it still needs to be implemented and live-tested before ingestion.
nepal,PENDING,Dhukka Sekuwa,https://dhukkasekuwa.com.np/,dhukkasekuwa.com.np,FNB_LIKELY,7,2,False,131.0,P2 - queue / EVIDENCE-ONLY,From Will's 2026-09-11 South Asia wave. His handover states explicitly that HAVE there means a child task found public price evidence and a plausible scraper path -- NOT that a crawler exists. Recorded as PENDING: it still needs to be implemented and live-tested before ingestion.
nepal,PENDING,Nepal Gramodhyog Store,https://nepalgramodhyog.store/category/dairy-products/18/,nepalgramodhyog.store,FNB_LIKELY,4,1,False,131.0,P2 - queue / EVIDENCE-ONLY,From Will's 2026-09-11 South Asia wave. His handover states explicitly that HAVE there means a child task found public price evidence and a plausible scraper path -- NOT that a crawler exists. Recorded as PENDING: it still needs to be implemented and live-tested before ingestion.
nepal,PENDING,Malbhog General Store,https://www.malbhog.com/,malbhog.com,FNB_LIKELY,6,0,False,131.0,P2 - queue / EVIDENCE-ONLY,From Will's 2026-09-11 South Asia wave. His handover states explicitly that HAVE there means a child task found public price evidence and a plausible scraper path -- NOT that a crawler exists. Recorded as PENDING: it still needs to be implemented and live-tested before ingestion.
nepal,PENDING,Khushi Bazar,https://www.khushibazar.com.np/products/stationery,khushibazar.com.np,FNB_LIKELY,6,2,False,131.0,P2 - queue / EVIDENCE-ONLY,From Will's 2026-09-11 South Asia wave. His handover states explicitly that HAVE there means a child task found public price evidence and a plausible scraper path -- NOT that a crawler exists. Recorded as PENDING: it still needs to be implemented and live-tested before ingestion.
nepal,PENDING,Chynabazar,https://chynabazar.com/categories/stationery,chynabazar.com,FNB_LIKELY,2,1,False,131.0,P2 - queue / EVIDENCE-ONLY,From Will's 2026-09-11 South Asia wave. His handover states explicitly that HAVE there means a child task found public price evidence and a plausible scraper path -- NOT that a crawler exists. Recorded as PENDING: it still needs to be implemented and live-tested before ingestion.
nepal,PENDING,Kathmandu Organics,https://www.kathmanduorganics.com/honey,kathmanduorganics.com,FNB_LIKELY,2,0,False,131.0,P2 - queue / EVIDENCE-ONLY,From Will's 2026-09-11 South Asia wave. His handover states explicitly that HAVE there means a child task found public price evidence and a plausible scraper path -- NOT that a crawler exists. Recorded as PENDING: it still needs to be implemented and live-tested before ingestion.
nepal,PENDING,POUR,https://pourwithpresence.com/,pourwithpresence.com,FNB_LIKELY,2,1,False,131.0,P2 - queue / EVIDENCE-ONLY,From Will's 2026-09-11 South Asia wave. His handover states explicitly that HAVE there means a child task found public price evidence and a plausible scraper path -- NOT that a crawler exists. Recorded as PENDING: it still needs to be implemented and live-tested before ingestion.
nepal,PENDING,Grey.com.np,https://grey.com.np/,grey.com.np,FNB_LIKELY,3,2,False,131.0,P2 - queue / EVIDENCE-ONLY,From Will's 2026-09-11 South Asia wave. His handover states explicitly that HAVE there means a child task found public price evidence and a plausible scraper path -- NOT that a crawler exists. Recorded as PENDING: it still needs to be implemented and live-tested before ingestion.
nepal,PENDING,Ajanta Tea,https://ajantatea.com/collections/green-tea-online,ajantatea.com,FNB_LIKELY,2,0,False,131.0,P2 - queue / CANDIDATE,From Will's 2026-09-11 South Asia wave. His handover states explicitly that HAVE there means a child task found public price evidence and a plausible scraper path -- NOT that a crawler exists. Recorded as PENDING: it still needs to be implemented and live-tested before ingestion.
nepal,PENDING,Welcome International,https://welcomeintl.com/,welcomeintl.com,FNB_LIKELY,3,2,False,131.0,P2 - queue / EVIDENCE-ONLY,From Will's 2026-09-11 South Asia wave. His handover states explicitly that HAVE there means a child task found public price evidence and a plausible scraper path -- NOT that a crawler exists. Recorded as PENDING: it still needs to be implemented and live-tested before ingestion.
nepal,PENDING,The Makeup Factory Nepal,https://www.themakeupfactorynepal.com/shop,themakeupfactorynepal.com,FNB_LIKELY,1,0,False,131.0,P2 - queue / EVIDENCE-ONLY,From Will's 2026-09-11 South Asia wave. His handover states explicitly that HAVE there means a child task found public price evidence and a plausible scraper path -- NOT that a crawler exists. Recorded as PENDING: it still needs to be implemented and live-tested before ingestion.
nepal,PENDING,Pet Store Nepal,https://petstorenepal.com/,petstorenepal.com,FNB_LIKELY,2,1,False,131.0,P2 - queue / EVIDENCE-ONLY,From Will's 2026-09-11 South Asia wave. His handover states explicitly that HAVE there means a child task found public price evidence and a plausible scraper path -- NOT that a crawler exists. Recorded as PENDING: it still needs to be implemented and live-tested before ingestion.
nepal,PENDING,UG Cakes,https://ugcakes.com/,ugcakes.com,FNB_LIKELY,3,1,False,131.0,P2 - queue / CANDIDATE,From Will's 2026-09-11 South Asia wave. His handover states explicitly that HAVE there means a child task found public price evidence and a plausible scraper path -- NOT that a crawler exists. Recorded as PENDING: it still needs to be implemented and live-tested before ingestion.
nepal,PENDING,The Patisserie Nepal,https://thepatisserienp.com/,thepatisserienp.com,FNB_LIKELY,2,0,False,131.0,P2 - queue / EVIDENCE-ONLY,From Will's 2026-09-11 South Asia wave. His handover states explicitly that HAVE there means a child task found public price evidence and a plausible scraper path -- NOT that a crawler exists. Recorded as PENDING: it still needs to be implemented and live-tested before ingestion.
nepal,PENDING,Shree Shyam Ji Marketing,https://ssjmnepal.com/,ssjmnepal.com,FNB_LIKELY,4,1,False,131.0,P2 - queue / EVIDENCE-ONLY,From Will's 2026-09-11 South Asia wave. His handover states explicitly that HAVE there means a child task found public price evidence and a plausible scraper path -- NOT that a crawler exists. Recorded as PENDING: it still needs to be implemented and live-tested before ingestion.
nepal,PENDING,Falfruit Nepal,https://falfruitnepal.com/,falfruitnepal.com,FNB_LIKELY,5,0,False,131.0,P2 - queue / EVIDENCE-ONLY,From Will's 2026-09-11 South Asia wave. His handover states explicitly that HAVE there means a child task found public price evidence and a plausible scraper path -- NOT that a crawler exists. Recorded as PENDING: it still needs to be implemented and live-tested before ingestion.
nepal,PENDING,Mato Nepal,https://mato.com.np/,mato.com.np,FNB_LIKELY,6,0,False,131.0,P2 - queue / EVIDENCE-ONLY,From Will's 2026-09-11 South Asia wave. His handover states explicitly that HAVE there means a child task found public price evidence and a plausible scraper path -- NOT that a crawler exists. Recorded as PENDING: it still needs to be implemented and live-tested before ingestion.
nepal,PENDING,Rasan Mart,https://www.rasanmart.com/,rasanmart.com,FNB_LIKELY,13,0,False,131.0,P2 - queue / EVIDENCE-ONLY,From Will's 2026-09-11 South Asia wave. His handover states explicitly that HAVE there means a child task found public price evidence and a plausible scraper path -- NOT that a crawler exists. Recorded as PENDING: it still needs to be implemented and live-tested before ingestion.
nepal,PENDING,Down to Earth Organics,https://down2earthorganics.com/masala-spices/2,down2earthorganics.com,FNB_LIKELY,3,1,False,131.0,P2 - queue / EVIDENCE-ONLY,From Will's 2026-09-11 South Asia wave. His handover states explicitly that HAVE there means a child task found public price evidence and a plausible scraper path -- NOT that a crawler exists. Recorded as PENDING: it still needs to be implemented and live-tested before ingestion.
nepal,PENDING,Hari Krishi Farm,https://harikrishifarm.com/,harikrishifarm.com,FNB_LIKELY,6,0,False,131.0,P2 - queue / EVIDENCE-ONLY,From Will's 2026-09-11 South Asia wave. His handover states explicitly that HAVE there means a child task found public price evidence and a plausible scraper path -- NOT that a crawler exists. Recorded as PENDING: it still needs to be implemented and live-tested before ingestion.
nepal,PENDING,Wholesale Pasal Plus,https://www.wholesalepasalplus.com/product/product_detail/3328/sugar-1kg,wholesalepasalplus.com,FNB_LIKELY,6,1,False,131.0,P2 - queue / EVIDENCE-ONLY,From Will's 2026-09-11 South Asia wave. His handover states explicitly that HAVE there means a child task found public price evidence and a plausible scraper path -- NOT that a crawler exists. Recorded as PENDING: it still needs to be implemented and live-tested before ingestion.
nepal,PENDING,AgriMart Nepal,https://www.agrimart.com.np/,agrimart.com.np,FNB_LIKELY,9,0,False,131.0,P2 - queue / EVIDENCE-ONLY,From Will's 2026-09-11 South Asia wave. His handover states explicitly that HAVE there means a child task found public price evidence and a plausible scraper path -- NOT that a crawler exists. Recorded as PENDING: it still needs to be implemented and live-tested before ingestion.
nepal,PENDING,Hamro Karesabari,https://hamrokaresabari.com/categories/fresh-vegetables/,hamrokaresabari.com,FNB_LIKELY,5,0,False,131.0,P2 - queue / EVIDENCE-ONLY,From Will's 2026-09-11 South Asia wave. His handover states explicitly that HAVE there means a child task found public price evidence and a plausible scraper path -- NOT that a crawler exists. Recorded as PENDING: it still needs to be implemented and live-tested before ingestion.
nepal,PENDING,ULIAA Mart,https://uliaa.com.np/,uliaa.com.np,FNB_LIKELY,5,0,False,131.0,P2 - queue / EVIDENCE-ONLY,From Will's 2026-09-11 South Asia wave. His handover states explicitly that HAVE there means a child task found public price evidence and a plausible scraper path -- NOT that a crawler exists. Recorded as PENDING: it still needs to be implemented and live-tested before ingestion.
nepal,PENDING,Angan Baari,https://anganbaari.pythonanywhere.com/products/vegetables/,anganbaari.pythonanywhere.com,FNB_LIKELY,4,0,False,131.0,P2 - queue / EVIDENCE-ONLY,From Will's 2026-09-11 South Asia wave. His handover states explicitly that HAVE there means a child task found public price evidence and a plausible scraper path -- NOT that a crawler exists. Recorded as PENDING: it still needs to be implemented and live-tested before ingestion.
nepal,PENDING,BuyTarkari,https://www.buytarkari.com/product/fresh-chicken-meat----324,buytarkari.com,FNB_LIKELY,6,1,False,131.0,P2 - queue / EVIDENCE-ONLY,From Will's 2026-09-11 South Asia wave. His handover states explicitly that HAVE there means a child task found public price evidence and a plausible scraper path -- NOT that a crawler exists. Recorded as PENDING: it still needs to be implemented and live-tested before ingestion.
ghana,PENDING,Bolt Market Ghana,https://bolt.eu/en-gh/food/market/,bolt.eu,FNB_LIKELY,6,2,False,132.0,P2 - queue / ACCEPT,"Candidate found in the 2026-08-31 sourcing round, never built. build_tier=C - engineering required; scrapability=3.0; class=Custom"
ghana,PENDING,Chowdeck Ghana,https://chowdeck.com/,chowdeck.com,FNB_LIKELY,2,1,False,132.0,P2 - queue / SUSPECT,"Candidate found in the 2026-08-31 sourcing round, never built. build_tier=C - engineering required; scrapability=3.0; class=Custom"
ghana,PENDING,Jumia Ghana,https://www.jumia.com.gh/groceries/,jumia.com.gh,FNB_LIKELY,3,1,False,132.0,P2 - queue / ACCEPT,"Candidate found in the 2026-08-31 sourcing round, never built. build_tier=C - engineering required; scrapability=3.0; class=Custom"
ghana,PENDING,Melcom,https://melcomghana.com/,melcomghana.com,FNB_LIKELY,2,1,False,132.0,P1 - build now / ACCEPT,"Candidate found in the 2026-08-31 sourcing round, never built. build_tier=A - low-hanging fruit; scrapability=5.0; class=WordPress/WooCommerce"
ghana,PENDING,Palace Hypermarket,https://palacehypermarket.com/,palacehypermarket.com,FNB_LIKELY,3,1,False,132.0,P2 - queue / ACCEPT,"Candidate found in the 2026-08-31 sourcing round, never built. build_tier=C - engineering required; scrapability=3.0; class=Custom"
croatia,PENDING,Njuškalo,https://www.njuskalo.hr/,njuskalo.hr,FNB_LIKELY,3,2,False,134.0,P2 - queue / Directory/report,"Candidate found in the 2026-08-31 sourcing round, never built. build_tier=C - engineering required; scrapability=nan; class=Classified marketplace"
croatia,PENDING,croatia_croatiayp,https://www.croatiayp.com/category/Cigars_and_Tobacco,croatiayp.com,FNB_LIKELY,2,1,False,134.0,P2 - queue / NEEDS-CUSTOM-CRAWLER,Downloaded CSV batch on 2026-09-12; normalized site was not present in the base workbook | scraping ease: Moderate | pricing visible: No | add as a new scrape target and crawler-creation candidate
croatia,PENDING,croatia_heinemann_shop,https://www.heinemann-shop.com/en/global/tobacco-products/cigarettes/c/cat_8010/,heinemann-shop.com,FNB_LIKELY,2,1,False,134.0,P2 - queue / NEEDS-CUSTOM-CRAWLER,Downloaded CSV batch on 2026-09-12; normalized site was not present in the base workbook | scraping ease: Easy | pricing visible: Yes | add as a new scrape target and crawler-creation candidate
croatia,PENDING,croatia_jatrgovac,https://jatrgovac.com/cijene-cigareta/,jatrgovac.com,FNB_LIKELY,3,1,False,134.0,P2 - queue / NEEDS-CUSTOM-CRAWLER,Downloaded CSV batch on 2026-09-12; normalized site was not present in the base workbook | scraping ease: Easy | pricing visible: Yes | add as a new scrape target and crawler-creation candidate
croatia,PENDING,croatia_travel_europe_info,https://www.travel-europe.info/cigarette-prices-in-croatia-full-breakdown-by-brand-and-region/,travel-europe.info,FNB_LIKELY,3,2,False,134.0,P2 - queue / NEEDS-CUSTOM-CRAWLER,Downloaded CSV batch on 2026-09-12; normalized site was not present in the base workbook | scraping ease: Moderate | pricing visible: Yes | add as a new scrape target and crawler-creation candidate
greece,PENDING,Fthna.gr,https://www.fthna.gr/,fthna.gr,FNB_LIKELY,3,1,False,134.0,P2 - queue / ACCEPT,"Candidate found in the 2026-08-31 sourcing round, never built. build_tier=C - engineering required; scrapability=3.0; class=Custom"
greece,PENDING,PosoKanei.gov.gr (official),https://posokanei.gov.gr/,posokanei.gov.gr,FNB_LIKELY,3,1,False,134.0,P1 - build now / ACCEPT,"Candidate found in the 2026-08-31 sourcing round, never built. build_tier=A - low-hanging fruit; scrapability=5.0; class=Custom"
greece,PENDING,efood Supermarket,https://www.e-food.gr/delivery/menu/sklavenitis,e-food.gr,FNB_LIKELY,5,2,False,134.0,P2 - queue / ACCEPT,"Candidate found in the 2026-08-31 sourcing round, never built. build_tier=C - engineering required; scrapability=3.0; class=Custom"
czech_republic,PENDING,Mall.cz,https://www.mall.cz/,mall.cz,FNB_LIKELY,3,2,False,136.0,P2 - queue / Directory/report,"Candidate found in the 2026-08-31 sourcing round, never built. build_tier=C - engineering required; scrapability=nan; class=General marketplace"
czech_republic,PENDING,czech_republic_cz_vawoo,https://cz.vawoo.com/en,cz.vawoo.com,FNB_LIKELY,3,1,False,136.0,P2 - queue / NEEDS-CUSTOM-CRAWLER,Downloaded CSV batch on 2026-09-12; normalized site was not present in the base workbook | scraping ease: Easy | pricing visible: Yes | add as a new scrape target and crawler-creation candidate
czech_republic,PENDING,czech_republic_en_firmy_cz,https://en.firmy.cz/Stores-and-shops/Online-shopping/Online-gift-stores/Online-sellers-of-tobacco-products-and-supplies,en.firmy.cz,FNB_LIKELY,2,1,False,136.0,P2 - queue / NEEDS-CUSTOM-CRAWLER,Downloaded CSV batch on 2026-09-12; normalized site was not present in the base workbook | scraping ease: Moderate | pricing visible: No | add as a new scrape target and crawler-creation candidate
czech_republic,PENDING,czech_republic_tabacos_cz,https://www.tabacos.cz/en/,tabacos.cz,FNB_LIKELY,2,1,False,136.0,P2 - queue / NEEDS-CUSTOM-CRAWLER,Downloaded CSV batch on 2026-09-12; normalized site was not present in the base workbook | scraping ease: Easy | pricing visible: Yes | add as a new scrape target and crawler-creation candidate
czech_republic,PENDING,czech_republic_tabakonline_cz,https://www.tabakonline.cz/kategorie/cigarety/,tabakonline.cz,FNB_LIKELY,2,1,False,136.0,P2 - queue / NEEDS-CUSTOM-CRAWLER,Downloaded CSV batch on 2026-09-12; normalized site was not present in the base workbook | scraping ease: Easy | pricing visible: Yes | add as a new scrape target and crawler-creation candidate
guyana,PENDING,Giftland Mall online,https://giftlandmall.com/,giftlandmall.com,FNB_LIKELY,3,2,False,136.0,P2 - queue / Directory/report,"Candidate found in the 2026-08-31 sourcing round, never built. build_tier=C - engineering required; scrapability=nan; class=General/mall retail"
guyana,PENDING,ZIP.GY,https://zip.gy/,zip.gy,FNB_LIKELY,2,1,False,136.0,P2 - queue / SUSPECT,"Candidate found in the 2026-08-31 sourcing round, never built. build_tier=not scored; scrapability=nan; class=Custom"
guyana,PENDING,guyana_24gy,https://24gy.com/index,24gy.com,FNB_LIKELY,4,3,False,136.0,P2 - queue / NEEDS-CUSTOM-CRAWLER,Downloaded CSV batch on 2026-09-12; normalized site was not present in the base workbook | scraping ease: Moderate | add as a new scrape target and crawler-creation candidate
guyana,PENDING,guyana_newgmc_gy,https://newgmc.gov.gy/shop/,newgmc.gov.gy,FNB_LIKELY,4,1,False,136.0,P2 - queue / NEEDS-CUSTOM-CRAWLER,Downloaded CSV batch on 2026-09-12; normalized site was not present in the base workbook | scraping ease: Easy | add as a new scrape target and crawler-creation candidate
slovak_republic,LAST_TRY_FAILED,coop.sk,,nan,FNB_LIKELY,3,0,False,137.0,SKIP / DEAD-SITE,"SSL certificate mismatch (retired/consolidated domain) — HTTP 200, genuine product cards found (`product-card__title`, real prices e.g. ""15,33 €/kg"") but they come from a dated weekly-leaflet widget on the homepage (`/letaky/potraviny-supermarket-a-tempo-1`, ~30 items) rather than a persistent per-SKU catalog — the leaflet's own page is a 6.6KB image-flip viewer with zero product cards. Too thin (~30 items sitewide observed) to confirm as a genuine full-catalog retailer."
slovak_republic,LAST_TRY_FAILED,lidl.sk,,nan,FNB_LIKELY,2,0,False,137.0,SKIP / DEAD-SITE,"SSL certificate mismatch (retired/consolidated domain) — HTTP 200, 713KB, but the only price text found was inside a marketing-banner image `alt` attribute, not a real product listing."
slovak_republic,LAST_TRY_FAILED,potravinydomov.itesco.sk,,nan,FNB_LIKELY,1,0,False,137.0,PARTIAL / PARSE-FAILED,"Reachable, HTTP 200, but not extractable without more work (not a hard block — don't re-probe blind, but don't write off either) — 200 OK, no WAF, but a heavy SPA with no `__NEXT_DATA__`/`__NUXT__` state and no embedded product JSON. A Playwright network trace of the landing page fired zero `/api/`or `graphql` requests -- the platform gates its real category/product API behind a delivery-address/postcode selection flow (same UK-Tesco-family pattern as other Tesco storefronts) that a shallow landing-page trace does not reach. Worth a real pass: drive the address-picker interstitial with Playwright first, then re-trace."
slovak_republic,LAST_TRY_FAILED,potravinydomov.sk,,nan,FNB_LIKELY,1,0,False,137.0,PARTIAL / PARSE-FAILED,"Reachable, HTTP 200, but not extractable without more work (not a hard block — don't re-probe blind, but don't write off either) — 200 OK, no WAF, but a heavy SPA with no `__NEXT_DATA__`/`__NUXT__` state and no embedded product JSON. A Playwright network trace of the landing page fired zero `/api/`or `graphql` requests -- the platform gates its real category/product API behind a delivery-address/postcode selection flow (same UK-Tesco-family pattern as other Tesco storefronts) that a shallow landing-page trace does not reach. Worth a real pass: drive the address-picker interstitial with Playwright first, then re-trace."
slovak_republic,LAST_TRY_FAILED,www.metro.rs,,nan,FNB_LIKELY,3,1,False,137.0,SKIP / LOGIN-REQUIRED,"Login-walled catalog (real backend found via network trace, but core endpoint 401s without auth) — both reachable, real assortment/category nav (""veľkoobchod potravín"" / wholesale foods on the SK side), but `/aktualna-ponuka` (current-offer) pages carry zero price text in the rendered HTML on either domain -- Metro's membership-card wholesale pricing is not shown to an unauthenticated visitor. No API sniff attempted (B2B login flow out of scope for this pass)."
slovak_republic,LAST_TRY_FAILED,www.metro.sk,,nan,FNB_LIKELY,3,1,False,137.0,SKIP / LOGIN-REQUIRED,"Login-walled catalog (real backend found via network trace, but core endpoint 401s without auth) — both reachable, real assortment/category nav (""veľkoobchod potravín"" / wholesale foods on the SK side), but `/aktualna-ponuka` (current-offer) pages carry zero price text in the rendered HTML on either domain -- Metro's membership-card wholesale pricing is not shown to an unauthenticated visitor. No API sniff attempted (B2B login flow out of scope for this pass)."
slovak_republic,PENDING,Mall.sk,https://www.mall.sk/,mall.sk,FNB_LIKELY,3,2,False,137.0,P2 - queue / Directory/report,"Candidate found in the 2026-08-31 sourcing round, never built. build_tier=C - engineering required; scrapability=nan; class=General marketplace"
bangladesh,PENDING,Meena Bazar Online,https://www.meenabazaronline.com/,meenabazaronline.com,FNB_LIKELY,13,0,False,138.0,P2 - queue / EVIDENCE-ONLY,From Will's 2026-09-11 South Asia wave. His handover states explicitly that HAVE there means a child task found public price evidence and a plausible scraper path -- NOT that a crawler exists. Recorded as PENDING: it still needs to be implemented and live-tested before ingestion.
bangladesh,PENDING,Jachai Price,https://www.jachaiprice.com/,jachaiprice.com,FNB_LIKELY,9,0,False,138.0,P2 - queue / EVIDENCE-ONLY,From Will's 2026-09-11 South Asia wave. His handover states explicitly that HAVE there means a child task found public price evidence and a plausible scraper path -- NOT that a crawler exists. Recorded as PENDING: it still needs to be implemented and live-tested before ingestion.
bangladesh,PENDING,Arogga Food and Nutrition,https://www.arogga.com/category/food-and-nutrition/7276/food-and-nutrition,arogga.com,FNB_LIKELY,4,3,False,138.0,P2 - queue / EVIDENCE-ONLY,From Will's 2026-09-11 South Asia wave. His handover states explicitly that HAVE there means a child task found public price evidence and a plausible scraper path -- NOT that a crawler exists. Recorded as PENDING: it still needs to be implemented and live-tested before ingestion.
bangladesh,PENDING,Lazz Pharma,https://www.lazzpharma.com/,lazzpharma.com,FNB_LIKELY,3,1,False,138.0,P2 - queue / EVIDENCE-ONLY,From Will's 2026-09-11 South Asia wave. His handover states explicitly that HAVE there means a child task found public price evidence and a plausible scraper path -- NOT that a crawler exists. Recorded as PENDING: it still needs to be implemented and live-tested before ingestion.
bangladesh,PENDING,Online Medicine Bazar,https://onlinemedicinebazar.com/,onlinemedicinebazar.com,FNB_LIKELY,2,1,False,138.0,P2 - queue / EVIDENCE-ONLY,From Will's 2026-09-11 South Asia wave. His handover states explicitly that HAVE there means a child task found public price evidence and a plausible scraper path -- NOT that a crawler exists. Recorded as PENDING: it still needs to be implemented and live-tested before ingestion.
bangladesh,PENDING,Foodpanda Shops - Daily Grocery,https://www.foodpanda.com.bd/shop/sph5/daily-grocery,foodpanda.com.bd,FNB_LIKELY,11,2,False,138.0,P2 - queue / EVIDENCE-ONLY,From Will's 2026-09-11 South Asia wave. His handover states explicitly that HAVE there means a child task found public price evidence and a plausible scraper path -- NOT that a crawler exists. Recorded as PENDING: it still needs to be implemented and live-tested before ingestion.
bangladesh,PENDING,Israt Super Shop,https://www.isratsupershop.com/category/food-grocery,isratsupershop.com,FNB_LIKELY,4,0,False,138.0,P2 - queue / EVIDENCE-ONLY,From Will's 2026-09-11 South Asia wave. His handover states explicitly that HAVE there means a child task found public price evidence and a plausible scraper path -- NOT that a crawler exists. Recorded as PENDING: it still needs to be implemented and live-tested before ingestion.
bangladesh,PENDING,Kee Dorkar,https://keedorkar.com/,keedorkar.com,FNB_LIKELY,9,1,False,138.0,P2 - queue / EVIDENCE-ONLY,From Will's 2026-09-11 South Asia wave. His handover states explicitly that HAVE there means a child task found public price evidence and a plausible scraper path -- NOT that a crawler exists. Recorded as PENDING: it still needs to be implemented and live-tested before ingestion.
bangladesh,PENDING,Krishi Mart BD,https://krishimartbd.com/,krishimartbd.com,FNB_LIKELY,7,0,False,138.0,P2 - queue / EVIDENCE-ONLY,From Will's 2026-09-11 South Asia wave. His handover states explicitly that HAVE there means a child task found public price evidence and a plausible scraper path -- NOT that a crawler exists. Recorded as PENDING: it still needs to be implemented and live-tested before ingestion.
bangladesh,PENDING,Ekota Mart,https://shop.ekotamart.com/,shop.ekotamart.com,FNB_LIKELY,6,2,False,138.0,P2 - queue / CANDIDATE,From Will's 2026-09-11 South Asia wave. His handover states explicitly that HAVE there means a child task found public price evidence and a plausible scraper path -- NOT that a crawler exists. Recorded as PENDING: it still needs to be implemented and live-tested before ingestion.
bangladesh,PENDING,Aziz Traders,https://aziztraders.store/,aziztraders.store,FNB_LIKELY,7,0,False,138.0,P2 - queue / CANDIDATE,From Will's 2026-09-11 South Asia wave. His handover states explicitly that HAVE there means a child task found public price evidence and a plausible scraper path -- NOT that a crawler exists. Recorded as PENDING: it still needs to be implemented and live-tested before ingestion.
bangladesh,PENDING,Fair Electronics,https://fairelectronics.com.bd/,fairelectronics.com.bd,FNB_LIKELY,4,2,False,138.0,P2 - queue / EVIDENCE-ONLY,From Will's 2026-09-11 South Asia wave. His handover states explicitly that HAVE there means a child task found public price evidence and a plausible scraper path -- NOT that a crawler exists. Recorded as PENDING: it still needs to be implemented and live-tested before ingestion.
bangladesh,PENDING,Gadget Zone,https://gadgetzzone.com/,gadgetzzone.com,FNB_LIKELY,3,2,False,138.0,P2 - queue / EVIDENCE-ONLY,From Will's 2026-09-11 South Asia wave. His handover states explicitly that HAVE there means a child task found public price evidence and a plausible scraper path -- NOT that a crawler exists. Recorded as PENDING: it still needs to be implemented and live-tested before ingestion.
bangladesh,LAST_TRY_FAILED,Shwapno on Pathao Food,https://food.pathao.com/restaurants/geydambsha/shwapno,food.pathao.com,FNB_LIKELY,6,3,False,138.0,SKIP / CHILD-TASK-SKIP,"Will's 2026-09-11 South Asia wave marked this SKIP (app-gated, no price, or wrong country)."
bangladesh,PENDING,Agora Superstores,https://agorasuperstores.com/best_for_you,agorasuperstores.com,FNB_LIKELY,10,0,False,138.0,P2 - queue / EVIDENCE-ONLY,From Will's 2026-09-11 South Asia wave. His handover states explicitly that HAVE there means a child task found public price evidence and a plausible scraper path -- NOT that a crawler exists. Recorded as PENDING: it still needs to be implemented and live-tested before ingestion.
bangladesh,PENDING,Hamakere Haat,https://hamakerehaat.com/,hamakerehaat.com,FNB_LIKELY,6,3,False,138.0,P2 - queue / EVIDENCE-ONLY,From Will's 2026-09-11 South Asia wave. His handover states explicitly that HAVE there means a child task found public price evidence and a plausible scraper path -- NOT that a crawler exists. Recorded as PENDING: it still needs to be implemented and live-tested before ingestion.
bangladesh,PENDING,Khan Grocery Shop,https://www.khan.com.bd/,khan.com.bd,FNB_LIKELY,7,0,False,138.0,P2 - queue / EVIDENCE-ONLY,From Will's 2026-09-11 South Asia wave. His handover states explicitly that HAVE there means a child task found public price evidence and a plausible scraper path -- NOT that a crawler exists. Recorded as PENDING: it still needs to be implemented and live-tested before ingestion.
bangladesh,PENDING,AshBazar,https://www.ashbazarbd.com/,ashbazarbd.com,FNB_LIKELY,5,0,False,138.0,P2 - queue / EVIDENCE-ONLY,From Will's 2026-09-11 South Asia wave. His handover states explicitly that HAVE there means a child task found public price evidence and a plausible scraper path -- NOT that a crawler exists. Recorded as PENDING: it still needs to be implemented and live-tested before ingestion.
bangladesh,PENDING,Sodaipati,https://sodaipati.com.bd/category/grocery,sodaipati.com.bd,FNB_LIKELY,9,4,False,138.0,P2 - queue / EVIDENCE-ONLY,From Will's 2026-09-11 South Asia wave. His handover states explicitly that HAVE there means a child task found public price evidence and a plausible scraper path -- NOT that a crawler exists. Recorded as PENDING: it still needs to be implemented and live-tested before ingestion.
bangladesh,PENDING,Kabir eMart,https://www.kabiremart.com.bd/,kabiremart.com.bd,FNB_LIKELY,7,0,False,138.0,P2 - queue / EVIDENCE-ONLY,From Will's 2026-09-11 South Asia wave. His handover states explicitly that HAVE there means a child task found public price evidence and a plausible scraper path -- NOT that a crawler exists. Recorded as PENDING: it still needs to be implemented and live-tested before ingestion.
bangladesh,PENDING,Sodai Kutir,https://www.sodaikutir.com/,sodaikutir.com,FNB_LIKELY,5,0,False,138.0,P2 - queue / EVIDENCE-ONLY,From Will's 2026-09-11 South Asia wave. His handover states explicitly that HAVE there means a child task found public price evidence and a plausible scraper path -- NOT that a crawler exists. Recorded as PENDING: it still needs to be implemented and live-tested before ingestion.
bangladesh,PENDING,KDSBD,https://kdsbd.com/,kdsbd.com,FNB_LIKELY,11,3,False,138.0,P2 - queue / EVIDENCE-ONLY,From Will's 2026-09-11 South Asia wave. His handover states explicitly that HAVE there means a child task found public price evidence and a plausible scraper path -- NOT that a crawler exists. Recorded as PENDING: it still needs to be implemented and live-tested before ingestion.
bangladesh,PENDING,Basket Shop BD,https://www.basketshopbd.com/,basketshopbd.com,FNB_LIKELY,6,0,False,138.0,P2 - queue / EVIDENCE-ONLY,From Will's 2026-09-11 South Asia wave. His handover states explicitly that HAVE there means a child task found public price evidence and a plausible scraper path -- NOT that a crawler exists. Recorded as PENDING: it still needs to be implemented and live-tested before ingestion.
bangladesh,PENDING,Bread & Beyond,https://breadandbeyondbd.com/beverage,breadandbeyondbd.com,FNB_LIKELY,6,0,False,138.0,P2 - queue / EVIDENCE-ONLY,From Will's 2026-09-11 South Asia wave. His handover states explicitly that HAVE there means a child task found public price evidence and a plausible scraper path -- NOT that a crawler exists. Recorded as PENDING: it still needs to be implemented and live-tested before ingestion.
bangladesh,PENDING,Sorboraho,https://sorboraho.com.bd/collections/soft-drinks,sorboraho.com.bd,FNB_LIKELY,6,0,False,138.0,P2 - queue / EVIDENCE-ONLY,From Will's 2026-09-11 South Asia wave. His handover states explicitly that HAVE there means a child task found public price evidence and a plausible scraper path -- NOT that a crawler exists. Recorded as PENDING: it still needs to be implemented and live-tested before ingestion.
bangladesh,PENDING,E-MARKET,https://emarketltd.com/?child_id=96&page=products,emarketltd.com,FNB_LIKELY,4,0,False,138.0,P2 - queue / CANDIDATE,From Will's 2026-09-11 South Asia wave. His handover states explicitly that HAVE there means a child task found public price evidence and a plausible scraper path -- NOT that a crawler exists. Recorded as PENDING: it still needs to be implemented and live-tested before ingestion.
bangladesh,PENDING,Fenimart,https://www.fenimart.com/,fenimart.com,FNB_LIKELY,6,2,False,138.0,P2 - queue / CANDIDATE,From Will's 2026-09-11 South Asia wave. His handover states explicitly that HAVE there means a child task found public price evidence and a plausible scraper path -- NOT that a crawler exists. Recorded as PENDING: it still needs to be implemented and live-tested before ingestion.
bangladesh,LAST_TRY_FAILED,E-Dokan / DhakaHostIT demo,https://ecommerce.dhakahostit.com/,ecommerce.dhakahostit.com,FNB_LIKELY,5,1,False,138.0,SKIP / CHILD-TASK-FAILED,Will's 2026-09-11 South Asia wave could not retrieve prices.
bangladesh,PENDING,BanglaShoppers Grocery,https://www.banglashoppers.com/grocery-shop.html,banglashoppers.com,FNB_LIKELY,5,2,False,138.0,P2 - queue / EVIDENCE-ONLY,From Will's 2026-09-11 South Asia wave. His handover states explicitly that HAVE there means a child task found public price evidence and a plausible scraper path -- NOT that a crawler exists. Recorded as PENDING: it still needs to be implemented and live-tested before ingestion.
bangladesh,PENDING,ClickCart BD,https://www.clickcartbd.com/,clickcartbd.com,FNB_LIKELY,7,0,False,138.0,P2 - queue / EVIDENCE-ONLY,From Will's 2026-09-11 South Asia wave. His handover states explicitly that HAVE there means a child task found public price evidence and a plausible scraper path -- NOT that a crawler exists. Recorded as PENDING: it still needs to be implemented and live-tested before ingestion.
bangladesh,PENDING,Farmers Food BD,https://www.farmerfoodbd.com/,farmerfoodbd.com,FNB_LIKELY,10,0,False,138.0,P2 - queue / EVIDENCE-ONLY,From Will's 2026-09-11 South Asia wave. His handover states explicitly that HAVE there means a child task found public price evidence and a plausible scraper path -- NOT that a crawler exists. Recorded as PENDING: it still needs to be implemented and live-tested before ingestion.
bangladesh,PENDING,Nutrify Food,https://www.nutrifyfoodbd.com/,nutrifyfoodbd.com,FNB_LIKELY,4,2,False,138.0,P2 - queue / EVIDENCE-ONLY,From Will's 2026-09-11 South Asia wave. His handover states explicitly that HAVE there means a child task found public price evidence and a plausible scraper path -- NOT that a crawler exists. Recorded as PENDING: it still needs to be implemented and live-tested before ingestion.
bangladesh,PENDING,Abir Foods,https://www.abirfoodsbd.com/,abirfoodsbd.com,FNB_LIKELY,3,0,False,138.0,P2 - queue / EVIDENCE-ONLY,From Will's 2026-09-11 South Asia wave. His handover states explicitly that HAVE there means a child task found public price evidence and a plausible scraper path -- NOT that a crawler exists. Recorded as PENDING: it still needs to be implemented and live-tested before ingestion.
bangladesh,PENDING,Pundra Mart,https://pundramart.com/,pundramart.com,FNB_LIKELY,8,0,False,138.0,P2 - queue / EVIDENCE-ONLY,From Will's 2026-09-11 South Asia wave. His handover states explicitly that HAVE there means a child task found public price evidence and a plausible scraper path -- NOT that a crawler exists. Recorded as PENDING: it still needs to be implemented and live-tested before ingestion.
bangladesh,PENDING,Well Food Sylhet,https://www.wellfoodsylhet.com/,wellfoodsylhet.com,FNB_LIKELY,3,1,False,138.0,P2 - queue / EVIDENCE-ONLY,From Will's 2026-09-11 South Asia wave. His handover states explicitly that HAVE there means a child task found public price evidence and a plausible scraper path -- NOT that a crawler exists. Recorded as PENDING: it still needs to be implemented and live-tested before ingestion.
bangladesh,PENDING,JaiboVumi,https://jaibovumi.com/,jaibovumi.com,FNB_LIKELY,6,2,False,138.0,P2 - queue / EVIDENCE-ONLY,From Will's 2026-09-11 South Asia wave. His handover states explicitly that HAVE there means a child task found public price evidence and a plausible scraper path -- NOT that a crawler exists. Recorded as PENDING: it still needs to be implemented and live-tested before ingestion.
bangladesh,PENDING,Anayase,https://anayase.com/,anayase.com,FNB_LIKELY,6,0,False,138.0,P2 - queue / EVIDENCE-ONLY,From Will's 2026-09-11 South Asia wave. His handover states explicitly that HAVE there means a child task found public price evidence and a plausible scraper path -- NOT that a crawler exists. Recorded as PENDING: it still needs to be implemented and live-tested before ingestion.
bangladesh,PENDING,LR Bazar,https://www.lrbazar.com/,lrbazar.com,FNB_LIKELY,3,1,False,138.0,P2 - queue / CANDIDATE,From Will's 2026-09-11 South Asia wave. His handover states explicitly that HAVE there means a child task found public price evidence and a plausible scraper path -- NOT that a crawler exists. Recorded as PENDING: it still needs to be implemented and live-tested before ingestion.
bangladesh,PENDING,AgroTown BD,https://www.agrotownbd.com/,agrotownbd.com,FNB_LIKELY,5,1,False,138.0,P2 - queue / EVIDENCE-ONLY,From Will's 2026-09-11 South Asia wave. His handover states explicitly that HAVE there means a child task found public price evidence and a plausible scraper path -- NOT that a crawler exists. Recorded as PENDING: it still needs to be implemented and live-tested before ingestion.
bangladesh,PENDING,Tayyib,https://www.tayyib.com.bd/,tayyib.com.bd,FNB_LIKELY,3,0,False,138.0,P2 - queue / EVIDENCE-ONLY,From Will's 2026-09-11 South Asia wave. His handover states explicitly that HAVE there means a child task found public price evidence and a plausible scraper path -- NOT that a crawler exists. Recorded as PENDING: it still needs to be implemented and live-tested before ingestion.
bangladesh,PENDING,MegaLink Agro,https://megalinkagro.com/,megalinkagro.com,FNB_LIKELY,4,1,False,138.0,P2 - queue / EVIDENCE-ONLY,From Will's 2026-09-11 South Asia wave. His handover states explicitly that HAVE there means a child task found public price evidence and a plausible scraper path -- NOT that a crawler exists. Recorded as PENDING: it still needs to be implemented and live-tested before ingestion.
bangladesh,PENDING,GrameenfoodBD,https://www.grameenfoodbd.com/,grameenfoodbd.com,FNB_LIKELY,2,0,False,138.0,P2 - queue / EVIDENCE-ONLY,From Will's 2026-09-11 South Asia wave. His handover states explicitly that HAVE there means a child task found public price evidence and a plausible scraper path -- NOT that a crawler exists. Recorded as PENDING: it still needs to be implemented and live-tested before ingestion.
bangladesh,PENDING,Green Farm,https://www.greenfarm.com.bd/,greenfarm.com.bd,FNB_LIKELY,5,0,False,138.0,P2 - queue / EVIDENCE-ONLY,From Will's 2026-09-11 South Asia wave. His handover states explicitly that HAVE there means a child task found public price evidence and a plausible scraper path -- NOT that a crawler exists. Recorded as PENDING: it still needs to be implemented and live-tested before ingestion.
bangladesh,PENDING,Krishok Bazar,https://krishokbazar.com.bd/,krishokbazar.com.bd,FNB_LIKELY,5,0,False,138.0,P2 - queue / EVIDENCE-ONLY,From Will's 2026-09-11 South Asia wave. His handover states explicitly that HAVE there means a child task found public price evidence and a plausible scraper path -- NOT that a crawler exists. Recorded as PENDING: it still needs to be implemented and live-tested before ingestion.
bangladesh,PENDING,Metro Mart Online,https://www.metromartonline.com/,metromartonline.com,FNB_LIKELY,9,1,False,138.0,P2 - queue / EVIDENCE-ONLY,From Will's 2026-09-11 South Asia wave. His handover states explicitly that HAVE there means a child task found public price evidence and a plausible scraper path -- NOT that a crawler exists. Recorded as PENDING: it still needs to be implemented and live-tested before ingestion.
bangladesh,PENDING,GBangla Network,https://gbanglanetwork.com/,gbanglanetwork.com,FNB_LIKELY,7,0,False,138.0,P2 - queue / EVIDENCE-ONLY,From Will's 2026-09-11 South Asia wave. His handover states explicitly that HAVE there means a child task found public price evidence and a plausible scraper path -- NOT that a crawler exists. Recorded as PENDING: it still needs to be implemented and live-tested before ingestion.
bangladesh,PENDING,Daam Kemon,https://daam-kemon.vercel.app/,daam-kemon.vercel.app,FNB_LIKELY,4,1,False,138.0,P2 - queue / CANDIDATE,From Will's 2026-09-11 South Asia wave. His handover states explicitly that HAVE there means a child task found public price evidence and a plausible scraper path -- NOT that a crawler exists. Recorded as PENDING: it still needs to be implemented and live-tested before ingestion.
bangladesh,PENDING,Krishibid Bazaar,https://krishibidbazaar.com/category/krishibid-own-products,krishibidbazaar.com,FNB_LIKELY,9,0,False,138.0,P2 - queue / EVIDENCE-ONLY,From Will's 2026-09-11 South Asia wave. His handover states explicitly that HAVE there means a child task found public price evidence and a plausible scraper path -- NOT that a crawler exists. Recorded as PENDING: it still needs to be implemented and live-tested before ingestion.
bangladesh,PENDING,ShareDeal,https://www.sharedealnow.com/,sharedealnow.com,FNB_LIKELY,8,0,False,138.0,P2 - queue / EVIDENCE-ONLY,From Will's 2026-09-11 South Asia wave. His handover states explicitly that HAVE there means a child task found public price evidence and a plausible scraper path -- NOT that a crawler exists. Recorded as PENDING: it still needs to be implemented and live-tested before ingestion.
bangladesh,PENDING,Kazi Store demo-like supershop,https://supershop.isoftdemo.com/,supershop.isoftdemo.com,FNB_LIKELY,4,0,False,138.0,P2 - queue / CANDIDATE,From Will's 2026-09-11 South Asia wave. His handover states explicitly that HAVE there means a child task found public price evidence and a plausible scraper path -- NOT that a crawler exists. Recorded as PENDING: it still needs to be implemented and live-tested before ingestion.
bangladesh,PENDING,bangladesh_caremebd,https://www.caremebd.com/product-category/tobacco/,caremebd.com,FNB_LIKELY,2,1,False,138.0,P2 - queue / NEEDS-CUSTOM-CRAWLER,Downloaded CSV batch on 2026-09-12; normalized site was not present in the base workbook | scraping ease: Easy | pricing visible: Yes | add as a new scrape target and crawler-creation candidate
bangladesh,PENDING,bangladesh_foods_bd,https://foods.bd/,foods.bd,FNB_LIKELY,5,2,False,138.0,P2 - queue / NEEDS-CUSTOM-CRAWLER,Downloaded CSV batch on 2026-09-12; normalized site was not present in the base workbook | scraping ease: Easy | add as a new scrape target and crawler-creation candidate
bangladesh,PENDING,bangladesh_asmishop,https://asmishop.com/,asmishop.com,FNB_LIKELY,6,1,False,138.0,P2 - queue / NEEDS-CUSTOM-CRAWLER,Downloaded CSV batch on 2026-09-12; normalized site was not present in the base workbook | scraping ease: Easy | add as a new scrape target and crawler-creation candidate
bangladesh,PENDING,bangladesh_sngmart,https://sngmart.com/,sngmart.com,FNB_LIKELY,11,1,False,138.0,P2 - queue / NEEDS-CUSTOM-CRAWLER,Downloaded CSV batch on 2026-09-12; normalized site was not present in the base workbook | scraping ease: Easy | add as a new scrape target and crawler-creation candidate
brunei_darussalam,PENDING,brunei_darussalam_kedaikubn,https://kedaikubn.com/,kedaikubn.com,FNB_LIKELY,3,2,False,139.0,P2 - queue / NEEDS-CUSTOM-CRAWLER,Downloaded CSV batch on 2026-09-12; normalized site was not present in the base workbook | scraping ease: Easy | add as a new scrape target and crawler-creation candidate
china,PENDING,china_chinesecigarettesonline,https://chinesecigarettesonline.com/,chinesecigarettesonline.com,FNB_LIKELY,2,1,False,139.0,P2 - queue / NEEDS-CUSTOM-CRAWLER,Downloaded CSV batch on 2026-09-12; normalized site was not present in the base workbook | scraping ease: Easy | pricing visible: Yes | add as a new scrape target and crawler-creation candidate
china,PENDING,china_chunghwashop,https://www.chunghwashop.com/product-category/chunghwa,chunghwashop.com,FNB_LIKELY,2,1,False,139.0,P2 - queue / NEEDS-CUSTOM-CRAWLER,Downloaded CSV batch on 2026-09-12; normalized site was not present in the base workbook | scraping ease: Easy | pricing visible: Yes | add as a new scrape target and crawler-creation candidate
china,PENDING,china_chunghwastore,https://chunghwastore.com/product-category/chunghwa,chunghwastore.com,FNB_LIKELY,2,1,False,139.0,P2 - queue / NEEDS-CUSTOM-CRAWLER,Downloaded CSV batch on 2026-09-12; normalized site was not present in the base workbook | scraping ease: Easy | pricing visible: Yes | add as a new scrape target and crawler-creation candidate
china,PENDING,china_cig88,https://www.cig88.com/en/china-brand-cigarettes/chunghwa,cig88.com,FNB_LIKELY,2,1,False,139.0,P2 - queue / NEEDS-CUSTOM-CRAWLER,Downloaded CSV batch on 2026-09-12; normalized site was not present in the base workbook | scraping ease: Easy | pricing visible: Yes | add as a new scrape target and crawler-creation candidate
china,PENDING,china_ciggiesworld_ch,https://www.ciggiesworld.ch/product/chunghwa-%E4%B8%AD%E5%8D%8E/,ciggiesworld.ch,FNB_LIKELY,2,1,False,139.0,P2 - queue / NEEDS-CUSTOM-CRAWLER,Downloaded CSV batch on 2026-09-12; normalized site was not present in the base workbook | scraping ease: Easy | pricing visible: Yes | add as a new scrape target and crawler-creation candidate
china,PENDING,china_cncigg,https://www.cncigg.com/,cncigg.com,FNB_LIKELY,2,1,False,139.0,P2 - queue / NEEDS-CUSTOM-CRAWLER,Downloaded CSV batch on 2026-09-12; normalized site was not present in the base workbook | scraping ease: Easy | pricing visible: Yes | add as a new scrape target and crawler-creation candidate
china,PENDING,china_fogrise_cigarette,https://fogrise-cigarette.com/product-category/cigarettes/chinese-cigarettes/,fogrise-cigarette.com,FNB_LIKELY,2,1,False,139.0,P2 - queue / NEEDS-CUSTOM-CRAWLER,Downloaded CSV batch on 2026-09-12; normalized site was not present in the base workbook | scraping ease: Easy | pricing visible: Yes | add as a new scrape target and crawler-creation candidate
china,PENDING,china_hitcigars,https://hitcigars.com/category/cigarettes/chinese-cigarettes/,hitcigars.com,FNB_LIKELY,2,1,False,139.0,P2 - queue / NEEDS-CUSTOM-CRAWLER,Downloaded CSV batch on 2026-09-12; normalized site was not present in the base workbook | scraping ease: Easy | pricing visible: Yes | add as a new scrape target and crawler-creation candidate
china,PENDING,china_travelofchina,https://www.travelofchina.com/chinese-cigarettes/,travelofchina.com,FNB_LIKELY,3,2,False,139.0,P2 - queue / NEEDS-CUSTOM-CRAWLER,Downloaded CSV batch on 2026-09-12; normalized site was not present in the base workbook | scraping ease: Easy | pricing visible: Yes | add as a new scrape target and crawler-creation candidate
oman,PENDING,oman_stooq_store,https://stooq.store/products,stooq.store,FNB_LIKELY,2,1,False,139.0,P2 - queue / NEEDS-CUSTOM-CRAWLER,Downloaded CSV batch on 2026-09-12; normalized site was not present in the base workbook | scraping ease: Moderate | add as a new scrape target and crawler-creation candidate
portugal,PENDING,El Corte Ingles Supermercado PT,https://www.elcorteingles.pt/supermercado/,elcorteingles.pt,FNB_LIKELY,3,1,False,139.0,P3 - backlog / ACCEPT,"Candidate found in the 2026-08-31 sourcing round, never built. build_tier=D - hard / app / index only; scrapability=2.0; class=Custom/Enterprise"
portugal,PENDING,Mercadona Portugal,https://www.mercadona.pt/,mercadona.pt,FNB_LIKELY,2,1,False,139.0,P1 - build now / ACCEPT,"Candidate found in the 2026-08-31 sourcing round, never built. build_tier=A - low-hanging fruit; scrapability=5.0; class=Custom (public JSON API)"
portugal,PENDING,Super Save,https://www.supersave.pt/,supersave.pt,FNB_LIKELY,3,1,False,139.0,P2 - queue / ACCEPT,"Candidate found in the 2026-08-31 sourcing round, never built. build_tier=C - engineering required; scrapability=3.0; class=Custom"
panama,PENDING,panama_elfuerte_pa,https://elfuerte.com.pa/,elfuerte.com.pa,FNB_LIKELY,5,1,False,142.0,P2 - queue / NEEDS-CUSTOM-CRAWLER,Downloaded CSV batch on 2026-09-12; normalized site was not present in the base workbook | scraping ease: Moderate | add as a new scrape target and crawler-creation candidate
mozambique,PENDING,Casa Bhay Supermercado,http://krolyc.co.mz/,krolyc.co.mz,FNB_LIKELY,4,1,False,144.0,P2 - queue / SUSPECT,"Candidate found in the 2026-08-31 sourcing round, never built. build_tier=not scored; scrapability=nan; class=Custom"
senegal,PENDING,Jumia Senegal,https://www.jumia.sn/epicerie/,jumia.sn,FNB_LIKELY,3,1,False,144.0,P2 - queue / ACCEPT,"Candidate found in the 2026-08-31 sourcing round, never built. build_tier=C - engineering required; scrapability=3.0; class=Custom"
slovenia,PENDING,slovenia_ceneje_si,https://www.ceneje.si/,ceneje.si,FNB_LIKELY,3,1,False,144.0,P2 - queue / NEEDS-CUSTOM-CRAWLER,Downloaded CSV batch on 2026-09-12; normalized site was not present in the base workbook | scraping ease: Easy | add as a new scrape target and crawler-creation candidate
slovenia,PENDING,slovenia_nakupko_app,https://www.nakupko.app/,nakupko.app,FNB_LIKELY,3,1,False,144.0,P2 - queue / NEEDS-CUSTOM-CRAWLER,Downloaded CSV batch on 2026-09-12; normalized site was not present in the base workbook | scraping ease: Easy | add as a new scrape target and crawler-creation candidate
slovenia,PENDING,slovenia_kupujemceneje_si,https://kupujemceneje.si/,kupujemceneje.si,FNB_LIKELY,3,1,False,144.0,P2 - queue / NEEDS-CUSTOM-CRAWLER,Downloaded CSV batch on 2026-09-12; normalized site was not present in the base workbook | scraping ease: Easy | add as a new scrape target and crawler-creation candidate
slovenia,PENDING,slovenia_polnakosarica_si,https://polnakosarica.si/,polnakosarica.si,FNB_LIKELY,3,1,False,144.0,P2 - queue / NEEDS-CUSTOM-CRAWLER,Downloaded CSV batch on 2026-09-12; normalized site was not present in the base workbook | scraping ease: Easy | add as a new scrape target and crawler-creation candidate
serbia,LAST_TRY_FAILED,idea.rs,,nan,FNB_LIKELY,2,0,False,146.0,SKIP / NO-PRICES-ONLINE,"No products on the site (corporate marketing portal) — corporate/store-locator site only (`/Prodavnice/Prodavnice-Beograd`, `/Aktuelno` news, `/O-Idei` about-us); no product catalog, no per-SKU pricing anywhere."
serbia,LAST_TRY_FAILED,roda.rs,,nan,FNB_LIKELY,2,0,False,146.0,SKIP / NO-PRICES-ONLINE,"No products on the site (corporate marketing portal) — the only price-like text on the domain is installment-payment terms copy (""Minimalni iznos rate: 1.000 RSD""), not a real product price; `/akcije/...-cat-NNN` links are weekly PDF-style flyer pages, not a browsable SKU catalog."
serbia,LAST_TRY_FAILED,tempo.rs,,nan,FNB_LIKELY,2,0,False,146.0,SKIP / NO-PRICES-ONLINE,No products on the site (corporate marketing portal) — no shop/catalog-shaped links found in a first-pass fetch.
serbia,LAST_TRY_FAILED,univerexport.rs,,nan,FNB_LIKELY,2,1,False,146.0,SKIP / NO-PRICES-ONLINE,"No products on the site (corporate marketing portal) — Next.js corporate site; only a phone-contact footer component found in the raw fetch, no shop/catalog links."
dominican_republic,PENDING,Plaza Lama,https://plazalama.com/,plazalama.com,FNB_LIKELY,4,2,False,149.0,P2 - queue / Directory/report,"Candidate found in the 2026-08-31 sourcing round, never built. build_tier=C - engineering required; scrapability=nan; class=Department/supermarket"
dominican_republic,PENDING,dominican_republic_cigar_do,https://cigar.com.do/,cigar.com.do,FNB_LIKELY,2,1,False,149.0,P2 - queue / NEEDS-CUSTOM-CRAWLER,Downloaded CSV batch on 2026-09-12; normalized site was not present in the base workbook | scraping ease: Moderate | pricing visible: Limited | add as a new scrape target and crawler-creation candidate
dominican_republic,PENDING,dominican_republic_cigarcountry,https://cigarcountry.com/,cigarcountry.com,FNB_LIKELY,2,1,False,149.0,P2 - queue / NEEDS-CUSTOM-CRAWLER,Downloaded CSV batch on 2026-09-12; normalized site was not present in the base workbook | scraping ease: Easy | pricing visible: Yes | add as a new scrape target and crawler-creation candidate
dominican_republic,PENDING,dominican_republic_dominicancigars_do,https://dominicancigars.com.do/shop/,dominicancigars.com.do,FNB_LIKELY,3,1,False,149.0,P2 - queue / NEEDS-CUSTOM-CRAWLER,Downloaded CSV batch on 2026-09-12; normalized site was not present in the base workbook | scraping ease: Easy | pricing visible: Yes | add as a new scrape target and crawler-creation candidate
dominican_republic,PENDING,dominican_republic_lacasadelacanard,https://www.lacasadelacanard.com/collections/cigarrillos,lacasadelacanard.com,FNB_LIKELY,2,1,False,149.0,P2 - queue / NEEDS-CUSTOM-CRAWLER,Downloaded CSV batch on 2026-09-12; normalized site was not present in the base workbook | scraping ease: Easy | pricing visible: Yes | add as a new scrape target and crawler-creation candidate
dominican_republic,PENDING,dominican_republic_plazalama_do,https://plazalama.com.do/ca/supermercado/vinos-cervezas-y-licores/cigarrillos-y-cigarros/11/11-54/11-54-236,plazalama.com.do,FNB_LIKELY,6,1,False,149.0,P2 - queue / NEEDS-CUSTOM-CRAWLER,Downloaded CSV batch on 2026-09-12; normalized site was not present in the base workbook | scraping ease: Easy | pricing visible: Yes | add as a new scrape target and crawler-creation candidate
dominican_republic,PENDING,dominican_republic_supermercadosrd,https://supermercadosrd.com/grupos/cigarrillos,supermercadosrd.com,FNB_LIKELY,5,1,False,149.0,P2 - queue / NEEDS-CUSTOM-CRAWLER,Downloaded CSV batch on 2026-09-12; normalized site was not present in the base workbook | scraping ease: Easy | pricing visible: Yes | add as a new scrape target and crawler-creation candidate
uruguay,PENDING,Mercado Libre Uruguay,https://www.mercadolibre.com.uy/,mercadolibre.com.uy,FNB_LIKELY,4,2,False,150.0,P2 - queue / Directory/report,"Candidate found in the 2026-08-31 sourcing round, never built. build_tier=C - engineering required; scrapability=nan; class=General marketplace"
uruguay,PENDING,uruguay_superuy,https://www.superuy.com/,superuy.com,FNB_LIKELY,3,1,False,150.0,P2 - queue / NEEDS-CUSTOM-CRAWLER,Downloaded CSV batch on 2026-09-12; normalized site was not present in the base workbook | scraping ease: Moderate | add as a new scrape target and crawler-creation candidate
bolivia,PENDING,Mercado Libre Bolivia,https://www.mercadolibre.com.bo/,mercadolibre.com.bo,FNB_LIKELY,4,2,False,153.0,P2 - queue / Directory/report,"Candidate found in the 2026-08-31 sourcing round, never built. build_tier=C - engineering required; scrapability=nan; class=General marketplace"
bolivia,PENDING,PedidosYa Market Bolivia,https://www.pedidosya.com.bo/,pedidosya.com.bo,FNB_LIKELY,2,1,False,153.0,P2 - queue / ACCEPT,"Candidate found in the 2026-08-31 sourcing round, never built. build_tier=not scored; scrapability=nan; class=Custom"
moldova,PENDING,Pegas,https://pegas.md/ro,pegas.md,FNB_LIKELY,4,1,False,153.0,P2 - queue / SUSPECT,"Candidate found in the 2026-08-31 sourcing round, never built. build_tier=not scored; scrapability=nan; class=Custom"
saudi_arabia,PENDING,Amazon Saudi,https://www.amazon.sa/,amazon.sa,FNB_LIKELY,4,1,False,153.0,P1 - build now / Directory/report,"Candidate found in the 2026-08-31 sourcing round, never built. build_tier=A - low-hanging fruit; scrapability=nan; class=General marketplace"
costa_rica,PENDING,PedidosYa country check,https://www.pedidosya.com/,pedidosya.com,FNB_LIKELY,6,1,False,155.0,P2 - queue / Directory/report,"Candidate found in the 2026-08-31 sourcing round, never built. build_tier=C - engineering required; scrapability=nan; class=Food/grocery delivery marketplace"
costa_rica,PENDING,costa_rica_ecommerce_costaricadutyfree,https://ecommerce.costaricadutyfree.com/ECOMMERCE/ItemCategory?id=29&subcategory=0,ecommerce.costaricadutyfree.com,FNB_LIKELY,2,1,False,155.0,P2 - queue / NEEDS-CUSTOM-CRAWLER,Downloaded CSV batch on 2026-09-12; normalized site was not present in the base workbook | scraping ease: Moderate | pricing visible: Yes | add as a new scrape target and crawler-creation candidate
costa_rica,PENDING,costa_rica_jacoliquor,https://jacoliquor.com/product-category/cigarros/cigarrillos/,jacoliquor.com,FNB_LIKELY,3,1,False,155.0,P2 - queue / NEEDS-CUSTOM-CRAWLER,Downloaded CSV batch on 2026-09-12; normalized site was not present in the base workbook | scraping ease: Easy | pricing visible: Yes | add as a new scrape target and crawler-creation candidate
costa_rica,PENDING,costa_rica_reggae_house,https://reggae.house/categoria-producto/tabaco-costa-rica/,reggae.house,FNB_LIKELY,2,1,False,155.0,P2 - queue / NEEDS-CUSTOM-CRAWLER,Downloaded CSV batch on 2026-09-12; normalized site was not present in the base workbook | scraping ease: Easy | pricing visible: Yes | add as a new scrape target and crawler-creation candidate
costa_rica,PENDING,costa_rica_yelu_cr,https://www.yelu.cr/category/Cigarros_y_Tabaco,yelu.cr,FNB_LIKELY,2,1,False,155.0,P2 - queue / NEEDS-CUSTOM-CRAWLER,Downloaded CSV batch on 2026-09-12; normalized site was not present in the base workbook | scraping ease: Moderate | pricing visible: No | add as a new scrape target and crawler-creation candidate
israel,PENDING,KSP,https://ksp.co.il/,ksp.co.il,FNB_LIKELY,3,2,False,155.0,P1 - build now / Direct,"Candidate found in the 2026-08-31 sourcing round, never built. build_tier=A - low-hanging fruit; scrapability=nan; class=Electronics/general retailer"
israel,PENDING,Yad2,https://www.yad2.co.il/,yad2.co.il,FNB_LIKELY,3,1,False,155.0,P2 - queue / Direct,"Candidate found in the 2026-08-31 sourcing round, never built. build_tier=C - engineering required; scrapability=nan; class=Classified marketplace"
colombia,PENDING,Agrofy Colombia,https://www.agrofy.com.co/,agrofy.com.co,FNB_LIKELY,4,2,False,159.0,P2 - queue / Directory/report,"Candidate found in the 2026-08-31 sourcing round, never built. build_tier=C - engineering required; scrapability=nan; class=Agricultural marketplace"
colombia,PENDING,Mercado Libre Colombia,https://www.mercadolibre.com.co/,mercadolibre.com.co,FNB_LIKELY,4,2,False,159.0,P2 - queue / Directory/report,"Candidate found in the 2026-08-31 sourcing round, never built. build_tier=C - engineering required; scrapability=nan; class=General marketplace"
colombia,PENDING,colombia_bloommart,https://www.bloommart.co/collections/tabaco,bloommart.co,FNB_LIKELY,3,1,False,159.0,P2 - queue / NEEDS-CUSTOM-CRAWLER,Downloaded CSV batch on 2026-09-12; normalized site was not present in the base workbook | scraping ease: Easy | pricing visible: Yes | add as a new scrape target and crawler-creation candidate
colombia,PENDING,colombia_cigarrospuros,https://www.cigarrospuros.com/,cigarrospuros.com,FNB_LIKELY,2,1,False,159.0,P2 - queue / NEEDS-CUSTOM-CRAWLER,Downloaded CSV batch on 2026-09-12; normalized site was not present in the base workbook | scraping ease: Moderate | pricing visible: Limited | add as a new scrape target and crawler-creation candidate
colombia,PENDING,colombia_habanoslatabaqueria,https://www.habanoslatabaqueria.com.co/,habanoslatabaqueria.com.co,FNB_LIKELY,2,1,False,159.0,P2 - queue / NEEDS-CUSTOM-CRAWLER,Downloaded CSV batch on 2026-09-12; normalized site was not present in the base workbook | scraping ease: Easy | pricing visible: Yes | add as a new scrape target and crawler-creation candidate
colombia,PENDING,colombia_lacavadelpuro,https://www.lacavadelpuro.com/shop,lacavadelpuro.com,FNB_LIKELY,2,1,False,159.0,P2 - queue / NEEDS-CUSTOM-CRAWLER,Downloaded CSV batch on 2026-09-12; normalized site was not present in the base workbook | scraping ease: Moderate | pricing visible: Limited | add as a new scrape target and crawler-creation candidate
colombia,PENDING,colombia_lalicorera,https://lalicorera.com/productos/cigarrillos,lalicorera.com,FNB_LIKELY,2,1,False,159.0,P2 - queue / NEEDS-CUSTOM-CRAWLER,Downloaded CSV batch on 2026-09-12; normalized site was not present in the base workbook | scraping ease: Easy | pricing visible: Yes | add as a new scrape target and crawler-creation candidate
myanmar,PENDING,myanmar_imyanmarmarket,https://www.imyanmarmarket.com/en/products,imyanmarmarket.com,FNB_LIKELY,2,1,False,159.0,P2 - queue / NEEDS-CUSTOM-CRAWLER,Downloaded CSV batch on 2026-09-12; normalized site was not present in the base workbook | scraping ease: Easy | add as a new scrape target and crawler-creation candidate
netherlands,PENDING,Albert Heijn,https://www.ah.nl/,ah.nl,FNB_LIKELY,2,1,False,159.0,P3 - backlog / SUSPECT,"Candidate found in the 2026-08-31 sourcing round, never built. build_tier=D - hard / app / index only; scrapability=2.0; class=Custom/Enterprise"
netherlands,PENDING,Flink,https://www.goflink.com/,goflink.com,FNB_LIKELY,2,1,False,159.0,P2 - queue / ACCEPT,"Candidate found in the 2026-08-31 sourcing round, never built. build_tier=C - engineering required; scrapability=3.0; class=Custom"
malta,PENDING,Supermarket.mt,https://supermarket.mt/,supermarket.mt,FNB_LIKELY,3,1,False,160.0,P1 - build now / ACCEPT,"Candidate found in the 2026-08-31 sourcing round, never built. build_tier=B - moderate effort; scrapability=4.0; class=Custom"
malta,PENDING,malta_nord_mt,https://nord.mt/,nord.mt,FNB_LIKELY,4,1,False,160.0,P2 - queue / NEEDS-CUSTOM-CRAWLER,Downloaded CSV batch on 2026-09-12; normalized site was not present in the base workbook | scraping ease: Moderate | add as a new scrape target and crawler-creation candidate
malta,PENDING,malta_cinitalmija,https://cinitalmija.com/shop/,cinitalmija.com,FNB_LIKELY,8,2,False,160.0,P2 - queue / NEEDS-CUSTOM-CRAWLER,Downloaded CSV batch on 2026-09-12; normalized site was not present in the base workbook | scraping ease: Easy | add as a new scrape target and crawler-creation candidate
malta,PENDING,malta_meatsandeats_mt,https://meatsandeats.com.mt/,meatsandeats.com.mt,FNB_LIKELY,8,1,False,160.0,P2 - queue / NEEDS-CUSTOM-CRAWLER,Downloaded CSV batch on 2026-09-12; normalized site was not present in the base workbook | scraping ease: Moderate | add as a new scrape target and crawler-creation candidate
malta,PENDING,malta_maltaproducts,https://www.maltaproducts.com/product-category/grocery-items/pulses-grains-and-mushrooms/,maltaproducts.com,FNB_LIKELY,4,1,False,160.0,P2 - queue / NEEDS-CUSTOM-CRAWLER,Downloaded CSV batch on 2026-09-12; normalized site was not present in the base workbook | scraping ease: Moderate | add as a new scrape target and crawler-creation candidate
united_arab_emirates,PENDING,Amazon UAE,https://www.amazon.ae/,amazon.ae,FNB_LIKELY,4,1,False,161.0,P1 - build now / Directory/report,"Candidate found in the 2026-08-31 sourcing round, never built. build_tier=A - low-hanging fruit; scrapability=nan; class=General marketplace"
india,PENDING,JioMart rice and cereals,https://www.jiomart.com/sections/rice-and-cereals-1p-scroll,jiomart.com,FNB_LIKELY,4,2,False,164.0,P2 - queue / EVIDENCE-ONLY,From Will's 2026-09-11 South Asia wave. His handover states explicitly that HAVE there means a child task found public price evidence and a plausible scraper path -- NOT that a crawler exists. Recorded as PENDING: it still needs to be implemented and live-tested before ingestion.
india,PENDING,Flipkart Food Products,https://www.flipkart.com/all/pr?sid=eat,flipkart.com,FNB_LIKELY,7,0,False,164.0,P2 - queue / EVIDENCE-ONLY,From Will's 2026-09-11 South Asia wave. His handover states explicitly that HAVE there means a child task found public price evidence and a plausible scraper path -- NOT that a crawler exists. Recorded as PENDING: it still needs to be implemented and live-tested before ingestion.
india,PENDING,PriceBasket,https://pricebasket.in/,pricebasket.in,FNB_LIKELY,4,0,False,164.0,P2 - queue / EVIDENCE-ONLY,From Will's 2026-09-11 South Asia wave. His handover states explicitly that HAVE there means a child task found public price evidence and a plausible scraper path -- NOT that a crawler exists. Recorded as PENDING: it still needs to be implemented and live-tested before ingestion.
india,PENDING,BudgetBasket,https://www.budgetbasket.co.in/,budgetbasket.co.in,FNB_LIKELY,8,0,False,164.0,P2 - queue / EVIDENCE-ONLY,From Will's 2026-09-11 South Asia wave. His handover states explicitly that HAVE there means a child task found public price evidence and a plausible scraper path -- NOT that a crawler exists. Recorded as PENDING: it still needs to be implemented and live-tested before ingestion.
india,PENDING,FantasticFood,https://www.fantasticfood.in/,fantasticfood.in,FNB_LIKELY,8,0,False,164.0,P2 - queue / EVIDENCE-ONLY,From Will's 2026-09-11 South Asia wave. His handover states explicitly that HAVE there means a child task found public price evidence and a plausible scraper path -- NOT that a crawler exists. Recorded as PENDING: it still needs to be implemented and live-tested before ingestion.
india,PENDING,Smartprix Grocery,https://www.smartprix.com/grocery,smartprix.com,FNB_LIKELY,6,0,False,164.0,P2 - queue / CANDIDATE,From Will's 2026-09-11 South Asia wave. His handover states explicitly that HAVE there means a child task found public price evidence and a plausible scraper path -- NOT that a crawler exists. Recorded as PENDING: it still needs to be implemented and live-tested before ingestion.
india,PENDING,Comparify Grocery,https://comparify.pro/grocery-price-comparison,comparify.pro,FNB_LIKELY,5,0,False,164.0,P2 - queue / CANDIDATE,From Will's 2026-09-11 South Asia wave. His handover states explicitly that HAVE there means a child task found public price evidence and a plausible scraper path -- NOT that a crawler exists. Recorded as PENDING: it still needs to be implemented and live-tested before ingestion.
india,PENDING,Groka,https://www.groka.in/,groka.in,FNB_LIKELY,4,3,False,164.0,P2 - queue / CANDIDATE,From Will's 2026-09-11 South Asia wave. His handover states explicitly that HAVE there means a child task found public price evidence and a plausible scraper path -- NOT that a crawler exists. Recorded as PENDING: it still needs to be implemented and live-tested before ingestion.
india,PENDING,PriceKart,https://www.pricekart.in/,pricekart.in,FNB_LIKELY,6,0,False,164.0,P2 - queue / CANDIDATE,From Will's 2026-09-11 South Asia wave. His handover states explicitly that HAVE there means a child task found public price evidence and a plausible scraper path -- NOT that a crawler exists. Recorded as PENDING: it still needs to be implemented and live-tested before ingestion.
india,PENDING,SHOP WHERE WE LIVE,https://mydukaan.io/onlinefront,mydukaan.io,FNB_LIKELY,6,0,False,164.0,P2 - queue / EVIDENCE-ONLY,From Will's 2026-09-11 South Asia wave. His handover states explicitly that HAVE there means a child task found public price evidence and a plausible scraper path -- NOT that a crawler exists. Recorded as PENDING: it still needs to be implemented and live-tested before ingestion.
india,PENDING,JUMCO,https://www.jumco.in/,jumco.in,FNB_LIKELY,7,0,False,164.0,P2 - queue / CANDIDATE,From Will's 2026-09-11 South Asia wave. His handover states explicitly that HAVE there means a child task found public price evidence and a plausible scraper path -- NOT that a crawler exists. Recorded as PENDING: it still needs to be implemented and live-tested before ingestion.
india,PENDING,Nature's Basket,https://www.naturesbasket.co.in/,naturesbasket.co.in,FNB_LIKELY,8,1,False,164.0,P2 - queue / CANDIDATE,From Will's 2026-09-11 South Asia wave. His handover states explicitly that HAVE there means a child task found public price evidence and a plausible scraper path -- NOT that a crawler exists. Recorded as PENDING: it still needs to be implemented and live-tested before ingestion.
india,LAST_TRY_FAILED,Blinkit,https://blinkit.com/,blinkit.com,FNB_LIKELY,4,0,False,164.0,SKIP / CHILD-TASK-SKIP,"Will's 2026-09-11 South Asia wave marked this SKIP (app-gated, no price, or wrong country)."
india,LAST_TRY_FAILED,Zepto,https://www.zeptonow.com/,zeptonow.com,FNB_LIKELY,4,0,False,164.0,SKIP / CHILD-TASK-SKIP,"Will's 2026-09-11 South Asia wave marked this SKIP (app-gated, no price, or wrong country)."
india,LAST_TRY_FAILED,Swiggy Instamart,https://www.swiggy.com/instamart,swiggy.com,FNB_LIKELY,5,0,False,164.0,SKIP / CHILD-TASK-SKIP,"Will's 2026-09-11 South Asia wave marked this SKIP (app-gated, no price, or wrong country)."
india,PENDING,Amazon Fresh / Amazon Grocery,https://www.amazon.in/alm/storefront?almBrandId=ctnow,amazon.in,FNB_LIKELY,5,1,False,164.0,P2 - queue / CANDIDATE,From Will's 2026-09-11 South Asia wave. His handover states explicitly that HAVE there means a child task found public price evidence and a plausible scraper path -- NOT that a crawler exists. Recorded as PENDING: it still needs to be implemented and live-tested before ingestion.
india,PENDING,Tata CLiQ,https://www.tatacliq.com/,tatacliq.com,FNB_LIKELY,5,3,False,164.0,P2 - queue / CANDIDATE,From Will's 2026-09-11 South Asia wave. His handover states explicitly that HAVE there means a child task found public price evidence and a plausible scraper path -- NOT that a crawler exists. Recorded as PENDING: it still needs to be implemented and live-tested before ingestion.
india,PENDING,Nykaa,https://www.nykaa.com/,nykaa.com,FNB_LIKELY,2,1,False,164.0,P2 - queue / CANDIDATE,From Will's 2026-09-11 South Asia wave. His handover states explicitly that HAVE there means a child task found public price evidence and a plausible scraper path -- NOT that a crawler exists. Recorded as PENDING: it still needs to be implemented and live-tested before ingestion.
india,PENDING,Rozbasket,https://rozbasket.com/catalog,rozbasket.com,FNB_LIKELY,7,1,False,164.0,P2 - queue / EVIDENCE-ONLY,From Will's 2026-09-11 South Asia wave. His handover states explicitly that HAVE there means a child task found public price evidence and a plausible scraper path -- NOT that a crawler exists. Recorded as PENDING: it still needs to be implemented and live-tested before ingestion.
india,PENDING,OpenMart Bengaluru,https://openmartshop.com/,openmartshop.com,FNB_LIKELY,7,0,False,164.0,P2 - queue / CANDIDATE,From Will's 2026-09-11 South Asia wave. His handover states explicitly that HAVE there means a child task found public price evidence and a plausible scraper path -- NOT that a crawler exists. Recorded as PENDING: it still needs to be implemented and live-tested before ingestion.
india,PENDING,Fresh2Day,https://www.fresh2day.com/,fresh2day.com,FNB_LIKELY,10,0,False,164.0,P2 - queue / CANDIDATE,From Will's 2026-09-11 South Asia wave. His handover states explicitly that HAVE there means a child task found public price evidence and a plausible scraper path -- NOT that a crawler exists. Recorded as PENDING: it still needs to be implemented and live-tested before ingestion.
india,PENDING,Angaadi Online,https://angaadionline.com/home.aspx,angaadionline.com,FNB_LIKELY,7,1,False,164.0,P2 - queue / EVIDENCE-ONLY,From Will's 2026-09-11 South Asia wave. His handover states explicitly that HAVE there means a child task found public price evidence and a plausible scraper path -- NOT that a crawler exists. Recorded as PENDING: it still needs to be implemented and live-tested before ingestion.
india,PENDING,Grace Online,https://www.graceonline.in/,graceonline.in,FNB_LIKELY,10,1,False,164.0,P2 - queue / EVIDENCE-ONLY,From Will's 2026-09-11 South Asia wave. His handover states explicitly that HAVE there means a child task found public price evidence and a plausible scraper path -- NOT that a crawler exists. Recorded as PENDING: it still needs to be implemented and live-tested before ingestion.
india,PENDING,SK Holla,https://www.skholla.in/grocery,skholla.in,FNB_LIKELY,7,0,False,164.0,P2 - queue / EVIDENCE-ONLY,From Will's 2026-09-11 South Asia wave. His handover states explicitly that HAVE there means a child task found public price evidence and a plausible scraper path -- NOT that a crawler exists. Recorded as PENDING: it still needs to be implemented and live-tested before ingestion.
india,PENDING,Maligai,https://www.maligai.co.in/,maligai.co.in,FNB_LIKELY,7,1,False,164.0,P2 - queue / CANDIDATE,From Will's 2026-09-11 South Asia wave. His handover states explicitly that HAVE there means a child task found public price evidence and a plausible scraper path -- NOT that a crawler exists. Recorded as PENDING: it still needs to be implemented and live-tested before ingestion.
india,PENDING,Green2Grocery,https://home.green2grocery.com/,home.green2grocery.com,FNB_LIKELY,6,0,False,164.0,P2 - queue / EVIDENCE-ONLY,From Will's 2026-09-11 South Asia wave. His handover states explicitly that HAVE there means a child task found public price evidence and a plausible scraper path -- NOT that a crawler exists. Recorded as PENDING: it still needs to be implemented and live-tested before ingestion.
india,PENDING,Total Foods,https://totalfoods.in/groceries.html,totalfoods.in,FNB_LIKELY,7,0,False,164.0,P2 - queue / EVIDENCE-ONLY,From Will's 2026-09-11 South Asia wave. His handover states explicitly that HAVE there means a child task found public price evidence and a plausible scraper path -- NOT that a crawler exists. Recorded as PENDING: it still needs to be implemented and live-tested before ingestion.
india,PENDING,JustShop24,https://www.justshop24.com/main/products/Fruits-and-Vegetables/7/Vegetables/33,justshop24.com,FNB_LIKELY,7,0,False,164.0,P2 - queue / EVIDENCE-ONLY,From Will's 2026-09-11 South Asia wave. His handover states explicitly that HAVE there means a child task found public price evidence and a plausible scraper path -- NOT that a crawler exists. Recorded as PENDING: it still needs to be implemented and live-tested before ingestion.
india,LAST_TRY_FAILED,GoRamu,https://play.google.com/store/apps/details?id=com.rodeodigital.goramukoaa,play.google.com,FNB_LIKELY,4,0,False,164.0,SKIP / CHILD-TASK-SKIP,"Will's 2026-09-11 South Asia wave marked this SKIP (app-gated, no price, or wrong country)."
india,PENDING,Just Cart / Bit VR,https://www.exportersindia.com/reality-bit-pune/,exportersindia.com,FNB_LIKELY,4,0,False,164.0,P2 - queue / CANDIDATE,From Will's 2026-09-11 South Asia wave. His handover states explicitly that HAVE there means a child task found public price evidence and a plausible scraper path -- NOT that a crawler exists. Recorded as PENDING: it still needs to be implemented and live-tested before ingestion.
india,PENDING,Chintamani Cooperative Super Market,https://chinthamanicoop.com/,chinthamanicoop.com,FNB_LIKELY,6,2,False,164.0,P2 - queue / EVIDENCE-ONLY,From Will's 2026-09-11 South Asia wave. His handover states explicitly that HAVE there means a child task found public price evidence and a plausible scraper path -- NOT that a crawler exists. Recorded as PENDING: it still needs to be implemented and live-tested before ingestion.
india,PENDING,AK Fresh Mart,https://akfreshmart.com/,akfreshmart.com,FNB_LIKELY,9,0,False,164.0,P2 - queue / EVIDENCE-ONLY,From Will's 2026-09-11 South Asia wave. His handover states explicitly that HAVE there means a child task found public price evidence and a plausible scraper path -- NOT that a crawler exists. Recorded as PENDING: it still needs to be implemented and live-tested before ingestion.
india,PENDING,RC MyMall,https://www.rcmymall.in/,rcmymall.in,FNB_LIKELY,8,1,False,164.0,P2 - queue / EVIDENCE-ONLY,From Will's 2026-09-11 South Asia wave. His handover states explicitly that HAVE there means a child task found public price evidence and a plausible scraper path -- NOT that a crawler exists. Recorded as PENDING: it still needs to be implemented and live-tested before ingestion.
india,PENDING,Ondoor,https://www.ondoor.com/,ondoor.com,FNB_LIKELY,5,1,False,164.0,P2 - queue / EVIDENCE-ONLY,From Will's 2026-09-11 South Asia wave. His handover states explicitly that HAVE there means a child task found public price evidence and a plausible scraper path -- NOT that a crawler exists. Recorded as PENDING: it still needs to be implemented and live-tested before ingestion.
india,LAST_TRY_FAILED,Happick,https://www.suratwale.com/directory/happick-online-grocery-app,suratwale.com,FNB_LIKELY,8,0,False,164.0,SKIP / CHILD-TASK-SKIP,"Will's 2026-09-11 South Asia wave marked this SKIP (app-gated, no price, or wrong country)."
india,PENDING,Pathayam,https://pathayam.in/Welcome/checkout,pathayam.in,FNB_LIKELY,6,0,False,164.0,P2 - queue / CANDIDATE,From Will's 2026-09-11 South Asia wave. His handover states explicitly that HAVE there means a child task found public price evidence and a plausible scraper path -- NOT that a crawler exists. Recorded as PENDING: it still needs to be implemented and live-tested before ingestion.
india,PENDING,Chitki,https://www.chitki.com/search?q=locally,chitki.com,FNB_LIKELY,11,0,False,164.0,P2 - queue / CANDIDATE,From Will's 2026-09-11 South Asia wave. His handover states explicitly that HAVE there means a child task found public price evidence and a plausible scraper path -- NOT that a crawler exists. Recorded as PENDING: it still needs to be implemented and live-tested before ingestion.
india,PENDING,Krishi Dhara,https://krishidhara.com/lentils-e-store-dal/,krishidhara.com,FNB_LIKELY,5,0,False,164.0,P2 - queue / EVIDENCE-ONLY,From Will's 2026-09-11 South Asia wave. His handover states explicitly that HAVE there means a child task found public price evidence and a plausible scraper path -- NOT that a crawler exists. Recorded as PENDING: it still needs to be implemented and live-tested before ingestion.
india,PENDING,MagniKart,https://www.magnikart.com/,magnikart.com,FNB_LIKELY,12,0,False,164.0,P2 - queue / EVIDENCE-ONLY,From Will's 2026-09-11 South Asia wave. His handover states explicitly that HAVE there means a child task found public price evidence and a plausible scraper path -- NOT that a crawler exists. Recorded as PENDING: it still needs to be implemented and live-tested before ingestion.
india,PENDING,Dhansheera,https://dhansheera.co.in/,dhansheera.co.in,FNB_LIKELY,13,3,False,164.0,P2 - queue / CANDIDATE,From Will's 2026-09-11 South Asia wave. His handover states explicitly that HAVE there means a child task found public price evidence and a plausible scraper path -- NOT that a crawler exists. Recorded as PENDING: it still needs to be implemented and live-tested before ingestion.
india,PENDING,Aaram Bazar,https://www.telegraphindia.com/jharkhand/junk-your-shopping-bag-get-dal-chawal-online-grocery-portal-picks-up-among-capital-s-working-women-upwardly-mobile-steel-towns-next-in-line/cid/334465,telegraphindia.com,FNB_LIKELY,4,2,False,164.0,P2 - queue / CANDIDATE,From Will's 2026-09-11 South Asia wave. His handover states explicitly that HAVE there means a child task found public price evidence and a plausible scraper path -- NOT that a crawler exists. Recorded as PENDING: it still needs to be implemented and live-tested before ingestion.
india,PENDING,Takora Mart,https://www.takoramart.com/category/spices,takoramart.com,FNB_LIKELY,8,0,False,164.0,P2 - queue / EVIDENCE-ONLY,From Will's 2026-09-11 South Asia wave. His handover states explicitly that HAVE there means a child task found public price evidence and a plausible scraper path -- NOT that a crawler exists. Recorded as PENDING: it still needs to be implemented and live-tested before ingestion.
india,PENDING,Orggu,https://www.orggu.com/collections/buy-millets-online/,orggu.com,FNB_LIKELY,2,0,False,164.0,P2 - queue / EVIDENCE-ONLY,From Will's 2026-09-11 South Asia wave. His handover states explicitly that HAVE there means a child task found public price evidence and a plausible scraper path -- NOT that a crawler exists. Recorded as PENDING: it still needs to be implemented and live-tested before ingestion.
india,PENDING,Meesho Dry Fruits,https://www.meesho.com/dry-fruits/pl/9pb,meesho.com,FNB_LIKELY,5,0,False,164.0,P2 - queue / EVIDENCE-ONLY,From Will's 2026-09-11 South Asia wave. His handover states explicitly that HAVE there means a child task found public price evidence and a plausible scraper path -- NOT that a crawler exists. Recorded as PENDING: it still needs to be implemented and live-tested before ingestion.
india,PENDING,Continental Fresh,https://continentalfresh.in/,continentalfresh.in,FNB_LIKELY,5,1,False,164.0,P2 - queue / EVIDENCE-ONLY,From Will's 2026-09-11 South Asia wave. His handover states explicitly that HAVE there means a child task found public price evidence and a plausible scraper path -- NOT that a crawler exists. Recorded as PENDING: it still needs to be implemented and live-tested before ingestion.
india,PENDING,Fishnmeat,https://fishnmeat.in/,fishnmeat.in,FNB_LIKELY,6,0,False,164.0,P2 - queue / EVIDENCE-ONLY,From Will's 2026-09-11 South Asia wave. His handover states explicitly that HAVE there means a child task found public price evidence and a plausible scraper path -- NOT that a crawler exists. Recorded as PENDING: it still needs to be implemented and live-tested before ingestion.
india,PENDING,BombayFisher,https://bombayfisher.com/collections/fresh-fish,bombayfisher.com,FNB_LIKELY,6,0,False,164.0,P2 - queue / EVIDENCE-ONLY,From Will's 2026-09-11 South Asia wave. His handover states explicitly that HAVE there means a child task found public price evidence and a plausible scraper path -- NOT that a crawler exists. Recorded as PENDING: it still needs to be implemented and live-tested before ingestion.
india,PENDING,Kolkata Fish,https://kolkatafish.com/,kolkatafish.com,FNB_LIKELY,4,0,False,164.0,P2 - queue / EVIDENCE-ONLY,From Will's 2026-09-11 South Asia wave. His handover states explicitly that HAVE there means a child task found public price evidence and a plausible scraper path -- NOT that a crawler exists. Recorded as PENDING: it still needs to be implemented and live-tested before ingestion.
india,LAST_TRY_FAILED,Agora Fresh Fish,https://www.myagorastore.com/product/fish/fresh-fish.html,myagorastore.com,FNB_LIKELY,5,1,False,164.0,SKIP / CHILD-TASK-FAILED,Will's 2026-09-11 South Asia wave could not retrieve prices.
india,PENDING,Lenskart,https://www.lenskart.com/eyeglasses/price-range.html,lenskart.com,FNB_LIKELY,1,0,False,164.0,P2 - queue / EVIDENCE-ONLY,From Will's 2026-09-11 South Asia wave. His handover states explicitly that HAVE there means a child task found public price evidence and a plausible scraper path -- NOT that a crawler exists. Recorded as PENDING: it still needs to be implemented and live-tested before ingestion.
india,PENDING,Q-Mart Online,https://www.qmartonline.in/,qmartonline.in,FNB_LIKELY,14,1,False,164.0,P2 - queue / EVIDENCE-ONLY,From Will's 2026-09-11 South Asia wave. His handover states explicitly that HAVE there means a child task found public price evidence and a plausible scraper path -- NOT that a crawler exists. Recorded as PENDING: it still needs to be implemented and live-tested before ingestion.
india,PENDING,Akshayakalpa,https://akshayakalpa.org/products/milk/,akshayakalpa.org,FNB_LIKELY,8,0,False,164.0,P2 - queue / EVIDENCE-ONLY,From Will's 2026-09-11 South Asia wave. His handover states explicitly that HAVE there means a child task found public price evidence and a plausible scraper path -- NOT that a crawler exists. Recorded as PENDING: it still needs to be implemented and live-tested before ingestion.
india,PENDING,Country Delight,https://countrydelight.in/,countrydelight.in,FNB_LIKELY,5,0,False,164.0,P2 - queue / CANDIDATE,From Will's 2026-09-11 South Asia wave. His handover states explicitly that HAVE there means a child task found public price evidence and a plausible scraper path -- NOT that a crawler exists. Recorded as PENDING: it still needs to be implemented and live-tested before ingestion.
india,PENDING,Zepto public product/category pages,https://www.zepto.com/brand/Country_delight/02740572-600b-4e5b-9e31-6b52f07a8b13,zepto.com,FNB_LIKELY,7,0,False,164.0,P2 - queue / EVIDENCE-ONLY,From Will's 2026-09-11 South Asia wave. His handover states explicitly that HAVE there means a child task found public price evidence and a plausible scraper path -- NOT that a crawler exists. Recorded as PENDING: it still needs to be implemented and live-tested before ingestion.
india,PENDING,Organic Valley,https://www.organicvalley.co.in/product/paneer-500gm,organicvalley.co.in,FNB_LIKELY,4,0,False,164.0,P2 - queue / EVIDENCE-ONLY,From Will's 2026-09-11 South Asia wave. His handover states explicitly that HAVE there means a child task found public price evidence and a plausible scraper path -- NOT that a crawler exists. Recorded as PENDING: it still needs to be implemented and live-tested before ingestion.
india,PENDING,Gavyam,https://www.gavyam.com/products/akshayakalpa-organic-paneer-200g,gavyam.com,FNB_LIKELY,4,0,False,164.0,P2 - queue / CANDIDATE,From Will's 2026-09-11 South Asia wave. His handover states explicitly that HAVE there means a child task found public price evidence and a plausible scraper path -- NOT that a crawler exists. Recorded as PENDING: it still needs to be implemented and live-tested before ingestion.
india,LAST_TRY_FAILED,Avsar Mart,https://www.appbrain.com/app/avsar-mart-online-grocery-shopping-app/com.avsarmart.shopping,appbrain.com,FNB_LIKELY,5,0,False,164.0,SKIP / CHILD-TASK-SKIP,"Will's 2026-09-11 South Asia wave marked this SKIP (app-gated, no price, or wrong country)."
india,PENDING,Freshdo,https://yourstory.com/2022/01/freshdo-online-grocery-startup-plans-fresh-food-items-delivering,yourstory.com,FNB_LIKELY,7,1,False,164.0,P2 - queue / CANDIDATE,From Will's 2026-09-11 South Asia wave. His handover states explicitly that HAVE there means a child task found public price evidence and a plausible scraper path -- NOT that a crawler exists. Recorded as PENDING: it still needs to be implemented and live-tested before ingestion.
india,LAST_TRY_FAILED,NS Food Plus,https://yappe.in/assam/dibrugarh/ns-food-plus/454820,yappe.in,FNB_LIKELY,4,0,False,164.0,SKIP / CHILD-TASK-SKIP,"Will's 2026-09-11 South Asia wave marked this SKIP (app-gated, no price, or wrong country)."
india,LAST_TRY_FAILED,Comilla Departmental Stores,https://www.justdial.com/Siliguri/Comilla-Departmental-Stores-Near-Old-Dooars-Bus-Stand-By-Lane-Hakimpara/9999PX353-X353-100109185741-N7B6DC_BZDET/reviews,justdial.com,FNB_LIKELY,3,0,False,164.0,SKIP / CHILD-TASK-SKIP,"Will's 2026-09-11 South Asia wave marked this SKIP (app-gated, no price, or wrong country)."
india,PENDING,chotu local Jaipur produce,https://chotu.com/local/fruits-and-vegetables-in-malviya-nagar-jaipur-jaipur-rajasthan-india/ct-1624946/,chotu.com,FNB_LIKELY,6,0,False,164.0,P2 - queue / CANDIDATE,From Will's 2026-09-11 South Asia wave. His handover states explicitly that HAVE there means a child task found public price evidence and a plausible scraper path -- NOT that a crawler exists. Recorded as PENDING: it still needs to be implemented and live-tested before ingestion.
india,PENDING,BigBasket dry fruits category,https://bbnow.bigbasket.com/pc/foodgrains-oil-masala/dry-fruits/?nc=ct-fa,bbnow.bigbasket.com,FNB_LIKELY,4,0,False,164.0,P2 - queue / EVIDENCE-ONLY,From Will's 2026-09-11 South Asia wave. His handover states explicitly that HAVE there means a child task found public price evidence and a plausible scraper path -- NOT that a crawler exists. Recorded as PENDING: it still needs to be implemented and live-tested before ingestion.
india,PENDING,BigBasket city coverage via gift-card evidence,https://www.sbicard.com/en/personal/rewards/big-basket-e-gift-voucher-rs-1000,sbicard.com,FNB_LIKELY,3,0,False,164.0,P2 - queue / CANDIDATE,From Will's 2026-09-11 South Asia wave. His handover states explicitly that HAVE there means a child task found public price evidence and a plausible scraper path -- NOT that a crawler exists. Recorded as PENDING: it still needs to be implemented and live-tested before ingestion.
india,PENDING,bigbasket business,https://business.bigbasket.com/cl/foodgrains-oil-masala/?nc=nb,business.bigbasket.com,FNB_LIKELY,4,1,False,164.0,P2 - queue / CANDIDATE,From Will's 2026-09-11 South Asia wave. His handover states explicitly that HAVE there means a child task found public price evidence and a plausible scraper path -- NOT that a crawler exists. Recorded as PENDING: it still needs to be implemented and live-tested before ingestion.
india,PENDING,Pothys Mart,https://www.pothysmart.com/,pothysmart.com,FNB_LIKELY,8,0,False,164.0,P2 - queue / EVIDENCE-ONLY,From Will's 2026-09-11 South Asia wave. His handover states explicitly that HAVE there means a child task found public price evidence and a plausible scraper path -- NOT that a crawler exists. Recorded as PENDING: it still needs to be implemented and live-tested before ingestion.
ireland,PENDING,Dunnes Stores,https://www.dunnesstoresgrocery.com/,dunnesstoresgrocery.com,FNB_LIKELY,3,1,False,165.0,P2 - queue / ACCEPT,"Candidate found in the 2026-08-31 sourcing round, never built. build_tier=C - engineering required; scrapability=3.0; class=Custom"
ireland,PENDING,Lidl Ireland,https://www.lidl.ie/,lidl.ie,FNB_LIKELY,7,2,False,165.0,P3 - backlog / SUSPECT,"Candidate found in the 2026-08-31 sourcing round, never built. build_tier=D - hard / app / index only; scrapability=2.0; class=Custom/Enterprise"
paraguay,PENDING,Mercado Libre Paraguay,https://www.mercadolibre.com.py/,mercadolibre.com.py,FNB_LIKELY,4,2,False,165.0,P2 - queue / Directory/report,"Candidate found in the 2026-08-31 sourcing round, never built. build_tier=C - engineering required; scrapability=nan; class=General marketplace"
paraguay,PENDING,paraguay_comprador_digital,https://comprador.digital/,comprador.digital,FNB_LIKELY,5,1,False,165.0,P2 - queue / NEEDS-CUSTOM-CRAWLER,Downloaded CSV batch on 2026-09-12; normalized site was not present in the base workbook | scraping ease: Easy | add as a new scrape target and crawler-creation candidate
paraguay,PENDING,paraguay_canastapy,https://www.canastapy.com/,canastapy.com,FNB_LIKELY,5,1,False,165.0,P2 - queue / NEEDS-CUSTOM-CRAWLER,Downloaded CSV batch on 2026-09-12; normalized site was not present in the base workbook | scraping ease: Easy | add as a new scrape target and crawler-creation candidate
sri_lanka,PENDING,Celeste,https://www.celeste.lk/,celeste.lk,FNB_LIKELY,2,1,False,166.0,P2 - queue / ACCEPT,"Candidate found in the 2026-08-31 sourcing round, never built. build_tier=not scored; scrapability=nan; class=Custom"
sri_lanka,PENDING,FamilyMart.lk,https://www.familymart.lk/,familymart.lk,FNB_LIKELY,12,0,False,166.0,P2 - queue / EVIDENCE-ONLY,From Will's 2026-09-11 South Asia wave. His handover states explicitly that HAVE there means a child task found public price evidence and a plausible scraper path -- NOT that a crawler exists. Recorded as PENDING: it still needs to be implemented and live-tested before ingestion.
sri_lanka,PENDING,Ithuru.lk,https://ithuru.lk/,ithuru.lk,FNB_LIKELY,4,0,False,166.0,P2 - queue / CANDIDATE,From Will's 2026-09-11 South Asia wave. His handover states explicitly that HAVE there means a child task found public price evidence and a plausible scraper path -- NOT that a crawler exists. Recorded as PENDING: it still needs to be implemented and live-tested before ingestion.
sri_lanka,PENDING,PriceCut LK,https://www.pricecutlk.shop/,pricecutlk.shop,FNB_LIKELY,3,1,False,166.0,P2 - queue / CANDIDATE,From Will's 2026-09-11 South Asia wave. His handover states explicitly that HAVE there means a child task found public price evidence and a plausible scraper path -- NOT that a crawler exists. Recorded as PENDING: it still needs to be implemented and live-tested before ingestion.
sri_lanka,PENDING,Colombo Mall grocery,https://colombomall.lk/category/grocery,colombomall.lk,FNB_LIKELY,7,0,False,166.0,P2 - queue / EVIDENCE-ONLY,From Will's 2026-09-11 South Asia wave. His handover states explicitly that HAVE there means a child task found public price evidence and a plausible scraper path -- NOT that a crawler exists. Recorded as PENDING: it still needs to be implemented and live-tested before ingestion.
sri_lanka,PENDING,Sahanakade,https://sahanakade.lk/,sahanakade.lk,FNB_LIKELY,4,0,False,166.0,P2 - queue / EVIDENCE-ONLY,From Will's 2026-09-11 South Asia wave. His handover states explicitly that HAVE there means a child task found public price evidence and a plausible scraper path -- NOT that a crawler exists. Recorded as PENDING: it still needs to be implemented and live-tested before ingestion.
sri_lanka,PENDING,Pickly,https://www.pickly.lk/,pickly.lk,FNB_LIKELY,7,0,False,166.0,P2 - queue / EVIDENCE-ONLY,From Will's 2026-09-11 South Asia wave. His handover states explicitly that HAVE there means a child task found public price evidence and a plausible scraper path -- NOT that a crawler exists. Recorded as PENDING: it still needs to be implemented and live-tested before ingestion.
sri_lanka,PENDING,Foodco Lanka,https://foodcolanka.com/shop,foodcolanka.com,FNB_LIKELY,2,0,False,166.0,P2 - queue / CANDIDATE,From Will's 2026-09-11 South Asia wave. His handover states explicitly that HAVE there means a child task found public price evidence and a plausible scraper path -- NOT that a crawler exists. Recorded as PENDING: it still needs to be implemented and live-tested before ingestion.
sri_lanka,LAST_TRY_FAILED,Colombo Commodities,https://colombocommodities.lk/shop/?add-to-cart=889,colombocommodities.lk,FNB_LIKELY,3,0,False,166.0,SKIP / CHILD-TASK-SKIP,"Will's 2026-09-11 South Asia wave marked this SKIP (app-gated, no price, or wrong country)."
sri_lanka,PENDING,Tudo.lk groceries,https://tudo.lk/category/groceries,tudo.lk,FNB_LIKELY,9,2,False,166.0,P2 - queue / EVIDENCE-ONLY,From Will's 2026-09-11 South Asia wave. His handover states explicitly that HAVE there means a child task found public price evidence and a plausible scraper path -- NOT that a crawler exists. Recorded as PENDING: it still needs to be implemented and live-tested before ingestion.
sri_lanka,PENDING,ShopMahajana.com,https://shopmahajana.com/,shopmahajana.com,FNB_LIKELY,7,0,False,166.0,P2 - queue / EVIDENCE-ONLY,From Will's 2026-09-11 South Asia wave. His handover states explicitly that HAVE there means a child task found public price evidence and a plausible scraper path -- NOT that a crawler exists. Recorded as PENDING: it still needs to be implemented and live-tested before ingestion.
sri_lanka,PENDING,Kasagala Super Market,https://kasagalasuper.com/shop/,kasagalasuper.com,FNB_LIKELY,9,0,False,166.0,P2 - queue / EVIDENCE-ONLY,From Will's 2026-09-11 South Asia wave. His handover states explicitly that HAVE there means a child task found public price evidence and a plausible scraper path -- NOT that a crawler exists. Recorded as PENDING: it still needs to be implemented and live-tested before ingestion.
sri_lanka,PENDING,Keells via Uber Eats,https://www.ubereats.com/lk/store/keells-groceries-kahathuduwa/-vSsYm7QX6yYbzfZ_nyc1w,ubereats.com,FNB_LIKELY,8,1,False,166.0,P2 - queue / CANDIDATE,From Will's 2026-09-11 South Asia wave. His handover states explicitly that HAVE there means a child task found public price evidence and a plausible scraper path -- NOT that a crawler exists. Recorded as PENDING: it still needs to be implemented and live-tested before ingestion.
sri_lanka,PENDING,Lassana.com daily deals,https://lassana.com/daily-deals/cp/dealsdeals1,lassana.com,FNB_LIKELY,7,1,False,166.0,P2 - queue / CANDIDATE,From Will's 2026-09-11 South Asia wave. His handover states explicitly that HAVE there means a child task found public price evidence and a plausible scraper path -- NOT that a crawler exists. Recorded as PENDING: it still needs to be implemented and live-tested before ingestion.
sri_lanka,PENDING,One Market,https://onemarket.appcloudpro.com/,onemarket.appcloudpro.com,FNB_LIKELY,4,0,False,166.0,P2 - queue / CANDIDATE,From Will's 2026-09-11 South Asia wave. His handover states explicitly that HAVE there means a child task found public price evidence and a plausible scraper path -- NOT that a crawler exists. Recorded as PENDING: it still needs to be implemented and live-tested before ingestion.
sri_lanka,PENDING,Healthguard.lk,https://www.healthguard.lk/home,healthguard.lk,FNB_LIKELY,2,1,False,166.0,P2 - queue / CANDIDATE,From Will's 2026-09-11 South Asia wave. His handover states explicitly that HAVE there means a child task found public price evidence and a plausible scraper path -- NOT that a crawler exists. Recorded as PENDING: it still needs to be implemented and live-tested before ingestion.
sri_lanka,PENDING,Finez.lk,https://finez.lk/,finez.lk,FNB_LIKELY,2,1,False,166.0,P2 - queue / EVIDENCE-ONLY,From Will's 2026-09-11 South Asia wave. His handover states explicitly that HAVE there means a child task found public price evidence and a plausible scraper path -- NOT that a crawler exists. Recorded as PENDING: it still needs to be implemented and live-tested before ingestion.
sri_lanka,PENDING,SHAZ.lk,https://shaz.lk/,shaz.lk,FNB_LIKELY,4,2,False,166.0,P2 - queue / EVIDENCE-ONLY,From Will's 2026-09-11 South Asia wave. His handover states explicitly that HAVE there means a child task found public price evidence and a plausible scraper path -- NOT that a crawler exists. Recorded as PENDING: it still needs to be implemented and live-tested before ingestion.
sri_lanka,PENDING,TNS Go,https://tns-go.com/collection/dairy/,tns-go.com,FNB_LIKELY,8,0,False,166.0,P2 - queue / EVIDENCE-ONLY,From Will's 2026-09-11 South Asia wave. His handover states explicitly that HAVE there means a child task found public price evidence and a plausible scraper path -- NOT that a crawler exists. Recorded as PENDING: it still needs to be implemented and live-tested before ingestion.
sri_lanka,PENDING,Alpha Dairy Goat,https://alphadairygoat.com/,alphadairygoat.com,FNB_LIKELY,4,0,False,166.0,P2 - queue / EVIDENCE-ONLY,From Will's 2026-09-11 South Asia wave. His handover states explicitly that HAVE there means a child task found public price evidence and a plausible scraper path -- NOT that a crawler exists. Recorded as PENDING: it still needs to be implemented and live-tested before ingestion.
sri_lanka,PENDING,Richlife Dairies,https://richlife.lk/,richlife.lk,FNB_LIKELY,4,0,False,166.0,P2 - queue / EVIDENCE-ONLY,From Will's 2026-09-11 South Asia wave. His handover states explicitly that HAVE there means a child task found public price evidence and a plausible scraper path -- NOT that a crawler exists. Recorded as PENDING: it still needs to be implemented and live-tested before ingestion.
sri_lanka,PENDING,Neil Bakery,https://neilbakery.lk/products,neilbakery.lk,FNB_LIKELY,4,1,False,166.0,P2 - queue / EVIDENCE-ONLY,From Will's 2026-09-11 South Asia wave. His handover states explicitly that HAVE there means a child task found public price evidence and a plausible scraper path -- NOT that a crawler exists. Recorded as PENDING: it still needs to be implemented and live-tested before ingestion.
sri_lanka,PENDING,Topaz Store,https://store.topaz.lk/product-category/cake/,store.topaz.lk,FNB_LIKELY,4,0,False,166.0,P2 - queue / EVIDENCE-ONLY,From Will's 2026-09-11 South Asia wave. His handover states explicitly that HAVE there means a child task found public price evidence and a plausible scraper path -- NOT that a crawler exists. Recorded as PENDING: it still needs to be implemented and live-tested before ingestion.
sri_lanka,PENDING,Tookary,https://tookary.com/,tookary.com,FNB_LIKELY,8,0,False,166.0,P2 - queue / EVIDENCE-ONLY,From Will's 2026-09-11 South Asia wave. His handover states explicitly that HAVE there means a child task found public price evidence and a plausible scraper path -- NOT that a crawler exists. Recorded as PENDING: it still needs to be implemented and live-tested before ingestion.
sri_lanka,PENDING,Jingles.lk,https://jingles.lk/product-category/new-arrivals/,jingles.lk,FNB_LIKELY,4,2,False,166.0,P2 - queue / EVIDENCE-ONLY,From Will's 2026-09-11 South Asia wave. His handover states explicitly that HAVE there means a child task found public price evidence and a plausible scraper path -- NOT that a crawler exists. Recorded as PENDING: it still needs to be implemented and live-tested before ingestion.
sri_lanka,PENDING,Vision Care Online,https://shop.visioncare.lk/spectacles,shop.visioncare.lk,FNB_LIKELY,1,0,False,166.0,P2 - queue / EVIDENCE-ONLY,From Will's 2026-09-11 South Asia wave. His handover states explicitly that HAVE there means a child task found public price evidence and a plausible scraper path -- NOT that a crawler exists. Recorded as PENDING: it still needs to be implemented and live-tested before ingestion.
sri_lanka,PENDING,M. A. Jayasinghe Opticians,https://majayasingheopticians.lk/,majayasingheopticians.lk,FNB_LIKELY,1,0,False,166.0,P2 - queue / EVIDENCE-ONLY,From Will's 2026-09-11 South Asia wave. His handover states explicitly that HAVE there means a child task found public price evidence and a plausible scraper path -- NOT that a crawler exists. Recorded as PENDING: it still needs to be implemented and live-tested before ingestion.
sri_lanka,PENDING,Specsplus.lk,https://www.specsplus.lk/categories/EYEGLASSES,specsplus.lk,FNB_LIKELY,1,0,False,166.0,P2 - queue / EVIDENCE-ONLY,From Will's 2026-09-11 South Asia wave. His handover states explicitly that HAVE there means a child task found public price evidence and a plausible scraper path -- NOT that a crawler exists. Recorded as PENDING: it still needs to be implemented and live-tested before ingestion.
sri_lanka,PENDING,HurryHurry.lk,https://hurryhurry.lk/,hurryhurry.lk,FNB_LIKELY,8,0,False,166.0,P2 - queue / EVIDENCE-ONLY,From Will's 2026-09-11 South Asia wave. His handover states explicitly that HAVE there means a child task found public price evidence and a plausible scraper path -- NOT that a crawler exists. Recorded as PENDING: it still needs to be implemented and live-tested before ingestion.
sri_lanka,PENDING,RumikMart,https://rumikmart.com/,rumikmart.com,FNB_LIKELY,5,2,False,166.0,P2 - queue / EVIDENCE-ONLY,From Will's 2026-09-11 South Asia wave. His handover states explicitly that HAVE there means a child task found public price evidence and a plausible scraper path -- NOT that a crawler exists. Recorded as PENDING: it still needs to be implemented and live-tested before ingestion.
sri_lanka,PENDING,Sri Lanka Stores Tea,https://www.srilankastores.com/product-categories/tea,srilankastores.com,FNB_LIKELY,3,0,False,166.0,P2 - queue / EVIDENCE-ONLY,From Will's 2026-09-11 South Asia wave. His handover states explicitly that HAVE there means a child task found public price evidence and a plausible scraper path -- NOT that a crawler exists. Recorded as PENDING: it still needs to be implemented and live-tested before ingestion.
sri_lanka,PENDING,Nevis Coffee,https://neviscoffee.lk/shop/,neviscoffee.lk,FNB_LIKELY,2,1,False,166.0,P2 - queue / EVIDENCE-ONLY,From Will's 2026-09-11 South Asia wave. His handover states explicitly that HAVE there means a child task found public price evidence and a plausible scraper path -- NOT that a crawler exists. Recorded as PENDING: it still needs to be implemented and live-tested before ingestion.
sri_lanka,PENDING,Aqua Swift,https://aquaswift.lk/,aquaswift.lk,FNB_LIKELY,4,0,False,166.0,P2 - queue / EVIDENCE-ONLY,From Will's 2026-09-11 South Asia wave. His handover states explicitly that HAVE there means a child task found public price evidence and a plausible scraper path -- NOT that a crawler exists. Recorded as PENDING: it still needs to be implemented and live-tested before ingestion.
sri_lanka,PENDING,Catchme.lk Mineral Water,https://catchme.lk/c/food-beverage/beverages/mineral-water/,catchme.lk,FNB_LIKELY,7,0,False,166.0,P2 - queue / EVIDENCE-ONLY,From Will's 2026-09-11 South Asia wave. His handover states explicitly that HAVE there means a child task found public price evidence and a plausible scraper path -- NOT that a crawler exists. Recorded as PENDING: it still needs to be implemented and live-tested before ingestion.
sri_lanka,PENDING,Nature's Corner,https://naturescorner.lk/shop?category_id=18,naturescorner.lk,FNB_LIKELY,8,0,False,166.0,P2 - queue / EVIDENCE-ONLY,From Will's 2026-09-11 South Asia wave. His handover states explicitly that HAVE there means a child task found public price evidence and a plausible scraper path -- NOT that a crawler exists. Recorded as PENDING: it still needs to be implemented and live-tested before ingestion.
sri_lanka,PENDING,Stassen Tea,https://stassentea.com/,stassentea.com,FNB_LIKELY,2,0,False,166.0,P2 - queue / EVIDENCE-ONLY,From Will's 2026-09-11 South Asia wave. His handover states explicitly that HAVE there means a child task found public price evidence and a plausible scraper path -- NOT that a crawler exists. Recorded as PENDING: it still needs to be implemented and live-tested before ingestion.
sri_lanka,PENDING,BabyStore.lk,https://www.babystore.lk/,babystore.lk,FNB_LIKELY,3,0,False,166.0,P2 - queue / EVIDENCE-ONLY,From Will's 2026-09-11 South Asia wave. His handover states explicitly that HAVE there means a child task found public price evidence and a plausible scraper path -- NOT that a crawler exists. Recorded as PENDING: it still needs to be implemented and live-tested before ingestion.
sri_lanka,PENDING,Baby Needs Colombo,https://www.babyneeds.lk/,babyneeds.lk,FNB_LIKELY,1,0,False,166.0,P2 - queue / EVIDENCE-ONLY,From Will's 2026-09-11 South Asia wave. His handover states explicitly that HAVE there means a child task found public price evidence and a plausible scraper path -- NOT that a crawler exists. Recorded as PENDING: it still needs to be implemented and live-tested before ingestion.
sri_lanka,PENDING,Tash Baby Care,https://tashbabycare.lk/,tashbabycare.lk,FNB_LIKELY,2,1,False,166.0,P2 - queue / EVIDENCE-ONLY,From Will's 2026-09-11 South Asia wave. His handover states explicitly that HAVE there means a child task found public price evidence and a plausible scraper path -- NOT that a crawler exists. Recorded as PENDING: it still needs to be implemented and live-tested before ingestion.
sri_lanka,PENDING,Kids Mart,https://www.kidsmart.lk/,kidsmart.lk,FNB_LIKELY,4,2,False,166.0,P2 - queue / EVIDENCE-ONLY,From Will's 2026-09-11 South Asia wave. His handover states explicitly that HAVE there means a child task found public price evidence and a plausible scraper path -- NOT that a crawler exists. Recorded as PENDING: it still needs to be implemented and live-tested before ingestion.
sri_lanka,PENDING,Kiddoz.lk,https://kiddoz.lk/,kiddoz.lk,FNB_LIKELY,3,1,False,166.0,P2 - queue / EVIDENCE-ONLY,From Will's 2026-09-11 South Asia wave. His handover states explicitly that HAVE there means a child task found public price evidence and a plausible scraper path -- NOT that a crawler exists. Recorded as PENDING: it still needs to be implemented and live-tested before ingestion.
sri_lanka,PENDING,Petmart.lk,https://petmart.lk/,petmart.lk,FNB_LIKELY,3,1,False,166.0,P2 - queue / EVIDENCE-ONLY,From Will's 2026-09-11 South Asia wave. His handover states explicitly that HAVE there means a child task found public price evidence and a plausible scraper path -- NOT that a crawler exists. Recorded as PENDING: it still needs to be implemented and live-tested before ingestion.
sri_lanka,PENDING,PetBarn.lk,https://www.petbarn.lk/product-category/pet-food/,petbarn.lk,FNB_LIKELY,2,1,False,166.0,P2 - queue / EVIDENCE-ONLY,From Will's 2026-09-11 South Asia wave. His handover states explicitly that HAVE there means a child task found public price evidence and a plausible scraper path -- NOT that a crawler exists. Recorded as PENDING: it still needs to be implemented and live-tested before ingestion.
sri_lanka,PENDING,Poth Pancha,https://www.pothpancha.lk/writer/susara-publications,pothpancha.lk,FNB_LIKELY,3,1,False,166.0,P2 - queue / EVIDENCE-ONLY,From Will's 2026-09-11 South Asia wave. His handover states explicitly that HAVE there means a child task found public price evidence and a plausible scraper path -- NOT that a crawler exists. Recorded as PENDING: it still needs to be implemented and live-tested before ingestion.
united_kingdom,PENDING,Amazon UK,https://www.amazon.co.uk/,amazon.co.uk,FNB_LIKELY,3,2,False,166.0,P2 - queue / Directory/report,"Candidate found in the 2026-08-31 sourcing round, never built. build_tier=C - engineering required; scrapability=nan; class=General marketplace"
united_kingdom,PENDING,Co-op UK,https://shop.coop.co.uk/,shop.coop.co.uk,FNB_LIKELY,2,1,False,166.0,P2 - queue / ACCEPT,"Candidate found in the 2026-08-31 sourcing round, never built. build_tier=C - engineering required; scrapability=3.0; class=Custom"
united_kingdom,PENDING,Tesco,https://www.tesco.com/groceries/,tesco.com,FNB_LIKELY,2,1,False,166.0,P3 - backlog / SUSPECT,"Candidate found in the 2026-08-31 sourcing round, never built. build_tier=D - hard / app / index only; scrapability=2.0; class=Custom/Enterprise"
cyprus,PENDING,SupermarketCy,https://www.supermarketcy.com.cy/en,supermarketcy.com.cy,FNB_LIKELY,4,1,False,167.0,P2 - queue / ACCEPT,"Candidate found in the 2026-08-31 sourcing round, never built. build_tier=C - engineering required; scrapability=3.0; class=Custom"
cyprus,PENDING,cyprus_cigarscyprus,https://cigarscyprus.com/,cigarscyprus.com,FNB_LIKELY,2,1,False,167.0,P2 - queue / NEEDS-CUSTOM-CRAWLER,Downloaded CSV batch on 2026-09-12; normalized site was not present in the base workbook | scraping ease: Moderate | pricing visible: No | add as a new scrape target and crawler-creation candidate
cyprus,PENDING,cyprus_cypruscigars,https://www.cypruscigars.com/,cypruscigars.com,FNB_LIKELY,2,1,False,167.0,P2 - queue / NEEDS-CUSTOM-CRAWLER,Downloaded CSV batch on 2026-09-12; normalized site was not present in the base workbook | scraping ease: Moderate | pricing visible: No | add as a new scrape target and crawler-creation candidate
cyprus,PENDING,cyprus_dom_cy,https://dom.com.cy/en/live/lifehacks/sigarety-i-kureniye-na-kipre/,dom.com.cy,FNB_LIKELY,3,1,False,167.0,P2 - queue / NEEDS-CUSTOM-CRAWLER,Downloaded CSV batch on 2026-09-12; normalized site was not present in the base workbook | scraping ease: Moderate | pricing visible: Limited | add as a new scrape target and crawler-creation candidate
cyprus,PENDING,cyprus_hotboxcy,https://hotboxcy.com/,hotboxcy.com,FNB_LIKELY,2,1,False,167.0,P2 - queue / NEEDS-CUSTOM-CRAWLER,Downloaded CSV batch on 2026-09-12; normalized site was not present in the base workbook | scraping ease: Moderate | pricing visible: Limited | add as a new scrape target and crawler-creation candidate
cyprus,PENDING,cyprus_thecygarshop,https://www.thecygarshop.com/,thecygarshop.com,FNB_LIKELY,2,1,False,167.0,P2 - queue / NEEDS-CUSTOM-CRAWLER,Downloaded CSV batch on 2026-09-12; normalized site was not present in the base workbook | scraping ease: Easy | pricing visible: Yes | add as a new scrape target and crawler-creation candidate
ecuador,PENDING,Mercado Libre Ecuador,https://www.mercadolibre.com.ec/,mercadolibre.com.ec,FNB_LIKELY,4,2,False,169.0,P2 - queue / Directory/report,"Candidate found in the 2026-08-31 sourcing round, never built. build_tier=C - engineering required; scrapability=nan; class=General marketplace"
ecuador,PENDING,ecuador_ecuadormall,https://ecuadormall.com/,ecuadormall.com,FNB_LIKELY,3,2,False,169.0,P2 - queue / NEEDS-CUSTOM-CRAWLER,Downloaded CSV batch on 2026-09-12; normalized site was not present in the base workbook | scraping ease: Easy | add as a new scrape target and crawler-creation candidate
denmark,PENDING,denmark_cigarshop_dk,https://cigarshop.dk/,cigarshop.dk,FNB_LIKELY,2,1,False,170.0,P2 - queue / NEEDS-CUSTOM-CRAWLER,Downloaded CSV batch on 2026-09-12; normalized site was not present in the base workbook | scraping ease: Easy | pricing visible: Yes | add as a new scrape target and crawler-creation candidate
denmark,PENDING,denmark_cigarstuen_dk,https://www.cigarstuen.dk/,cigarstuen.dk,FNB_LIKELY,2,1,False,170.0,P2 - queue / NEEDS-CUSTOM-CRAWLER,Downloaded CSV batch on 2026-09-12; normalized site was not present in the base workbook | scraping ease: Easy | pricing visible: Yes | add as a new scrape target and crawler-creation candidate
denmark,PENDING,denmark_havnens_vin_dk,https://havnens-vin.dk/cigar.html,havnens-vin.dk,FNB_LIKELY,2,1,False,170.0,P2 - queue / NEEDS-CUSTOM-CRAWLER,Downloaded CSV batch on 2026-09-12; normalized site was not present in the base workbook | scraping ease: Moderate | pricing visible: Limited | add as a new scrape target and crawler-creation candidate
denmark,PENDING,denmark_jware_dk,https://jware.dk/https-jware-dk-cigar-shop/,jware.dk,FNB_LIKELY,2,1,False,170.0,P2 - queue / NEEDS-CUSTOM-CRAWLER,Downloaded CSV batch on 2026-09-12; normalized site was not present in the base workbook | scraping ease: Easy | pricing visible: Yes | add as a new scrape target and crawler-creation candidate
denmark,PENDING,denmark_taxfree_heinemann_dk,https://www.taxfree-heinemann.dk/en/global/other/tobacco/cigarettes/c/cphcat_8010/,taxfree-heinemann.dk,FNB_LIKELY,2,1,False,170.0,P2 - queue / NEEDS-CUSTOM-CRAWLER,Downloaded CSV batch on 2026-09-12; normalized site was not present in the base workbook | scraping ease: Easy | pricing visible: Yes | add as a new scrape target and crawler-creation candidate
bahrain,PENDING,Carrefour Bahrain,https://www.carrefour.com/,carrefour.com,FNB_LIKELY,8,1,False,171.0,P2 - queue / Directory/report,"Candidate found in the 2026-08-31 sourcing round, never built. build_tier=C - engineering required; scrapability=nan; class=Hypermarket/online grocery"
bahrain,PENDING,Lulu Hypermarket Bahrain,https://www.luluhypermarket.com/,luluhypermarket.com,FNB_LIKELY,7,1,False,171.0,P2 - queue / Directory/report,"Candidate found in the 2026-08-31 sourcing round, never built. build_tier=C - engineering required; scrapability=nan; class=Hypermarket/online grocery"
bahrain,PENDING,Noon country access Bahrain,https://www.noon.com/,noon.com,FNB_LIKELY,3,1,False,171.0,P2 - queue / Directory/report,"Candidate found in the 2026-08-31 sourcing round, never built. build_tier=C - engineering required; scrapability=nan; class=General marketplace"
bahrain,PENDING,YallaRX country market-access check,https://yallarx.com/,yallarx.com,FNB_LIKELY,3,1,False,171.0,P2 - queue / Direct,"Candidate found in the 2026-08-31 sourcing round, never built. build_tier=C - engineering required; scrapability=nan; class=Healthcare B2B marketplace"
bahrain,PENDING,bahrain_bidfoodme,https://www.bidfoodme.com/bahrain,bidfoodme.com,FNB_LIKELY,6,1,False,171.0,P2 - queue / NEEDS-CUSTOM-CRAWLER,Downloaded CSV batch on 2026-09-12; normalized site was not present in the base workbook | scraping ease: Moderate | pricing visible: Limited | add as a new scrape target and crawler-creation candidate
bahrain,PENDING,bahrain_bmmishops,https://bmmishops.com/,bmmishops.com,FNB_LIKELY,5,1,False,171.0,P2 - queue / NEEDS-CUSTOM-CRAWLER,Downloaded CSV batch on 2026-09-12; normalized site was not present in the base workbook | scraping ease: Easy | pricing visible: Yes | add as a new scrape target and crawler-creation candidate
bahrain,PENDING,bahrain_dutyfree_bh,https://www.dutyfree.bh/,dutyfree.bh,FNB_LIKELY,4,1,False,171.0,P2 - queue / NEEDS-CUSTOM-CRAWLER,Downloaded CSV batch on 2026-09-12; normalized site was not present in the base workbook | scraping ease: Moderate | pricing visible: Yes | add as a new scrape target and crawler-creation candidate
bahrain,PENDING,bahrain_gulfbrands,https://www.gulfbrands.com/,gulfbrands.com,FNB_LIKELY,4,1,False,171.0,P2 - queue / NEEDS-CUSTOM-CRAWLER,Downloaded CSV batch on 2026-09-12; normalized site was not present in the base workbook | scraping ease: Moderate | pricing visible: Limited | add as a new scrape target and crawler-creation candidate
bahrain,PENDING,bahrain_teambahar,https://teambahar.com/?lang=en,teambahar.com,FNB_LIKELY,3,1,False,171.0,P2 - queue / NEEDS-CUSTOM-CRAWLER,Downloaded CSV batch on 2026-09-12; normalized site was not present in the base workbook | scraping ease: Easy | add as a new scrape target and crawler-creation candidate
chile,PENDING,Mercado Libre Chile,https://www.mercadolibre.cl/,mercadolibre.cl,FNB_LIKELY,4,2,False,171.0,P2 - queue / Directory/report,"Candidate found in the 2026-08-31 sourcing round, never built. build_tier=C - engineering required; scrapability=nan; class=General marketplace"
chile,PENDING,chile_batchile,https://www.batchile.com/marcas-e-produtos/precios-vigentes,batchile.com,FNB_LIKELY,3,1,False,171.0,P2 - queue / NEEDS-CUSTOM-CRAWLER,Downloaded CSV batch on 2026-09-12; normalized site was not present in the base workbook | scraping ease: Easy | pricing visible: Yes | add as a new scrape target and crawler-creation candidate
chile,PENDING,chile_casasichel,https://casasichel.com/,casasichel.com,FNB_LIKELY,2,1,False,171.0,P2 - queue / NEEDS-CUSTOM-CRAWLER,Downloaded CSV batch on 2026-09-12; normalized site was not present in the base workbook | scraping ease: Easy | pricing visible: Yes | add as a new scrape target and crawler-creation candidate
chile,PENDING,chile_centralmayorista_cl,https://www.centralmayorista.cl/ca/cigarros/0026,centralmayorista.cl,FNB_LIKELY,3,1,False,171.0,P2 - queue / NEEDS-CUSTOM-CRAWLER,Downloaded CSV batch on 2026-09-12; normalized site was not present in the base workbook | scraping ease: Easy | pricing visible: Yes | add as a new scrape target and crawler-creation candidate
chile,PENDING,chile_enrolando_cl,https://www.enrolando.cl/tabaco-granel,enrolando.cl,FNB_LIKELY,2,1,False,171.0,P2 - queue / NEEDS-CUSTOM-CRAWLER,Downloaded CSV batch on 2026-09-12; normalized site was not present in the base workbook | scraping ease: Easy | pricing visible: Yes | add as a new scrape target and crawler-creation candidate
chile,PENDING,chile_latabaqueria_cl,https://www.latabaqueria.cl/,latabaqueria.cl,FNB_LIKELY,2,1,False,171.0,P2 - queue / NEEDS-CUSTOM-CRAWLER,Downloaded CSV batch on 2026-09-12; normalized site was not present in the base workbook | scraping ease: Easy | pricing visible: Yes | add as a new scrape target and crawler-creation candidate
chile,PENDING,chile_puros_cl,https://www.puros.cl/tienda/,puros.cl,FNB_LIKELY,2,1,False,171.0,P2 - queue / NEEDS-CUSTOM-CRAWLER,Downloaded CSV batch on 2026-09-12; normalized site was not present in the base workbook | scraping ease: Easy | pricing visible: Yes | add as a new scrape target and crawler-creation candidate
chile,PENDING,chile_tabaqueria_cl,https://tabaqueria.cl/collections/puros,tabaqueria.cl,FNB_LIKELY,2,1,False,171.0,P2 - queue / NEEDS-CUSTOM-CRAWLER,Downloaded CSV batch on 2026-09-12; normalized site was not present in the base workbook | scraping ease: Easy | pricing visible: Yes | add as a new scrape target and crawler-creation candidate
chile,PENDING,chile_tabaqueriaohiggins_cl,https://tabaqueriaohiggins.cl/tabaqueria/cigarros/,tabaqueriaohiggins.cl,FNB_LIKELY,2,1,False,171.0,P2 - queue / NEEDS-CUSTOM-CRAWLER,Downloaded CSV batch on 2026-09-12; normalized site was not present in the base workbook | scraping ease: Easy | pricing visible: Yes | add as a new scrape target and crawler-creation candidate
chile,PENDING,chile_zelrom,https://zelrom.com/tienda-online/,zelrom.com,FNB_LIKELY,2,1,False,171.0,P2 - queue / NEEDS-CUSTOM-CRAWLER,Downloaded CSV batch on 2026-09-12; normalized site was not present in the base workbook | scraping ease: Easy | pricing visible: Yes | add as a new scrape target and crawler-creation candidate
pakistan,PENDING,Carrefour Pakistan,https://www.carrefour.pk/mafpak/en/c/Flash_Sale,carrefour.pk,FNB_LIKELY,9,3,False,172.0,P2 - queue / EVIDENCE-ONLY,From Will's 2026-09-11 South Asia wave. His handover states explicitly that HAVE there means a child task found public price evidence and a plausible scraper path -- NOT that a crawler exists. Recorded as PENDING: it still needs to be implemented and live-tested before ingestion.
pakistan,PENDING,Punjab Super Store,https://www.punjabstore.pk/Products/ProductsPage?dept=0001&grp=0002,punjabstore.pk,FNB_LIKELY,3,0,False,172.0,P2 - queue / EVIDENCE-ONLY,From Will's 2026-09-11 South Asia wave. His handover states explicitly that HAVE there means a child task found public price evidence and a plausible scraper path -- NOT that a crawler exists. Recorded as PENDING: it still needs to be implemented and live-tested before ingestion.
pakistan,PENDING,Asan Bazar,https://asanbazar.pk/,asanbazar.pk,FNB_LIKELY,7,1,False,172.0,P2 - queue / EVIDENCE-ONLY,From Will's 2026-09-11 South Asia wave. His handover states explicitly that HAVE there means a child task found public price evidence and a plausible scraper path -- NOT that a crawler exists. Recorded as PENDING: it still needs to be implemented and live-tested before ingestion.
pakistan,PENDING,Almadina KS,https://www.almadinaks.com/products,almadinaks.com,FNB_LIKELY,9,0,False,172.0,P2 - queue / EVIDENCE-ONLY,From Will's 2026-09-11 South Asia wave. His handover states explicitly that HAVE there means a child task found public price evidence and a plausible scraper path -- NOT that a crawler exists. Recorded as PENDING: it still needs to be implemented and live-tested before ingestion.
pakistan,LAST_TRY_FAILED,METRO Pakistan Online Supermarket,https://www.metro.pk/Online-Supermarket,metro.pk,FNB_LIKELY,10,0,False,172.0,SKIP / CHILD-TASK-SKIP,"Will's 2026-09-11 South Asia wave marked this SKIP (app-gated, no price, or wrong country)."
pakistan,LAST_TRY_FAILED,foodpanda pandamart/shops,https://www.foodpanda.pk/groceries,foodpanda.pk,FNB_LIKELY,7,1,False,172.0,SKIP / CHILD-TASK-SKIP,"Will's 2026-09-11 South Asia wave marked this SKIP (app-gated, no price, or wrong country)."
pakistan,PENDING,Bazaar App,https://www.bazaarapp.com/,bazaarapp.com,FNB_LIKELY,11,0,False,172.0,P2 - queue / CANDIDATE,From Will's 2026-09-11 South Asia wave. His handover states explicitly that HAVE there means a child task found public price evidence and a plausible scraper path -- NOT that a crawler exists. Recorded as PENDING: it still needs to be implemented and live-tested before ingestion.
pakistan,PENDING,Pak Supermarket,https://paksupermarkets.com/,paksupermarkets.com,FNB_LIKELY,11,2,False,172.0,P2 - queue / CANDIDATE,From Will's 2026-09-11 South Asia wave. His handover states explicitly that HAVE there means a child task found public price evidence and a plausible scraper path -- NOT that a crawler exists. Recorded as PENDING: it still needs to be implemented and live-tested before ingestion.
pakistan,PENDING,KS International / KSI Pharma,https://www.ksipharma.com/,ksipharma.com,FNB_LIKELY,2,1,False,172.0,P2 - queue / EVIDENCE-ONLY,From Will's 2026-09-11 South Asia wave. His handover states explicitly that HAVE there means a child task found public price evidence and a plausible scraper path -- NOT that a crawler exists. Recorded as PENDING: it still needs to be implemented and live-tested before ingestion.
pakistan,PENDING,Flashi Health & Pharmacy,https://www.flashi.pk/health-pharmacy,flashi.pk,FNB_LIKELY,2,1,False,172.0,P2 - queue / EVIDENCE-ONLY,From Will's 2026-09-11 South Asia wave. His handover states explicitly that HAVE there means a child task found public price evidence and a plausible scraper path -- NOT that a crawler exists. Recorded as PENDING: it still needs to be implemented and live-tested before ingestion.
pakistan,PENDING,PEL eShop,https://eshop.pel.com.pk/,eshop.pel.com.pk,FNB_LIKELY,2,1,False,172.0,P2 - queue / EVIDENCE-ONLY,From Will's 2026-09-11 South Asia wave. His handover states explicitly that HAVE there means a child task found public price evidence and a plausible scraper path -- NOT that a crawler exists. Recorded as PENDING: it still needs to be implemented and live-tested before ingestion.
pakistan,PENDING,Shan Furniture,https://shanfurniture.com/,shanfurniture.com,FNB_LIKELY,2,1,False,172.0,P2 - queue / EVIDENCE-ONLY,From Will's 2026-09-11 South Asia wave. His handover states explicitly that HAVE there means a child task found public price evidence and a plausible scraper path -- NOT that a crawler exists. Recorded as PENDING: it still needs to be implemented and live-tested before ingestion.
pakistan,PENDING,JF Homes,https://jfhomes.com.pk/,jfhomes.com.pk,FNB_LIKELY,3,2,False,172.0,P2 - queue / EVIDENCE-ONLY,From Will's 2026-09-11 South Asia wave. His handover states explicitly that HAVE there means a child task found public price evidence and a plausible scraper path -- NOT that a crawler exists. Recorded as PENDING: it still needs to be implemented and live-tested before ingestion.
pakistan,PENDING,Quick Delivery Pakistan Karachi,https://www.quickdelivery.pk/delivery/karachi,quickdelivery.pk,FNB_LIKELY,6,0,False,172.0,P2 - queue / EVIDENCE-ONLY,From Will's 2026-09-11 South Asia wave. His handover states explicitly that HAVE there means a child task found public price evidence and a plausible scraper path -- NOT that a crawler exists. Recorded as PENDING: it still needs to be implemented and live-tested before ingestion.
pakistan,PENDING,Gomart.pk,https://gomart.pk/,gomart.pk,FNB_LIKELY,7,1,False,172.0,P2 - queue / EVIDENCE-ONLY,From Will's 2026-09-11 South Asia wave. His handover states explicitly that HAVE there means a child task found public price evidence and a plausible scraper path -- NOT that a crawler exists. Recorded as PENDING: it still needs to be implemented and live-tested before ingestion.
pakistan,PENDING,MyCart.pk,https://www.mycart.pk/,mycart.pk,FNB_LIKELY,8,0,False,172.0,P2 - queue / EVIDENCE-ONLY,From Will's 2026-09-11 South Asia wave. His handover states explicitly that HAVE there means a child task found public price evidence and a plausible scraper path -- NOT that a crawler exists. Recorded as PENDING: it still needs to be implemented and live-tested before ingestion.
pakistan,PENDING,Green Stores,https://www.greenstores.org/,greenstores.org,FNB_LIKELY,7,1,False,172.0,P2 - queue / EVIDENCE-ONLY,From Will's 2026-09-11 South Asia wave. His handover states explicitly that HAVE there means a child task found public price evidence and a plausible scraper path -- NOT that a crawler exists. Recorded as PENDING: it still needs to be implemented and live-tested before ingestion.
pakistan,PENDING,Hydri Supermarket,https://www.hydrisupermarket.com.pk/fresh-products,hydrisupermarket.com.pk,FNB_LIKELY,11,0,False,172.0,P2 - queue / EVIDENCE-ONLY,From Will's 2026-09-11 South Asia wave. His handover states explicitly that HAVE there means a child task found public price evidence and a plausible scraper path -- NOT that a crawler exists. Recorded as PENDING: it still needs to be implemented and live-tested before ingestion.
pakistan,PENDING,Keryana Store,https://keryanastore.com/Fresh-Foods/,keryanastore.com,FNB_LIKELY,7,0,False,172.0,P2 - queue / EVIDENCE-ONLY,From Will's 2026-09-11 South Asia wave. His handover states explicitly that HAVE there means a child task found public price evidence and a plausible scraper path -- NOT that a crawler exists. Recorded as PENDING: it still needs to be implemented and live-tested before ingestion.
pakistan,PENDING,CartPK Meat & Poultry,https://www.cartpk.com/meat-poultry,cartpk.com,FNB_LIKELY,7,0,False,172.0,P2 - queue / EVIDENCE-ONLY,From Will's 2026-09-11 South Asia wave. His handover states explicitly that HAVE there means a child task found public price evidence and a plausible scraper path -- NOT that a crawler exists. Recorded as PENDING: it still needs to be implemented and live-tested before ingestion.
pakistan,PENDING,Bake1,https://www.bake1.pk/store/c/breads,bake1.pk,FNB_LIKELY,5,0,False,172.0,P2 - queue / EVIDENCE-ONLY,From Will's 2026-09-11 South Asia wave. His handover states explicitly that HAVE there means a child task found public price evidence and a plausible scraper path -- NOT that a crawler exists. Recorded as PENDING: it still needs to be implemented and live-tested before ingestion.
pakistan,PENDING,Bakesoft,https://bakensoft.com/,bakensoft.com,FNB_LIKELY,3,1,False,172.0,P2 - queue / EVIDENCE-ONLY,From Will's 2026-09-11 South Asia wave. His handover states explicitly that HAVE there means a child task found public price evidence and a plausible scraper path -- NOT that a crawler exists. Recorded as PENDING: it still needs to be implemented and live-tested before ingestion.
pakistan,PENDING,ChiltanPure Dairy,https://chiltanpure.pk/collections/dairy-products-in-pakistan,chiltanpure.pk,FNB_LIKELY,6,0,False,172.0,P2 - queue / EVIDENCE-ONLY,From Will's 2026-09-11 South Asia wave. His handover states explicitly that HAVE there means a child task found public price evidence and a plausible scraper path -- NOT that a crawler exists. Recorded as PENDING: it still needs to be implemented and live-tested before ingestion.
pakistan,PENDING,Wholesaler.pk Dairy,https://wholesaler.pk/groceries/dairy,wholesaler.pk,FNB_LIKELY,8,0,False,172.0,P2 - queue / EVIDENCE-ONLY,From Will's 2026-09-11 South Asia wave. His handover states explicitly that HAVE there means a child task found public price evidence and a plausible scraper path -- NOT that a crawler exists. Recorded as PENDING: it still needs to be implemented and live-tested before ingestion.
pakistan,PENDING,Adnan Brothers,https://adnanbrothers.com/,adnanbrothers.com,FNB_LIKELY,4,3,False,172.0,P2 - queue / EVIDENCE-ONLY,From Will's 2026-09-11 South Asia wave. His handover states explicitly that HAVE there means a child task found public price evidence and a plausible scraper path -- NOT that a crawler exists. Recorded as PENDING: it still needs to be implemented and live-tested before ingestion.
pakistan,PENDING,Buyon Toys,https://www.buyon.pk/toys-kids-and-babies,buyon.pk,FNB_LIKELY,2,1,False,172.0,P2 - queue / EVIDENCE-ONLY,From Will's 2026-09-11 South Asia wave. His handover states explicitly that HAVE there means a child task found public price evidence and a plausible scraper path -- NOT that a crawler exists. Recorded as PENDING: it still needs to be implemented and live-tested before ingestion.
pakistan,PENDING,StorePanda,https://storepanda.pk/,storepanda.pk,FNB_LIKELY,9,0,False,172.0,P2 - queue / EVIDENCE-ONLY,From Will's 2026-09-11 South Asia wave. His handover states explicitly that HAVE there means a child task found public price evidence and a plausible scraper path -- NOT that a crawler exists. Recorded as PENDING: it still needs to be implemented and live-tested before ingestion.
pakistan,PENDING,GolBazar,https://www.golbazar.pk/,golbazar.pk,FNB_LIKELY,4,2,False,172.0,P2 - queue / CANDIDATE,From Will's 2026-09-11 South Asia wave. His handover states explicitly that HAVE there means a child task found public price evidence and a plausible scraper path -- NOT that a crawler exists. Recorded as PENDING: it still needs to be implemented and live-tested before ingestion.
pakistan,PENDING,Faisalabad Grocery Store,https://faisalabadgrocery.store/,faisalabadgrocery.store,FNB_LIKELY,11,0,False,172.0,P2 - queue / CANDIDATE,From Will's 2026-09-11 South Asia wave. His handover states explicitly that HAVE there means a child task found public price evidence and a plausible scraper path -- NOT that a crawler exists. Recorded as PENDING: it still needs to be implemented and live-tested before ingestion.
pakistan,PENDING,ShopRight Club,https://shopright.club/shop,shopright.club,FNB_LIKELY,4,1,False,172.0,P2 - queue / EVIDENCE-ONLY,From Will's 2026-09-11 South Asia wave. His handover states explicitly that HAVE there means a child task found public price evidence and a plausible scraper path -- NOT that a crawler exists. Recorded as PENDING: it still needs to be implemented and live-tested before ingestion.
pakistan,PENDING,Fairo.pk,https://fairo.pk/,fairo.pk,FNB_LIKELY,6,0,False,172.0,P2 - queue / CANDIDATE,From Will's 2026-09-11 South Asia wave. His handover states explicitly that HAVE there means a child task found public price evidence and a plausible scraper path -- NOT that a crawler exists. Recorded as PENDING: it still needs to be implemented and live-tested before ingestion.
pakistan,PENDING,The HKB Grocery Beverages Water,https://thehkb.com/collections/grocery-beverages-water,thehkb.com,FNB_LIKELY,6,1,False,172.0,P2 - queue / EVIDENCE-ONLY,From Will's 2026-09-11 South Asia wave. His handover states explicitly that HAVE there means a child task found public price evidence and a plausible scraper path -- NOT that a crawler exists. Recorded as PENDING: it still needs to be implemented and live-tested before ingestion.
pakistan,PENDING,Bombay Dry Fruits Beverages,https://www.bombaydryfruits.com/everyday-essentials/beverages,bombaydryfruits.com,FNB_LIKELY,7,0,False,172.0,P2 - queue / EVIDENCE-ONLY,From Will's 2026-09-11 South Asia wave. His handover states explicitly that HAVE there means a child task found public price evidence and a plausible scraper path -- NOT that a crawler exists. Recorded as PENDING: it still needs to be implemented and live-tested before ingestion.
pakistan,PENDING,FreshMeat.com.pk,https://www.freshmeat.com.pk/products/boneless-chicken-cubes,freshmeat.com.pk,FNB_LIKELY,4,1,False,172.0,P2 - queue / EVIDENCE-ONLY,From Will's 2026-09-11 South Asia wave. His handover states explicitly that HAVE there means a child task found public price evidence and a plausible scraper path -- NOT that a crawler exists. Recorded as PENDING: it still needs to be implemented and live-tested before ingestion.
pakistan,PENDING,AsaanQurbani Premium Meat,https://asaan-qurbani.vercel.app/en/meat,asaan-qurbani.vercel.app,FNB_LIKELY,4,0,False,172.0,P2 - queue / EVIDENCE-ONLY,From Will's 2026-09-11 South Asia wave. His handover states explicitly that HAVE there means a child task found public price evidence and a plausible scraper path -- NOT that a crawler exists. Recorded as PENDING: it still needs to be implemented and live-tested before ingestion.
pakistan,PENDING,Bin Barkat Pharmacy,https://binbarkatpharma.com/,binbarkatpharma.com,FNB_LIKELY,3,2,False,172.0,P2 - queue / EVIDENCE-ONLY,From Will's 2026-09-11 South Asia wave. His handover states explicitly that HAVE there means a child task found public price evidence and a plausible scraper path -- NOT that a crawler exists. Recorded as PENDING: it still needs to be implemented and live-tested before ingestion.
pakistan,PENDING,Qemat,https://app.qemat.pk/,app.qemat.pk,FNB_LIKELY,4,0,False,172.0,P2 - queue / CANDIDATE,From Will's 2026-09-11 South Asia wave. His handover states explicitly that HAVE there means a child task found public price evidence and a plausible scraper path -- NOT that a crawler exists. Recorded as PENDING: it still needs to be implemented and live-tested before ingestion.
pakistan,PENDING,Uttam,https://uttampk.com/,uttampk.com,FNB_LIKELY,6,0,False,172.0,P2 - queue / EVIDENCE-ONLY,From Will's 2026-09-11 South Asia wave. His handover states explicitly that HAVE there means a child task found public price evidence and a plausible scraper path -- NOT that a crawler exists. Recorded as PENDING: it still needs to be implemented and live-tested before ingestion.
pakistan,PENDING,ServeU / Mall 786,https://www.serveu.pk/product-categories/freshsadas/produce,serveu.pk,FNB_LIKELY,5,1,False,172.0,P2 - queue / EVIDENCE-ONLY,From Will's 2026-09-11 South Asia wave. His handover states explicitly that HAVE there means a child task found public price evidence and a plausible scraper path -- NOT that a crawler exists. Recorded as PENDING: it still needs to be implemented and live-tested before ingestion.
pakistan,PENDING,MartEzee WordPress/TazaMart archive,https://martezee.wordpress.com/,martezee.wordpress.com,FNB_LIKELY,8,1,False,172.0,P2 - queue / CANDIDATE,From Will's 2026-09-11 South Asia wave. His handover states explicitly that HAVE there means a child task found public price evidence and a plausible scraper path -- NOT that a crawler exists. Recorded as PENDING: it still needs to be implemented and live-tested before ingestion.
russian_federation,LAST_TRY_FAILED,dixy.ru,,nan,FNB_LIKELY,1,0,False,172.0,RETRY / DEAD-SITE,"Unreachable / no online storefront exists (dead candidate, not a WAF) — and **5ka.ru** (RU, Pyaterochka's separate delivery-app domain) — both HTTP 403 on curl_cffi impersonate=chrome124 (dixy.ru: 96KB themed block page; 5ka.ru: 2.9KB generic 403), not re-probed with Playwright."
russian_federation,LAST_TRY_FAILED,magnit.ru,,nan,FNB_LIKELY,4,0,False,172.0,RETRY / PARSE-FAILED,"Reachable, HTTP 200, but not extractable without more work (not a hard block — don't re-probe blind, but don't write off either) — homepage is a real, large (800KB) Nuxt SSR grocery-delivery storefront and `__sitemap__/products.xml` lists ~19,900 `/product/<slug>` URLs with same-day `lastmod`, but **every sampled product URL 404s** (confirmed both via curl-with-cookies and a fresh headless-Playwright session) and the 404 response is a soft-404 that renders the homepage shell (same `<title>`) rather than a real 404 page. The sitemap and the live routing appear to disagree — possibly a recent route-schema migration the sitemap generator hasn't caught up with. Not a WAF block; a data-freshness/routing mismatch. Worth a re-check in a future round rather than a deep dig now."
russian_federation,LAST_TRY_FAILED,myspar.ru,,nan,FNB_LIKELY,8,1,False,172.0,PARTIAL / PARSE-FAILED,"Reachable, HTTP 200, but not extractable without more work (not a hard block — don't re-probe blind, but don't write off either) — curl_cffi: 200, no WAF, genuine full grocery taxonomy (`/catalog/moloko-syr-yaytsa-1/` etc., dairy/meat/produce/bread/sweets all present as real category slugs). But category pages carry the mega-menu only — zero product cards, zero ""руб""/""₽"" occurrences anywhere in the raw HTML — the product grid is populated entirely client-side (Bitrix + IndexedDB/Dexie caching, `dexie.bitrix.bundle.js`), and no XHR/JSON endpoint fired during a Playwright network capture of a category page. Headless Chromium navigation itself is bot-gated here: a Playwright `goto` on the same category URL that curl_cffi fetches cleanly instead lands on an interactive proof-of-work/captcha page (`#answerbtn`/`#refreshbtn` widget, `STAGE = ""prod""`) — the opposite of the usual pattern (curl blocked, Playwright clean); here curl_cffi impersonation is what clears and rendering is what trips the wall. Not diagnosed further (needs either a genuine browser session with cookies carried over from a clean curl warm-up, or reverse-engineering the Dexie data-sync payload)."
russian_federation,LAST_TRY_FAILED,online.metro-cc.ru,,nan,FNB_LIKELY,1,0,False,172.0,PARTIAL / PARSE-FAILED,"Reachable, HTTP 200, but not extractable without more work (not a hard block — don't re-probe blind, but don't write off either) — genuinely reachable: homepage sets a `metroStoreId` cookie, `/sitemap-3.xml` lists real `/products/<slug>` URLs, and product pages return 200 with a JSON-LD `Product` block. But the JSON-LD `offers` object carries `priceCurrency`/`availability` and **no `price` field** — the actual price lives only inside a heavily minified `window.__NUXT__=(function(a,b,c,...){...})(...)` positional-argument call, not parseable as JSON without executing the JS (a regex/string search finds no plain `""price"":<number>` near the product). A rendered-DOM read (Playwright, `[class*=price]`) is the likely path but wasn't completed this round — the product page itself also 404s/hangs on cold Playwright navigation without first visiting `/` in the same context to pick up `metroStoreId`. Worth a real pass: sitemap + cookie + platform are otherwise clean."
russian_federation,LAST_TRY_FAILED,samokat.ru,,nan,FNB_LIKELY,3,0,False,172.0,SKIP / WAF/BOT-BLOCK,"ServicePipe anti-bot (Russian anti-DDoS, `servicepipe.tech` challenge loader + rotated-image captcha) — , **okeydostavka.ru** (RU, O'Key's delivery subdomain), **azbukavkusa.ru** (RU, Azbuka Vkusa — premium supermarket chain, COICOP 01/02/05/09 candidate) — all three return the identical ~1.7-1.8KB ServicePipe spinner shell (`servicepipe.tech/loaders/<hash>.js`, `id_spinner`/`id_captcha_frame_div`) on curl_cffi impersonate=chrome124. Same tenant family as perekrestok.ru/kuper.ru — likely a shared anti-bot vendor contract across several unrelated RU retail groups, not evidence they share infra otherwise."
russian_federation,LAST_TRY_FAILED,verno-info.ru,,nan,FNB_LIKELY,1,0,False,172.0,SKIP / DEAD-SITE,"Unreachable / no online storefront exists (dead candidate, not a WAF) — reachable, no WAF, but it's the chain's corporate/investor-relations site (loyalty-card signup, franchise/vacancy pages, a `/products` own-brand showcase and a recipes section), not an online store — Verniy is a cash-and-carry discount format with no e-commerce delivery arm."
russian_federation,LAST_TRY_FAILED,www.okmarket.ru,,nan,FNB_LIKELY,3,2,False,172.0,PARTIAL / PARSE-FAILED,"Reachable, HTTP 200, but not extractable without more work (not a hard block — don't re-probe blind, but don't write off either) — curl_cffi: 200, no WAF, and a few real `/product/<slug>/` PDPs do exist with server-rendered prices (e.g. a school backpack at 1899.99 RUB via `.single-product__prices-label`). But the site is structurally a corporate/store-locator page, not a browsable catalogue: the raw homepage carries no category nav at all (only a seasonal promo strip), `/catalog/` and `/catalog/produkty/`-style guesses 404, `/sitemap.xml` (2.6MB) is broken — 14,902 of 15,206 `<loc>` entries are the bare homepage URL repeated with different `<lastmod>` timestamps, and `/search/?q=<term>` returns ""ничего не найдено"" (nothing found) even after setting a Moscow city cookie (`?city=1`) or hitting the site's own `/ajax/catalog/search/` endpoint directly. No enumerable product listing surface was found. Probed 2026-09-01 (wave 8) — worth a fresh look only if a real category/listing endpoint turns up (e.g. via a Playwright network capture), not worth re-probing the same way."
russian_federation,PENDING,Ozon,https://www.ozon.ru/,ozon.ru,FNB_LIKELY,3,2,False,172.0,P2 - queue / Directory/report,"Candidate found in the 2026-08-31 sourcing round, never built. build_tier=C - engineering required; scrapability=nan; class=General marketplace"
russian_federation,PENDING,Wildberries Russia,https://www.wildberries.ru/,wildberries.ru,FNB_LIKELY,3,2,False,172.0,P2 - queue / Directory/report,"Candidate found in the 2026-08-31 sourcing round, never built. build_tier=C - engineering required; scrapability=nan; class=General marketplace"
new_zealand,PENDING,new_zealand_shoparound_nz,https://shoparound.nz/,shoparound.nz,FNB_LIKELY,3,1,False,174.0,P2 - queue / NEEDS-CUSTOM-CRAWLER,Downloaded CSV batch on 2026-09-12; normalized site was not present in the base workbook | scraping ease: Easy | add as a new scrape target and crawler-creation candidate
kazakhstan,PENDING,Airba Fresh,https://airba.kz/,airba.kz,FNB_LIKELY,4,1,False,175.0,P2 - queue / SUSPECT,"Candidate found in the 2026-08-31 sourcing round, never built. build_tier=not scored; scrapability=nan; class=Custom"
kazakhstan,PENDING,Wildberries Kazakhstan,https://www.wildberries.kz/,wildberries.kz,FNB_LIKELY,3,2,False,175.0,P2 - queue / Directory/report,"Candidate found in the 2026-08-31 sourcing round, never built. build_tier=C - engineering required; scrapability=nan; class=General marketplace"
argentina,PENDING,Mercado Libre Argentina,https://www.mercadolibre.com.ar/,mercadolibre.com.ar,FNB_LIKELY,4,2,False,177.0,P2 - queue / Directory/report,"Candidate found in the 2026-08-31 sourcing round, never built. build_tier=C - engineering required; scrapability=nan; class=General marketplace"
argentina,PENDING,OLX country marketplace check,https://www.olx.com/,olx.com,FNB_LIKELY,3,1,False,177.0,P2 - queue / Directory/report,"Candidate found in the 2026-08-31 sourcing round, never built. build_tier=C - engineering required; scrapability=nan; class=Classified marketplace"
argentina,PENDING,argentina_cigarshop_ar,https://cigarshop.com.ar/,cigarshop.com.ar,FNB_LIKELY,2,1,False,177.0,P2 - queue / NEEDS-CUSTOM-CRAWLER,Downloaded CSV batch on 2026-09-12; normalized site was not present in the base workbook | scraping ease: Easy | pricing visible: Yes | add as a new scrape target and crawler-creation candidate
argentina,PENDING,argentina_purocigarro_ar,https://www.purocigarro.com.ar/,purocigarro.com.ar,FNB_LIKELY,2,1,False,177.0,P2 - queue / NEEDS-CUSTOM-CRAWLER,Downloaded CSV batch on 2026-09-12; normalized site was not present in the base workbook | scraping ease: Moderate | pricing visible: Yes | add as a new scrape target and crawler-creation candidate
barbados,PENDING,Cave Shepherd,https://caveshepherd.com/,caveshepherd.com,FNB_LIKELY,3,2,False,177.0,P2 - queue / Directory/report,"Candidate found in the 2026-08-31 sourcing round, never built. build_tier=C - engineering required; scrapability=nan; class=Department store"
barbados,PENDING,iMart Pharmacy Barbados,https://imartstores.com/,imartstores.com,FNB_LIKELY,4,3,False,177.0,P2 - queue / Directory/report,"Candidate found in the 2026-08-31 sourcing round, never built. build_tier=C - engineering required; scrapability=nan; class=Pharmacy/general retail"
barbados,PENDING,barbados_cave_shepherd,https://www.cave-shepherd.com/,cave-shepherd.com,FNB_LIKELY,2,1,False,177.0,P2 - queue / NEEDS-CUSTOM-CRAWLER,Downloaded CSV batch on 2026-09-12; normalized site was not present in the base workbook | scraping ease: Moderate | pricing visible: Limited | add as a new scrape target and crawler-creation candidate
barbados,PENDING,barbados_dutyfreecaribbean,https://www.dutyfreecaribbean.com/,dutyfreecaribbean.com,FNB_LIKELY,3,1,False,177.0,P2 - queue / NEEDS-CUSTOM-CRAWLER,Downloaded CSV batch on 2026-09-12; normalized site was not present in the base workbook | scraping ease: Moderate | pricing visible: Yes | add as a new scrape target and crawler-creation candidate
barbados,PENDING,barbados_massystoresbb,https://www.massystoresbb.com/,massystoresbb.com,FNB_LIKELY,4,1,False,177.0,P2 - queue / NEEDS-CUSTOM-CRAWLER,Downloaded CSV batch on 2026-09-12; normalized site was not present in the base workbook | scraping ease: Moderate | pricing visible: Limited | add as a new scrape target and crawler-creation candidate
barbados,PENDING,barbados_wineworldinc,https://www.wineworldinc.com/,wineworldinc.com,FNB_LIKELY,3,1,False,177.0,P2 - queue / NEEDS-CUSTOM-CRAWLER,Downloaded CSV batch on 2026-09-12; normalized site was not present in the base workbook | scraping ease: Moderate | pricing visible: Limited | add as a new scrape target and crawler-creation candidate
peru,PENDING,Mercado Libre Peru,https://www.mercadolibre.com.pe/,mercadolibre.com.pe,FNB_LIKELY,4,1,False,177.0,P2 - queue / SUSPECT,"Candidate found in the 2026-08-31 sourcing round, never built. build_tier=C - engineering required; scrapability=3.0; class=Custom/Enterprise"
nigeria,PENDING,nigeria_foodprices_ng,https://foodprices.ng/,foodprices.ng,FNB_LIKELY,3,1,False,183.0,P2 - queue / NEEDS-CUSTOM-CRAWLER,Downloaded CSV batch on 2026-09-12; normalized site was not present in the base workbook | scraping ease: Easy | add as a new scrape target and crawler-creation candidate
armenia,PENDING,GeraMarket Caucasus access check,https://geramarket.com/,geramarket.com,FNB_LIKELY,3,1,False,185.0,P2 - queue / Directory/report,"Candidate found in the 2026-08-31 sourcing round, never built. build_tier=C - engineering required; scrapability=nan; class=Caucasus marketplace"
armenia,PENDING,armenia_davidoffcigars_am,https://davidoffcigars.am/en/,davidoffcigars.am,FNB_LIKELY,2,1,False,185.0,P2 - queue / NEEDS-CUSTOM-CRAWLER,Downloaded CSV batch on 2026-09-12; normalized site was not present in the base workbook | scraping ease: Moderate | pricing visible: Limited | add as a new scrape target and crawler-creation candidate
germany,PENDING,Amazon Fresh DE,https://www.amazon.de/fresh,amazon.de,FNB_LIKELY,3,2,False,185.0,P3 - backlog / SUSPECT,"Candidate found in the 2026-08-31 sourcing round, never built. build_tier=D - hard / app / index only; scrapability=2.0; class=Custom/Enterprise"
germany,PENDING,Bringmeister,https://www.bringmeister.de/,bringmeister.de,FNB_LIKELY,2,1,False,185.0,P2 - queue / ACCEPT,"Candidate found in the 2026-08-31 sourcing round, never built. build_tier=C - engineering required; scrapability=3.0; class=Custom"
germany,PENDING,Kaufland.de,https://www.kaufland.de/c/lebensmittel/~1311/,kaufland.de,FNB_LIKELY,3,1,False,185.0,P3 - backlog / SUSPECT,"Candidate found in the 2026-08-31 sourcing round, never built. build_tier=D - hard / app / index only; scrapability=2.0; class=Custom/Enterprise"
germany,PENDING,getnow,https://www.getnow.de/,getnow.de,FNB_LIKELY,2,1,False,185.0,P2 - queue / ACCEPT,"Candidate found in the 2026-08-31 sourcing round, never built. build_tier=C - engineering required; scrapability=3.0; class=Custom"
spain,PENDING,Amazon Spain,https://www.amazon.es/,amazon.es,FNB_LIKELY,3,2,False,186.0,P2 - queue / Directory/report,"Candidate found in the 2026-08-31 sourcing round, never built. build_tier=C - engineering required; scrapability=nan; class=General marketplace"
spain,PENDING,Cartio,https://cartio.es/landing/,cartio.es,FNB_LIKELY,2,1,False,186.0,P2 - queue / ACCEPT,"Candidate found in the 2026-08-31 sourcing round, never built. build_tier=C - engineering required; scrapability=3.0; class=Custom"
spain,PENDING,ahorrapasta.com,https://www.ahorrapasta.com/,ahorrapasta.com,FNB_LIKELY,3,2,False,186.0,P2 - queue / ACCEPT,"Candidate found in the 2026-08-31 sourcing round, never built. build_tier=C - engineering required; scrapability=3.0; class=Custom"
australia,PENDING,australia_cigarhut_au,https://www.cigarhut.com.au/,cigarhut.com.au,FNB_LIKELY,2,1,False,188.0,P2 - queue / NEEDS-CUSTOM-CRAWLER,Downloaded CSV batch on 2026-09-12; normalized site was not present in the base workbook | scraping ease: Easy | pricing visible: Yes | add as a new scrape target and crawler-creation candidate
australia,PENDING,australia_cigars_au,https://www.cigars.com.au/,cigars.com.au,FNB_LIKELY,2,1,False,188.0,P2 - queue / NEEDS-CUSTOM-CRAWLER,Downloaded CSV batch on 2026-09-12; normalized site was not present in the base workbook | scraping ease: Easy | pricing visible: Yes | add as a new scrape target and crawler-creation candidate
brazil,PENDING,Amazon Brasil,https://www.amazon.com.br/,amazon.com.br,FNB_LIKELY,3,2,False,189.0,P2 - queue / Directory/report,"Candidate found in the 2026-08-31 sourcing round, never built. build_tier=C - engineering required; scrapability=nan; class=General marketplace"
brazil,PENDING,Magazine Luiza,https://www.magazineluiza.com.br/,magazineluiza.com.br,FNB_LIKELY,3,2,False,189.0,P2 - queue / Directory/report,"Candidate found in the 2026-08-31 sourcing round, never built. build_tier=C - engineering required; scrapability=nan; class=General/big-box"
brazil,PENDING,Mercado Livre Brasil,https://www.mercadolivre.com.br/,mercadolivre.com.br,FNB_LIKELY,4,2,False,189.0,P2 - queue / Directory/report,"Candidate found in the 2026-08-31 sourcing round, never built. build_tier=C - engineering required; scrapability=nan; class=General marketplace"
egypt,PENDING,Amazon Egypt,https://www.amazon.eg/,amazon.eg,FNB_LIKELY,4,1,False,191.0,P1 - build now / Direct,"Candidate found in the 2026-08-31 sourcing round, never built. build_tier=A - low-hanging fruit; scrapability=nan; class=General marketplace"
egypt,PENDING,Breadfast,https://www.breadfast.com/,breadfast.com,FNB_LIKELY,4,2,False,191.0,P3 - backlog / SUSPECT,"Candidate found in the 2026-08-31 sourcing round, never built. build_tier=D - hard / app / index only; scrapability=1.0; class=App-only"
egypt,PENDING,Carrefour Egypt,https://www.carrefouregypt.com/,carrefouregypt.com,FNB_LIKELY,6,1,False,191.0,P1 - build now / ACCEPT,"Candidate found in the 2026-08-31 sourcing round, never built. build_tier=B - moderate effort; scrapability=4.0; class=Custom (MAF stack)"
egypt,PENDING,InstaShop Egypt,https://instashop.com/en-eg/,instashop.com,FNB_LIKELY,2,1,False,191.0,P2 - queue / ACCEPT,"Candidate found in the 2026-08-31 sourcing round, never built. build_tier=C - engineering required; scrapability=3.0; class=Custom"
egypt,PENDING,Jumia Egypt,https://www.jumia.com.eg/,jumia.com.eg,FNB_LIKELY,4,1,False,191.0,P1 - build now / Direct,"Candidate found in the 2026-08-31 sourcing round, never built. build_tier=A - low-hanging fruit; scrapability=nan; class=General marketplace"
egypt,PENDING,Rabbit,https://rabbitmart.com/,rabbitmart.com,FNB_LIKELY,2,1,False,191.0,P2 - queue / SUSPECT,"Candidate found in the 2026-08-31 sourcing round, never built. build_tier=C - engineering required; scrapability=3.0; class=Custom"
egypt,PENDING,egypt_madeinegypt,https://madeinegypt.com/retail.php,madeinegypt.com,FNB_LIKELY,4,3,False,191.0,P2 - queue / NEEDS-CUSTOM-CRAWLER,Downloaded CSV batch on 2026-09-12; normalized site was not present in the base workbook | scraping ease: Moderate | add as a new scrape target and crawler-creation candidate
mexico,PENDING,Amazon Mexico,https://www.amazon.com.mx/,amazon.com.mx,FNB_LIKELY,3,2,False,192.0,P2 - queue / Directory/report,"Candidate found in the 2026-08-31 sourcing round, never built. build_tier=C - engineering required; scrapability=nan; class=General marketplace"
mexico,PENDING,Mercado Libre Mexico,https://www.mercadolibre.com.mx/,mercadolibre.com.mx,FNB_LIKELY,4,2,False,192.0,P2 - queue / Directory/report,"Candidate found in the 2026-08-31 sourcing round, never built. build_tier=C - engineering required; scrapability=nan; class=General marketplace"
trinidad_and_tobago,PENDING,Excellent Stores,https://excellentstores.com/,excellentstores.com,FNB_LIKELY,3,2,False,196.0,P2 - queue / Directory/report,"Candidate found in the 2026-08-31 sourcing round, never built. build_tier=C - engineering required; scrapability=nan; class=Department/home store"
kenya,PENDING,Carrefour Kenya,https://www.carrefour.ke/mafken/en/c/ken-bn-home,carrefour.ke,FNB_LIKELY,6,1,False,204.0,P1 - build now / ACCEPT,"Candidate found in the 2026-08-31 sourcing round, never built. build_tier=B - moderate effort; scrapability=4.0; class=Custom (MAF stack)"
kenya,PENDING,Glovo Kenya,https://glovoapp.com/ke/,glovoapp.com,FNB_LIKELY,2,1,False,204.0,P2 - queue / ACCEPT,"Candidate found in the 2026-08-31 sourcing round, never built. build_tier=C - engineering required; scrapability=3.0; class=Custom"
kenya,PENDING,Jumia Kenya,https://www.jumia.co.ke/,jumia.co.ke,FNB_LIKELY,2,1,False,204.0,P2 - queue / ACCEPT,"Candidate found in the 2026-08-31 sourcing round, never built. build_tier=C - engineering required; scrapability=3.0; class=Custom"
kenya,PENDING,kenya_omniflowapp_ke,https://www.omniflowapp.co.ke/,omniflowapp.co.ke,FNB_LIKELY,3,1,False,204.0,P2 - queue / NEEDS-CUSTOM-CRAWLER,Downloaded CSV batch on 2026-09-12; normalized site was not present in the base workbook | scraping ease: Easy | add as a new scrape target and crawler-creation candidate
cambodia,PENDING,cambodia_cambodiayp,https://www.cambodiayp.com/category/Cigars_and_Tobacco,cambodiayp.com,FNB_LIKELY,2,1,False,205.0,P2 - queue / NEEDS-CUSTOM-CRAWLER,Downloaded CSV batch on 2026-09-12; normalized site was not present in the base workbook | scraping ease: Moderate | pricing visible: No | add as a new scrape target and crawler-creation candidate
cambodia,PENDING,cambodia_k11mart_store,https://www.k11mart.store/en/categories/cigarette,k11mart.store,FNB_LIKELY,3,1,False,205.0,P2 - queue / NEEDS-CUSTOM-CRAWLER,Downloaded CSV batch on 2026-09-12; normalized site was not present in the base workbook | scraping ease: Easy | pricing visible: Yes | add as a new scrape target and crawler-creation candidate
cambodia,PENDING,cambodia_vtenh,https://www.vtenh.com/en/t/cat/others/groceries/others/cigarettes,vtenh.com,FNB_LIKELY,4,1,False,205.0,P2 - queue / NEEDS-CUSTOM-CRAWLER,Downloaded CSV batch on 2026-09-12; normalized site was not present in the base workbook | scraping ease: Easy | pricing visible: Yes | add as a new scrape target and crawler-creation candidate
cambodia,PENDING,cambodia_m_khmer24,https://m.khmer24.com/en/marlboro-cigarettes-for-sale-adid-13855594,m.khmer24.com,FNB_LIKELY,3,1,False,205.0,P2 - queue / NEEDS-CUSTOM-CRAWLER,Downloaded CSV batch on 2026-09-12; normalized site was not present in the base workbook | scraping ease: Moderate | pricing visible: Yes | add as a new scrape target and crawler-creation candidate
(?),LAST_TRY_FAILED,foodpanda,,nan,FNB_LIKELY,1,0,False,,SKIP / WAF/BOT-BLOCK,"PerimeterX (per-session token, collector beacons only) — in general — same vendor."
(?),LAST_TRY_FAILED,shopping.coupang.com,,nan,FNB_LIKELY,1,0,False,,SKIP / RATE-LIMITED,Akamai tenant rate-limit / bot manager — marketplace platforms with Akamai bot manager. Only viable via official affiliate APIs.
(?),LAST_TRY_FAILED,wfp food prices,,nan,FNB_LIKELY,2,1,False,,RETRY / GEO-BLOCKED,"Official feeds that geographically exclude a country despite valid geography data (check the count, not just the domain) — `package_show?id=wfp-food-prices-for-sao-tome-and-principe` returns `404 Not Found`; a live `package_search` for ""sao tome"" on data.humdata.org returns 10 STP-tagged datasets (settlements, conflict events, 5x World Bank indicator sets, admin boundaries, airports) but no WFP food-prices panel. STP is correctly absent from `_shared.ssa.wfp_food_prices._PANELS` — do not add without re-checking this first."
(?),LAST_TRY_FAILED,almufeedsa.com,,nan,FNB_LIKELY,5,0,False,,SKIP / NO-PRICES-ONLINE,"No products on the site (corporate marketing portal) — (appeared in a Lebanon grocery search, ""متجر شركة المفيد التجارية"") — Zid-platform storefront (`hreflang=""ar-sa""`, page text explicitly says ""السعودية""/Saudi Arabia) — this is a SAUDI ARABIA company, not Lebanese; locality mismatch, search-engine noise. Worth a fresh look as a Saudi Arabia candidate (Zid platform, real product catalog) if that country's sweep reaches it."
(?),LAST_TRY_FAILED,syriaamarket.com,,nan,FNB_LIKELY,3,2,False,,SKIP / NO-PRICES-ONLINE,"No products on the site (corporate marketing portal) — (branded ""سوريا ماركت — Syria Market"", real Shopify store, real Syrian-food/sweets catalog) — locality trap: the storefront's own `Shopify.country` JS global is `""EG""` and `Shopify.currency.active` is `""EGP""` (Egyptian Pound), not SYP — this is an Egypt-based diaspora shop selling Syrian-brand foods, not a Syria-resident retailer. Same pattern as the Sanabel Al-Salam trap in the West Bank/Gaza inventory: brand-name match, wrong country. Do not build for Syria."
(?),LAST_TRY_FAILED,cwa.govmu.org,,nan,FNB_LIKELY,2,1,False,,PARTIAL / PARSE-FAILED,"Image-only tariff/price sources (PDF or CMS article with no machine-readable price text) — water-supply tariff amendment PDFs (MU, Central Water Authority) — the ""Tariffs and Charges"" page (`/cwa/?page_id=794`) links only *connection-fee* regulations (`Domestic.pdf`, GN 51 of 2014 — one-off new-supply fees, not the recurring per-cubic-metre consumption tariff) plus a 2026 amendment (`GN-No-22-of-2026-...-Amendment-Regulations-2026.pdf`) that is image-only (`pdfplumber.extract_text()` returns empty on both pages). No machine-readable consumption-tariff schedule (COICOP 04.4.1) was found on the site within this pass's budget — a genuine sourcing gap, not built."
(AE),LAST_TRY_FAILED,choithrams.com,,nan,FNB_LIKELY,6,0,False,,SKIP / NO-PRICES-ONLINE,"No products on the site (corporate marketing portal) — do NOT confuse with Sierra Leone's Choithram(s) chain despite the identical brand name; this domain is Choithrams Group's UAE storefront (""Online Grocery Shopping & Delivery in UAE"", `og:locale: en_AE`), a locality violation for any non-UAE country. The genuine Sierra Leone branches sell through `247bigmarket.com/store/{freetown,kenema}/` instead (see the shipped `choithrams_sl` source)."
(AE),LAST_TRY_FAILED,unioncoop.ae,,nan,FNB_LIKELY,1,0,False,,SKIP / WAF/BOT-BLOCK,"Fastly synthetic 405 (edge-level ""Not allowed"" on every method/UA) — HTTP 405 ""Not allowed"" (`Error 54113`, `cache-iad-kjyo7100081-IAD`) on `/`, `/en`, `/index.php`, both with and without `www.`; reproduced on curl_cffi (chrome124/chrome120/chrome99/safari17_0, all 405) AND headless Playwright (405, same body)."
(AE),LAST_TRY_FAILED,www.unioncoop.ae,,nan,FNB_LIKELY,1,0,False,,SKIP / WAF/BOT-BLOCK,"Fastly synthetic 405 (edge-level ""Not allowed"" on every method/UA) — HTTP 405 ""Not allowed"" (`Error 54113`, `cache-iad-kjyo7100081-IAD`) on `/`, `/en`, `/index.php`, both with and without `www.`; reproduced on curl_cffi (chrome124/chrome120/chrome99/safari17_0, all 405) AND headless Playwright (405, same body)."
(AF),LAST_TRY_FAILED,agrixmarketplace.com,,nan,FNB_LIKELY,2,1,False,,SKIP / DEAD-SITE,"Unreachable / no online storefront exists (dead candidate, not a WAF) — HTTP 200 but the root path JS-redirects to `/lander`, a GoDaddy/wsimg domain-parking shell (`window.LANDER_SYSTEM=""PW""`, `parking-lander` static bundle). The marketplace itself no longer exists at this domain."
(AF),LAST_TRY_FAILED,haftsin.com,,nan,FNB_LIKELY,3,0,False,,SKIP / DEAD-SITE,"Unreachable / no online storefront exists (dead candidate, not a WAF) — HTTP 200 but a 114-byte JS-redirect-to-parking-lander page, same signature as agrixmarketplace.com. `haftsin.af`, `haftseen.af`, `haftsinsupermarket.com`, `haftseen.com` (timeout), `melatshop.af`, `melatshop.com` all fail DNS resolution outright. Haftsin does not appear to run its own direct-to-consumer web storefront — it appears to sell only through Melat Shop's Dara.af listing."
(AF),LAST_TRY_FAILED,sawda.af,,nan,FNB_LIKELY,5,1,False,,SKIP / DEAD-SITE,"Unreachable / no online storefront exists (dead candidate, not a WAF) — genuine `NXDOMAIN` against both `8.8.8.8` and `1.1.1.1` on apex and `www.`, despite being the top-billed WebSearch hit for ""Kabul Afghanistan online grocery delivery supermarket website"". Indexed but does not currently exist."
(AF),LAST_TRY_FAILED,www.sawda.af,,nan,FNB_LIKELY,5,1,False,,SKIP / DEAD-SITE,"Unreachable / no online storefront exists (dead candidate, not a WAF) — genuine `NXDOMAIN` against both `8.8.8.8` and `1.1.1.1` on apex and `www.`, despite being the top-billed WebSearch hit for ""Kabul Afghanistan online grocery delivery supermarket website"". Indexed but does not currently exist."
(AO),LAST_TRY_FAILED,mamboo.co.ao,,nan,FNB_LIKELY,2,0,False,,SKIP / NO-PRICES-ONLINE,"App-only / no scrapeable web catalogue — ; catalogue behind app"") — both the `site.` marketing subdomain (1,276 bytes) and the bare apex domain (939 bytes) are placeholder shells with no catalogue; `app.`/`loja.`/`shop.` subdomains do not resolve. Confirms the brief's own prediction."
(AO),LAST_TRY_FAILED,menamart-angola.com,,nan,FNB_LIKELY,4,3,False,,SKIP / NO-PRICES-ONLINE,"App-only / no scrapeable web catalogue — B2B wholesale Laravel site. Homepage server-renders ~1,323 product cards (name + pack size only, e.g. ""OLEO DE PALMA ALIMO, 12 x 1L"") but genuinely carries no price text anywhere in the public HTML: every ""ADICIONAR"" button links to `/login`, there is no reachable per-product detail URL outside the login flow (only `/sobre` besides ~1,288 `/login` links), and the ~30 apparent ""Kz"" substring hits are all coincidental matches inside random image-filename hashes (e.g. `...UBSoC53aYsKzsxRA...`), not currency text. Workbook's ""Kz prices"" claim does not hold on a fresh unauthenticated fetch."
(AO),LAST_TRY_FAILED,site.mamboo.co.ao,,nan,FNB_LIKELY,2,0,False,,SKIP / NO-PRICES-ONLINE,"App-only / no scrapeable web catalogue — ; catalogue behind app"") — both the `site.` marketing subdomain (1,276 bytes) and the bare apex domain (939 bytes) are placeholder shells with no catalogue; `app.`/`loja.`/`shop.` subdomains do not resolve. Confirms the brief's own prediction."
(AS),LAST_TRY_FAILED,doa.as.gov,,nan,FNB_LIKELY,2,0,False,,SKIP / DEAD-SITE,"Unreachable / no online storefront exists (dead candidate, not a WAF) — TLS handshake fails (`SSL: no alternative certificate subject name matches target hostname`); with `verify=False` the response is a generic ""CloudAccess.net Message"" hosting-suspended/parked placeholder, not the real site. Domain is derelict. No other digital price presence for the Fagatogo market was found."
(AS),LAST_TRY_FAILED,forsgren,,nan,FNB_LIKELY,1,0,False,,SKIP / DEAD-SITE,"Unreachable / no online storefront exists (dead candidate, not a WAF) — `forsgrens.com` resolves but is an unrelated web-marketing-links squat page (""Olov Forsgren... web marketing links""), not the retailer; no other candidate domain found."
(AS),LAST_TRY_FAILED,ghcreid.com,,nan,FNB_LIKELY,3,0,False,,PARTIAL / PARSE-FAILED,"Reachable, HTTP 200, but not extractable without more work (not a hard block — don't re-probe blind, but don't write off either) — real WooCommerce site, ~100 SKUs enumerable via `/wp-sitemap-posts-product-1.xml`, but every product's rendered price node is blanked (`<p class=""price""></p>`) by the `helios-solutions-woocommerce-hide-price-and-add-to-cart-button` plugin — a deliberate B2B ""log in for pricing"" gate. The `/2/products`-style `wp-json/wc/store/v1/products` Store API 500s (an unrelated PayPal-Express-Checkout plugin bug), and the only place a price still leaks is the page's own `schema.org` JSON-LD (`""priceSpecification"":[{""price"":""14.50"",...}]`), confirming this is a genuine wholesale gate, not a missed extraction. Recognize this plugin slug (or the empty `<p class=""price"">` + populated JSON-LD combo) as the tell for ""this WooCommerce store is B2B, not retail"" before investing in a spider."
(AS),LAST_TRY_FAILED,ks mart,,nan,FNB_LIKELY,4,2,False,,SKIP / DEAD-SITE,"Unreachable / no online storefront exists (dead candidate, not a WAF) — both are long-running, real physical stores (KS Mart 25+ yrs; TSM Mart a two-story grocery+variety building) but neither has a website of any kind, confirmed via direct domain guesses (`ksmartsamoa.com`, `ksmart.as` both `NXDOMAIN`) and WebSearch — Facebook is each chain's only online presence, with no price data posted there in structured form. Genuine ""does not exist,"" not a block."
(AS),LAST_TRY_FAILED,tsm mart,,nan,FNB_LIKELY,4,2,False,,SKIP / DEAD-SITE,"Unreachable / no online storefront exists (dead candidate, not a WAF) — both are long-running, real physical stores (KS Mart 25+ yrs; TSM Mart a two-story grocery+variety building) but neither has a website of any kind, confirmed via direct domain guesses (`ksmartsamoa.com`, `ksmart.as` both `NXDOMAIN`) and WebSearch — Facebook is each chain's only online presence, with no price data posted there in structured form. Genuine ""does not exist,"" not a block."
(AU),LAST_TRY_FAILED,kmart.com.au,,nan,FNB_LIKELY,1,0,False,,RETRY / RATE-LIMITED,"Akamai tenant rate-limit / bot manager — HTTP 403, `server: AkamaiGHost`."
(BB),LAST_TRY_FAILED,a1 supermarkets,,nan,FNB_LIKELY,2,1,False,,SKIP / DEAD-SITE,"Unreachable / no online storefront exists (dead candidate, not a WAF) — all three names in the wave-8 brief's ""if you need more"" list are branches of the already-onboarded **aonesupermarkets** chain (Carlton, Black Rock and Emerald City/Six Roads locations), not separate retailers. Confirmed via WebSearch. Do not build as new sources."
(BB),LAST_TRY_FAILED,carlton,,nan,FNB_LIKELY,2,1,False,,SKIP / DEAD-SITE,"Unreachable / no online storefront exists (dead candidate, not a WAF) — all three names in the wave-8 brief's ""if you need more"" list are branches of the already-onboarded **aonesupermarkets** chain (Carlton, Black Rock and Emerald City/Six Roads locations), not separate retailers. Confirmed via WebSearch. Do not build as new sources."
(BB),LAST_TRY_FAILED,caveshepherd.com,,nan,FNB_LIKELY,2,0,False,,SKIP / NO-PRICES-ONLINE,"No products on the site (corporate marketing portal) — the department-store retail business no longer operates from this domain. WordPress/Avada corporate holding-company site: nav is Company/Retail & Services/Financial Services/Investors/Contact only, `/retail/` page shows the group has pivoted to self-storage (Store All Inc.), souvenir shops (Ganzee, Caribbean Kidz, Spice It Up), a taxi app (pickUP Barbados), and financial-services subsidiaries (SigniaGlobe, Fortress Fund Managers, DGM). Zero e-commerce, zero prices anywhere on the domain, zero `/shop` or catalog path. Not a probe failure — the retail format itself has been discontinued."
(BB),LAST_TRY_FAILED,emerald city,,nan,FNB_LIKELY,2,1,False,,SKIP / DEAD-SITE,"Unreachable / no online storefront exists (dead candidate, not a WAF) — all three names in the wave-8 brief's ""if you need more"" list are branches of the already-onboarded **aonesupermarkets** chain (Carlton, Black Rock and Emerald City/Six Roads locations), not separate retailers. Confirmed via WebSearch. Do not build as new sources."
(BB),LAST_TRY_FAILED,online.imartstores.com,,nan,FNB_LIKELY,1,0,False,,PARTIAL / PARSE-FAILED,"API requires dynamic security key / JWT — `/rest-proxy/v2/*` requires a Bearer JWT. An anonymous JWT IS obtainable client-side via `GET /rest-proxy/v2/whoami?anonymous=1` (no login wall), but the subsequent flow gates the product/department listing behind an address/location-picker step (`user-picked-address`, `check-location-from-ip`) before any product endpoint fires — no department or product links render without it. Same platform and same shape as the already-blocked **shop.realvalueiga.com** (Grenada) LocalExpress entry above. Cracking one LocalExpress tenant's address-selection flow would likely unlock both."
(BB),LAST_TRY_FAILED,pricewhirl.com,,nan,FNB_LIKELY,1,0,False,,SKIP / DEAD-SITE,"Unreachable / no online storefront exists (dead candidate, not a WAF) — `curl_cffi impersonate=chrome124` times out after 30s (`curl: (28) Connection timed out`) on both `http://` and `https://`. No catalog exists to probe."
(BD),LAST_TRY_FAILED,priyoshop.com,,nan,FNB_LIKELY,2,1,False,,SKIP / NO-PRICES-ONLINE,"No products on the site (corporate marketing portal) — priyoshop.com is a B2B MSME-supplychain marketing portal (""B2B Marketplace in Bangladesh with embedded finance"", nopCommerce generator tag) that JS-redirects every visitor to priyoshopretail.com; that domain is in turn a WordPress corporate site (""MSMEs Supplychain Simplified"") — news/blog/feed paths only, no consumer cart, no per-product price. The actual retail-distribution business (corner-shop/HoReCa supply) operates through an app/WhatsApp channel, not a public web catalogue."
(BD),LAST_TRY_FAILED,priyoshopretail.com,,nan,FNB_LIKELY,2,1,False,,SKIP / NO-PRICES-ONLINE,"No products on the site (corporate marketing portal) — priyoshop.com is a B2B MSME-supplychain marketing portal (""B2B Marketplace in Bangladesh with embedded finance"", nopCommerce generator tag) that JS-redirects every visitor to priyoshopretail.com; that domain is in turn a WordPress corporate site (""MSMEs Supplychain Simplified"") — news/blog/feed paths only, no consumer cart, no per-product price. The actual retail-distribution business (corner-shop/HoReCa supply) operates through an app/WhatsApp channel, not a public web catalogue."
(BN),LAST_TRY_FAILED,deps-1d68840ecf-hehjcxeeeybfdabn.a03.azurefd.net,,nan,FNB_LIKELY,2,0,False,,SKIP / WAF/BOT-BLOCK,"RE-PROBE WORTH IT: recorded before 2026-08-17, when a bare-curl 403 was still read as a block. CDNs fingerprint the TLS handshake, not the User-Agent, so try curl_cffi impersonate before skipping. Azure Front Door WAF (`Service unavailable / The request is blocked`) — blocks both `/price-monitoring/` and `/wp-content/uploads/...` paths proxied through this Azure Front Door hostname. **Not a structural loss**: the same files are reachable directly on the un-proxied `deps.mofe.gov.bn` origin (see `deps_arp.py` / `deps_cpi.py` fetchers, which pull the XLSX via the WordPress origin + WP REST API media search instead of this CDN hostname)."
(BN),LAST_TRY_FAILED,gov.bn,,nan,FNB_LIKELY,2,0,False,,SKIP / NO-PRICES-ONLINE,"RE-PROBE WORTH IT: recorded before 2026-08-17, when a bare-curl 403 was still read as a block. CDNs fingerprint the TLS handshake, not the User-Agent, so try curl_cffi impersonate before skipping. App-only / no scrapeable web catalogue — government price-comparison app; the listing page is a bare SharePoint entry with a Google Play link (`bn.gov.egnc.jpke_smartconsumer`) and category ""Shopping"", no web catalogue, no linked API."
(BN),LAST_TRY_FAILED,rimba-garden.com,,nan,FNB_LIKELY,3,1,False,,SKIP / WAF/BOT-BLOCK,"RE-PROBE WORTH IT: recorded before 2026-08-17, when a bare-curl 403 was still read as a block. CDNs fingerprint the TLS handshake, not the User-Agent, so try curl_cffi impersonate before skipping. Cloudflare interactive challenge (`cf-mitigated: challenge`) — `cf-mitigated: challenge` + Turnstile CSP on both curl and Playwright (headless Chromium, 6s wait). Confirmed 2026-08-11 on `/shop/fresh-dried-food-commodities/pre-packed-food-beverages/`. COICOP 01 gap remains for Brunei."
(BN),LAST_TRY_FAILED,supasave.com.bn,,nan,FNB_LIKELY,2,0,False,,SKIP / WAF/BOT-BLOCK,"RE-PROBE WORTH IT: recorded before 2026-08-17, when a bare-curl 403 was still read as a block. CDNs fingerprint the TLS handshake, not the User-Agent, so try curl_cffi impersonate before skipping. sgcaptcha / SignalGate CAPTCHA (200 OK + 168-byte JS redirect stub) — both main domain and `seria.supasave.com.bn` subdomain return the sgcaptcha stub. Brunei's main supermarket chain; COICOP 01 gap remains."
(BZ),LAST_TRY_FAILED,mystore.bz,,nan,FNB_LIKELY,5,3,False,,SKIP / NO-PRICES-ONLINE,"App-only / no scrapeable web catalogue — the workbook's ACCEPT verdict was wrong (rule 20). Homepage and every discoverable sub-page (`/apps/web/pages/customer.html`, `/store.html`, `/delivery.html`) are pure app-marketing landing pages (""Belize's most trusted grocery and household delivery app... Shop from local stores... all from your phone"") with zero product names, zero prices, zero catalogue links anywhere on the public web surface — customer/store/driver pages are each just a role-targeted pitch for the mobile app. Nothing to scrape."
(CM),LAST_TRY_FAILED,www.jumia.cm,,nan,FNB_LIKELY,3,1,False,,RETRY / WAF/BOT-BLOCK,"Cloudflare interactive challenge (`cf-mitigated: challenge`) — `curl_cffi impersonate=chrome124` returns `cf-mitigated`-style `<title>Just a moment...</title>` (403) with a `challenges.cloudflare.com` Turnstile CSP; Playwright additionally fails at the TLS layer (`net::ERR_CERT_COMMON_NAME_INVALID`), and even `curl_cffi` needs `verify=False` to get past the cert mismatch. Consistent with reporting that Jumia suspended its main Cameroon marketplace in Nov 2019, keeping only a ""classifieds""-style portal running afterward — the domain now reads as a stale/squatted or minimally-maintained tenant behind a live Cloudflare zone, not an active grocery storefront. Do not re-probe as a grocery source; if Jumia's Cameroon classifieds portal is ever wanted it is a different (non-grocery) source shape."
(CM),LAST_TRY_FAILED,www.quickgo237.com,,nan,FNB_LIKELY,5,4,False,,RETRY / NO-PRICES-ONLINE,"Placeholder / seed demo-data catalog (real API, no real prices) — real Next.js app, no WAF at all (`curl_cffi` 200 straight off), but the entire ""national marketplace"" is 11 products total across all 6 listed boutiques (one each for most: ""iPhone 15 Pro"", ""T-Shirt Premium"", ""Vitamine C 1000mg"", 2 Ndole/Eru dishes and 2 grocery SKUs for the one ""Super U Express (Supermarche)"" vendor). Clicking through to that supermarket's own shop page 404s with ""Cette boutique n'existe pas ou n'est plus disponible"" (""this shop doesn't exist or is no longer available"") — a broken route a live production app would not ship. Reads as an early-stage/demo build seeded with placeholder inventory, not the multi-city live app the workbook claimed. Do not build; re-check in ~6 months."
(CN),LAST_TRY_FAILED,channel.jd.com,,nan,FNB_LIKELY,3,0,False,,SKIP / LOGIN-REQUIRED,"RE-PROBE WORTH IT: recorded before 2026-08-17, when a bare-curl 403 was still read as a block. CDNs fingerprint the TLS handshake, not the User-Agent, so try curl_cffi impersonate before skipping. JD proprietary bot detection — JDR_shields + login wall (200 OK + bot-challenge stub) — JDR_shields 2704-byte bot challenge on curl; login wall on Playwright. Confirmed blocked 2026-06-30. Probed food category (`channel.jd.com/food.html`) + product PDP + JD supermarket subdomain. COICOP 01/02/05/06/08/13 gap; no public food-retailer coverage available without auth."
(CN),LAST_TRY_FAILED,chaoshi.tmall.com,,nan,FNB_LIKELY,1,0,False,,SKIP / JS-REQUIRED,"RE-PROBE WORTH IT: recorded before 2026-08-17, when a bare-curl 403 was still read as a block. CDNs fingerprint the TLS handshake, not the User-Agent, so try curl_cffi impersonate before skipping. SPA shell — no productive endpoint (lazy-load never hydrates) — Alibaba ""ICE"" framework CSR shells (`<div id=""ice-container"">`, `""renderMode"":""CSR""`); zero product/price in raw HTML. Even JS-render risky (mtop signed APIs)."
(CN),LAST_TRY_FAILED,freshippo.com,,nan,FNB_LIKELY,4,1,False,,SKIP / NO-PRICES-ONLINE,"No products on the site (corporate marketing portal) — re-confirmed still dead on this round, no new lever found; see existing entries above. **www.rt-mart.com / www.rt-mart.com.cn** (CN mainland RT-Mart, 大润发) — both apex domains resolve to a bare 1.5KB Kubernetes-ingress-style stub (`server: official-web-web-deployment-...`), no content at all — likely decommissioned/migrated post-Alibaba integration. **www.aeonchina.com.cn**, **www.bbg.com.cn** (步步高), **www.yonghui.cn** (see above) — all render but are corporate/IR-only, zero catalog. **3songshu.com (三只松鼠)**, **pagoda.com.cn (百果园)** — corporate brand sites that only link OUT to third-party marketplace storefronts (JD/Tmall/Suning shop pages), no first-party catalog of their own. Domain-parking/dead-registrant false leads ruled out this round: **xinhuadu.com** (now a Spanish shoe-seller squat), **centurymart.com** (US promo-products company, unrelated to 世纪联华), **jjshop.com**/**qmw.com** (GoDaddy for-sale pages), **tiantianguoyuan.com** (repurposed baby-products site), **ole.com.cn** (domain-portfolio landing page), **sfbest.com / jiajiayue.cn / bcw.cn / xianfengguoyuan.com / circlek.com.cn / meiyijia.com** (NXDOMAIN/timeout, unreachable from this egress)."
(CN),LAST_TRY_FAILED,item.jd.com,,nan,FNB_LIKELY,3,0,False,,SKIP / LOGIN-REQUIRED,"RE-PROBE WORTH IT: recorded before 2026-08-17, when a bare-curl 403 was still read as a block. CDNs fingerprint the TLS handshake, not the User-Agent, so try curl_cffi impersonate before skipping. JD proprietary bot detection — JDR_shields + login wall (200 OK + bot-challenge stub) — JDR_shields 2704-byte bot challenge on curl; login wall on Playwright. Confirmed blocked 2026-06-30. Probed food category (`channel.jd.com/food.html`) + product PDP + JD supermarket subdomain. COICOP 01/02/05/06/08/13 gap; no public food-retailer coverage available without auth."
(CN),LAST_TRY_FAILED,jd.com,,nan,FNB_LIKELY,3,1,False,,SKIP / NO-PRICES-ONLINE,"No products on the site (corporate marketing portal) — re-confirmed still dead on this round, no new lever found; see existing entries above. **www.rt-mart.com / www.rt-mart.com.cn** (CN mainland RT-Mart, 大润发) — both apex domains resolve to a bare 1.5KB Kubernetes-ingress-style stub (`server: official-web-web-deployment-...`), no content at all — likely decommissioned/migrated post-Alibaba integration. **www.aeonchina.com.cn**, **www.bbg.com.cn** (步步高), **www.yonghui.cn** (see above) — all render but are corporate/IR-only, zero catalog. **3songshu.com (三只松鼠)**, **pagoda.com.cn (百果园)** — corporate brand sites that only link OUT to third-party marketplace storefronts (JD/Tmall/Suning shop pages), no first-party catalog of their own. Domain-parking/dead-registrant false leads ruled out this round: **xinhuadu.com** (now a Spanish shoe-seller squat), **centurymart.com** (US promo-products company, unrelated to 世纪联华), **jjshop.com**/**qmw.com** (GoDaddy for-sale pages), **tiantianguoyuan.com** (repurposed baby-products site), **ole.com.cn** (domain-portfolio landing page), **sfbest.com / jiajiayue.cn / bcw.cn / xianfengguoyuan.com / circlek.com.cn / meiyijia.com** (NXDOMAIN/timeout, unreachable from this egress)."
(CN),LAST_TRY_FAILED,jddj.com,,nan,FNB_LIKELY,3,1,False,,SKIP / NO-PRICES-ONLINE,"No products on the site (corporate marketing portal) — re-confirmed still dead on this round, no new lever found; see existing entries above. **www.rt-mart.com / www.rt-mart.com.cn** (CN mainland RT-Mart, 大润发) — both apex domains resolve to a bare 1.5KB Kubernetes-ingress-style stub (`server: official-web-web-deployment-...`), no content at all — likely decommissioned/migrated post-Alibaba integration. **www.aeonchina.com.cn**, **www.bbg.com.cn** (步步高), **www.yonghui.cn** (see above) — all render but are corporate/IR-only, zero catalog. **3songshu.com (三只松鼠)**, **pagoda.com.cn (百果园)** — corporate brand sites that only link OUT to third-party marketplace storefronts (JD/Tmall/Suning shop pages), no first-party catalog of their own. Domain-parking/dead-registrant false leads ruled out this round: **xinhuadu.com** (now a Spanish shoe-seller squat), **centurymart.com** (US promo-products company, unrelated to 世纪联华), **jjshop.com**/**qmw.com** (GoDaddy for-sale pages), **tiantianguoyuan.com** (repurposed baby-products site), **ole.com.cn** (domain-portfolio landing page), **sfbest.com / jiajiayue.cn / bcw.cn / xianfengguoyuan.com / circlek.com.cn / meiyijia.com** (NXDOMAIN/timeout, unreachable from this egress)."
(CN),LAST_TRY_FAILED,maicai.meituan.com,,nan,FNB_LIKELY,3,1,False,,SKIP / NO-PRICES-ONLINE,"No products on the site (corporate marketing portal) — re-confirmed still dead on this round, no new lever found; see existing entries above. **www.rt-mart.com / www.rt-mart.com.cn** (CN mainland RT-Mart, 大润发) — both apex domains resolve to a bare 1.5KB Kubernetes-ingress-style stub (`server: official-web-web-deployment-...`), no content at all — likely decommissioned/migrated post-Alibaba integration. **www.aeonchina.com.cn**, **www.bbg.com.cn** (步步高), **www.yonghui.cn** (see above) — all render but are corporate/IR-only, zero catalog. **3songshu.com (三只松鼠)**, **pagoda.com.cn (百果园)** — corporate brand sites that only link OUT to third-party marketplace storefronts (JD/Tmall/Suning shop pages), no first-party catalog of their own. Domain-parking/dead-registrant false leads ruled out this round: **xinhuadu.com** (now a Spanish shoe-seller squat), **centurymart.com** (US promo-products company, unrelated to 世纪联华), **jjshop.com**/**qmw.com** (GoDaddy for-sale pages), **tiantianguoyuan.com** (repurposed baby-products site), **ole.com.cn** (domain-portfolio landing page), **sfbest.com / jiajiayue.cn / bcw.cn / xianfengguoyuan.com / circlek.com.cn / meiyijia.com** (NXDOMAIN/timeout, unreachable from this egress)."
(CN),LAST_TRY_FAILED,pupumall.com,,nan,FNB_LIKELY,3,1,False,,SKIP / NO-PRICES-ONLINE,"No products on the site (corporate marketing portal) — re-confirmed still dead on this round, no new lever found; see existing entries above. **www.rt-mart.com / www.rt-mart.com.cn** (CN mainland RT-Mart, 大润发) — both apex domains resolve to a bare 1.5KB Kubernetes-ingress-style stub (`server: official-web-web-deployment-...`), no content at all — likely decommissioned/migrated post-Alibaba integration. **www.aeonchina.com.cn**, **www.bbg.com.cn** (步步高), **www.yonghui.cn** (see above) — all render but are corporate/IR-only, zero catalog. **3songshu.com (三只松鼠)**, **pagoda.com.cn (百果园)** — corporate brand sites that only link OUT to third-party marketplace storefronts (JD/Tmall/Suning shop pages), no first-party catalog of their own. Domain-parking/dead-registrant false leads ruled out this round: **xinhuadu.com** (now a Spanish shoe-seller squat), **centurymart.com** (US promo-products company, unrelated to 世纪联华), **jjshop.com**/**qmw.com** (GoDaddy for-sale pages), **tiantianguoyuan.com** (repurposed baby-products site), **ole.com.cn** (domain-portfolio landing page), **sfbest.com / jiajiayue.cn / bcw.cn / xianfengguoyuan.com / circlek.com.cn / meiyijia.com** (NXDOMAIN/timeout, unreachable from this egress)."
(CN),LAST_TRY_FAILED,suning.com,,nan,FNB_LIKELY,3,0,False,,RESOLVED / JS-REQUIRED,"SPA shell — no productive endpoint (lazy-load never hydrates) — RESOLVED → SCRAPABLE (not a blocker); the one CN lead that pans out, overturning ""China = 0"".** Two-step, no WAF (`Server: volc-dcdn`): (1) SSR HTML from `search.suning.com/{keyword}/` list pages + `product.suning.com/{vendorCode}/{productCode}.html` PDP yields **name + 18-digit padded `PartNumber`** (e.g. `000000012411692175`) + the **real `VendorCode`** (in the PDP page JSON, e.g. `0070088095` — the URL's `0000000000` is a placeholder); (2) price from the separate microservice `pas.suning.com/nspcsale_0_{PartNumber}_{PartNumber}_{vendorCode}_{cityTuple}___.html` → JSONP `pcData({...})`, price under `data.price.saleInfo[]` (`netPrice`/`refPrice`/`promotionPrice`). Carries F&B grocery (苏宁超市). **Only open item:** a valid city-code tuple (cityId/provinceId/districtId) — placeholder city returns `noPriceCausation: 城市不存在`. Endpoint/params/JSON shape all verified 2026-07-27. Onboard as a two-request spider once the city tuple is pinned."
(CN),LAST_TRY_FAILED,wumart.com,,nan,FNB_LIKELY,3,1,False,,SKIP / NO-PRICES-ONLINE,"No products on the site (corporate marketing portal) — both apex and www hang (`curl: (28) Connection timed out` / `(28) Resolving timed out`) from this egress; **www.wumart.net** resolves but is an unrelated parked GoDaddy Website-Builder page, not the retailer. No reachable storefront found this round."
(CN),LAST_TRY_FAILED,www.jd.com,,nan,FNB_LIKELY,3,0,False,,SKIP / LOGIN-REQUIRED,"RE-PROBE WORTH IT: recorded before 2026-08-17, when a bare-curl 403 was still read as a block. CDNs fingerprint the TLS handshake, not the User-Agent, so try curl_cffi impersonate before skipping. JD proprietary bot detection — JDR_shields + login wall (200 OK + bot-challenge stub) — JDR_shields 2704-byte bot challenge on curl; login wall on Playwright. Confirmed blocked 2026-06-30. Probed food category (`channel.jd.com/food.html`) + product PDP + JD supermarket subdomain. COICOP 01/02/05/06/08/13 gap; no public food-retailer coverage available without auth."
(CN),LAST_TRY_FAILED,www.samsclub.cn,,nan,FNB_LIKELY,3,1,False,,SKIP / NO-PRICES-ONLINE,"No products on the site (corporate marketing portal) — re-confirmed still dead on this round, no new lever found; see existing entries above. **www.rt-mart.com / www.rt-mart.com.cn** (CN mainland RT-Mart, 大润发) — both apex domains resolve to a bare 1.5KB Kubernetes-ingress-style stub (`server: official-web-web-deployment-...`), no content at all — likely decommissioned/migrated post-Alibaba integration. **www.aeonchina.com.cn**, **www.bbg.com.cn** (步步高), **www.yonghui.cn** (see above) — all render but are corporate/IR-only, zero catalog. **3songshu.com (三只松鼠)**, **pagoda.com.cn (百果园)** — corporate brand sites that only link OUT to third-party marketplace storefronts (JD/Tmall/Suning shop pages), no first-party catalog of their own. Domain-parking/dead-registrant false leads ruled out this round: **xinhuadu.com** (now a Spanish shoe-seller squat), **centurymart.com** (US promo-products company, unrelated to 世纪联华), **jjshop.com**/**qmw.com** (GoDaddy for-sale pages), **tiantianguoyuan.com** (repurposed baby-products site), **ole.com.cn** (domain-portfolio landing page), **sfbest.com / jiajiayue.cn / bcw.cn / xianfengguoyuan.com / circlek.com.cn / meiyijia.com** (NXDOMAIN/timeout, unreachable from this egress)."
(CN),LAST_TRY_FAILED,www.wumart.com.cn,,nan,FNB_LIKELY,3,1,False,,SKIP / NO-PRICES-ONLINE,"No products on the site (corporate marketing portal) — both apex and www hang (`curl: (28) Connection timed out` / `(28) Resolving timed out`) from this egress; **www.wumart.net** resolves but is an unrelated parked GoDaddy Website-Builder page, not the retailer. No reachable storefront found this round."
(CN),LAST_TRY_FAILED,www.yonghui.cn,,nan,FNB_LIKELY,2,0,False,,SKIP / NO-PRICES-ONLINE,"No products on the site (corporate marketing portal) — same verdict, same company: openresty-served corporate/IR template, nav is entirely news/investor-relations/careers paths (`/html/web/touzizheguanxi/...`, `/html/web/rencaizhongxin/...`). Zero shop/product links. Confirms Yonghui has no public web catalogue under any of its corporate domains."
(CN),LAST_TRY_FAILED,www.yonghui.com.cn,,nan,FNB_LIKELY,2,0,False,,SKIP / NO-PRICES-ONLINE,"RE-PROBE WORTH IT: recorded before 2026-08-17, when a bare-curl 403 was still read as a block. CDNs fingerprint the TLS handshake, not the User-Agent, so try curl_cffi impersonate before skipping. No products on the site (corporate marketing portal) — corporate news/IR site. Links are exclusively news article paths (`/html/web/latestnews/...`). Zero prices, zero product links in 49KB HTML. Yonghui's consumer-facing stores operate via app (永辉生活) not a public web catalogue. Probed 2026-06-30. COICOP 01 gap remains."
(CN),LAST_TRY_FAILED,yiguo.com,,nan,FNB_LIKELY,4,1,False,,SKIP / NO-PRICES-ONLINE,"RE-PROBE WORTH IT: recorded before 2026-08-17, when a bare-curl 403 was still read as a block. CDNs fingerprint the TLS handshake, not the User-Agent, so try curl_cffi impersonate before skipping. No products on the site (corporate marketing portal) — static archived placeholder (`<!-- saved from url=... -->`), banner JPEGs only, effectively defunct. **carrefour.com.cn** — Carrefour exited mainland China Aug 2025 (rebranded CACIOUS under Suning), no live domain. **Missfresh (每日优鲜)** — bankrupt 2023."
(CU),LAST_TRY_FAILED,cubamax.com,,nan,FNB_LIKELY,1,0,False,,RETRY / PARSE-FAILED,"API requires dynamic security key / JWT — `api.cubamax.xyz/store/products?page=1&take=24&cityId=<id>&categoryId=<id>` returns `422 Unauthorized access` on bare curl AND on `curl_cffi impersonate=chrome124` (not a TLS-fingerprint issue). Playwright network capture shows the real browser request carries `x-hmac-signature` / `x-hmac-nonce` / `x-hmac-timestamp` headers computed client-side per request — same shape as marketplace.com.mm's `x-security-key`. Front end itself is otherwise wide open (no location-gate WAF, `store/categories/public?cityId=` and `nomenclatures/*` endpoints are unauthenticated) and the catalog is large (4,095+1,972+1,656+1,217+2,116+... across categories, easily 10k+ products across a Havana-municipality selection) — worth revisiting only if the HMAC scheme is ever cracked or a static key surfaces."
(DZ),LAST_TRY_FAILED,numidis.dz,,nan,FNB_LIKELY,1,0,False,,SKIP / DEAD-SITE,"Unreachable / no online storefront exists (dead candidate, not a WAF) — `dig numidis.dz @8.8.8.8` resolves to `10.10.61.2`, a private RFC1918 address leaked into public DNS — the domain is genuinely unreachable from the public internet, not a WAF or a timeout artifact. `www.numidis.dz` itself also hard-times-out over HTTPS (30s+, no handshake). No alternate domain found (`ardis.dz` — a name half-remembered from the same operator family — SERVFAILs at the DNS layer; `hypermarche-uno.dz`, `uno-hypermarche.dz` both NXDOMAIN)."
(EG),LAST_TRY_FAILED,oscarstores.com,,nan,FNB_LIKELY,3,0,False,,PARTIAL / PARSE-FAILED,"Reachable, HTTP 200, but not extractable without more work (not a hard block — don't re-probe blind, but don't write off either) — genuinely a live, large online grocery store (confirmed real EGP prices via Playwright render, e.g. ""Chicken Shawerma 1kg — 264.95 EGP"" in a populated category, ~140 `/product-category/<id>` category ids on the homepage), but NOT server-rendered and NOT a plain REST/GraphQL API: the storefront is white-labeled by ""Zazome"" (footer credit ""ONLINE STORE POWERED BY ZAZOME"") and the page establishes a `signalr/hubs` connection — product data arrives via SignalR (WebSocket/long-polling), not a capturable XHR/fetch call, which is why a standard Playwright `xhr`/`fetch`-only network filter shows nothing even though `pg.inner_text(""body"")` shows real hydrated products after ~6s. Tier 2 (`scrapy_playwright`, DOM-read-after-render) is the right approach here, not an API sniff — SignalR is a wrong-tool trap for the usual ""Playwright to discover, plain HTTP to scrape"" pattern. Some category ids are genuinely empty (e.g. `5637173090` → ""Showing 0 results"") so don't judge the platform from one dead category. Not built this pass (Egypt was last-priority on this sweep's worklist); strong candidate for a dedicated Tier-2 pass."
(EG),LAST_TRY_FAILED,www.awladragab.com,,nan,FNB_LIKELY,2,1,False,,RETRY / NO-PRICES-ONLINE,"No products on the site (corporate marketing portal) — ASP.NET WebForms site; `/ar/Offers.aspx` is the closest thing to a shop link but renders only a seasonal marketing banner (""Back to School... campaign runs until 16 Sept 2026 or while stocks last"") with zero product cards or price text, despite page JS containing genuine cart-workflow strings (`ErrorAddtoCart`, ""order sent to nearest Awlad Ragab branch""). No other product/category/shop link found from the homepage. Likely gated behind a login-only ordering flow this pass did not chase — worth a second look with an account if Egypt coverage is revisited, but not actionable as an anonymous scrape today."
(ER),LAST_TRY_FAILED,asbeza.com,,nan,FNB_LIKELY,1,0,False,,SKIP / DEAD-SITE,"Unreachable / no online storefront exists (dead candidate, not a WAF) — direct-guessed domain resolves (200) but serves a domain-parking/consent-manager landing page (generic CMP boilerplate, no product markup, no mention of Ecwid) — the real Ecwid subdomain/custom domain was not found. Squatted-domain pattern, same family as hofladen-express.ch above."
(GA),LAST_TRY_FAILED,chapchapgabon.com,,nan,FNB_LIKELY,4,2,False,,SKIP / NO-PRICES-ONLINE,"App-only / no scrapeable web catalogue — resolves and loads (200), custom single-page marketing site for a multi-vertical delivery app (restaurants/épicerie/pharmacie/colis). Grepped the full HTML for `FCFA`/`produit`/`panier`/`catalogue` — no real product content; the only external links are one Google Fonts stylesheet and an App Store badge, all in-page nav is bare `#anchor` links. No web ordering surface exists at all."
(GA),LAST_TRY_FAILED,isaimarket.com,,nan,FNB_LIKELY,2,0,False,,SKIP / NO-PRICES-ONLINE,App-only / no scrapeable web catalogue — NXDOMAIN confirmed via `dns.google` and `cloudflare-dns.com` DoH querying the authoritative `.com` TLD servers directly (not a resolver-cache issue). Domain has lapsed.
(GA),LAST_TRY_FAILED,malumbi.com,,nan,FNB_LIKELY,2,0,False,,SKIP / NO-PRICES-ONLINE,"App-only / no scrapeable web catalogue — NXDOMAIN confirmed via `dns.google` and `cloudflare-dns.com` DoH querying the authoritative `.com` TLD servers directly. Search-engine cache still shows old page titles (`malumbi.com/17-epicerie`, `/15-conserves`) confirming it was real once, but the domain has lapsed as of 2026-09-01. Tried `.shop/.africa/.ga/.io/.store` TLD variants and a `shop.` subdomain — none resolve."
(GA),LAST_TRY_FAILED,sendmontchop.com,,nan,FNB_LIKELY,2,1,False,,SKIP / NO-PRICES-ONLINE,"App-only / no scrapeable web catalogue — both hosts redirect (114-byte stub) to `/lander`, which serves a GoDaddy/`wsimg.com` parking-lander shell (`window.LANDER_SYSTEM=""PW""`). Domain has lapsed to registrar parking; not a food-basket service anymore, just dead."
(GA),LAST_TRY_FAILED,systemelad.com,,nan,FNB_LIKELY,1,0,False,,SKIP / NO-PRICES-ONLINE,App-only / no scrapeable web catalogue — no A record on 8.8.8.8 at all; does not resolve.
(GA),LAST_TRY_FAILED,www.sendmontchop.com,,nan,FNB_LIKELY,2,1,False,,SKIP / NO-PRICES-ONLINE,"App-only / no scrapeable web catalogue — both hosts redirect (114-byte stub) to `/lander`, which serves a GoDaddy/`wsimg.com` parking-lander shell (`window.LANDER_SYSTEM=""PW""`). Domain has lapsed to registrar parking; not a food-basket service anymore, just dead."
(GQ),LAST_TRY_FAILED,martinezhermanos.com,,nan,FNB_LIKELY,3,0,False,,SKIP / DEAD-SITE,"Unreachable / no online storefront exists (dead candidate, not a WAF) — corporate/store-locator site only (191KB, curl 200), zero product listings, zero prices, no cart. Its full catalogue IS recoverable, however, via the multi-vendor marketplace `situcka.com` (shipped this pass as `situcka_gq`, `CATEGORY_ID=24`) — record this pairing so a future pass doesn't waste time re-probing `martinezhermanos.com` directly."
(GU),LAST_TRY_FAILED,paylessmarkets.com,,nan,FNB_LIKELY,4,1,False,,SKIP / NO-PRICES-ONLINE,"RE-PROBE WORTH IT: recorded before 2026-08-17, when a bare-curl 403 was still read as a block. CDNs fingerprint the TLS handshake, not the User-Agent, so try curl_cffi impersonate before skipping. No products on the site (corporate marketing portal) — Laravel/Vue corporate site (XSRF-TOKEN + laravel_session cookies). `/departments/grocery` is a department-info landing page + feedback form, zero product links, zero prices in rendered HTML (Playwright network trace showed only a reCAPTCHA call, no product API). Nav has `/specials` and `/promos` — both checked, `/promos` links only recipe-cookbook PDFs (not weekly price flyers), `/specials` has zero price mentions. No online catalog exists on this domain."
(GY),LAST_TRY_FAILED,shopmassystoresgy.com,,nan,FNB_LIKELY,2,0,False,,RETRY / WAF/BOT-BLOCK,"Cloudflare strict (curl + Playwright both 403) — `Just a moment...` Cloudflare Turnstile 403 on `curl_cffi` `chrome124`/`chrome120`/`safari17_0` AND on headless Playwright (`resp.status==403`, `<title>Just a moment...</title>`, `challenges.cloudflare.com` script in the CSP) — genuine block per the mandatory gate. Highest-credibility remaining Guyana grocery lead by chain size; worth a dedicated anti-bot pass (residential proxy / solver) if Guyana coverage is revisited."
(HK),LAST_TRY_FAILED,dch foods,,nan,FNB_LIKELY,4,0,False,,SKIP / NO-PRICES-ONLINE,"RE-PROBE WORTH IT: recorded before 2026-08-17, when a bare-curl 403 was still read as a block. CDNs fingerprint the TLS handshake, not the User-Agent, so try curl_cffi impersonate before skipping. No products on the site (corporate marketing portal) — eShop is **down/decommissioned**: `dchfood.com` → 302 corporate `dch.com.hk` (no shop); the real eShop host `foodmart.dchliving.com` is **NXDOMAIN**, `www.dchfoodmartdeluxe.com` has no A record. No live storefront to probe. If `foodmart.dchliving.com` returns, likely Shopline (Cloudflare-fronted) → try `/products.json` + JSON-LD."
(HK),LAST_TRY_FAILED,hktvmall.com,,nan,FNB_LIKELY,2,0,False,,SKIP / JS-REQUIRED,"RE-PROBE WORTH IT: recorded before 2026-08-17, when a bare-curl 403 was still read as a block. CDNs fingerprint the TLS handshake, not the User-Agent, so try curl_cffi impersonate before skipping. SPA shell — no productive endpoint (lazy-load never hydrates) — the old ""Akamai tarpit"" flag does NOT reproduce (2026-07-27): no `_abck`/`bm_sz`/`ak_bmsc` cookies, no Access-Denied challenge, only `NLBI` + `x-session-lang`; intermittent 0-byte/302 under rapid curls = rate-gating, not a hard WAF. BUT catalog is **SPA-only** — zero products/prices/JSON-LD in HTML (only nav taxonomy, e.g. `data-maincat=""AA11110000000""`), and all hybris/OCC endpoint guesses 404 (`/hktvwebservices/v2/hktv/products/search`, `/occ/v2/...`, etc.). Capture the product-grid XHR with a **headed Playwright/DevTools** trace, then replay. Playwright fallback viable."
(HK),LAST_TRY_FAILED,kaibo.com.hk,,nan,FNB_LIKELY,2,0,False,,SKIP / NO-PRICES-ONLINE,"RE-PROBE WORTH IT: recorded before 2026-08-17, when a bare-curl 403 was still read as a block. CDNs fingerprint the TLS handshake, not the User-Agent, so try curl_cffi impersonate before skipping. No products on the site (corporate marketing portal) — brochure-only 1.7KB page (company blurb + store-address nav), no `/shop` or product paths."
(HK),LAST_TRY_FAILED,watsonswine.com,,nan,FNB_LIKELY,1,0,False,,SKIP / RATE-LIMITED,"RE-PROBE WORTH IT: recorded before 2026-08-17, when a bare-curl 403 was still read as a block. CDNs fingerprint the TLS handshake, not the User-Agent, so try curl_cffi impersonate before skipping. Akamai tenant rate-limit / bot manager — HTTP 403, `AkamaiGHost` server header; same AS-Watson tenant."
(HK),LAST_TRY_FAILED,大昌食品,,nan,FNB_LIKELY,4,0,False,,SKIP / NO-PRICES-ONLINE,"RE-PROBE WORTH IT: recorded before 2026-08-17, when a bare-curl 403 was still read as a block. CDNs fingerprint the TLS handshake, not the User-Agent, so try curl_cffi impersonate before skipping. No products on the site (corporate marketing portal) — eShop is **down/decommissioned**: `dchfood.com` → 302 corporate `dch.com.hk` (no shop); the real eShop host `foodmart.dchliving.com` is **NXDOMAIN**, `www.dchfoodmartdeluxe.com` has no A record. No live storefront to probe. If `foodmart.dchliving.com` returns, likely Shopline (Cloudflare-fronted) → try `/products.json` + JSON-LD."
(ID),LAST_TRY_FAILED,astronauts.id,,nan,FNB_LIKELY,1,0,False,,SKIP / NO-PRICES-ONLINE,App-only / no scrapeable web catalogue — geo-fenced to ID residential IPs AND mostly app-driven.
(ID),LAST_TRY_FAILED,happyfresh.id,,nan,FNB_LIKELY,2,0,False,,SKIP / NO-PRICES-ONLINE,"App-only / no scrapeable web catalogue — landing page is ""Download the app"" only."
(ID),LAST_TRY_FAILED,kimiafarmaapotek.co.id,,nan,FNB_LIKELY,2,1,False,,SKIP / NO-PRICES-ONLINE,"Brochure-only WordPress / no online store — same shape: Elementor Pro + OceanWP, zero e-commerce hooks. For ID pharmacy coverage `k24klik` is already in the tree."
(ID),LAST_TRY_FAILED,sayurbox.com,,nan,FNB_LIKELY,1,0,False,,PARTIAL / PARSE-FAILED,API requires dynamic security key / JWT — `/graphql/v1` — requires `authorization: Bearer <JWT>` + 10+ custom `x-sbox-*` headers + per-session `deliveryConfigId` base64 blob in the GraphQL variables.
(ID),LAST_TRY_FAILED,www.klikindogrosir.com,,nan,FNB_LIKELY,1,0,False,,SKIP / WAF/BOT-BLOCK,"RE-PROBE WORTH IT: recorded before 2026-08-17, when a bare-curl 403 was still read as a block. CDNs fingerprint the TLS handshake, not the User-Agent, so try curl_cffi impersonate before skipping. Cloudflare strict (curl + Playwright both 403) — `<title>Attention Required! | Cloudflare</title>` 403 on the `www.` host for every path, including category listings (`/searchByList?div=N&...`) and `/product_details/<id>`. Confirmed on **both** `curl_cffi impersonate=chrome120` and headless Playwright (Playwright hits the challenge page directly, title match). The bare apex `klikindogrosir.com` (no `www`) does serve the homepage (200) but carries no catalog data of its own — not a usable bypass. Genuine wholesale-feed gap remains for Indonesia."
(ID),LAST_TRY_FAILED,www.superindo.co.id,,nan,FNB_LIKELY,2,0,False,,SKIP / NO-PRICES-ONLINE,"RE-PROBE WORTH IT: recorded before 2026-08-17, when a bare-curl 403 was still read as a block. CDNs fingerprint the TLS handshake, not the User-Agent, so try curl_cffi impersonate before skipping. No products on the site (corporate marketing portal) — marketing/promo portal; no online catalog and no individual product PDPs. Homepage has a rotating ""Super Hemat"" carousel with ~10 weekly promotional items (SSR HTML text, product name + price, but ZERO href links on the items). All product paths (/produk, /product, /kategori, /category) redirect to homepage. `/promosi/katalog-super-hemat/` serves the weekly catalog as JPEG flyer images (HEMAT_E_26_(N)_DKI.jpg, FLYER_E_26_DKI.jpg). No subdomains (shop.superindo.co.id etc. all ECONNREFUSED). No wp-json, no sitemap, no JSON API. Probed 2026-06-30. DEMOTE: promo-flyer-image-only + no per-product catalog."
(IN),LAST_TRY_FAILED,countrydelight.in,,nan,FNB_LIKELY,2,1,False,,PARTIAL / PARSE-FAILED,"Reachable, HTTP 200, but not extractable without more work (not a hard block — don't re-probe blind, but don't write off either) — 200 on curl_cffi, no WAF, but an Angular Universal SPA with an empty `<title>`. The site's own API host (`websiteapi.countrydelight.in`) returns 403/404 on unauthenticated probes of guessed paths (`/api/v1/products`, `/products`, `/`) — no pincode/session cookie was established. Not confirmed blocked, just needs a proper pincode-selection flow reverse-engineered (likely via a Playwright network capture after simulating the city-picker) before a real API sniff can happen. Worth a real pass, not attempted further this round."
(IN),LAST_TRY_FAILED,milkbasket.com,,nan,FNB_LIKELY,2,0,False,,SKIP / WAF/BOT-BLOCK,"Cloudflare strict (curl + Playwright both 403) — same signature: 403 on all three curl_cffi profiles AND on Playwright (175-byte body). Also app-only in spirit (""subscribe now"" copy on the little that renders)."
(IN),LAST_TRY_FAILED,truemeds.in,,nan,FNB_LIKELY,1,0,False,,SKIP / JS-REQUIRED,"RE-PROBE WORTH IT: recorded before 2026-08-17, when a bare-curl 403 was still read as a block. CDNs fingerprint the TLS handshake, not the User-Agent, so try curl_cffi impersonate before skipping. Hashed-CSS-class SPAs (content-hashed class names) — re-tested 2026-05-18: listing returned 0 `a[href^=""/otc/""]` anchors; SPA does not hydrate cards in headless Chromium at all (likely bot fingerprinting on top of hashed classes). Stay deferred; needs real-browser stealth + residential IN IP."
(JO),LAST_TRY_FAILED,alloshmart.com,,nan,FNB_LIKELY,6,0,False,,SKIP / NO-PRICES-ONLINE,"Placeholder / seed demo-data catalog (real API, no real prices) — Vite/React/Supabase app (project `jsrqjmovbuhuhbmxyqsh.supabase.co`, anon key recovered from the shipped JS bundle). NOT RLS-blocked — the `categories` table is fully readable and shows 22 real department categories (جزارة/Butchery, فواكة/Fruit, خضار/Vegetables, البان/Dairy, etc.), but every single category's own `description` field reads ""0 منتج"" (0 products), and `GET /rest/v1/products?select=id&limit=1` with `Prefer: count=exact` returns `Content-Range: */0` — the products table exists and is queryable but is genuinely, verifiably empty. Pre-launch storefront with a fully built category taxonomy and zero inventory."
(JO),LAST_TRY_FAILED,alshaebclick.com,,nan,FNB_LIKELY,1,0,False,,SKIP / NO-PRICES-ONLINE,"App-only / no scrapeable web catalogue — 280KB homepage is entirely App Store/Google Play links (base64-embedded screenshots inflate the size); zero internal `href` paths of any kind (`/shop`, `/store`, etc.), zero occurrences of the word ""price"" anywhere on the page. App-only."
(JO),LAST_TRY_FAILED,ejomarket.com,,nan,FNB_LIKELY,4,1,False,,SKIP / NO-PRICES-ONLINE,"Placeholder / seed demo-data catalog (real API, no real prices) — legacy Yii-framework PHP site (`site/category/<id>`, `site/brand/<id>` controller-style routes). The site's `/site/categories` index lists exactly one category, ""Food & Beverages"" (id=1) — but `/site/category/1` renders zero product cards (confirmed both via curl_cffi AND a full Playwright render with `networkidle` wait) and every visible price on the page is the template's `0.00 JOD` placeholder value; a sampled `/site/brand/101` page is similarly empty. Reads as an abandoned/never-launched install, not a live catalog."
(JO),LAST_TRY_FAILED,sahel25.com,,nan,FNB_LIKELY,2,0,False,,RETRY / JS-REQUIRED,"SPA shell — no productive endpoint (lazy-load never hydrates) — GENUINELY RICH catalog (1,835 products across a real sitemap, JOD 3-decimal pricing, schema.org Product JSON-LD per page) sitting behind a delivery-AREA GATE, not a hydration problem: a fresh Playwright/browser context whose FIRST navigation is straight to a `/product/<uuid>` or `/category/<uuid>` URL gets redirected to `/select-location?next=...` (same family as the UAE Kibsons/Talabat ""resolve a delivery area first"" pattern). Confirmed the gate is inconsistent/non-deterministic across contexts: a completely standalone `playwright.chromium.launch()` one-off script, and even that SAME script preceded by a homepage visit in the same context, sometimes passed straight through with no redirect at all and no cookie/localStorage set (verified: `context.cookies()` and `localStorage` both empty even on a passing run) — but a `scrapy-playwright` crawl (persistent context, homepage visited first via an explicit bootstrap request) redirected on 100% of ~20 consecutive product-page navigations. Whatever determines pass/fail is not carried in any inspectable browser state; a session-affinity/geo/IP-based heuristic on the server side is the leading hypothesis, not proven. **Do not re-attempt wi"
(JO),LAST_TRY_FAILED,www.alloshmart.com,,nan,FNB_LIKELY,6,0,False,,SKIP / NO-PRICES-ONLINE,"Placeholder / seed demo-data catalog (real API, no real prices) — Vite/React/Supabase app (project `jsrqjmovbuhuhbmxyqsh.supabase.co`, anon key recovered from the shipped JS bundle). NOT RLS-blocked — the `categories` table is fully readable and shows 22 real department categories (جزارة/Butchery, فواكة/Fruit, خضار/Vegetables, البان/Dairy, etc.), but every single category's own `description` field reads ""0 منتج"" (0 products), and `GET /rest/v1/products?select=id&limit=1` with `Prefer: count=exact` returns `Content-Range: */0` — the products table exists and is queryable but is genuinely, verifiably empty. Pre-launch storefront with a fully built category taxonomy and zero inventory."
(JO),LAST_TRY_FAILED,www.hypermax.com.jo,,nan,FNB_LIKELY,2,0,False,,SKIP / RATE-LIMITED,"Akamai tenant rate-limit / bot manager — same URL shape as the other MAF storefronts (`/mafjor/en/`, matching `carrefourqatar.com/mafqat/en`) and the identical Akamai signature: HTTP 403 `Access Denied` / `errors.edgesuite.net` reference-id format `18.9dce4917.<epoch>.<hex>` on all three curl_cffi profiles (chrome124/chrome120/safari17_0) AND on headless Playwright (same signature, same reference-id prefix). Confirms the MAF Gulf/Akamai backend survived the Carrefour→HyperMax rebrand unchanged. The old `carrefourjordan.com` domain itself is now a parked IP-Twins domain-broker page, not a redirect to the new brand."
(KH),LAST_TRY_FAILED,chipmongretail.com,,nan,FNB_LIKELY,4,0,False,,SKIP / NO-PRICES-ONLINE,"App-only / no scrapeable web catalogue — apex and `www` both return a generic nginx 403 with an MSIE/Chrome-friendly-error-page padding comment stub, reproduced identically on plain curl and `curl_cffi impersonate=chrome124` (with and without TLS verification) — looks like a blanket datacenter-IP block rather than a WAF challenge page. `portal.chipmongretail.com` (incl. `/qrdownloads`) is a bare Vite/JS SPA shell whose only visible route is a QR code driving users to the iOS/Android ""Chip Mong Retail"" app — confirms the retailer's online ordering is app-only. Existing physical/foodpanda-listed branches (271 Mega Mall, Camko) are third-party marketplace listings, not a first-party catalogue."
(KH),LAST_TRY_FAILED,foodpanda.com.kh,,nan,FNB_LIKELY,1,0,False,,SKIP / WAF/BOT-BLOCK,"RE-PROBE WORTH IT: recorded before 2026-08-17, when a bare-curl 403 was still read as a block. CDNs fingerprint the TLS handshake, not the User-Agent, so try curl_cffi impersonate before skipping. Cloudflare strict (curl + Playwright both 403) — HTTP 403 on curl; same PerimeterX + Cloudflare stack as foodpanda.la."
(KH),LAST_TRY_FAILED,luckysupermarket.com.kh,,nan,FNB_LIKELY,5,0,False,,SKIP / NO-PRICES-ONLINE,"App-only / no scrapeable web catalogue — domain does not resolve (`curl: (6) Could not resolve host`) on both apex and `www`. Chain's only online presence is via foodpanda/GrabMart per-branch storefronts (marketplace, not first-party)."
(KH),LAST_TRY_FAILED,thai huot market,,nan,FNB_LIKELY,4,0,False,,SKIP / NO-PRICES-ONLINE,"App-only / no scrapeable web catalogue — established Phnom Penh/Siem Reap import grocery chain with a working corporate site (`thaihuot.com/Market`), but no online ordering, cart, or per-product price found anywhere on the domain — physical-store-locator content only."
(KH),LAST_TRY_FAILED,www.chipmongretail.com,,nan,FNB_LIKELY,4,0,False,,SKIP / NO-PRICES-ONLINE,"App-only / no scrapeable web catalogue — apex and `www` both return a generic nginx 403 with an MSIE/Chrome-friendly-error-page padding comment stub, reproduced identically on plain curl and `curl_cffi impersonate=chrome124` (with and without TLS verification) — looks like a blanket datacenter-IP block rather than a WAF challenge page. `portal.chipmongretail.com` (incl. `/qrdownloads`) is a bare Vite/JS SPA shell whose only visible route is a QR code driving users to the iOS/Android ""Chip Mong Retail"" app — confirms the retailer's online ordering is app-only. Existing physical/foodpanda-listed branches (271 Mega Mall, Camko) are third-party marketplace listings, not a first-party catalogue."
(KH),LAST_TRY_FAILED,www.luckysupermarket.com.kh,,nan,FNB_LIKELY,5,0,False,,SKIP / NO-PRICES-ONLINE,"App-only / no scrapeable web catalogue — domain does not resolve (`curl: (6) Could not resolve host`) on both apex and `www`. Chain's only online presence is via foodpanda/GrabMart per-branch storefronts (marketplace, not first-party)."
(LA),LAST_TRY_FAILED,foodpanda.la,,nan,FNB_LIKELY,1,0,False,,SKIP / WAF/BOT-BLOCK,"PerimeterX (per-session token, collector beacons only) — `collector-pxljub4etb.cl6.px-cloud.net` collector visible; no business endpoint responses load."
(LA),LAST_TRY_FAILED,laosis.lsb.gov.la,,nan,FNB_LIKELY,2,0,False,,SKIP / DEAD-SITE,"RE-PROBE WORTH IT: recorded before 2026-08-17, when a bare-curl 403 was still read as a block. CDNs fingerprint the TLS handshake, not the User-Agent, so try curl_cffi impersonate before skipping. NSO portal SSL certificate failures — SSL cert invalid 2026-06-10 (`unable to verify the first certificate`). Contains CPI and market-price indicators for Lao PDR. Use `requests` with `verify=False` as workaround; no known API subdomain. Not a WAF; cert maintenance issue only."
(LA),LAST_TRY_FAILED,unitel.com.la,,nan,FNB_LIKELY,1,0,False,,SKIP / JS-REQUIRED,"RE-PROBE WORTH IT: recorded before 2026-08-17, when a bare-curl 403 was still read as a block. CDNs fingerprint the TLS handshake, not the User-Agent, so try curl_cffi impersonate before skipping. SPA shell — no productive endpoint (lazy-load never hydrates) — Angular SPA; package names/prices not in SSR HTML (`{{ t('text') }}` visible). No API endpoint found. SKIP; use laotel.com FTTH as telco alternative."
(LA),LAST_TRY_FAILED,www.mpointmart.com,,nan,FNB_LIKELY,2,0,False,,RETRY / GEO-BLOCKED,"CDN connection-reset / TCP timeout from non-target IP (country geo-fence) — TCP timeout (0 bytes, 000 exit code) from non-Lao IP on root and /shop/. Likely CDN geo-fence. COICOP 01/05/13 gap. Re-probe with Lao residential proxy. Probed 2026-06-15. **Re-confirmed 2026-09-01**: `curl_cffi impersonate=chrome124` still times out after 20s on `www.mpointmart.com` (DNS resolves to 27.254.174.26, plain HTTP also 000/timeout); `mpointmart.com` bare apex does not resolve at all. Still the only unscraped food candidate on file for Lao PDR — worth a Lao residential-proxy retry in a future wave, not worth another cold re-probe from this egress."
(LB),LAST_TRY_FAILED,faddoulsupermarket.com,,nan,FNB_LIKELY,4,0,False,,SKIP / OTHER,"Compromised / malware-injected site (do not scrape, security risk) — WordPress site; every response (including a 404 REST-API probe) is preceded by an injected `<script src=""https://foreignabnormality.com/3b/af/b3/3bafb3d65b8689c30e8bb8ed937cb63a.js"">` tag — a domain name and hex-path pattern with no legitimate relationship to a Lebanese grocery site, the classic malware-injection signature. `wp-json/wc/store/v1/products` also 404s (no WooCommerce Store API exposed) even setting the security concern aside. Do not scrape."
(LK),LAST_TRY_FAILED,elephanthouse.lk,,nan,FNB_LIKELY,3,0,False,,SKIP / NO-PRICES-ONLINE,"No products on the site (corporate marketing portal) — brand/corporate site only, no cart, no per-product price, no `/shop` path. Products sold through third-party supermarkets, not a first-party online store."
(LK),LAST_TRY_FAILED,grocerylanka.com,,nan,FNB_LIKELY,6,0,False,,SKIP / NO-PRICES-ONLINE,"No products on the site (corporate marketing portal) — despite the name, this is a diaspora e-commerce site (Shopify, `Shopify.currency active=USD`) selling Sri Lankan cultural/religious/kitchenware items (Buddhist flags, monk robes, clay roti pans, brass oil lamps) to overseas buyers — not F&B (division 01/02 share ~0% in a 100-item sample) and not local-currency retail even where food-adjacent items exist."
(LK),LAST_TRY_FAILED,pickme.lk,,nan,FNB_LIKELY,4,0,False,,SKIP / NO-PRICES-ONLINE,"App-only / no scrapeable web catalogue — website is informational only, no browsable product catalog with prices; grocery/market vertical (if any) is app-only."
(LK),LAST_TRY_FAILED,shop.dilmahtea.com,,nan,FNB_LIKELY,4,0,False,,SKIP / NO-PRICES-ONLINE,"No products on the site (corporate marketing portal) — real, live, enumerable Shopify catalog (`/products.json` paginates cleanly), but `Shopify.currency active=USD` — this is Dilmah's international export storefront for the tea-lover diaspora/tourist market, not a Sri Lankan domestic retailer; prices do not reflect the local LKR retail market. Same reject pattern as the Sudan/Sierra Leone diaspora-grocer entries below."
(LK),LAST_TRY_FAILED,www.arpico.com,,nan,FNB_LIKELY,3,1,False,,SKIP / NO-PRICES-ONLINE,"No products on the site (corporate marketing portal) — corporate holding-company site; the only link for the supermarket division is out to a Facebook page (`facebook.com/arpicosupercentre`), no first-party e-commerce on this domain."
(LR),LAST_TRY_FAILED,harbelsupermarket.com,,nan,FNB_LIKELY,4,0,False,,SKIP / DEAD-SITE,"Unreachable / no online storefront exists (dead candidate, not a WAF) — live WordPress site (200, 85KB) mentioning ""product""/""price""/""cart"" in page copy, but no WooCommerce Store API (`/wp-json/wc/store/v1/products` -> 404), no `/shop/` page (404), and its `/product-range/` page (the closest thing to a catalogue) has zero currency mentions and zero ""add to cart"" occurrences across 144KB — confirmed brochure-only, same pattern as Martínez Hermanos' own site in Equatorial Guinea (see `situcka_gq` inventory entry — the physical chain's real catalogue was NOT recoverable elsewhere for Liberia the way it was for EG)."
(LR),LAST_TRY_FAILED,liberiafooddelivery.com,,nan,FNB_LIKELY,2,0,False,,RETRY / WAF/BOT-BLOCK,"Cloudflare strict (curl + Playwright both 403) — serves ""Checking your browser before accessing. Just a moment..."" (HTTP 403, 6.2KB stub) on `curl_cffi chrome124`. Not escalated to Playwright: Liberia already shipped two working sources this pass (`libdelivery_lr`, `banjoo_lr`), so the marginal value was nil. Re-probe with Playwright before recording a final verdict."
(LS),LAST_TRY_FAILED,www.shoprite.co.ls,,nan,FNB_LIKELY,4,1,False,,SKIP / NO-PRICES-ONLINE,"No products on the site (corporate marketing portal) — same `shopriteafrica` AEM corporate portal as shoprite.co.mz (identical clientlibs, identical `/content/shopriteafrica/ls/en/...` path shape). `curl_cffi impersonate=chrome124` clears the WAF fine (200, no block) but the site is corporate-only: nav is `explore-shoprite.html` (category *description* pages, no prices), `specials.html` (promo blurb pointing at a PDF privacy/cookie policy, no catalog PDF, no per-product prices), `store-locator.html`. No `/shop`, `/products`, `/catalogo` path exists. Not a redirect to the SA parent (resolves natively, `/ls/en/` path is genuine) but there is no e-commerce catalogue to scrape regardless — same failure mode as the MZ sibling, not a locality problem."
(LY),LAST_TRY_FAILED,arkan.top.ly,,nan,FNB_LIKELY,1,0,False,,SKIP / NO-PRICES-ONLINE,"App-only / no scrapeable web catalogue — NXDOMAIN confirmed against both `8.8.8.8` and `1.1.1.1` explicitly (rule 15 DNS-lie check) — genuinely dead, not a sandbox resolver issue."
(LY),LAST_TRY_FAILED,dokkan.ly,,nan,FNB_LIKELY,1,0,False,,SKIP / NO-PRICES-ONLINE,"App-only / no scrapeable web catalogue — neither domain resolves (`curl: (6) Could not resolve host`); the product is exclusively the ""دكان ليبيا"" App Store app, no web presence at all."
(LY),LAST_TRY_FAILED,drubi.ly,,nan,FNB_LIKELY,2,0,False,,RETRY / NO-PRICES-ONLINE,"API confirms demo/seed data, not a live storefront (Sixam Mart / 6amMart-family Laravel backends) — re-checked for an API surface behind the already-known landing page: `/api/v1/config` and `/index.php/api/v1/config` both 404 (plain Apache 404, not even a Laravel error page) — no backend reachable on this domain at all, apex or `/index.php` prefix. `api.drubi.ly` does not resolve."
(LY),LAST_TRY_FAILED,geant.ly,,nan,FNB_LIKELY,4,1,False,,SKIP / NO-PRICES-ONLINE,"No products on the site (corporate marketing portal) — React/Vite single-page brand-presence site: nav is Home/About/Magazine/Contact only, no shop/product/price route or keyword anywhere in the rendered HTML, social links only (Facebook/Instagram/TikTok). Physical hypermarket presence presumably exists but has no online ordering or catalog."
(LY),LAST_TRY_FAILED,gecol.ly,,nan,FNB_LIKELY,2,0,False,,RETRY / DEAD-SITE,"Unreachable / no online storefront exists (dead candidate, not a WAF) — DNS resolves cleanly (`154.73.133.229` against both `8.8.8.8` and `1.1.1.1`), but `curl_cffi impersonate=chrome124` times out after 30s with no TLS handshake completing. Government server appears derelict/unreachable from this network path, not WAF-walled — consistent with other Libyan government infrastructure. Used `ly_bsc_cpi` (Bureau of Statistics CPI) instead for the non-food `cpi_benchmark` slot. Worth a re-check in a future wave."
(LY),LAST_TRY_FAILED,jetak.me,,nan,FNB_LIKELY,5,1,False,,SKIP / NO-PRICES-ONLINE,"API confirms demo/seed data, not a live storefront (Sixam Mart / 6amMart-family Laravel backends) — went one level deeper this pass: the public `GET /api/v1/config` endpoint is genuinely live (no auth) and confirms a real ""grocery"" module (`module_id=1`, Arabic name ""غذائية"", `stores_count: 1`). But the module's `slug` is literally `""demo-module""`, and the one store behind it (`GET /api/v1/stores/latest`) is `""name"":""الحور مول""` with `""phone"":""+101511111111""` (not a real Libyan number), `""email"":""demo.store@gmail.com""`, and `""address"":""House, road""` — an unreplaced installer seed store, not a live grocer. Confirms the wave-10 marketing-page verdict with API-level proof; do not re-attempt the item-listing endpoints on this tenant."
(LY),LAST_TRY_FAILED,libyanstores.com,,nan,FNB_LIKELY,2,1,False,,SKIP / NO-PRICES-ONLINE,"No products on the site (corporate marketing portal) — Joomla 4 corporate distributor site (""A gate to the Libyan Markets""; imports/distributes EU-manufactured brands into Libya). B2B brand-building content only — `/products` and `/products/` both 404, no cart, no price text anywhere."
(LY),LAST_TRY_FAILED,lpcffi.com,,nan,FNB_LIKELY,3,0,False,,SKIP / NO-PRICES-ONLINE,"No products on the site (corporate marketing portal) — corporate site for a B2B food-import company; no shop/cart/price markup (`price`, `shop`, `السلة`, `أضف إلى`, `د.ل` all absent from the HTML). Not a retail price source."
(LY),LAST_TRY_FAILED,nesraf.com,,nan,FNB_LIKELY,5,4,False,,SKIP / WAF/BOT-BLOCK,"Cloudflare ""One moment please"" interstitial (JS challenge, intermittent) — `curl_cffi` 403s on all three profiles (chrome124/chrome120/safari17_0), but a plain headless-Chromium `page.goto()` clears it to a real WooCommerce/Martfury-theme storefront. The block is intermittent/inconsistent even under Playwright: a second request (to `/product-sitemap.xml`) hit the same ""Checking your browser"" stub. Separately from the WAF, the site's real category taxonomy (18 top-level categories including a dedicated `grocery`, `pastries-and-confections`, `restaurants-and-cafes`) is **entirely empty** — every category and the `/shop` listing itself return ""No products were found matching your selection."" The only live products found (via homepage links) are ~15 books/legal-history titles sold by a single ""publisher"" store, not a functioning grocery-adjacent marketplace. Do not build: even if the CF issue were fully cracked, there is no food catalog behind it."
(LY),LAST_TRY_FAILED,tripolimarket.com,,nan,FNB_LIKELY,1,0,False,,SKIP / WAF/BOT-BLOCK,"Cloudflare strict (curl + Playwright both 403) — `<title>Attention Required! | Cloudflare</title>` 403 on all three curl_cffi profiles (chrome124/chrome120/safari17_0) AND on headless Playwright (403, same Cloudflare title) — genuine block per the mandatory gate, not a TLS-fingerprint false positive. No known platform fingerprint recovered (challenge page served before any storefront markup)."
(LY),LAST_TRY_FAILED,watti.ly,,nan,FNB_LIKELY,6,1,False,,SKIP / NO-PRICES-ONLINE,"App-only / no scrapeable web catalogue — the public site is a marketing landing page only (Bootstrap/jQuery template, hero copy ""Everything You Need Delivered Fast. **Coming Soon.** Download the app and experience hassle-free grocery & food shopping.""). No product/menu/vendor browsing exists on the web; the consumer app has not launched. `panel.watti.ly` (vendor/admin portal) redirects in an infinite loop. Not ""live"" as scouted — pre-launch."
(LY),LAST_TRY_FAILED,wdelivery,,nan,FNB_LIKELY,2,0,False,,SKIP / NO-PRICES-ONLINE,App-only / no scrapeable web catalogue — no `wdelivery.ly` / `www.wdelivery.ly` / `wdelivery.com.ly` domain resolves; App Store app only (`apps.apple.com/.../wdelivery-libya-shop-order`).
(LY),LAST_TRY_FAILED,www.dokkan.ly,,nan,FNB_LIKELY,1,0,False,,SKIP / NO-PRICES-ONLINE,"App-only / no scrapeable web catalogue — neither domain resolves (`curl: (6) Could not resolve host`); the product is exclusively the ""دكان ليبيا"" App Store app, no web presence at all."
(LY),LAST_TRY_FAILED,www.gecol.ly,,nan,FNB_LIKELY,2,0,False,,RETRY / DEAD-SITE,"Unreachable / no online storefront exists (dead candidate, not a WAF) — DNS resolves cleanly (`154.73.133.229` against both `8.8.8.8` and `1.1.1.1`), but `curl_cffi impersonate=chrome124` times out after 30s with no TLS handshake completing. Government server appears derelict/unreachable from this network path, not WAF-walled — consistent with other Libyan government infrastructure. Used `ly_bsc_cpi` (Bureau of Statistics CPI) instead for the non-food `cpi_benchmark` slot. Worth a re-check in a future wave."
(MA),LAST_TRY_FAILED,bim.ma,,nan,FNB_LIKELY,1,0,False,,SKIP / NO-PRICES-ONLINE,"Brochure-only WordPress / no online store — 200 OK, but the whole site is the Turkish BIM group's KuramPortal corporate CMS: philosophy, store-locator, quality-assurance, careers, contact, and a static ""product presentation"" page with zero prices or product names in the rendered HTML. No `/shop`, no catalog of any kind — matches BIM's global no-e-commerce posture."
(MA),LAST_TRY_FAILED,carrefour.ma,,nan,FNB_LIKELY,1,0,False,,PARTIAL / PARSE-FAILED,API requires dynamic security key / JWT — does NOT resolve (`curl: (6) Could not resolve host`). Carrefour Morocco (Label'Vie group) is not at this domain; the working `carrefour_dz`/`carrefour_tn` Magento pattern does not transfer without finding the real storefront URL. Not searched further (WebSearch budget).
(MA),LAST_TRY_FAILED,jumia.ma,,nan,FNB_LIKELY,1,0,False,,SKIP / WAF/BOT-BLOCK,Cloudflare strict (curl + Playwright both 403) — same signature as kitea.ma above: 403 on all three curl_cffi TLS profiles and on headless Playwright (`Just a moment...`). No `jumia_*` spider exists yet anywhere in this repo to check for a shared-tenant bypass.
(MA),LAST_TRY_FAILED,kitea.ma,,nan,FNB_LIKELY,1,0,False,,SKIP / WAF/BOT-BLOCK,"Cloudflare strict (curl + Playwright both 403) — HTTP 403, `Just a moment...` interstitial. Confirmed on `curl_cffi` `chrome124` AND `chrome120` AND `safari17_0` (all 403), and on headless Playwright (403, title `Just a moment...`). Full network trace per the mandatory gate; no bypass attempted further."
(MA),LAST_TRY_FAILED,marjane.ma,,nan,FNB_LIKELY,3,2,False,,RETRY / PARSE-FAILED,"API requires dynamic security key / JWT — PDP HTML carries zero price text (rendered client-side only); `__NEXT_DATA__.runtimeConfig` leaks the real backend (`apiUrl: https://api-ayaline.marjane.ma`, an `Ocp-Apim-Subscription-Key`-shaped `marjaneApiKey`, and a Google reCAPTCHA Enterprise site key). `GET /products/<id>` on that host returns `401` with an empty body under every header variant tried (`Ocp-Apim-Subscription-Key`, `x-api-key`, `apikey`, `Authorization: Bearer <marjaneApiKey>`) — the key alone doesn't clear it, consistent with an additional session/reCAPTCHA-derived token. Separately, headless Playwright hitting the site at all (not just the API) returns a bilingual ""Access Restricted / Accès Restreint"" interstitial (""Access not available in your region"") even though `curl_cffi impersonate=chrome124` gets the real page every time from the same IP — the block keys off the Playwright/automation fingerprint, not geo-IP. The site DOES carry a real, large, well-organized food catalog (sitemap alone lists 3 shards x 5000 URLs under `/courses-en-ligne/...` with a clean 3-level category taxonomy, heavily food/beverage in the samples) — worth a dedicated pass if the API auth or the Playwright block is ever cracked."
(MF),LAST_TRY_FAILED,cadismarket.com,,nan,FNB_LIKELY,5,1,False,,RETRY / DEAD-SITE,"Host maintenance mode / suspended account (503 or redirect-to-suspension — TEMPORARY, re-check) — HTTP 503 with `Retry-After: 3600` and the body ""We'll be back soon. We are currently updating our shop"", identical on `chrome124`, `chrome120` and `safari17_0`. Response headers show `x-ws-origin: available`, `x-ws-ratelimit-remaining: 998`, `Server: Apache`, `X-Powered-By: PHP/7.3.33` — the origin is up and not rate-limiting; the shop is deliberately in maintenance. **Re-probe in a future wave** — if it returns it is likely a better St Martin source than the shipped `sxmleshalles_mf`, being a general grocer rather than a villa/yacht provisioning service."
(MG),LAST_TRY_FAILED,bazariko.mg,,nan,FNB_LIKELY,7,3,False,,SKIP / NO-PRICES-ONLINE,"No products on the site (corporate marketing portal) — the workbook claim does not match the live site. 200 OK, but the whole domain is a static Bootstrap e-commerce *template* (unmodified `single.html`/`offer.html`/`hold.html`/`kitchen.html` demo-page filenames, jQuery 1.11 + jstarbox assets) with zero product cards, zero prices, and zero `Ar`/`MGA` text anywhere across the homepage or every linked page. Footer credits `amfanoela@gmail.com` / links to `fanoela.mg`, which resolves to a freelance web developer's portfolio site (Fanoela Manohisoa) listing dozens of near-identical demo storefronts (`freshfood1.netlify.app`, `shopping-flower.netlify.app`, etc.) — Bazariko.mg is one of that developer's unlaunched template builds, not an operating grocery store. Do not build."
(ML),LAST_TRY_FAILED,oma.gov.ml,,nan,FNB_LIKELY,2,1,False,,SKIP / DEAD-SITE,"Unreachable / no online storefront exists (dead candidate, not a WAF) — genuine `NXDOMAIN` against both `8.8.8.8` and `1.1.1.1` (not a sandbox DNS lie). The institution's successor/parent body APCAM has a live site at `apcam.ml` (200, real content) but it is a brochure-only marketing page — a modal literally titled ""Bourses & Prix des Céréales / Consulter les cotations hebdomadaires sur les marchés ruraux"" links to `#contact`, an in-page anchor, not a bulletin or table. No price data anywhere on the domain."
(MM),LAST_TRY_FAILED,foodpanda.com.mm,,nan,FNB_LIKELY,1,0,False,,SKIP / WAF/BOT-BLOCK,"PerimeterX (per-session token, collector beacons only) — 403 on `/en/city/yangon`; consistent with foodpanda.\* PerimeterX tenant. No business endpoint responses. Same profile as .la."
(MM),LAST_TRY_FAILED,marketplace.com.mm,,nan,FNB_LIKELY,1,0,False,,PARTIAL / PARSE-FAILED,"API requires dynamic security key / JWT — `/api/products/all` — dynamic `x-security-key` header (CryptoJS ""Salted__"" prefix, AES with client-side-derived key). 429 without it."
(MN),LAST_TRY_FAILED,e-mart.mn,,nan,FNB_LIKELY,3,0,False,,SKIP / NO-PRICES-ONLINE,No products on the site (corporate marketing portal) — corporate marketing site for eMart. Actual store is at **emartmall.mn** (SPA shell — see above).
(MN),LAST_TRY_FAILED,www.1212.mn,,nan,FNB_LIKELY,1,0,False,,SKIP / DEAD-SITE,"RE-PROBE WORTH IT: recorded before 2026-08-17, when a bare-curl 403 was still read as a block. CDNs fingerprint the TLS handshake, not the User-Agent, so try curl_cffi impersonate before skipping. NSO portal SSL certificate failures — SSL cert expired/invalid 2026-06-10. Use `data.1212.mn` (PxWeb API) or `opendata.1212.mn` (REST API v2.0) instead. CPI table DT_NSO_0600_009V1 accessible via API. Not a WAF; cert maintenance issue only."
(MN),LAST_TRY_FAILED,www2.1212.mn,,nan,FNB_LIKELY,2,0,False,,SKIP / DEAD-SITE,NSO portal SSL certificate failures — same expired cert. Livestock/food average-price table at `tablesdata1212.aspx?tbl_id=dt_nso_1001_040v2` accessible with `verify=False` or via main API.
(MO),LAST_TRY_FAILED,foodpanda.mo,,nan,FNB_LIKELY,1,0,False,,SKIP / WAF/BOT-BLOCK,"RE-PROBE WORTH IT: recorded before 2026-08-17, when a bare-curl 403 was still read as a block. CDNs fingerprint the TLS handshake, not the User-Agent, so try curl_cffi impersonate before skipping. PerimeterX (per-session token, collector beacons only) — ECONNREFUSED on WebFetch probe 2026-06-10; consistent with foodpanda.\* regional IP-fence + PerimeterX family. Foodpanda confirmed operating in Macao from press reports."
(MO),LAST_TRY_FAILED,starmartmacao.com,,nan,FNB_LIKELY,1,0,False,,SKIP / DEAD-SITE,"RE-PROBE WORTH IT: recorded before 2026-08-17, when a bare-curl 403 was still read as a block. CDNs fingerprint the TLS handshake, not the User-Agent, so try curl_cffi impersonate before skipping. SSL certificate mismatch (retired/consolidated domain) — not a WAF: HTTPS connect times out at the TCP layer on both apex and `www.`, but plain HTTP (port 80) connects fine and 302-redirects to `index.php`, which renders a registrar ""ERRP | Expired Registration Recovery Policy"" parking notice. Domain registration has lapsed — no scrapeable business behind it."
(MU),LAST_TRY_FAILED,dreamprice.mu,,nan,FNB_LIKELY,1,0,False,,SKIP / WAF/BOT-BLOCK,"Cloudflare interactive challenge (`cf-mitigated: challenge`) — `cf-mitigated: challenge` + Turnstile CSP, HTTP 403 across `chrome124`/`chrome120`/`safari17_0`. Genuine Cloudflare interactive challenge, not a TLS false positive."
(MV),LAST_TRY_FAILED,foodies.mv,,nan,FNB_LIKELY,4,1,False,,SKIP / NO-PRICES-ONLINE,"App-only / no scrapeable web catalogue — confirmed a restaurant/home-cook food-delivery marketplace (""order from over 100 vendors""), not F&B retail (prepared food, COICOP 11 not 01/02); app-only, no web catalogue regardless."
(MV),LAST_TRY_FAILED,foods.seagullmaldives.com,,nan,FNB_LIKELY,3,0,False,,SKIP / NO-PRICES-ONLINE,"No products on the site (corporate marketing portal) — Shopify storefront, but password-protected: `/` returns 200 (theme assets only) while `/products.json` 401s. Pre-launch or B2B-only gate, no public catalog reachable."
(MV),LAST_TRY_FAILED,gannamart.com,,nan,FNB_LIKELY,4,2,False,,SKIP / NO-PRICES-ONLINE,"App-only / no scrapeable web catalogue — resolves and returns 200, but the entire page is a static Bootstrap ""coming soon""-style landing page (""Shop for your everyday necessities! ... we will deliver all you need and more to your doorstep."") with a phone-mockup image and no product/price content at all — the actual product is the mobile app (`com.daitonn.avasfood`-family per Play Store). `gannamart.mv` does not resolve."
(MV),LAST_TRY_FAILED,www.dhigrab.mv,,nan,FNB_LIKELY,6,3,False,,PARTIAL / PARSE-FAILED,"Reachable, HTTP 200, but not extractable without more work (not a hard block — don't re-probe blind, but don't write off either) — the `/stores` directory is genuinely reachable and server-renders (via Next.js RSC payload, not a client fetch) a full partner list with per-store product counts, but the ~120 partners are overwhelmingly restaurants/cafes; only a handful read as grocery-shaped (Nokron Mart 53 products, West End Mart 18, Meat Street 114 — a butcher). No per-store URL/slug is exposed anywhere in the HTML (navigation is client-side-routed with opaque store IDs), and the actual per-store product/price data loads through a Firestore realtime `Listen` channel (`firestore.googleapis.com/.../projects/dhigrab-neo/databases/(default)`), not a plain REST endpoint — would need either reverse-engineering the Firestore query shape or a full Playwright click-through per store for a thin (18-114 item) catalog each. Not pursued further this pass; worth a real pass only if someone wants to invest in a Firestore-listen client."
(MV),LAST_TRY_FAILED,www.gannamart.com,,nan,FNB_LIKELY,4,2,False,,SKIP / NO-PRICES-ONLINE,"App-only / no scrapeable web catalogue — resolves and returns 200, but the entire page is a static Bootstrap ""coming soon""-style landing page (""Shop for your everyday necessities! ... we will deliver all you need and more to your doorstep."") with a phone-mockup image and no product/price content at all — the actual product is the mobile app (`com.daitonn.avasfood`-family per Play Store). `gannamart.mv` does not resolve."
(MY),LAST_TRY_FAILED,aeonbig.com.my,,nan,FNB_LIKELY,3,0,False,,SKIP / NO-PRICES-ONLINE,"RE-PROBE WORTH IT: recorded before 2026-08-17, when a bare-curl 403 was still read as a block. CDNs fingerprint the TLS handshake, not the User-Agent, so try curl_cffi impersonate before skipping. No products on the site (corporate marketing portal) — brochure/recipe WordPress; ordering routed to Foodpanda app deep-links. No `/shop` catalog. **giant.com.my** + **econsave.com.my** have WooCommerce themes but empty/absent `/shop` (dead storefronts)."
(MY),LAST_TRY_FAILED,big.com.my,,nan,FNB_LIKELY,3,0,False,,SKIP / NO-PRICES-ONLINE,"RE-PROBE WORTH IT: recorded before 2026-08-17, when a bare-curl 403 was still read as a block. CDNs fingerprint the TLS handshake, not the User-Agent, so try curl_cffi impersonate before skipping. No products on the site (corporate marketing portal) — brochure/recipe WordPress; ordering routed to Foodpanda app deep-links. No `/shop` catalog. **giant.com.my** + **econsave.com.my** have WooCommerce themes but empty/absent `/shop` (dead storefronts)."
(MY),LAST_TRY_FAILED,caring2u.com,,nan,FNB_LIKELY,2,1,False,,SKIP / NO-PRICES-ONLINE,Brochure-only WordPress / no online store — WordPress + Elementor brochure; `/products` 404s. For MY pharmacy coverage use `guardian_my` (live Tier 1B) instead.
(MY),LAST_TRY_FAILED,heromarket.com.my,,nan,FNB_LIKELY,3,0,False,,SKIP / NO-PRICES-ONLINE,"RE-PROBE WORTH IT: recorded before 2026-08-17, when a bare-curl 403 was still read as a block. CDNs fingerprint the TLS handshake, not the User-Agent, so try curl_cffi impersonate before skipping. No products on the site (corporate marketing portal) — brochure/recipe WordPress; ordering routed to Foodpanda app deep-links. No `/shop` catalog. **giant.com.my** + **econsave.com.my** have WooCommerce themes but empty/absent `/shop` (dead storefronts)."
(MY),LAST_TRY_FAILED,lotuss.com.my,,nan,FNB_LIKELY,3,0,False,,SKIP / JS-REQUIRED,"RE-PROBE WORTH IT: recorded before 2026-08-17, when a bare-curl 403 was still read as a block. CDNs fingerprint the TLS handshake, not the User-Agent, so try curl_cffi impersonate before skipping. SPA shell — no productive endpoint (lazy-load never hydrates) — dual WAF over a Next.js SPA; deprioritize.** Storefront `/en/category/grocery` browsable but 355KB HTML has zero prices / no `__NEXT_DATA__` (client-side XHR). Backend is Siam Makro's ""mango"" GraphQL BFF, both fronts walled: `api.lotuss.com.my` = Cloudflare hard block (403 all paths); `api.makro.pro/graphql` = Tencent Cloud WAF on POST + needs auth token. (The ""Mirakl"" lead was a red herring — that's Siam Makro's Maknet B2B in TH, not the MY consumer catalog.) Would need a headless-browser capture of the GraphQL query + WAF-clearance cookies."
(MY),LAST_TRY_FAILED,villagegrocer.com.my,,nan,FNB_LIKELY,4,0,False,,SKIP / NO-PRICES-ONLINE,"RE-PROBE WORTH IT: recorded before 2026-08-17, when a bare-curl 403 was still read as a block. CDNs fingerprint the TLS handshake, not the User-Agent, so try curl_cffi impersonate before skipping. No products on the site (corporate marketing portal) — brochure/recipe WordPress; ordering routed to Foodpanda app deep-links. No `/shop` catalog. **giant.com.my** + **econsave.com.my** have WooCommerce themes but empty/absent `/shop` (dead storefronts)."
(MZ),LAST_TRY_FAILED,www.shoprite.co.mz,,nan,FNB_LIKELY,4,0,False,,SKIP / NO-PRICES-ONLINE,"No products on the site (corporate marketing portal) — AEM (`shopriteafrica` clientlibs) regional corporate portal shared with shoprite.co.zm/.zw etc. Sitemap is entirely recipes/offers/store-locator content pages (`/receitas/...`, `/ofertas.html`); `/ofertas.html` renders but carries no per-product prices, only promo copy. All guessed product/catalog paths (`/lojas.html`, `/promocoes.html`, `/catalogo.html`, `/products.html`) 404. No online shop for Mozambique."
(NE),LAST_TRY_FAILED,scorene.com,,nan,FNB_LIKELY,1,0,False,,SKIP / DEAD-SITE,"Unreachable / no online storefront exists (dead candidate, not a WAF) — resolves 200 but is a Namecheap expired-domain marketplace/parking page (""Domain registration has expired""), not a live business."
(NP),LAST_TRY_FAILED,foodmandu.com,,nan,FNB_LIKELY,3,1,False,,SKIP / NO-PRICES-ONLINE,"App-only / no scrapeable web catalogue — real, live site (""List your Restaurant at Foodmandu!""), but it is a restaurant food-delivery platform (COICOP 11 prepared food), not F&B retail — does not qualify regardless of reachability."
(NZ),LAST_TRY_FAILED,newworld.co.nz,,nan,FNB_LIKELY,1,0,False,,SKIP / RATE-LIMITED,Akamai tenant rate-limit / bot manager — Foodstuffs/Akamai stack. One bypass effort would unlock all four.
(NZ),LAST_TRY_FAILED,paknsave.co.nz,,nan,FNB_LIKELY,1,0,False,,SKIP / RATE-LIMITED,Akamai tenant rate-limit / bot manager — Foodstuffs/Akamai stack. One bypass effort would unlock all four.
(NZ),LAST_TRY_FAILED,woolworths.co.nz,,nan,FNB_LIKELY,1,0,False,,SKIP / RATE-LIMITED,Akamai tenant rate-limit / bot manager — Foodstuffs/Akamai stack. One bypass effort would unlock all four.
(PF),LAST_TRY_FAILED,service-public.pf,,nan,FNB_LIKELY,3,1,False,,PARTIAL / PARSE-FAILED,"Image-only tariff/price sources (PDF or CMS article with no machine-readable price text) — recent editions (`PRINT-AOUT.pdf`, 20.6 MB) are a single-page raster image, `page.images` non-empty, `extract_text()` returns 0 chars; an older edition (`PRINT_OCT.pdf`, Oct 2025, 17.6 MB) does have a text layer but the layout is a garbled multi-column flyer (product min/max price pairs interleaved with a separate per-store *basket-total* ranking list in a non-linear reading order) — reliable parsing would need column-aware reordering, not just `extract_text()`. Deprioritized rather than built: its own item-level data (min/max price per product) is a strict subset of what ""La Météo des Prix"" already delivers per-store at finer grain (see `pf_dgae_meteo_prix` fetcher); the one thing Panier futé adds — a total-basket-price ranking across many small neighborhood stores (LS Proxi, Magasin Ami Rene, etc. — outlets Météo's Hyper/grand-supermarché edition doesn't cover) — is a composite aggregate, not a per-item price, so it doesn't map to a COICOP leaf anyway."
(PG),LAST_TRY_FAILED,brianbell.com.pg,,nan,FNB_LIKELY,2,1,False,,SKIP / NO-PRICES-ONLINE,"No products on the site (corporate marketing portal) — corporate portal. `/product-category/appliances` 404s. `homecentres.brianbell.com.pg/shop/` redirects to ""/"" with no e-commerce markup. B2C division has no public web storefront."
(PG),LAST_TRY_FAILED,shop.cpl.com.pg,,nan,FNB_LIKELY,2,1,False,,RETRY / NO-PRICES-ONLINE,"No products on the site (corporate marketing portal) — correction to the 2026-06-10 entry above (line ~158): this is not a geo-fence.** Re-probed 2026-09-01 with `curl_cffi impersonate=chrome124/chrome120/safari17_0`: the subdomain does not resolve at all (`Could not resolve host`), confirmed against `8.8.8.8` directly too — genuinely retired/removed DNS record, not a live CDN geo-fence returning ECONNREFUSED. The parent domain `cpl.com.pg` resolves fine (200, corporate site) and has zero `shop`/`store`/`order online` links anywhere in its HTML — CPL currently has no reachable online storefront under any domain found. Do not re-try `shop.cpl.com.pg` without evidence of a new subdomain."
(PG),LAST_TRY_FAILED,www.rhtradingpng.com,,nan,FNB_LIKELY,5,0,False,,SKIP / WAF/BOT-BLOCK,"Cloudflare interactive challenge (`cf-mitigated: challenge`) — `curl_cffi impersonate` 403 with `cf-mitigated: challenge` and a `challenges.cloudflare.com` Turnstile CSP across `chrome124`/`chrome120`/`chrome99`/`edge99`/`safari17_0`; headless Playwright confirms the same (page title stuck on ""Just a moment..."", the only network call captured is `challenges.cloudflare.com/turnstile/...`, no product/API endpoint ever fires). Genuine interactive challenge, not a TLS-fingerprint false positive — both levers fail per the mandatory gate. No alternate storefront domain found (the mall-directory page `visioncitypng.com/rh-hypermarket/` is About-the-store copy, not a shop, and has no `shop.*`/ecommerce links in its HTML). Highest-value PNG grocery target for a future dedicated Turnstile-solving effort."
(PH),LAST_TRY_FAILED,puregold.com.ph,,nan,FNB_LIKELY,3,2,False,,SKIP / NO-PRICES-ONLINE,"RE-PROBE WORTH IT: recorded before 2026-08-17, when a bare-curl 403 was still read as a block. CDNs fingerprint the TLS handshake, not the User-Agent, so try curl_cffi impersonate before skipping. App-only / no scrapeable web catalogue — corporate Joomla site (IR/news/careers only; `index.php?format=feed&type=atom` is a Joomla tell), zero catalog links. The onboarding-brief URL path `/pgcatalog/category/view/category/...` 404s outright — that catalog route has been removed. Current online-shopping channel is the ""Puregold Mobile"" app (Google Play, `com.grocery.puregold`) confirmed via web search — app-only. `pgcms.puregold.com.ph` is a Vite SPA titled ""Puregold CMS"" with an empty `#root` — an internal admin tool, not a public storefront. `shop.`/`eshop.` subdomains don't resolve."
(PH),LAST_TRY_FAILED,www.robinsonssupermarket.com.ph,,nan,FNB_LIKELY,6,0,False,,SKIP / NO-PRICES-ONLINE,"RE-PROBE WORTH IT: recorded before 2026-08-17, when a bare-curl 403 was still read as a block. CDNs fingerprint the TLS handshake, not the User-Agent, so try curl_cffi impersonate before skipping. No products on the site (corporate marketing portal) — corporate marketing/branding site; no per-product catalog, no pricing API. Homepage APIs (`/api/carouselApi`, `/api/regionApi`, `/api/branchApi`, `/api/promos/offers/featured`) serve promo carousels, branch/store-locator data, and news only. Promo catalogs (`/catalogs`) are PDF flyers. ""Order Online"" nav link leads to a news article about third-party delivery partners. Subdomains (shop/delivery/order/grocery/online) all ECONNREFUSED. `robinsonsdelivery.com.ph` is a ParkLogic parked domain. `gorobinsons.ph` SSL broken. `gocart.ph` ECONNREFUSED. Robinsons SKUs already covered by the existing `pickaroo` spider via `ops.pickaroo.com/groceries/brands/supermarket/`. Probed 2026-06-30. DEMOTE: no standalone web product catalog."
(PK),LAST_TRY_FAILED,imtiaz.com.pk,,nan,FNB_LIKELY,2,0,False,,SKIP / NO-PRICES-ONLINE,"No products on the site (corporate marketing portal) — corporate/blog WordPress site only. `wp-json/` namespace list has no `wc/` route at all (WooCommerce inactive despite ""woocommerce"" appearing in cached theme CSS classes) and homepage nav is exclusively about-us/blogs/career/gift-cards/loyalty-program links — no `/shop`, `/product`, `/order` path anywhere."
(PK),LAST_TRY_FAILED,jalalsons.com.pk,,nan,FNB_LIKELY,4,2,False,,PARTIAL / PARSE-FAILED,"Reachable, HTTP 200, but not extractable without more work (not a hard block — don't re-probe blind, but don't write off either) — genuinely live (Next.js `pageProps.config` embeds `restId: 55116`, `rest_brId: 57503`, a Sixam-Mart/6amMart-style multi-tenant grocery-delivery platform, same family as `melat_shop_af`/`superstan_af`), and the app calls its own first-party `/api/menu-section?restId=55116&rest_brId=57503&delivery_type=0&source=` endpoint at page load per a Playwright network trace — but replaying that exact URL (both via a cold `curl_cffi` request AND via `page.request.get()` reusing the live browser's own cookies) returns `400 {""msg"":""Please provide restaurant id!""}` despite `restId` being present in the query string. Tried casing variants (`rest_id`, `restBrId`) with the same result — the real requirement is some other param/header/session token not yet identified (a signed request or a cookie set by an earlier call in the sequence, e.g. `/api/geofence` or `/api/branch`, that this pass didn't chain in order). Worth a real pass: replay the FULL request sequence in order (geofence → payment-gateways → branch → menu-section) with the exact same cookie jar, or inspect the request's own headers for a signature this pass didn't capture."
(PS),LAST_TRY_FAILED,alzahra.ps,,nan,FNB_LIKELY,3,0,False,,SKIP / NO-PRICES-ONLINE,"No products on the site (corporate marketing portal) — 200 OK, real product catalog page (`?page=products`), but zero prices anywhere in 110KB HTML — a food *manufacturer's* B2B showcase site, not a consumer storefront."
(QA/KW/OM/BH),LAST_TRY_FAILED,luluhypermarket.com,,nan,FNB_LIKELY,3,0,False,,RETRY / WAF/BOT-BLOCK,"Cloudflare strict (curl + Playwright both 403) — `<title>Attention Required! | Cloudflare</title>` 403 on all four Gulf storefronts, identical across UA variants including full Chrome sec-ch-ua headers. One CDN tenant, four countries. CSP header reveals the storefront platform: **Akinon** (akinoncloud.com/akinon.net, a Turkish headless-commerce vendor) — no `_akinon_base.py` exists yet in this repo. No Playwright available this session to attempt the discover-then-plain-HTTP pattern; worth a dedicated pass."
(QA/SA/AE),LAST_TRY_FAILED,carrefourksa.com,,nan,FNB_LIKELY,1,0,False,,SKIP / RATE-LIMITED,"RE-PROBE WORTH IT: recorded before 2026-08-17, when a bare-curl 403 was still read as a block. CDNs fingerprint the TLS handshake, not the User-Agent, so try curl_cffi impersonate before skipping. Akamai tenant rate-limit / bot manager — HTTP 403, `server: AkamaiGHost`, 376-byte ""Access Denied"" edge stub on all three (only the domain string in the body differs), including on `carrefourqatar.com` which redirects internally to the KSA hostname before blocking — one Akamai tenant covering the whole MAF Gulf group. No network trace beyond the front page; worth a Playwright-discover pass."
(QA/SA/AE),LAST_TRY_FAILED,carrefourqatar.com,,nan,FNB_LIKELY,1,0,False,,SKIP / RATE-LIMITED,"RE-PROBE WORTH IT: recorded before 2026-08-17, when a bare-curl 403 was still read as a block. CDNs fingerprint the TLS handshake, not the User-Agent, so try curl_cffi impersonate before skipping. Akamai tenant rate-limit / bot manager — HTTP 403, `server: AkamaiGHost`, 376-byte ""Access Denied"" edge stub on all three (only the domain string in the body differs), including on `carrefourqatar.com` which redirects internally to the KSA hostname before blocking — one Akamai tenant covering the whole MAF Gulf group. No network trace beyond the front page; worth a Playwright-discover pass."
(QA/SA/AE),LAST_TRY_FAILED,carrefouruae.com,,nan,FNB_LIKELY,1,0,False,,SKIP / RATE-LIMITED,"RE-PROBE WORTH IT: recorded before 2026-08-17, when a bare-curl 403 was still read as a block. CDNs fingerprint the TLS handshake, not the User-Agent, so try curl_cffi impersonate before skipping. Akamai tenant rate-limit / bot manager — HTTP 403, `server: AkamaiGHost`, 376-byte ""Access Denied"" edge stub on all three (only the domain string in the body differs), including on `carrefourqatar.com` which redirects internally to the KSA hostname before blocking — one Akamai tenant covering the whole MAF Gulf group. No network trace beyond the front page; worth a Playwright-discover pass."
(RW),LAST_TRY_FAILED,fasita.rw,,nan,FNB_LIKELY,8,2,False,,RETRY / NO-PRICES-ONLINE,"Placeholder / seed demo-data catalog (real API, no real prices) — real Next.js frontend + open JSON API (`https://fasita.rw/api/products`, `/api/categories`, no auth, sniffed live via Playwright network capture). But `GET /api/products` (tried plain, `?category_id=`, `?all=1`, `?limit=200`) returns exactly **one** product across all calls (""Jibu Water"", 3472.00 RWF) and `/api/categories` shows 11 of 12 categories at `""products"":0` (Baby/Bakery/Dairy/Drinks/Fruits/Home Care/Kitchen/Personal Care/Pharma/Snacks/Stationery all zero; only ""Food"" carries the 1 SKU). The multi-city delivery claim in the workbook does not match a live catalog of this size. Fails the Phase 6 ≥5-rows gate by a wide margin — not a probe failure, a genuinely near-empty storefront. Do not build; re-check in ~6 months in case the catalog is populated later."
(RW),LAST_TRY_FAILED,pridefarms.rw,,nan,FNB_LIKELY,8,1,False,,RETRY / NO-PRICES-ONLINE,"Placeholder / seed demo-data catalog (real API, no real prices) — the Wix Stores GraphQL backend is genuinely live and was successfully unlocked (visitor `instance` token from `GET /_api/v1/access-tokens`, keyed by Wix Stores appDefId `215238eb-22a5-4c36-9e7b-e7c08025e04e`; the storefront embeds the resolved `productsWithMetaData` catalog JSON inline in the client-rendered page, not via a separate XHR, so it must be read from Playwright's post-hydration DOM rather than sniffed from the network tab). But every catalog page sampled is empty or near-empty: `/shopall` (""All Products"") reports `totalCount: 1`, and `/fruits`, `/vegetables`, `/dairy`, `/poultry` all report `totalCount: 0` — only `/pulses` has the same single SKU (""Chickpeas Kabuli whole G1-1kg"", RWF 5700) that shows up everywhere. Despite 25+ named category nav links (bread, cheeses, craft beers, herbs, oils, etc.), the store is stocked with exactly one product. Fails the ≥5-rows gate. Do not build; re-check in ~6 months."
(SB),LAST_TRY_FAILED,www.bulksolomons.com.sb,,nan,FNB_LIKELY,2,0,False,,SKIP / NO-PRICES-ONLINE,"No products on the site (corporate marketing portal) — not a WAF, a broken-infrastructure dead end. HTTPS fails on every SNI/impersonation profile (`curl_cffi` chrome124/120/safari17_0, plain `curl --tlsv1.2`, `openssl s_client`) with `TLSV1_ALERT_INTERNAL_ERROR` — a server-side TLS misconfiguration, not a bot block. Plain HTTP on the same host (74.208.236.168) returns a generic nginx catch-all 404 on every path tried (`/`, `/home`) on both apex and `www`. Reads as a site that has moved off this IP or been decommissioned rather than mid-outage."
(SC),LAST_TRY_FAILED,koek.sc,,nan,FNB_LIKELY,4,2,False,,SKIP / DEAD-SITE,"Unreachable / no online storefront exists (dead candidate, not a WAF) — search surfaced this as a ""Supermarkets in Seychelles"" directory page, but the live site (200, Next.js) is a tour/boat-charter booking platform (boats, tours, livecam) with zero grocery content — a stale/mislabeled search snippet, not a real candidate."
(SC),LAST_TRY_FAILED,wowdeliverysey.com,,nan,FNB_LIKELY,2,0,False,,RETRY / DEAD-SITE,"Unreachable / no online storefront exists (dead candidate, not a WAF) — guessed domain does not resolve (`NXDOMAIN`). Real domain not found this pass (WebSearch budget was exhausted session-wide before it could be searched properly) — this is the strongest unresolved lead for Seychelles, re-check with a fresh search budget before writing off."
(SD),LAST_TRY_FAILED,alwaha.sd,,nan,FNB_LIKELY,1,0,False,,SKIP / NO-PRICES-ONLINE,"Brochure-only WordPress / no online store — NOT WooCommerce despite the wave-8 brief's guess. 11KB static page built on the free ""Moderna"" BootstrapMade corporate template (`bootstrapmade.com/free-bootstrap-template-corporate-moderna/`); `/wp-json/wc/store/products` and `/shop` both 404. No cart, no product pages, no prices anywhere on the domain."
(SD),LAST_TRY_FAILED,dukani.online,,nan,FNB_LIKELY,3,1,False,,SKIP / NO-PRICES-ONLINE,"App-only / no scrapeable web catalogue — NOT a Sudan storefront: the page is a leftover white-label SaaS marketing/demo site (branding for ""Lezzoo"", a Kurdistan/Iraq delivery-app vendor, `cal.com/.../dukani-demo` booking link, links to `facebook.com/Lezzooeats`). No Sudan catalogue. `dukani.sd` 403s outright."
(SD),LAST_TRY_FAILED,hyper.sd,,nan,FNB_LIKELY,8,0,False,,SKIP / NO-PRICES-ONLINE,"Placeholder / seed demo-data catalog (real API, no real prices) — real StackFood/6amMart-family Laravel backend (`https://hyper.sd/index.php/api/v1/...`, pretty-URL rewrite is off so routes only resolve under `/index.php/...`). Confirmed real zones (`Kharoum Locality`, `Omdurman`, `Port Sudan`, `Kassala`, `Al Qadarif`, `Atbara`, all `currency_id=1`/SDG) plus one contaminating Muscat/Oman zone (`currency_id=22`/OMR) exactly as the wave-8 brief flagged — `zone_id` 23 must be excluded. The one grocery module (`module_id=1`, ""HMart"", store_id=1 ""Hyper Mart"") reports 698 items, but walking the full catalog (`GET /items/popular?store_id=1&limit=50&offset=<n>` — this is the store-wide item-list endpoint, no `store-wise`/`items/latest` route exists on this tenant) shows **689/698 (98.7%) carry `price=1` SDG**. Item id=1 detail (`/items/details/1`) confirms these are demo rows: `""slug"":""demo-product""`, `""footer_text"":""تيست""` (Arabic ""test"") on the store record, `created_at: 2023-08-15` predating the store's own `created_at: 2024-11-17`. Only 8 SKUs have plausible real SDG prices (biscuits/coffee/tea/chocolate/insecticide, 200–12000 SDG). Not a usable price source — the catalog is >98% unreplaced installer seed data."
(SD),LAST_TRY_FAILED,lilydelivery.com,,nan,FNB_LIKELY,7,2,False,,SKIP / NO-PRICES-ONLINE,"Placeholder / seed demo-data catalog (real API, no real prices) — real Node/Mongo+Postgres backend (`https://api.lilydelivery.com`, `GET /health` → `{""status"":""ok""}`), no WAF, `GET /api/services` lists vendors directly. But the WHOLE platform is 14 vendors / ~34 items total (confirmed via 35 Arabic staple-term queries against `GET /api/services/search/items?q=<term>` — the only catalog-access route; there is no list-all-items endpoint, `/api/services/<id>/items` 404s). The single grocery vendor (""بقالة النيل"") carries exactly 7 SKUs (rice/sugar/oil/water/milk/eggs/bread) at suspiciously round prices (600/500/700/1200/400/1800/150 SDG) with sequential-looking Mongo ObjectIds and a `restaurants` category `createdAt` of 2026-05-15 — reads as a recently-seeded MVP, not an operating grocery catalog. Below the ""handful of promo items, not a real price series"" bar; do not build without re-verifying the catalog has grown substantially."
(SD),LAST_TRY_FAILED,murrsal.com,,nan,FNB_LIKELY,1,0,False,,SKIP / NO-PRICES-ONLINE,"App-only / no scrapeable web catalogue — broken/self-signed TLS cert forces `verify=False`, and every path (`/`, `/en`) 404s regardless. Site is effectively dead."
(SD),LAST_TRY_FAILED,mytalabaty.com,,nan,FNB_LIKELY,1,0,False,,SKIP / NO-PRICES-ONLINE,"App-only / no scrapeable web catalogue — connection timeout (28s) on curl_cffi chrome124, host effectively unreachable. App store listing says ""coming soon"", consistent with wave-6 finding."
(SD),LAST_TRY_FAILED,sudansoug.com,,nan,FNB_LIKELY,5,2,False,,SKIP / NO-PRICES-ONLINE,"No products on the site (corporate marketing portal) — diaspora e-commerce (USD/AED prices alongside SDG, ""Sudanese products online"" tagline, no in-Sudan delivery-zone text found). Reject for the *same* reason as the deleted Antigua diaspora-grocer sources unless a genuine Sudan delivery zone can be confirmed — do not build without re-verifying locality. **alafnanfoods.com** (search snippet lists a +971 UAE contact number) is the same diaspora pattern."
(SD),LAST_TRY_FAILED,sudansupermarket.com,,nan,FNB_LIKELY,3,0,False,,SKIP / NO-PRICES-ONLINE,"No products on the site (corporate marketing portal) — WordPress/WooCommerce/Divi, 200 OK, no WAF. `GET /wp-json/wc/store/v1/products` returns `[]`; `/shop/` renders ""No products were found matching your selection."" (confirmed via BeautifulSoup text extraction, not just status code — the raw HTML has WooCommerce CSS/markup but zero rendered product nodes). Tagline ""لكل السودانيين حول العالم"" (""for all Sudanese around the world"") plus an ""India"" country-select nav artifact read as an inactive/never-launched diaspora storefront rather than a Khartoum retailer — would also fail the locality rule even with a live catalog."
(SD),LAST_TRY_FAILED,zaad.delivery,,nan,FNB_LIKELY,4,2,False,,SKIP / NO-PRICES-ONLINE,"App-only / no scrapeable web catalogue — Astro+Vue marketing site only (""food, pharmacy items, and daily essentials""); nav has About/Contact/FAQ/Partners/Terms, zero shop/menu/product links, zero price mentions after full Playwright render (8s wait). Front page is behind an `hcdn`-branded JS proof-of-work interstitial that survives curl_cffi impersonate chrome124/chrome120/safari17_0 but clears fine in headless Chromium — the WAF is real but irrelevant, since the rendered site behind it has no catalogue at all."
(SD),LAST_TRY_FAILED,zadfresh.com,,nan,FNB_LIKELY,3,0,False,,SKIP / NO-PRICES-ONLINE,"No products on the site (corporate marketing portal) — bare default ""Welcome to nginx!"" install page (612 bytes) — server exists but nothing is deployed on it."
(SG),LAST_TRY_FAILED,giant.sg,,nan,FNB_LIKELY,2,0,False,,SKIP / JS-REQUIRED,"RE-PROBE WORTH IT: recorded before 2026-08-17, when a bare-curl 403 was still read as a block. CDNs fingerprint the TLS handshake, not the User-Agent, so try curl_cffi impersonate before skipping. SPA shell — no productive endpoint (lazy-load never hydrates) — jQuery + Algolia InstantSearch v2 SPA; all product routes return HTTP 404 server-side (client-side routing only). Product catalog exclusively served via Algolia index `giant_product_live` (app `PFCHI1YM66`). Algolia DSN (`pfchi1ym66-dsn.algolia.net`) and all three fallback shards (`pfchi1ym66-{1,2,3}.algolianet.com`) return DNS NXDOMAIN from non-SG IPs — not resolvable even from Playwright/headless Chromium. PDP pages return HTTP 404 with 250KB SPA shell; 12s Playwright wait yields no product name, price, or JSON-LD product data. Sitemap (`/sitemap_product.xml`) has 15,630 product slugs (e.g. `uht-full-cream-milk-1l-5001968`) but URLs are client-side routes only. No alternative server-side product API found. Viable only from a Singapore residential IP with a working Algolia DSN route."
(SL),LAST_TRY_FAILED,brixtonvillage.com,,nan,FNB_LIKELY,3,1,False,,SKIP / NO-PRICES-ONLINE,"No products on the site (corporate marketing portal) — international resellers / diaspora grocers shipping goods labelled ""Sierra Leone"" to customers abroad (UK/US-style diaspora grocers), not domestic Freetown retail. Same anti-pattern as the deleted Antigua diaspora-grocer sources — reject on sight, do not build."
(SL),LAST_TRY_FAILED,gokkam.com,,nan,FNB_LIKELY,2,1,False,,SKIP / NO-PRICES-ONLINE,"App-only / no scrapeable web catalogue — domain does not resolve at all (`gokkam.com`, confirmed via DNS against 8.8.8.8); the product is exclusively an Android/iOS app (Google Play + App Store listings, Facebook/Instagram marketing)."
(SL),LAST_TRY_FAILED,koussagroup.com,,nan,FNB_LIKELY,4,1,False,,SKIP / NO-PRICES-ONLINE,"Brochure-only WordPress / no online store — static WordPress corporate site; every branch page (`/freetown-supermarket/`, `/freetown-mall/`, `/city-supermarket/`) renders byte-for-byte identical boilerplate (address, phone, generic ""quality products"" blurb) with no `/shop`, no product listing, no prices anywhere on the domain."
(SL),LAST_TRY_FAILED,market360.shop,,nan,FNB_LIKELY,5,4,False,,SKIP / NO-PRICES-ONLINE,"App-only / no scrapeable web catalogue — sitemap and marketing copy confirm an app-first marketplace (Google Play / App Store); web root has no food/grocery category, general-goods focus (electronics/fashion/phones/vehicles) confirmed via search summary and homepage keyword scan."
(SL),LAST_TRY_FAILED,motherlandgroceries.com,,nan,FNB_LIKELY,3,1,False,,SKIP / NO-PRICES-ONLINE,"No products on the site (corporate marketing portal) — international resellers / diaspora grocers shipping goods labelled ""Sierra Leone"" to customers abroad (UK/US-style diaspora grocers), not domestic Freetown retail. Same anti-pattern as the deleted Antigua diaspora-grocer sources — reject on sight, do not build."
(SL),LAST_TRY_FAILED,salonefastmarket.com,,nan,FNB_LIKELY,4,1,False,,SKIP / NO-PRICES-ONLINE,"App-only / no scrapeable web catalogue — lists a ""Food & Agriculture"" category on the homepage, but the link (`/app`) is an app-store-gated Flutter/JS SPA shell with no server-rendered content. The homepage's own JSON-LD `AggregateOffer` schema for that category (`lowPrice: 50000, highPrice: 5000000` SLL) is generic marketing/SEO markup, not real per-item pricing — do not treat JSON-LD price ranges on this domain as data."
(SL),LAST_TRY_FAILED,sendmesl.com,,nan,FNB_LIKELY,2,1,False,,SKIP / NO-PRICES-ONLINE,"App-only / no scrapeable web catalogue — web page is a marketing landing page with app-store download buttons only (""com.sl.sendme.consumerapp"" on Google Play); no browsable restaurant or vendor listing reachable on the web."
(SL),LAST_TRY_FAILED,shop.africanfoodsupermarket.com,,nan,FNB_LIKELY,5,1,False,,SKIP / NO-PRICES-ONLINE,"No products on the site (corporate marketing portal) — international resellers / diaspora grocers shipping goods labelled ""Sierra Leone"" to customers abroad (UK/US-style diaspora grocers), not domestic Freetown retail. Same anti-pattern as the deleted Antigua diaspora-grocer sources — reject on sight, do not build."
(SL),LAST_TRY_FAILED,themeatfactorysl.com,,nan,FNB_LIKELY,6,4,False,,SKIP / NO-PRICES-ONLINE,"No products on the site (corporate marketing portal) — genuinely scrapeable, clean price list (~80 items, new-leone-magnitude ""le"" prices), but structurally a **restaurant**: ~90% of the menu is prepared food (grilled plates, burgers, pizza, sandwiches — COICOP 11.1), which has no slot in the food-channel enum. A small embedded ""Butchery""/""Raw Meat"" section (6-9 raw-meat-by-weight SKUs, e.g. ""Butchery 1KG Goat Meat 550le"") exists but is too thin and too entangled with the restaurant menu to build as a clean `specialty-food`/`fresh-market` source without it functioning mostly as a restaurant-menu spider — rejected as the kind of live-site stretch the onboarding brief explicitly warns against."
(SL),LAST_TRY_FAILED,ubuy.sl,,nan,FNB_LIKELY,3,1,False,,SKIP / NO-PRICES-ONLINE,"No products on the site (corporate marketing portal) — international resellers / diaspora grocers shipping goods labelled ""Sierra Leone"" to customers abroad (UK/US-style diaspora grocers), not domestic Freetown retail. Same anti-pattern as the deleted Antigua diaspora-grocer sources — reject on sight, do not build."
(SL),LAST_TRY_FAILED,www.salwaco.gov.sl,,nan,FNB_LIKELY,1,0,False,,SKIP / DEAD-SITE,"Unreachable / no online storefront exists (dead candidate, not a WAF) — resolves (192.96.217.94, confirmed against 8.8.8.8) but HTTPS hangs/has an expired certificate (`curl: (60) SSL certificate problem` then a 20s timeout even with `verify=False`); plain HTTP on the bare IP serves a default Plesk ""no website at this address"" placeholder. Domain is effectively derelict. No Guma Valley Water Company domain could be found either (`gumavalley.gov.sl`, `gvwc.gov.sl`, `guma.gov.sl`, `guma.sl`, `gvwc.sl`, `gumavalleywater.com` all NXDOMAIN against 8.8.8.8) — not pursued via web search this pass."
(SO),LAST_TRY_FAILED,aaranonline.com,,nan,FNB_LIKELY,1,0,False,,RETRY / DEAD-SITE,"Unreachable / no online storefront exists (dead candidate, not a WAF) — NOT a block: every category's product grid (`o_wsale_products_grid_table_wrapper`, including the top-level `/shop`) renders completely empty, both via curl_cffi and a full Playwright `networkidle` render — no product cards, no AJAX call to a products endpoint observed in the network trace. Fails the >=5-rows gate at 0 rows. Hypothesis: pricelist/currency-selection cookie gates the grid server-side, or the catalog is genuinely unpublished. Worth a re-check with a warm session/explicit pricelist cookie, but don't re-probe casually — already cost a full Tier-2 escalation with zero signal."
(SO),LAST_TRY_FAILED,safewaysupermarket.com,,nan,FNB_LIKELY,3,0,False,,SKIP / DEAD-SITE,"Unreachable / no online storefront exists (dead candidate, not a WAF) — resolves 200 but serves a ""Your domain is expired"" registrar-parking template, same pattern as choisupermarket.com/starmartmacao.com above."
(SR),LAST_TRY_FAILED,choisupermarket.com,,nan,FNB_LIKELY,2,1,False,,SKIP / DEAD-SITE,"Unreachable / no online storefront exists (dead candidate, not a WAF) — expired TLS cert (`curl: (60) SSL certificate problem: certificate has expired`); with `verify=False` the response is a 392-byte 2008-era cPanel ""Temporarily Disabled"" hosting-suspension stub (`oops.gif`), not the real site. The business itself is real and operating (3 physical branches per whoswho.sr, active Facebook page `facebook.com/choisupermarket`) but has no working website of any kind — genuinely dead per rule 13, not a WAF."
(SR),LAST_TRY_FAILED,shop.fernandes.sr,,nan,FNB_LIKELY,1,0,False,,SKIP / GEO-BLOCKED,CDN connection-reset / TCP timeout from non-target IP (country geo-fence) — resolves in DNS (186.179.175.42) but TCP connect times out after 15s on both plain `curl` and `curl_cffi impersonate=chrome124` — no TLS handshake ever starts. The service's canonical marketing domain `fernandes-express.com` is separately confirmed dead (NXDOMAIN against both 8.8.8.8 and 1.1.1.1) despite a live 2024 news article still linking to it via a `bit.ly/FernandesExpressShop` redirect. Suriname COICOP 01 gap remains.
(SR),LAST_TRY_FAILED,tulip-supermarket.com,,nan,FNB_LIKELY,3,1,False,,SKIP / DEAD-SITE,"Unreachable / no online storefront exists (dead candidate, not a WAF) — live, not blocked (200 OK, real content, Google Analytics tag), but a single-page brochure site only: one Unsplash stock hero image, a `#departments` in-page anchor, address/phone/social links — zero product listings, zero prices, no ordering flow of any kind. Physical-presence-only; not a WAF or dead-domain case, just no catalog exists to scrape."
(ST),LAST_TRY_FAILED,www.superckdo.com,,nan,FNB_LIKELY,1,0,False,,SKIP / NO-PRICES-ONLINE,"App-only / no scrapeable web catalogue — NXDOMAIN, confirmed against `8.8.8.8` AND `1.1.1.1`."
(SV),LAST_TRY_FAILED,pedidosyasv.com.sv,,nan,FNB_LIKELY,9,1,False,,SKIP / NO-PRICES-ONLINE,"App-only / no scrapeable web catalogue — the delivery-app rule (a named supermarket behind an app counts as `supermarket`) does not apply here: the public web root only exposes restaurant/food-delivery paths (`/restaurantes`, `/comidas`); `/supermercados`, `/mercado`, `/market` all 404. ""PedidosYa Market"" (their dark-store grocery vertical) is app-only, no web catalogue reachable."
(SY),LAST_TRY_FAILED,beeorder.com,,nan,FNB_LIKELY,2,1,False,,SKIP / NO-PRICES-ONLINE,"App-only / no scrapeable web catalogue — homepage and every internal link (`/contact-us`, `/faq`, etc.) are the SAME static marketing landing page (App Store/Google Play/Instagram/Facebook links only); `www.beeorder.com/index.php/home/download_page` 404s. No web ordering surface exists — confirmed by extracting every `href` on the page (all external/app-store or anchor links, zero `/shop`/`/vendor`/`/store` paths)."
(SY),LAST_TRY_FAILED,moovmart.com,,nan,FNB_LIKELY,5,0,False,,SKIP / NO-PRICES-ONLINE,"App-only / no scrapeable web catalogue — Next.js site whose `pages/index` JS chunk is only 2.2KB with zero app-store links, zero API references, zero fetch/axios calls — reads as a barely-built placeholder/landing page for what is otherwise an app-only grocery-delivery service (per its own tagline)."
(SY),LAST_TRY_FAILED,movo.delivery,,nan,FNB_LIKELY,3,1,False,,SKIP / NO-PRICES-ONLINE,"App-only / no scrapeable web catalogue — every route (`/`, `/store/contact-us`) serves the identical static Bootstrap landing-page HTML (client-side routing never actually mounts a different view); the only `.js` files referenced are Bootstrap/AOS/GLightbox vendor bundles plus a Cloudflare challenge-platform script — no app bundle, no API references. Marketing site only."
(SY),LAST_TRY_FAILED,namliehmarket.com,,nan,FNB_LIKELY,2,0,False,,SKIP / NO-PRICES-ONLINE,No products on the site (corporate marketing portal) — `curl: (6) Could not resolve host` / `NXDOMAIN` on repeated tries; domain does not exist.
(SY),LAST_TRY_FAILED,savy.market,,nan,FNB_LIKELY,2,0,False,,SKIP / NO-PRICES-ONLINE,"App-only / no scrapeable web catalogue — app (SY, ""Savy Market"" — ""أفضل سوبرماركت في سوريا"") — WordPress marketing site with `wp-json` exposed but NO WooCommerce namespace registered (only `oembed`, `aioseo`, `litespeed`, `wp/v2`, `wp-abilities` — no `wc/v3` or `wc/store/v1`); the only shop link on the page is a Google Play badge for `shop.mysave.customer`. App-only, no web catalogue."
(SY),LAST_TRY_FAILED,target market,,nan,FNB_LIKELY,2,0,False,,SKIP / NO-PRICES-ONLINE,"App-only / no scrapeable web catalogue — no website at all; only Google Play (`com.DotCode.TargetMarket`), App Store, and Instagram (`targetmarket.sy`) listings found. App-only."
(SY),LAST_TRY_FAILED,www.beeorder.com,,nan,FNB_LIKELY,2,1,False,,SKIP / NO-PRICES-ONLINE,"App-only / no scrapeable web catalogue — homepage and every internal link (`/contact-us`, `/faq`, etc.) are the SAME static marketing landing page (App Store/Google Play/Instagram/Facebook links only); `www.beeorder.com/index.php/home/download_page` 404s. No web ordering surface exists — confirmed by extracting every `href` on the page (all external/app-store or anchor links, zero `/shop`/`/vendor`/`/store` paths)."
(SY),LAST_TRY_FAILED,www.mysave,,nan,FNB_LIKELY,2,0,False,,SKIP / NO-PRICES-ONLINE,"App-only / no scrapeable web catalogue — app (SY, ""Savy Market"" — ""أفضل سوبرماركت في سوريا"") — WordPress marketing site with `wp-json` exposed but NO WooCommerce namespace registered (only `oembed`, `aioseo`, `litespeed`, `wp/v2`, `wp-abilities` — no `wc/v3` or `wc/store/v1`); the only shop link on the page is a Google Play badge for `shop.mysave.customer`. App-only, no web catalogue."
(TD),LAST_TRY_FAILED,tchadcommerce.com,,nan,FNB_LIKELY,4,3,False,,SKIP / DEAD-SITE,"Unreachable / no online storefront exists (dead candidate, not a WAF) — live, open WooCommerce Store API (`/wp-json/wc/store/v1/products/categories`), not blocked, but the entire catalogue is only ~33 products across 8 categories; the ""AgroAlimentaire"" food category has exactly 6 products. A thin classifieds/vendor-directory site (fashion, solar equipment, real estate, vehicles dominate), not an active grocery retailer — fails the Phase-6 row-count bar regardless of channel."
(TH),LAST_TRY_FAILED,villamarket.com,,nan,FNB_LIKELY,1,0,False,,SKIP / WAF/BOT-BLOCK,CDN connection-reset at TCP layer (`ERR_CONNECTION_RESET`) — `ERR_CONNECTION_RESET` on curl AND Playwright `goto`.
(TL),LAST_TRY_FAILED,kmanek supermarket,,nan,FNB_LIKELY,3,1,False,,SKIP / NO-PRICES-ONLINE,"App-only / no scrapeable web catalogue — Facebook-only, no public e-commerce site."
(TL),LAST_TRY_FAILED,leader hypermart,,nan,FNB_LIKELY,3,1,False,,SKIP / NO-PRICES-ONLINE,"App-only / no scrapeable web catalogue — Facebook-only, no public e-commerce site."
(TL),LAST_TRY_FAILED,otw-tl.com,,nan,FNB_LIKELY,2,0,False,,SKIP / WAF/BOT-BLOCK,"RE-PROBE WORTH IT: recorded before 2026-08-17, when a bare-curl 403 was still read as a block. CDNs fingerprint the TLS handshake, not the User-Agent, so try curl_cffi impersonate before skipping. Cloudflare strict (curl + Playwright both 403) — HTTP 403 on WebFetch to category pages (e.g. `/foods/?kategoriaproduto=...`). Local food delivery app in Dili. COICOP 11.1.1. No bypass attempted."
(TW),LAST_TRY_FAILED,pxmart.com.tw,,nan,FNB_LIKELY,3,1,False,,SKIP / NO-PRICES-ONLINE,"RE-PROBE WORTH IT: recorded before 2026-08-17, when a bare-curl 403 was still read as a block. CDNs fingerprint the TLS handshake, not the User-Agent, so try curl_cffi impersonate before skipping. No products on the site (corporate marketing portal) — corporate Next.js portal. Links go to /about-us, /bulletin, /esg. No catalog. The real store is **PXGo! (`shop.pxgo.com.tw/mweb/`, Vite hash-routed SPA)** with a **clean no-WAF JSON API** (`https://mwebapi.pxgo.com.tw/2ndwa/`, product endpoint `POST /2ndwa/api/goods/goodsQuery`) — BUT the entire catalog is behind **PX Pay member auth** (every call → 401 `暫未登錄`; token minted via `/api/member/login` → `member.pxpay.com.tw`, no anonymous/guest login in the bundle; registration likely needs a TW mobile + OTP). Scaffold only if a member Bearer token can be held."
(TW),LAST_TRY_FAILED,rt-mart.com.tw,,nan,FNB_LIKELY,1,0,False,,SKIP / WAF/BOT-BLOCK,"RE-PROBE WORTH IT: recorded before 2026-08-17, when a bare-curl 403 was still read as a block. CDNs fingerprint the TLS handshake, not the User-Agent, so try curl_cffi impersonate before skipping. Imperva Incapsula (212-byte JS-challenge stub) — HTTP 503 Incapsula challenge page (`Request unsuccessful. Incapsula incident ID`). Shopee alt storefront also blocked (Akamai)."
(TZ),LAST_TRY_FAILED,duka.direct,,nan,FNB_LIKELY,2,1,False,,SKIP / NO-PRICES-ONLINE,"App-only / no scrapeable web catalogue — the public domain is a Tilda page-builder marketing site only (no `ng-app`/`id=""root""`/`__NUXT__` app markers, all script tags are `static.tildacdn.one`); every CTA points to `get.duka.direct`, an app-install redirector that itself timed out (28s, curl_cffi chrome124). No product/store data reachable from the web domain."
(TZ),LAST_TRY_FAILED,imadi.co.tz,,nan,FNB_LIKELY,2,0,False,,SKIP / NO-PRICES-ONLINE,"App-only / no scrapeable web catalogue — static one-page marketing site (plain HTML/CSS, no JS framework); every CTA is a Google Play / App Store badge or a `wa.me` WhatsApp link. No web ordering or catalogue route exists."
(TZ),LAST_TRY_FAILED,jambosupermarket.online,,nan,FNB_LIKELY,5,1,False,,SKIP / NO-PRICES-ONLINE,"Placeholder / seed demo-data catalog (real API, no real prices) — React SPA backed by a public-anon Supabase REST table (`kfhqiregbrqydszjqrjv.supabase.co/rest/v1/products`, anon JWT embedded client-side by design, no auth needed to read). Exactly 34 rows, ALL sharing one `created_at` timestamp down to the microsecond (`2026-06-07T20:02:14.630559+00:00`), Unsplash stock photos, generic seed names (""Whole Wheat Bread"", ""Farm Fresh Eggs (30 pcs)"") — a template installer's demo catalog, not a live branch-selector storefront as the workbook claimed."
(UG),LAST_TRY_FAILED,www.carrefouruganda.com,,nan,FNB_LIKELY,4,0,False,,SKIP / RATE-LIMITED,"Akamai tenant rate-limit / bot manager — identical signature to the Gulf trio above: HTTP 403, 377-byte ""Access Denied"" `errors.edgesuite` stub, fails `curl_cffi` across `chrome124`/`chrome120`/`safari17_0` (same reference-id format `18.xxdfda17.<epoch>.<hex>`). Confirms this is the same MAF/Carrefour Akamai tenant extending to the East Africa storefront (Carrefour operates hypermarkets at Acacia/Lugogo/Metroplex/Oasis Mall, Kampala, per the brand's own site copy — a real local footprint, just Akamai-fronted). No network trace beyond the front page attempted (WebSearch/time budget) — worth a Playwright-discover pass if this tenant is ever prioritized."
(VC),LAST_TRY_FAILED,ehubsvg.com,,nan,FNB_LIKELY,1,0,False,,RETRY / DEAD-SITE,"Host maintenance mode / suspended account (503 or redirect-to-suspension — TEMPORARY, re-check) — HTTPS fails at the TLS layer on both apex and `www` (`curl: (60) no alternative certificate subject name matches target hostname`); over plain HTTP it 200s but redirects to `/public/email-suspension`. Hosting/email account suspended. Lower re-check priority than cadismarket — a suspension is a business signal, not a deployment window."
(VC),LAST_TRY_FAILED,massystoressvg.com,,nan,FNB_LIKELY,1,0,False,,SKIP / NO-PRICES-ONLINE,"Brochure-only WordPress / no online store — static WordPress/All-in-One-SEO corporate site (`<title>Massy Stores SVG</title>`, `dateModified 2020-04-10`), `?rest_route=/wc/store/v1/products` returns `rest_no_route` — **not WooCommerce, no shop at all**, unlike the sibling Massy tenants that DO have a live storefront (`shopmassystoresbb.com` Barbados, `shopmassystorestt.com` Trinidad, `shopmassystoresslu.com` St Lucia — the St Lucia one confirmed working and onboarded as `massy_stores_slu` this pass). The `shopmassystores<iso>.com` naming pattern does not exist for SVG (`shopmassystoresvct.com` and `massystoresvct.com` both NXDOMAIN)."
(VC),LAST_TRY_FAILED,www.ehubsvg.com,,nan,FNB_LIKELY,1,0,False,,RETRY / DEAD-SITE,"Host maintenance mode / suspended account (503 or redirect-to-suspension — TEMPORARY, re-check) — HTTPS fails at the TLS layer on both apex and `www` (`curl: (60) no alternative certificate subject name matches target hostname`); over plain HTTP it 200s but redirects to `/public/email-suspension`. Hosting/email account suspended. Lower re-check priority than cadismarket — a suspension is a business signal, not a deployment window."
(VN),LAST_TRY_FAILED,sendo.vn,,nan,FNB_LIKELY,2,0,False,,SKIP / WAF/BOT-BLOCK,"RE-PROBE WORTH IT: recorded before 2026-08-17, when a bare-curl 403 was still read as a block. CDNs fingerprint the TLS handshake, not the User-Agent, so try curl_cffi impersonate before skipping. CDN connection-reset at TCP layer (`ERR_CONNECTION_RESET`) — redirects to sendofarm.vn; main catalog is a SPA with content-hashed CSS class names (d7ed-* prefix). Zero product prices in SSR HTML. Confirmed 2026-06-15."
(VN),LAST_TRY_FAILED,viettel.vn,,nan,FNB_LIKELY,1,0,False,,SKIP / NO-PRICES-ONLINE,"RE-PROBE WORTH IT: recorded before 2026-08-17, when a bare-curl 403 was still read as a block. CDNs fingerprint the TLS handshake, not the User-Agent, so try curl_cffi impersonate before skipping. App-only / no scrapeable web catalogue — cookie-challenge anti-bot: 177-byte HTML stub with `document.cookie=""D1N=…""; window.location.reload(true)`. Plan prices not accessible without a real browser session."
(VN),LAST_TRY_FAILED,winmart.vn,,nan,FNB_LIKELY,2,0,False,,SKIP / JS-REQUIRED,"SPA shell — no productive endpoint (lazy-load never hydrates) — (HTML front-end)* — products render via `product-card-skeleton` divs that don't hydrate within 8s Playwright wait. **NOTE**: winmart's *JSON API* at `api-crownx.winmart.vn/it/api/web/v3/item/category` works with no auth — see `src/prices/price_scraping/spiders/winmart.py`. Tier 1B, not Tier 2."
(VU),LAST_TRY_FAILED,aubonmarche.co,,nan,FNB_LIKELY,3,0,False,,SKIP / NO-PRICES-ONLINE,"RE-PROBE WORTH IT: recorded before 2026-08-17, when a bare-curl 403 was still read as a block. CDNs fingerprint the TLS handshake, not the User-Agent, so try curl_cffi impersonate before skipping. Brochure-only — no online store (Vanuatu) — corporate/marketing site; no product catalogue, no prices. Retail section returns a job-application page for ""Retail Supervisor."" Vanuatu's largest supermarket but no e-commerce presence. COICOP 01 retail SKU gap remains."
(ZA),LAST_TRY_FAILED,faithful-to-nature.co.za,,nan,FNB_LIKELY,2,1,False,,RETRY / PARSE-FAILED,"Reachable, HTTP 200, but not extractable without more work (not a hard block — don't re-probe blind, but don't write off either) — not a site-side block; a reproducible tooling mismatch specific to this repo's Scrapy+scrapy-impersonate stack.** Standalone `curl_cffi` (sync AND async, `impersonate=chrome124`/`safari17_0`/`chrome99`, with or without explicit empty `headers={}`, matching scrapy-impersonate's exact `AsyncSession(max_clients=1).request(...)` call shape) clears at 200 every time, including inside a bare `asyncio.run()`. The IDENTICAL request issued through `prices collect` (CrawlSpider + `Rule(process_request=...)` pinning `meta[""impersonate""]`, both `RandomBrowserMiddleware` and `CustomUserAgentMiddleware` disabled per the `carrefour_tw.py` convention) 403s on every profile tried. Only variable left undiagnosed: Scrapy 2.13's Twisted `AsyncioSelectorReactor` hosting curl_cffi's async client inside an already-running foreign event loop — plausibly a different TCP/TLS handshake path than a clean `asyncio.run()`, which this site's Cloudflare edge treats differently even though the JA3/header shape is nominally identical. Also note the global `IMPERSONATE_BROWSERS=[""chrome120""]` default 403s on this domain even standalone (chrome124/safari17_0/chrome99 do not) — a second, independent instance of the ""p"
(ZA),LAST_TRY_FAILED,woolworths.co.za,,nan,FNB_LIKELY,2,1,False,,PARTIAL / PARSE-FAILED,"Reachable, HTTP 200, but not extractable without more work (not a hard block — don't re-probe blind, but don't write off either) — reachable, 1.7MB React/SSR homepage with real ""R89.95""-style price strings in the raw HTML, but they come from a Contentstack headless-CMS nav/promo blob (`""_content_type_uid"":""menu""`, e.g. ""2 for R89.95 each Selected Sleepsuits"") — marketing copy, not a per-SKU catalog. Homepage carousels look like a passing probe but are not a catalog per the skill's own warning; the real PLP/PDP + commerce-API surface was not located this pass (deprioritized once ZA's onboarding bar was cleared via non-retail sources). Worth a real pass: find the actual product-listing API behind the Contentstack-driven nav."
(ZM),LAST_TRY_FAILED,tigmooeats.com,,nan,FNB_LIKELY,2,1,False,,SKIP / NO-PRICES-ONLINE,"App-only / no scrapeable web catalogue — the web root is a static Bootstrap marketing template (owl-carousel, wow.js, mailchimp signup, Google Play + App Store badges) for the mobile app, not a SPA front-end for any ordering framework: no `ng-app`/`id=""app""`/`id=""root""`/`data-reactroot`/`__NUXT__`/`__NEXT_DATA__` markers anywhere in the served HTML. Confirmed via full Playwright render (networkidle + 3s wait): zero listing/vendor/store/product API calls fire even after JS execution — only Google Maps, Google Analytics, and a `chat.tigmoo.com/api/appidcheck` widget ping. Client-side route `home/listing/<lat>/<lng>` serves the identical landing-page bytes (no client router). App-only, no web ordering surface exists."
(ZM),LAST_TRY_FAILED,www.shoprite.co.zm,,nan,FNB_LIKELY,7,2,False,,SKIP / NO-PRICES-ONLINE,"Brochure-only WordPress / no online store — same `shopriteafrica` AEM corporate portal already documented for `www.shoprite.co.mz` and `www.shoprite.co.ls` above (identical clientlibs, identical `/content/shopriteafrica/zm/en/...` path shape). `curl_cffi impersonate=chrome124` clears fine (200, no WAF). Full 140-entry sitemap is recipes (98 entries) + `explore-shoprite/*` category-description pages (Lovies, health-and-beauty, tea, butchery, money-market, liquorshop, Local-farmers) + competitions + store-locator — zero `/shop`, `/products`, `/catalogo` paths. `specials.html` links only to a privacy-policy PDF and a cookie-policy PDF, no specials leaflet with prices. No e-commerce catalogue exists for Zambia, matching the MZ/LS siblings' failure mode exactly."
canada,PENDING,canada_canadasmokes_ca,https://canadasmokes.ca/shop/,canadasmokes.ca,FNB_LIKELY,2,1,False,,P2 - queue / NEEDS-CUSTOM-CRAWLER,Downloaded CSV batch on 2026-09-12; normalized site was not present in the base workbook | scraping ease: Easy | pricing visible: Yes | add as a new scrape target and crawler-creation candidate
canada,PENDING,canada_mohawksmoke,https://mohawksmoke.com/,mohawksmoke.com,FNB_LIKELY,2,1,False,,P2 - queue / NEEDS-CUSTOM-CRAWLER,Downloaded CSV batch on 2026-09-12; normalized site was not present in the base workbook | scraping ease: Easy | pricing visible: Yes | add as a new scrape target and crawler-creation candidate
canada,PENDING,canada_shagsmokes,https://shagsmokes.com/shop/,shagsmokes.com,FNB_LIKELY,2,1,False,,P2 - queue / NEEDS-CUSTOM-CRAWLER,Downloaded CSV batch on 2026-09-12; normalized site was not present in the base workbook | scraping ease: Easy | pricing visible: Yes | add as a new scrape target and crawler-creation candidate
canada,PENDING,canada_smokescanada,https://smokescanada.com/,smokescanada.com,FNB_LIKELY,2,1,False,,P2 - queue / NEEDS-CUSTOM-CRAWLER,Downloaded CSV batch on 2026-09-12; normalized site was not present in the base workbook | scraping ease: Easy | pricing visible: Yes | add as a new scrape target and crawler-creation candidate
faroe_islands,LAST_TRY_FAILED,bonus.fo,,nan,FNB_LIKELY,3,1,False,,SKIP / DEAD-SITE,"Unreachable / no online storefront exists (dead candidate, not a WAF) — all three are live, reachable, real sites (200 OK, no WAF), but none carries a grocery catalog: `sms.fo` is WooCommerce with exactly one product, a gift card (`/product/gavukortid-fra-sms/`); `bonus.fo` has no e-commerce markers of any kind (brochure/weekly-flyer style); `miklagardur.fo` is a Wix site whose only transactable page (`/keyp`, ""buy"") is a Wix-Stores gift-card page (`wixstores`/`GiftCard` markers), not a product catalog. Neither Wolt (`wolt.com/fo` redirects to the generic homepage, no Faroese city) nor Bolt Food (`bolt.eu/en/cities/torshavn/` 404s) operate in the territory. No online grocery sector currently exists for the Faroe Islands."
faroe_islands,LAST_TRY_FAILED,miklagardur.fo,,nan,FNB_LIKELY,3,1,False,,SKIP / DEAD-SITE,"Unreachable / no online storefront exists (dead candidate, not a WAF) — all three are live, reachable, real sites (200 OK, no WAF), but none carries a grocery catalog: `sms.fo` is WooCommerce with exactly one product, a gift card (`/product/gavukortid-fra-sms/`); `bonus.fo` has no e-commerce markers of any kind (brochure/weekly-flyer style); `miklagardur.fo` is a Wix site whose only transactable page (`/keyp`, ""buy"") is a Wix-Stores gift-card page (`wixstores`/`GiftCard` markers), not a product catalog. Neither Wolt (`wolt.com/fo` redirects to the generic homepage, no Faroese city) nor Bolt Food (`bolt.eu/en/cities/torshavn/` 404s) operate in the territory. No online grocery sector currently exists for the Faroe Islands."
faroe_islands,LAST_TRY_FAILED,sms.fo,,nan,FNB_LIKELY,3,1,False,,SKIP / DEAD-SITE,"Unreachable / no online storefront exists (dead candidate, not a WAF) — all three are live, reachable, real sites (200 OK, no WAF), but none carries a grocery catalog: `sms.fo` is WooCommerce with exactly one product, a gift card (`/product/gavukortid-fra-sms/`); `bonus.fo` has no e-commerce markers of any kind (brochure/weekly-flyer style); `miklagardur.fo` is a Wix site whose only transactable page (`/keyp`, ""buy"") is a Wix-Stores gift-card page (`wixstores`/`GiftCard` markers), not a product catalog. Neither Wolt (`wolt.com/fo` redirects to the generic homepage, no Faroese city) nor Bolt Food (`bolt.eu/en/cities/torshavn/` 404s) operate in the territory. No online grocery sector currently exists for the Faroe Islands."
isle_of_man,LAST_TRY_FAILED,isle of man,,nan,FNB_LIKELY,5,0,False,,SKIP / DEAD-SITE,"Unreachable / no online storefront exists (dead candidate, not a WAF) — no resolvable domain found for any of the direct-guess candidates (`isleofmancoop.co.im`, `iomcoop.co.im`, `iomcoop.com`, `shoprite.co.im`, `robinsonsiom.com` all `NXDOMAIN`). Shoprite (the island's former largest chain) was acquired by Tesco in 2023-24 and no longer exists as a separate brand; Tesco's UK online-grocery delivery service is well documented as excluding Isle of Man postcodes (outside the mainland GB delivery zone), and no IoM-specific Tesco storefront was found. Session's WebSearch budget was exhausted before this could be search-verified further (only direct domain guesses and two WebFetch-based search-engine attempts, both returning unrelated generic content, were possible) — treat as inconclusive-leaning-negative, not exhaustively confirmed; worth a fresh WebSearch-based pass."
monaco,LAST_TRY_FAILED,delovery.mc,,nan,FNB_LIKELY,5,0,False,,RETRY / WAF/BOT-BLOCK,"Cloudflare strict (curl + Playwright both 403) — 403 with a Cloudflare ""Attention Required!"" page on `curl_cffi impersonate=chrome124`, `chrome120`, `chrome99` AND `safari17_0` (all four profiles, per the mandatory gate). Identical 4,923-byte body every time, so not a TLS-fingerprint false negative. **This is Monaco's best food lead and the only Monaco-registered grocery-adjacent domain that exists** — carrefour.mc/monoprix.mc/spar.mc all fail DNS. Blocked, not absent; worth a retry if its posture changes."
monaco,LAST_TRY_FAILED,monaco,,nan,FNB_LIKELY,8,2,False,,SKIP / DEAD-SITE,"Unreachable / no online storefront exists (dead candidate, not a WAF) — Monaco's grocery retail (Carrefour Market Monaco, Monoprix) runs entirely on the same national French e-commerce platforms serving all of France (`courses.monoprix.fr`; Carrefour's French storefront) — no Monaco-registered domain (`carrefour.mc`, `monoprix.mc`, `spar.mc` all fail DNS; `casino.mc` resolves but is the unrelated Casino de Monte-Carlo gambling site, not the French ""Casino"" supermarket chain). Deliberately NOT onboarded under Monaco: these platforms are French-national, not Monaco-specific legal entities or catalogues, and shipping `courses.monoprix.fr` as a ""Monaco"" source risks exact duplication with a future France-onboarding pass building the same domain as `monoprix_fr` — the same underlying catalog and prices would then be double-counted under two country labels. Flagging as a policy question rather than shipping a source: does a shared cross-border national platform count as coverage for a micro-territory it delivers to, and if so, under which country label?"
turkiye,PENDING,Koçtaş,https://www.koctas.com.tr/,koctas.com.tr,FNB_LIKELY,3,2,False,,P1 - build now / Direct,"Candidate found in the 2026-08-31 sourcing round, never built. build_tier=A - low-hanging fruit; scrapability=nan; class=Hardware/home improvement"
turkiye,PENDING,TradeKey Türkiye,https://turkey.tradekey.com/,turkey.tradekey.com,FNB_LIKELY,5,3,False,,P2 - queue / Direct,"Candidate found in the 2026-08-31 sourcing round, never built. build_tier=C - engineering required; scrapability=nan; class=Country B2B marketplace"
turkiye,PENDING,Trendyol,https://www.trendyol.com/,trendyol.com,FNB_LIKELY,4,1,False,,P1 - build now / Direct,"Candidate found in the 2026-08-31 sourcing round, never built. build_tier=A - low-hanging fruit; scrapability=nan; class=General marketplace"
gibraltar,PENDING,aplacecalledyours_com,https://aplacecalledyours.com/gibraltar/rent,aplacecalledyours.com,FNB_MIXED,1,2,True,1.0,P2 - queue / NEEDS-CUSTOM-CRAWLER,"Will's 2026-09-11 handover found price evidence but no standard platform API, so it needs a bespoke spider. Never built or live-tested."
gibraltar,PENDING,capurro_gi,https://www.capurro.gi/pre-owned,capurro.gi,FNB_MIXED,1,2,True,1.0,P2 - queue / NEEDS-CUSTOM-CRAWLER,"Will's 2026-09-11 handover found price evidence but no standard platform API, so it needs a bespoke spider. Never built or live-tested."
gibraltar,PENDING,citibus_gi,https://www.citibus.gi/tickets-and-fares,citibus.gi,FNB_MIXED,1,1,True,1.0,P2 - queue / NEEDS-CUSTOM-CRAWLER,"Will's 2026-09-11 handover found price evidence but no standard platform API, so it needs a bespoke spider. Never built or live-tested."
gibraltar,PENDING,eurocitygym_gi,https://eurocitygym.gi/,eurocitygym.gi,FNB_MIXED,1,2,True,1.0,P2 - queue / NEEDS-CUSTOM-CRAWLER,"Will's 2026-09-11 handover found price evidence but no standard platform API, so it needs a bespoke spider. Never built or live-tested."
gibraltar,PENDING,gibbay_com,https://gibbay.com/automotive,gibbay.com,FNB_MIXED,1,5,True,1.0,P2 - queue / NEEDS-CUSTOM-CRAWLER,"Will's 2026-09-11 handover found price evidence but no standard platform API, so it needs a bespoke spider. Never built or live-tested."
gibraltar,PENDING,giboil_com,https://giboil.com/fuel-locations,giboil.com,FNB_MIXED,2,2,True,1.0,P2 - queue / NEEDS-CUSTOM-CRAWLER,"Will's 2026-09-11 handover found price evidence but no standard platform API, so it needs a bespoke spider. Never built or live-tested."
gibraltar,PENDING,gibraltarlaws_gov_gi_electricity_tariffs,https://gibraltarlaws.gov.gi/legislations/electricity-charges-and-tariffs-regulations-2021-6170,gibraltarlaws.gov.gi,FNB_MIXED,1,2,True,1.0,P2 - queue / NEEDS-CUSTOM-CRAWLER,"Will's 2026-09-11 handover found price evidence but no standard platform API, so it needs a bespoke spider. Never built or live-tested."
gibraltar,PENDING,gibtechstore_com,https://gibtechstore.com/,gibtechstore.com,FNB_MIXED,1,4,True,1.0,P2 - queue / NEEDS-CUSTOM-CRAWLER,"Will's 2026-09-11 handover found price evidence but no standard platform API, so it needs a bespoke spider. Never built or live-tested."
gibraltar,PENDING,gibtele_com_all_in_one_bundles,https://www.gibtele.com/newsignup/allinone,gibtele.com,FNB_MIXED,1,2,True,1.0,P2 - queue / NEEDS-CUSTOM-CRAWLER,"Will's 2026-09-11 handover found price evidence but no standard platform API, so it needs a bespoke spider. Never built or live-tested."
gibraltar,PENDING,infinityclub_squarespace_com,https://infinityclub.squarespace.com/,infinityclub.squarespace.com,FNB_MIXED,1,2,True,1.0,P2 - queue / NEEDS-CUSTOM-CRAWLER,"Will's 2026-09-11 handover found price evidence but no standard platform API, so it needs a bespoke spider. Never built or live-tested."
gibraltar,PENDING,inhome_gi,https://www.inhome.gi/furniture,inhome.gi,FNB_MIXED,1,1,True,1.0,P2 - queue / NEEDS-CUSTOM-CRAWLER,"Will's 2026-09-11 handover found price evidence but no standard platform API, so it needs a bespoke spider. Never built or live-tested."
gibraltar,PENDING,lionsgibraltarfc_com_vx3_store,https://lionsgibraltarfc.com/club-info/online-store,lionsgibraltarfc.com,FNB_MIXED,1,3,True,1.0,P2 - queue / NEEDS-CUSTOM-CRAWLER,"Will's 2026-09-11 handover found price evidence but no standard platform API, so it needs a bespoke spider. Never built or live-tested."
gibraltar,PENDING,millpharmacy_gi,https://millpharmacy.gi/offers/,millpharmacy.gi,FNB_MIXED,1,3,True,1.0,P2 - queue / NEEDS-CUSTOM-CRAWLER,"Will's 2026-09-11 handover found price evidence but no standard platform API, so it needs a bespoke spider. Never built or live-tested."
gibraltar,PENDING,parkinggibraltar_com,https://www.parkinggibraltar.com/,parkinggibraltar.com,FNB_MIXED,1,2,True,1.0,P2 - queue / NEEDS-CUSTOM-CRAWLER,"Will's 2026-09-11 handover found price evidence but no standard platform API, so it needs a bespoke spider. Never built or live-tested."
gibraltar,PENDING,u_mee_com,https://u-mee.com/,u-mee.com,FNB_MIXED,1,2,True,1.0,P2 - queue / NEEDS-CUSTOM-CRAWLER,"Will's 2026-09-11 handover found price evidence but no standard platform API, so it needs a bespoke spider. Never built or live-tested."
gibraltar,PENDING,interbuild_gi,https://www.interbuild.gi/,interbuild.gi,FNB_MIXED,1,2,True,1.0,P3 - queue / NEEDS-REVIEW,"Will's 2026-09-11 handover flagged this ambiguous (country, currency or price-surface unclear). Needs manual review before any scaffolding."
gibraltar,LAST_TRY_FAILED,calpepharmacy_gi,https://www.calpepharmacy.gi/shop/,calpepharmacy.gi,FNB_MIXED,2,5,False,1.0,SKIP / JSONDecodeError,Generated as a crawler-ready manifest by Will's 2026-09-11 handover but it fails the enumerability gate on live probe (JSONDecodeError). Not merged into configs: a manifest that cannot enumerate returns zero rows forever.
gibraltar,LAST_TRY_FAILED,shop_gibraltarheritagetrust_org_gi,https://shop.gibraltarheritagetrust.org.gi/,shop.gibraltarheritagetrust.org.gi,FNB_MIXED,1,1,False,1.0,SKIP / EMPTY-CATALOG,Generated as a crawler-ready manifest by Will's 2026-09-11 handover but it fails the enumerability gate on live probe (EMPTY-CATALOG). Not merged into configs: a manifest that cannot enumerate returns zero rows forever.
gibraltar,LAST_TRY_FAILED,gibyellow_gi,https://www.gibyellow.gi/motors/,gibyellow.gi,FNB_MIXED,1,5,False,1.0,SKIP / CHILD-TASK-BLOCKED,Will's 2026-09-11 handover classified this blocked or not viable. Not re-probed here.
gibraltar,LAST_TRY_FAILED,rockassistance_com,https://rockassistance.com/shop-2/,rockassistance.com,FNB_MIXED,2,2,False,1.0,SKIP / CHILD-TASK-BLOCKED,Will's 2026-09-11 handover classified this blocked or not viable. Not re-probed here.
gibraltar,LAST_TRY_FAILED,with_eez_com,https://with-eez.com/marketplace,with-eez.com,FNB_MIXED,2,2,False,1.0,SKIP / CHILD-TASK-BLOCKED,Will's 2026-09-11 handover classified this blocked or not viable. Not re-probed here.
gibraltar,PENDING,gibraltar_gibcompare,https://gibcompare.com/,gibcompare.com,FNB_MIXED,1,1,False,1.0,P2 - queue / NEEDS-CUSTOM-CRAWLER,Downloaded CSV batch on 2026-09-12; normalized site was not present in the base workbook | scraping ease: Moderate | add as a new scrape target and crawler-creation candidate
gibraltar,PENDING,gibraltar_storegibraltar,https://www.storegibraltar.com/,storegibraltar.com,FNB_MIXED,1,1,False,1.0,P2 - queue / NEEDS-CUSTOM-CRAWLER,Downloaded CSV batch on 2026-09-12; normalized site was not present in the base workbook | scraping ease: Easy | add as a new scrape target and crawler-creation candidate
guinea_bissau,PENDING,africarrieres_gw_tariffs,https://africarrieres.com/guinee-bissau/pt/tarifs,africarrieres.com,FNB_MIXED,1,1,True,1.0,P2 - queue / NEEDS-CUSTOM-CRAWLER,"Will's 2026-09-11 handover found price evidence but no standard platform API, so it needs a bespoke spider. Never built or live-tested."
guinea_bissau,PENDING,ceiba_bissau_hotel,https://ceibabissau.com/,ceibabissau.com,FNB_MIXED,1,2,True,1.0,P2 - queue / NEEDS-CUSTOM-CRAWLER,"Will's 2026-09-11 handover found price evidence but no standard platform API, so it needs a bespoke spider. Never built or live-tested."
guinea_bissau,PENDING,joxko_gw_mobile_topups,https://www.joxko.com/en/shop/recharge-mobile/guinea-bissau,joxko.com,FNB_MIXED,2,2,True,1.0,P2 - queue / NEEDS-CUSTOM-CRAWLER,"Will's 2026-09-11 handover found price evidence but no standard platform API, so it needs a bespoke spider. Never built or live-tested."
guinea_bissau,PENDING,orange_bissau_mobile_internet,https://www.orange-bissau.com/pt/ofertas-internet-movel/internet-movel/internet-movel.html,orange-bissau.com,FNB_MIXED,1,2,True,1.0,P2 - queue / NEEDS-CUSTOM-CRAWLER,"Will's 2026-09-11 handover found price evidence but no standard platform API, so it needs a bespoke spider. Never built or live-tested."
guinea_bissau,PENDING,ang_ese_tuition_2025,https://angnoticias.blogspot.com/2025/01/ensino-ministro-n-62-de-16-de-outubro.html,angnoticias.blogspot.com,FNB_MIXED,1,2,True,1.0,P3 - queue / NEEDS-REVIEW,"Will's 2026-09-11 handover flagged this ambiguous (country, currency or price-surface unclear). Needs manual review before any scaffolding."
guinea_bissau,PENDING,booking_bissau_hotels,https://www.booking.com/city/gw/bissau-gw.html,booking.com,FNB_MIXED,1,5,True,1.0,P3 - queue / NEEDS-REVIEW,"Will's 2026-09-11 handover flagged this ambiguous (country, currency or price-surface unclear). Needs manual review before any scaffolding."
guinea_bissau,PENDING,bookingauto_gw_car_rental,https://bookingauto.net/en/guinea-bissau,bookingauto.net,FNB_MIXED,1,7,True,1.0,P3 - queue / NEEDS-REVIEW,"Will's 2026-09-11 handover flagged this ambiguous (country, currency or price-surface unclear). Needs manual review before any scaffolding."
guinea_bissau,PENDING,canalplus_gw_subscriptions,https://subscribe.canalplus.com/gw/tab/offres,subscribe.canalplus.com,FNB_MIXED,1,2,True,1.0,P3 - queue / NEEDS-REVIEW,"Will's 2026-09-11 handover flagged this ambiguous (country, currency or price-surface unclear). Needs manual review before any scaffolding."
guinea_bissau,PENDING,carrosbissau_gw,https://www.carrosbissau.com/,carrosbissau.com,FNB_MIXED,2,4,True,1.0,P3 - queue / NEEDS-REVIEW,"Will's 2026-09-11 handover flagged this ambiguous (country, currency or price-surface unclear). Needs manual review before any scaffolding."
guinea_bissau,PENDING,ctd_bissau_tuition,https://ctdbissau.com/curso-de-turismo,ctdbissau.com,FNB_MIXED,1,4,True,1.0,P3 - queue / NEEDS-REVIEW,"Will's 2026-09-11 handover flagged this ambiguous (country, currency or price-surface unclear). Needs manual review before any scaffolding."
guinea_bissau,PENDING,eagb_contract_tariffs_news,https://faladepapagaio.blogspot.com/2026/04/23042026.html,faladepapagaio.blogspot.com,FNB_MIXED,2,2,True,1.0,P3 - queue / NEEDS-REVIEW,"Will's 2026-09-11 handover flagged this ambiguous (country, currency or price-surface unclear). Needs manual review before any scaffolding."
guinea_bissau,PENDING,foodiesbae_bissau_term,https://www.foodiesbae.com/,foodiesbae.com,FNB_MIXED,2,3,True,1.0,P3 - queue / NEEDS-REVIEW,"Will's 2026-09-11 handover flagged this ambiguous (country, currency or price-surface unclear). Needs manual review before any scaffolding."
guinea_bissau,PENDING,hotels_scanner_bissau,https://hotels-scanner.com/en/guineabissau/bissau,hotels-scanner.com,FNB_MIXED,1,3,True,1.0,P3 - queue / NEEDS-REVIEW,"Will's 2026-09-11 handover flagged this ambiguous (country, currency or price-surface unclear). Needs manual review before any scaffolding."
guinea_bissau,PENDING,jeanmichelvoyage_bissau_prices,https://www.jeanmichelvoyage.com/pt/bissau-la-capitale-tranquille-de-guinee-bissau-4/,jeanmichelvoyage.com,FNB_MIXED,1,4,True,1.0,P3 - queue / NEEDS-REVIEW,"Will's 2026-09-11 handover flagged this ambiguous (country, currency or price-surface unclear). Needs manual review before any scaffolding."
guinea_bissau,PENDING,juntosgb_gw,https://juntosgb.com/pt,juntosgb.com,FNB_MIXED,1,4,True,1.0,P3 - queue / NEEDS-REVIEW,"Will's 2026-09-11 handover flagged this ambiguous (country, currency or price-surface unclear). Needs manual review before any scaffolding."
guinea_bissau,PENDING,opentravelguide_gw_transport_costs,https://opentravelguide.com/guinea-bissau/transportation/,opentravelguide.com,FNB_MIXED,1,5,True,1.0,P3 - queue / NEEDS-REVIEW,"Will's 2026-09-11 handover flagged this ambiguous (country, currency or price-surface unclear). Needs manual review before any scaffolding."
guinea_bissau,PENDING,petitfute_bissau_restaurants,https://www.petitfute.com/v53126-bissau/c1165-restaurants/c1031-cuisines-du-monde/2072665-restaurante-dom-luis.html,petitfute.com,FNB_MIXED,1,5,True,1.0,P3 - queue / NEEDS-REVIEW,"Will's 2026-09-11 handover flagged this ambiguous (country, currency or price-surface unclear). Needs manual review before any scaffolding."
guinea_bissau,PENDING,pharmaconnect_bissau,https://pharmaconnect.me/,pharmaconnect.me,FNB_MIXED,1,3,True,1.0,P3 - queue / NEEDS-REVIEW,"Will's 2026-09-11 handover flagged this ambiguous (country, currency or price-surface unclear). Needs manual review before any scaffolding."
guinea_bissau,PENDING,skyscanner_bissau_hotels,https://www.skyscanner.fr/hotels-a/guinee-bissau/bissau-hotels/ci-27545279,skyscanner.fr,FNB_MIXED,1,2,True,1.0,P3 - queue / NEEDS-REVIEW,"Will's 2026-09-11 handover flagged this ambiguous (country, currency or price-surface unclear). Needs manual review before any scaffolding."
guinea_bissau,PENDING,telecelgb_bundles,https://telecelgb.com/,telecelgb.com,FNB_MIXED,1,3,True,1.0,P3 - queue / NEEDS-REVIEW,"Will's 2026-09-11 handover flagged this ambiguous (country, currency or price-surface unclear). Needs manual review before any scaffolding."
guinea_bissau,PENDING,uquid_gw_topups,https://shop.uquid.com/category/guinea-bissau-cynqXYjYlGqRo,shop.uquid.com,FNB_MIXED,1,2,True,1.0,P3 - queue / NEEDS-REVIEW,"Will's 2026-09-11 handover flagged this ambiguous (country, currency or price-surface unclear). Needs manual review before any scaffolding."
guinea_bissau,PENDING,worldbanknotes_gw_collectibles,https://worldbanknotes.eu/currencies/guinea-bissau-peso/,worldbanknotes.eu,FNB_MIXED,1,1,True,1.0,P3 - queue / NEEDS-REVIEW,"Will's 2026-09-11 handover flagged this ambiguous (country, currency or price-surface unclear). Needs manual review before any scaffolding."
guinea_bissau,PENDING,wropo_gw,https://gw.wropo.com/,gw.wropo.com,FNB_MIXED,3,19,True,1.0,P3 - queue / NEEDS-REVIEW,"Will's 2026-09-11 handover flagged this ambiguous (country, currency or price-surface unclear). Needs manual review before any scaffolding."
guinea_bissau,LAST_TRY_FAILED,bagabaga_gb_construction_suppliers,https://bagabaga-gb.com/info-util/,bagabaga-gb.com,FNB_MIXED,1,4,False,1.0,SKIP / CHILD-TASK-BLOCKED,Will's 2026-09-11 handover classified this blocked or not viable. Not re-probed here.
guinea_bissau,LAST_TRY_FAILED,buyonwasapp_gw_locations,https://www.buyonwasapp.ng/itm-location/guinea-bissau/varela,buyonwasapp.ng,FNB_MIXED,5,8,False,1.0,SKIP / CHILD-TASK-BLOCKED,Will's 2026-09-11 handover classified this blocked or not viable. Not re-probed here.
guinea_bissau,LAST_TRY_FAILED,carsrenter_gw_car_rental,https://carsrenter.com/en/guinea-bissau,carsrenter.com,FNB_MIXED,2,4,False,1.0,SKIP / CHILD-TASK-BLOCKED,Will's 2026-09-11 handover classified this blocked or not viable. Not re-probed here.
guinea_bissau,LAST_TRY_FAILED,ceifx_xof_currency_exchange,https://order.ceifx.com/store/arundel-mills-mall/currency/95-West-Africa-CFA-West-African-Franc,order.ceifx.com,FNB_MIXED,1,1,False,1.0,SKIP / CHILD-TASK-BLOCKED,Will's 2026-09-11 handover classified this blocked or not viable. Not re-probed here.
guinea_bissau,LAST_TRY_FAILED,construction_budget_pdf_gw,https://pt.scribd.com/document/810345611/Orcamento-Imobiliario-T-3-3-ANDARES,pt.scribd.com,FNB_MIXED,2,4,False,1.0,SKIP / CHILD-TASK-BLOCKED,Will's 2026-09-11 handover classified this blocked or not viable. Not re-probed here.
guinea_bissau,LAST_TRY_FAILED,generic_shopify_country_selectors_gw,https://moscot.com/pt-jp/products/cliptosh,moscot.com,FNB_MIXED,1,1,False,1.0,SKIP / CHILD-TASK-BLOCKED,Will's 2026-09-11 handover classified this blocked or not viable. Not re-probed here.
guinea_bissau,LAST_TRY_FAILED,guinea_bissau_market_empty,https://guinebissaumarket.com/,guinebissaumarket.com,FNB_MIXED,2,8,False,1.0,SKIP / CHILD-TASK-BLOCKED,Will's 2026-09-11 handover classified this blocked or not viable. Not re-probed here.
guinea_bissau,LAST_TRY_FAILED,mavrolert_global_gq_currency,https://mavrolert.com/pt-gq/collections/intel?page=3,mavrolert.com,FNB_MIXED,1,1,False,1.0,SKIP / CHILD-TASK-BLOCKED,Will's 2026-09-11 handover classified this blocked or not viable. Not re-probed here.
guinea_bissau,LAST_TRY_FAILED,no_bindi_gw_app,https://play.google.com/store/apps/details?id=app.nobindi.no_bindi,play.google.com,FNB_MIXED,2,5,False,1.0,SKIP / CHILD-TASK-BLOCKED,Will's 2026-09-11 handover classified this blocked or not viable. Not re-probed here.
guinea_bissau,LAST_TRY_FAILED,numbeo_gw_cost_of_living,https://pt.numbeo.com/custo-de-vida/pa%C3%ADs/Guine-Bissau,pt.numbeo.com,FNB_MIXED,1,2,False,1.0,SKIP / CHILD-TASK-BLOCKED,Will's 2026-09-11 handover classified this blocked or not viable. Not re-probed here.
guinea_bissau,LAST_TRY_FAILED,ubuy_gw,https://www.ubuy.gw/pt/,ubuy.gw,FNB_MIXED,3,9,False,1.0,SKIP / CHILD-TASK-BLOCKED,Will's 2026-09-11 handover classified this blocked or not viable. Not re-probed here.
guinea_bissau,LAST_TRY_FAILED,valoriq_gw_financial_comparator,https://valoriq.org/gw/,valoriq.org,FNB_MIXED,1,3,False,1.0,SKIP / CHILD-TASK-BLOCKED,Will's 2026-09-11 handover classified this blocked or not viable. Not re-probed here.
syria,LAST_TRY_FAILED,digisyria,https://digisyria.com/en/,digisyria.com,FNB_MIXED,4,10,False,1.0,SKIP / Timeout,Generated as a crawler-ready manifest by Will's 2026-09-11 handover but it fails the enumerability gate on live probe (Timeout). Not merged into configs: a manifest that cannot enumerate returns zero rows forever.
syria,LAST_TRY_FAILED,syrazo,https://www.syrazo.com/,syrazo.com,FNB_MIXED,2,7,False,1.0,SKIP / JSONDecodeError,Generated as a crawler-ready manifest by Will's 2026-09-11 handover but it fails the enumerability gate on live probe (JSONDecodeError). Not merged into configs: a manifest that cannot enumerate returns zero rows forever.
syria,LAST_TRY_FAILED,verona_tech,https://verona-tech.com/,verona-tech.com,FNB_MIXED,1,3,False,1.0,SKIP / CHILD-TASK-BLOCKED,Will's 2026-09-11 handover classified this blocked or not viable. Not re-probed here.
syria,PENDING,sy_opensooq_furniture,https://sy.opensooq.com/ar/%D8%A7%D9%84%D9%85%D9%86%D8%B2%D9%84-%D9%88%D8%A7%D9%84%D8%AD%D8%AF%D9%8A%D9%82%D8%A9/%D8%A7%D9%84%D8%A3%D8%AB%D8%A7%D8%AB,sy.opensooq.com,FNB_MIXED,1,2,False,1.0,P3 - queue / ALREADY-TRACKED-UPSTREAM,Will's handover marked this existing/already tracked; no matching row here.
syria,PENDING,cloudmartsy,https://www.cloudmartsy.com/product-details.php?id=2232,cloudmartsy.com,FNB_MIXED,2,2,False,1.0,P2 - queue / NEEDS-CUSTOM-CRAWLER,"Will's 2026-09-11 handover found price evidence but no standard platform API, so it needs a bespoke spider. Never built or live-tested."
syria,PENDING,damasbazar,https://www.damasbazar.com/,damasbazar.com,FNB_MIXED,3,5,False,1.0,P2 - queue / NEEDS-CUSTOM-CRAWLER,"Will's 2026-09-11 handover found price evidence but no standard platform API, so it needs a bespoke spider. Never built or live-tested."
syria,PENDING,emalabes,https://emalabes.com/wholesale,emalabes.com,FNB_MIXED,2,4,False,1.0,P2 - queue / NEEDS-CUSTOM-CRAWLER,"Will's 2026-09-11 handover found price evidence but no standard platform API, so it needs a bespoke spider. Never built or live-tested."
syria,PENDING,emarkabat,https://emarkabat.com/,emarkabat.com,FNB_MIXED,2,2,False,1.0,P2 - queue / NEEDS-CUSTOM-CRAWLER,"Will's 2026-09-11 handover found price evidence but no standard platform API, so it needs a bespoke spider. Never built or live-tested."
syria,PENDING,barllina_sy,https://barllina.com/ar-sy/categories/1336415/pants,barllina.com,FNB_MIXED,1,1,False,1.0,P3 - queue / NEEDS-REVIEW,"Will's 2026-09-11 handover flagged this ambiguous (country, currency or price-surface unclear). Needs manual review before any scaffolding."
syria,PENDING,bellarosaperfumes_sy,https://bellarosaperfumes.com/ar-sy/products,bellarosaperfumes.com,FNB_MIXED,1,1,False,1.0,P3 - queue / NEEDS-REVIEW,"Will's 2026-09-11 handover flagged this ambiguous (country, currency or price-surface unclear). Needs manual review before any scaffolding."
syria,PENDING,cars_sy,https://cars.sy/,cars.sy,FNB_MIXED,2,2,False,1.0,P3 - queue / NEEDS-REVIEW,"Will's 2026-09-11 handover flagged this ambiguous (country, currency or price-surface unclear). Needs manual review before any scaffolding."
syria,PENDING,carsy_app,https://carsy.app/cars,carsy.app,FNB_MIXED,1,2,False,1.0,P3 - queue / NEEDS-REVIEW,"Will's 2026-09-11 handover flagged this ambiguous (country, currency or price-surface unclear). Needs manual review before any scaffolding."
syria,PENDING,damascus_store,https://www.damascus-store.com/category/--tMu8V,damascus-store.com,FNB_MIXED,1,1,False,1.0,P3 - queue / NEEDS-REVIEW,"Will's 2026-09-11 handover flagged this ambiguous (country, currency or price-surface unclear). Needs manual review before any scaffolding."
syria,PENDING,itel_group,https://itel-group.com/ar/brand/earldom/7,itel-group.com,FNB_MIXED,2,4,False,1.0,P3 - queue / NEEDS-REVIEW,"Will's 2026-09-11 handover flagged this ambiguous (country, currency or price-surface unclear). Needs manual review before any scaffolding."
syria,PENDING,marketsyr,https://marketsyr.com/,marketsyr.com,FNB_MIXED,3,3,False,1.0,P3 - queue / NEEDS-REVIEW,"Will's 2026-09-11 handover flagged this ambiguous (country, currency or price-surface unclear). Needs manual review before any scaffolding."
syria,PENDING,medetora,https://medetora.com/,medetora.com,FNB_MIXED,2,2,False,1.0,P3 - queue / NEEDS-REVIEW,"Will's 2026-09-11 handover flagged this ambiguous (country, currency or price-surface unclear). Needs manual review before any scaffolding."
syria,PENDING,midad_bookstore,https://midad-bookstore.com/,midad-bookstore.com,FNB_MIXED,2,2,False,1.0,P3 - queue / NEEDS-REVIEW,"Will's 2026-09-11 handover flagged this ambiguous (country, currency or price-surface unclear). Needs manual review before any scaffolding."
syria,PENDING,rcell_me,https://rcell.me/en,rcell.me,FNB_MIXED,1,4,False,1.0,P3 - queue / NEEDS-REVIEW,"Will's 2026-09-11 handover flagged this ambiguous (country, currency or price-surface unclear). Needs manual review before any scaffolding."
syria,PENDING,s_2s3ar,https://2s3ar.com/,2s3ar.com,FNB_MIXED,1,3,False,1.0,P3 - queue / NEEDS-REVIEW,"Will's 2026-09-11 handover flagged this ambiguous (country, currency or price-surface unclear). Needs manual review before any scaffolding."
syria,PENDING,sidrahandmade_sooqnaa,https://sidrahandmade.sooqnaa.com/ar/,sidrahandmade.sooqnaa.com,FNB_MIXED,1,3,False,1.0,P3 - queue / NEEDS-REVIEW,"Will's 2026-09-11 handover flagged this ambiguous (country, currency or price-surface unclear). Needs manual review before any scaffolding."
syria,PENDING,syria_bazar_cars,https://syria-bazar.com/category/cars,syria-bazar.com,FNB_MIXED,2,2,False,1.0,P3 - queue / NEEDS-REVIEW,"Will's 2026-09-11 handover flagged this ambiguous (country, currency or price-surface unclear). Needs manual review before any scaffolding."
syria,PENDING,syria_yousale_furniture_decor,https://syria.yousale.com/ar/products/furniture_dcor,syria.yousale.com,FNB_MIXED,1,2,False,1.0,P3 - queue / NEEDS-REVIEW,"Will's 2026-09-11 handover flagged this ambiguous (country, currency or price-surface unclear). Needs manual review before any scaffolding."
syria,PENDING,syriacars_net,https://syriacars.net/?view_type=list,syriacars.net,FNB_MIXED,1,3,False,1.0,P3 - queue / NEEDS-REVIEW,"Will's 2026-09-11 handover flagged this ambiguous (country, currency or price-surface unclear). Needs manual review before any scaffolding."
syria,PENDING,syrianmarkt,https://syrianmarkt.com/,syrianmarkt.com,FNB_MIXED,2,8,False,1.0,P3 - queue / NEEDS-REVIEW,"Will's 2026-09-11 handover flagged this ambiguous (country, currency or price-surface unclear). Needs manual review before any scaffolding."
syria,PENDING,syriastoreonline,https://www.syriastoreonline.com/,syriastoreonline.com,FNB_MIXED,1,6,False,1.0,P3 - queue / NEEDS-REVIEW,"Will's 2026-09-11 handover flagged this ambiguous (country, currency or price-surface unclear). Needs manual review before any scaffolding."
syria,PENDING,tinawistore,https://tinawistore.com/,tinawistore.com,FNB_MIXED,3,10,False,1.0,P3 - queue / NEEDS-REVIEW,"Will's 2026-09-11 handover flagged this ambiguous (country, currency or price-surface unclear). Needs manual review before any scaffolding."
chad,PENDING,abdramani_solutions_td,https://www.schoolandcollegelistings.com/TD/N%27djamena/341618112358638/Abdramani-Solutions-informatiques,schoolandcollegelistings.com,FNB_MIXED,1,3,True,2.0,P2 - queue / NEEDS-CUSTOM-CRAWLER,"Will's 2026-09-11 handover found price evidence but no standard platform API, so it needs a bespoke spider. Never built or live-tested."
chad,PENDING,afribaba_td,https://td.afribaba.com/tchad-annonces/autos-voitures-motos-neuves-occasion/,td.afribaba.com,FNB_MIXED,1,3,True,2.0,P2 - queue / NEEDS-CUSTOM-CRAWLER,"Will's 2026-09-11 handover found price evidence but no standard platform API, so it needs a bespoke spider. Never built or live-tested."
chad,PENDING,airtel_td_internet,https://www.airtel.td/network/internet-package,airtel.td,FNB_MIXED,1,3,True,2.0,P2 - queue / NEEDS-CUSTOM-CRAWLER,"Will's 2026-09-11 handover found price evidence but no standard platform API, so it needs a bespoke spider. Never built or live-tested."
chad,PENDING,ampktechnology_td,https://ampktechnology.com/boutique,ampktechnology.com,FNB_MIXED,2,7,True,2.0,P2 - queue / NEEDS-CUSTOM-CRAWLER,"Will's 2026-09-11 handover found price evidence but no standard platform API, so it needs a bespoke spider. Never built or live-tested."
chad,PENDING,banabaana_td,https://www.banabaana.com/pays-224-Tchad,banabaana.com,FNB_MIXED,1,1,True,2.0,P2 - queue / NEEDS-CUSTOM-CRAWLER,"Will's 2026-09-11 handover found price evidence but no standard platform API, so it needs a bespoke spider. Never built or live-tested."
chad,PENDING,carros_td,https://carros.com/?lang=fr,carros.com,FNB_MIXED,1,4,True,2.0,P2 - queue / NEEDS-CUSTOM-CRAWLER,"Will's 2026-09-11 handover found price evidence but no standard platform API, so it needs a bespoke spider. Never built or live-tested."
chad,PENDING,dukafrica_td,https://dukafrica.com/?pays=td,dukafrica.com,FNB_MIXED,3,8,True,2.0,P2 - queue / NEEDS-CUSTOM-CRAWLER,"Will's 2026-09-11 handover found price evidence but no standard platform API, so it needs a bespoke spider. Never built or live-tested."
chad,PENDING,hubformationtchad,https://hubformationtchad.com/pricing,hubformationtchad.com,FNB_MIXED,1,1,True,2.0,P2 - queue / NEEDS-CUSTOM-CRAWLER,"Will's 2026-09-11 handover found price evidence but no standard platform API, so it needs a bespoke spider. Never built or live-tested."
chad,PENDING,ilnet_telecoms_td,https://ilnet-telecoms.td/offers,ilnet-telecoms.td,FNB_MIXED,1,5,True,2.0,P2 - queue / NEEDS-CUSTOM-CRAWLER,"Will's 2026-09-11 handover found price evidence but no standard platform API, so it needs a bespoke spider. Never built or live-tested."
chad,PENDING,jam_pharma_td,https://www.jam-pharma.com/tarifs,jam-pharma.com,FNB_MIXED,1,7,True,2.0,P2 - queue / NEEDS-CUSTOM-CRAWLER,"Will's 2026-09-11 handover found price evidence but no standard platform API, so it needs a bespoke spider. Never built or live-tested."
chad,PENDING,learncafe_td,https://td.learncafe.com/,td.learncafe.com,FNB_MIXED,1,4,True,2.0,P2 - queue / NEEDS-CUSTOM-CRAWLER,"Will's 2026-09-11 handover found price evidence but no standard platform API, so it needs a bespoke spider. Never built or live-tested."
chad,PENDING,librairie_numerique_africaine_chad,https://www.librairienumeriqueafricaine.com/,librairienumeriqueafricaine.com,FNB_MIXED,1,2,True,2.0,P2 - queue / NEEDS-CUSTOM-CRAWLER,"Will's 2026-09-11 handover found price evidence but no standard platform API, so it needs a bespoke spider. Never built or live-tested."
chad,PENDING,magazana_td,https://magazana.com/,magazana.com,FNB_MIXED,3,3,True,2.0,P2 - queue / NEEDS-CUSTOM-CRAWLER,"Will's 2026-09-11 handover found price evidence but no standard platform API, so it needs a bespoke spider. Never built or live-tested."
chad,PENDING,monrespro_business_td,https://business.monrespro.com/pays/tchad,business.monrespro.com,FNB_MIXED,1,3,True,2.0,P2 - queue / NEEDS-CUSTOM-CRAWLER,"Will's 2026-09-11 handover found price evidence but no standard platform API, so it needs a bespoke spider. Never built or live-tested."
chad,PENDING,omega_impact_td,https://www.omega-impact.com/,omega-impact.com,FNB_MIXED,1,2,True,2.0,P2 - queue / NEEDS-CUSTOM-CRAWLER,"Will's 2026-09-11 handover found price evidence but no standard platform API, so it needs a bespoke spider. Never built or live-tested."
chad,PENDING,restaurant_bebo_td,https://mon-site-web-five.vercel.app/,mon-site-web-five.vercel.app,FNB_MIXED,1,3,True,2.0,P2 - queue / NEEDS-CUSTOM-CRAWLER,"Will's 2026-09-11 handover found price evidence but no standard platform API, so it needs a bespoke spider. Never built or live-tested."
chad,PENDING,satech_schooly_td,https://www.satech-tchad.com/produit/schooly,satech-tchad.com,FNB_MIXED,1,3,True,2.0,P2 - queue / NEEDS-CUSTOM-CRAWLER,"Will's 2026-09-11 handover found price evidence but no standard platform API, so it needs a bespoke spider. Never built or live-tested."
chad,PENDING,soukdarna_td,https://www.soukdarna.com/,soukdarna.com,FNB_MIXED,3,8,True,2.0,P2 - queue / NEEDS-CUSTOM-CRAWLER,"Will's 2026-09-11 handover found price evidence but no standard platform API, so it needs a bespoke spider. Never built or live-tested."
chad,PENDING,vepaar_lossirimou_td,https://vepaar.store/Lossirimou/products/les-equipements-informatiques,vepaar.store,FNB_MIXED,1,3,True,2.0,P2 - queue / NEEDS-CUSTOM-CRAWLER,"Will's 2026-09-11 handover found price evidence but no standard platform API, so it needs a bespoke spider. Never built or live-tested."
chad,PENDING,aboufarissolar_td,https://aboufarissolar.com/,aboufarissolar.com,FNB_MIXED,1,1,True,2.0,P3 - queue / NEEDS-REVIEW,"Will's 2026-09-11 handover flagged this ambiguous (country, currency or price-surface unclear). Needs manual review before any scaffolding."
chad,PENDING,arcep_observatoire_telecom_2020,https://fr.scribd.com/document/982338491/Rapport-de-l-Obsevatoire-Du-Marche-Des-Telecoms-2020-VF3,fr.scribd.com,FNB_MIXED,1,4,True,2.0,P3 - queue / NEEDS-REVIEW,"Will's 2026-09-11 handover flagged this ambiguous (country, currency or price-surface unclear). Needs manual review before any scaffolding."
chad,PENDING,arsat_gaz_domestique_td,https://afrique-info.com/article/949,afrique-info.com,FNB_MIXED,2,2,True,2.0,P3 - queue / NEEDS-REVIEW,"Will's 2026-09-11 handover flagged this ambiguous (country, currency or price-surface unclear). Needs manual review before any scaffolding."
chad,PENDING,club_mcm_td,https://club-mcm.pepsup.com/les-activites,club-mcm.pepsup.com,FNB_MIXED,1,1,True,2.0,P3 - queue / NEEDS-REVIEW,"Will's 2026-09-11 handover flagged this ambiguous (country, currency or price-surface unclear). Needs manual review before any scaffolding."
chad,PENDING,jibaleysolution_td,https://jibaleysolution.com/,jibaleysolution.com,FNB_MIXED,1,1,True,2.0,P3 - queue / NEEDS-REVIEW,"Will's 2026-09-11 handover flagged this ambiguous (country, currency or price-surface unclear). Needs manual review before any scaffolding."
chad,PENDING,konoom_td,https://konoom.td/konoom-terms-and-conditions-agent-fr/,konoom.td,FNB_MIXED,1,3,True,2.0,P3 - queue / NEEDS-REVIEW,"Will's 2026-09-11 handover flagged this ambiguous (country, currency or price-surface unclear). Needs manual review before any scaffolding."
chad,PENDING,petitfute_ndjamena_restaurants,https://www.petitfute.com/v45655-n-djamena/,petitfute.com,FNB_MIXED,4,5,True,2.0,P3 - queue / NEEDS-REVIEW,"Will's 2026-09-11 handover flagged this ambiguous (country, currency or price-surface unclear). Needs manual review before any scaffolding."
chad,PENDING,starlink_td_tariffs,https://www.starlink.com/,starlink.com,FNB_MIXED,1,3,True,2.0,P3 - queue / NEEDS-REVIEW,"Will's 2026-09-11 handover flagged this ambiguous (country, currency or price-surface unclear). Needs manual review before any scaffolding."
chad,LAST_TRY_FAILED,soukabir_td,https://soukabir.com/,soukabir.com,FNB_MIXED,3,3,False,2.0,SKIP / DNSError,Generated as a crawler-ready manifest by Will's 2026-09-11 handover but it fails the enumerability gate on live probe (DNSError). Not merged into configs: a manifest that cannot enumerate returns zero rows forever.
chad,LAST_TRY_FAILED,adsize_td_market_context,https://adsize.io/fr/geo/td/,adsize.io,FNB_MIXED,2,2,False,2.0,SKIP / CHILD-TASK-BLOCKED,Will's 2026-09-11 handover classified this blocked or not viable. Not re-probed here.
chad,LAST_TRY_FAILED,agce_international_books,https://www.agce-international.org/boutique-agce/livre-journal-des-ressources-pour-d%C3%A9velopper-votre-affaire-n-client-jrde98741,agce-international.org,FNB_MIXED,1,2,False,2.0,SKIP / CHILD-TASK-BLOCKED,Will's 2026-09-11 handover classified this blocked or not viable. Not re-probed here.
chad,LAST_TRY_FAILED,boutique_mosso_td,https://www.beautynailhairsalons.com/TD/N%27Djamena/466069636598113/Boutique-Mosso,beautynailhairsalons.com,FNB_MIXED,1,4,False,2.0,SKIP / CHILD-TASK-BLOCKED,Will's 2026-09-11 handover classified this blocked or not viable. Not re-probed here.
chad,LAST_TRY_FAILED,chagoua_prop_share,https://chagoua-prop-share.lovable.app/,chagoua-prop-share.lovable.app,FNB_MIXED,1,2,False,2.0,SKIP / CHILD-TASK-BLOCKED,Will's 2026-09-11 handover classified this blocked or not viable. Not re-probed here.
chad,LAST_TRY_FAILED,isaworld_shopify_training_td,https://www.isaworld.net/td/formation/30-shopify-de-a-a-z.html,isaworld.net,FNB_MIXED,1,5,False,2.0,SKIP / CHILD-TASK-BLOCKED,Will's 2026-09-11 handover classified this blocked or not viable. Not re-probed here.
chad,LAST_TRY_FAILED,old_restaurant_guide_paystoumai,https://paystoumai.over-blog.com/pages/Restaurants-739076.html,paystoumai.over-blog.com,FNB_MIXED,1,3,False,2.0,SKIP / CHILD-TASK-BLOCKED,Will's 2026-09-11 handover classified this blocked or not viable. Not re-probed here.
chad,LAST_TRY_FAILED,oonoc_aliexpress_tchad,https://oonoc.us/livraison-aliexpress-tchad/,oonoc.us,FNB_MIXED,3,3,False,2.0,SKIP / CHILD-TASK-BLOCKED,Will's 2026-09-11 handover classified this blocked or not viable. Not re-probed here.
chad,LAST_TRY_FAILED,shopylocal_td,https://shopylocal.com/fr,shopylocal.com,FNB_MIXED,1,1,False,2.0,SKIP / CHILD-TASK-BLOCKED,Will's 2026-09-11 handover classified this blocked or not viable. Not re-probed here.
chad,PENDING,chad_otekis,https://www.otekis.com/chad-shop,otekis.com,FNB_MIXED,1,1,False,2.0,P2 - queue / NEEDS-CUSTOM-CRAWLER,Downloaded CSV batch on 2026-09-12; normalized site was not present in the base workbook | scraping ease: Moderate | add as a new scrape target and crawler-creation candidate
chad,PENDING,chad_rimasma,https://www.rimasma.com/products/exp-cd,rimasma.com,FNB_MIXED,1,3,False,2.0,P2 - queue / NEEDS-CUSTOM-CRAWLER,Downloaded CSV batch on 2026-09-12; normalized site was not present in the base workbook | scraping ease: Easy | add as a new scrape target and crawler-creation candidate
liberia,PENDING,booksrun_liberia_books,https://booksrun.com/9781089438069-liberia-the-quest-for-freedom-the-half-thats-never-been-told,booksrun.com,FNB_MIXED,2,2,True,2.0,P2 - queue / NEEDS-CUSTOM-CRAWLER,"Will's 2026-09-11 handover found price evidence but no standard platform API, so it needs a bespoke spider. Never built or live-tested."
liberia,PENDING,historicpictoric_monrovia_map,https://historicpictoric.com/products/map-monrovia-liberia-1980-tourist-antique-vintage,historicpictoric.com,FNB_MIXED,1,1,True,2.0,P2 - queue / NEEDS-CUSTOM-CRAWLER,"Will's 2026-09-11 handover found price evidence but no standard platform API, so it needs a bespoke spider. Never built or live-tested."
liberia,PENDING,liberiabuynsell,https://liberiabuynsell.com/category/electronics,liberiabuynsell.com,FNB_MIXED,3,7,True,2.0,P2 - queue / NEEDS-CUSTOM-CRAWLER,"Will's 2026-09-11 handover found price evidence but no standard platform API, so it needs a bespoke spider. Never built or live-tested."
liberia,PENDING,libno1_computers,https://libno1.com/,libno1.com,FNB_MIXED,1,2,True,2.0,P2 - queue / NEEDS-CUSTOM-CRAWLER,"Will's 2026-09-11 handover found price evidence but no standard platform API, so it needs a bespoke spider. Never built or live-tested."
liberia,PENDING,litwaypicks,https://www.litwaypicks.com/,litwaypicks.com,FNB_MIXED,2,3,True,2.0,P2 - queue / NEEDS-CUSTOM-CRAWLER,"Will's 2026-09-11 handover found price evidence but no standard platform API, so it needs a bespoke spider. Never built or live-tested."
liberia,PENDING,martiva_all,https://martiva.app/,martiva.app,FNB_MIXED,3,5,True,2.0,P2 - queue / NEEDS-CUSTOM-CRAWLER,"Will's 2026-09-11 handover found price evidence but no standard platform API, so it needs a bespoke spider. Never built or live-tested."
liberia,PENDING,shoptsev,https://shoptsev.com/,shoptsev.com,FNB_MIXED,3,4,True,2.0,P2 - queue / NEEDS-CUSTOM-CRAWLER,"Will's 2026-09-11 handover found price evidence but no standard platform API, so it needs a bespoke spider. Never built or live-tested."
liberia,PENDING,starlongman_books,https://starlongmanliberiabooks.com/,starlongmanliberiabooks.com,FNB_MIXED,1,1,True,2.0,P2 - queue / NEEDS-CUSTOM-CRAWLER,"Will's 2026-09-11 handover found price evidence but no standard platform API, so it needs a bespoke spider. Never built or live-tested."
liberia,PENDING,telecel_lr_shop,https://shop.teleceliberia.com/,shop.teleceliberia.com,FNB_MIXED,1,3,True,2.0,P2 - queue / NEEDS-CUSTOM-CRAWLER,"Will's 2026-09-11 handover found price evidence but no standard platform API, so it needs a bespoke spider. Never built or live-tested."
liberia,PENDING,ubuy_liberia_appliances,https://www.liberia.ubuy.com/category/electronics/appliances-2619525011,liberia.ubuy.com,FNB_MIXED,1,3,True,2.0,P2 - queue / NEEDS-CUSTOM-CRAWLER,"Will's 2026-09-11 handover found price evidence but no standard platform API, so it needs a bespoke spider. Never built or live-tested."
liberia,PENDING,usgs_monrovia_map,https://store.usgs.gov/product/26562,store.usgs.gov,FNB_MIXED,1,1,True,2.0,P2 - queue / NEEDS-CUSTOM-CRAWLER,"Will's 2026-09-11 handover found price evidence but no standard platform API, so it needs a bespoke spider. Never built or live-tested."
liberia,PENDING,africanpride_liberia_collection,https://www.africanpride.co/search?q=Liberia+Monrovia,africanpride.co,FNB_MIXED,1,1,True,2.0,P3 - queue / NEEDS-REVIEW,"Will's 2026-09-11 handover flagged this ambiguous (country, currency or price-surface unclear). Needs manual review before any scaffolding."
liberia,PENDING,ali_building_material,https://www.alibuildingmaterialstore.com/,alibuildingmaterialstore.com,FNB_MIXED,1,2,True,2.0,P3 - queue / NEEDS-REVIEW,"Will's 2026-09-11 handover flagged this ambiguous (country, currency or price-surface unclear). Needs manual review before any scaffolding."
liberia,PENDING,citybuilders_lr,https://citybuilders.biz/,citybuilders.biz,FNB_MIXED,1,3,True,2.0,P3 - queue / NEEDS-REVIEW,"Will's 2026-09-11 handover flagged this ambiguous (country, currency or price-surface unclear). Needs manual review before any scaffolding."
liberia,PENDING,ducor_pharmacy,https://www.ducor-international-pharmacy.com/,ducor-international-pharmacy.com,FNB_MIXED,1,1,True,2.0,P3 - queue / NEEDS-REVIEW,"Will's 2026-09-11 handover flagged this ambiguous (country, currency or price-surface unclear). Needs manual review before any scaffolding."
liberia,PENDING,duke_electronics_social,https://www.shops1000.com/LR/Monrovia/101110348285685/Duke-Electronics-Store,shops1000.com,FNB_MIXED,1,3,True,2.0,P3 - queue / NEEDS-REVIEW,"Will's 2026-09-11 handover flagged this ambiguous (country, currency or price-surface unclear). Needs manual review before any scaffolding."
liberia,PENDING,electroworld_lr_social_mirror,https://www.findglocal.com/LR/Monrovia/104889990991889/Electro-World-Inc.-Monrovia-Liberia,findglocal.com,FNB_MIXED,1,3,True,2.0,P3 - queue / NEEDS-REVIEW,"Will's 2026-09-11 handover flagged this ambiguous (country, currency or price-surface unclear). Needs manual review before any scaffolding."
liberia,PENDING,furniturecity_lr,https://www.furniture1000.com/LR/Monrovia/1550423791922900/Furniture-City-Liberia,furniture1000.com,FNB_MIXED,1,2,True,2.0,P3 - queue / NEEDS-REVIEW,"Will's 2026-09-11 handover flagged this ambiguous (country, currency or price-surface unclear). Needs manual review before any scaffolding."
liberia,LAST_TRY_FAILED,sessayelectronic,https://www.sessayelectronic.store/,sessayelectronic.store,FNB_MIXED,1,1,False,2.0,SKIP / HTTP-402,Generated as a crawler-ready manifest by Will's 2026-09-11 handover but it fails the enumerability gate on live probe (HTTP-402). Not merged into configs: a manifest that cannot enumerate returns zero rows forever.
liberia,LAST_TRY_FAILED,buyonwasapp_liberia_appliances,https://www.buyonwasapp.ng/itm-location/liberia?rtcl_category=tv-home-appliances,buyonwasapp.ng,FNB_MIXED,2,2,False,2.0,SKIP / CHILD-TASK-BLOCKED,Will's 2026-09-11 handover classified this blocked or not viable. Not re-probed here.
eswatini,PENDING,alooui_eswatini_esim,https://www.alooui.com/products/swaziland,alooui.com,FNB_MIXED,1,1,True,3.0,P2 - queue / NEEDS-CUSTOM-CRAWLER,"Will's 2026-09-11 handover found price evidence but no standard platform API, so it needs a bespoke spider. Never built or live-tested."
eswatini,PENDING,eslta_bus_fares,https://eslta.org/,eslta.org,FNB_MIXED,1,1,True,3.0,P2 - queue / NEEDS-CUSTOM-CRAWLER,"Will's 2026-09-11 handover found price evidence but no standard platform API, so it needs a bespoke spider. Never built or live-tested."
eswatini,PENDING,gigago_eswatini_esim,https://gigago.com/esim/eswatini/,gigago.com,FNB_MIXED,1,1,True,3.0,P2 - queue / NEEDS-CUSTOM-CRAWLER,"Will's 2026-09-11 handover found price evidence but no standard platform API, so it needs a bespoke spider. Never built or live-tested."
eswatini,PENDING,hivoox_eswatini_esim,https://hivoox.com/shop/eswatini-20gb-30-days,hivoox.com,FNB_MIXED,1,1,True,3.0,P2 - queue / NEEDS-CUSTOM-CRAWLER,"Will's 2026-09-11 handover found price evidence but no standard platform API, so it needs a bespoke spider. Never built or live-tested."
eswatini,PENDING,lesi_inc_vehicle_listings,https://lesi-inc.com/,lesi-inc.com,FNB_MIXED,1,2,True,3.0,P2 - queue / NEEDS-CUSTOM-CRAWLER,"Will's 2026-09-11 handover found price evidence but no standard platform API, so it needs a bespoke spider. Never built or live-tested."
eswatini,PENDING,mollysim_eswatini_esim,https://mollysim.com/merchant/product/019c9955-ff67-737f-933f-bf9346548fd0,mollysim.com,FNB_MIXED,1,1,True,3.0,P2 - queue / NEEDS-CUSTOM-CRAWLER,"Will's 2026-09-11 handover found price evidence but no standard platform API, so it needs a bespoke spider. Never built or live-tested."
eswatini,PENDING,quickmessanger_qm_store,https://quickmessanger.com/,quickmessanger.com,FNB_MIXED,1,1,True,3.0,P2 - queue / NEEDS-CUSTOM-CRAWLER,"Will's 2026-09-11 handover found price evidence but no standard platform API, so it needs a bespoke spider. Never built or live-tested."
eswatini,PENDING,skyfly_mobi_store,https://www.skyfly.mobi/store,skyfly.mobi,FNB_MIXED,1,2,True,3.0,P2 - queue / NEEDS-CUSTOM-CRAWLER,"Will's 2026-09-11 handover found price evidence but no standard platform API, so it needs a bespoke spider. Never built or live-tested."
eswatini,LAST_TRY_FAILED,ntttoyota_co_sz,https://www.ntttoyota.co.sz/,ntttoyota.co.sz,FNB_MIXED,1,2,False,3.0,SKIP / CHILD-TASK-BLOCKED,Will's 2026-09-11 handover classified this blocked or not viable. Not re-probed here.
eswatini,PENDING,eswatini_mysale_sale,https://www.mysale.sale/,mysale.sale,FNB_MIXED,1,1,False,3.0,P2 - queue / NEEDS-CUSTOM-CRAWLER,Downloaded CSV batch on 2026-09-12; normalized site was not present in the base workbook | scraping ease: Easy | add as a new scrape target and crawler-creation candidate
american_samoa,PENDING,american_samoa_insurance_commissioner,https://www.americansamoa.gov/insurance,americansamoa.gov,FNB_MIXED,1,1,True,4.0,P2 - queue / NEEDS-CUSTOM-CRAWLER,"Will's 2026-09-11 handover found price evidence but no standard platform API, so it needs a bespoke spider. Never built or live-tested."
american_samoa,PENDING,american_samoa_medicaid_resources_fee_schedules,https://www.asmsa.gov/resources,asmsa.gov,FNB_MIXED,1,3,True,4.0,P2 - queue / NEEDS-CUSTOM-CRAWLER,"Will's 2026-09-11 handover found price evidence but no standard platform API, so it needs a bespoke spider. Never built or live-tested."
american_samoa,PENDING,anl_pacific_islands_baf_july_2026,https://www.anl.com.au/local/australia/news/772/bunker-adjustment-factor-baf-reviews-for-pacific-islands-slot-trades-effective-1st-july-2026,anl.com.au,FNB_MIXED,1,2,True,4.0,P2 - queue / NEEDS-CUSTOM-CRAWLER,"Will's 2026-09-11 handover found price evidence but no standard platform API, so it needs a bespoke spider. Never built or live-tested."
american_samoa,PENDING,asg_dial_a_ride_fare_page,https://www.dialaride.as/hours-scheduling-and-fare,dialaride.as,FNB_MIXED,1,1,True,4.0,P2 - queue / NEEDS-CUSTOM-CRAWLER,"Will's 2026-09-11 handover found price evidence but no standard platform API, so it needs a bespoke spider. Never built or live-tested."
american_samoa,PENDING,digicel_tv_samoa_offer,https://support-ws.digicelpacific.com/hc/en-us/articles/6454741484431-Digicel-TV-Offer,support-ws.digicelpacific.com,FNB_MIXED,1,1,True,4.0,P2 - queue / NEEDS-CUSTOM-CRAWLER,"Will's 2026-09-11 handover found price evidence but no standard platform API, so it needs a bespoke spider. Never built or live-tested."
american_samoa,PENDING,epiship_american_samoa,https://epiship.com/ase01,epiship.com,FNB_MIXED,1,1,True,4.0,P2 - queue / NEEDS-CUSTOM-CRAWLER,"Will's 2026-09-11 handover found price evidence but no standard platform API, so it needs a bespoke spider. Never built or live-tested."
american_samoa,PENDING,hawaiian_alaska_airlines_american_samoa_fare_deals,https://www.hawaiianairlines.com/en/flights-to-american-samoa,hawaiianairlines.com,FNB_MIXED,1,3,True,4.0,P2 - queue / NEEDS-CUSTOM-CRAWLER,"Will's 2026-09-11 handover found price evidence but no standard platform API, so it needs a bespoke spider. Never built or live-tested."
american_samoa,PENDING,hi_nesian_apparel,https://www.hinesianapparel.com/home,hinesianapparel.com,FNB_MIXED,1,2,True,4.0,P2 - queue / NEEDS-CUSTOM-CRAWLER,"Will's 2026-09-11 handover found price evidence but no standard platform API, so it needs a bespoke spider. Never built or live-tested."
american_samoa,PENDING,island_cargo_samoa_news_bunker_surcharge_update,https://www.samoanews.com/local-news/island-cargo-updates-its-ebs-shipments-west-coast?qt-photos_videos=0,samoanews.com,FNB_MIXED,1,3,True,4.0,P2 - queue / NEEDS-CUSTOM-CRAWLER,"Will's 2026-09-11 handover found price evidence but no standard platform API, so it needs a bespoke spider. Never built or live-tested."
american_samoa,PENDING,jason_car_rental,https://jasoncarrentals.com/?ref_domain_alias=www.jasoncarrentals.com,jasoncarrentals.com,FNB_MIXED,1,5,True,4.0,P2 - queue / NEEDS-CUSTOM-CRAWLER,"Will's 2026-09-11 handover found price evidence but no standard platform API, so it needs a bespoke spider. Never built or live-tested."
american_samoa,PENDING,myus_parcel_shipping_to_american_samoa,https://www.myus.com/where-we-ship/american-samoa/,myus.com,FNB_MIXED,1,2,True,4.0,P2 - queue / NEEDS-CUSTOM-CRAWLER,"Will's 2026-09-11 handover found price evidence but no standard platform API, so it needs a bespoke spider. Never built or live-tested."
american_samoa,PENDING,neil_s_ace_home_center,https://shop.neilsace.com/,shop.neilsace.com,FNB_MIXED,2,8,True,4.0,P2 - queue / NEEDS-CUSTOM-CRAWLER,"Will's 2026-09-11 handover found price evidence but no standard platform API, so it needs a bespoke spider. Never built or live-tested."
american_samoa,PENDING,oceania_university_of_medicine_tuition_and_fees,https://oum.edu.ws/admissions/tuition-fees/,oum.edu.ws,FNB_MIXED,1,5,True,4.0,P2 - queue / NEEDS-CUSTOM-CRAWLER,"Will's 2026-09-11 handover found price evidence but no standard platform API, so it needs a bespoke spider. Never built or live-tested."
american_samoa,PENDING,polynesian_airlines_inter_samoa_fares,https://www.polynesianairlines.com/bkflight,polynesianairlines.com,FNB_MIXED,1,4,True,4.0,P2 - queue / NEEDS-CUSTOM-CRAWLER,"Will's 2026-09-11 handover found price evidence but no standard platform API, so it needs a bespoke spider. Never built or live-tested."
american_samoa,PENDING,samoa_airways_fare_rules_and_charges,https://samoaairways.com/change-ui.php,samoaairways.com,FNB_MIXED,1,3,True,4.0,P2 - queue / NEEDS-CUSTOM-CRAWLER,"Will's 2026-09-11 handover found price evidence but no standard platform API, so it needs a bespoke spider. Never built or live-tested."
american_samoa,PENDING,samoa_international_finance_authority_fee_schedule,https://sifa.ws/fee-schedule/,sifa.ws,FNB_MIXED,1,2,True,4.0,P2 - queue / NEEDS-CUSTOM-CRAWLER,"Will's 2026-09-11 handover found price evidence but no standard platform API, so it needs a bespoke spider. Never built or live-tested."
american_samoa,PENDING,samoa_shipping_corporation_cargo_tariffs,https://www.ssc.ws/cargo/,ssc.ws,FNB_MIXED,1,3,True,4.0,P2 - queue / NEEDS-CUSTOM-CRAWLER,"Will's 2026-09-11 handover found price evidence but no standard platform API, so it needs a bespoke spider. Never built or live-tested."
american_samoa,PENDING,samoamarket,https://samoamarket.com/,samoamarket.com,FNB_MIXED,2,3,True,4.0,P2 - queue / NEEDS-CUSTOM-CRAWLER,"Will's 2026-09-11 handover found price evidence but no standard platform API, so it needs a bespoke spider. Never built or live-tested."
american_samoa,PENDING,talofa_airways_cargo_rates,https://www.talofaairways.com/passenger-information/freight-cargo/,talofaairways.com,FNB_MIXED,1,2,True,4.0,P2 - queue / NEEDS-CUSTOM-CRAWLER,"Will's 2026-09-11 handover found price evidence but no standard platform API, so it needs a bespoke spider. Never built or live-tested."
american_samoa,PENDING,tanoa_hawaii,https://tanoa.shop/collections/all,tanoa.shop,FNB_MIXED,1,2,True,4.0,P2 - queue / NEEDS-CUSTOM-CRAWLER,"Will's 2026-09-11 handover found price evidence but no standard platform API, so it needs a bespoke spider. Never built or live-tested."
american_samoa,PENDING,the_koko_samoa_apparel,https://thekokosamoa.com/collections/apparel,thekokosamoa.com,FNB_MIXED,1,1,True,4.0,P2 - queue / NEEDS-CUSTOM-CRAWLER,"Will's 2026-09-11 handover found price evidence but no standard platform API, so it needs a bespoke spider. Never built or live-tested."
american_samoa,PENDING,toa_samoa_shop,https://toasamoashop.com/collections/all-items,toasamoashop.com,FNB_MIXED,1,4,True,4.0,P2 - queue / NEEDS-CUSTOM-CRAWLER,"Will's 2026-09-11 handover found price evidence but no standard platform API, so it needs a bespoke spider. Never built or live-tested."
american_samoa,PENDING,tradewinds_hotel_child_care_center,https://tradewinds.as/service/child-care-center,tradewinds.as,FNB_MIXED,1,1,True,4.0,P2 - queue / NEEDS-CUSTOM-CRAWLER,"Will's 2026-09-11 handover found price evidence but no standard platform API, so it needs a bespoke spider. Never built or live-tested."
american_samoa,PENDING,tutila_store,https://tutuilastore.com/,tutuilastore.com,FNB_MIXED,3,3,True,4.0,P3 - queue / NEEDS-REVIEW,"Will's 2026-09-11 handover flagged this ambiguous (country, currency or price-surface unclear). Needs manual review before any scaffolding."
american_samoa,LAST_TRY_FAILED,airdna_pago_pago_short_term_rental_data,https://www.airdna.co/vacation-rental-data/app/as/american-samoa/pago-pago/overview,airdna.co,FNB_MIXED,1,1,False,4.0,SKIP / CHILD-TASK-BLOCKED,Will's 2026-09-11 handover classified this blocked or not viable. Not re-probed here.
american_samoa,LAST_TRY_FAILED,gao_lbj_hospital_facility_fee_reference,https://www.gao.gov/assets/a244973.html,gao.gov,FNB_MIXED,2,3,False,4.0,SKIP / CHILD-TASK-BLOCKED,Will's 2026-09-11 handover classified this blocked or not viable. Not re-probed here.
american_samoa,LAST_TRY_FAILED,jersey_chest_american_samoa_collection,https://www.jerseychest.com/collections/american-samoa,jerseychest.com,FNB_MIXED,1,3,False,4.0,SKIP / CHILD-TASK-BLOCKED,Will's 2026-09-11 handover classified this blocked or not viable. Not re-probed here.
american_samoa,LAST_TRY_FAILED,kayak_american_samoa_car_rentals,https://www.kayak.com/American-Samoa-Car-Rentals.4.crc.html,kayak.com,FNB_MIXED,1,4,False,4.0,SKIP / CHILD-TASK-BLOCKED,Will's 2026-09-11 handover classified this blocked or not viable. Not re-probed here.
american_samoa,LAST_TRY_FAILED,polynesian_pride_american_samoa_collection,https://www.polynesianpride.co/collections/american-samoa,polynesianpride.co,FNB_MIXED,2,2,False,4.0,SKIP / CHILD-TASK-BLOCKED,Will's 2026-09-11 handover classified this blocked or not viable. Not re-probed here.
american_samoa,LAST_TRY_FAILED,talanei_inter_samoa_airfare_hearing_article,https://www.talanei.com/2026/03/11/airline-officials-explain-fare-hikes-on-inter-samoa-route/,talanei.com,FNB_MIXED,1,3,False,4.0,SKIP / CHILD-TASK-BLOCKED,Will's 2026-09-11 handover classified this blocked or not viable. Not re-probed here.
american_samoa,LAST_TRY_FAILED,talofa_gifts,https://talofagifts.com/collections/clothing,talofagifts.com,FNB_MIXED,1,2,False,4.0,SKIP / CHILD-TASK-BLOCKED,Will's 2026-09-11 handover classified this blocked or not viable. Not re-probed here.
american_samoa,LAST_TRY_FAILED,tripadvisor_pago_pago_hotels,https://www.tripadvisor.com/Hotels-g60672-Pago_Pago_Tutuila-Hotels.html,tripadvisor.com,FNB_MIXED,1,2,False,4.0,SKIP / CHILD-TASK-BLOCKED,Will's 2026-09-11 handover classified this blocked or not viable. Not re-probed here.
american_samoa,LAST_TRY_FAILED,visit_pago_pago_restaurant_directory,https://visitpagopago.com/restaurants/,visitpagopago.com,FNB_MIXED,2,5,False,4.0,SKIP / CHILD-TASK-BLOCKED,Will's 2026-09-11 handover classified this blocked or not viable. Not re-probed here.
american_samoa,LAST_TRY_FAILED,world_prices_american_samoa_food_prices,https://world-prices.com/en/american-samoa/prices-food,world-prices.com,FNB_MIXED,2,2,False,4.0,SKIP / CHILD-TASK-BLOCKED,Will's 2026-09-11 handover classified this blocked or not viable. Not re-probed here.
botswana,PENDING,absa_bw_tariff_guide,https://www.absa.co.bw/tariff-guide/,absa.co.bw,FNB_MIXED,1,2,True,5.0,P2 - queue / NEEDS-CUSTOM-CRAWLER,"Will's 2026-09-11 handover found price evidence but no standard platform API, so it needs a bespoke spider. Never built or live-tested."
botswana,PENDING,afm_tlokweng_shop,https://afmtlokweng.org/shop/,afmtlokweng.org,FNB_MIXED,1,1,True,5.0,P2 - queue / NEEDS-CUSTOM-CRAWLER,"Will's 2026-09-11 handover found price evidence but no standard platform API, so it needs a bespoke spider. Never built or live-tested."
botswana,PENDING,androw_car_rental,https://androwcarrental.com/pricing,androwcarrental.com,FNB_MIXED,1,5,True,5.0,P2 - queue / NEEDS-CUSTOM-CRAWLER,"Will's 2026-09-11 handover found price evidence but no standard platform API, so it needs a bespoke spider. Never built or live-tested."
botswana,PENDING,ao_clinic_prices,https://www.aoclinic.co.bw/prices.php,aoclinic.co.bw,FNB_MIXED,1,2,True,5.0,P2 - queue / NEEDS-CUSTOM-CRAWLER,"Will's 2026-09-11 handover found price evidence but no standard platform API, so it needs a bespoke spider. Never built or live-tested."
botswana,PENDING,avani_gaborone_offers,https://www.avanihotels.com/en/gaborone/offers,avanihotels.com,FNB_MIXED,1,1,True,5.0,P2 - queue / NEEDS-CUSTOM-CRAWLER,"Will's 2026-09-11 handover found price evidence but no standard platform API, so it needs a bespoke spider. Never built or live-tested."
botswana,PENDING,bas_bw_shop,https://www.bas.co.bw/shop,bas.co.bw,FNB_MIXED,1,2,True,5.0,P2 - queue / NEEDS-CUSTOM-CRAWLER,"Will's 2026-09-11 handover found price evidence but no standard platform API, so it needs a bespoke spider. Never built or live-tested."
botswana,PENDING,bbs_bank_tariffs,https://www.bbs.co.bw/index.php/publications,bbs.co.bw,FNB_MIXED,1,3,True,5.0,P2 - queue / NEEDS-CUSTOM-CRAWLER,"Will's 2026-09-11 handover found price evidence but no standard platform API, so it needs a bespoke spider. Never built or live-tested."
botswana,PENDING,bera_fuel_price_release,https://dailynews.gov.bw/news-detail/92117,dailynews.gov.bw,FNB_MIXED,1,4,True,5.0,P2 - queue / NEEDS-CUSTOM-CRAWLER,"Will's 2026-09-11 handover found price evidence but no standard platform API, so it needs a bespoke spider. Never built or live-tested."
botswana,PENDING,bnsc_gaborone_gym,https://www.bnsc.co.bw/bnsc9/node/223,bnsc.co.bw,FNB_MIXED,1,3,True,5.0,P2 - queue / NEEDS-CUSTOM-CRAWLER,"Will's 2026-09-11 handover found price evidence but no standard platform API, so it needs a bespoke spider. Never built or live-tested."
botswana,PENDING,bomaid_tariffs,https://www.bomaid.co.bw/tariffs,bomaid.co.bw,FNB_MIXED,1,2,True,5.0,P2 - queue / NEEDS-CUSTOM-CRAWLER,"Will's 2026-09-11 handover found price evidence but no standard platform API, so it needs a bespoke spider. Never built or live-tested."
botswana,PENDING,botswanapost_tariff_calculators,https://botswanapost.post/,botswanapost.post,FNB_MIXED,1,3,True,5.0,P2 - queue / NEEDS-CUSTOM-CRAWLER,"Will's 2026-09-11 handover found price evidence but no standard platform API, so it needs a bespoke spider. Never built or live-tested."
botswana,PENDING,botswanapost_virtual_post_office,https://posttracking.botswanapost.co.bw/postglobal/vpo/ValidationWithMasterPage.aspx,posttracking.botswanapost.co.bw,FNB_MIXED,1,1,True,5.0,P2 - queue / NEEDS-CUSTOM-CRAWLER,"Will's 2026-09-11 handover found price evidence but no standard platform API, so it needs a bespoke spider. Never built or live-tested."
botswana,PENDING,botswanashop_bw,https://www.botswanashop.com/shop,botswanashop.com,FNB_MIXED,1,2,True,5.0,P2 - queue / NEEDS-CUSTOM-CRAWLER,"Will's 2026-09-11 handover found price evidence but no standard platform API, so it needs a bespoke spider. Never built or live-tested."
botswana,PENDING,bpc_tariffs_information,https://www.bpc.bw/tariffs-information/,bpc.bw,FNB_MIXED,1,2,True,5.0,P2 - queue / NEEDS-CUSTOM-CRAWLER,"Will's 2026-09-11 handover found price evidence but no standard platform API, so it needs a bespoke spider. Never built or live-tested."
botswana,PENDING,bradlows_pricemate_bw,https://pricemate.info/products,pricemate.info,FNB_MIXED,1,3,True,5.0,P2 - queue / NEEDS-CUSTOM-CRAWLER,"Will's 2026-09-11 handover found price evidence but no standard platform API, so it needs a bespoke spider. Never built or live-tested."
botswana,PENDING,carsbotswana,https://carsbotswana.com/,carsbotswana.com,FNB_MIXED,1,2,True,5.0,P2 - queue / NEEDS-CUSTOM-CRAWLER,"Will's 2026-09-11 handover found price evidence but no standard platform API, so it needs a bespoke spider. Never built or live-tested."
botswana,PENDING,celestialspaces_bw,https://celestialspacesbw.com/shop,celestialspacesbw.com,FNB_MIXED,1,1,True,5.0,P2 - queue / NEEDS-CUSTOM-CRAWLER,"Will's 2026-09-11 handover found price evidence but no standard platform API, so it needs a bespoke spider. Never built or live-tested."
botswana,PENDING,dellkorse_bw,https://www.dellkorse.co.bw/shop,dellkorse.co.bw,FNB_MIXED,1,2,True,5.0,P2 - queue / NEEDS-CUSTOM-CRAWLER,"Will's 2026-09-11 handover found price evidence but no standard platform API, so it needs a bespoke spider. Never built or live-tested."
botswana,PENDING,dikukama_hotel_rates,https://dikukamahotels.co.bw/,dikukamahotels.co.bw,FNB_MIXED,1,1,True,5.0,P2 - queue / NEEDS-CUSTOM-CRAWLER,"Will's 2026-09-11 handover found price evidence but no standard platform API, so it needs a bespoke spider. Never built or live-tested."
botswana,PENDING,edutoys_world_bw,https://www.edutoys.world/shop,edutoys.world,FNB_MIXED,1,1,True,5.0,P2 - queue / NEEDS-CUSTOM-CRAWLER,"Will's 2026-09-11 handover found price evidence but no standard platform API, so it needs a bespoke spider. Never built or live-tested."
botswana,PENDING,fedex_botswana_rates,https://www.fedex.com/en-bw/shipping/rates.html,fedex.com,FNB_MIXED,1,1,True,5.0,P2 - queue / NEEDS-CUSTOM-CRAWLER,"Will's 2026-09-11 handover found price evidence but no standard platform API, so it needs a bespoke spider. Never built or live-tested."
botswana,PENDING,fnb_botswana_pricing_guides,https://www.online.fnbbotswana.co.bw/rates/Transact-Pricing-Guide.html,online.fnbbotswana.co.bw,FNB_MIXED,1,1,True,5.0,P2 - queue / NEEDS-CUSTOM-CRAWLER,"Will's 2026-09-11 handover found price evidence but no standard platform API, so it needs a bespoke spider. Never built or live-tested."
botswana,PENDING,gaborone_international_school_fees,https://www.gaboroneinternationalschool.co.bw/parent-hub/fees,gaboroneinternationalschool.co.bw,FNB_MIXED,1,4,True,5.0,P2 - queue / NEEDS-CUSTOM-CRAWLER,"Will's 2026-09-11 handover found price evidence but no standard platform API, so it needs a bespoke spider. Never built or live-tested."
botswana,PENDING,gips_courses_fees,https://www.gips.ac.bw/search-results.php,gips.ac.bw,FNB_MIXED,1,1,True,5.0,P2 - queue / NEEDS-CUSTOM-CRAWLER,"Will's 2026-09-11 handover found price evidence but no standard platform API, so it needs a bespoke spider. Never built or live-tested."
botswana,PENDING,govbw_driving_license_fees,https://www.gov.bw/taxonomy/term/116?page=3,gov.bw,FNB_MIXED,1,2,True,5.0,P2 - queue / NEEDS-CUSTOM-CRAWLER,"Will's 2026-09-11 handover found price evidence but no standard platform API, so it needs a bespoke spider. Never built or live-tested."
botswana,PENDING,hibiscus_schools_fees,https://hibiscusschools.com/admissions/,hibiscusschools.com,FNB_MIXED,1,2,True,5.0,P2 - queue / NEEDS-CUSTOM-CRAWLER,"Will's 2026-09-11 handover found price evidence but no standard platform API, so it needs a bespoke spider. Never built or live-tested."
botswana,PENDING,hope_bromo_restaurant,https://hopebromohotel.co.bw/restaurant,hopebromohotel.co.bw,FNB_MIXED,3,3,True,5.0,P2 - queue / NEEDS-CUSTOM-CRAWLER,"Will's 2026-09-11 handover found price evidence but no standard platform API, so it needs a bespoke spider. Never built or live-tested."
botswana,PENDING,impex_auto_parts_bw,https://www.impex.co.bw/,impex.co.bw,FNB_MIXED,2,2,True,5.0,P2 - queue / NEEDS-CUSTOM-CRAWLER,"Will's 2026-09-11 handover found price evidence but no standard platform API, so it needs a bespoke spider. Never built or live-tested."
botswana,PENDING,kasimba_hotel_stay,https://kasimba.co.bw/stay/,kasimba.co.bw,FNB_MIXED,1,2,True,5.0,P2 - queue / NEEDS-CUSTOM-CRAWLER,"Will's 2026-09-11 handover found price evidence but no standard platform API, so it needs a bespoke spider. Never built or live-tested."
botswana,PENDING,kfcbotswana_menu,https://www.kfcbotswana.com/en/menu/,kfcbotswana.com,FNB_MIXED,2,2,True,5.0,P2 - queue / NEEDS-CUSTOM-CRAWLER,"Will's 2026-09-11 handover found price evidence but no standard platform API, so it needs a bespoke spider. Never built or live-tested."
botswana,PENDING,letlhabile_primary_fees,https://letlhabileprimary.ac.bw/~letlhabileprimar/letlhabile-content/cid/170/school-fees/,letlhabileprimary.ac.bw,FNB_MIXED,1,1,True,5.0,P2 - queue / NEEDS-CUSTOM-CRAWLER,"Will's 2026-09-11 handover found price evidence but no standard platform API, so it needs a bespoke spider. Never built or live-tested."
botswana,PENDING,life_matters_driving_academy,https://lifemattersbw.com/driving-academy,lifemattersbw.com,FNB_MIXED,1,3,True,5.0,P2 - queue / NEEDS-CUSTOM-CRAWLER,"Will's 2026-09-11 handover found price evidence but no standard platform API, so it needs a bespoke spider. Never built or live-tested."
botswana,PENDING,matshwane_school_fees,https://matshwaneschool.ac.bw/admissions/,matshwaneschool.ac.bw,FNB_MIXED,1,1,True,5.0,P2 - queue / NEEDS-CUSTOM-CRAWLER,"Will's 2026-09-11 handover found price evidence but no standard platform API, so it needs a bespoke spider. Never built or live-tested."
botswana,PENDING,medlex_consultation,https://www.medlex.center/service-page/consultation-general-medical-exam,medlex.center,FNB_MIXED,1,3,True,5.0,P2 - queue / NEEDS-CUSTOM-CRAWLER,"Will's 2026-09-11 handover found price evidence but no standard platform API, so it needs a bespoke spider. Never built or live-tested."
botswana,PENDING,moh_clinic_fees,https://www.moh.gov.bw/clinics.html,moh.gov.bw,FNB_MIXED,1,3,True,5.0,P2 - queue / NEEDS-CUSTOM-CRAWLER,"Will's 2026-09-11 handover found price evidence but no standard platform API, so it needs a bespoke spider. Never built or live-tested."
botswana,PENDING,mother_hen_fees,https://motherhen.co.bw/fees-and-admission,motherhen.co.bw,FNB_MIXED,1,1,True,5.0,P2 - queue / NEEDS-CUSTOM-CRAWLER,"Will's 2026-09-11 handover found price evidence but no standard platform API, so it needs a bespoke spider. Never built or live-tested."
botswana,PENDING,orange_prepaid_tariffs_bw,https://www.orange.co.bw/en/prepaid-tariffs.html,orange.co.bw,FNB_MIXED,1,2,True,5.0,P2 - queue / NEEDS-CUSTOM-CRAWLER,"Will's 2026-09-11 handover found price evidence but no standard platform API, so it needs a bespoke spider. Never built or live-tested."
botswana,PENDING,orekatech_store,https://store.orekatech.co.bw/,store.orekatech.co.bw,FNB_MIXED,1,3,True,5.0,P2 - queue / NEEDS-CUSTOM-CRAWLER,"Will's 2026-09-11 handover found price evidence but no standard platform API, so it needs a bespoke spider. Never built or live-tested."
botswana,PENDING,pedros_botswana_menu,https://pedroschicken.co.bw/menu/,pedroschicken.co.bw,FNB_MIXED,2,3,True,5.0,P2 - queue / NEEDS-CUSTOM-CRAWLER,"Will's 2026-09-11 handover found price evidence but no standard platform API, so it needs a bespoke spider. Never built or live-tested."
botswana,PENDING,platinumhotel_rooms,https://platinumhotel.co.bw/shop/standard-room-14,platinumhotel.co.bw,FNB_MIXED,1,2,True,5.0,P2 - queue / NEEDS-CUSTOM-CRAWLER,"Will's 2026-09-11 handover found price evidence but no standard platform API, so it needs a bespoke spider. Never built or live-tested."
botswana,PENDING,prosperity_secrets_books,https://prosperitysecretsinternational.net/,prosperitysecretsinternational.net,FNB_MIXED,1,1,True,5.0,P2 - queue / NEEDS-CUSTOM-CRAWLER,"Will's 2026-09-11 handover found price evidence but no standard platform API, so it needs a bespoke spider. Never built or live-tested."
botswana,PENDING,pulacars_bw,https://www.pulacars.com/,pulacars.com,FNB_MIXED,2,3,True,5.0,P2 - queue / NEEDS-CUSTOM-CRAWLER,"Will's 2026-09-11 handover found price evidence but no standard platform API, so it needs a bespoke spider. Never built or live-tested."
botswana,PENDING,regent_hill_school_fees,https://rhis.ac.bw/prospectus-fees.html,rhis.ac.bw,FNB_MIXED,1,2,True,5.0,P2 - queue / NEEDS-CUSTOM-CRAWLER,"Will's 2026-09-11 handover found price evidence but no standard platform API, so it needs a bespoke spider. Never built or live-tested."
botswana,PENDING,rocomamas_botswana_menu,https://rocomamas.com/bw/menu,rocomamas.com,FNB_MIXED,2,3,True,5.0,P2 - queue / NEEDS-CUSTOM-CRAWLER,"Will's 2026-09-11 handover found price evidence but no standard platform API, so it needs a bespoke spider. Never built or live-tested."
botswana,PENDING,shedol_cosmetics_bw,https://shedolcosmetics.com/online-shop/,shedolcosmetics.com,FNB_MIXED,1,1,True,5.0,P2 - queue / NEEDS-CUSTOM-CRAWLER,"Will's 2026-09-11 handover found price evidence but no standard platform API, so it needs a bespoke spider. Never built or live-tested."
botswana,PENDING,stanbic_bw_tariff_guide,https://www.stanbicbank.co.bw/botswana/personal,stanbicbank.co.bw,FNB_MIXED,1,2,True,5.0,P2 - queue / NEEDS-CUSTOM-CRAWLER,"Will's 2026-09-11 handover found price evidence but no standard platform API, so it needs a bespoke spider. Never built or live-tested."
botswana,PENDING,titanburgers_bw,https://www.titanburgers.co.bw/,titanburgers.co.bw,FNB_MIXED,2,3,True,5.0,P2 - queue / NEEDS-CUSTOM-CRAWLER,"Will's 2026-09-11 handover found price evidence but no standard platform API, so it needs a bespoke spider. Never built or live-tested."
botswana,PENDING,tswanawana_bw,https://www.tswanawana.com/,tswanawana.com,FNB_MIXED,2,2,True,5.0,P2 - queue / NEEDS-CUSTOM-CRAWLER,"Will's 2026-09-11 handover found price evidence but no standard platform API, so it needs a bespoke spider. Never built or live-tested."
botswana,PENDING,twt_bw,https://www.twt.co.bw/product-category/promotion/,twt.co.bw,FNB_MIXED,1,2,True,5.0,P2 - queue / NEEDS-CUSTOM-CRAWLER,"Will's 2026-09-11 handover found price evidence but no standard platform API, so it needs a bespoke spider. Never built or live-tested."
botswana,PENDING,university_of_botswana_fee_schedule,https://www.ub.bw/media/108,ub.bw,FNB_MIXED,1,2,True,5.0,P2 - queue / NEEDS-CUSTOM-CRAWLER,"Will's 2026-09-11 handover found price evidence but no standard platform API, so it needs a bespoke spider. Never built or live-tested."
botswana,PENDING,wonderkidz_school_fees,https://wonderkidzschools.co.bw/,wonderkidzschools.co.bw,FNB_MIXED,1,1,True,5.0,P2 - queue / NEEDS-CUSTOM-CRAWLER,"Will's 2026-09-11 handover found price evidence but no standard platform API, so it needs a bespoke spider. Never built or live-tested."
botswana,PENDING,woodlands_lodge_rates,https://www.woodlandsbotswana.com/campsite/rates/,woodlandsbotswana.com,FNB_MIXED,1,3,True,5.0,P2 - queue / NEEDS-CUSTOM-CRAWLER,"Will's 2026-09-11 handover found price evidence but no standard platform API, so it needs a bespoke spider. Never built or live-tested."
botswana,PENDING,wuc_tariffs,https://www.wuc.bw/link-content/our-tariffs,wuc.bw,FNB_MIXED,2,2,True,5.0,P2 - queue / NEEDS-CUSTOM-CRAWLER,"Will's 2026-09-11 handover found price evidence but no standard platform API, so it needs a bespoke spider. Never built or live-tested."
botswana,PENDING,zencafe_bw,https://zencafe.co.bw/order,zencafe.co.bw,FNB_MIXED,3,3,True,5.0,P2 - queue / NEEDS-CUSTOM-CRAWLER,"Will's 2026-09-11 handover found price evidence but no standard platform API, so it needs a bespoke spider. Never built or live-tested."
botswana,PENDING,auto_grade_spares_social,https://www.autoyas.com/BW/Gaborone/108753777958403/Auto-Grade-Spares,autoyas.com,FNB_MIXED,2,3,True,5.0,P3 - queue / NEEDS-REVIEW,"Will's 2026-09-11 handover flagged this ambiguous (country, currency or price-surface unclear). Needs manual review before any scaffolding."
botswana,PENDING,autoline_bw,https://autoline-bw.com/,autoline-bw.com,FNB_MIXED,3,3,True,5.0,P3 - queue / NEEDS-REVIEW,"Will's 2026-09-11 handover flagged this ambiguous (country, currency or price-surface unclear). Needs manual review before any scaffolding."
botswana,PENDING,bera_electricity_tariffs,https://www.bera.co.bw/electricity.php,bera.co.bw,FNB_MIXED,1,3,True,5.0,P3 - queue / NEEDS-REVIEW,"Will's 2026-09-11 handover flagged this ambiguous (country, currency or price-surface unclear). Needs manual review before any scaffolding."
botswana,PENDING,cca_lpg_price_survey,https://www.competitionauthority.co.bw/retail-price-survey-commodities-and-lpg-gas-specified-localities-pre-and-post-vat-adjustment,competitionauthority.co.bw,FNB_MIXED,1,3,True,5.0,P3 - queue / NEEDS-REVIEW,"Will's 2026-09-11 handover flagged this ambiguous (country, currency or price-surface unclear). Needs manual review before any scaffolding."
botswana,PENDING,clickconnect_bw,https://www.clickconnect.co.bw/shop,clickconnect.co.bw,FNB_MIXED,1,2,True,5.0,P3 - queue / NEEDS-REVIEW,"Will's 2026-09-11 handover flagged this ambiguous (country, currency or price-surface unclear). Needs manual review before any scaffolding."
botswana,PENDING,dynamic_cash_carry_flipbook,https://fliphtml5.com/vhay/jrew/TBA_23rd_Oct_-_3rd_Nov_2023/,fliphtml5.com,FNB_MIXED,2,3,True,5.0,P3 - queue / NEEDS-REVIEW,"Will's 2026-09-11 handover flagged this ambiguous (country, currency or price-surface unclear). Needs manual review before any scaffolding."
botswana,PENDING,gabseats_social,https://www.restaurants10.com/BW/Gaborone/647243498474259/Gabs-Eats,restaurants10.com,FNB_MIXED,2,2,True,5.0,P3 - queue / NEEDS-REVIEW,"Will's 2026-09-11 handover flagged this ambiguous (country, currency or price-surface unclear). Needs manual review before any scaffolding."
botswana,PENDING,haskins_hardware_bw,https://haskinshardware.co.bw/,haskinshardware.co.bw,FNB_MIXED,2,2,True,5.0,P3 - queue / NEEDS-REVIEW,"Will's 2026-09-11 handover flagged this ambiguous (country, currency or price-surface unclear). Needs manual review before any scaffolding."
botswana,PENDING,jonel_sportif_bw,https://jonelsportif.com/index.html,jonelsportif.com,FNB_MIXED,2,2,True,5.0,P3 - queue / NEEDS-REVIEW,"Will's 2026-09-11 handover flagged this ambiguous (country, currency or price-surface unclear). Needs manual review before any scaffolding."
botswana,PENDING,msbm_botswana_courses,https://msbm.org.uk/botswana/programme/professional-certificate-in-security-intelligence-and-investigative-practice,msbm.org.uk,FNB_MIXED,1,2,True,5.0,P3 - queue / NEEDS-REVIEW,"Will's 2026-09-11 handover flagged this ambiguous (country, currency or price-surface unclear). Needs manual review before any scaffolding."
botswana,PENDING,partscityafrica_bw,https://partscityafrica.com/,partscityafrica.com,FNB_MIXED,2,3,True,5.0,P3 - queue / NEEDS-REVIEW,"Will's 2026-09-11 handover flagged this ambiguous (country, currency or price-surface unclear). Needs manual review before any scaffolding."
botswana,PENDING,pulamarket_bw,https://pulamarket.co.bw/,pulamarket.co.bw,FNB_MIXED,4,4,True,5.0,P3 - queue / NEEDS-REVIEW,"Will's 2026-09-11 handover flagged this ambiguous (country, currency or price-surface unclear). Needs manual review before any scaffolding."
botswana,PENDING,pulamed_tariffs,https://pulamed.co.bw/tariffs,pulamed.co.bw,FNB_MIXED,1,3,True,5.0,P3 - queue / NEEDS-REVIEW,"Will's 2026-09-11 handover flagged this ambiguous (country, currency or price-surface unclear). Needs manual review before any scaffolding."
botswana,PENDING,shopbotswana_artisans,https://shopbotswana.com/products,shopbotswana.com,FNB_MIXED,2,2,True,5.0,P3 - queue / NEEDS-REVIEW,"Will's 2026-09-11 handover flagged this ambiguous (country, currency or price-surface unclear). Needs manual review before any scaffolding."
botswana,PENDING,specsavers_bw,https://www.specsaversbotswana.co.bw/shop/ladies,specsaversbotswana.co.bw,FNB_MIXED,1,1,True,5.0,P3 - queue / NEEDS-REVIEW,"Will's 2026-09-11 handover flagged this ambiguous (country, currency or price-surface unclear). Needs manual review before any scaffolding."
botswana,PENDING,tyres_online_bw,https://www.tyres-online.co.bw/,tyres-online.co.bw,FNB_MIXED,1,1,True,5.0,P3 - queue / NEEDS-REVIEW,"Will's 2026-09-11 handover flagged this ambiguous (country, currency or price-surface unclear). Needs manual review before any scaffolding."
botswana,PENDING,ubuy_bw,https://www.ubuy.co.bw/,ubuy.co.bw,FNB_MIXED,2,5,True,5.0,P3 - queue / NEEDS-REVIEW,"Will's 2026-09-11 handover flagged this ambiguous (country, currency or price-surface unclear). Needs manual review before any scaffolding."
botswana,PENDING,vistaprint_bw_wear,https://www.vistaprint.co.bw/vista-wear.html,vistaprint.co.bw,FNB_MIXED,2,3,True,5.0,P3 - queue / NEEDS-REVIEW,"Will's 2026-09-11 handover flagged this ambiguous (country, currency or price-surface unclear). Needs manual review before any scaffolding."
botswana,LAST_TRY_FAILED,cellphonewarehouse_bw,https://cellphonewarehousebw.com/2-home,cellphonewarehousebw.com,FNB_MIXED,1,2,False,5.0,SKIP / EMPTY-CATALOG,Generated as a crawler-ready manifest by Will's 2026-09-11 handover but it fails the enumerability gate on live probe (EMPTY-CATALOG). Not merged into configs: a manifest that cannot enumerate returns zero rows forever.
botswana,LAST_TRY_FAILED,houseofgentlemen_bw,https://www.houseofgentlemen.co.bw/,houseofgentlemen.co.bw,FNB_MIXED,1,1,False,5.0,SKIP / HTTP-402,Generated as a crawler-ready manifest by Will's 2026-09-11 handover but it fails the enumerability gate on live probe (HTTP-402). Not merged into configs: a manifest that cannot enumerate returns zero rows forever.
botswana,LAST_TRY_FAILED,mascom_lbw_phones,https://lbw.co.bw/product-category/phones/,lbw.co.bw,FNB_MIXED,1,1,False,5.0,SKIP / DNSError,Generated as a crawler-ready manifest by Will's 2026-09-11 handover but it fails the enumerability gate on live probe (DNSError). Not merged into configs: a manifest that cannot enumerate returns zero rows forever.
botswana,LAST_TRY_FAILED,totaltools_phakalane,https://www.totaltools.co.bw/collections/frontpage,totaltools.co.bw,FNB_MIXED,1,1,False,5.0,SKIP / HTTP-404,Generated as a crawler-ready manifest by Will's 2026-09-11 handover but it fails the enumerability gate on live probe (HTTP-404). Not merged into configs: a manifest that cannot enumerate returns zero rows forever.
botswana,LAST_TRY_FAILED,zkart_bw,https://zkartbw.com/2-home,zkartbw.com,FNB_MIXED,1,2,False,5.0,SKIP / EMPTY-CATALOG,Generated as a crawler-ready manifest by Will's 2026-09-11 handover but it fails the enumerability gate on live probe (EMPTY-CATALOG). Not merged into configs: a manifest that cannot enumerate returns zero rows forever.
botswana,LAST_TRY_FAILED,fours_online_bw,https://foursonline.co.bw/,foursonline.co.bw,FNB_MIXED,1,1,False,5.0,SKIP / CHILD-TASK-BLOCKED,Will's 2026-09-11 handover classified this blocked or not viable. Not re-probed here.
botswana,LAST_TRY_FAILED,furnmart_bw,https://www.furnmart.co.bw/,furnmart.co.bw,FNB_MIXED,2,2,False,5.0,SKIP / CHILD-TASK-BLOCKED,Will's 2026-09-11 handover classified this blocked or not viable. Not re-probed here.
botswana,LAST_TRY_FAILED,plexilife_delivery_bw,https://plexilife.co.bw/medication-delivery/,plexilife.co.bw,FNB_MIXED,2,3,False,5.0,SKIP / CHILD-TASK-BLOCKED,Will's 2026-09-11 handover classified this blocked or not viable. Not re-probed here.
gambia,LAST_TRY_FAILED,national_centre_for_arts_and_culture_shop,https://ncac.gm/shop/?product_orderby=rating&product_view=list,ncac.gm,FNB_MIXED,1,1,False,5.0,SKIP / JSONDecodeError,Generated as a crawler-ready manifest by Will's 2026-09-11 handover but it fails the enumerability gate on live probe (JSONDecodeError). Not merged into configs: a manifest that cannot enumerate returns zero rows forever.
gambia,LAST_TRY_FAILED,saltronics,https://saltronics.gm/,saltronics.gm,FNB_MIXED,1,4,False,5.0,SKIP / DNSError,Generated as a crawler-ready manifest by Will's 2026-09-11 handover but it fails the enumerability gate on live probe (DNSError). Not merged into configs: a manifest that cannot enumerate returns zero rows forever.
gambia,LAST_TRY_FAILED,ashay_by_the_bay,https://ashaybythebay.com/product-category/african-history-and-stories/,ashaybythebay.com,FNB_MIXED,1,1,False,5.0,SKIP / CHILD-TASK-BLOCKED,Will's 2026-09-11 handover classified this blocked or not viable. Not re-probed here.
gambia,LAST_TRY_FAILED,fsqa_product_catalog,https://fsqa.gm/product-category/furniture/,fsqa.gm,FNB_MIXED,1,3,False,5.0,SKIP / CHILD-TASK-BLOCKED,Will's 2026-09-11 handover classified this blocked or not viable. Not re-probed here.
gambia,LAST_TRY_FAILED,innovarx_pos,https://innovarx-pos.com/,innovarx-pos.com,FNB_MIXED,1,1,False,5.0,SKIP / CHILD-TASK-BLOCKED,Will's 2026-09-11 handover classified this blocked or not viable. Not re-probed here.
gambia,LAST_TRY_FAILED,lumo_gambia,https://lumogambia.shop/,lumogambia.shop,FNB_MIXED,2,6,False,5.0,SKIP / CHILD-TASK-BLOCKED,Will's 2026-09-11 handover classified this blocked or not viable. Not re-probed here.
gambia,LAST_TRY_FAILED,metropolitan_school_of_business_and_management_banjul_pages,https://msbm.org.uk/city-of-banjul/,msbm.org.uk,FNB_MIXED,1,2,False,5.0,SKIP / CHILD-TASK-BLOCKED,Will's 2026-09-11 handover classified this blocked or not viable. Not re-probed here.
gambia,LAST_TRY_FAILED,noteshobby_gambia_banknotes,https://noteshobby.com/collections/gambia,noteshobby.com,FNB_MIXED,1,1,False,5.0,SKIP / CHILD-TASK-BLOCKED,Will's 2026-09-11 handover classified this blocked or not viable. Not re-probed here.
gambia,LAST_TRY_FAILED,puttview_kololi_beach_club_book,https://puttviewbooks.com/products/kololi-beach-club-golf-course,puttviewbooks.com,FNB_MIXED,1,2,False,5.0,SKIP / CHILD-TASK-BLOCKED,Will's 2026-09-11 handover classified this blocked or not viable. Not re-probed here.
gambia,LAST_TRY_FAILED,the_gambia_market,https://www.thegambiamarket.com/,thegambiamarket.com,FNB_MIXED,3,6,False,5.0,SKIP / CHILD-TASK-BLOCKED,Will's 2026-09-11 handover classified this blocked or not viable. Not re-probed here.
gambia,PENDING,cargambia_spare_parts,https://www.cargambia.com/en/spare_parts,cargambia.com,FNB_MIXED,2,2,False,5.0,P2 - queue / NEEDS-CUSTOM-CRAWLER,"Will's 2026-09-11 handover found price evidence but no standard platform API, so it needs a bespoke spider. Never built or live-tested."
gambia,PENDING,cas_supplies,https://cas.supplies/,cas.supplies,FNB_MIXED,1,3,False,5.0,P2 - queue / NEEDS-CUSTOM-CRAWLER,"Will's 2026-09-11 handover found price evidence but no standard platform API, so it needs a bespoke spider. Never built or live-tested."
gambia,PENDING,gam_lux,https://gam-lux.com/,gam-lux.com,FNB_MIXED,3,4,False,5.0,P2 - queue / NEEDS-CUSTOM-CRAWLER,"Will's 2026-09-11 handover found price evidence but no standard platform API, so it needs a bespoke spider. Never built or live-tested."
gambia,PENDING,gambia_marketplace_shop,https://gambiamarketplaceshop.com/,gambiamarketplaceshop.com,FNB_MIXED,2,5,False,5.0,P2 - queue / NEEDS-CUSTOM-CRAWLER,"Will's 2026-09-11 handover found price evidence but no standard platform API, so it needs a bespoke spider. Never built or live-tested."
gambia,PENDING,i_store_gambia,https://istoregm.com/,istoregm.com,FNB_MIXED,1,4,False,5.0,P2 - queue / NEEDS-CUSTOM-CRAWLER,"Will's 2026-09-11 handover found price evidence but no standard platform API, so it needs a bespoke spider. Never built or live-tested."
gambia,PENDING,jeddah_trading,https://shopjeddahtrading.com/,shopjeddahtrading.com,FNB_MIXED,2,3,False,5.0,P2 - queue / NEEDS-CUSTOM-CRAWLER,"Will's 2026-09-11 handover found price evidence but no standard platform API, so it needs a bespoke spider. Never built or live-tested."
gambia,PENDING,jendal,https://www.jendal.org/products,jendal.org,FNB_MIXED,4,5,False,5.0,P2 - queue / NEEDS-CUSTOM-CRAWLER,"Will's 2026-09-11 handover found price evidence but no standard platform API, so it needs a bespoke spider. Never built or live-tested."
gambia,PENDING,sass_group_gm,https://sassgroupgm.com/,sassgroupgm.com,FNB_MIXED,2,2,False,5.0,P2 - queue / NEEDS-CUSTOM-CRAWLER,"Will's 2026-09-11 handover found price evidence but no standard platform API, so it needs a bespoke spider. Never built or live-tested."
gambia,PENDING,tems_market,https://www.temsmarket.com/,temsmarket.com,FNB_MIXED,2,7,False,5.0,P2 - queue / NEEDS-CUSTOM-CRAWLER,"Will's 2026-09-11 handover found price evidence but no standard platform API, so it needs a bespoke spider. Never built or live-tested."
gambia,PENDING,workplace_gambia,https://www.workplacegambia.com/category/seating-tables,workplacegambia.com,FNB_MIXED,1,1,False,5.0,P2 - queue / NEEDS-CUSTOM-CRAWLER,"Will's 2026-09-11 handover found price evidence but no standard platform API, so it needs a bespoke spider. Never built or live-tested."
gambia,PENDING,gambia_nhakam,https://nhakam.com/,nhakam.com,FNB_MIXED,2,6,False,5.0,P2 - queue / NEEDS-CUSTOM-CRAWLER,Downloaded CSV batch on 2026-09-12; normalized site was not present in the base workbook | scraping ease: Easy | add as a new scrape target and crawler-creation candidate
gambia,PENDING,gambia_goamarket,https://goamarket.online/,goamarket.online,FNB_MIXED,2,4,False,5.0,P2 - queue / NEEDS-CUSTOM-CRAWLER,Downloaded CSV batch on 2026-09-12; normalized site was not present in the base workbook | scraping ease: Easy | add as a new scrape target and crawler-creation candidate
libya,LAST_TRY_FAILED,progaming_ly,https://progaming.ly/,progaming.ly,FNB_MIXED,2,3,False,6.0,SKIP / JSONDecodeError,Generated as a crawler-ready manifest by Will's 2026-09-11 handover but it fails the enumerability gate on live probe (JSONDecodeError). Not merged into configs: a manifest that cannot enumerate returns zero rows forever.
libya,LAST_TRY_FAILED,alluneed_ly,https://alluneed.ly/ar/,alluneed.ly,FNB_MIXED,1,1,False,6.0,SKIP / CHILD-TASK-BLOCKED,Will's 2026-09-11 handover classified this blocked or not viable. Not re-probed here.
libya,LAST_TRY_FAILED,nokhbacamera_ly,https://www.nokhbacamera.ly/,nokhbacamera.ly,FNB_MIXED,1,1,False,6.0,SKIP / CHILD-TASK-BLOCKED,Will's 2026-09-11 handover classified this blocked or not viable. Not re-probed here.
greenland,PENDING,babysam_gl,https://www.babysam.gl/,babysam.gl,FNB_MIXED,1,1,True,7.0,P2 - queue / NEEDS-CUSTOM-CRAWLER,"Will's 2026-09-11 handover found price evidence but no standard platform API, so it needs a bespoke spider. Never built or live-tested."
greenland,PENDING,glaciershop_store,https://www.glaciershop.store/,glaciershop.store,FNB_MIXED,1,1,True,7.0,P2 - queue / NEEDS-CUSTOM-CRAWLER,"Will's 2026-09-11 handover found price evidence but no standard platform API, so it needs a bespoke spider. Never built or live-tested."
greenland,PENDING,ittu_net,https://www.ittu.net/,ittu.net,FNB_MIXED,1,2,True,7.0,P2 - queue / NEEDS-CUSTOM-CRAWLER,"Will's 2026-09-11 handover found price evidence but no standard platform API, so it needs a bespoke spider. Never built or live-tested."
greenland,PENDING,noenne_net,https://www.noenne.net/,noenne.net,FNB_MIXED,1,3,True,7.0,P2 - queue / NEEDS-CUSTOM-CRAWLER,"Will's 2026-09-11 handover found price evidence but no standard platform API, so it needs a bespoke spider. Never built or live-tested."
greenland,PENDING,yamatek_neos,https://neos.yamatek.gl/,neos.yamatek.gl,FNB_MIXED,1,2,True,7.0,P2 - queue / NEEDS-CUSTOM-CRAWLER,"Will's 2026-09-11 handover found price evidence but no standard platform API, so it needs a bespoke spider. Never built or live-tested."
greenland,PENDING,davidsen_nuuk,https://www.davidsen.dk/find-butik?id=46,davidsen.dk,FNB_MIXED,1,2,True,7.0,P3 - queue / NEEDS-REVIEW,"Will's 2026-09-11 handover flagged this ambiguous (country, currency or price-surface unclear). Needs manual review before any scaffolding."
greenland,PENDING,hotel_soma_nuuk,https://hotelsoma.com/da/restaurant-nuuk/,hotelsoma.com,FNB_MIXED,1,4,True,7.0,P3 - queue / NEEDS-REVIEW,"Will's 2026-09-11 handover flagged this ambiguous (country, currency or price-surface unclear). Needs manual review before any scaffolding."
greenland,PENDING,illerfissarsiutileqatigiit,https://illerfissarsiutileqatigiit.gl/handelsbetingelser/?lang=da,illerfissarsiutileqatigiit.gl,FNB_MIXED,1,2,True,7.0,P3 - queue / NEEDS-REVIEW,"Will's 2026-09-11 handover flagged this ambiguous (country, currency or price-surface unclear). Needs manual review before any scaffolding."
greenland,PENDING,naleraq_sea_safari,https://www.seagreenland.com/webshop/,seagreenland.com,FNB_MIXED,1,1,True,7.0,P3 - queue / NEEDS-REVIEW,"Will's 2026-09-11 handover flagged this ambiguous (country, currency or price-surface unclear). Needs manual review before any scaffolding."
greenland,PENDING,sawadii_gl,https://www.sawadii.gl/,sawadii.gl,FNB_MIXED,3,4,True,7.0,P3 - queue / NEEDS-REVIEW,"Will's 2026-09-11 handover flagged this ambiguous (country, currency or price-surface unclear). Needs manual review before any scaffolding."
greenland,LAST_TRY_FAILED,brorogsoster,https://brorogsoster.gl/,brorogsoster.gl,FNB_MIXED,1,2,False,7.0,SKIP / EMPTY-CATALOG,Generated as a crawler-ready manifest by Will's 2026-09-11 handover but it fails the enumerability gate on live probe (EMPTY-CATALOG). Not merged into configs: a manifest that cannot enumerate returns zero rows forever.
greenland,LAST_TRY_FAILED,elplus_gl,https://elplus.gl/gl/,elplus.gl,FNB_MIXED,1,3,False,7.0,SKIP / EMPTY-CATALOG,Generated as a crawler-ready manifest by Will's 2026-09-11 handover but it fails the enumerability gate on live probe (EMPTY-CATALOG). Not merged into configs: a manifest that cannot enumerate returns zero rows forever.
greenland,LAST_TRY_FAILED,nanoqmedia_gl,https://nanoqmedia.gl/da/vare-kategori/andet/,nanoqmedia.gl,FNB_MIXED,2,3,False,7.0,SKIP / HTTP-401,Generated as a crawler-ready manifest by Will's 2026-09-11 handover but it fails the enumerability gate on live probe (HTTP-401). Not merged into configs: a manifest that cannot enumerate returns zero rows forever.
greenland,LAST_TRY_FAILED,comby_gl,https://shop.comby.gl/,shop.comby.gl,FNB_MIXED,1,3,False,7.0,SKIP / CHILD-TASK-BLOCKED,Will's 2026-09-11 handover classified this blocked or not viable. Not re-probed here.
greenland,LAST_TRY_FAILED,dk_greenland_product_false_positives,,nan,FNB_MIXED,1,2,False,7.0,SKIP / CHILD-TASK-BLOCKED,Will's 2026-09-11 handover classified this blocked or not viable. Not re-probed here.
greenland,LAST_TRY_FAILED,geus_webshop,https://www.geus.dk/produkter-ydelser-og-faciliteter/publikationer/populaervidenskab/boeger/geological-guide-south-greenland,geus.dk,FNB_MIXED,1,1,False,7.0,SKIP / CHILD-TASK-BLOCKED,Will's 2026-09-11 handover classified this blocked or not viable. Not re-probed here.
greenland,LAST_TRY_FAILED,ilisimatusarfik_webshop,https://uk-webshop.uni.gl/current-products/,uk-webshop.uni.gl,FNB_MIXED,2,4,False,7.0,SKIP / CHILD-TASK-BLOCKED,Will's 2026-09-11 handover classified this blocked or not viable. Not re-probed here.
greenland,LAST_TRY_FAILED,kksshopgreenland,https://kksshopgreenland.com/,kksshopgreenland.com,FNB_MIXED,1,3,False,7.0,SKIP / CHILD-TASK-BLOCKED,Will's 2026-09-11 handover classified this blocked or not viable. Not re-probed here.
greenland,LAST_TRY_FAILED,matas_nuuk,https://www.matas.dk/find-butik,matas.dk,FNB_MIXED,1,2,False,7.0,SKIP / CHILD-TASK-BLOCKED,Will's 2026-09-11 handover classified this blocked or not viable. Not re-probed here.
greenland,LAST_TRY_FAILED,sostreneniviogaja_dk,https://sostreneniviogaja.dk/,sostreneniviogaja.dk,FNB_MIXED,1,1,False,7.0,SKIP / CHILD-TASK-BLOCKED,Will's 2026-09-11 handover classified this blocked or not viable. Not re-probed here.
liechtenstein,PENDING,Coop / Migros (via CH),https://www.coop.ch/,coop.ch,FNB_MIXED,1,1,True,9.0,P3 - backlog / SUSPECT,"Candidate found in the 2026-08-31 sourcing round, never built. build_tier=D - hard / app / index only; scrapability=2.0; class=Custom/Enterprise"
liechtenstein,PENDING,baergwelten_shop_li,https://www.baergwelten-shop.com/,baergwelten-shop.com,FNB_MIXED,1,2,True,9.0,P2 - queue / NEEDS-CUSTOM-CRAWLER,"Will's 2026-09-11 handover found price evidence but no standard platform API, so it needs a bespoke spider. Never built or live-tested."
liechtenstein,PENDING,omni_li_books,https://lesen.omni.li/,lesen.omni.li,FNB_MIXED,1,2,True,9.0,P3 - queue / NEEDS-REVIEW,"Will's 2026-09-11 handover flagged this ambiguous (country, currency or price-surface unclear). Needs manual review before any scaffolding."
liechtenstein,PENDING,online_apotheke_ch,https://www.online-apotheke.ch/,online-apotheke.ch,FNB_MIXED,2,2,True,9.0,P3 - queue / NEEDS-REVIEW,"Will's 2026-09-11 handover flagged this ambiguous (country, currency or price-surface unclear). Needs manual review before any scaffolding."
liechtenstein,LAST_TRY_FAILED,rheinapotheke_ch,https://shop.rheinapotheke.ch/,shop.rheinapotheke.ch,FNB_MIXED,1,1,False,9.0,SKIP / CHILD-TASK-BLOCKED,Will's 2026-09-11 handover classified this blocked or not viable. Not re-probed here.
central_african_republic,PENDING,Fallback - WFP VAM,https://dataviz.vam.wfp.org/,dataviz.vam.wfp.org,FNB_MIXED,1,1,True,10.0,P1 - build now / ACCEPT,"Candidate found in the 2026-08-31 sourcing round, never built. build_tier=not scored; scrapability=nan; class=Custom"
central_african_republic,PENDING,afribaba_cf_autos,https://cf.afribaba.com/bangui/autos-voitures-motos-neuves-occasion/voitures-occasion-neuves/,cf.afribaba.com,FNB_MIXED,1,4,True,10.0,P3 - queue / NEEDS-REVIEW,"Will's 2026-09-11 handover flagged this ambiguous (country, currency or price-surface unclear). Needs manual review before any scaffolding."
central_african_republic,PENDING,banguiconnect_classifieds,https://www.banguiconnect.com/categories/tech,banguiconnect.com,FNB_MIXED,1,8,True,10.0,P3 - queue / NEEDS-REVIEW,"Will's 2026-09-11 handover flagged this ambiguous (country, currency or price-surface unclear). Needs manual review before any scaffolding."
central_african_republic,PENDING,ekodii_central_african_republic,https://ekodii.com/market/central-african-republic,ekodii.com,FNB_MIXED,3,4,True,10.0,P3 - queue / NEEDS-REVIEW,"Will's 2026-09-11 handover flagged this ambiguous (country, currency or price-surface unclear). Needs manual review before any scaffolding."
central_african_republic,PENDING,sangostore,https://sangostore.com/produits,sangostore.com,FNB_MIXED,3,6,True,10.0,P3 - queue / NEEDS-REVIEW,"Will's 2026-09-11 handover flagged this ambiguous (country, currency or price-surface unclear). Needs manual review before any scaffolding."
central_african_republic,LAST_TRY_FAILED,bangui_mall_globuya,https://www.globuya.com/CF/Bangui/113708078406670/Bangui-Mall,globuya.com,FNB_MIXED,1,3,False,10.0,SKIP / CHILD-TASK-BLOCKED,Will's 2026-09-11 handover classified this blocked or not viable. Not re-probed here.
central_african_republic,LAST_TRY_FAILED,bonprix_cf,https://bonprix.cf/,bonprix.cf,FNB_MIXED,1,9,False,10.0,SKIP / CHILD-TASK-BLOCKED,Will's 2026-09-11 handover classified this blocked or not viable. Not re-probed here.
central_african_republic,LAST_TRY_FAILED,buyonwasapp_caf,https://www.buyonwasapp.ng/itm-location/central-african-republic,buyonwasapp.ng,FNB_MIXED,1,4,False,10.0,SKIP / CHILD-TASK-BLOCKED,Will's 2026-09-11 handover classified this blocked or not viable. Not re-probed here.
central_african_republic,LAST_TRY_FAILED,clean_computer_services,https://cleanrca.com/services-informatiques/developpement/site-ecommerce,cleanrca.com,FNB_MIXED,1,1,False,10.0,SKIP / CHILD-TASK-BLOCKED,Will's 2026-09-11 handover classified this blocked or not viable. Not re-probed here.
central_african_republic,LAST_TRY_FAILED,e_kiosque_sodipresse,https://www.e-kiosque-sodipresse.com/fr/a-la-carte/hebdomadaire/,e-kiosque-sodipresse.com,FNB_MIXED,1,1,False,10.0,SKIP / CHILD-TASK-BLOCKED,Will's 2026-09-11 handover classified this blocked or not viable. Not re-probed here.
central_african_republic,LAST_TRY_FAILED,ferabeton_bangui_import,https://ferabeton.com/tube-carre-metal-bangui-centrafrique/,ferabeton.com,FNB_MIXED,2,3,False,10.0,SKIP / CHILD-TASK-BLOCKED,Will's 2026-09-11 handover classified this blocked or not viable. Not re-probed here.
central_african_republic,LAST_TRY_FAILED,finigara,https://finigara.com/,finigara.com,FNB_MIXED,1,2,False,10.0,SKIP / CHILD-TASK-BLOCKED,Will's 2026-09-11 handover classified this blocked or not viable. Not re-probed here.
central_african_republic,LAST_TRY_FAILED,kdo_infotech_findglocal,https://www.findglocal.com/CF/Bangui/749148614950344/KDO-infotech--Centrafrique,findglocal.com,FNB_MIXED,1,3,False,10.0,SKIP / CHILD-TASK-BLOCKED,Will's 2026-09-11 handover classified this blocked or not viable. Not re-probed here.
central_african_republic,LAST_TRY_FAILED,librairie_de_france_caf_related,https://www.librairiedefrance.net/,librairiedefrance.net,FNB_MIXED,1,3,False,10.0,SKIP / CHILD-TASK-BLOCKED,Will's 2026-09-11 handover classified this blocked or not viable. Not re-probed here.
central_african_republic,LAST_TRY_FAILED,librairie_rachel_bangui_law,https://www.librairie-rachel.com/categorie-produit/droitlois/?add-to-cart=778,librairie-rachel.com,FNB_MIXED,1,2,False,10.0,SKIP / CHILD-TASK-BLOCKED,Will's 2026-09-11 handover classified this blocked or not viable. Not re-probed here.
central_african_republic,LAST_TRY_FAILED,lnb_rca_real_estate,https://lnbrca.com/offres-de-location/,lnbrca.com,FNB_MIXED,1,1,False,10.0,SKIP / CHILD-TASK-BLOCKED,Will's 2026-09-11 handover classified this blocked or not viable. Not re-probed here.
central_african_republic,LAST_TRY_FAILED,maisonbangui_real_estate_examples,https://maisonbangui.com/,maisonbangui.com,FNB_MIXED,1,2,False,10.0,SKIP / CHILD-TASK-BLOCKED,Will's 2026-09-11 handover classified this blocked or not viable. Not re-probed here.
central_african_republic,LAST_TRY_FAILED,mooshfy_bangui_shopify_services,https://mooshfy.com/bangui/,mooshfy.com,FNB_MIXED,1,1,False,10.0,SKIP / CHILD-TASK-BLOCKED,Will's 2026-09-11 handover classified this blocked or not viable. Not re-probed here.
central_african_republic,LAST_TRY_FAILED,nouvelle_vision_bangui_product_name,https://www.nouvelle-vision.com/fr/loisirs-jeux-et-sport,nouvelle-vision.com,FNB_MIXED,1,2,False,10.0,SKIP / CHILD-TASK-BLOCKED,Will's 2026-09-11 handover classified this blocked or not viable. Not re-probed here.
central_african_republic,LAST_TRY_FAILED,pharmacie_du_peuple_scribd,https://es.scribd.com/document/505426442/Etat-Journal-27,es.scribd.com,FNB_MIXED,1,2,False,10.0,SKIP / CHILD-TASK-BLOCKED,Will's 2026-09-11 handover classified this blocked or not viable. Not re-probed here.
central_african_republic,LAST_TRY_FAILED,shafrik_car_ecommerce_platform,https://www.shafrik.com/pays/republique-centrafricaine,shafrik.com,FNB_MIXED,1,1,False,10.0,SKIP / CHILD-TASK-BLOCKED,Will's 2026-09-11 handover classified this blocked or not viable. Not re-probed here.
central_african_republic,LAST_TRY_FAILED,simiz_bangui_ecommerce_payments,https://simiz.io/blog/bangui-paiement-mobile-ecommerce,simiz.io,FNB_MIXED,2,2,False,10.0,SKIP / CHILD-TASK-BLOCKED,Will's 2026-09-11 handover classified this blocked or not viable. Not re-probed here.
central_african_republic,LAST_TRY_FAILED,steice_cameroon_bangui_sofa,https://steice.cm/produit/salon-5-places-r-bangui-new/,steice.cm,FNB_MIXED,1,3,False,10.0,SKIP / CHILD-TASK-BLOCKED,Will's 2026-09-11 handover classified this blocked or not viable. Not re-probed here.
central_african_republic,LAST_TRY_FAILED,vokani,https://vokani.com/,vokani.com,FNB_MIXED,2,3,False,10.0,SKIP / CHILD-TASK-BLOCKED,Will's 2026-09-11 handover classified this blocked or not viable. Not re-probed here.
central_african_republic,LAST_TRY_FAILED,zado_consulting_shop,https://zadoconsulting.com/product/formation-routage-reseau-avance-bangui-rca/,zadoconsulting.com,FNB_MIXED,1,3,False,10.0,SKIP / CHILD-TASK-BLOCKED,Will's 2026-09-11 handover classified this blocked or not viable. Not re-probed here.
central_african_republic,PENDING,central_african_republic_ndaratibeafrika,https://ndaratibeafrika.com/,ndaratibeafrika.com,FNB_MIXED,1,1,False,10.0,P2 - queue / NEEDS-CUSTOM-CRAWLER,Downloaded CSV batch on 2026-09-12; normalized site was not present in the base workbook | scraping ease: Easy | add as a new scrape target and crawler-creation candidate
south_sudan,PENDING,businessclaud_ss,https://businessclaud.com/ss/black-nikon-dslr-digital-camera-7ib5r41d-in-juba-south-sudan,businessclaud.com,FNB_MIXED,3,8,True,14.0,P2 - queue / NEEDS-CUSTOM-CRAWLER,"Will's 2026-09-11 handover found price evidence but no standard platform API, so it needs a bespoke spider. Never built or live-tested."
south_sudan,PENDING,jubacar_ss,https://jubacar.com/,jubacar.com,FNB_MIXED,1,4,True,14.0,P2 - queue / NEEDS-CUSTOM-CRAWLER,"Will's 2026-09-11 handover found price evidence but no standard platform API, so it needs a bespoke spider. Never built or live-tested."
south_sudan,PENDING,jubacargodirect_all_ss,https://www.jubacargodirect.com/category/all-products,jubacargodirect.com,FNB_MIXED,4,4,True,14.0,P2 - queue / NEEDS-CUSTOM-CRAWLER,"Will's 2026-09-11 handover found price evidence but no standard platform API, so it needs a bespoke spider. Never built or live-tested."
south_sudan,PENDING,jubaexpanse_takeapp_ss,https://jubaexpanse.com/,jubaexpanse.com,FNB_MIXED,1,4,True,14.0,P2 - queue / NEEDS-CUSTOM-CRAWLER,"Will's 2026-09-11 handover found price evidence but no standard platform API, so it needs a bespoke spider. Never built or live-tested."
south_sudan,PENDING,shopit_ss,https://shopit.com.ss/,shopit.com.ss,FNB_MIXED,3,9,True,14.0,P2 - queue / NEEDS-CUSTOM-CRAWLER,"Will's 2026-09-11 handover found price evidence but no standard platform API, so it needs a bespoke spider. Never built or live-tested."
south_sudan,PENDING,ssdonestore_ss,https://ssdonestore.com/,ssdonestore.com,FNB_MIXED,3,6,True,14.0,P2 - queue / NEEDS-CUSTOM-CRAWLER,"Will's 2026-09-11 handover found price evidence but no standard platform API, so it needs a bespoke spider. Never built or live-tested."
south_sudan,PENDING,suddnile_classifieds_ss,https://suddnile.com/electronics/,suddnile.com,FNB_MIXED,2,3,True,14.0,P2 - queue / NEEDS-CUSTOM-CRAWLER,"Will's 2026-09-11 handover found price evidence but no standard platform API, so it needs a bespoke spider. Never built or live-tested."
south_sudan,PENDING,techprosolutionssd_ss,https://www.techprosolutionssd.com/products.html,techprosolutionssd.com,FNB_MIXED,1,2,True,14.0,P2 - queue / NEEDS-CUSTOM-CRAWLER,"Will's 2026-09-11 handover found price evidence but no standard platform API, so it needs a bespoke spider. Never built or live-tested."
south_sudan,PENDING,zuddo_ss,https://www.zuddo.biz/,zuddo.biz,FNB_MIXED,2,6,True,14.0,P2 - queue / NEEDS-CUSTOM-CRAWLER,"Will's 2026-09-11 handover found price evidence but no standard platform API, so it needs a bespoke spider. Never built or live-tested."
south_sudan,PENDING,digitel_estore_ss,https://digitelss.com/business/Go%20to%20e-store,digitelss.com,FNB_MIXED,1,3,True,14.0,P3 - queue / NEEDS-REVIEW,"Will's 2026-09-11 handover flagged this ambiguous (country, currency or price-surface unclear). Needs manual review before any scaffolding."
south_sudan,PENDING,memuapp_ss_ug,https://www.memuapp.com/,memuapp.com,FNB_MIXED,2,2,True,14.0,P3 - queue / NEEDS-REVIEW,"Will's 2026-09-11 handover flagged this ambiguous (country, currency or price-surface unclear). Needs manual review before any scaffolding."
south_sudan,PENDING,shiluana_ride_prices_ss,https://shiluana.com/2022/05/27/increase-in-our-prices/,shiluana.com,FNB_MIXED,1,3,True,14.0,P3 - queue / NEEDS-REVIEW,"Will's 2026-09-11 handover flagged this ambiguous (country, currency or price-surface unclear). Needs manual review before any scaffolding."
south_sudan,LAST_TRY_FAILED,juba_fashion_hub_ss,https://jubafashionhub.store/,jubafashionhub.store,FNB_MIXED,1,2,False,14.0,SKIP / HTTP-402,Generated as a crawler-ready manifest by Will's 2026-09-11 handover but it fails the enumerability gate on live probe (HTTP-402). Not merged into configs: a manifest that cannot enumerate returns zero rows forever.
south_sudan,LAST_TRY_FAILED,jubalaptops_ss,https://jubalaptops.com/,jubalaptops.com,FNB_MIXED,1,2,False,14.0,SKIP / HTTP-401,Generated as a crawler-ready manifest by Will's 2026-09-11 handover but it fails the enumerability gate on live probe (HTTP-401). Not merged into configs: a manifest that cannot enumerate returns zero rows forever.
south_sudan,LAST_TRY_FAILED,jubastationery_ss,https://jubastationery.com/product-category/computer-and-mobiles/,jubastationery.com,FNB_MIXED,1,3,False,14.0,SKIP / HTTP-404,Generated as a crawler-ready manifest by Will's 2026-09-11 handover but it fails the enumerability gate on live probe (HTTP-404). Not merged into configs: a manifest that cannot enumerate returns zero rows forever.
south_sudan,LAST_TRY_FAILED,nilemart_ss,https://nilemart-ss.com/,nilemart-ss.com,FNB_MIXED,3,4,False,14.0,SKIP / JSONDecodeError,Generated as a crawler-ready manifest by Will's 2026-09-11 handover but it fails the enumerability gate on live probe (JSONDecodeError). Not merged into configs: a manifest that cannot enumerate returns zero rows forever.
south_sudan,LAST_TRY_FAILED,s_5grestaurant_juba_menu_ss,https://5grestaurantjuba.com/menu/,5grestaurantjuba.com,FNB_MIXED,4,5,False,14.0,SKIP / CertificateVerifyError,Generated as a crawler-ready manifest by Will's 2026-09-11 handover but it fails the enumerability gate on live probe (CertificateVerifyError). Not merged into configs: a manifest that cannot enumerate returns zero rows forever.
south_sudan,LAST_TRY_FAILED,warello_ss,https://warello.com/,warello.com,FNB_MIXED,2,5,False,14.0,SKIP / SSLError,Generated as a crawler-ready manifest by Will's 2026-09-11 handover but it fails the enumerability gate on live probe (SSLError). Not merged into configs: a manifest that cannot enumerate returns zero rows forever.
south_sudan,LAST_TRY_FAILED,afrigeneral_ss,https://afrigeneral.com/,afrigeneral.com,FNB_MIXED,2,2,False,14.0,SKIP / CHILD-TASK-BLOCKED,Will's 2026-09-11 handover classified this blocked or not viable. Not re-probed here.
south_sudan,LAST_TRY_FAILED,cost_of_living_aggregators_ss,https://hikersbay.com/prices/southsudan/juba,hikersbay.com,FNB_MIXED,2,3,False,14.0,SKIP / CHILD-TASK-BLOCKED,Will's 2026-09-11 handover classified this blocked or not viable. Not re-probed here.
south_sudan,LAST_TRY_FAILED,eyeradio_fuel_price_news_ss,https://www.eyeradio.org/fuel-price-surge-a-wake-up-call-for-government-to-protect-citizens/,eyeradio.org,FNB_MIXED,1,1,False,14.0,SKIP / CHILD-TASK-BLOCKED,Will's 2026-09-11 handover classified this blocked or not viable. Not re-probed here.
south_sudan,LAST_TRY_FAILED,hayat_pharmaceutical_ltd,https://hayat-pharma-connect.lovable.app/shop,hayat-pharma-connect.lovable.app,FNB_MIXED,1,2,False,14.0,SKIP / CHILD-TASK-BLOCKED,Will's 2026-09-11 handover classified this blocked or not viable. Not re-probed here.
south_sudan,LAST_TRY_FAILED,juba_basketball_kits_ss,https://jubabasketballkits.com/,jubabasketballkits.com,FNB_MIXED,1,2,False,14.0,SKIP / CHILD-TASK-BLOCKED,Will's 2026-09-11 handover classified this blocked or not viable. Not re-probed here.
south_sudan,LAST_TRY_FAILED,jubamall_ss,https://jubamall.com/,jubamall.com,FNB_MIXED,1,1,False,14.0,SKIP / CHILD-TASK-BLOCKED,Will's 2026-09-11 handover classified this blocked or not viable. Not re-probed here.
south_sudan,LAST_TRY_FAILED,onecitizen_fuel_price_news_ss,https://www.onecitizendaily.com/index.php/2026/07/16/motorists-and-commuters-decry-as-fuel-prices-soar/,onecitizendaily.com,FNB_MIXED,1,5,False,14.0,SKIP / CHILD-TASK-BLOCKED,Will's 2026-09-11 handover classified this blocked or not viable. Not re-probed here.
south_sudan,LAST_TRY_FAILED,siapai_authentic_products_ss,https://siapaiproducts.com/,siapaiproducts.com,FNB_MIXED,1,2,False,14.0,SKIP / CHILD-TASK-BLOCKED,Will's 2026-09-11 handover classified this blocked or not viable. Not re-probed here.
south_sudan,LAST_TRY_FAILED,sudgadgets_ss,https://www.sudgadgets.com/,sudgadgets.com,FNB_MIXED,1,2,False,14.0,SKIP / CHILD-TASK-BLOCKED,Will's 2026-09-11 handover classified this blocked or not viable. Not re-probed here.
marshall_islands,PENDING,nta_legacy_services,https://ntamar.net/index.php/services,ntamar.net,FNB_MIXED,1,4,True,17.0,P3 - queue / ALREADY-TRACKED-UPSTREAM,Will's handover marked this existing/already tracked; no matching row here.
marshall_islands,PENDING,marshalls_energy_shipping,https://mecrmi.com/shipping/,mecrmi.com,FNB_MIXED,1,2,True,17.0,P2 - queue / NEEDS-CUSTOM-CRAWLER,"Will's 2026-09-11 handover found price evidence but no standard platform API, so it needs a bespoke spider. Never built or live-tested."
marshall_islands,PENDING,opentravelguide_shopping_mh,https://opentravelguide.com/marshall-islands/shopping/,opentravelguide.com,FNB_MIXED,2,2,True,17.0,P2 - queue / NEEDS-CUSTOM-CRAWLER,"Will's 2026-09-11 handover found price evidence but no standard platform API, so it needs a bespoke spider. Never built or live-tested."
marshall_islands,PENDING,ez_price_mart_directory,https://mh.near-place.com/ez-price-mart-majuro/en,mh.near-place.com,FNB_MIXED,3,3,True,17.0,P3 - queue / NEEDS-REVIEW,"Will's 2026-09-11 handover flagged this ambiguous (country, currency or price-surface unclear). Needs manual review before any scaffolding."
marshall_islands,LAST_TRY_FAILED,acehardware_generic,https://www.acehardware.com/,acehardware.com,FNB_MIXED,1,2,False,17.0,SKIP / CHILD-TASK-BLOCKED,Will's 2026-09-11 handover classified this blocked or not viable. Not re-probed here.
marshall_islands,LAST_TRY_FAILED,alinabasics_marshall_islands,https://alinabasics.shop/collections/marshall-islands-collection,alinabasics.shop,FNB_MIXED,1,1,False,17.0,SKIP / CHILD-TASK-BLOCKED,Will's 2026-09-11 handover classified this blocked or not viable. Not re-probed here.
marshall_islands,LAST_TRY_FAILED,do_it_best_global,https://www.doitbest.com/,doitbest.com,FNB_MIXED,1,2,False,17.0,SKIP / CHILD-TASK-BLOCKED,Will's 2026-09-11 handover classified this blocked or not viable. Not re-probed here.
marshall_islands,LAST_TRY_FAILED,hikersbay_majuro_prices,https://hikersbay.com/prices/marshallislands/majuro?lang=en,hikersbay.com,FNB_MIXED,2,3,False,17.0,SKIP / CHILD-TASK-BLOCKED,Will's 2026-09-11 handover classified this blocked or not viable. Not re-probed here.
marshall_islands,LAST_TRY_FAILED,iexplore_shopping_and_leisure,https://www.iexplore.com/articles/travel-guides/australia-and-oceania/pacific-islands-political-geography/marshall-islands/shopping-and-leisure,iexplore.com,FNB_MIXED,1,1,False,17.0,SKIP / CHILD-TASK-BLOCKED,Will's 2026-09-11 handover classified this blocked or not viable. Not re-probed here.
marshall_islands,LAST_TRY_FAILED,knownero_cost_of_living_mh,https://knownero.com/cost-of-living/marshall-islands/,knownero.com,FNB_MIXED,1,2,False,17.0,SKIP / CHILD-TASK-BLOCKED,Will's 2026-09-11 handover classified this blocked or not viable. Not re-probed here.
marshall_islands,LAST_TRY_FAILED,majuro_true_value_directory,https://evendo.com/locations/marshall-islands/arno-atoll/shop/majuro-true-value,evendo.com,FNB_MIXED,1,3,False,17.0,SKIP / CHILD-TASK-BLOCKED,Will's 2026-09-11 handover classified this blocked or not viable. Not re-probed here.
marshall_islands,LAST_TRY_FAILED,marshall_islands_creator_spring,https://marshall-islands.creator-spring.com/apparel,marshall-islands.creator-spring.com,FNB_MIXED,2,2,False,17.0,SKIP / CHILD-TASK-BLOCKED,Will's 2026-09-11 handover classified this blocked or not viable. Not re-probed here.
marshall_islands,LAST_TRY_FAILED,marshall_islands_pocket_guide_cheap_eats,https://marshallislandspocketguide.com/the-top-cheap-eats-in-majuro-the-marshall-islands,marshallislandspocketguide.com,FNB_MIXED,4,5,False,17.0,SKIP / CHILD-TASK-BLOCKED,Will's 2026-09-11 handover classified this blocked or not viable. Not re-probed here.
marshall_islands,LAST_TRY_FAILED,medpharm_rmi,https://medpharmusa.net/medpharm-majuro/,medpharmusa.net,FNB_MIXED,1,3,False,17.0,SKIP / CHILD-TASK-BLOCKED,Will's 2026-09-11 handover classified this blocked or not viable. Not re-probed here.
marshall_islands,LAST_TRY_FAILED,nomadlio_majuro_cost_of_living,https://nomadlio.com/majuro/cost-of-living/,nomadlio.com,FNB_MIXED,1,3,False,17.0,SKIP / CHILD-TASK-BLOCKED,Will's 2026-09-11 handover classified this blocked or not viable. Not re-probed here.
marshall_islands,LAST_TRY_FAILED,numbeo_marshall_islands,https://www.numbeo.com/cost-of-living/country_result.jsp?country=Marshall+Islands,numbeo.com,FNB_MIXED,1,3,False,17.0,SKIP / CHILD-TASK-BLOCKED,Will's 2026-09-11 handover classified this blocked or not viable. Not re-probed here.
marshall_islands,LAST_TRY_FAILED,polynesianpride_marshall_islands,https://www.polynesianpride.co/collections/marshall-islands,polynesianpride.co,FNB_MIXED,1,2,False,17.0,SKIP / CHILD-TASK-BLOCKED,Will's 2026-09-11 handover classified this blocked or not viable. Not re-probed here.
marshall_islands,LAST_TRY_FAILED,rmi_ocit_getting_around,https://www.ocit.mh/getting-around,ocit.mh,FNB_MIXED,1,1,False,17.0,SKIP / CHILD-TASK-BLOCKED,Will's 2026-09-11 handover classified this blocked or not viable. Not re-probed here.
marshall_islands,LAST_TRY_FAILED,runway_travel_health_marshall_islands,https://staging.runwayhealth.com/marshall-islands/,staging.runwayhealth.com,FNB_MIXED,1,4,False,17.0,SKIP / CHILD-TASK-BLOCKED,Will's 2026-09-11 handover classified this blocked or not viable. Not re-probed here.
palau,PENDING,blue_marlin_palau_rental_prices,https://bluemarlinpalau.com/our_service/,bluemarlinpalau.com,FNB_MIXED,1,2,True,17.0,P2 - queue / NEEDS-CUSTOM-CRAWLER,"Will's 2026-09-11 handover found price evidence but no standard platform API, so it needs a bespoke spider. Never built or live-tested."
palau,PENDING,daydream_palau_rental_prices,https://daydreampalau.com/day-trip-koror/,daydreampalau.com,FNB_MIXED,1,2,True,17.0,P2 - queue / NEEDS-CUSTOM-CRAWLER,"Will's 2026-09-11 handover found price evidence but no standard platform API, so it needs a bespoke spider. Never built or live-tested."
palau,PENDING,palau_dive_adventures_faq_rentals,https://palaudiveadventures.com/diving-palau-faq/,palaudiveadventures.com,FNB_MIXED,2,2,True,17.0,P2 - queue / NEEDS-CUSTOM-CRAWLER,"Will's 2026-09-11 handover found price evidence but no standard platform API, so it needs a bespoke spider. Never built or live-tested."
palau,PENDING,palau_pacific_divers_price_images,https://www.palaupacificdivers.com/price,palaupacificdivers.com,FNB_MIXED,1,1,True,17.0,P2 - queue / NEEDS-CUSTOM-CRAWLER,"Will's 2026-09-11 handover found price evidence but no standard platform API, so it needs a bespoke spider. Never built or live-tested."
palau,PENDING,pmci_mobile_services,https://pmci.pw/services,pmci.pw,FNB_MIXED,1,3,True,17.0,P2 - queue / NEEDS-CUSTOM-CRAWLER,"Will's 2026-09-11 handover found price evidence but no standard platform API, so it needs a bespoke spider. Never built or live-tested."
palau,PENDING,splash_palau_dive_rental_prices,https://www.splash-palau.com/en/divetour/pricelist.html,splash-palau.com,FNB_MIXED,1,1,True,17.0,P2 - queue / NEEDS-CUSTOM-CRAWLER,"Will's 2026-09-11 handover found price evidence but no standard platform API, so it needs a bespoke spider. Never built or live-tested."
palau,PENDING,surangel_epicor_store,https://shop.surangel.com/inet/storefront/store.php?mode=advancedsearch,shop.surangel.com,FNB_MIXED,6,6,True,17.0,P2 - queue / NEEDS-CUSTOM-CRAWLER,"Will's 2026-09-11 handover found price evidence but no standard platform API, so it needs a bespoke spider. Never built or live-tested."
palau,PENDING,tropicart_wix_store,https://www.tropicarti.com/,tropicarti.com,FNB_MIXED,1,1,True,17.0,P2 - queue / NEEDS-CUSTOM-CRAWLER,"Will's 2026-09-11 handover found price evidence but no standard platform API, so it needs a bespoke spider. Never built or live-tested."
palau,PENDING,fish_n_fins_partner_pricing,https://fishnfins.com/index.php/partner-page,fishnfins.com,FNB_MIXED,2,2,True,17.0,P3 - queue / NEEDS-REVIEW,"Will's 2026-09-11 handover flagged this ambiguous (country, currency or price-surface unclear). Needs manual review before any scaffolding."
palau,PENDING,palau_pacific_resort_dining,https://www.palauppr.com/en/dining/dining-on-the-ocean/,palauppr.com,FNB_MIXED,3,4,True,17.0,P3 - queue / NEEDS-REVIEW,"Will's 2026-09-11 handover flagged this ambiguous (country, currency or price-surface unclear). Needs manual review before any scaffolding."
palau,PENDING,palau_ppuc_water_rates_news,https://islandtimes.org/whipps-supports-full-recovery-rates-for-ppuc/,islandtimes.org,FNB_MIXED,2,2,True,17.0,P3 - queue / NEEDS-REVIEW,"Will's 2026-09-11 handover flagged this ambiguous (country, currency or price-surface unclear). Needs manual review before any scaffolding."
palau,PENDING,palau_red_cross_sengsongd_thrift,https://www.palauredcross.org/sengsongd-thrift-store,palauredcross.org,FNB_MIXED,1,4,True,17.0,P3 - queue / NEEDS-REVIEW,"Will's 2026-09-11 handover flagged this ambiguous (country, currency or price-surface unclear). Needs manual review before any scaffolding."
palau,PENDING,peci_carquest_auto_parts,https://www.peci-palau.com/quest.html,peci-palau.com,FNB_MIXED,1,2,True,17.0,P3 - queue / NEEDS-REVIEW,"Will's 2026-09-11 handover flagged this ambiguous (country, currency or price-surface unclear). Needs manual review before any scaffolding."
palau,LAST_TRY_FAILED,belau_national_museum_books_giftshop_gap,https://palauyp.com/2020/index_130.html,palauyp.com,FNB_MIXED,1,2,False,17.0,SKIP / CHILD-TASK-BLOCKED,Will's 2026-09-11 handover classified this blocked or not viable. Not re-probed here.
palau,LAST_TRY_FAILED,computer_equipment_gap,https://store.wctc-palau.com/departments,store.wctc-palau.com,FNB_MIXED,1,3,False,17.0,SKIP / CHILD-TASK-BLOCKED,Will's 2026-09-11 handover classified this blocked or not viable. Not re-probed here.
palau,LAST_TRY_FAILED,cybo_clothing_store_directory,https://www.cybo.com/PW/koror-N1p8/clothing-stores/,cybo.com,FNB_MIXED,1,4,False,17.0,SKIP / CHILD-TASK-BLOCKED,Will's 2026-09-11 handover classified this blocked or not viable. Not re-probed here.
palau,LAST_TRY_FAILED,do_it_best_masons_listing,https://www.mystore411.com/store/view/10875872/Palau/Do-it-Best-Koror,mystore411.com,FNB_MIXED,1,1,False,17.0,SKIP / CHILD-TASK-BLOCKED,Will's 2026-09-11 handover classified this blocked or not viable. Not re-probed here.
palau,LAST_TRY_FAILED,etpison_books_old_mail_order,https://www.scubadiving.com/palau-cultural-and-natural-histoy-books,scubadiving.com,FNB_MIXED,1,3,False,17.0,SKIP / CHILD-TASK-BLOCKED,Will's 2026-09-11 handover classified this blocked or not viable. Not re-probed here.
palau,LAST_TRY_FAILED,garden_palace_around_shopping_leads,https://garden-palace-palau.com/arround,garden-palace-palau.com,FNB_MIXED,2,4,False,17.0,SKIP / CHILD-TASK-BLOCKED,Will's 2026-09-11 handover classified this blocked or not viable. Not re-probed here.
palau,LAST_TRY_FAILED,hikersbay_koror_prices,https://hikersbay.com/prices/palau/p/koror?lang=en,hikersbay.com,FNB_MIXED,2,3,False,17.0,SKIP / CHILD-TASK-BLOCKED,Will's 2026-09-11 handover classified this blocked or not viable. Not re-probed here.
palau,LAST_TRY_FAILED,masons_hardware_near_place,https://pw.near-place.com/masons-hardware-do-it-center-295-ikelau-road-koror/en,pw.near-place.com,FNB_MIXED,1,1,False,17.0,SKIP / CHILD-TASK-BLOCKED,Will's 2026-09-11 handover classified this blocked or not viable. Not re-probed here.
palau,LAST_TRY_FAILED,padi_adventures_palau_dive_trip,https://travel.padi.com/dive-trip/palau/ganztagiger-tauchausflug-82125/,travel.padi.com,FNB_MIXED,2,3,False,17.0,SKIP / CHILD-TASK-BLOCKED,Will's 2026-09-11 handover classified this blocked or not viable. Not re-probed here.
palau,LAST_TRY_FAILED,pakistan_post_ems_to_palau,https://ep.gov.pk/tariff/emsp_tariff.aspx?Country_Name=PALAU&Type=Marchandise&Zone=Zone+6,ep.gov.pk,FNB_MIXED,2,2,False,17.0,SKIP / CHILD-TASK-BLOCKED,Will's 2026-09-11 handover classified this blocked or not viable. Not re-probed here.
palau,LAST_TRY_FAILED,palau_business_directory_aura,https://plw.aura.directory/,plw.aura.directory,FNB_MIXED,3,4,False,17.0,SKIP / CHILD-TASK-BLOCKED,Will's 2026-09-11 handover classified this blocked or not viable. Not re-probed here.
palau,LAST_TRY_FAILED,palau_electricity_rates_2012_archival,https://policy.asiapacificenergy.org/node/3819,policy.asiapacificenergy.org,FNB_MIXED,1,4,False,17.0,SKIP / CHILD-TASK-BLOCKED,Will's 2026-09-11 handover classified this blocked or not viable. Not re-probed here.
palau,LAST_TRY_FAILED,palau_eyewear_gap,https://tabiji.ai/health/palau/,tabiji.ai,FNB_MIXED,1,4,False,17.0,SKIP / CHILD-TASK-BLOCKED,Will's 2026-09-11 handover classified this blocked or not viable. Not re-probed here.
palau,LAST_TRY_FAILED,palau_prison_storyboards_tripadvisor,https://www.tripadvisor.com/ShowTopic-g294136-i4707-k687230-Shopping_Trinkets_Handicrafts-Koror_Koror_Island.html,tripadvisor.com,FNB_MIXED,1,1,False,17.0,SKIP / CHILD-TASK-BLOCKED,Will's 2026-09-11 handover classified this blocked or not viable. Not re-probed here.
palau,LAST_TRY_FAILED,palau_public_market_souvenir_ranges,https://souvenirsideas.com/2025/12/24/palau/,souvenirsideas.com,FNB_MIXED,2,2,False,17.0,SKIP / CHILD-TASK-BLOCKED,Will's 2026-09-11 handover classified this blocked or not viable. Not re-probed here.
palau,LAST_TRY_FAILED,palau_store_shopify,https://www.merchantgenius.io/shop/url/palaustore.com,merchantgenius.io,FNB_MIXED,2,2,False,17.0,SKIP / CHILD-TASK-BLOCKED,Will's 2026-09-11 handover classified this blocked or not viable. Not re-probed here.
palau,LAST_TRY_FAILED,polynesian_co_palau_collection,https://www.polynesian.co/collections/palau,polynesian.co,FNB_MIXED,1,1,False,17.0,SKIP / CHILD-TASK-BLOCKED,Will's 2026-09-11 handover classified this blocked or not viable. Not re-probed here.
palau,LAST_TRY_FAILED,premier_liveaboard_palau_aggressor,https://premierliveaboarddiving.com/boats/palau-aggressor?trip_id=46478,premierliveaboarddiving.com,FNB_MIXED,2,3,False,17.0,SKIP / CHILD-TASK-BLOCKED,Will's 2026-09-11 handover classified this blocked or not viable. Not re-probed here.
palau,LAST_TRY_FAILED,reachumi_palau_esim,https://www.reachumi.com/esim-data/palau,reachumi.com,FNB_MIXED,2,2,False,17.0,SKIP / CHILD-TASK-BLOCKED,Will's 2026-09-11 handover classified this blocked or not viable. Not re-probed here.
palau,LAST_TRY_FAILED,solitude_one_palau_liveaboard,https://www.ldadivetravel.com/en/tour/solitude_one_palau_liveaboard-100,ldadivetravel.com,FNB_MIXED,1,2,False,17.0,SKIP / CHILD-TASK-BLOCKED,Will's 2026-09-11 handover classified this blocked or not viable. Not re-probed here.
palau,LAST_TRY_FAILED,standard_electric_um_false_positive,https://www.standardelectricsupply.com/search?page=3736,standardelectricsupply.com,FNB_MIXED,1,1,False,17.0,SKIP / CHILD-TASK-BLOCKED,Will's 2026-09-11 handover classified this blocked or not viable. Not re-probed here.
palau,LAST_TRY_FAILED,surangel_social_appliance_prices,https://www.foodbevg.com/PW/Koror/262012142144/Surangel-and-Sons-Co.,foodbevg.com,FNB_MIXED,2,4,False,17.0,SKIP / CHILD-TASK-BLOCKED,Will's 2026-09-11 handover classified this blocked or not viable. Not re-probed here.
palau,LAST_TRY_FAILED,usps_palau_koror_post_office_rates,https://www.hourspostoffice.com/USPS%20Post%20Office%20Palau%20-%20Koror%20%28PW%29/96940/KOROR/QRO7hmNVcvKWvsZv,hourspostoffice.com,FNB_MIXED,1,1,False,17.0,SKIP / CHILD-TASK-BLOCKED,Will's 2026-09-11 handover classified this blocked or not viable. Not re-probed here.
palau,LAST_TRY_FAILED,west_ace_hardware_social,https://www.hardware1000.com/PW/Koror/313306442095/West-Ace-Hardware,hardware1000.com,FNB_MIXED,1,2,False,17.0,SKIP / CHILD-TASK-BLOCKED,Will's 2026-09-11 handover classified this blocked or not viable. Not re-probed here.
palau,LAST_TRY_FAILED,zazzle_palau_clothing,https://www.zazzle.com.au/palau%2Bclothing,zazzle.com.au,FNB_MIXED,2,3,False,17.0,SKIP / CHILD-TASK-BLOCKED,Will's 2026-09-11 handover classified this blocked or not viable. Not re-probed here.
palau,PENDING,palau_puravidapalau,https://www.puravidapalau.com/,puravidapalau.com,FNB_MIXED,1,1,False,17.0,P2 - queue / NEEDS-CUSTOM-CRAWLER,Downloaded CSV batch on 2026-09-12; normalized site was not present in the base workbook | scraping ease: Moderate | add as a new scrape target and crawler-creation candidate
korea_dem_peoples_rep,LAST_TRY_FAILED,manmulsang_public_kp_website,https://www.manmulsang.com.kp/index.php/product_list/0?lang=en,manmulsang.com.kp,FNB_MIXED,2,3,False,18.0,SKIP / CHILD-TASK-BLOCKED,Will's 2026-09-11 handover classified this blocked or not viable. Not re-probed here.
korea_dem_peoples_rep,LAST_TRY_FAILED,naenara_unpasan_and_related_dprk_domestic_e_commerce_services,No public price-bearing URL found; KBS context page: https://world.kbs.co.kr/service/contents_view.htm?board_seq=383967&lang=e,no public price-bearing url found; kbs context page: https://world.kbs.co.kr/service/contents_view.htm?board_seq=383967&lang=e,FNB_MIXED,2,5,False,18.0,SKIP / CHILD-TASK-BLOCKED,Will's 2026-09-11 handover classified this blocked or not viable. Not re-probed here.
korea_dem_peoples_rep,LAST_TRY_FAILED,okryu_domestic_e_commerce,No public catalogue URL found; reference article: https://www.cbsnews.com/amp/news/north-korea-online-shopping-site-app-on-domestic-web/,no public catalogue url found; reference article: https://www.cbsnews.com/amp/news/north-korea-online-shopping-site-app-on-domestic-web/,FNB_MIXED,2,6,False,18.0,SKIP / CHILD-TASK-BLOCKED,Will's 2026-09-11 handover classified this blocked or not viable. Not re-probed here.
cote_divoire,PENDING,Jumia CI epicerie,https://www.jumia.ci/epicerie/,jumia.ci,FNB_MIXED,1,1,False,20.0,P1 - build now / ACCEPT,"Candidate found in the 2026-08-31 sourcing round, never built. build_tier=not scored; scrapability=nan; class=Custom"
cote_divoire,PENDING,Playce / Carrefour CI,https://playce.ci/,playce.ci,FNB_MIXED,1,1,False,20.0,P1 - build now / SUSPECT,"Candidate found in the 2026-08-31 sourcing round, never built. build_tier=not scored; scrapability=nan; class=Custom"
cote_divoire,LAST_TRY_FAILED,babideal,https://www.babideal.ci/,babideal.ci,FNB_MIXED,1,3,False,20.0,SKIP / CHILD-TASK-BLOCKED,Will's 2026-09-11 handover classified this blocked or not viable. Not re-probed here.
cote_divoire,LAST_TRY_FAILED,books_toys_clothing,,nan,FNB_MIXED,1,3,False,20.0,SKIP / CHILD-TASK-BLOCKED,Will's 2026-09-11 handover classified this blocked or not viable. Not re-probed here.
cote_divoire,LAST_TRY_FAILED,cars_auto_parts,,nan,FNB_MIXED,1,3,False,20.0,SKIP / CHILD-TASK-BLOCKED,Will's 2026-09-11 handover classified this blocked or not viable. Not re-probed here.
cote_divoire,LAST_TRY_FAILED,ominibazar,https://www.ominibazar.com/,ominibazar.com,FNB_MIXED,2,2,False,20.0,SKIP / CHILD-TASK-BLOCKED,Will's 2026-09-11 handover classified this blocked or not viable. Not re-probed here.
cote_divoire,LAST_TRY_FAILED,pharmacareci,https://pharmacareci.com/,pharmacareci.com,FNB_MIXED,1,2,False,20.0,SKIP / CHILD-TASK-BLOCKED,Will's 2026-09-11 handover classified this blocked or not viable. Not re-probed here.
cote_divoire,LAST_TRY_FAILED,pharmacy_ci,https://www.pharmacy.ci/,pharmacy.ci,FNB_MIXED,1,3,False,20.0,SKIP / CHILD-TASK-BLOCKED,Will's 2026-09-11 handover classified this blocked or not viable. Not re-probed here.
cote_divoire,LAST_TRY_FAILED,quincaillerie_ci,https://www.quincaillerie.ci/,quincaillerie.ci,FNB_MIXED,1,2,False,20.0,SKIP / CHILD-TASK-BLOCKED,Will's 2026-09-11 handover classified this blocked or not viable. Not re-probed here.
cote_divoire,LAST_TRY_FAILED,quinkashop,https://quinkashop.com/,quinkashop.com,FNB_MIXED,2,3,False,20.0,SKIP / CHILD-TASK-BLOCKED,Will's 2026-09-11 handover classified this blocked or not viable. Not re-probed here.
cote_divoire,PENDING,acfcomputer,https://acfcomputer.com/,acfcomputer.com,FNB_MIXED,2,4,False,20.0,P2 - queue / NEEDS-CUSTOM-CRAWLER,"Will's 2026-09-11 handover found price evidence but no standard platform API, so it needs a bespoke spider. Never built or live-tested."
cote_divoire,PENDING,batizoo,https://www.batizoo.com/,batizoo.com,FNB_MIXED,1,5,False,20.0,P2 - queue / NEEDS-CUSTOM-CRAWLER,"Will's 2026-09-11 handover found price evidence but no standard platform API, so it needs a bespoke spider. Never built or live-tested."
cote_divoire,PENDING,conet_ci,https://conet.ci/,conet.ci,FNB_MIXED,1,3,False,20.0,P2 - queue / NEEDS-CUSTOM-CRAWLER,"Will's 2026-09-11 handover found price evidence but no standard platform API, so it needs a bespoke spider. Never built or live-tested."
cote_divoire,PENDING,coolcommunication,https://www.coolcommunication.net/,coolcommunication.net,FNB_MIXED,2,2,False,20.0,P2 - queue / NEEDS-CUSTOM-CRAWLER,"Will's 2026-09-11 handover found price evidence but no standard platform API, so it needs a bespoke spider. Never built or live-tested."
cote_divoire,PENDING,ivoirshop_ci,https://www.ivoirshop.ci/,ivoirshop.ci,FNB_MIXED,1,4,False,20.0,P2 - queue / NEEDS-CUSTOM-CRAWLER,"Will's 2026-09-11 handover found price evidence but no standard platform API, so it needs a bespoke spider. Never built or live-tested."
cote_divoire,PENDING,lapaire_ci_prices,https://lapaire.africa/cote-divoire/prices,lapaire.africa,FNB_MIXED,1,1,False,20.0,P2 - queue / NEEDS-CUSTOM-CRAWLER,"Will's 2026-09-11 handover found price evidence but no standard platform API, so it needs a bespoke spider. Never built or live-tested."
cote_divoire,PENDING,maisonbcs,https://www.maisonbcs.com/,maisonbcs.com,FNB_MIXED,1,6,False,20.0,P2 - queue / NEEDS-CUSTOM-CRAWLER,"Will's 2026-09-11 handover found price evidence but no standard platform API, so it needs a bespoke spider. Never built or live-tested."
cote_divoire,PENDING,tech_home,https://tech-home.tech/,tech-home.tech,FNB_MIXED,1,1,False,20.0,P3 - queue / NEEDS-REVIEW,"Will's 2026-09-11 handover flagged this ambiguous (country, currency or price-surface unclear). Needs manual review before any scaffolding."
cote_divoire,PENDING,cote_divoire_leparfumeurduk_tier,https://leparfumeurduk-tier.com/,leparfumeurduk-tier.com,FNB_MIXED,1,1,False,20.0,P2 - queue / NEEDS-CUSTOM-CRAWLER,Downloaded CSV batch on 2026-09-12; normalized site was not present in the base workbook | scraping ease: Easy | add as a new scrape target and crawler-creation candidate
kiribati,PENDING,dsc26_ki,https://www.dsc26.com/,dsc26.com,FNB_MIXED,2,4,True,20.0,P2 - queue / NEEDS-CUSTOM-CRAWLER,"Will's 2026-09-11 handover found price evidence but no standard platform API, so it needs a bespoke spider. Never built or live-tested."
kiribati,PENDING,souvenirsideas_kiribati,https://souvenirsideas.com/2025/12/02/kiribati/,souvenirsideas.com,FNB_MIXED,1,1,True,20.0,P2 - queue / NEEDS-CUSTOM-CRAWLER,"Will's 2026-09-11 handover found price evidence but no standard platform API, so it needs a bespoke spider. Never built or live-tested."
kiribati,PENDING,strapify_country_selector,https://www.strapify.com.au/products/apple-watch-transparent-case-strap?variant=41605820874826,strapify.com.au,FNB_MIXED,2,2,True,20.0,P2 - queue / NEEDS-CUSTOM-CRAWLER,"Will's 2026-09-11 handover found price evidence but no standard platform API, so it needs a bespoke spider. Never built or live-tested."
kiribati,PENDING,tiktok_shop_kiribati_plush,https://shop.tiktok.com/us/pdp/anime-polandball-plush-toy-20cm-10cm-soft-cozy-design/1732310661896704979,shop.tiktok.com,FNB_MIXED,1,1,True,20.0,P2 - queue / NEEDS-CUSTOM-CRAWLER,"Will's 2026-09-11 handover found price evidence but no standard platform API, so it needs a bespoke spider. Never built or live-tested."
kiribati,PENDING,betio_hardware_directory,https://ki.near-place.com/betio-hardware-kiribati,ki.near-place.com,FNB_MIXED,1,1,True,20.0,P3 - queue / NEEDS-REVIEW,"Will's 2026-09-11 handover flagged this ambiguous (country, currency or price-surface unclear). Needs manual review before any scaffolding."
kiribati,PENDING,betty_trading_import_data,https://www.volza.com/company-profile/betty-trading-37732571/,volza.com,FNB_MIXED,1,1,True,20.0,P3 - queue / NEEDS-REVIEW,"Will's 2026-09-11 handover flagged this ambiguous (country, currency or price-surface unclear). Needs manual review before any scaffolding."
kiribati,PENDING,cartogiraffe_angirin_hardware,https://www.cartogiraffe.com/kiribati/gilbert%2Bislands/betio/moel%2Btrading/,cartogiraffe.com,FNB_MIXED,1,1,True,20.0,P3 - queue / NEEDS-REVIEW,"Will's 2026-09-11 handover flagged this ambiguous (country, currency or price-surface unclear). Needs manual review before any scaffolding."
kiribati,LAST_TRY_FAILED,kirical_enterprise,https://kirical.com/,kirical.com,FNB_MIXED,2,4,False,20.0,SKIP / EMPTY-CATALOG,Generated as a crawler-ready manifest by Will's 2026-09-11 handover but it fails the enumerability gate on live probe (EMPTY-CATALOG). Not merged into configs: a manifest that cannot enumerate returns zero rows forever.
kiribati,LAST_TRY_FAILED,betty_trading_cybo,https://www.cybo.com/KI-biz/betty-trading,cybo.com,FNB_MIXED,1,2,False,20.0,SKIP / CHILD-TASK-BLOCKED,Will's 2026-09-11 handover classified this blocked or not viable. Not re-probed here.
kiribati,LAST_TRY_FAILED,newegg_kiribati_search_pages,https://www.newegg.com/p/pl?N=100247311&d=kiribati&isdeptsrh=1,newegg.com,FNB_MIXED,1,1,False,20.0,SKIP / CHILD-TASK-BLOCKED,Will's 2026-09-11 handover classified this blocked or not viable. Not re-probed here.
kiribati,LAST_TRY_FAILED,printerval_kiribati_shops,https://printerval.com/shops/kiribati-s1589,printerval.com,FNB_MIXED,1,1,False,20.0,SKIP / CHILD-TASK-BLOCKED,Will's 2026-09-11 handover classified this blocked or not viable. Not re-probed here.
kiribati,LAST_TRY_FAILED,taotin_trading_electronics_motors_ki,https://taotintrading.com.ki/divisions/electronics-motors/,taotintrading.com.ki,FNB_MIXED,1,4,False,20.0,SKIP / CHILD-TASK-BLOCKED,Will's 2026-09-11 handover classified this blocked or not viable. Not re-probed here.
burkina_faso,PENDING,adams_telecom_meib,https://www.adamstelecommeib.com/index.php,adamstelecommeib.com,FNB_MIXED,1,7,True,21.0,P2 - queue / NEEDS-CUSTOM-CRAWLER,"Will's 2026-09-11 handover found price evidence but no standard platform API, so it needs a bespoke spider. Never built or live-tested."
burkina_faso,PENDING,boutikobf_marketplace,https://www.boutikobf.com/?category=electronique,boutikobf.com,FNB_MIXED,2,4,True,21.0,P2 - queue / NEEDS-CUSTOM-CRAWLER,"Will's 2026-09-11 handover found price evidence but no standard platform API, so it needs a bespoke spider. Never built or live-tested."
burkina_faso,PENDING,gams_africa_shop,https://shop.gams-africa.com/index.php,shop.gams-africa.com,FNB_MIXED,2,2,True,21.0,P2 - queue / NEEDS-CUSTOM-CRAWLER,"Will's 2026-09-11 handover found price evidence but no standard platform API, so it needs a bespoke spider. Never built or live-tested."
burkina_faso,PENDING,lequincaillerbf,https://lequincaillerbf.com/,lequincaillerbf.com,FNB_MIXED,1,5,True,21.0,P2 - queue / NEEDS-CUSTOM-CRAWLER,"Will's 2026-09-11 handover found price evidence but no standard platform API, so it needs a bespoke spider. Never built or live-tested."
burkina_faso,PENDING,livreo,https://livreo.io/,livreo.io,FNB_MIXED,2,2,True,21.0,P2 - queue / NEEDS-CUSTOM-CRAWLER,"Will's 2026-09-11 handover found price evidence but no standard platform API, so it needs a bespoke spider. Never built or live-tested."
burkina_faso,PENDING,multihomebf,https://www.multihomebf.com/,multihomebf.com,FNB_MIXED,1,3,True,21.0,P2 - queue / NEEDS-CUSTOM-CRAWLER,"Will's 2026-09-11 handover found price evidence but no standard platform API, so it needs a bespoke spider. Never built or live-tested."
burkina_faso,PENDING,sm_materiaux_deco,https://www.smmateriaux.com/categories/outillage,smmateriaux.com,FNB_MIXED,1,4,True,21.0,P2 - queue / NEEDS-CUSTOM-CRAWLER,"Will's 2026-09-11 handover found price evidence but no standard platform API, so it needs a bespoke spider. Never built or live-tested."
burkina_faso,PENDING,starlight_industry,https://www.starlight-industry.com/,starlight-industry.com,FNB_MIXED,1,2,True,21.0,P2 - queue / NEEDS-CUSTOM-CRAWLER,"Will's 2026-09-11 handover found price evidence but no standard platform API, so it needs a bespoke spider. Never built or live-tested."
burkina_faso,PENDING,librairie_jeunesse_afrique,https://ljabf.com/,ljabf.com,FNB_MIXED,1,3,True,21.0,P3 - queue / NEEDS-REVIEW,"Will's 2026-09-11 handover flagged this ambiguous (country, currency or price-surface unclear). Needs manual review before any scaffolding."
burkina_faso,LAST_TRY_FAILED,champytelecom,https://www.champytelecom.com/,champytelecom.com,FNB_MIXED,2,4,False,21.0,SKIP / DNSError,Generated as a crawler-ready manifest by Will's 2026-09-11 handover but it fails the enumerability gate on live probe (DNSError). Not merged into configs: a manifest that cannot enumerate returns zero rows forever.
burkina_faso,LAST_TRY_FAILED,fanny_edith_kloset,https://www.fannyetedithkloset.com/,fannyetedithkloset.com,FNB_MIXED,1,2,False,21.0,SKIP / CHILD-TASK-BLOCKED,Will's 2026-09-11 handover classified this blocked or not viable. Not re-probed here.
burkina_faso,PENDING,burkina_faso_daki_bf,https://www.daki.bf/,daki.bf,FNB_MIXED,2,2,False,21.0,P2 - queue / NEEDS-CUSTOM-CRAWLER,Downloaded CSV batch on 2026-09-12; normalized site was not present in the base workbook | scraping ease: Easy | add as a new scrape target and crawler-creation candidate
burkina_faso,PENDING,burkina_faso_bf_kevajo,https://bf.kevajo.com/,bf.kevajo.com,FNB_MIXED,2,5,False,21.0,P2 - queue / NEEDS-CUSTOM-CRAWLER,Downloaded CSV batch on 2026-09-12; normalized site was not present in the base workbook | scraping ease: Easy | add as a new scrape target and crawler-creation candidate
sierra_leone,PENDING,blake_electronics_sl,https://blakeelectronicssl.com/,blakeelectronicssl.com,FNB_MIXED,1,5,True,21.0,P2 - queue / NEEDS-CUSTOM-CRAWLER,"Will's 2026-09-11 handover found price evidence but no standard platform API, so it needs a bespoke spider. Never built or live-tested."
sierra_leone,PENDING,denkoelectronics,https://denkoelectronics.websites.co.in/,denkoelectronics.websites.co.in,FNB_MIXED,2,2,True,21.0,P2 - queue / NEEDS-CUSTOM-CRAWLER,"Will's 2026-09-11 handover found price evidence but no standard platform API, so it needs a bespoke spider. Never built or live-tested."
sierra_leone,PENDING,firsttouchlimited,https://www.firsttouchlimited.com/,firsttouchlimited.com,FNB_MIXED,1,1,True,21.0,P2 - queue / NEEDS-CUSTOM-CRAWLER,"Will's 2026-09-11 handover found price evidence but no standard platform API, so it needs a bespoke spider. Never built or live-tested."
sierra_leone,PENDING,francosresort_menu,https://www.francosresort.com/,francosresort.com,FNB_MIXED,4,5,True,21.0,P2 - queue / NEEDS-CUSTOM-CRAWLER,"Will's 2026-09-11 handover found price evidence but no standard platform API, so it needs a bespoke spider. Never built or live-tested."
sierra_leone,PENDING,goldenrestaurant_menu,https://thegoldenrestaurant.netlify.app/,thegoldenrestaurant.netlify.app,FNB_MIXED,2,2,True,21.0,P2 - queue / NEEDS-CUSTOM-CRAWLER,"Will's 2026-09-11 handover found price evidence but no standard platform API, so it needs a bespoke spider. Never built or live-tested."
sierra_leone,PENDING,ibflavorsl_menu,https://ibflavorsl.com/menu/,ibflavorsl.com,FNB_MIXED,5,5,True,21.0,P2 - queue / NEEDS-CUSTOM-CRAWLER,"Will's 2026-09-11 handover found price evidence but no standard platform API, so it needs a bespoke spider. Never built or live-tested."
sierra_leone,PENDING,insalone_emall,https://freetown.insalone.vip/index.php?id=685&monxin=mall.goods&shop_id=62,freetown.insalone.vip,FNB_MIXED,1,2,True,21.0,P2 - queue / NEEDS-CUSTOM-CRAWLER,"Will's 2026-09-11 handover found price evidence but no standard platform API, so it needs a bespoke spider. Never built or live-tested."
sierra_leone,PENDING,insons,https://www.insons.net/product-categories/computers,insons.net,FNB_MIXED,1,2,True,21.0,P2 - queue / NEEDS-CUSTOM-CRAWLER,"Will's 2026-09-11 handover found price evidence but no standard platform API, so it needs a bespoke spider. Never built or live-tested."
sierra_leone,PENDING,kenema_longrich,https://kenemalongrich.wixsite.com/website/product-page/sanitary-napkins-mix,kenemalongrich.wixsite.com,FNB_MIXED,1,1,True,21.0,P2 - queue / NEEDS-CUSTOM-CRAWLER,"Will's 2026-09-11 handover found price evidence but no standard platform API, so it needs a bespoke spider. Never built or live-tested."
sierra_leone,PENDING,lifebridgepharmacy,https://www.lifebridgepharmacy.com/,lifebridgepharmacy.com,FNB_MIXED,1,2,True,21.0,P2 - queue / NEEDS-CUSTOM-CRAWLER,"Will's 2026-09-11 handover found price evidence but no standard platform API, so it needs a bespoke spider. Never built or live-tested."
sierra_leone,PENDING,magic_sl,https://magic-sl.com/categorysearch?brand=461,magic-sl.com,FNB_MIXED,3,9,True,21.0,P2 - queue / NEEDS-CUSTOM-CRAWLER,"Will's 2026-09-11 handover found price evidence but no standard platform API, so it needs a bespoke spider. Never built or live-tested."
sierra_leone,PENDING,ordergo_sl,https://www.ordergosl.com/product/rafia-earrings-feb3df98,ordergosl.com,FNB_MIXED,3,3,True,21.0,P2 - queue / NEEDS-CUSTOM-CRAWLER,"Will's 2026-09-11 handover found price evidence but no standard platform API, so it needs a bespoke spider. Never built or live-tested."
sierra_leone,PENDING,royalhotelmakeni_restaurant,https://royalhotelmakenisl.com/the-restaurant/,royalhotelmakenisl.com,FNB_MIXED,3,3,True,21.0,P2 - queue / NEEDS-CUSTOM-CRAWLER,"Will's 2026-09-11 handover found price evidence but no standard platform API, so it needs a bespoke spider. Never built or live-tested."
sierra_leone,PENDING,salonecart,https://salonecart.com/,salonecart.com,FNB_MIXED,3,6,True,21.0,P2 - queue / NEEDS-CUSTOM-CRAWLER,"Will's 2026-09-11 handover found price evidence but no standard platform API, so it needs a bespoke spider. Never built or live-tested."
sierra_leone,PENDING,saloneemarket,https://saloneemarket.com/,saloneemarket.com,FNB_MIXED,2,5,True,21.0,P2 - queue / NEEDS-CUSTOM-CRAWLER,"Will's 2026-09-11 handover found price evidence but no standard platform API, so it needs a bespoke spider. Never built or live-tested."
sierra_leone,PENDING,tealexelectronics,https://tealexelectronics.com/,tealexelectronics.com,FNB_MIXED,2,4,True,21.0,P2 - queue / NEEDS-CUSTOM-CRAWLER,"Will's 2026-09-11 handover found price evidence but no standard platform API, so it needs a bespoke spider. Never built or live-tested."
sierra_leone,PENDING,xtratechsl,https://www.xtratechsl.com/shop,xtratechsl.com,FNB_MIXED,2,4,True,21.0,P2 - queue / NEEDS-CUSTOM-CRAWLER,"Will's 2026-09-11 handover found price evidence but no standard platform API, so it needs a bespoke spider. Never built or live-tested."
sierra_leone,PENDING,crownxpresssl,https://crownxpresssl.com/menu/,crownxpresssl.com,FNB_MIXED,2,3,True,21.0,P3 - queue / NEEDS-REVIEW,"Will's 2026-09-11 handover flagged this ambiguous (country, currency or price-surface unclear). Needs manual review before any scaffolding."
sierra_leone,PENDING,market360,https://www.market360.shop/,market360.shop,FNB_MIXED,2,5,True,21.0,P3 - queue / NEEDS-REVIEW,"Will's 2026-09-11 handover flagged this ambiguous (country, currency or price-surface unclear). Needs manual review before any scaffolding."
sierra_leone,PENDING,salonefastmarket,https://www.salonefastmarket.com/,salonefastmarket.com,FNB_MIXED,3,5,True,21.0,P3 - queue / NEEDS-REVIEW,"Will's 2026-09-11 handover flagged this ambiguous (country, currency or price-surface unclear). Needs manual review before any scaffolding."
sierra_leone,PENDING,salonekart,https://salonekart.com/blog/how-to-buy-electronics-online-sierra-leone,salonekart.com,FNB_MIXED,3,5,True,21.0,P3 - queue / NEEDS-REVIEW,"Will's 2026-09-11 handover flagged this ambiguous (country, currency or price-surface unclear). Needs manual review before any scaffolding."
sierra_leone,LAST_TRY_FAILED,salonebuy,https://salonebuy.sl/,salonebuy.sl,FNB_MIXED,2,11,False,21.0,SKIP / JSONDecodeError,Generated as a crawler-ready manifest by Will's 2026-09-11 handover but it fails the enumerability gate on live probe (JSONDecodeError). Not merged into configs: a manifest that cannot enumerate returns zero rows forever.
sierra_leone,LAST_TRY_FAILED,sinnahs,https://sinnahs.com/wedding/,sinnahs.com,FNB_MIXED,1,4,False,21.0,SKIP / DNSError,Generated as a crawler-ready manifest by Will's 2026-09-11 handover but it fails the enumerability gate on live probe (DNSError). Not merged into configs: a manifest that cannot enumerate returns zero rows forever.
sierra_leone,LAST_TRY_FAILED,foreign_auto_parts_ubuy,https://www.ubuy.sl/category/automotive/replacement-parts/fuel-system/fuel-injection/fuel-injection-15727711,ubuy.sl,FNB_MIXED,1,4,False,21.0,SKIP / CHILD-TASK-BLOCKED,Will's 2026-09-11 handover classified this blocked or not viable. Not re-probed here.
sierra_leone,LAST_TRY_FAILED,jumia_sl,https://jumia.sl/,jumia.sl,FNB_MIXED,1,2,False,21.0,SKIP / CHILD-TASK-BLOCKED,Will's 2026-09-11 handover classified this blocked or not viable. Not re-probed here.
sierra_leone,LAST_TRY_FAILED,leonegadgets,https://leonegadgets.com/index.php/product/samsung-galaxy-a26-5g-128gb-6gb-ram/,leonegadgets.com,FNB_MIXED,2,2,False,21.0,SKIP / CHILD-TASK-BLOCKED,Will's 2026-09-11 handover classified this blocked or not viable. Not re-probed here.
sierra_leone,LAST_TRY_FAILED,marketplacesierraleone,https://marketplacesierraleone.com/,marketplacesierraleone.com,FNB_MIXED,4,6,False,21.0,SKIP / CHILD-TASK-BLOCKED,Will's 2026-09-11 handover classified this blocked or not viable. Not re-probed here.
sierra_leone,LAST_TRY_FAILED,saidu_sesay_enterprise,https://www.saidu-sesay-enterprisesierraleone.com/products,saidu-sesay-enterprisesierraleone.com,FNB_MIXED,1,3,False,21.0,SKIP / CHILD-TASK-BLOCKED,Will's 2026-09-11 handover classified this blocked or not viable. Not re-probed here.
sierra_leone,LAST_TRY_FAILED,salonemart,https://salonemart.com/,salonemart.com,FNB_MIXED,1,4,False,21.0,SKIP / CHILD-TASK-BLOCKED,Will's 2026-09-11 handover classified this blocked or not viable. Not re-probed here.
sierra_leone,LAST_TRY_FAILED,shashamaterials,https://shashamaterials.com/,shashamaterials.com,FNB_MIXED,1,3,False,21.0,SKIP / CHILD-TASK-BLOCKED,Will's 2026-09-11 handover classified this blocked or not viable. Not re-probed here.
sierra_leone,LAST_TRY_FAILED,thingsandsomethings,https://www.thingsandsomethings.com/product-page/kids-educational-toys,thingsandsomethings.com,FNB_MIXED,1,2,False,21.0,SKIP / CHILD-TASK-BLOCKED,Will's 2026-09-11 handover classified this blocked or not viable. Not re-probed here.
congo_rep,PENDING,brazzamarket_cg,https://brazzamarket.fr/products,brazzamarket.fr,FNB_MIXED,3,4,True,22.0,P2 - queue / NEEDS-CUSTOM-CRAWLER,"Will's 2026-09-11 handover found price evidence but no standard platform API, so it needs a bespoke spider. Never built or live-tested."
congo_rep,PENDING,informatica_cg,https://informatica.com.lb/shop,informatica.com.lb,FNB_MIXED,1,3,True,22.0,P2 - queue / NEEDS-CUSTOM-CRAWLER,"Will's 2026-09-11 handover found price evidence but no standard platform API, so it needs a bespoke spider. Never built or live-tested."
congo_rep,PENDING,wassashop_quincaillerie_federale_cg,https://wassashop.com/quincaillerie-federale,wassashop.com,FNB_MIXED,1,4,True,22.0,P2 - queue / NEEDS-CUSTOM-CRAWLER,"Will's 2026-09-11 handover found price evidence but no standard platform API, so it needs a bespoke spider. Never built or live-tested."
congo_rep,LAST_TRY_FAILED,achantenligne_ams_store_cg,https://achantenligne.com/,achantenligne.com,FNB_MIXED,1,1,False,22.0,SKIP / CHILD-TASK-BLOCKED,Will's 2026-09-11 handover classified this blocked or not viable. Not re-probed here.
congo_rep,LAST_TRY_FAILED,codima242_wix_cg,https://codima242.wixsite.com/website,codima242.wixsite.com,FNB_MIXED,1,1,False,22.0,SKIP / CHILD-TASK-BLOCKED,Will's 2026-09-11 handover classified this blocked or not viable. Not re-probed here.
congo_rep,LAST_TRY_FAILED,fashyas_marine_optique_cg,https://www.fashyas.com/CG/Brazzaville/230705286800079/Marine-Optique,fashyas.com,FNB_MIXED,1,1,False,22.0,SKIP / CHILD-TASK-BLOCKED,Will's 2026-09-11 handover classified this blocked or not viable. Not re-probed here.
congo_rep,LAST_TRY_FAILED,findglocal_divine_shop_242_cg,https://www.findglocal.com/CG/Brazzaville/110876987036716/Divine-shop-242,findglocal.com,FNB_MIXED,1,1,False,22.0,SKIP / CHILD-TASK-BLOCKED,Will's 2026-09-11 handover classified this blocked or not viable. Not re-probed here.
congo_rep,PENDING,congo_rep_zwanayo,https://zwanayo.com/,zwanayo.com,FNB_MIXED,4,4,False,22.0,P2 - queue / NEEDS-CUSTOM-CRAWLER,Downloaded CSV batch on 2026-09-12; normalized site was not present in the base workbook | scraping ease: Easy | add as a new scrape target and crawler-creation candidate
niger,PENDING,niger_meshago,https://meshago.com/,meshago.com,FNB_MIXED,1,5,False,23.0,P2 - queue / NEEDS-CUSTOM-CRAWLER,Downloaded CSV batch on 2026-09-12; normalized site was not present in the base workbook | scraping ease: Easy | add as a new scrape target and crawler-creation candidate
niger,PENDING,niger_jstore_icu,https://jstore.icu/,jstore.icu,FNB_MIXED,1,4,False,23.0,P2 - queue / NEEDS-CUSTOM-CRAWLER,Downloaded CSV batch on 2026-09-12; normalized site was not present in the base workbook | scraping ease: Moderate | add as a new scrape target and crawler-creation candidate
niger,PENDING,niger_afromallne,https://afromallne.com/,afromallne.com,FNB_MIXED,3,3,False,23.0,P2 - queue / NEEDS-CUSTOM-CRAWLER,Downloaded CSV batch on 2026-09-12; normalized site was not present in the base workbook | scraping ease: Moderate | add as a new scrape target and crawler-creation candidate
niger,PENDING,niger_kasuwaniger,https://www.kasuwaniger.com/,kasuwaniger.com,FNB_MIXED,3,4,False,23.0,P2 - queue / NEEDS-CUSTOM-CRAWLER,Downloaded CSV batch on 2026-09-12; normalized site was not present in the base workbook | scraping ease: Easy | add as a new scrape target and crawler-creation candidate
niger,PENDING,niger_babban_kassuwa,https://www.babban-kassuwa.com/,babban-kassuwa.com,FNB_MIXED,2,2,False,23.0,P2 - queue / NEEDS-CUSTOM-CRAWLER,Downloaded CSV batch on 2026-09-12; normalized site was not present in the base workbook | scraping ease: Moderate | add as a new scrape target and crawler-creation candidate
niger,PENDING,niger_ne_coinafrique,https://ne.coinafrique.com/,ne.coinafrique.com,FNB_MIXED,3,5,False,23.0,P2 - queue / NEEDS-CUSTOM-CRAWLER,Downloaded CSV batch on 2026-09-12; normalized site was not present in the base workbook | scraping ease: Easy | add as a new scrape target and crawler-creation candidate
niger,PENDING,niger_boukata_ta,https://boukata-ta.com/,boukata-ta.com,FNB_MIXED,2,3,False,23.0,P2 - queue / NEEDS-CUSTOM-CRAWLER,Downloaded CSV batch on 2026-09-12; normalized site was not present in the base workbook | scraping ease: Moderate | add as a new scrape target and crawler-creation candidate
niger,PENDING,niger_kasuwarniger,https://www.kasuwarniger.com/marketplace,kasuwarniger.com,FNB_MIXED,2,2,False,23.0,P2 - queue / NEEDS-CUSTOM-CRAWLER,Downloaded CSV batch on 2026-09-12; normalized site was not present in the base workbook | scraping ease: Easy | add as a new scrape target and crawler-creation candidate
niger,PENDING,niger_kassoua,https://kassoua.net/,kassoua.net,FNB_MIXED,3,4,False,23.0,P2 - queue / NEEDS-CUSTOM-CRAWLER,Downloaded CSV batch on 2026-09-12; normalized site was not present in the base workbook | scraping ease: Easy | add as a new scrape target and crawler-creation candidate
guinea,PENDING,aket_gn,https://www.aketgn.com/,aketgn.com,FNB_MIXED,2,4,True,27.0,P2 - queue / NEEDS-CUSTOM-CRAWLER,"Will's 2026-09-11 handover found price evidence but no standard platform API, so it needs a bespoke spider. Never built or live-tested."
guinea,PENDING,batiguinew_gn,https://batigui.techril.com/products,batigui.techril.com,FNB_MIXED,1,6,True,27.0,P2 - queue / NEEDS-CUSTOM-CRAWLER,"Will's 2026-09-11 handover found price evidence but no standard platform API, so it needs a bespoke spider. Never built or live-tested."
guinea,PENDING,etsralf_gn,https://etsralf.com/,etsralf.com,FNB_MIXED,1,1,True,27.0,P2 - queue / NEEDS-CUSTOM-CRAWLER,"Will's 2026-09-11 handover found price evidence but no standard platform API, so it needs a bespoke spider. Never built or live-tested."
guinea,PENDING,galeriedf_gn,https://galeriedf.com/menu/salles-a-manger,galeriedf.com,FNB_MIXED,2,3,True,27.0,P2 - queue / NEEDS-CUSTOM-CRAWLER,"Will's 2026-09-11 handover found price evidence but no standard platform API, so it needs a bespoke spider. Never built or live-tested."
guinea,PENDING,gui_market_gn,https://gui-market.com/,gui-market.com,FNB_MIXED,2,4,True,27.0,P2 - queue / NEEDS-CUSTOM-CRAWLER,"Will's 2026-09-11 handover found price evidence but no standard platform API, so it needs a bespoke spider. Never built or live-tested."
guinea,PENDING,guinee_lube_filters_gn,https://www.guineelube.com/filtres.html,guineelube.com,FNB_MIXED,2,2,True,27.0,P2 - queue / NEEDS-CUSTOM-CRAWLER,"Will's 2026-09-11 handover found price evidence but no standard platform API, so it needs a bespoke spider. Never built or live-tested."
guinea,PENDING,koolxpress_gn,https://koolxpress.com/,koolxpress.com,FNB_MIXED,4,5,True,27.0,P2 - queue / NEEDS-CUSTOM-CRAWLER,"Will's 2026-09-11 handover found price evidence but no standard platform API, so it needs a bespoke spider. Never built or live-tested."
guinea,PENDING,s_7majorgn_gn,https://7majorgn.com/product.php?id=274,7majorgn.com,FNB_MIXED,2,3,True,27.0,P2 - queue / NEEDS-CUSTOM-CRAWLER,"Will's 2026-09-11 handover found price evidence but no standard platform API, so it needs a bespoke spider. Never built or live-tested."
guinea,PENDING,sanigo_gn,https://www.sanigo.co/,sanigo.co,FNB_MIXED,1,3,True,27.0,P2 - queue / NEEDS-CUSTOM-CRAWLER,"Will's 2026-09-11 handover found price evidence but no standard platform API, so it needs a bespoke spider. Never built or live-tested."
guinea,PENDING,smh_furnitures_gn,https://smhfurnitures.com/,smhfurnitures.com,FNB_MIXED,2,4,True,27.0,P2 - queue / NEEDS-CUSTOM-CRAWLER,"Will's 2026-09-11 handover found price evidence but no standard platform API, so it needs a bespoke spider. Never built or live-tested."
guinea,PENDING,solustok_pharmacy_gn,https://www.solustok.com/shop/pharmacie-ciskomaye,solustok.com,FNB_MIXED,1,2,True,27.0,P2 - queue / NEEDS-CUSTOM-CRAWLER,"Will's 2026-09-11 handover found price evidence but no standard platform API, so it needs a bespoke spider. Never built or live-tested."
guinea,PENDING,sylishop_gn,https://www.sylishop.com/,sylishop.com,FNB_MIXED,4,5,True,27.0,P2 - queue / NEEDS-CUSTOM-CRAWLER,"Will's 2026-09-11 handover found price evidence but no standard platform API, so it needs a bespoke spider. Never built or live-tested."
guinea,PENDING,afrivora_gn,https://www.afrivora.com/fr/,afrivora.com,FNB_MIXED,2,5,True,27.0,P3 - queue / NEEDS-REVIEW,"Will's 2026-09-11 handover flagged this ambiguous (country, currency or price-surface unclear). Needs manual review before any scaffolding."
guinea,PENDING,autoline_gn,https://autoline-gn.com/,autoline-gn.com,FNB_MIXED,1,3,True,27.0,P3 - queue / NEEDS-REVIEW,"Will's 2026-09-11 handover flagged this ambiguous (country, currency or price-surface unclear). Needs manual review before any scaffolding."
guinea,PENDING,barrytechguinee_gn,https://barrytechguinee.com/,barrytechguinee.com,FNB_MIXED,1,2,True,27.0,P3 - queue / NEEDS-REVIEW,"Will's 2026-09-11 handover flagged this ambiguous (country, currency or price-surface unclear). Needs manual review before any scaffolding."
guinea,PENDING,codebarresguinee_gn,https://codebarresguinee.com/isbn/,codebarresguinee.com,FNB_MIXED,1,3,True,27.0,P3 - queue / NEEDS-REVIEW,"Will's 2026-09-11 handover flagged this ambiguous (country, currency or price-surface unclear). Needs manual review before any scaffolding."
guinea,PENDING,guineezone_gn,https://guineezone.com/,guineezone.com,FNB_MIXED,2,3,True,27.0,P3 - queue / NEEDS-REVIEW,"Will's 2026-09-11 handover flagged this ambiguous (country, currency or price-surface unclear). Needs manual review before any scaffolding."
guinea,PENDING,joda_boutique_gn,https://jodaboutique.netlify.app/,jodaboutique.netlify.app,FNB_MIXED,1,2,True,27.0,P3 - queue / NEEDS-REVIEW,"Will's 2026-09-11 handover flagged this ambiguous (country, currency or price-surface unclear). Needs manual review before any scaffolding."
guinea,PENDING,yougouyougou_gn,https://yougouyougou.net/,yougouyougou.net,FNB_MIXED,2,2,True,27.0,P3 - queue / NEEDS-REVIEW,"Will's 2026-09-11 handover flagged this ambiguous (country, currency or price-surface unclear). Needs manual review before any scaffolding."
guinea,LAST_TRY_FAILED,anadi_guinee_gn,https://anadiguinee.com/,anadiguinee.com,FNB_MIXED,1,4,False,27.0,SKIP / JSONDecodeError,Generated as a crawler-ready manifest by Will's 2026-09-11 handover but it fails the enumerability gate on live probe (JSONDecodeError). Not merged into configs: a manifest that cannot enumerate returns zero rows forever.
guinea,LAST_TRY_FAILED,auralane_gn,https://www.auralane.fr/,auralane.fr,FNB_MIXED,1,2,False,27.0,SKIP / CertificateVerifyError,Generated as a crawler-ready manifest by Will's 2026-09-11 handover but it fails the enumerability gate on live probe (CertificateVerifyError). Not merged into configs: a manifest that cannot enumerate returns zero rows forever.
guinea,LAST_TRY_FAILED,djickai_gn,https://djickai.com/,djickai.com,FNB_MIXED,2,2,False,27.0,SKIP / HTTP-402,Generated as a crawler-ready manifest by Will's 2026-09-11 handover but it fails the enumerability gate on live probe (HTTP-402). Not merged into configs: a manifest that cannot enumerate returns zero rows forever.
guinea,LAST_TRY_FAILED,dttechgn_gn,https://dttechgn.com/,dttechgn.com,FNB_MIXED,2,2,False,27.0,SKIP / SSLError,Generated as a crawler-ready manifest by Will's 2026-09-11 handover but it fails the enumerability gate on live probe (SSLError). Not merged into configs: a manifest that cannot enumerate returns zero rows forever.
guinea,LAST_TRY_FAILED,globalelectrosite_gn,https://globalelectrosite.com/fr/,globalelectrosite.com,FNB_MIXED,3,3,False,27.0,SKIP / Timeout,Generated as a crawler-ready manifest by Will's 2026-09-11 handover but it fails the enumerability gate on live probe (Timeout). Not merged into configs: a manifest that cannot enumerate returns zero rows forever.
guinea,LAST_TRY_FAILED,madinaenligne_gn,https://madinaenligne.com/,madinaenligne.com,FNB_MIXED,1,7,False,27.0,SKIP / JSONDecodeError,Generated as a crawler-ready manifest by Will's 2026-09-11 handover but it fails the enumerability gate on live probe (JSONDecodeError). Not merged into configs: a manifest that cannot enumerate returns zero rows forever.
guinea,LAST_TRY_FAILED,media7plus_gn,https://media7plus.co/collections/promos,media7plus.co,FNB_MIXED,1,1,False,27.0,SKIP / HTTP-402,Generated as a crawler-ready manifest by Will's 2026-09-11 handover but it fails the enumerability gate on live probe (HTTP-402). Not merged into configs: a manifest that cannot enumerate returns zero rows forever.
guinea,LAST_TRY_FAILED,pharmaguinee_gn,https://www.pharmaguinee.com/fr/,pharmaguinee.com,FNB_MIXED,1,3,False,27.0,SKIP / EMPTY-CATALOG,Generated as a crawler-ready manifest by Will's 2026-09-11 handover but it fails the enumerability gate on live probe (EMPTY-CATALOG). Not merged into configs: a manifest that cannot enumerate returns zero rows forever.
guinea,LAST_TRY_FAILED,pms_guinee_gn,https://pmsguinee.com/accueil/,pmsguinee.com,FNB_MIXED,1,1,False,27.0,SKIP / DNSError,Generated as a crawler-ready manifest by Will's 2026-09-11 handover but it fails the enumerability gate on live probe (DNSError). Not merged into configs: a manifest that cannot enumerate returns zero rows forever.
guinea,LAST_TRY_FAILED,soguimex_gn,https://www.soguimex.ca/index.php?controller=category&id_category=24,soguimex.ca,FNB_MIXED,1,2,False,27.0,SKIP / DNSError,Generated as a crawler-ready manifest by Will's 2026-09-11 handover but it fails the enumerability gate on live probe (DNSError). Not merged into configs: a manifest that cannot enumerate returns zero rows forever.
guinea,LAST_TRY_FAILED,touletgroup_gn,https://touletgroup.com/fr/,touletgroup.com,FNB_MIXED,1,3,False,27.0,SKIP / EMPTY-CATALOG,Generated as a crawler-ready manifest by Will's 2026-09-11 handover but it fails the enumerability gate on live probe (EMPTY-CATALOG). Not merged into configs: a manifest that cannot enumerate returns zero rows forever.
guinea,LAST_TRY_FAILED,achatvente224_gn,https://achatvente224.com/,achatvente224.com,FNB_MIXED,4,11,False,27.0,SKIP / CHILD-TASK-BLOCKED,Will's 2026-09-11 handover classified this blocked or not viable. Not re-probed here.
guinea,LAST_TRY_FAILED,biomaxguinea_gn,https://www.biomaxguinea.com/details_produits.php?action=officine+veterinaire,biomaxguinea.com,FNB_MIXED,1,2,False,27.0,SKIP / CHILD-TASK-BLOCKED,Will's 2026-09-11 handover classified this blocked or not viable. Not re-probed here.
guinea,LAST_TRY_FAILED,epharma_gn,https://app.epharma-gn.com/,app.epharma-gn.com,FNB_MIXED,1,2,False,27.0,SKIP / CHILD-TASK-BLOCKED,Will's 2026-09-11 handover classified this blocked or not viable. Not re-probed here.
guinea,LAST_TRY_FAILED,gnakrystore_gn,https://gnakrystore.com/,gnakrystore.com,FNB_MIXED,2,3,False,27.0,SKIP / CHILD-TASK-BLOCKED,Will's 2026-09-11 handover classified this blocked or not viable. Not re-probed here.
guinea,LAST_TRY_FAILED,guineetrend_gn,https://guineetrend.com/,guineetrend.com,FNB_MIXED,2,2,False,27.0,SKIP / CHILD-TASK-BLOCKED,Will's 2026-09-11 handover classified this blocked or not viable. Not re-probed here.
guinea,LAST_TRY_FAILED,juju224shop_social_gn,https://www.findglocal.com/GN/Conakry/100470016296466/Juju224Shop,findglocal.com,FNB_MIXED,2,2,False,27.0,SKIP / CHILD-TASK-BLOCKED,Will's 2026-09-11 handover classified this blocked or not viable. Not re-probed here.
guinea,LAST_TRY_FAILED,madinagn_gn,https://www.madinagn.com/products,madinagn.com,FNB_MIXED,2,5,False,27.0,SKIP / CHILD-TASK-BLOCKED,Will's 2026-09-11 handover classified this blocked or not viable. Not re-probed here.
guinea,LAST_TRY_FAILED,marifala_gn,https://marifala.com/,marifala.com,FNB_MIXED,1,3,False,27.0,SKIP / CHILD-TASK-BLOCKED,Will's 2026-09-11 handover classified this blocked or not viable. Not re-probed here.
micronesia_fed_sts,LAST_TRY_FAILED,islandproa_dashery,https://islandproa.dashery.com/,islandproa.dashery.com,FNB_MIXED,2,2,False,28.0,SKIP / CHILD-TASK-BLOCKED,Will's 2026-09-11 handover classified this blocked or not viable. Not re-probed here.
micronesia_fed_sts,LAST_TRY_FAILED,kunibetsu_fm,https://kunibetsu.com/countries/fm,kunibetsu.com,FNB_MIXED,1,3,False,28.0,SKIP / CHILD-TASK-BLOCKED,Will's 2026-09-11 handover classified this blocked or not viable. Not re-probed here.
micronesia_fed_sts,LAST_TRY_FAILED,redbubble_micronesia,https://www.redbubble.com/shop/micronesia,redbubble.com,FNB_MIXED,2,2,False,28.0,SKIP / CHILD-TASK-BLOCKED,Will's 2026-09-11 handover classified this blocked or not viable. Not re-probed here.
micronesia_fed_sts,PENDING,micronesia_fed_sts_micronesiaimports,https://micronesiaimports.com/,micronesiaimports.com,FNB_MIXED,2,2,False,28.0,P2 - queue / NEEDS-CUSTOM-CRAWLER,Downloaded CSV batch on 2026-09-12; normalized site was not present in the base workbook | scraping ease: Moderate | add as a new scrape target and crawler-creation candidate
suriname,PENDING,famiri_winkel,https://www.famiriwinkel.com/,famiriwinkel.com,FNB_MIXED,1,5,True,32.0,P3 - queue / NEEDS-REVIEW,"Will's 2026-09-11 handover flagged this ambiguous (country, currency or price-surface unclear). Needs manual review before any scaffolding."
suriname,PENDING,protrade_international,https://www.protradeinternationalnv.com/search,protradeinternationalnv.com,FNB_MIXED,1,2,True,32.0,P3 - queue / NEEDS-REVIEW,"Will's 2026-09-11 handover flagged this ambiguous (country, currency or price-surface unclear). Needs manual review before any scaffolding."
suriname,PENDING,smart_connexxionz,https://smart-dev.zeus1.tad.sr/,smart-dev.zeus1.tad.sr,FNB_MIXED,2,3,True,32.0,P3 - queue / NEEDS-REVIEW,"Will's 2026-09-11 handover flagged this ambiguous (country, currency or price-surface unclear). Needs manual review before any scaffolding."
suriname,LAST_TRY_FAILED,carline_suriname,https://www.carline.sr/,carline.sr,FNB_MIXED,1,1,False,32.0,SKIP / CHILD-TASK-BLOCKED,Will's 2026-09-11 handover classified this blocked or not viable. Not re-probed here.
suriname,LAST_TRY_FAILED,opo_doro,https://opo-doro.org/winkel/,opo-doro.org,FNB_MIXED,1,2,False,32.0,SKIP / CHILD-TASK-BLOCKED,Will's 2026-09-11 handover classified this blocked or not viable. Not re-probed here.
suriname,LAST_TRY_FAILED,toppharm,https://www.toppharm.sr/home,toppharm.sr,FNB_MIXED,2,2,False,32.0,SKIP / CHILD-TASK-BLOCKED,Will's 2026-09-11 handover classified this blocked or not viable. Not re-probed here.
suriname,LAST_TRY_FAILED,vital_medical_supplies,https://www.vital-medsupply.com/,vital-medsupply.com,FNB_MIXED,1,3,False,32.0,SKIP / CHILD-TASK-BLOCKED,Will's 2026-09-11 handover classified this blocked or not viable. Not re-probed here.
suriname,PENDING,suriname_hsdsonline,https://www.hsdsonline.com/,hsdsonline.com,FNB_MIXED,1,3,False,32.0,P2 - queue / NEEDS-CUSTOM-CRAWLER,Downloaded CSV batch on 2026-09-12; normalized site was not present in the base workbook | scraping ease: Easy | add as a new scrape target and crawler-creation candidate
suriname,PENDING,suriname_primehubsr,https://primehubsr.com/,primehubsr.com,FNB_MIXED,2,6,False,32.0,P2 - queue / NEEDS-CUSTOM-CRAWLER,Downloaded CSV batch on 2026-09-12; normalized site was not present in the base workbook | scraping ease: Easy | add as a new scrape target and crawler-creation candidate
comoros,PENDING,comoros_comoros_ubuy,https://www.comoros.ubuy.com/en/,comoros.ubuy.com,FNB_MIXED,2,3,False,33.0,P2 - queue / NEEDS-CUSTOM-CRAWLER,Downloaded CSV batch on 2026-09-12; normalized site was not present in the base workbook | scraping ease: Moderate | add as a new scrape target and crawler-creation candidate
iraq,PENDING,iraq_miraaya,https://miraaya.com/en/collections/niche,miraaya.com,FNB_MIXED,1,1,False,33.0,P2 - queue / NEEDS-CUSTOM-CRAWLER,Downloaded CSV batch on 2026-09-12; normalized site was not present in the base workbook | scraping ease: Easy | add as a new scrape target and crawler-creation candidate
iraq,PENDING,iraq_elryan,https://www.elryan.com/en/,elryan.com,FNB_MIXED,1,5,False,33.0,P2 - queue / NEEDS-CUSTOM-CRAWLER,Downloaded CSV batch on 2026-09-12; normalized site was not present in the base workbook | scraping ease: Easy | add as a new scrape target and crawler-creation candidate
iraq,PENDING,iraq_ubuy_iq,https://www.ubuy.iq/en/,ubuy.iq,FNB_MIXED,2,3,False,33.0,P2 - queue / NEEDS-CUSTOM-CRAWLER,Downloaded CSV batch on 2026-09-12; normalized site was not present in the base workbook | scraping ease: Moderate | add as a new scrape target and crawler-creation candidate
iraq,PENDING,iraq_naram,https://naram.com/en/,naram.com,FNB_MIXED,1,4,False,33.0,P2 - queue / NEEDS-CUSTOM-CRAWLER,Downloaded CSV batch on 2026-09-12; normalized site was not present in the base workbook | scraping ease: Moderate | add as a new scrape target and crawler-creation candidate
iraq,PENDING,iraq_royaiq,https://royaiq.com/?lang=en,royaiq.com,FNB_MIXED,1,3,False,33.0,P2 - queue / NEEDS-CUSTOM-CRAWLER,Downloaded CSV batch on 2026-09-12; normalized site was not present in the base workbook | scraping ease: Easy | add as a new scrape target and crawler-creation candidate
solomon_islands,PENDING,australian_direct_suppliers_sb,https://www.australiandirectsuppliers.com/mobile-phones-tablets,australiandirectsuppliers.com,FNB_MIXED,1,6,True,34.0,P3 - queue / NEEDS-REVIEW,"Will's 2026-09-11 handover flagged this ambiguous (country, currency or price-surface unclear). Needs manual review before any scaffolding."
solomon_islands,LAST_TRY_FAILED,aelan_gadgets_social_listing,https://www.findglocal.com/SB/Honiara/1027168237137638/Aelan-gadgets,findglocal.com,FNB_MIXED,1,5,False,34.0,SKIP / CHILD-TASK-BLOCKED,Will's 2026-09-11 handover classified this blocked or not viable. Not re-probed here.
solomon_islands,LAST_TRY_FAILED,dipstop_market_solomon_islands,https://dipstopmarket.com/collections/eap-solomon-islands,dipstopmarket.com,FNB_MIXED,2,2,False,34.0,SKIP / CHILD-TASK-BLOCKED,Will's 2026-09-11 handover classified this blocked or not viable. Not re-probed here.
solomon_islands,LAST_TRY_FAILED,superpowerw_sb,https://superpowerw.com/,superpowerw.com,FNB_MIXED,5,6,False,34.0,SKIP / CHILD-TASK-BLOCKED,Will's 2026-09-11 handover classified this blocked or not viable. Not re-probed here.
solomon_islands,LAST_TRY_FAILED,tbc_hardware_social_listing,https://www.hardware1000.com/SB/Honiara/830770493454338/TBC-Hardware,hardware1000.com,FNB_MIXED,1,2,False,34.0,SKIP / CHILD-TASK-BLOCKED,Will's 2026-09-11 handover classified this blocked or not viable. Not re-probed here.
sudan,PENDING,Hyper Express,https://hyper.sd/,hyper.sd,FNB_MIXED,3,3,True,36.0,P2 - queue / ACCEPT,"Candidate found in the 2026-08-31 sourcing round, never built. build_tier=not scored; scrapability=nan; class=Custom"
sudan,PENDING,Zaad Delivery,https://zaad.delivery/,zaad.delivery,FNB_MIXED,1,1,True,36.0,P2 - queue / SUSPECT,"Candidate found in the 2026-08-31 sourcing round, never built. build_tier=not scored; scrapability=nan; class=Custom"
sudan,PENDING,al_bugaa_computers_telecommunications,https://albugaa.com/,albugaa.com,FNB_MIXED,1,5,True,36.0,P2 - queue / NEEDS-CUSTOM-CRAWLER,"Will's 2026-09-11 handover found price evidence but no standard platform API, so it needs a bespoke spider. Never built or live-tested."
sudan,PENDING,mtozero_store,https://store.mtozero.com/?lang=en,store.mtozero.com,FNB_MIXED,1,2,True,36.0,P2 - queue / NEEDS-CUSTOM-CRAWLER,"Will's 2026-09-11 handover found price evidence but no standard platform API, so it needs a bespoke spider. Never built or live-tested."
sudan,PENDING,opensooq_sudan,https://sd.opensooq.com/en,sd.opensooq.com,FNB_MIXED,2,6,True,36.0,P2 - queue / NEEDS-CUSTOM-CRAWLER,"Will's 2026-09-11 handover found price evidence but no standard platform API, so it needs a bespoke spider. Never built or live-tested."
sudan,PENDING,sougdan,https://sougdan.com/,sougdan.com,FNB_MIXED,5,7,True,36.0,P2 - queue / NEEDS-CUSTOM-CRAWLER,"Will's 2026-09-11 handover found price evidence but no standard platform API, so it needs a bespoke spider. Never built or live-tested."
sudan,PENDING,zoona,https://zoonasd.com/,zoonasd.com,FNB_MIXED,2,10,True,36.0,P2 - queue / NEEDS-CUSTOM-CRAWLER,"Will's 2026-09-11 handover found price evidence but no standard platform API, so it needs a bespoke spider. Never built or live-tested."
sudan,LAST_TRY_FAILED,alsoug_com,https://www.alsoug.com/en,alsoug.com,FNB_MIXED,2,4,False,36.0,SKIP / CHILD-TASK-BLOCKED,Will's 2026-09-11 handover classified this blocked or not viable. Not re-probed here.
sudan,LAST_TRY_FAILED,innovation_scientific,https://innovationsdn.com/,innovationsdn.com,FNB_MIXED,1,2,False,36.0,SKIP / CHILD-TASK-BLOCKED,Will's 2026-09-11 handover classified this blocked or not viable. Not re-probed here.
sudan,LAST_TRY_FAILED,sudanteck,https://sudanteck.com/,sudanteck.com,FNB_MIXED,2,6,False,36.0,SKIP / CHILD-TASK-BLOCKED,Will's 2026-09-11 handover classified this blocked or not viable. Not re-probed here.
sudan,PENDING,sudan_nilemart,https://nilemart.co/,nilemart.co,FNB_MIXED,4,4,False,36.0,P2 - queue / NEEDS-CUSTOM-CRAWLER,Downloaded CSV batch on 2026-09-12; normalized site was not present in the base workbook | scraping ease: Moderate | add as a new scrape target and crawler-creation candidate
sudan,PENDING,sudan_vardeal,https://www.vardeal.com/en,vardeal.com,FNB_MIXED,2,4,False,36.0,P2 - queue / NEEDS-CUSTOM-CRAWLER,Downloaded CSV batch on 2026-09-12; normalized site was not present in the base workbook | scraping ease: Easy | add as a new scrape target and crawler-creation candidate
sudan,PENDING,sudan_amasonsudan,https://www.amasonsudan.com/,amasonsudan.com,FNB_MIXED,1,5,False,36.0,P2 - queue / NEEDS-CUSTOM-CRAWLER,Downloaded CSV batch on 2026-09-12; normalized site was not present in the base workbook | scraping ease: Moderate | add as a new scrape target and crawler-creation candidate
angola,PENDING,Hiperkupa,https://hiperkupa.ao/,hiperkupa.ao,FNB_MIXED,2,2,True,38.0,P2 - queue / SUSPECT,"Candidate found in the 2026-08-31 sourcing round, never built. build_tier=not scored; scrapability=nan; class=Custom"
angola,PENDING,angola_loja_sistec_ao,https://loja.sistec.co.ao/,loja.sistec.co.ao,FNB_MIXED,1,4,False,38.0,P2 - queue / NEEDS-CUSTOM-CRAWLER,Downloaded CSV batch on 2026-09-12; normalized site was not present in the base workbook | scraping ease: Easy | add as a new scrape target and crawler-creation candidate
angola,PENDING,angola_lojasonlineangola,https://lojasonlineangola.com/collections/todos-os-produtos,lojasonlineangola.com,FNB_MIXED,1,2,False,38.0,P2 - queue / NEEDS-CUSTOM-CRAWLER,Downloaded CSV batch on 2026-09-12; normalized site was not present in the base workbook | scraping ease: Easy | add as a new scrape target and crawler-creation candidate
angola,PENDING,angola_ncrangola,https://www.ncrangola.com/,ncrangola.com,FNB_MIXED,2,2,False,38.0,P2 - queue / NEEDS-CUSTOM-CRAWLER,Downloaded CSV batch on 2026-09-12; normalized site was not present in the base workbook | scraping ease: Moderate | add as a new scrape target and crawler-creation candidate
angola,PENDING,angola_querapidoangola,https://www.querapidoangola.com/,querapidoangola.com,FNB_MIXED,1,2,False,38.0,P2 - queue / NEEDS-CUSTOM-CRAWLER,Downloaded CSV batch on 2026-09-12; normalized site was not present in the base workbook | scraping ease: Easy | add as a new scrape target and crawler-creation candidate
timor_leste,PENDING,timor_leste_timorbuy,https://www.timorbuy.com/,timorbuy.com,FNB_MIXED,2,4,False,41.0,P2 - queue / NEEDS-CUSTOM-CRAWLER,Downloaded CSV batch on 2026-09-12; normalized site was not present in the base workbook | scraping ease: Easy | add as a new scrape target and crawler-creation candidate
timor_leste,PENDING,timor_leste_lolospala,https://lolospala.com/,lolospala.com,FNB_MIXED,2,3,False,41.0,P2 - queue / NEEDS-CUSTOM-CRAWLER,Downloaded CSV batch on 2026-09-12; normalized site was not present in the base workbook | scraping ease: Easy | add as a new scrape target and crawler-creation candidate
timor_leste,PENDING,timor_leste_timoroan,https://timoroan.net/products.php,timoroan.net,FNB_MIXED,2,4,False,41.0,P2 - queue / NEEDS-CUSTOM-CRAWLER,Downloaded CSV batch on 2026-09-12; normalized site was not present in the base workbook | scraping ease: Easy | add as a new scrape target and crawler-creation candidate
timor_leste,PENDING,timor_leste_gybsee,https://gybsee.com/,gybsee.com,FNB_MIXED,2,6,False,41.0,P2 - queue / NEEDS-CUSTOM-CRAWLER,Downloaded CSV batch on 2026-09-12; normalized site was not present in the base workbook | scraping ease: Easy | add as a new scrape target and crawler-creation candidate
timor_leste,PENDING,timor_leste_tais_tl,https://tais.tl/shop,tais.tl,FNB_MIXED,1,1,False,41.0,P2 - queue / NEEDS-CUSTOM-CRAWLER,Downloaded CSV batch on 2026-09-12; normalized site was not present in the base workbook | scraping ease: Moderate | add as a new scrape target and crawler-creation candidate
norway,PENDING,Coop Norge,https://coop.no/,coop.no,FNB_MIXED,1,1,True,43.0,P2 - queue / ACCEPT,"Candidate found in the 2026-08-31 sourcing round, never built. build_tier=C - engineering required; scrapability=3.0; class=Custom"
norway,PENDING,norway_nelo_no,https://nelo.no/,nelo.no,FNB_MIXED,1,4,False,43.0,P2 - queue / NEEDS-CUSTOM-CRAWLER,Downloaded CSV batch on 2026-09-12; normalized site was not present in the base workbook | scraping ease: Easy | add as a new scrape target and crawler-creation candidate
tuvalu,PENDING,buyonwasapp_tuvalu_marketplace,https://www.buyonwasapp.ng/itm-location/tuvalu,buyonwasapp.ng,FNB_MIXED,3,7,True,44.0,P2 - queue / NEEDS-CUSTOM-CRAWLER,"Will's 2026-09-11 handover found price evidence but no standard platform API, so it needs a bespoke spider. Never built or live-tested."
tuvalu,PENDING,sat_japan_tuvalu,https://satjapan.com/es/sat-tuvalu,satjapan.com,FNB_MIXED,2,4,True,44.0,P3 - queue / NEEDS-REVIEW,"Will's 2026-09-11 handover flagged this ambiguous (country, currency or price-surface unclear). Needs manual review before any scaffolding."
tuvalu,LAST_TRY_FAILED,export_wholesale_leads_various,https://www.go4worldbusiness.com/find?BuyersOrSuppliers=buyers&countryFilter%5B%5D=tuvalu&searchText=household-furniture,go4worldbusiness.com,FNB_MIXED,4,4,False,44.0,SKIP / CHILD-TASK-BLOCKED,Will's 2026-09-11 handover classified this blocked or not viable. Not re-probed here.
tuvalu,LAST_TRY_FAILED,jy_ocean_social_mirrors,https://www.furniturestoresfinder.com/TV/Fongafale/101091245035083/JY-ocean-trading-Tuvalu,furniturestoresfinder.com,FNB_MIXED,1,1,False,44.0,SKIP / CHILD-TASK-BLOCKED,Will's 2026-09-11 handover classified this blocked or not viable. Not re-probed here.
yemen,PENDING,yemen_yemenusa,https://yemenusa.com/,yemenusa.com,FNB_MIXED,2,3,False,46.0,P2 - queue / NEEDS-CUSTOM-CRAWLER,Downloaded CSV batch on 2026-09-12; normalized site was not present in the base workbook | scraping ease: Easy | add as a new scrape target and crawler-creation candidate
yemen,PENDING,yemen_yemen_desertcart,https://yemen.desertcart.com/,yemen.desertcart.com,FNB_MIXED,2,3,False,46.0,P2 - queue / NEEDS-CUSTOM-CRAWLER,Downloaded CSV batch on 2026-09-12; normalized site was not present in the base workbook | scraping ease: Moderate | add as a new scrape target and crawler-creation candidate
gabon,PENDING,Chap Chap Gabon,https://chapchapgabon.com/,chapchapgabon.com,FNB_MIXED,1,1,True,48.0,P2 - queue / ACCEPT,"Candidate found in the 2026-08-31 sourcing round, never built. build_tier=not scored; scrapability=nan; class=Custom"
gabon,PENDING,SendMonTchop,https://sendmontchop.com/,sendmontchop.com,FNB_MIXED,2,2,True,48.0,P2 - queue / SUSPECT,"Candidate found in the 2026-08-31 sourcing round, never built. build_tier=not scored; scrapability=nan; class=Custom"
gabon,PENDING,gabon_mbana_shop,https://mbana-shop.com/,mbana-shop.com,FNB_MIXED,3,5,False,48.0,P2 - queue / NEEDS-CUSTOM-CRAWLER,Downloaded CSV batch on 2026-09-12; normalized site was not present in the base workbook | scraping ease: Moderate | add as a new scrape target and crawler-creation candidate
gabon,PENDING,gabon_odms_shopping,https://www.odms-shopping.com/,odms-shopping.com,FNB_MIXED,1,3,False,48.0,P2 - queue / NEEDS-CUSTOM-CRAWLER,Downloaded CSV batch on 2026-09-12; normalized site was not present in the base workbook | scraping ease: Easy | add as a new scrape target and crawler-creation candidate
gabon,PENDING,gabon_offerzone_gabon,https://offerzone-gabon.com/,offerzone-gabon.com,FNB_MIXED,1,3,False,48.0,P2 - queue / NEEDS-CUSTOM-CRAWLER,Downloaded CSV batch on 2026-09-12; normalized site was not present in the base workbook | scraping ease: Easy | add as a new scrape target and crawler-creation candidate
afghanistan,PENDING,Halim Pharma,http://halimpharma.com.af/,halimpharma.com.af,FNB_MIXED,2,3,True,49.0,P2 - queue / Direct,"Candidate found in the 2026-08-31 sourcing round, never built. build_tier=C - engineering required; scrapability=nan; class=Pharmaceutical importer/distributor"
afghanistan,PENDING,Taza Pharma,https://tazapharma.af/,tazapharma.af,FNB_MIXED,3,3,True,49.0,P2 - queue / Direct,"Candidate found in the 2026-08-31 sourcing round, never built. build_tier=C - engineering required; scrapability=nan; class=Pharmaceutical importer/wholesaler"
afghanistan,PENDING,Asan Bawar,https://asanbawar.com/products?data_from=latest,asanbawar.com,FNB_MIXED,5,7,True,49.0,P2 - queue / EVIDENCE-ONLY,From Will's 2026-09-11 South Asia wave. His handover states explicitly that HAVE there means a child task found public price evidence and a plausible scraper path -- NOT that a crawler exists. Recorded as PENDING: it still needs to be implemented and live-tested before ingestion.
afghanistan,PENDING,Afghan China Shopping Center,https://afghanchinashoppingcenter.com/en/catalogue,afghanchinashoppingcenter.com,FNB_MIXED,5,5,True,49.0,P2 - queue / EVIDENCE-ONLY,From Will's 2026-09-11 South Asia wave. His handover states explicitly that HAVE there means a child task found public price evidence and a plausible scraper path -- NOT that a crawler exists. Recorded as PENDING: it still needs to be implemented and live-tested before ingestion.
afghanistan,PENDING,Zarangwal,https://zarangwal.com/,zarangwal.com,FNB_MIXED,2,5,True,49.0,P2 - queue / EVIDENCE-ONLY,From Will's 2026-09-11 South Asia wave. His handover states explicitly that HAVE there means a child task found public price evidence and a plausible scraper path -- NOT that a crawler exists. Recorded as PENDING: it still needs to be implemented and live-tested before ingestion.
afghanistan,PENDING,Tizkart,https://tizkart.com/,tizkart.com,FNB_MIXED,2,3,True,49.0,P2 - queue / EVIDENCE-ONLY,From Will's 2026-09-11 South Asia wave. His handover states explicitly that HAVE there means a child task found public price evidence and a plausible scraper path -- NOT that a crawler exists. Recorded as PENDING: it still needs to be implemented and live-tested before ingestion.
afghanistan,PENDING,LilamLilam,https://www.lilamlilam.com/,lilamlilam.com,FNB_MIXED,2,3,True,49.0,P2 - queue / CANDIDATE,From Will's 2026-09-11 South Asia wave. His handover states explicitly that HAVE there means a child task found public price evidence and a plausible scraper path -- NOT that a crawler exists. Recorded as PENDING: it still needs to be implemented and live-tested before ingestion.
afghanistan,PENDING,Peace Stationery,https://peace1971.com/,peace1971.com,FNB_MIXED,2,2,True,49.0,P2 - queue / EVIDENCE-ONLY,From Will's 2026-09-11 South Asia wave. His handover states explicitly that HAVE there means a child task found public price evidence and a plausible scraper path -- NOT that a crawler exists. Recorded as PENDING: it still needs to be implemented and live-tested before ingestion.
afghanistan,LAST_TRY_FAILED,General Facebook/Instagram/WhatsApp grocery leads,https://www.facebook.com/,facebook.com,FNB_MIXED,3,4,False,49.0,SKIP / CHILD-TASK-FAILED,Will's 2026-09-11 South Asia wave could not retrieve prices.
afghanistan,LAST_TRY_FAILED,DarmanDirect,https://darmandirect.com/,darmandirect.com,FNB_MIXED,1,2,False,49.0,SKIP / CHILD-TASK-SKIP,"Will's 2026-09-11 South Asia wave marked this SKIP (app-gated, no price, or wrong country)."
afghanistan,LAST_TRY_FAILED,Pharma One Medicine price list,https://pharmaonemedicine.com/price-list?lang=ps,pharmaonemedicine.com,FNB_MIXED,1,2,False,49.0,SKIP / CHILD-TASK-SKIP,"Will's 2026-09-11 South Asia wave marked this SKIP (app-gated, no price, or wrong country)."
afghanistan,LAST_TRY_FAILED,Zamen Pharma,https://zamenpharma.com/,zamenpharma.com,FNB_MIXED,1,3,False,49.0,SKIP / CHILD-TASK-SKIP,"Will's 2026-09-11 South Asia wave marked this SKIP (app-gated, no price, or wrong country)."
afghanistan,LAST_TRY_FAILED,RIVA marketplace,https://www.riva.af/en,riva.af,FNB_MIXED,2,5,False,49.0,SKIP / CHILD-TASK-SKIP,"Will's 2026-09-11 South Asia wave marked this SKIP (app-gated, no price, or wrong country)."
afghanistan,LAST_TRY_FAILED,Prince Mobile,https://www.princemobiles.com/,princemobiles.com,FNB_MIXED,2,2,False,49.0,SKIP / CHILD-TASK-SKIP,"Will's 2026-09-11 South Asia wave marked this SKIP (app-gated, no price, or wrong country)."
afghanistan,LAST_TRY_FAILED,Khpalwak Mobiles,https://www.khpalwakmobiles.com/,khpalwakmobiles.com,FNB_MIXED,2,2,False,49.0,SKIP / CHILD-TASK-SKIP,"Will's 2026-09-11 South Asia wave marked this SKIP (app-gated, no price, or wrong country)."
afghanistan,LAST_TRY_FAILED,MSBM Afghanistan city course pages,https://msbm.org.uk/herat/programme/professional-certificate-in-fundamentals-of-trust-and-equity-law,msbm.org.uk,FNB_MIXED,1,1,False,49.0,SKIP / CHILD-TASK-SKIP,"Will's 2026-09-11 South Asia wave marked this SKIP (app-gated, no price, or wrong country)."
afghanistan,LAST_TRY_FAILED,Bakhtar University Wix demo product,https://www.bakhtar.edu.af/product-page/i-m-a-product-2,bakhtar.edu.af,FNB_MIXED,1,1,False,49.0,SKIP / CHILD-TASK-SKIP,"Will's 2026-09-11 South Asia wave marked this SKIP (app-gated, no price, or wrong country)."
haiti,PENDING,Caribbean Supermarket SA,https://caribbeansupermarketsa.com/,caribbeansupermarketsa.com,FNB_MIXED,2,2,True,49.0,P1 - build now / ACCEPT,"Candidate found in the 2026-08-31 sourcing round, never built. build_tier=not scored; scrapability=nan; class=Custom"
haiti,PENDING,CompHaiti,https://comphaiti.com/,comphaiti.com,FNB_MIXED,3,3,True,49.0,P1 - build now / Directory/report,"Candidate found in the 2026-08-31 sourcing round, never built. build_tier=C - engineering required; scrapability=nan; class=Electronics/IT retailer"
haiti,PENDING,Eagle Market,https://eaglemarket.ht/,eaglemarket.ht,FNB_MIXED,1,1,True,49.0,P1 - build now / SUSPECT,"Candidate found in the 2026-08-31 sourcing round, never built. build_tier=not scored; scrapability=nan; class=WordPress/WooCommerce"
haiti,PENDING,haiti_relaisayiti,https://www.relaisayiti.com/boutique/,relaisayiti.com,FNB_MIXED,1,2,False,49.0,P2 - queue / NEEDS-CUSTOM-CRAWLER,Downloaded CSV batch on 2026-09-12; normalized site was not present in the base workbook | scraping ease: Easy | add as a new scrape target and crawler-creation candidate
bahamas_the,PENDING,bahamas_the_bahamaslocal,https://www.bahamaslocal.com/showlisting/14677/John_Watlings_Distillery.html,bahamaslocal.com,FNB_MIXED,1,1,False,52.0,P2 - queue / NEEDS-CUSTOM-CRAWLER,Downloaded CSV batch on 2026-09-12; normalized site was not present in the base workbook | scraping ease: Moderate | pricing visible: No | add as a new scrape target and crawler-creation candidate
bahamas_the,PENDING,bahamas_the_ubuy_bs,https://www.ubuy.bs/,ubuy.bs,FNB_MIXED,3,3,False,52.0,P2 - queue / NEEDS-CUSTOM-CRAWLER,Downloaded CSV batch on 2026-09-12; normalized site was not present in the base workbook | scraping ease: Moderate | add as a new scrape target and crawler-creation candidate
tanzania,PENDING,duka.direct (Selcom),https://duka.direct/,duka.direct,FNB_MIXED,2,2,True,56.0,P2 - queue / ACCEPT,"Candidate found in the 2026-08-31 sourcing round, never built. build_tier=not scored; scrapability=nan; class=Custom"
tanzania,PENDING,tanzania_shopit_tz,https://shopit.co.tz/,shopit.co.tz,FNB_MIXED,2,6,False,56.0,P2 - queue / NEEDS-CUSTOM-CRAWLER,Downloaded CSV batch on 2026-09-12; normalized site was not present in the base workbook | scraping ease: Easy | add as a new scrape target and crawler-creation candidate
tanzania,PENDING,tanzania_zudua_tz,https://zudua.co.tz/,zudua.co.tz,FNB_MIXED,2,7,False,56.0,P2 - queue / NEEDS-CUSTOM-CRAWLER,Downloaded CSV batch on 2026-09-12; normalized site was not present in the base workbook | scraping ease: Easy | add as a new scrape target and crawler-creation candidate
tanzania,PENDING,tanzania_odayshoptanzania,https://odayshoptanzania.com/,odayshoptanzania.com,FNB_MIXED,1,4,False,56.0,P2 - queue / NEEDS-CUSTOM-CRAWLER,Downloaded CSV batch on 2026-09-12; normalized site was not present in the base workbook | scraping ease: Easy | add as a new scrape target and crawler-creation candidate
tanzania,PENDING,tanzania_rebumall_tz,https://rebumall.co.tz/,rebumall.co.tz,FNB_MIXED,3,5,False,56.0,P2 - queue / NEEDS-CUSTOM-CRAWLER,Downloaded CSV batch on 2026-09-12; normalized site was not present in the base workbook | scraping ease: Easy | add as a new scrape target and crawler-creation candidate
tanzania,PENDING,tanzania_ubuy_tz,https://www.ubuy.co.tz/en/,ubuy.co.tz,FNB_MIXED,2,3,False,56.0,P2 - queue / NEEDS-CUSTOM-CRAWLER,Downloaded CSV batch on 2026-09-12; normalized site was not present in the base workbook | scraping ease: Moderate | add as a new scrape target and crawler-creation candidate
tanzania,PENDING,tanzania_littlemore_tz,https://littlemore.co.tz/,littlemore.co.tz,FNB_MIXED,1,8,False,56.0,P2 - queue / NEEDS-CUSTOM-CRAWLER,Downloaded CSV batch on 2026-09-12; normalized site was not present in the base workbook | scraping ease: Easy | add as a new scrape target and crawler-creation candidate
kuwait,PENDING,Boutiqaat,https://www.boutiqaat.com/,boutiqaat.com,FNB_MIXED,3,3,True,59.0,P2 - queue / Direct,"Candidate found in the 2026-08-31 sourcing round, never built. build_tier=C - engineering required; scrapability=nan; class=Beauty/fashion marketplace"
rwanda,PENDING,rwanda_shopin_rw,https://shopin.rw/search,shopin.rw,FNB_MIXED,2,4,False,61.0,P2 - queue / NEEDS-CUSTOM-CRAWLER,Downloaded CSV batch on 2026-09-12; normalized site was not present in the base workbook | scraping ease: Easy | add as a new scrape target and crawler-creation candidate
rwanda,PENDING,rwanda_alirwanda,https://alirwanda.com/,alirwanda.com,FNB_MIXED,2,4,False,61.0,P2 - queue / NEEDS-CUSTOM-CRAWLER,Downloaded CSV batch on 2026-09-12; normalized site was not present in the base workbook | scraping ease: Moderate | add as a new scrape target and crawler-creation candidate
rwanda,PENDING,rwanda_isoko_rw,https://isoko.rw/,isoko.rw,FNB_MIXED,4,4,False,61.0,P2 - queue / NEEDS-CUSTOM-CRAWLER,Downloaded CSV batch on 2026-09-12; normalized site was not present in the base workbook | scraping ease: Easy | add as a new scrape target and crawler-creation candidate
belgium,PENDING,Albert Heijn Belgium,https://www.ah.be/,ah.be,FNB_MIXED,2,2,True,63.0,P3 - backlog / SUSPECT,"Candidate found in the 2026-08-31 sourcing round, never built. build_tier=D - hard / app / index only; scrapability=2.0; class=Custom/Enterprise"
belgium,PENDING,Colruyt,https://www.colruyt.be/,colruyt.be,FNB_MIXED,1,1,True,63.0,P3 - backlog / SUSPECT,"Candidate found in the 2026-08-31 sourcing round, never built. build_tier=D - hard / app / index only; scrapability=2.0; class=Custom/Enterprise"
belgium,PENDING,Cora Belgium,https://www.cora.be/,cora.be,FNB_MIXED,1,1,True,63.0,P2 - queue / ACCEPT,"Candidate found in the 2026-08-31 sourcing round, never built. build_tier=C - engineering required; scrapability=3.0; class=Custom"
belgium,PENDING,belgium_tabakshoekje_be,https://www.tabakshoekje.be/,tabakshoekje.be,FNB_MIXED,2,2,False,63.0,P2 - queue / NEEDS-CUSTOM-CRAWLER,Downloaded CSV batch on 2026-09-12; normalized site was not present in the base workbook | scraping ease: Easy | pricing visible: Yes | add as a new scrape target and crawler-creation candidate
belgium,PENDING,belgium_realtobacco_be,https://www.realtobacco.be/en/catalogus/tobacco,realtobacco.be,FNB_MIXED,2,2,False,63.0,P2 - queue / NEEDS-CUSTOM-CRAWLER,Downloaded CSV batch on 2026-09-12; normalized site was not present in the base workbook | scraping ease: Easy | pricing visible: Yes | add as a new scrape target and crawler-creation candidate
french_polynesia,PENDING,french_polynesia_produit_pacifique,https://produit-pacifique.com/,produit-pacifique.com,FNB_MIXED,1,3,False,63.0,P2 - queue / NEEDS-CUSTOM-CRAWLER,Downloaded CSV batch on 2026-09-12; normalized site was not present in the base workbook | scraping ease: Easy | add as a new scrape target and crawler-creation candidate
french_polynesia,PENDING,french_polynesia_tahitishop_france,https://www.tahitishop-france.com/,tahitishop-france.com,FNB_MIXED,1,2,False,63.0,P2 - queue / NEEDS-CUSTOM-CRAWLER,Downloaded CSV batch on 2026-09-12; normalized site was not present in the base workbook | scraping ease: Easy | add as a new scrape target and crawler-creation candidate
french_polynesia,PENDING,french_polynesia_mapolynesie_fr,https://www.mapolynesie.fr/,mapolynesie.fr,FNB_MIXED,2,5,False,63.0,P2 - queue / NEEDS-CUSTOM-CRAWLER,Downloaded CSV batch on 2026-09-12; normalized site was not present in the base workbook | scraping ease: Easy | add as a new scrape target and crawler-creation candidate
french_polynesia,PENDING,french_polynesia_boutique_monoi_tahiti,https://www.boutique-monoi-tahiti.com/boutique-de-tahiti-5,boutique-monoi-tahiti.com,FNB_MIXED,3,3,False,63.0,P2 - queue / NEEDS-CUSTOM-CRAWLER,Downloaded CSV batch on 2026-09-12; normalized site was not present in the base workbook | scraping ease: Easy | add as a new scrape target and crawler-creation candidate
french_polynesia,PENDING,french_polynesia_fenuashopping,https://fenuashopping.com/,fenuashopping.com,FNB_MIXED,1,4,False,63.0,P2 - queue / NEEDS-CUSTOM-CRAWLER,Downloaded CSV batch on 2026-09-12; normalized site was not present in the base workbook | scraping ease: Easy | add as a new scrape target and crawler-creation candidate
lesotho,PENDING,Shoprite Lesotho,https://www.shoprite.co.ls/,shoprite.co.ls,FNB_MIXED,1,1,True,64.0,P2 - queue / SUSPECT,"Candidate found in the 2026-08-31 sourcing round, never built. build_tier=not scored; scrapability=nan; class=Custom"
tunisia,PENDING,Mytek,https://www.mytek.tn/,mytek.tn,FNB_MIXED,3,3,True,65.0,P1 - build now / Direct,"Candidate found in the 2026-08-31 sourcing round, never built. build_tier=A - low-hanging fruit; scrapability=nan; class=Electronics/appliances"
uzbekistan,PENDING,Olcha,https://olcha.uz/,olcha.uz,FNB_MIXED,2,3,True,66.0,P2 - queue / Directory/report,"Candidate found in the 2026-08-31 sourcing round, never built. build_tier=C - engineering required; scrapability=nan; class=General/electronics retail"
antigua_and_barbuda,PENDING,antigua_and_barbuda_antigua_desertcart,https://antigua.desertcart.com/,antigua.desertcart.com,FNB_MIXED,1,1,False,67.0,P2 - queue / NEEDS-CUSTOM-CRAWLER,Downloaded CSV batch on 2026-09-12; normalized site was not present in the base workbook | scraping ease: Moderate | add as a new scrape target and crawler-creation candidate
nauru,PENDING,nauru_goxip,https://www.goxip.com/nr/en,goxip.com,FNB_MIXED,1,3,False,67.0,P2 - queue / NEEDS-CUSTOM-CRAWLER,Downloaded CSV batch on 2026-09-12; normalized site was not present in the base workbook | scraping ease: Moderate | add as a new scrape target and crawler-creation candidate
qatar,PENDING,qatar_oksouq,https://www.oksouq.com/shop,oksouq.com,FNB_MIXED,1,7,False,67.0,P2 - queue / NEEDS-CUSTOM-CRAWLER,Downloaded CSV batch on 2026-09-12; normalized site was not present in the base workbook | scraping ease: Easy | add as a new scrape target and crawler-creation candidate
qatar,PENDING,qatar_thewaffar,https://thewaffar.com/,thewaffar.com,FNB_MIXED,1,5,False,67.0,P2 - queue / NEEDS-CUSTOM-CRAWLER,Downloaded CSV batch on 2026-09-12; normalized site was not present in the base workbook | scraping ease: Easy | add as a new scrape target and crawler-creation candidate
qatar,PENDING,qatar_qa_labeb,https://qa.labeb.com/en/price-comparison,qa.labeb.com,FNB_MIXED,2,7,False,67.0,P2 - queue / NEEDS-CUSTOM-CRAWLER,Downloaded CSV batch on 2026-09-12; normalized site was not present in the base workbook | scraping ease: Moderate | add as a new scrape target and crawler-creation candidate
qatar,PENDING,qatar_foras_qa,https://foras.qa/en/compare-price-v2,foras.qa,FNB_MIXED,1,1,False,67.0,P2 - queue / NEEDS-CUSTOM-CRAWLER,Downloaded CSV batch on 2026-09-12; normalized site was not present in the base workbook | scraping ease: Moderate | add as a new scrape target and crawler-creation candidate
qatar,PENDING,qatar_souqprice,https://souqprice.com/qa/en-qa/,souqprice.com,FNB_MIXED,1,1,False,67.0,P2 - queue / NEEDS-CUSTOM-CRAWLER,Downloaded CSV batch on 2026-09-12; normalized site was not present in the base workbook | scraping ease: Moderate | add as a new scrape target and crawler-creation candidate
iran,PENDING,IranPharmis,https://www.iranpharmis.org/en,iranpharmis.org,FNB_MIXED,2,2,False,69.0,P2 - queue / Direct,"Candidate found in the 2026-08-31 sourcing round, never built. build_tier=C - engineering required; scrapability=nan; class=Medical-products importer"
iran,PENDING,iran_ersaly,https://www.ersaly.com/,ersaly.com,FNB_MIXED,3,3,False,69.0,P2 - queue / NEEDS-CUSTOM-CRAWLER,Downloaded CSV batch on 2026-09-12; normalized site was not present in the base workbook | scraping ease: Easy | add as a new scrape target and crawler-creation candidate
iran,PENDING,iran_gheymatshenas_ir,https://www.gheymatshenas.ir/en,gheymatshenas.ir,FNB_MIXED,1,1,False,69.0,P2 - queue / NEEDS-CUSTOM-CRAWLER,Downloaded CSV batch on 2026-09-12; normalized site was not present in the base workbook | scraping ease: Moderate | add as a new scrape target and crawler-creation candidate
iran,PENDING,iran_shopipersia,https://shopipersia.com/,shopipersia.com,FNB_MIXED,3,3,False,69.0,P2 - queue / NEEDS-CUSTOM-CRAWLER,Downloaded CSV batch on 2026-09-12; normalized site was not present in the base workbook | scraping ease: Easy | add as a new scrape target and crawler-creation candidate
iran,PENDING,iran_barabod,https://www.barabod.com/en,barabod.com,FNB_MIXED,1,4,False,69.0,P2 - queue / NEEDS-CUSTOM-CRAWLER,Downloaded CSV batch on 2026-09-12; normalized site was not present in the base workbook | scraping ease: Easy | add as a new scrape target and crawler-creation candidate
georgia,PENDING,Alta,https://alta.ge/,alta.ge,FNB_MIXED,2,4,True,71.0,P2 - queue / Directory/report,"Candidate found in the 2026-08-31 sourcing round, never built. build_tier=C - engineering required; scrapability=nan; class=Electronics/appliances"
georgia,PENDING,Nikora,https://nikora.ge/,nikora.ge,FNB_MIXED,1,1,True,71.0,P2 - queue / ACCEPT,"Candidate found in the 2026-08-31 sourcing round, never built. build_tier=not scored; scrapability=nan; class=Custom"
georgia,PENDING,Ori Nabiji,https://orinabiji.ge/,orinabiji.ge,FNB_MIXED,1,1,True,71.0,P2 - queue / SUSPECT,"Candidate found in the 2026-08-31 sourcing round, never built. build_tier=not scored; scrapability=nan; class=Custom"
georgia,LAST_TRY_FAILED,bigmarket.ge,,nan,FNB_MIXED,5,5,False,71.0,RETRY / JS-REQUIRED,"SPA shell — no productive endpoint (lazy-load never hydrates) — real Next.js e-commerce, but a GENERAL marketplace (beauty-personal-care, clothing, appliances, home-kitchen, smart-home, computers, electronics) with no food/grocery vertical at all — disqualified on category relevance, not on technical grounds. Uses Next.js App Router React-Server-Component `_rsc=` fetches, not plain JSON, if ever revisited for a non-food division."
georgia,LAST_TRY_FAILED,nikora.ge,,nan,FNB_MIXED,2,2,False,71.0,RETRY / NO-PRICES-ONLINE,"No products on the site (corporate marketing portal) — this is Nikora Trading LTD's CORPORATE group site, not a shop; links out to three sub-brand `/products` pages (`nikora.nikoraltd.ge`, `metable.ge`, `mzareuli.nikoraltd.ge`) that are static ""our product range"" showcases with zero price text and zero per-item structure beyond a generic menu-item div. Georgia's largest chain by store count — worth revisiting if a genuine transactional storefront surfaces under a different subdomain."
albania,PENDING,Gjirafa50,https://gjirafa50.com/,gjirafa50.com,FNB_MIXED,3,3,True,73.0,P2 - queue / Directory/report,"Candidate found in the 2026-08-31 sourcing round, never built. build_tier=C - engineering required; scrapability=nan; class=General/electronics marketplace"
sint_maarten_dutch_part,PENDING,sint_maarten_dutch_part_sxmdelivery,https://sxmdelivery.com/,sxmdelivery.com,FNB_MIXED,4,7,False,75.0,P2 - queue / NEEDS-CUSTOM-CRAWLER,Downloaded CSV batch on 2026-09-12; normalized site was not present in the base workbook | scraping ease: Moderate | add as a new scrape target and crawler-creation candidate
zambia,PENDING,Shoprite Zambia,https://www.shoprite.co.zm/,shoprite.co.zm,FNB_MIXED,1,1,True,76.0,P2 - queue / ACCEPT,"Candidate found in the 2026-08-31 sourcing round, never built. build_tier=not scored; scrapability=nan; class=Custom"
zambia,PENDING,zambia_nilandi,https://nilandi.com/,nilandi.com,FNB_MIXED,2,5,False,76.0,P2 - queue / NEEDS-CUSTOM-CRAWLER,Downloaded CSV batch on 2026-09-12; normalized site was not present in the base workbook | scraping ease: Easy | add as a new scrape target and crawler-creation candidate
zambia,PENDING,zambia_radianonline_zm,https://www.radianonline.co.zm/,radianonline.co.zm,FNB_MIXED,1,4,False,76.0,P2 - queue / NEEDS-CUSTOM-CRAWLER,Downloaded CSV batch on 2026-09-12; normalized site was not present in the base workbook | scraping ease: Easy | add as a new scrape target and crawler-creation candidate
zambia,PENDING,zambia_kwacha_zm,https://kwacha.co.zm/,kwacha.co.zm,FNB_MIXED,2,7,False,76.0,P2 - queue / NEEDS-CUSTOM-CRAWLER,Downloaded CSV batch on 2026-09-12; normalized site was not present in the base workbook | scraping ease: Easy | add as a new scrape target and crawler-creation candidate
zambia,PENDING,zambia_topstoreemarket,https://topstoreemarket.com/,topstoreemarket.com,FNB_MIXED,2,5,False,76.0,P2 - queue / NEEDS-CUSTOM-CRAWLER,Downloaded CSV batch on 2026-09-12; normalized site was not present in the base workbook | scraping ease: Moderate | add as a new scrape target and crawler-creation candidate
zambia,PENDING,zambia_zmart,https://zmart.online/,zmart.online,FNB_MIXED,1,6,False,76.0,P2 - queue / NEEDS-CUSTOM-CRAWLER,Downloaded CSV batch on 2026-09-12; normalized site was not present in the base workbook | scraping ease: Moderate | add as a new scrape target and crawler-creation candidate
mauritania,PENDING,Almersoul,https://www.marsarim.com/fr,marsarim.com,FNB_MIXED,1,2,True,77.0,P2 - queue / SUSPECT,"Candidate found in the 2026-08-31 sourcing round, never built. build_tier=not scored; scrapability=nan; class=Custom"
mauritania,PENDING,Maurikilchi,https://maurikilchi.com/,maurikilchi.com,FNB_MIXED,1,1,True,77.0,P2 - queue / ACCEPT,"Candidate found in the 2026-08-31 sourcing round, never built. build_tier=not scored; scrapability=nan; class=Custom"
mauritania,PENDING,mauritania_mauriachat,https://mauriachat.com/,mauriachat.com,FNB_MIXED,3,5,False,77.0,P2 - queue / NEEDS-CUSTOM-CRAWLER,Downloaded CSV batch on 2026-09-12; normalized site was not present in the base workbook | scraping ease: Easy | add as a new scrape target and crawler-creation candidate
mauritania,PENDING,mauritania_ubuy_mr,https://www.ubuy.mr/en/,ubuy.mr,FNB_MIXED,2,3,False,77.0,P2 - queue / NEEDS-CUSTOM-CRAWLER,Downloaded CSV batch on 2026-09-12; normalized site was not present in the base workbook | scraping ease: Moderate | add as a new scrape target and crawler-creation candidate
mauritania,PENDING,mauritania_mariescosmetic,https://www.mariescosmetic.com/,mariescosmetic.com,FNB_MIXED,1,2,False,77.0,P2 - queue / NEEDS-CUSTOM-CRAWLER,Downloaded CSV batch on 2026-09-12; normalized site was not present in the base workbook | scraping ease: Easy | add as a new scrape target and crawler-creation candidate
andorra,PENDING,andorra_andorrashop,https://andorrashop.com/ca/,andorrashop.com,FNB_MIXED,1,4,False,78.0,P2 - queue / NEEDS-CUSTOM-CRAWLER,Downloaded CSV batch on 2026-09-12; normalized site was not present in the base workbook | scraping ease: Easy | add as a new scrape target and crawler-creation candidate
andorra,PENDING,andorra_carlinandorra,https://shop.carlinandorra.com/,shop.carlinandorra.com,FNB_MIXED,1,3,False,78.0,P2 - queue / NEEDS-CUSTOM-CRAWLER,Downloaded CSV batch on 2026-09-12; normalized site was not present in the base workbook | scraping ease: Easy | add as a new scrape target and crawler-creation candidate
azerbaijan,PENDING,azerbaijan_brendfoni,https://brendfoni.com/en,brendfoni.com,FNB_MIXED,1,3,False,80.0,P2 - queue / NEEDS-CUSTOM-CRAWLER,Downloaded CSV batch on 2026-09-12; normalized site was not present in the base workbook | scraping ease: Moderate | add as a new scrape target and crawler-creation candidate
azerbaijan,PENDING,azerbaijan_geedo_az,https://geedo.az/,geedo.az,FNB_MIXED,1,1,False,80.0,P2 - queue / NEEDS-CUSTOM-CRAWLER,Downloaded CSV batch on 2026-09-12; normalized site was not present in the base workbook | scraping ease: Moderate | add as a new scrape target and crawler-creation candidate
azerbaijan,PENDING,azerbaijan_shoppingaz_az,https://shoppingaz.az/en/,shoppingaz.az,FNB_MIXED,3,4,False,80.0,P2 - queue / NEEDS-CUSTOM-CRAWLER,Downloaded CSV batch on 2026-09-12; normalized site was not present in the base workbook | scraping ease: Easy | add as a new scrape target and crawler-creation candidate
azerbaijan,PENDING,azerbaijan_arizon_az,https://www.arizon.az/en,arizon.az,FNB_MIXED,1,2,False,80.0,P2 - queue / NEEDS-CUSTOM-CRAWLER,Downloaded CSV batch on 2026-09-12; normalized site was not present in the base workbook | scraping ease: Easy | add as a new scrape target and crawler-creation candidate
azerbaijan,PENDING,azerbaijan_ubuy_az,https://www.ubuy.az/en/,ubuy.az,FNB_MIXED,3,3,False,80.0,P2 - queue / NEEDS-CUSTOM-CRAWLER,Downloaded CSV batch on 2026-09-12; normalized site was not present in the base workbook | scraping ease: Moderate | add as a new scrape target and crawler-creation candidate
switzerland,LAST_TRY_FAILED,www.leshop.ch,,nan,FNB_MIXED,1,2,False,83.0,SKIP / WAF/BOT-BLOCK,"Cloudflare interactive challenge (`cf-mitigated: challenge`) — plain `requests` (no impersonation) returns HTTP 403; `curl_cffi impersonate=chrome124` AND headless Playwright both return HTTP 200 but serve an IDENTICAL 213,649-byte `<title>maintenance</title>` page regardless of path (`/de`, homepage) — a content-level soft-block dressed as a maintenance page, not a real outage (same byte-for-byte page on two different domains at two different times rules out a genuine site-wide incident). Treat as a genuine block per the mandatory gate's spirit (TLS-bypass ""succeeds"" at the transport layer but the content itself is non-functional on every route tried)."
switzerland,LAST_TRY_FAILED,www.migros.ch,,nan,FNB_MIXED,1,2,False,83.0,SKIP / WAF/BOT-BLOCK,"Cloudflare interactive challenge (`cf-mitigated: challenge`) — plain `requests` (no impersonation) returns HTTP 403; `curl_cffi impersonate=chrome124` AND headless Playwright both return HTTP 200 but serve an IDENTICAL 213,649-byte `<title>maintenance</title>` page regardless of path (`/de`, homepage) — a content-level soft-block dressed as a maintenance page, not a real outage (same byte-for-byte page on two different domains at two different times rules out a genuine site-wide incident). Treat as a genuine block per the mandatory gate's spirit (TLS-bypass ""succeeds"" at the transport layer but the content itself is non-functional on every route tried)."
switzerland,PENDING,LeShop.ch,https://www.leshop.ch/,leshop.ch,FNB_MIXED,1,1,False,83.0,P2 - queue / ACCEPT,"Candidate found in the 2026-08-31 sourcing round, never built. build_tier=C - engineering required; scrapability=3.0; class=Custom"
switzerland,PENDING,Migros,https://www.migros.ch/,migros.ch,FNB_MIXED,1,1,False,83.0,P3 - backlog / SUSPECT,"Candidate found in the 2026-08-31 sourcing round, never built. build_tier=D - hard / app / index only; scrapability=2.0; class=Custom/Enterprise"
papua_new_guinea,PENDING,papua_new_guinea_pngonlinemarket,https://pngonlinemarket.com/,pngonlinemarket.com,FNB_MIXED,3,4,False,85.0,P2 - queue / NEEDS-CUSTOM-CRAWLER,Downloaded CSV batch on 2026-09-12; normalized site was not present in the base workbook | scraping ease: Easy | add as a new scrape target and crawler-creation candidate
papua_new_guinea,PENDING,papua_new_guinea_kumulpride,https://kumulpride.com/,kumulpride.com,FNB_MIXED,1,4,False,85.0,P2 - queue / NEEDS-CUSTOM-CRAWLER,Downloaded CSV batch on 2026-09-12; normalized site was not present in the base workbook | scraping ease: Easy | add as a new scrape target and crawler-creation candidate
papua_new_guinea,PENDING,papua_new_guinea_pngshop,https://www.pngshop.online/collections/all,pngshop.online,FNB_MIXED,1,1,False,85.0,P2 - queue / NEEDS-CUSTOM-CRAWLER,Downloaded CSV batch on 2026-09-12; normalized site was not present in the base workbook | scraping ease: Easy | add as a new scrape target and crawler-creation candidate
west_bank_and_gaza,PENDING,west_bank_and_gaza_shoppalestine,https://www.shoppalestine.org/,shoppalestine.org,FNB_MIXED,2,3,False,85.0,P2 - queue / NEEDS-CUSTOM-CRAWLER,Downloaded CSV batch on 2026-09-12; normalized site was not present in the base workbook | scraping ease: Easy | add as a new scrape target and crawler-creation candidate
west_bank_and_gaza,PENDING,west_bank_and_gaza_westbankapparel,https://westbankapparel.com/,westbankapparel.com,FNB_MIXED,1,4,False,85.0,P2 - queue / NEEDS-CUSTOM-CRAWLER,Downloaded CSV batch on 2026-09-12; normalized site was not present in the base workbook | scraping ease: Easy | add as a new scrape target and crawler-creation candidate
west_bank_and_gaza,PENDING,west_bank_and_gaza_madeingaza,https://madeingaza.org/shop/,madeingaza.org,FNB_MIXED,1,4,False,85.0,P2 - queue / NEEDS-CUSTOM-CRAWLER,Downloaded CSV batch on 2026-09-12; normalized site was not present in the base workbook | scraping ease: Easy | add as a new scrape target and crawler-creation candidate
west_bank_and_gaza,PENDING,west_bank_and_gaza_palestineonlinestore,https://palestineonlinestore.com/,palestineonlinestore.com,FNB_MIXED,1,3,False,85.0,P2 - queue / NEEDS-CUSTOM-CRAWLER,Downloaded CSV batch on 2026-09-12; normalized site was not present in the base workbook | scraping ease: Moderate | add as a new scrape target and crawler-creation candidate
madagascar,PENDING,madagascar_ubuy_mg,https://www.ubuy.mg/en/,ubuy.mg,FNB_MIXED,2,3,False,87.0,P2 - queue / NEEDS-CUSTOM-CRAWLER,Downloaded CSV batch on 2026-09-12; normalized site was not present in the base workbook | scraping ease: Moderate | add as a new scrape target and crawler-creation candidate
madagascar,PENDING,madagascar_harvel_store,https://harvel-store.com/,harvel-store.com,FNB_MIXED,2,3,False,87.0,P2 - queue / NEEDS-CUSTOM-CRAWLER,Downloaded CSV batch on 2026-09-12; normalized site was not present in the base workbook | scraping ease: Easy | add as a new scrape target and crawler-creation candidate
madagascar,PENDING,madagascar_dokany_mg,https://dokany.mg/,dokany.mg,FNB_MIXED,2,6,False,87.0,P2 - queue / NEEDS-CUSTOM-CRAWLER,Downloaded CSV batch on 2026-09-12; normalized site was not present in the base workbook | scraping ease: Easy | add as a new scrape target and crawler-creation candidate
tonga,PENDING,tonga_fakataukitonga,https://www.fakataukitonga.com/,fakataukitonga.com,FNB_MIXED,2,2,False,89.0,P2 - queue / NEEDS-CUSTOM-CRAWLER,Downloaded CSV batch on 2026-09-12; normalized site was not present in the base workbook | scraping ease: Moderate | add as a new scrape target and crawler-creation candidate
samoa,PENDING,samoa_onlineshoppingsamoa,https://onlineshoppingsamoa.com/products,onlineshoppingsamoa.com,FNB_MIXED,1,4,False,91.0,P2 - queue / NEEDS-CUSTOM-CRAWLER,Downloaded CSV batch on 2026-09-12; normalized site was not present in the base workbook | scraping ease: Easy | add as a new scrape target and crawler-creation candidate
macao_sar_china,PENDING,macao_sar_china_mimacau,https://www.mimacau.com/collections,mimacau.com,FNB_MIXED,1,4,False,96.0,P2 - queue / NEEDS-CUSTOM-CRAWLER,Downloaded CSV batch on 2026-09-12; normalized site was not present in the base workbook | scraping ease: Easy | add as a new scrape target and crawler-creation candidate
macao_sar_china,PENDING,macao_sar_china_popmart,https://www.popmart.com/en-MO,popmart.com,FNB_MIXED,2,2,False,96.0,P2 - queue / NEEDS-CUSTOM-CRAWLER,Downloaded CSV batch on 2026-09-12; normalized site was not present in the base workbook | scraping ease: Easy | add as a new scrape target and crawler-creation candidate
macao_sar_china,PENDING,macao_sar_china_apple,https://www.apple.com/mo/ipad/,apple.com,FNB_MIXED,1,1,False,96.0,P2 - queue / NEEDS-CUSTOM-CRAWLER,Downloaded CSV batch on 2026-09-12; normalized site was not present in the base workbook | scraping ease: Easy | add as a new scrape target and crawler-creation candidate
congo_dem_rep,PENDING,SN Mart,https://snmart.co/fr/,snmart.co,FNB_MIXED,1,1,False,99.0,P2 - queue / SUSPECT,"Candidate found in the 2026-08-31 sourcing round, never built. build_tier=not scored; scrapability=nan; class=Custom"
lebanon,PENDING,Ostorz,https://ostorz.com/,ostorz.com,FNB_MIXED,3,5,False,103.0,P2 - queue / Directory/report,"Candidate found in the 2026-08-31 sourcing round, never built. build_tier=C - engineering required; scrapability=nan; class=Multi-seller marketplace"
lebanon,PENDING,lebanon_ishop_lb,https://www.ishop.com.lb/,ishop.com.lb,FNB_MIXED,1,5,False,103.0,P2 - queue / NEEDS-CUSTOM-CRAWLER,Downloaded CSV batch on 2026-09-12; normalized site was not present in the base workbook | scraping ease: Easy | add as a new scrape target and crawler-creation candidate
lebanon,PENDING,lebanon_superdokan,https://superdokan.com/,superdokan.com,FNB_MIXED,1,4,False,103.0,P2 - queue / NEEDS-CUSTOM-CRAWLER,Downloaded CSV batch on 2026-09-12; normalized site was not present in the base workbook | scraping ease: Moderate | add as a new scrape target and crawler-creation candidate
bosnia_and_herzegovina,PENDING,bosnia_and_herzegovina_ubuy_ba,https://www.ubuy.ba/bs/,ubuy.ba,FNB_MIXED,1,3,False,105.0,P2 - queue / NEEDS-CUSTOM-CRAWLER,Downloaded CSV batch on 2026-09-12; normalized site was not present in the base workbook | scraping ease: Moderate | add as a new scrape target and crawler-creation candidate
jordan,PENDING,DNA Lifestyle,https://www.dnalifestyle.com/,dnalifestyle.com,FNB_MIXED,2,2,False,106.0,P2 - queue / Directory/report,"Candidate found in the 2026-08-31 sourcing round, never built. build_tier=C - engineering required; scrapability=nan; class=Electronics/lifestyle"
jordan,PENDING,jordan_virtual_bazaar,https://virtual-bazaar.com/,virtual-bazaar.com,FNB_MIXED,3,3,False,106.0,P2 - queue / NEEDS-CUSTOM-CRAWLER,Downloaded CSV batch on 2026-09-12; normalized site was not present in the base workbook | scraping ease: Moderate | add as a new scrape target and crawler-creation candidate
jordan,PENDING,jordan_ubuy_jo,https://www.ubuy.com.jo/en/,ubuy.com.jo,FNB_MIXED,2,3,False,106.0,P2 - queue / NEEDS-CUSTOM-CRAWLER,Downloaded CSV batch on 2026-09-12; normalized site was not present in the base workbook | scraping ease: Moderate | add as a new scrape target and crawler-creation candidate
jordan,PENDING,jordan_dubizzle_jo,https://www.dubizzle.jo/en/,dubizzle.jo,FNB_MIXED,2,5,False,106.0,P2 - queue / NEEDS-CUSTOM-CRAWLER,Downloaded CSV batch on 2026-09-12; normalized site was not present in the base workbook | scraping ease: Easy | add as a new scrape target and crawler-creation candidate
jordan,PENDING,jordan_zalmaty,https://zalmaty.com/,zalmaty.com,FNB_MIXED,1,7,False,106.0,P2 - queue / NEEDS-CUSTOM-CRAWLER,Downloaded CSV batch on 2026-09-12; normalized site was not present in the base workbook | scraping ease: Moderate | add as a new scrape target and crawler-creation candidate
latvia,PENDING,Top! Veikali,https://www.toppartika.lv/,toppartika.lv,FNB_MIXED,1,1,False,106.0,P2 - queue / ACCEPT,"Candidate found in the 2026-08-31 sourcing round, never built. build_tier=C - engineering required; scrapability=3.0; class=Custom"
latvia,PENDING,latvia_ceno_lv,https://ceno.lv/en,ceno.lv,FNB_MIXED,1,5,False,106.0,P2 - queue / NEEDS-CUSTOM-CRAWLER,Downloaded CSV batch on 2026-09-12; normalized site was not present in the base workbook | scraping ease: Easy | add as a new scrape target and crawler-creation candidate
latvia,PENDING,latvia_aio_lv,https://aio.lv/en,aio.lv,FNB_MIXED,1,3,False,106.0,P2 - queue / NEEDS-CUSTOM-CRAWLER,Downloaded CSV batch on 2026-09-12; normalized site was not present in the base workbook | scraping ease: Easy | add as a new scrape target and crawler-creation candidate
france,LAST_TRY_FAILED,coursesu.com,,nan,FNB_MIXED,1,1,False,107.0,SKIP / WAF/BOT-BLOCK,"Cloudflare strict (curl + Playwright both 403) — Cloudflare ""Just a moment..."" on `/drive-saint-martin`. Note before spending effort: the slug is very likely one of the metropolitan-France communes named Saint-Martin, not the Caribbean COM 97150."
france,PENDING,Casino / CasinoMax,https://www.casino.fr/,casino.fr,FNB_MIXED,1,1,False,107.0,P2 - queue / ACCEPT,"Candidate found in the 2026-08-31 sourcing round, never built. build_tier=C - engineering required; scrapability=3.0; class=Custom"
france,PENDING,E.Leclerc Drive,https://www.leclercdrive.fr/,leclercdrive.fr,FNB_MIXED,1,1,False,107.0,P3 - backlog / SUSPECT,"Candidate found in the 2026-08-31 sourcing round, never built. build_tier=D - hard / app / index only; scrapability=2.0; class=Custom/Enterprise"
france,PENDING,Fnac/Darty,https://www.fnac.com/,fnac.com,FNB_MIXED,3,3,False,107.0,P2 - queue / Directory/report,"Candidate found in the 2026-08-31 sourcing round, never built. build_tier=C - engineering required; scrapability=nan; class=Electronics/general marketplace"
france,PENDING,Franprix,https://www.franprix.fr/,franprix.fr,FNB_MIXED,1,1,False,107.0,P2 - queue / ACCEPT,"Candidate found in the 2026-08-31 sourcing round, never built. build_tier=C - engineering required; scrapability=3.0; class=Custom"
france,PENDING,Intermarche,https://www.intermarche.com/,intermarche.com,FNB_MIXED,1,1,False,107.0,P3 - backlog / SUSPECT,"Candidate found in the 2026-08-31 sourcing round, never built. build_tier=D - hard / app / index only; scrapability=2.0; class=Custom/Enterprise"
france,PENDING,Leroy Merlin France,https://www.leroymerlin.fr/,leroymerlin.fr,FNB_MIXED,2,3,False,107.0,P2 - queue / Directory/report,"Candidate found in the 2026-08-31 sourcing round, never built. build_tier=C - engineering required; scrapability=nan; class=Hardware/home improvement"
north_macedonia,PENDING,Anhoch,https://www.anhoch.com/,anhoch.com,FNB_MIXED,2,3,False,109.0,P2 - queue / Directory/report,"Candidate found in the 2026-08-31 sourcing round, never built. build_tier=C - engineering required; scrapability=nan; class=Electronics/IT"
north_macedonia,PENDING,north_macedonia_ubuy_mk,https://www.ubuy.mk/mk/online-shopping-in-skopje,ubuy.mk,FNB_MIXED,1,3,False,109.0,P2 - queue / NEEDS-CUSTOM-CRAWLER,Downloaded CSV batch on 2026-09-12; normalized site was not present in the base workbook | scraping ease: Easy | add as a new scrape target and crawler-creation candidate
north_macedonia,PENDING,north_macedonia_automatik_mk,https://automatik.mk/,automatik.mk,FNB_MIXED,1,4,False,109.0,P2 - queue / NEEDS-CUSTOM-CRAWLER,Downloaded CSV batch on 2026-09-12; normalized site was not present in the base workbook | scraping ease: Easy | add as a new scrape target and crawler-creation candidate
north_macedonia,PENDING,north_macedonia_supermart_mk,https://supermart.mk/,supermart.mk,FNB_MIXED,1,5,False,109.0,P2 - queue / NEEDS-CUSTOM-CRAWLER,Downloaded CSV batch on 2026-09-12; normalized site was not present in the base workbook | scraping ease: Moderate | add as a new scrape target and crawler-creation candidate
north_macedonia,PENDING,north_macedonia_ekupi_mk,https://www.ekupi.mk/,ekupi.mk,FNB_MIXED,1,6,False,109.0,P2 - queue / NEEDS-CUSTOM-CRAWLER,Downloaded CSV batch on 2026-09-12; normalized site was not present in the base workbook | scraping ease: Easy | add as a new scrape target and crawler-creation candidate
north_macedonia,PENDING,north_macedonia_tehnomarket_mk,https://tehnomarket.com.mk/,tehnomarket.com.mk,FNB_MIXED,2,7,False,109.0,P2 - queue / NEEDS-CUSTOM-CRAWLER,Downloaded CSV batch on 2026-09-12; normalized site was not present in the base workbook | scraping ease: Easy | add as a new scrape target and crawler-creation candidate
maldives,PENDING,Pharmacy.mv,https://www.pharmacy.mv/,pharmacy.mv,FNB_MIXED,1,3,False,110.0,P2 - queue / EVIDENCE-ONLY,From Will's 2026-09-11 South Asia wave. His handover states explicitly that HAVE there means a child task found public price evidence and a plausible scraper path -- NOT that a crawler exists. Recorded as PENDING: it still needs to be implemented and live-tested before ingestion.
maldives,PENDING,QUTECH,https://qutech.mv/shop/,qutech.mv,FNB_MIXED,1,6,False,110.0,P2 - queue / EVIDENCE-ONLY,From Will's 2026-09-11 South Asia wave. His handover states explicitly that HAVE there means a child task found public price evidence and a plausible scraper path -- NOT that a crawler exists. Recorded as PENDING: it still needs to be implemented and live-tested before ingestion.
maldives,PENDING,QuikrBiz,https://quikrbiz.mv/,quikrbiz.mv,FNB_MIXED,2,4,False,110.0,P2 - queue / EVIDENCE-ONLY,From Will's 2026-09-11 South Asia wave. His handover states explicitly that HAVE there means a child task found public price evidence and a plausible scraper path -- NOT that a crawler exists. Recorded as PENDING: it still needs to be implemented and live-tested before ingestion.
maldives,PENDING,I.M. Tech,https://beta.imtech.mv/,beta.imtech.mv,FNB_MIXED,2,3,False,110.0,P2 - queue / EVIDENCE-ONLY,From Will's 2026-09-11 South Asia wave. His handover states explicitly that HAVE there means a child task found public price evidence and a plausible scraper path -- NOT that a crawler exists. Recorded as PENDING: it still needs to be implemented and live-tested before ingestion.
maldives,PENDING,Le Vend Online,https://levendonline.com/,levendonline.com,FNB_MIXED,1,2,False,110.0,P2 - queue / EVIDENCE-ONLY,From Will's 2026-09-11 South Asia wave. His handover states explicitly that HAVE there means a child task found public price evidence and a plausible scraper path -- NOT that a crawler exists. Recorded as PENDING: it still needs to be implemented and live-tested before ingestion.
maldives,PENDING,Nesso Infinity,https://nessoinfinity.com/,nessoinfinity.com,FNB_MIXED,3,3,False,110.0,P2 - queue / EVIDENCE-ONLY,From Will's 2026-09-11 South Asia wave. His handover states explicitly that HAVE there means a child task found public price evidence and a plausible scraper path -- NOT that a crawler exists. Recorded as PENDING: it still needs to be implemented and live-tested before ingestion.
maldives,PENDING,Bluesea Hardware,https://blueseahardware.com/,blueseahardware.com,FNB_MIXED,1,3,False,110.0,P2 - queue / EVIDENCE-ONLY,From Will's 2026-09-11 South Asia wave. His handover states explicitly that HAVE there means a child task found public price evidence and a plausible scraper path -- NOT that a crawler exists. Recorded as PENDING: it still needs to be implemented and live-tested before ingestion.
maldives,PENDING,Hardex,https://hardex.mv/,hardex.mv,FNB_MIXED,1,4,False,110.0,P2 - queue / EVIDENCE-ONLY,From Will's 2026-09-11 South Asia wave. His handover states explicitly that HAVE there means a child task found public price evidence and a plausible scraper path -- NOT that a crawler exists. Recorded as PENDING: it still needs to be implemented and live-tested before ingestion.
maldives,PENDING,Flow Rate,https://flowrate.com.mv/,flowrate.com.mv,FNB_MIXED,2,3,False,110.0,P2 - queue / EVIDENCE-ONLY,From Will's 2026-09-11 South Asia wave. His handover states explicitly that HAVE there means a child task found public price evidence and a plausible scraper path -- NOT that a crawler exists. Recorded as PENDING: it still needs to be implemented and live-tested before ingestion.
maldives,PENDING,Sonee Hardware,https://sonee.com.mv/collections/all,sonee.com.mv,FNB_MIXED,1,2,False,110.0,P2 - queue / EVIDENCE-ONLY,From Will's 2026-09-11 South Asia wave. His handover states explicitly that HAVE there means a child task found public price evidence and a plausible scraper path -- NOT that a crawler exists. Recorded as PENDING: it still needs to be implemented and live-tested before ingestion.
maldives,PENDING,Whetstone,https://whetstone.com.mv/shop/category/hardware-10,whetstone.com.mv,FNB_MIXED,1,3,False,110.0,P2 - queue / EVIDENCE-ONLY,From Will's 2026-09-11 South Asia wave. His handover states explicitly that HAVE there means a child task found public price evidence and a plausible scraper path -- NOT that a crawler exists. Recorded as PENDING: it still needs to be implemented and live-tested before ingestion.
maldives,PENDING,Leo Stores and Supply,https://www.leostore.mv/shop/,leostore.mv,FNB_MIXED,1,2,False,110.0,P2 - queue / EVIDENCE-ONLY,From Will's 2026-09-11 South Asia wave. His handover states explicitly that HAVE there means a child task found public price evidence and a plausible scraper path -- NOT that a crawler exists. Recorded as PENDING: it still needs to be implemented and live-tested before ingestion.
maldives,PENDING,NEXTYLE,https://www.nextyle.mv/shop/,nextyle.mv,FNB_MIXED,1,2,False,110.0,P2 - queue / EVIDENCE-ONLY,From Will's 2026-09-11 South Asia wave. His handover states explicitly that HAVE there means a child task found public price evidence and a plausible scraper path -- NOT that a crawler exists. Recorded as PENDING: it still needs to be implemented and live-tested before ingestion.
maldives,PENDING,Peekaboo Online,https://shop.peekaboo.mv/search?collections=stationery,shop.peekaboo.mv,FNB_MIXED,1,2,False,110.0,P2 - queue / EVIDENCE-ONLY,From Will's 2026-09-11 South Asia wave. His handover states explicitly that HAVE there means a child task found public price evidence and a plausible scraper path -- NOT that a crawler exists. Recorded as PENDING: it still needs to be implemented and live-tested before ingestion.
maldives,PENDING,Doodle Maldives,https://doodle.mv/,doodle.mv,FNB_MIXED,1,1,False,110.0,P2 - queue / EVIDENCE-ONLY,From Will's 2026-09-11 South Asia wave. His handover states explicitly that HAVE there means a child task found public price evidence and a plausible scraper path -- NOT that a crawler exists. Recorded as PENDING: it still needs to be implemented and live-tested before ingestion.
maldives,PENDING,Lykus.mv,https://lykus.mv/,lykus.mv,FNB_MIXED,1,2,False,110.0,P2 - queue / EVIDENCE-ONLY,From Will's 2026-09-11 South Asia wave. His handover states explicitly that HAVE there means a child task found public price evidence and a plausible scraper path -- NOT that a crawler exists. Recorded as PENDING: it still needs to be implemented and live-tested before ingestion.
maldives,PENDING,Silverkart,https://silverkart.mv/product-category/furniture/,silverkart.mv,FNB_MIXED,1,2,False,110.0,P2 - queue / EVIDENCE-ONLY,From Will's 2026-09-11 South Asia wave. His handover states explicitly that HAVE there means a child task found public price evidence and a plausible scraper path -- NOT that a crawler exists. Recorded as PENDING: it still needs to be implemented and live-tested before ingestion.
maldives,PENDING,GoldenGate Maldives,https://goldengate.mv/collections/furniture,goldengate.mv,FNB_MIXED,1,1,False,110.0,P2 - queue / EVIDENCE-ONLY,From Will's 2026-09-11 South Asia wave. His handover states explicitly that HAVE there means a child task found public price evidence and a plausible scraper path -- NOT that a crawler exists. Recorded as PENDING: it still needs to be implemented and live-tested before ingestion.
maldives,PENDING,Onhand.mv,https://www.onhand.mv/products,onhand.mv,FNB_MIXED,3,4,False,110.0,P2 - queue / CANDIDATE,From Will's 2026-09-11 South Asia wave. His handover states explicitly that HAVE there means a child task found public price evidence and a plausible scraper path -- NOT that a crawler exists. Recorded as PENDING: it still needs to be implemented and live-tested before ingestion.
maldives,PENDING,PreKart,https://prekartmv.com/,prekartmv.com,FNB_MIXED,2,2,False,110.0,P2 - queue / CANDIDATE,From Will's 2026-09-11 South Asia wave. His handover states explicitly that HAVE there means a child task found public price evidence and a plausible scraper path -- NOT that a crawler exists. Recorded as PENDING: it still needs to be implemented and live-tested before ingestion.
maldives,LAST_TRY_FAILED,iBay Maldives,https://ibay.com.mv/,ibay.com.mv,FNB_MIXED,2,3,False,110.0,SKIP / CHILD-TASK-SKIP,"Will's 2026-09-11 South Asia wave marked this SKIP (app-gated, no price, or wrong country)."
maldives,PENDING,eBazaar.mv,https://ebazaar.mv/,ebazaar.mv,FNB_MIXED,2,2,False,110.0,P2 - queue / EVIDENCE-ONLY,From Will's 2026-09-11 South Asia wave. His handover states explicitly that HAVE there means a child task found public price evidence and a plausible scraper path -- NOT that a crawler exists. Recorded as PENDING: it still needs to be implemented and live-tested before ingestion.
maldives,PENDING,Relax Maldives,https://relaxmv.net/,relaxmv.net,FNB_MIXED,1,3,False,110.0,P2 - queue / EVIDENCE-ONLY,From Will's 2026-09-11 South Asia wave. His handover states explicitly that HAVE there means a child task found public price evidence and a plausible scraper path -- NOT that a crawler exists. Recorded as PENDING: it still needs to be implemented and live-tested before ingestion.
maldives,PENDING,British Cosmetics MV,https://mv.britishcosmetics.com/collections/all-products,mv.britishcosmetics.com,FNB_MIXED,2,2,False,110.0,P2 - queue / EVIDENCE-ONLY,From Will's 2026-09-11 South Asia wave. His handover states explicitly that HAVE there means a child task found public price evidence and a plausible scraper path -- NOT that a crawler exists. Recorded as PENDING: it still needs to be implemented and live-tested before ingestion.
maldives,PENDING,Computer Plus,https://computerplus.com.mv/search?sort_by=newest,computerplus.com.mv,FNB_MIXED,1,1,False,110.0,P2 - queue / EVIDENCE-ONLY,From Will's 2026-09-11 South Asia wave. His handover states explicitly that HAVE there means a child task found public price evidence and a plausible scraper path -- NOT that a crawler exists. Recorded as PENDING: it still needs to be implemented and live-tested before ingestion.
maldives,PENDING,Bless Maldives,https://www.bless.mv/product/geepas-300l-hard-top-deep-freezer-gcf3006wah,bless.mv,FNB_MIXED,1,2,False,110.0,P2 - queue / EVIDENCE-ONLY,From Will's 2026-09-11 South Asia wave. His handover states explicitly that HAVE there means a child task found public price evidence and a plausible scraper path -- NOT that a crawler exists. Recorded as PENDING: it still needs to be implemented and live-tested before ingestion.
maldives,PENDING,Crafty World,https://craftyworld.mv/shop/,craftyworld.mv,FNB_MIXED,1,4,False,110.0,P2 - queue / EVIDENCE-ONLY,From Will's 2026-09-11 South Asia wave. His handover states explicitly that HAVE there means a child task found public price evidence and a plausible scraper path -- NOT that a crawler exists. Recorded as PENDING: it still needs to be implemented and live-tested before ingestion.
maldives,PENDING,Multiply,https://www.multiply.mv/shop/roll-up-canvas-cultural-24-10,multiply.mv,FNB_MIXED,1,1,False,110.0,P2 - queue / EVIDENCE-ONLY,From Will's 2026-09-11 South Asia wave. His handover states explicitly that HAVE there means a child task found public price evidence and a plausible scraper path -- NOT that a crawler exists. Recorded as PENDING: it still needs to be implemented and live-tested before ingestion.
maldives,PENDING,Sonee Sports,https://soneesports.com/collections/under-500/products/128386,soneesports.com,FNB_MIXED,2,4,False,110.0,P2 - queue / EVIDENCE-ONLY,From Will's 2026-09-11 South Asia wave. His handover states explicitly that HAVE there means a child task found public price evidence and a plausible scraper path -- NOT that a crawler exists. Recorded as PENDING: it still needs to be implemented and live-tested before ingestion.
maldives,PENDING,City Optical,https://cityoptical.mv/,cityoptical.mv,FNB_MIXED,1,2,False,110.0,P2 - queue / CANDIDATE,From Will's 2026-09-11 South Asia wave. His handover states explicitly that HAVE there means a child task found public price evidence and a plausible scraper path -- NOT that a crawler exists. Recorded as PENDING: it still needs to be implemented and live-tested before ingestion.
maldives,PENDING,Dhiraagu,https://www.dhiraagu.com.mv/,dhiraagu.com.mv,FNB_MIXED,1,2,False,110.0,P2 - queue / EVIDENCE-ONLY,From Will's 2026-09-11 South Asia wave. His handover states explicitly that HAVE there means a child task found public price evidence and a plausible scraper path -- NOT that a crawler exists. Recorded as PENDING: it still needs to be implemented and live-tested before ingestion.
maldives,PENDING,Ooredoo Maldives,https://www.ooredoo.mv/mobile,ooredoo.mv,FNB_MIXED,1,3,False,110.0,P2 - queue / EVIDENCE-ONLY,From Will's 2026-09-11 South Asia wave. His handover states explicitly that HAVE there means a child task found public price evidence and a plausible scraper path -- NOT that a crawler exists. Recorded as PENDING: it still needs to be implemented and live-tested before ingestion.
maldives,PENDING,Styla,https://styla.mv/shop/,styla.mv,FNB_MIXED,1,1,False,110.0,P2 - queue / EVIDENCE-ONLY,From Will's 2026-09-11 South Asia wave. His handover states explicitly that HAVE there means a child task found public price evidence and a plausible scraper path -- NOT that a crawler exists. Recorded as PENDING: it still needs to be implemented and live-tested before ingestion.
maldives,PENDING,Nuomi Maldives,https://nuomimaldives.com/collections/wardrrobe-storage,nuomimaldives.com,FNB_MIXED,1,2,False,110.0,P2 - queue / EVIDENCE-ONLY,From Will's 2026-09-11 South Asia wave. His handover states explicitly that HAVE there means a child task found public price evidence and a plausible scraper path -- NOT that a crawler exists. Recorded as PENDING: it still needs to be implemented and live-tested before ingestion.
maldives,PENDING,Rightspot,https://rightspot.mv/,rightspot.mv,FNB_MIXED,1,2,False,110.0,P2 - queue / EVIDENCE-ONLY,From Will's 2026-09-11 South Asia wave. His handover states explicitly that HAVE there means a child task found public price evidence and a plausible scraper path -- NOT that a crawler exists. Recorded as PENDING: it still needs to be implemented and live-tested before ingestion.
maldives,PENDING,Personal Computers,https://shop.personalcomputers.mv/shop/acer-x1129hp-dlp-svga-projector-pc-maldives,shop.personalcomputers.mv,FNB_MIXED,1,3,False,110.0,P2 - queue / EVIDENCE-ONLY,From Will's 2026-09-11 South Asia wave. His handover states explicitly that HAVE there means a child task found public price evidence and a plausible scraper path -- NOT that a crawler exists. Recorded as PENDING: it still needs to be implemented and live-tested before ingestion.
maldives,PENDING,Click Computers,https://click.mv/shop/,click.mv,FNB_MIXED,1,3,False,110.0,P2 - queue / EVIDENCE-ONLY,From Will's 2026-09-11 South Asia wave. His handover states explicitly that HAVE there means a child task found public price evidence and a plausible scraper path -- NOT that a crawler exists. Recorded as PENDING: it still needs to be implemented and live-tested before ingestion.
maldives,PENDING,Plaza Online,https://www.plaza.com.mv/,plaza.com.mv,FNB_MIXED,1,2,False,110.0,P2 - queue / EVIDENCE-ONLY,From Will's 2026-09-11 South Asia wave. His handover states explicitly that HAVE there means a child task found public price evidence and a plausible scraper path -- NOT that a crawler exists. Recorded as PENDING: it still needs to be implemented and live-tested before ingestion.
maldives,PENDING,ICM4Online,https://icm4online.com/,icm4online.com,FNB_MIXED,1,1,False,110.0,P2 - queue / EVIDENCE-ONLY,From Will's 2026-09-11 South Asia wave. His handover states explicitly that HAVE there means a child task found public price evidence and a plausible scraper path -- NOT that a crawler exists. Recorded as PENDING: it still needs to be implemented and live-tested before ingestion.
maldives,PENDING,Miso Beauty Shop,https://misobeautyshop.com/,misobeautyshop.com,FNB_MIXED,1,2,False,110.0,P2 - queue / EVIDENCE-ONLY,From Will's 2026-09-11 South Asia wave. His handover states explicitly that HAVE there means a child task found public price evidence and a plausible scraper path -- NOT that a crawler exists. Recorded as PENDING: it still needs to be implemented and live-tested before ingestion.
maldives,PENDING,Misraab Trading,https://misraab.com.mv/product/shopping-bags-w-maldives/,misraab.com.mv,FNB_MIXED,2,3,False,110.0,P2 - queue / EVIDENCE-ONLY,From Will's 2026-09-11 South Asia wave. His handover states explicitly that HAVE there means a child task found public price evidence and a plausible scraper path -- NOT that a crawler exists. Recorded as PENDING: it still needs to be implemented and live-tested before ingestion.
maldives,PENDING,BabyPro Maldives,https://www.babypromv.com/,babypromv.com,FNB_MIXED,2,2,False,110.0,P2 - queue / EVIDENCE-ONLY,From Will's 2026-09-11 South Asia wave. His handover states explicitly that HAVE there means a child task found public price evidence and a plausible scraper path -- NOT that a crawler exists. Recorded as PENDING: it still needs to be implemented and live-tested before ingestion.
maldives,PENDING,Moolee,https://www.moolee.mv/apple_watch_series_9,moolee.mv,FNB_MIXED,2,3,False,110.0,P2 - queue / EVIDENCE-ONLY,From Will's 2026-09-11 South Asia wave. His handover states explicitly that HAVE there means a child task found public price evidence and a plausible scraper path -- NOT that a crawler exists. Recorded as PENDING: it still needs to be implemented and live-tested before ingestion.
maldives,PENDING,Balabala Maldives / hydrosphere-maldives.com,https://hydrosphere-maldives.com/,hydrosphere-maldives.com,FNB_MIXED,1,1,False,110.0,P2 - queue / CANDIDATE,From Will's 2026-09-11 South Asia wave. His handover states explicitly that HAVE there means a child task found public price evidence and a plausible scraper path -- NOT that a crawler exists. Recorded as PENDING: it still needs to be implemented and live-tested before ingestion.
maldives,PENDING,Noq.mv,https://noq.mv/shop/kids-toys/toy-vehicles/fire-rescue-vehicles-toy-set-metal-pack-alloy-box-pack-of-4-pcs-die-cast-metal-vehicles-set-toys-for-kids-children-and-boys/,noq.mv,FNB_MIXED,2,2,False,110.0,P2 - queue / EVIDENCE-ONLY,From Will's 2026-09-11 South Asia wave. His handover states explicitly that HAVE there means a child task found public price evidence and a plausible scraper path -- NOT that a crawler exists. Recorded as PENDING: it still needs to be implemented and live-tested before ingestion.
maldives,PENDING,Book Store Maldives,https://bookstoremaldives.com/product/quranic-verses-an-inspirational-calendar-2/,bookstoremaldives.com,FNB_MIXED,1,1,False,110.0,P2 - queue / EVIDENCE-ONLY,From Will's 2026-09-11 South Asia wave. His handover states explicitly that HAVE there means a child task found public price evidence and a plausible scraper path -- NOT that a crawler exists. Recorded as PENDING: it still needs to be implemented and live-tested before ingestion.
maldives,PENDING,Scouts Maldives Shop,https://shop.scout.mv/product/cub-scout-handbook/,shop.scout.mv,FNB_MIXED,1,1,False,110.0,P2 - queue / EVIDENCE-ONLY,From Will's 2026-09-11 South Asia wave. His handover states explicitly that HAVE there means a child task found public price evidence and a plausible scraper path -- NOT that a crawler exists. Recorded as PENDING: it still needs to be implemented and live-tested before ingestion.
maldives,PENDING,Ace Hardware Maldives,https://www.acehardware.mv/product/brb-fash-pnk-flr-ndv/,acehardware.mv,FNB_MIXED,1,3,False,110.0,P2 - queue / EVIDENCE-ONLY,From Will's 2026-09-11 South Asia wave. His handover states explicitly that HAVE there means a child task found public price evidence and a plausible scraper path -- NOT that a crawler exists. Recorded as PENDING: it still needs to be implemented and live-tested before ingestion.
maldives,PENDING,Skin Treats MV,https://skintreatsmv.com/,skintreatsmv.com,FNB_MIXED,1,2,False,110.0,P2 - queue / EVIDENCE-ONLY,From Will's 2026-09-11 South Asia wave. His handover states explicitly that HAVE there means a child task found public price evidence and a plausible scraper path -- NOT that a crawler exists. Recorded as PENDING: it still needs to be implemented and live-tested before ingestion.
maldives,PENDING,Maxcom,https://maxcom.com.mv/v3/homepage-7/,maxcom.com.mv,FNB_MIXED,1,4,False,110.0,P2 - queue / EVIDENCE-ONLY,From Will's 2026-09-11 South Asia wave. His handover states explicitly that HAVE there means a child task found public price evidence and a plausible scraper path -- NOT that a crawler exists. Recorded as PENDING: it still needs to be implemented and live-tested before ingestion.
maldives,PENDING,Night Owl Maldives,https://nightowlmv.com/products/prestige-platina-24cm-pop-kadai-36886,nightowlmv.com,FNB_MIXED,1,3,False,110.0,P2 - queue / EVIDENCE-ONLY,From Will's 2026-09-11 South Asia wave. His handover states explicitly that HAVE there means a child task found public price evidence and a plausible scraper path -- NOT that a crawler exists. Recorded as PENDING: it still needs to be implemented and live-tested before ingestion.
maldives,PENDING,Palma Landscape Investments,https://www.palmalandscapeinv.com/product-page/poash,palmalandscapeinv.com,FNB_MIXED,1,1,False,110.0,P2 - queue / EVIDENCE-ONLY,From Will's 2026-09-11 South Asia wave. His handover states explicitly that HAVE there means a child task found public price evidence and a plausible scraper path -- NOT that a crawler exists. Recorded as PENDING: it still needs to be implemented and live-tested before ingestion.
maldives,PENDING,Spa Ceylon Maldives,https://spaceylon.mv/collections/skin-wellness,spaceylon.mv,FNB_MIXED,1,1,False,110.0,P2 - queue / EVIDENCE-ONLY,From Will's 2026-09-11 South Asia wave. His handover states explicitly that HAVE there means a child task found public price evidence and a plausible scraper path -- NOT that a crawler exists. Recorded as PENDING: it still needs to be implemented and live-tested before ingestion.
maldives,PENDING,Tenon Maldives,https://tenon.mv/products/plant-rack-ladder,tenon.mv,FNB_MIXED,1,1,False,110.0,P2 - queue / EVIDENCE-ONLY,From Will's 2026-09-11 South Asia wave. His handover states explicitly that HAVE there means a child task found public price evidence and a plausible scraper path -- NOT that a crawler exists. Recorded as PENDING: it still needs to be implemented and live-tested before ingestion.
bhutan,PENDING,BD Commercial,https://bdbhutan.com/,bdbhutan.com,FNB_MIXED,2,3,False,116.0,P2 - queue / EVIDENCE-ONLY,From Will's 2026-09-11 South Asia wave. His handover states explicitly that HAVE there means a child task found public price evidence and a plausible scraper path -- NOT that a crawler exists. Recorded as PENDING: it still needs to be implemented and live-tested before ingestion.
bhutan,PENDING,iDruk Computers / iDruk Electronics,https://idrukshop.com/,idrukshop.com,FNB_MIXED,1,5,False,116.0,P2 - queue / CANDIDATE,From Will's 2026-09-11 South Asia wave. His handover states explicitly that HAVE there means a child task found public price evidence and a plausible scraper path -- NOT that a crawler exists. Recorded as PENDING: it still needs to be implemented and live-tested before ingestion.
bhutan,PENDING,Innovates Bhutan,https://www.innovates.bt/products/?sort=price-low,innovates.bt,FNB_MIXED,1,2,False,116.0,P2 - queue / CANDIDATE,From Will's 2026-09-11 South Asia wave. His handover states explicitly that HAVE there means a child task found public price evidence and a plausible scraper path -- NOT that a crawler exists. Recorded as PENDING: it still needs to be implemented and live-tested before ingestion.
bhutan,PENDING,KT Mobile,https://ktmobile.store/,ktmobile.store,FNB_MIXED,1,4,False,116.0,P2 - queue / CANDIDATE,From Will's 2026-09-11 South Asia wave. His handover states explicitly that HAVE there means a child task found public price evidence and a plausible scraper path -- NOT that a crawler exists. Recorded as PENDING: it still needs to be implemented and live-tested before ingestion.
bhutan,LAST_TRY_FAILED,BhutanKart,https://bhutankart.com/,bhutankart.com,FNB_MIXED,1,3,False,116.0,SKIP / CHILD-TASK-SKIP,"Will's 2026-09-11 South Asia wave marked this SKIP (app-gated, no price, or wrong country)."
bhutan,LAST_TRY_FAILED,Ubuy Bhutan,https://www.ubuy.bt/,ubuy.bt,FNB_MIXED,2,4,False,116.0,SKIP / CHILD-TASK-SKIP,"Will's 2026-09-11 South Asia wave marked this SKIP (app-gated, no price, or wrong country)."
bhutan,PENDING,YenaMena,https://yenamena.com/,yenamena.com,FNB_MIXED,3,5,False,116.0,P2 - queue / EVIDENCE-ONLY,From Will's 2026-09-11 South Asia wave. His handover states explicitly that HAVE there means a child task found public price evidence and a plausible scraper path -- NOT that a crawler exists. Recorded as PENDING: it still needs to be implemented and live-tested before ingestion.
bhutan,PENDING,Tharlam Tek,https://www.tharlamtek.digitalbhutan.net/,tharlamtek.digitalbhutan.net,FNB_MIXED,2,4,False,116.0,P2 - queue / EVIDENCE-ONLY,From Will's 2026-09-11 South Asia wave. His handover states explicitly that HAVE there means a child task found public price evidence and a plausible scraper path -- NOT that a crawler exists. Recorded as PENDING: it still needs to be implemented and live-tested before ingestion.
bhutan,PENDING,Yalula,https://yalula.bt/,yalula.bt,FNB_MIXED,2,3,False,116.0,P2 - queue / EVIDENCE-ONLY,From Will's 2026-09-11 South Asia wave. His handover states explicitly that HAVE there means a child task found public price evidence and a plausible scraper path -- NOT that a crawler exists. Recorded as PENDING: it still needs to be implemented and live-tested before ingestion.
bhutan,PENDING,BhutanSale / ValueNest,https://bhutansale.online/,bhutansale.online,FNB_MIXED,1,5,False,116.0,P2 - queue / EVIDENCE-ONLY,From Will's 2026-09-11 South Asia wave. His handover states explicitly that HAVE there means a child task found public price evidence and a plausible scraper path -- NOT that a crawler exists. Recorded as PENDING: it still needs to be implemented and live-tested before ingestion.
bhutan,PENDING,TD Tyres & Electronics,https://www.tdtyres.bt/,tdtyres.bt,FNB_MIXED,2,4,False,116.0,P2 - queue / CANDIDATE,From Will's 2026-09-11 South Asia wave. His handover states explicitly that HAVE there means a child task found public price evidence and a plausible scraper path -- NOT that a crawler exists. Recorded as PENDING: it still needs to be implemented and live-tested before ingestion.
bhutan,PENDING,itsnaughtytime Bhutan pages,https://itsnaughtytime.com/itm/sm-pu-leather-bondage-wrist-cuffs-arm-binder-armbinder-restraints-arms-behind-back-accessoriesexotic-bdsm-women-toys-25947,itsnaughtytime.com,FNB_MIXED,2,2,False,116.0,P2 - queue / CANDIDATE,From Will's 2026-09-11 South Asia wave. His handover states explicitly that HAVE there means a child task found public price evidence and a plausible scraper path -- NOT that a crawler exists. Recorded as PENDING: it still needs to be implemented and live-tested before ingestion.
bhutan,LAST_TRY_FAILED,Dazzle Monk Bhutan collectibles,https://dazzlemonk.com/products/bhutan-100-ngultrum-2016-commemorative-issue-with-folder,dazzlemonk.com,FNB_MIXED,1,2,False,116.0,SKIP / CHILD-TASK-SKIP,"Will's 2026-09-11 South Asia wave marked this SKIP (app-gated, no price, or wrong country)."
bhutan,PENDING,Mountain Cafe Bhutan,https://mountaincafe.bt/,mountaincafe.bt,FNB_MIXED,5,5,False,116.0,P2 - queue / EVIDENCE-ONLY,From Will's 2026-09-11 South Asia wave. His handover states explicitly that HAVE there means a child task found public price evidence and a plausible scraper path -- NOT that a crawler exists. Recorded as PENDING: it still needs to be implemented and live-tested before ingestion.
honduras,PENDING,Kielsa,https://www.kielsa.com/,kielsa.com,FNB_MIXED,3,3,False,117.0,P2 - queue / Directory/report,"Candidate found in the 2026-08-31 sourcing round, never built. build_tier=C - engineering required; scrapability=nan; class=Pharmacy"
honduras,PENDING,honduras_mercadolibre_hn,https://www.mercadolibre.com.hn/,mercadolibre.com.hn,FNB_MIXED,3,5,False,117.0,P2 - queue / NEEDS-CUSTOM-CRAWLER,Downloaded CSV batch on 2026-09-12; normalized site was not present in the base workbook | scraping ease: Moderate | add as a new scrape target and crawler-creation candidate
honduras,PENDING,honduras_contraentregashn,https://www.contraentregashn.com/tienda.html,contraentregashn.com,FNB_MIXED,1,4,False,117.0,P2 - queue / NEEDS-CUSTOM-CRAWLER,Downloaded CSV batch on 2026-09-12; normalized site was not present in the base workbook | scraping ease: Easy | add as a new scrape target and crawler-creation candidate
kyrgyz_republic,PENDING,Alma Go,https://almago.kg/,almago.kg,FNB_MIXED,1,1,False,119.0,P2 - queue / SUSPECT,"Candidate found in the 2026-08-31 sourcing round, never built. build_tier=not scored; scrapability=nan; class=Custom"
nicaragua,PENDING,nicaragua_mercadolibre_ni,https://www.mercadolibre.com.ni/,mercadolibre.com.ni,FNB_MIXED,3,6,False,119.0,P2 - queue / NEEDS-CUSTOM-CRAWLER,Downloaded CSV batch on 2026-09-12; normalized site was not present in the base workbook | scraping ease: Moderate | add as a new scrape target and crawler-creation candidate
nicaragua,PENDING,nicaragua_nicacomercio,https://nicacomercio.com/,nicacomercio.com,FNB_MIXED,3,4,False,119.0,P2 - queue / NEEDS-CUSTOM-CRAWLER,Downloaded CSV batch on 2026-09-12; normalized site was not present in the base workbook | scraping ease: Easy | add as a new scrape target and crawler-creation candidate
nicaragua,PENDING,nicaragua_smartprice_ni,https://smartprice.com.ni/,smartprice.com.ni,FNB_MIXED,2,3,False,119.0,P2 - queue / NEEDS-CUSTOM-CRAWLER,Downloaded CSV batch on 2026-09-12; normalized site was not present in the base workbook | scraping ease: Easy | add as a new scrape target and crawler-creation candidate
nicaragua,PENDING,nicaragua_medco_ni,https://medco.online.com.ni/,medco.online.com.ni,FNB_MIXED,1,3,False,119.0,P2 - queue / NEEDS-CUSTOM-CRAWLER,Downloaded CSV batch on 2026-09-12; normalized site was not present in the base workbook | scraping ease: Easy | add as a new scrape target and crawler-creation candidate
nicaragua,PENDING,nicaragua_ferrenic,https://ferrenic.com/,ferrenic.com,FNB_MIXED,2,2,False,119.0,P2 - queue / NEEDS-CUSTOM-CRAWLER,Downloaded CSV batch on 2026-09-12; normalized site was not present in the base workbook | scraping ease: Easy | add as a new scrape target and crawler-creation candidate
hungary,PENDING,Alza Hungary,https://www.alza.hu/,alza.hu,FNB_MIXED,2,3,False,121.0,P2 - queue / Directory/report,"Candidate found in the 2026-08-31 sourcing round, never built. build_tier=C - engineering required; scrapability=nan; class=General/electronics retail"
bulgaria,PENDING,DelivMe,https://delivme.bg/,delivme.bg,FNB_MIXED,1,1,False,125.0,P2 - queue / SUSPECT,"Candidate found in the 2026-08-31 sourcing round, never built. build_tier=not scored; scrapability=nan; class=Custom"
bulgaria,PENDING,Gladen.bg,https://gladen.bg/,gladen.bg,FNB_MIXED,1,1,False,125.0,P2 - queue / ACCEPT,"Candidate found in the 2026-08-31 sourcing round, never built. build_tier=not scored; scrapability=nan; class=Custom"
bulgaria,PENDING,Lidl Bulgaria,https://www.lidl.bg/,lidl.bg,FNB_MIXED,1,1,False,125.0,P3 - backlog / ACCEPT,"Candidate found in the 2026-08-31 sourcing round, never built. build_tier=D - hard / app / index only; scrapability=2.0; class=Custom/Enterprise"
bulgaria,PENDING,Metro Bulgaria,https://www.metro.bg/,metro.bg,FNB_MIXED,2,2,False,125.0,P3 - backlog / SUSPECT,"Candidate found in the 2026-08-31 sourcing round, never built. build_tier=D - hard / app / index only; scrapability=2.0; class=Custom/Enterprise"
italy,PENDING,Il Viaggiator Goloso (Unes),https://www.unes.it/,unes.it,FNB_MIXED,1,1,False,127.0,P2 - queue / ACCEPT,"Candidate found in the 2026-08-31 sourcing round, never built. build_tier=C - engineering required; scrapability=3.0; class=Custom"
italy,PENDING,Leroy Merlin Italy,https://www.leroymerlin.it/,leroymerlin.it,FNB_MIXED,2,3,False,127.0,P2 - queue / Directory/report,"Candidate found in the 2026-08-31 sourcing round, never built. build_tier=C - engineering required; scrapability=nan; class=Hardware/home improvement"
tajikistan,PENDING,tajikistan_tajikistan_desertcart,https://tajikistan.desertcart.com/,tajikistan.desertcart.com,FNB_MIXED,2,3,False,130.0,P2 - queue / NEEDS-CUSTOM-CRAWLER,Downloaded CSV batch on 2026-09-12; normalized site was not present in the base workbook | scraping ease: Moderate | add as a new scrape target and crawler-creation candidate
tajikistan,PENDING,tajikistan_avval_tj,https://avval.tj/,avval.tj,FNB_MIXED,2,3,False,130.0,P2 - queue / NEEDS-CUSTOM-CRAWLER,Downloaded CSV batch on 2026-09-12; normalized site was not present in the base workbook | scraping ease: Moderate | add as a new scrape target and crawler-creation candidate
tajikistan,PENDING,tajikistan_ubuy_tj,https://www.ubuy.tj/ru/online-shopping-in-dushanbe,ubuy.tj,FNB_MIXED,2,2,False,130.0,P2 - queue / NEEDS-CUSTOM-CRAWLER,Downloaded CSV batch on 2026-09-12; normalized site was not present in the base workbook | scraping ease: Easy | add as a new scrape target and crawler-creation candidate
zimbabwe,PENDING,online-spar.co.zw,https://online-spar.co.zw/,online-spar.co.zw,FNB_MIXED,1,1,False,130.0,P1 - build now / SUSPECT,"Candidate found in the 2026-08-31 sourcing round, never built. build_tier=not scored; scrapability=nan; class=Custom"
zimbabwe,PENDING,zimbabwe_zim_shops,https://www.zim-shops.com/,zim-shops.com,FNB_MIXED,1,3,False,130.0,P2 - queue / NEEDS-CUSTOM-CRAWLER,Downloaded CSV batch on 2026-09-12; normalized site was not present in the base workbook | scraping ease: Easy | add as a new scrape target and crawler-creation candidate
zimbabwe,PENDING,zimbabwe_shopzim_zw,https://shopzim.co.zw/,shopzim.co.zw,FNB_MIXED,4,4,False,130.0,P2 - queue / NEEDS-CUSTOM-CRAWLER,Downloaded CSV batch on 2026-09-12; normalized site was not present in the base workbook | scraping ease: Easy | add as a new scrape target and crawler-creation candidate
zimbabwe,PENDING,zimbabwe_zimbazone,https://zimbazone.com/,zimbazone.com,FNB_MIXED,3,3,False,130.0,P2 - queue / NEEDS-CUSTOM-CRAWLER,Downloaded CSV batch on 2026-09-12; normalized site was not present in the base workbook | scraping ease: Easy | add as a new scrape target and crawler-creation candidate
zimbabwe,PENDING,zimbabwe_snapsale_zw,https://snapsale.co.zw/,snapsale.co.zw,FNB_MIXED,1,5,False,130.0,P2 - queue / NEEDS-CUSTOM-CRAWLER,Downloaded CSV batch on 2026-09-12; normalized site was not present in the base workbook | scraping ease: Easy | add as a new scrape target and crawler-creation candidate
zimbabwe,PENDING,zimbabwe_ubuy_zw,https://www.ubuy.co.zw/en/,ubuy.co.zw,FNB_MIXED,2,5,False,130.0,P2 - queue / NEEDS-CUSTOM-CRAWLER,Downloaded CSV batch on 2026-09-12; normalized site was not present in the base workbook | scraping ease: Moderate | add as a new scrape target and crawler-creation candidate
morocco,PENDING,BIM Maroc,https://www.bim.ma/,bim.ma,FNB_MIXED,1,1,False,131.0,P2 - queue / ACCEPT,"Candidate found in the 2026-08-31 sourcing round, never built. build_tier=C - engineering required; scrapability=3.0; class=Custom"
morocco,PENDING,Carrefour Maroc (Label'Vie),https://www.carrefour.ma/,carrefour.ma,FNB_MIXED,1,2,False,131.0,P2 - queue / ACCEPT,"Candidate found in the 2026-08-31 sourcing round, never built. build_tier=C - engineering required; scrapability=3.0; class=Custom"
morocco,PENDING,Jumia Morocco,https://www.jumia.ma/,jumia.ma,FNB_MIXED,1,1,False,131.0,P2 - queue / ACCEPT,"Candidate found in the 2026-08-31 sourcing round, never built. build_tier=C - engineering required; scrapability=3.0; class=Custom"
morocco,PENDING,Marjane via Done,https://done.ma/fr/store/marjane/,done.ma,FNB_MIXED,1,1,False,131.0,P2 - queue / ACCEPT,"Candidate found in the 2026-08-31 sourcing round, never built. build_tier=C - engineering required; scrapability=3.0; class=Custom"
nepal,PENDING,NepalPharmacy.com,https://nepalpharmacy.com/,nepalpharmacy.com,FNB_MIXED,1,2,False,131.0,P2 - queue / EVIDENCE-ONLY,From Will's 2026-09-11 South Asia wave. His handover states explicitly that HAVE there means a child task found public price evidence and a plausible scraper path -- NOT that a crawler exists. Recorded as PENDING: it still needs to be implemented and live-tested before ingestion.
nepal,PENDING,Mobimeds,https://www.mobimeds.com.np/product,mobimeds.com.np,FNB_MIXED,1,1,False,131.0,P2 - queue / EVIDENCE-ONLY,From Will's 2026-09-11 South Asia wave. His handover states explicitly that HAVE there means a child task found public price evidence and a plausible scraper path -- NOT that a crawler exists. Recorded as PENDING: it still needs to be implemented and live-tested before ingestion.
nepal,PENDING,Neevan Welcare Center,https://neevan.com.np/shop,neevan.com.np,FNB_MIXED,1,3,False,131.0,P2 - queue / EVIDENCE-ONLY,From Will's 2026-09-11 South Asia wave. His handover states explicitly that HAVE there means a child task found public price evidence and a plausible scraper path -- NOT that a crawler exists. Recorded as PENDING: it still needs to be implemented and live-tested before ingestion.
nepal,PENDING,24Seven,https://24seven.com.np/public/index.php,24seven.com.np,FNB_MIXED,1,1,False,131.0,P2 - queue / EVIDENCE-ONLY,From Will's 2026-09-11 South Asia wave. His handover states explicitly that HAVE there means a child task found public price evidence and a plausible scraper path -- NOT that a crawler exists. Recorded as PENDING: it still needs to be implemented and live-tested before ingestion.
nepal,PENDING,Mobilemandu,https://mobilemandu.com/,mobilemandu.com,FNB_MIXED,2,6,False,131.0,P2 - queue / EVIDENCE-ONLY,From Will's 2026-09-11 South Asia wave. His handover states explicitly that HAVE there means a child task found public price evidence and a plausible scraper path -- NOT that a crawler exists. Recorded as PENDING: it still needs to be implemented and live-tested before ingestion.
nepal,PENDING,Good Gadgets Nepal,https://goodgadgetsnepal.com/,goodgadgetsnepal.com,FNB_MIXED,1,2,False,131.0,P2 - queue / EVIDENCE-ONLY,From Will's 2026-09-11 South Asia wave. His handover states explicitly that HAVE there means a child task found public price evidence and a plausible scraper path -- NOT that a crawler exists. Recorded as PENDING: it still needs to be implemented and live-tested before ingestion.
nepal,PENDING,Neshop,https://neshop.com.np/product-category/electronics,neshop.com.np,FNB_MIXED,2,5,False,131.0,P2 - queue / EVIDENCE-ONLY,From Will's 2026-09-11 South Asia wave. His handover states explicitly that HAVE there means a child task found public price evidence and a plausible scraper path -- NOT that a crawler exists. Recorded as PENDING: it still needs to be implemented and live-tested before ingestion.
nepal,PENDING,Neptronics,https://neptronics.com/store/,neptronics.com,FNB_MIXED,1,3,False,131.0,P2 - queue / EVIDENCE-ONLY,From Will's 2026-09-11 South Asia wave. His handover states explicitly that HAVE there means a child task found public price evidence and a plausible scraper path -- NOT that a crawler exists. Recorded as PENDING: it still needs to be implemented and live-tested before ingestion.
nepal,PENDING,GBN Store,https://gbnstore.com/,gbnstore.com,FNB_MIXED,1,2,False,131.0,P2 - queue / EVIDENCE-ONLY,From Will's 2026-09-11 South Asia wave. His handover states explicitly that HAVE there means a child task found public price evidence and a plausible scraper path -- NOT that a crawler exists. Recorded as PENDING: it still needs to be implemented and live-tested before ingestion.
nepal,PENDING,Appliances Nepal,https://appliances.com.np/,appliances.com.np,FNB_MIXED,3,4,False,131.0,P2 - queue / EVIDENCE-ONLY,From Will's 2026-09-11 South Asia wave. His handover states explicitly that HAVE there means a child task found public price evidence and a plausible scraper path -- NOT that a crawler exists. Recorded as PENDING: it still needs to be implemented and live-tested before ingestion.
nepal,PENDING,Hardware Pasal,https://hardwarepasal.com/,hardwarepasal.com,FNB_MIXED,2,4,False,131.0,P2 - queue / EVIDENCE-ONLY,From Will's 2026-09-11 South Asia wave. His handover states explicitly that HAVE there means a child task found public price evidence and a plausible scraper path -- NOT that a crawler exists. Recorded as PENDING: it still needs to be implemented and live-tested before ingestion.
nepal,PENDING,Laconic Fashion,https://laconicnepal.com/collections/all,laconicnepal.com,FNB_MIXED,1,2,False,131.0,P2 - queue / EVIDENCE-ONLY,From Will's 2026-09-11 South Asia wave. His handover states explicitly that HAVE there means a child task found public price evidence and a plausible scraper path -- NOT that a crawler exists. Recorded as PENDING: it still needs to be implemented and live-tested before ingestion.
nepal,PENDING,Online Clothing Store Nepal,https://onlineclothingstorenepal.blanxer.io/products,onlineclothingstorenepal.blanxer.io,FNB_MIXED,1,3,False,131.0,P2 - queue / EVIDENCE-ONLY,From Will's 2026-09-11 South Asia wave. His handover states explicitly that HAVE there means a child task found public price evidence and a plausible scraper path -- NOT that a crawler exists. Recorded as PENDING: it still needs to be implemented and live-tested before ingestion.
nepal,PENDING,Lookscart,https://www.lookscart.com/shop,lookscart.com,FNB_MIXED,1,1,False,131.0,P2 - queue / EVIDENCE-ONLY,From Will's 2026-09-11 South Asia wave. His handover states explicitly that HAVE there means a child task found public price evidence and a plausible scraper path -- NOT that a crawler exists. Recorded as PENDING: it still needs to be implemented and live-tested before ingestion.
nepal,PENDING,Pasal Nepal Furniture,https://www.pasalnepal.com/other-furnitures,pasalnepal.com,FNB_MIXED,1,3,False,131.0,P2 - queue / EVIDENCE-ONLY,From Will's 2026-09-11 South Asia wave. His handover states explicitly that HAVE there means a child task found public price evidence and a plausible scraper path -- NOT that a crawler exists. Recorded as PENDING: it still needs to be implemented and live-tested before ingestion.
nepal,PENDING,Price Compare Nepal,https://pricecomparenepal.com/,pricecomparenepal.com,FNB_MIXED,2,4,False,131.0,P2 - queue / CANDIDATE,From Will's 2026-09-11 South Asia wave. His handover states explicitly that HAVE there means a child task found public price evidence and a plausible scraper path -- NOT that a crawler exists. Recorded as PENDING: it still needs to be implemented and live-tested before ingestion.
nepal,PENDING,Mountemart,https://www.mountemart.com/,mountemart.com,FNB_MIXED,3,3,False,131.0,P2 - queue / EVIDENCE-ONLY,From Will's 2026-09-11 South Asia wave. His handover states explicitly that HAVE there means a child task found public price evidence and a plausible scraper path -- NOT that a crawler exists. Recorded as PENDING: it still needs to be implemented and live-tested before ingestion.
nepal,PENDING,WeShopNepal,https://weshopnepal.com/c/stationery/,weshopnepal.com,FNB_MIXED,1,2,False,131.0,P2 - queue / EVIDENCE-ONLY,From Will's 2026-09-11 South Asia wave. His handover states explicitly that HAVE there means a child task found public price evidence and a plausible scraper path -- NOT that a crawler exists. Recorded as PENDING: it still needs to be implemented and live-tested before ingestion.
nepal,PENDING,NepKids,https://www.nepkids.com/shop/toys/,nepkids.com,FNB_MIXED,1,2,False,131.0,P2 - queue / EVIDENCE-ONLY,From Will's 2026-09-11 South Asia wave. His handover states explicitly that HAVE there means a child task found public price evidence and a plausible scraper path -- NOT that a crawler exists. Recorded as PENDING: it still needs to be implemented and live-tested before ingestion.
nepal,PENDING,Happy Day Nepal,https://www.happydaynepal.com/,happydaynepal.com,FNB_MIXED,1,2,False,131.0,P2 - queue / EVIDENCE-ONLY,From Will's 2026-09-11 South Asia wave. His handover states explicitly that HAVE there means a child task found public price evidence and a plausible scraper path -- NOT that a crawler exists. Recorded as PENDING: it still needs to be implemented and live-tested before ingestion.
nepal,PENDING,Index Furniture Nepal,https://indexfurniture.com.np/furnitures,indexfurniture.com.np,FNB_MIXED,1,3,False,131.0,P2 - queue / EVIDENCE-ONLY,From Will's 2026-09-11 South Asia wave. His handover states explicitly that HAVE there means a child task found public price evidence and a plausible scraper path -- NOT that a crawler exists. Recorded as PENDING: it still needs to be implemented and live-tested before ingestion.
nepal,PENDING,Ashley Furniture Nepal,https://shop.ashleyfurniturenepal.com/,shop.ashleyfurniturenepal.com,FNB_MIXED,1,3,False,131.0,P2 - queue / CANDIDATE,From Will's 2026-09-11 South Asia wave. His handover states explicitly that HAVE there means a child task found public price evidence and a plausible scraper path -- NOT that a crawler exists. Recorded as PENDING: it still needs to be implemented and live-tested before ingestion.
nepal,PENDING,GNS Store,https://gns-store.com/indoor,gns-store.com,FNB_MIXED,1,2,False,131.0,P2 - queue / EVIDENCE-ONLY,From Will's 2026-09-11 South Asia wave. His handover states explicitly that HAVE there means a child task found public price evidence and a plausible scraper path -- NOT that a crawler exists. Recorded as PENDING: it still needs to be implemented and live-tested before ingestion.
nepal,PENDING,Nepo Furniture,https://nepofurniture.com/shop/,nepofurniture.com,FNB_MIXED,1,3,False,131.0,P2 - queue / EVIDENCE-ONLY,From Will's 2026-09-11 South Asia wave. His handover states explicitly that HAVE there means a child task found public price evidence and a plausible scraper path -- NOT that a crawler exists. Recorded as PENDING: it still needs to be implemented and live-tested before ingestion.
nepal,PENDING,Furniture Mahal,https://furnituremahal.com.np/,furnituremahal.com.np,FNB_MIXED,1,2,False,131.0,P2 - queue / EVIDENCE-ONLY,From Will's 2026-09-11 South Asia wave. His handover states explicitly that HAVE there means a child task found public price evidence and a plausible scraper path -- NOT that a crawler exists. Recorded as PENDING: it still needs to be implemented and live-tested before ingestion.
nepal,PENDING,Neo Store,https://www.neostore.com.np/product-category/car-accessories,neostore.com.np,FNB_MIXED,1,4,False,131.0,P2 - queue / EVIDENCE-ONLY,From Will's 2026-09-11 South Asia wave. His handover states explicitly that HAVE there means a child task found public price evidence and a plausible scraper path -- NOT that a crawler exists. Recorded as PENDING: it still needs to be implemented and live-tested before ingestion.
nepal,PENDING,Moto World Nepal,https://motoworldnepal.com/product-category/accessories/car-accessories/,motoworldnepal.com,FNB_MIXED,3,4,False,131.0,P2 - queue / EVIDENCE-ONLY,From Will's 2026-09-11 South Asia wave. His handover states explicitly that HAVE there means a child task found public price evidence and a plausible scraper path -- NOT that a crawler exists. Recorded as PENDING: it still needs to be implemented and live-tested before ingestion.
nepal,PENDING,Kinaun,https://www.kinaun.com/product-category/automotive-accessories/,kinaun.com,FNB_MIXED,2,4,False,131.0,P2 - queue / EVIDENCE-ONLY,From Will's 2026-09-11 South Asia wave. His handover states explicitly that HAVE there means a child task found public price evidence and a plausible scraper path -- NOT that a crawler exists. Recorded as PENDING: it still needs to be implemented and live-tested before ingestion.
nepal,PENDING,Chhingu Auto,https://www.chhinguauto.com/,chhinguauto.com,FNB_MIXED,3,4,False,131.0,P2 - queue / CANDIDATE,From Will's 2026-09-11 South Asia wave. His handover states explicitly that HAVE there means a child task found public price evidence and a plausible scraper path -- NOT that a crawler exists. Recorded as PENDING: it still needs to be implemented and live-tested before ingestion.
nepal,PENDING,Nepal Telecom FTTH Tariff,https://www.ntc.net.np/tariff/ftth-tariff,ntc.net.np,FNB_MIXED,1,2,False,131.0,P2 - queue / EVIDENCE-ONLY,From Will's 2026-09-11 South Asia wave. His handover states explicitly that HAVE there means a child task found public price evidence and a plausible scraper path -- NOT that a crawler exists. Recorded as PENDING: it still needs to be implemented and live-tested before ingestion.
nepal,PENDING,Price Nepal Internet Plan List,https://www.pricenepal.com/internet-plan-price-nepal-2026/,pricenepal.com,FNB_MIXED,1,2,False,131.0,P2 - queue / CANDIDATE,From Will's 2026-09-11 South Asia wave. His handover states explicitly that HAVE there means a child task found public price evidence and a plausible scraper path -- NOT that a crawler exists. Recorded as PENDING: it still needs to be implemented and live-tested before ingestion.
nepal,PENDING,Healme Nepal,https://www.healme.com.np/personal-care?page=1,healme.com.np,FNB_MIXED,1,1,False,131.0,P2 - queue / EVIDENCE-ONLY,From Will's 2026-09-11 South Asia wave. His handover states explicitly that HAVE there means a child task found public price evidence and a plausible scraper path -- NOT that a crawler exists. Recorded as PENDING: it still needs to be implemented and live-tested before ingestion.
nepal,PENDING,Hamro Shringar,https://www.hamroshringar.com/product-category/cosmetics-products/,hamroshringar.com,FNB_MIXED,2,3,False,131.0,P2 - queue / EVIDENCE-ONLY,From Will's 2026-09-11 South Asia wave. His handover states explicitly that HAVE there means a child task found public price evidence and a plausible scraper path -- NOT that a crawler exists. Recorded as PENDING: it still needs to be implemented and live-tested before ingestion.
nepal,PENDING,Korean Beauty Point,https://koreanbeautypoint.com/,koreanbeautypoint.com,FNB_MIXED,1,3,False,131.0,P2 - queue / EVIDENCE-ONLY,From Will's 2026-09-11 South Asia wave. His handover states explicitly that HAVE there means a child task found public price evidence and a plausible scraper path -- NOT that a crawler exists. Recorded as PENDING: it still needs to be implemented and live-tested before ingestion.
nepal,PENDING,Maake Beauty Nepal,https://www.maakebeautynepal.com/,maakebeautynepal.com,FNB_MIXED,1,2,False,131.0,P2 - queue / EVIDENCE-ONLY,From Will's 2026-09-11 South Asia wave. His handover states explicitly that HAVE there means a child task found public price evidence and a plausible scraper path -- NOT that a crawler exists. Recorded as PENDING: it still needs to be implemented and live-tested before ingestion.
nepal,PENDING,RiwanMart,https://riwanmart.com/,riwanmart.com,FNB_MIXED,3,3,False,131.0,P2 - queue / EVIDENCE-ONLY,From Will's 2026-09-11 South Asia wave. His handover states explicitly that HAVE there means a child task found public price evidence and a plausible scraper path -- NOT that a crawler exists. Recorded as PENDING: it still needs to be implemented and live-tested before ingestion.
nepal,PENDING,Brandhouse Nepal,https://brandhouse.com.np/,brandhouse.com.np,FNB_MIXED,1,3,False,131.0,P2 - queue / EVIDENCE-ONLY,From Will's 2026-09-11 South Asia wave. His handover states explicitly that HAVE there means a child task found public price evidence and a plausible scraper path -- NOT that a crawler exists. Recorded as PENDING: it still needs to be implemented and live-tested before ingestion.
nepal,PENDING,E-Bazar Nepal,https://ebazar-nepal.myshopify.com/collections/shoes,ebazar-nepal.myshopify.com,FNB_MIXED,2,3,False,131.0,P2 - queue / EVIDENCE-ONLY,From Will's 2026-09-11 South Asia wave. His handover states explicitly that HAVE there means a child task found public price evidence and a plausible scraper path -- NOT that a crawler exists. Recorded as PENDING: it still needs to be implemented and live-tested before ingestion.
nepal,PENDING,Himalayan Ox Sports,https://www.himalayanoxsports.com/,himalayanoxsports.com,FNB_MIXED,1,4,False,131.0,P2 - queue / EVIDENCE-ONLY,From Will's 2026-09-11 South Asia wave. His handover states explicitly that HAVE there means a child task found public price evidence and a plausible scraper path -- NOT that a crawler exists. Recorded as PENDING: it still needs to be implemented and live-tested before ingestion.
nepal,PENDING,Remax Nepal,https://iremaxnepal.com.np/,iremaxnepal.com.np,FNB_MIXED,1,4,False,131.0,P2 - queue / EVIDENCE-ONLY,From Will's 2026-09-11 South Asia wave. His handover states explicitly that HAVE there means a child task found public price evidence and a plausible scraper path -- NOT that a crawler exists. Recorded as PENDING: it still needs to be implemented and live-tested before ingestion.
nepal,PENDING,NeerKart,https://neerkart.com/,neerkart.com,FNB_MIXED,3,5,False,131.0,P2 - queue / EVIDENCE-ONLY,From Will's 2026-09-11 South Asia wave. His handover states explicitly that HAVE there means a child task found public price evidence and a plausible scraper path -- NOT that a crawler exists. Recorded as PENDING: it still needs to be implemented and live-tested before ingestion.
nepal,PENDING,EZ Online Store Nepal,https://ezonlinenp.com/,ezonlinenp.com,FNB_MIXED,1,7,False,131.0,P2 - queue / EVIDENCE-ONLY,From Will's 2026-09-11 South Asia wave. His handover states explicitly that HAVE there means a child task found public price evidence and a plausible scraper path -- NOT that a crawler exists. Recorded as PENDING: it still needs to be implemented and live-tested before ingestion.
nepal,PENDING,A-One Collection Nepal,https://aonecollectionstores.com.np/,aonecollectionstores.com.np,FNB_MIXED,2,5,False,131.0,P2 - queue / EVIDENCE-ONLY,From Will's 2026-09-11 South Asia wave. His handover states explicitly that HAVE there means a child task found public price evidence and a plausible scraper path -- NOT that a crawler exists. Recorded as PENDING: it still needs to be implemented and live-tested before ingestion.
nepal,PENDING,GharOne,https://www.gharone.com/,gharone.com,FNB_MIXED,2,4,False,131.0,P2 - queue / EVIDENCE-ONLY,From Will's 2026-09-11 South Asia wave. His handover states explicitly that HAVE there means a child task found public price evidence and a plausible scraper path -- NOT that a crawler exists. Recorded as PENDING: it still needs to be implemented and live-tested before ingestion.
nepal,PENDING,Dakshinkali Electronics,https://www.dakshinkali.shop/,dakshinkali.shop,FNB_MIXED,2,2,False,131.0,P2 - queue / EVIDENCE-ONLY,From Will's 2026-09-11 South Asia wave. His handover states explicitly that HAVE there means a child task found public price evidence and a plausible scraper path -- NOT that a crawler exists. Recorded as PENDING: it still needs to be implemented and live-tested before ingestion.
nepal,PENDING,SRS Shopping,https://srsshoping.com/,srsshoping.com,FNB_MIXED,2,4,False,131.0,P2 - queue / CANDIDATE,From Will's 2026-09-11 South Asia wave. His handover states explicitly that HAVE there means a child task found public price evidence and a plausible scraper path -- NOT that a crawler exists. Recorded as PENDING: it still needs to be implemented and live-tested before ingestion.
nepal,PENDING,Siris Pharmacy,https://www.sirispharmacy.com.np/,sirispharmacy.com.np,FNB_MIXED,1,2,False,131.0,P2 - queue / EVIDENCE-ONLY,From Will's 2026-09-11 South Asia wave. His handover states explicitly that HAVE there means a child task found public price evidence and a plausible scraper path -- NOT that a crawler exists. Recorded as PENDING: it still needs to be implemented and live-tested before ingestion.
nepal,PENDING,MedPlus Nepal,https://medplusnepal.com/product-category/medicines/,medplusnepal.com,FNB_MIXED,1,2,False,131.0,P2 - queue / EVIDENCE-ONLY,From Will's 2026-09-11 South Asia wave. His handover states explicitly that HAVE there means a child task found public price evidence and a plausible scraper path -- NOT that a crawler exists. Recorded as PENDING: it still needs to be implemented and live-tested before ingestion.
nepal,PENDING,Pinnacle Computer Suppliers,https://pcsnepal.com.np/,pcsnepal.com.np,FNB_MIXED,1,3,False,131.0,P2 - queue / EVIDENCE-ONLY,From Will's 2026-09-11 South Asia wave. His handover states explicitly that HAVE there means a child task found public price evidence and a plausible scraper path -- NOT that a crawler exists. Recorded as PENDING: it still needs to be implemented and live-tested before ingestion.
nepal,PENDING,Near Me,https://nearme.com.np/,nearme.com.np,FNB_MIXED,2,6,False,131.0,P2 - queue / CANDIDATE,From Will's 2026-09-11 South Asia wave. His handover states explicitly that HAVE there means a child task found public price evidence and a plausible scraper path -- NOT that a crawler exists. Recorded as PENDING: it still needs to be implemented and live-tested before ingestion.
nepal,PENDING,Baby Pasal,https://babypasal.com/,babypasal.com,FNB_MIXED,1,4,False,131.0,P2 - queue / EVIDENCE-ONLY,From Will's 2026-09-11 South Asia wave. His handover states explicitly that HAVE there means a child task found public price evidence and a plausible scraper path -- NOT that a crawler exists. Recorded as PENDING: it still needs to be implemented and live-tested before ingestion.
nepal,PENDING,nepal_onepasal,https://onepasal.com/,onepasal.com,FNB_MIXED,3,5,False,131.0,P2 - queue / NEEDS-CUSTOM-CRAWLER,Downloaded CSV batch on 2026-09-12; normalized site was not present in the base workbook | scraping ease: Easy | add as a new scrape target and crawler-creation candidate
nepal,PENDING,nepal_swodeshi,https://swodeshi.com/,swodeshi.com,FNB_MIXED,1,2,False,131.0,P2 - queue / NEEDS-CUSTOM-CRAWLER,Downloaded CSV batch on 2026-09-12; normalized site was not present in the base workbook | scraping ease: Easy | add as a new scrape target and crawler-creation candidate
croatia,PENDING,Eurospin Croatia,https://www.eurospin.hr/,eurospin.hr,FNB_MIXED,1,1,False,134.0,P2 - queue / SUSPECT,"Candidate found in the 2026-08-31 sourcing round, never built. build_tier=C - engineering required; scrapability=3.0; class=Custom"
croatia,PENDING,Spar Croatia,https://www.spar.hr/,spar.hr,FNB_MIXED,1,1,False,134.0,P2 - queue / ACCEPT,"Candidate found in the 2026-08-31 sourcing round, never built. build_tier=not scored; scrapability=nan; class=Custom"
greece,PENDING,Bazaar,https://www.bazaar.gr/,bazaar.gr,FNB_MIXED,1,1,False,134.0,P2 - queue / SUSPECT,"Candidate found in the 2026-08-31 sourcing round, never built. build_tier=C - engineering required; scrapability=3.0; class=Custom"
greece,PENDING,SYN.KA,https://www.synka-super.gr/,synka-super.gr,FNB_MIXED,1,1,False,134.0,P2 - queue / ACCEPT,"Candidate found in the 2026-08-31 sourcing round, never built. build_tier=C - engineering required; scrapability=3.0; class=Custom"
guatemala,PENDING,guatemala_latiendadetodaguate,https://latiendadetodaguate.com/,latiendadetodaguate.com,FNB_MIXED,1,4,False,135.0,P2 - queue / NEEDS-CUSTOM-CRAWLER,Downloaded CSV batch on 2026-09-12; normalized site was not present in the base workbook | scraping ease: Easy | add as a new scrape target and crawler-creation candidate
guatemala,PENDING,guatemala_market_gt,https://market.gt/,market.gt,FNB_MIXED,2,4,False,135.0,P2 - queue / NEEDS-CUSTOM-CRAWLER,Downloaded CSV batch on 2026-09-12; normalized site was not present in the base workbook | scraping ease: Easy | add as a new scrape target and crawler-creation candidate
guatemala,PENDING,guatemala_kemik_gt,https://www.kemik.gt/,kemik.gt,FNB_MIXED,4,4,False,135.0,P2 - queue / NEEDS-CUSTOM-CRAWLER,Downloaded CSV batch on 2026-09-12; normalized site was not present in the base workbook | scraping ease: Easy | add as a new scrape target and crawler-creation candidate
czech_republic,PENDING,Alza Czechia,https://www.alza.cz/,alza.cz,FNB_MIXED,2,3,False,136.0,P2 - queue / Directory/report,"Candidate found in the 2026-08-31 sourcing round, never built. build_tier=C - engineering required; scrapability=nan; class=General/electronics retail"
czech_republic,PENDING,Dr.Max Czechia,https://www.drmax.cz/,drmax.cz,FNB_MIXED,2,3,False,136.0,P2 - queue / Directory/report,"Candidate found in the 2026-08-31 sourcing round, never built. build_tier=C - engineering required; scrapability=nan; class=Online pharmacy"
czech_republic,PENDING,Hornbach Czechia,https://www.hornbach.cz/,hornbach.cz,FNB_MIXED,2,3,False,136.0,P2 - queue / Directory/report,"Candidate found in the 2026-08-31 sourcing round, never built. build_tier=C - engineering required; scrapability=nan; class=Hardware/home improvement"
czech_republic,PENDING,Kaufland CZ,https://www.kaufland.cz/,kaufland.cz,FNB_MIXED,2,2,False,136.0,P3 - backlog / SUSPECT,"Candidate found in the 2026-08-31 sourcing round, never built. build_tier=D - hard / app / index only; scrapability=2.0; class=Custom/Enterprise"
guyana,PENDING,CaribeEats - GuyFresh,https://caribeeats.com/biz/guyfresh,caribeeats.com,FNB_MIXED,1,1,False,136.0,P2 - queue / SUSPECT,"Candidate found in the 2026-08-31 sourcing round, never built. build_tier=not scored; scrapability=nan; class=Custom"
guyana,PENDING,guyana_fizuro,https://fizuro.com/,fizuro.com,FNB_MIXED,2,3,False,136.0,P2 - queue / NEEDS-CUSTOM-CRAWLER,Downloaded CSV batch on 2026-09-12; normalized site was not present in the base workbook | scraping ease: Easy | add as a new scrape target and crawler-creation candidate
guyana,PENDING,guyana_ubuy_gy,https://www.ubuy.gy/,ubuy.gy,FNB_MIXED,2,3,False,136.0,P2 - queue / NEEDS-CUSTOM-CRAWLER,Downloaded CSV batch on 2026-09-12; normalized site was not present in the base workbook | scraping ease: Moderate | add as a new scrape target and crawler-creation candidate
aruba,PENDING,aruba_pronova,https://www.pronova.shop/shop,pronova.shop,FNB_MIXED,1,1,False,137.0,P2 - queue / NEEDS-CUSTOM-CRAWLER,Downloaded CSV batch on 2026-09-12; normalized site was not present in the base workbook | scraping ease: Easy | add as a new scrape target and crawler-creation candidate
slovak_republic,PENDING,Alza Slovakia,https://www.alza.sk/,alza.sk,FNB_MIXED,2,3,False,137.0,P2 - queue / Directory/report,"Candidate found in the 2026-08-31 sourcing round, never built. build_tier=C - engineering required; scrapability=nan; class=General/electronics retail"
slovak_republic,PENDING,Dr.Max Slovakia,https://www.drmax.sk/,drmax.sk,FNB_MIXED,2,3,False,137.0,P2 - queue / Directory/report,"Candidate found in the 2026-08-31 sourcing round, never built. build_tier=C - engineering required; scrapability=nan; class=Online pharmacy"
slovak_republic,PENDING,Kaufland SK,https://www.kaufland.sk/,kaufland.sk,FNB_MIXED,2,2,False,137.0,P3 - backlog / SUSPECT,"Candidate found in the 2026-08-31 sourcing round, never built. build_tier=D - hard / app / index only; scrapability=2.0; class=Custom/Enterprise"
slovak_republic,PENDING,slovak_republic_pricemania_sk,https://www.pricemania.sk/,pricemania.sk,FNB_MIXED,2,5,False,137.0,P2 - queue / NEEDS-CUSTOM-CRAWLER,Downloaded CSV batch on 2026-09-12; normalized site was not present in the base workbook | scraping ease: Easy | add as a new scrape target and crawler-creation candidate
slovak_republic,PENDING,slovak_republic_heureka_sk,https://www.heureka.sk/,heureka.sk,FNB_MIXED,1,7,False,137.0,P2 - queue / NEEDS-CUSTOM-CRAWLER,Downloaded CSV batch on 2026-09-12; normalized site was not present in the base workbook | scraping ease: Easy | add as a new scrape target and crawler-creation candidate
slovak_republic,PENDING,slovak_republic_superceny_sk,https://superceny.sk/,superceny.sk,FNB_MIXED,1,1,False,137.0,P2 - queue / NEEDS-CUSTOM-CRAWLER,Downloaded CSV batch on 2026-09-12; normalized site was not present in the base workbook | scraping ease: Easy | add as a new scrape target and crawler-creation candidate
slovak_republic,PENDING,slovak_republic_mojeobchody_sk,https://mojeobchody.sk/,mojeobchody.sk,FNB_MIXED,2,4,False,137.0,P2 - queue / NEEDS-CUSTOM-CRAWLER,Downloaded CSV batch on 2026-09-12; normalized site was not present in the base workbook | scraping ease: Moderate | add as a new scrape target and crawler-creation candidate
bangladesh,PENDING,ePharma,https://epharma.com.bd/en/medicines,epharma.com.bd,FNB_MIXED,1,1,False,138.0,P2 - queue / EVIDENCE-ONLY,From Will's 2026-09-11 South Asia wave. His handover states explicitly that HAVE there means a child task found public price evidence and a plausible scraper path -- NOT that a crawler exists. Recorded as PENDING: it still needs to be implemented and live-tested before ingestion.
bangladesh,PENDING,OsudPotro,https://osudpotro.com/,osudpotro.com,FNB_MIXED,2,2,False,138.0,P2 - queue / EVIDENCE-ONLY,From Will's 2026-09-11 South Asia wave. His handover states explicitly that HAVE there means a child task found public price evidence and a plausible scraper path -- NOT that a crawler exists. Recorded as PENDING: it still needs to be implemented and live-tested before ingestion.
bangladesh,PENDING,Dawaii Pharmacy,https://dawaiipharmacy.com/,dawaiipharmacy.com,FNB_MIXED,1,3,False,138.0,P2 - queue / EVIDENCE-ONLY,From Will's 2026-09-11 South Asia wave. His handover states explicitly that HAVE there means a child task found public price evidence and a plausible scraper path -- NOT that a crawler exists. Recorded as PENDING: it still needs to be implemented and live-tested before ingestion.
bangladesh,PENDING,Rokomari,https://www.rokomari.com/home,rokomari.com,FNB_MIXED,2,4,False,138.0,P2 - queue / EVIDENCE-ONLY,From Will's 2026-09-11 South Asia wave. His handover states explicitly that HAVE there means a child task found public price evidence and a plausible scraper path -- NOT that a crawler exists. Recorded as PENDING: it still needs to be implemented and live-tested before ingestion.
bangladesh,PENDING,Star Tech,https://www.startech.com.bd/,startech.com.bd,FNB_MIXED,2,4,False,138.0,P2 - queue / EVIDENCE-ONLY,From Will's 2026-09-11 South Asia wave. His handover states explicitly that HAVE there means a child task found public price evidence and a plausible scraper path -- NOT that a crawler exists. Recorded as PENDING: it still needs to be implemented and live-tested before ingestion.
bangladesh,PENDING,TekzoBD,https://www.tekzobd.com/shop,tekzobd.com,FNB_MIXED,2,3,False,138.0,P2 - queue / EVIDENCE-ONLY,From Will's 2026-09-11 South Asia wave. His handover states explicitly that HAVE there means a child task found public price evidence and a plausible scraper path -- NOT that a crawler exists. Recorded as PENDING: it still needs to be implemented and live-tested before ingestion.
bangladesh,PENDING,KPEBAZAR,https://kpebazar.com/,kpebazar.com,FNB_MIXED,3,3,False,138.0,P2 - queue / EVIDENCE-ONLY,From Will's 2026-09-11 South Asia wave. His handover states explicitly that HAVE there means a child task found public price evidence and a plausible scraper path -- NOT that a crawler exists. Recorded as PENDING: it still needs to be implemented and live-tested before ingestion.
bangladesh,PENDING,Daraz Bangladesh,https://www.daraz.com.bd/,daraz.com.bd,FNB_MIXED,5,7,False,138.0,P2 - queue / CANDIDATE,From Will's 2026-09-11 South Asia wave. His handover states explicitly that HAVE there means a child task found public price evidence and a plausible scraper path -- NOT that a crawler exists. Recorded as PENDING: it still needs to be implemented and live-tested before ingestion.
bangladesh,PENDING,Pickaboo,https://www.pickaboo.com/,pickaboo.com,FNB_MIXED,2,4,False,138.0,P2 - queue / CANDIDATE,From Will's 2026-09-11 South Asia wave. His handover states explicitly that HAVE there means a child task found public price evidence and a plausible scraper path -- NOT that a crawler exists. Recorded as PENDING: it still needs to be implemented and live-tested before ingestion.
bangladesh,PENDING,Sarnyas,https://www.sarnyas.com/shop-2/,sarnyas.com,FNB_MIXED,5,6,False,138.0,P2 - queue / EVIDENCE-ONLY,From Will's 2026-09-11 South Asia wave. His handover states explicitly that HAVE there means a child task found public price evidence and a plausible scraper path -- NOT that a crawler exists. Recorded as PENDING: it still needs to be implemented and live-tested before ingestion.
bangladesh,PENDING,Foodland Products Narayanganj,https://foodlandproducts.websites.co.in/,foodlandproducts.websites.co.in,FNB_MIXED,3,4,False,138.0,P2 - queue / CANDIDATE,From Will's 2026-09-11 South Asia wave. His handover states explicitly that HAVE there means a child task found public price evidence and a plausible scraper path -- NOT that a crawler exists. Recorded as PENDING: it still needs to be implemented and live-tested before ingestion.
bangladesh,PENDING,Rinors,https://www.rinors.com/,rinors.com,FNB_MIXED,2,2,False,138.0,P2 - queue / EVIDENCE-ONLY,From Will's 2026-09-11 South Asia wave. His handover states explicitly that HAVE there means a child task found public price evidence and a plausible scraper path -- NOT that a crawler exists. Recorded as PENDING: it still needs to be implemented and live-tested before ingestion.
brunei_darussalam,PENDING,brunei_darussalam_brunei_desertcart,https://brunei.desertcart.com/,brunei.desertcart.com,FNB_MIXED,1,2,False,139.0,P2 - queue / NEEDS-CUSTOM-CRAWLER,Downloaded CSV batch on 2026-09-12; normalized site was not present in the base workbook | scraping ease: Moderate | add as a new scrape target and crawler-creation candidate
brunei_darussalam,PENDING,brunei_darussalam_brusite,https://brusite.com/,brusite.com,FNB_MIXED,3,3,False,139.0,P2 - queue / NEEDS-CUSTOM-CRAWLER,Downloaded CSV batch on 2026-09-12; normalized site was not present in the base workbook | scraping ease: Easy | add as a new scrape target and crawler-creation candidate
brunei_darussalam,PENDING,brunei_darussalam_ubuy_bn,https://www.ubuy.com.bn/en/,ubuy.com.bn,FNB_MIXED,2,3,False,139.0,P2 - queue / NEEDS-CUSTOM-CRAWLER,Downloaded CSV batch on 2026-09-12; normalized site was not present in the base workbook | scraping ease: Moderate | add as a new scrape target and crawler-creation candidate
oman,PENDING,Sharaf DG Oman,https://oman.sharafdg.com/,oman.sharafdg.com,FNB_MIXED,3,3,False,139.0,P1 - build now / Direct,"Candidate found in the 2026-08-31 sourcing round, never built. build_tier=A - low-hanging fruit; scrapability=nan; class=Electronics/appliances"
oman,PENDING,oman_desertcart_om,https://www.desertcart.com.om/,desertcart.com.om,FNB_MIXED,2,2,False,139.0,P2 - queue / NEEDS-CUSTOM-CRAWLER,Downloaded CSV batch on 2026-09-12; normalized site was not present in the base workbook | scraping ease: Moderate | add as a new scrape target and crawler-creation candidate
oman,PENDING,oman_supermall_noon,https://supermall.noon.com/oman-en/,supermall.noon.com,FNB_MIXED,2,6,False,139.0,P2 - queue / NEEDS-CUSTOM-CRAWLER,Downloaded CSV batch on 2026-09-12; normalized site was not present in the base workbook | scraping ease: Easy | add as a new scrape target and crawler-creation candidate
oman,PENDING,oman_ubuy_om,https://www.ubuy.com.om/en/,ubuy.com.om,FNB_MIXED,2,3,False,139.0,P2 - queue / NEEDS-CUSTOM-CRAWLER,Downloaded CSV batch on 2026-09-12; normalized site was not present in the base workbook | scraping ease: Moderate | add as a new scrape target and crawler-creation candidate
oman,PENDING,oman_xhawi,https://www.xhawi.com/,xhawi.com,FNB_MIXED,1,6,False,139.0,P2 - queue / NEEDS-CUSTOM-CRAWLER,Downloaded CSV batch on 2026-09-12; normalized site was not present in the base workbook | scraping ease: Moderate | add as a new scrape target and crawler-creation candidate
el_salvador,PENDING,Vidrí,https://www.vidri.com.sv/,vidri.com.sv,FNB_MIXED,3,3,False,142.0,P2 - queue / Directory/report,"Candidate found in the 2026-08-31 sourcing round, never built. build_tier=C - engineering required; scrapability=nan; class=Hardware/home improvement"
el_salvador,PENDING,el_salvador_comparo_snewssv,https://comparo.snewssv.com/,comparo.snewssv.com,FNB_MIXED,1,2,False,142.0,P2 - queue / NEEDS-CUSTOM-CRAWLER,Downloaded CSV batch on 2026-09-12; normalized site was not present in the base workbook | scraping ease: Easy | add as a new scrape target and crawler-creation candidate
el_salvador,PENDING,el_salvador_ubuy_sv,https://www.ubuy.sv/es/,ubuy.sv,FNB_MIXED,2,3,False,142.0,P2 - queue / NEEDS-CUSTOM-CRAWLER,Downloaded CSV batch on 2026-09-12; normalized site was not present in the base workbook | scraping ease: Moderate | add as a new scrape target and crawler-creation candidate
el_salvador,PENDING,el_salvador_elsalvadorya,https://elsalvadorya.com/,elsalvadorya.com,FNB_MIXED,2,4,False,142.0,P2 - queue / NEEDS-CUSTOM-CRAWLER,Downloaded CSV batch on 2026-09-12; normalized site was not present in the base workbook | scraping ease: Easy | add as a new scrape target and crawler-creation candidate
el_salvador,PENDING,el_salvador_mercadolibre_sv,https://www.mercadolibre.com.sv/,mercadolibre.com.sv,FNB_MIXED,3,5,False,142.0,P2 - queue / NEEDS-CUSTOM-CRAWLER,Downloaded CSV batch on 2026-09-12; normalized site was not present in the base workbook | scraping ease: Moderate | add as a new scrape target and crawler-creation candidate
panama,PENDING,panama_comparapty,https://comparapty.com/,comparapty.com,FNB_MIXED,2,3,False,142.0,P2 - queue / NEEDS-CUSTOM-CRAWLER,Downloaded CSV batch on 2026-09-12; normalized site was not present in the base workbook | scraping ease: Easy | add as a new scrape target and crawler-creation candidate
panama,PENDING,panama_vitrina_pa,https://vitrina.com.pa/,vitrina.com.pa,FNB_MIXED,1,5,False,142.0,P2 - queue / NEEDS-CUSTOM-CRAWLER,Downloaded CSV batch on 2026-09-12; normalized site was not present in the base workbook | scraping ease: Easy | add as a new scrape target and crawler-creation candidate
panama,PENDING,panama_masxmenospanama,https://masxmenospanama.com/,masxmenospanama.com,FNB_MIXED,1,7,False,142.0,P2 - queue / NEEDS-CUSTOM-CRAWLER,Downloaded CSV batch on 2026-09-12; normalized site was not present in the base workbook | scraping ease: Easy | add as a new scrape target and crawler-creation candidate
panama,PENDING,panama_felix_pa,https://felix.com.pa/,felix.com.pa,FNB_MIXED,1,6,False,142.0,P2 - queue / NEEDS-CUSTOM-CRAWLER,Downloaded CSV batch on 2026-09-12; normalized site was not present in the base workbook | scraping ease: Easy | add as a new scrape target and crawler-creation candidate
panama,PENDING,panama_super99,https://www.super99.com/,super99.com,FNB_MIXED,5,5,False,142.0,P2 - queue / NEEDS-CUSTOM-CRAWLER,Downloaded CSV batch on 2026-09-12; normalized site was not present in the base workbook | scraping ease: Easy | add as a new scrape target and crawler-creation candidate
mozambique,PENDING,mozambique_lojarapidamz,https://lojarapidamz.com/,lojarapidamz.com,FNB_MIXED,3,5,False,144.0,P2 - queue / NEEDS-CUSTOM-CRAWLER,Downloaded CSV batch on 2026-09-12; normalized site was not present in the base workbook | scraping ease: Easy | add as a new scrape target and crawler-creation candidate
mozambique,PENDING,mozambique_nacosso,https://www.nacosso.com/,nacosso.com,FNB_MIXED,2,6,False,144.0,P2 - queue / NEEDS-CUSTOM-CRAWLER,Downloaded CSV batch on 2026-09-12; normalized site was not present in the base workbook | scraping ease: Easy | add as a new scrape target and crawler-creation candidate
mozambique,PENDING,mozambique_omelhorpreco_mz,https://www.omelhorpreco.co.mz/,omelhorpreco.co.mz,FNB_MIXED,2,5,False,144.0,P2 - queue / NEEDS-CUSTOM-CRAWLER,Downloaded CSV batch on 2026-09-12; normalized site was not present in the base workbook | scraping ease: Easy | add as a new scrape target and crawler-creation candidate
mozambique,PENDING,mozambique_perfectprice_mz,https://www.perfectprice.co.mz/,perfectprice.co.mz,FNB_MIXED,2,3,False,144.0,P2 - queue / NEEDS-CUSTOM-CRAWLER,Downloaded CSV batch on 2026-09-12; normalized site was not present in the base workbook | scraping ease: Easy | add as a new scrape target and crawler-creation candidate
slovenia,PENDING,slovenia_shoptok_si,https://www.shoptok.si/,shoptok.si,FNB_MIXED,1,1,False,144.0,P2 - queue / NEEDS-CUSTOM-CRAWLER,Downloaded CSV batch on 2026-09-12; normalized site was not present in the base workbook | scraping ease: Easy | add as a new scrape target and crawler-creation candidate
jamaica,PENDING,Singer Jamaica,https://singer.com.jm/,singer.com.jm,FNB_MIXED,3,4,False,146.0,P2 - queue / Directory/report,"Candidate found in the 2026-08-31 sourcing round, never built. build_tier=C - engineering required; scrapability=nan; class=Appliances/furniture"
new_caledonia,PENDING,new_caledonia_caledonia_ubuy,https://www.caledonia.ubuy.com/fr/,caledonia.ubuy.com,FNB_MIXED,2,3,False,146.0,P2 - queue / NEEDS-CUSTOM-CRAWLER,Downloaded CSV batch on 2026-09-12; normalized site was not present in the base workbook | scraping ease: Moderate | add as a new scrape target and crawler-creation candidate
new_caledonia,PENDING,new_caledonia_caledoniaimports,https://www.caledoniaimports.com/,caledoniaimports.com,FNB_MIXED,1,1,False,146.0,P2 - queue / NEEDS-CUSTOM-CRAWLER,Downloaded CSV batch on 2026-09-12; normalized site was not present in the base workbook | scraping ease: Moderate | add as a new scrape target and crawler-creation candidate
new_caledonia,PENDING,new_caledonia_glamandkshop,https://www.glamandkshop.com/,glamandkshop.com,FNB_MIXED,1,2,False,146.0,P2 - queue / NEEDS-CUSTOM-CRAWLER,Downloaded CSV batch on 2026-09-12; normalized site was not present in the base workbook | scraping ease: Moderate | add as a new scrape target and crawler-creation candidate
new_caledonia,PENDING,new_caledonia_shana_nc,https://www.shana.nc/,shana.nc,FNB_MIXED,1,3,False,146.0,P2 - queue / NEEDS-CUSTOM-CRAWLER,Downloaded CSV batch on 2026-09-12; normalized site was not present in the base workbook | scraping ease: Easy | add as a new scrape target and crawler-creation candidate
new_caledonia,PENDING,new_caledonia_kiabi_nc,https://kiabi.nc/,kiabi.nc,FNB_MIXED,1,2,False,146.0,P2 - queue / NEEDS-CUSTOM-CRAWLER,Downloaded CSV batch on 2026-09-12; normalized site was not present in the base workbook | scraping ease: Easy | add as a new scrape target and crawler-creation candidate
dominican_republic,PENDING,dominican_republic_domitiendashop,https://domitiendashop.com/,domitiendashop.com,FNB_MIXED,1,3,False,149.0,P2 - queue / NEEDS-CUSTOM-CRAWLER,Downloaded CSV batch on 2026-09-12; normalized site was not present in the base workbook | scraping ease: Moderate | add as a new scrape target and crawler-creation candidate
dominican_republic,PENDING,dominican_republic_megasuplidores_do,https://megasuplidores.com.do/,megasuplidores.com.do,FNB_MIXED,1,3,False,149.0,P2 - queue / NEEDS-CUSTOM-CRAWLER,Downloaded CSV batch on 2026-09-12; normalized site was not present in the base workbook | scraping ease: Moderate | add as a new scrape target and crawler-creation candidate
dominican_republic,PENDING,dominican_republic_dominicanproductsshop,https://www.dominicanproductsshop.com/shop/,dominicanproductsshop.com,FNB_MIXED,1,2,False,149.0,P2 - queue / NEEDS-CUSTOM-CRAWLER,Downloaded CSV batch on 2026-09-12; normalized site was not present in the base workbook | scraping ease: Moderate | add as a new scrape target and crawler-creation candidate
lithuania,PENDING,IKI,https://iki.lt/,iki.lt,FNB_MIXED,1,1,False,149.0,P2 - queue / ACCEPT,"Candidate found in the 2026-08-31 sourcing round, never built. build_tier=C - engineering required; scrapability=3.0; class=Custom"
uruguay,PENDING,uruguay_lomasjusto_uy,https://lomasjusto.uy/,lomasjusto.uy,FNB_MIXED,1,1,False,150.0,P2 - queue / NEEDS-CUSTOM-CRAWLER,Downloaded CSV batch on 2026-09-12; normalized site was not present in the base workbook | scraping ease: Easy | add as a new scrape target and crawler-creation candidate
uruguay,PENDING,uruguay_yoper_uy,https://www.yoper.com.uy/,yoper.com.uy,FNB_MIXED,1,3,False,150.0,P2 - queue / NEEDS-CUSTOM-CRAWLER,Downloaded CSV batch on 2026-09-12; normalized site was not present in the base workbook | scraping ease: Easy | add as a new scrape target and crawler-creation candidate
uruguay,PENDING,uruguay_preciospc_uy,https://preciospc.uy/,preciospc.uy,FNB_MIXED,1,1,False,150.0,P2 - queue / NEEDS-CUSTOM-CRAWLER,Downloaded CSV batch on 2026-09-12; normalized site was not present in the base workbook | scraping ease: Easy | add as a new scrape target and crawler-creation candidate
estonia,PENDING,Selver,https://www.selver.ee/,selver.ee,FNB_MIXED,1,1,False,152.0,P2 - queue / ACCEPT,"Candidate found in the 2026-08-31 sourcing round, never built. build_tier=C - engineering required; scrapability=3.0; class=Custom"
bolivia,PENDING,bolivia_boliviamall,https://www.boliviamall.com/es/,boliviamall.com,FNB_MIXED,1,2,False,153.0,P2 - queue / NEEDS-CUSTOM-CRAWLER,Downloaded CSV batch on 2026-09-12; normalized site was not present in the base workbook | scraping ease: Easy | add as a new scrape target and crawler-creation candidate
bolivia,PENDING,bolivia_fsa_bo,https://fsa.bo/,fsa.bo,FNB_MIXED,2,3,False,153.0,P2 - queue / NEEDS-CUSTOM-CRAWLER,Downloaded CSV batch on 2026-09-12; normalized site was not present in the base workbook | scraping ease: Easy | add as a new scrape target and crawler-creation candidate
moldova,PENDING,Enter Moldova,https://enter.online/,enter.online,FNB_MIXED,2,4,False,153.0,P2 - queue / Directory/report,"Candidate found in the 2026-08-31 sourcing round, never built. build_tier=C - engineering required; scrapability=nan; class=Electronics/appliances"
costa_rica,PENDING,Fischel,https://www.fischelenlinea.com/,fischelenlinea.com,FNB_MIXED,3,3,False,155.0,P2 - queue / Directory/report,"Candidate found in the 2026-08-31 sourcing round, never built. build_tier=C - engineering required; scrapability=nan; class=Pharmacy"
costa_rica,PENDING,costa_rica_misterprecios,https://misterprecios.com/,misterprecios.com,FNB_MIXED,1,1,False,155.0,P2 - queue / NEEDS-CUSTOM-CRAWLER,Downloaded CSV batch on 2026-09-12; normalized site was not present in the base workbook | scraping ease: Easy | add as a new scrape target and crawler-creation candidate
costa_rica,PENDING,costa_rica_tiendamonge,https://www.tiendamonge.com/,tiendamonge.com,FNB_MIXED,1,5,False,155.0,P2 - queue / NEEDS-CUSTOM-CRAWLER,Downloaded CSV batch on 2026-09-12; normalized site was not present in the base workbook | scraping ease: Easy | add as a new scrape target and crawler-creation candidate
luxembourg,PENDING,Auchan Luxembourg,https://www.auchan.lu/,auchan.lu,FNB_MIXED,1,1,False,155.0,P2 - queue / ACCEPT,"Candidate found in the 2026-08-31 sourcing round, never built. build_tier=C - engineering required; scrapability=3.0; class=Custom"
luxembourg,PENDING,Cactus,https://www.cactus.lu/,cactus.lu,FNB_MIXED,1,1,False,155.0,P2 - queue / ACCEPT,"Candidate found in the 2026-08-31 sourcing round, never built. build_tier=C - engineering required; scrapability=3.0; class=Custom"
luxembourg,PENDING,Delhaize Luxembourg,https://www.delhaize.lu/,delhaize.lu,FNB_MIXED,1,1,False,155.0,P2 - queue / ACCEPT,"Candidate found in the 2026-08-31 sourcing round, never built. build_tier=C - engineering required; scrapability=3.0; class=Custom"
luxembourg,PENDING,Match Luxembourg,https://www.supermarchesmatch.lu/,supermarchesmatch.lu,FNB_MIXED,1,1,False,155.0,P2 - queue / ACCEPT,"Candidate found in the 2026-08-31 sourcing round, never built. build_tier=C - engineering required; scrapability=3.0; class=Custom"
luxembourg,PENDING,Pall Center,https://www.pallcenter.lu/,pallcenter.lu,FNB_MIXED,1,1,False,155.0,P2 - queue / ACCEPT,"Candidate found in the 2026-08-31 sourcing round, never built. build_tier=C - engineering required; scrapability=3.0; class=Custom"
myanmar,PENDING,myanmar_ubuy_mm,https://www.ubuy.com.mm/en/,ubuy.com.mm,FNB_MIXED,2,3,False,159.0,P2 - queue / NEEDS-CUSTOM-CRAWLER,Downloaded CSV batch on 2026-09-12; normalized site was not present in the base workbook | scraping ease: Moderate | add as a new scrape target and crawler-creation candidate
myanmar,PENDING,myanmar_ict_mm,https://ict.com.mm/,ict.com.mm,FNB_MIXED,1,4,False,159.0,P2 - queue / NEEDS-CUSTOM-CRAWLER,Downloaded CSV batch on 2026-09-12; normalized site was not present in the base workbook | scraping ease: Easy | add as a new scrape target and crawler-creation candidate
netherlands,PENDING,Coop NL,https://www.coop.nl/,coop.nl,FNB_MIXED,1,1,False,159.0,P2 - queue / ACCEPT,"Candidate found in the 2026-08-31 sourcing round, never built. build_tier=C - engineering required; scrapability=3.0; class=Custom"
netherlands,PENDING,netherlands_vergelijk_nl,https://www.vergelijk.nl/,vergelijk.nl,FNB_MIXED,1,5,False,159.0,P2 - queue / NEEDS-CUSTOM-CRAWLER,Downloaded CSV batch on 2026-09-12; normalized site was not present in the base workbook | scraping ease: Easy | add as a new scrape target and crawler-creation candidate
netherlands,PENDING,netherlands_prijspuls_nl,https://prijspuls.nl/,prijspuls.nl,FNB_MIXED,1,1,False,159.0,P2 - queue / NEEDS-CUSTOM-CRAWLER,Downloaded CSV batch on 2026-09-12; normalized site was not present in the base workbook | scraping ease: Easy | add as a new scrape target and crawler-creation candidate
netherlands,PENDING,netherlands_scoupz_nl,https://www.scoupz.nl/,scoupz.nl,FNB_MIXED,2,3,False,159.0,P2 - queue / NEEDS-CUSTOM-CRAWLER,Downloaded CSV batch on 2026-09-12; normalized site was not present in the base workbook | scraping ease: Easy | add as a new scrape target and crawler-creation candidate
netherlands,PENDING,netherlands_bigshopper_nl,https://bigshopper.nl/,bigshopper.nl,FNB_MIXED,1,1,False,159.0,P2 - queue / NEEDS-CUSTOM-CRAWLER,Downloaded CSV batch on 2026-09-12; normalized site was not present in the base workbook | scraping ease: Easy | add as a new scrape target and crawler-creation candidate
netherlands,PENDING,netherlands_kaicus,https://www.kaicus.com/nl/,kaicus.com,FNB_MIXED,1,1,False,159.0,P2 - queue / NEEDS-CUSTOM-CRAWLER,Downloaded CSV batch on 2026-09-12; normalized site was not present in the base workbook | scraping ease: Moderate | add as a new scrape target and crawler-creation candidate
netherlands,PENDING,netherlands_prijsfijn_nl,https://prijsfijn.nl/,prijsfijn.nl,FNB_MIXED,2,4,False,159.0,P2 - queue / NEEDS-CUSTOM-CRAWLER,Downloaded CSV batch on 2026-09-12; normalized site was not present in the base workbook | scraping ease: Easy | add as a new scrape target and crawler-creation candidate
indonesia,PENDING,indonesia_indosphera,https://www.indosphera.com/,indosphera.com,FNB_MIXED,3,4,False,160.0,P2 - queue / NEEDS-CUSTOM-CRAWLER,Downloaded CSV batch on 2026-09-12; normalized site was not present in the base workbook | scraping ease: Easy | add as a new scrape target and crawler-creation candidate
malta,PENDING,Welbee's,https://welbees.com.mt/,welbees.com.mt,FNB_MIXED,1,1,False,160.0,P1 - build now / ACCEPT,"Candidate found in the 2026-08-31 sourcing round, never built. build_tier=A - low-hanging fruit; scrapability=5.0; class=WordPress/WooCommerce"
romania,PENDING,Dr.Max Romania,https://www.drmax.ro/,drmax.ro,FNB_MIXED,2,3,False,160.0,P2 - queue / Directory/report,"Candidate found in the 2026-08-31 sourcing round, never built. build_tier=C - engineering required; scrapability=nan; class=Online pharmacy"
romania,PENDING,romania_compariorice_ro,https://compariorice.ro/,compariorice.ro,FNB_MIXED,2,4,False,160.0,P2 - queue / NEEDS-CUSTOM-CRAWLER,Downloaded CSV batch on 2026-09-12; normalized site was not present in the base workbook | scraping ease: Easy | add as a new scrape target and crawler-creation candidate
romania,PENDING,romania_price_ro,https://www.price.ro/,price.ro,FNB_MIXED,2,5,False,160.0,P2 - queue / NEEDS-CUSTOM-CRAWLER,Downloaded CSV batch on 2026-09-12; normalized site was not present in the base workbook | scraping ease: Easy | add as a new scrape target and crawler-creation candidate
romania,PENDING,romania_shopmania_ro,https://www.shopmania.ro/,shopmania.ro,FNB_MIXED,1,6,False,160.0,P2 - queue / NEEDS-CUSTOM-CRAWLER,Downloaded CSV batch on 2026-09-12; normalized site was not present in the base workbook | scraping ease: Easy | add as a new scrape target and crawler-creation candidate
romania,PENDING,romania_istoric_preturi_info,https://www.istoric-preturi.info/,istoric-preturi.info,FNB_MIXED,3,6,False,160.0,P2 - queue / NEEDS-CUSTOM-CRAWLER,Downloaded CSV batch on 2026-09-12; normalized site was not present in the base workbook | scraping ease: Moderate | add as a new scrape target and crawler-creation candidate
united_arab_emirates,PENDING,united_arab_emirates_qimat_ae,https://www.qimat.ae/,qimat.ae,FNB_MIXED,2,7,False,161.0,P2 - queue / NEEDS-CUSTOM-CRAWLER,Downloaded CSV batch on 2026-09-12; normalized site was not present in the base workbook | scraping ease: Easy | add as a new scrape target and crawler-creation candidate
united_arab_emirates,PENDING,united_arab_emirates_ae_pricena,https://ae.pricena.com/en/,ae.pricena.com,FNB_MIXED,1,5,False,161.0,P2 - queue / NEEDS-CUSTOM-CRAWLER,Downloaded CSV batch on 2026-09-12; normalized site was not present in the base workbook | scraping ease: Easy | add as a new scrape target and crawler-creation candidate
united_arab_emirates,PENDING,united_arab_emirates_asaary_ae,https://asaary.ae/,asaary.ae,FNB_MIXED,1,5,False,161.0,P2 - queue / NEEDS-CUSTOM-CRAWLER,Downloaded CSV batch on 2026-09-12; normalized site was not present in the base workbook | scraping ease: Easy | add as a new scrape target and crawler-creation candidate
united_arab_emirates,PENDING,united_arab_emirates_ae_labeb,https://ae.labeb.com/en/price-comparison,ae.labeb.com,FNB_MIXED,2,5,False,161.0,P2 - queue / NEEDS-CUSTOM-CRAWLER,Downloaded CSV batch on 2026-09-12; normalized site was not present in the base workbook | scraping ease: Moderate | add as a new scrape target and crawler-creation candidate
united_arab_emirates,PENDING,united_arab_emirates_ounass_ae,https://www.ounass.ae/,ounass.ae,FNB_MIXED,1,2,False,161.0,P2 - queue / NEEDS-CUSTOM-CRAWLER,Downloaded CSV batch on 2026-09-12; normalized site was not present in the base workbook | scraping ease: Moderate | add as a new scrape target and crawler-creation candidate
india,PENDING,Reliance Digital,https://www.reliancedigital.in/products,reliancedigital.in,FNB_MIXED,2,4,False,164.0,P2 - queue / EVIDENCE-ONLY,From Will's 2026-09-11 South Asia wave. His handover states explicitly that HAVE there means a child task found public price evidence and a plausible scraper path -- NOT that a crawler exists. Recorded as PENDING: it still needs to be implemented and live-tested before ingestion.
india,PENDING,Pepperfry,https://www.pepperfry.com/discover/budget-deals-furniture-home.html,pepperfry.com,FNB_MIXED,2,2,False,164.0,P2 - queue / EVIDENCE-ONLY,From Will's 2026-09-11 South Asia wave. His handover states explicitly that HAVE there means a child task found public price evidence and a plausible scraper path -- NOT that a crawler exists. Recorded as PENDING: it still needs to be implemented and live-tested before ingestion.
india,PENDING,IndiaiStore,https://www.indiaistore.com/,indiaistore.com,FNB_MIXED,1,3,False,164.0,P2 - queue / EVIDENCE-ONLY,From Will's 2026-09-11 South Asia wave. His handover states explicitly that HAVE there means a child task found public price evidence and a plausible scraper path -- NOT that a crawler exists. Recorded as PENDING: it still needs to be implemented and live-tested before ingestion.
india,PENDING,Croma,https://www.croma.com/,croma.com,FNB_MIXED,1,3,False,164.0,P2 - queue / CANDIDATE,From Will's 2026-09-11 South Asia wave. His handover states explicitly that HAVE there means a child task found public price evidence and a plausible scraper path -- NOT that a crawler exists. Recorded as PENDING: it still needs to be implemented and live-tested before ingestion.
india,PENDING,Vijay Sales,https://www.vijaysales.com/,vijaysales.com,FNB_MIXED,1,3,False,164.0,P2 - queue / CANDIDATE,From Will's 2026-09-11 South Asia wave. His handover states explicitly that HAVE there means a child task found public price evidence and a plausible scraper path -- NOT that a crawler exists. Recorded as PENDING: it still needs to be implemented and live-tested before ingestion.
india,PENDING,Myntra,https://www.myntra.com/,myntra.com,FNB_MIXED,3,3,False,164.0,P2 - queue / CANDIDATE,From Will's 2026-09-11 South Asia wave. His handover states explicitly that HAVE there means a child task found public price evidence and a plausible scraper path -- NOT that a crawler exists. Recorded as PENDING: it still needs to be implemented and live-tested before ingestion.
india,PENDING,Netmeds,https://www.netmeds.com/,netmeds.com,FNB_MIXED,1,1,False,164.0,P2 - queue / CANDIDATE,From Will's 2026-09-11 South Asia wave. His handover states explicitly that HAVE there means a child task found public price evidence and a plausible scraper path -- NOT that a crawler exists. Recorded as PENDING: it still needs to be implemented and live-tested before ingestion.
india,PENDING,1mg,https://www.1mg.com/,1mg.com,FNB_MIXED,1,2,False,164.0,P2 - queue / CANDIDATE,From Will's 2026-09-11 South Asia wave. His handover states explicitly that HAVE there means a child task found public price evidence and a plausible scraper path -- NOT that a crawler exists. Recorded as PENDING: it still needs to be implemented and live-tested before ingestion.
india,PENDING,FirstCry,https://www.firstcry.com/,firstcry.com,FNB_MIXED,2,2,False,164.0,P2 - queue / CANDIDATE,From Will's 2026-09-11 South Asia wave. His handover states explicitly that HAVE there means a child task found public price evidence and a plausible scraper path -- NOT that a crawler exists. Recorded as PENDING: it still needs to be implemented and live-tested before ingestion.
india,PENDING,Airtel prepaid plans,https://www.airtel.in/recharge-online,airtel.in,FNB_MIXED,1,2,False,164.0,P2 - queue / CANDIDATE,From Will's 2026-09-11 South Asia wave. His handover states explicitly that HAVE there means a child task found public price evidence and a plausible scraper path -- NOT that a crawler exists. Recorded as PENDING: it still needs to be implemented and live-tested before ingestion.
india,PENDING,Jio prepaid plans,https://www.jio.com/selfcare/plans/mobility/prepaid-plans-list/,jio.com,FNB_MIXED,1,2,False,164.0,P2 - queue / CANDIDATE,From Will's 2026-09-11 South Asia wave. His handover states explicitly that HAVE there means a child task found public price evidence and a plausible scraper path -- NOT that a crawler exists. Recorded as PENDING: it still needs to be implemented and live-tested before ingestion.
india,PENDING,PharmEasy Crocin category,https://pharmeasy.in/health-care/crocin-1641,pharmeasy.in,FNB_MIXED,1,1,False,164.0,P2 - queue / EVIDENCE-ONLY,From Will's 2026-09-11 South Asia wave. His handover states explicitly that HAVE there means a child task found public price evidence and a plausible scraper path -- NOT that a crawler exists. Recorded as PENDING: it still needs to be implemented and live-tested before ingestion.
india,PENDING,Apollo Pharmacy,https://www.apollopharmacy.in/,apollopharmacy.in,FNB_MIXED,1,2,False,164.0,P2 - queue / EVIDENCE-ONLY,From Will's 2026-09-11 South Asia wave. His handover states explicitly that HAVE there means a child task found public price evidence and a plausible scraper path -- NOT that a crawler exists. Recorded as PENDING: it still needs to be implemented and live-tested before ingestion.
india,PENDING,Davaio,https://www.davaio.com/,davaio.com,FNB_MIXED,1,3,False,164.0,P2 - queue / CANDIDATE,From Will's 2026-09-11 South Asia wave. His handover states explicitly that HAVE there means a child task found public price evidence and a plausible scraper path -- NOT that a crawler exists. Recorded as PENDING: it still needs to be implemented and live-tested before ingestion.
india,PENDING,VedaRx,https://www.vedarx.in/drug-prices.html,vedarx.in,FNB_MIXED,1,1,False,164.0,P2 - queue / CANDIDATE,From Will's 2026-09-11 South Asia wave. His handover states explicitly that HAVE there means a child task found public price evidence and a plausible scraper path -- NOT that a crawler exists. Recorded as PENDING: it still needs to be implemented and live-tested before ingestion.
india,PENDING,IndustryBuying,https://www.industrybuying.com/offers,industrybuying.com,FNB_MIXED,1,2,False,164.0,P2 - queue / EVIDENCE-ONLY,From Will's 2026-09-11 South Asia wave. His handover states explicitly that HAVE there means a child task found public price evidence and a plausible scraper path -- NOT that a crawler exists. Recorded as PENDING: it still needs to be implemented and live-tested before ingestion.
india,PENDING,Boodmo,https://boodmo.com/catalog/3456-universal/m91-chevrolet/,boodmo.com,FNB_MIXED,4,4,False,164.0,P2 - queue / CANDIDATE,From Will's 2026-09-11 South Asia wave. His handover states explicitly that HAVE there means a child task found public price evidence and a plausible scraper path -- NOT that a crawler exists. Recorded as PENDING: it still needs to be implemented and live-tested before ingestion.
india,PENDING,Bookswagon,https://www.bookswagon.com/,bookswagon.com,FNB_MIXED,2,2,False,164.0,P2 - queue / CANDIDATE,From Will's 2026-09-11 South Asia wave. His handover states explicitly that HAVE there means a child task found public price evidence and a plausible scraper path -- NOT that a crawler exists. Recorded as PENDING: it still needs to be implemented and live-tested before ingestion.
ireland,PENDING,Aldi Ireland,https://groceries.aldi.ie/,groceries.aldi.ie,FNB_MIXED,1,1,False,165.0,P3 - backlog / SUSPECT,"Candidate found in the 2026-08-31 sourcing round, never built. build_tier=D - hard / app / index only; scrapability=2.0; class=Custom/Enterprise"
ireland,PENDING,Tesco Ireland,https://www.tesco.ie/groceries/,tesco.ie,FNB_MIXED,1,1,False,165.0,P3 - backlog / SUSPECT,"Candidate found in the 2026-08-31 sourcing round, never built. build_tier=D - hard / app / index only; scrapability=2.0; class=Custom/Enterprise"
ireland,PENDING,ireland_nicheskinscent,https://nicheskinscent.com/shop/?orderby=price,nicheskinscent.com,FNB_MIXED,1,1,False,165.0,P2 - queue / NEEDS-CUSTOM-CRAWLER,Downloaded CSV batch on 2026-09-12; normalized site was not present in the base workbook | scraping ease: Easy | add as a new scrape target and crawler-creation candidate
ireland,PENDING,ireland_pricespy_ie,https://pricespy.ie/,pricespy.ie,FNB_MIXED,1,3,False,165.0,P2 - queue / NEEDS-CUSTOM-CRAWLER,Downloaded CSV batch on 2026-09-12; normalized site was not present in the base workbook | scraping ease: Easy | add as a new scrape target and crawler-creation candidate
paraguay,PENDING,Nissei,https://nissei.com/,nissei.com,FNB_MIXED,3,3,False,165.0,P2 - queue / Directory/report,"Candidate found in the 2026-08-31 sourcing round, never built. build_tier=C - engineering required; scrapability=nan; class=Electronics/cross-border retail"
paraguay,PENDING,paraguay_marketland_py,https://marketland.com.py/,marketland.com.py,FNB_MIXED,2,5,False,165.0,P2 - queue / NEEDS-CUSTOM-CRAWLER,Downloaded CSV batch on 2026-09-12; normalized site was not present in the base workbook | scraping ease: Easy | add as a new scrape target and crawler-creation candidate
paraguay,PENDING,paraguay_comprasparaguay_ar,https://comprasparaguay.com.ar/,comprasparaguay.com.ar,FNB_MIXED,2,3,False,165.0,P2 - queue / NEEDS-CUSTOM-CRAWLER,Downloaded CSV batch on 2026-09-12; normalized site was not present in the base workbook | scraping ease: Easy | add as a new scrape target and crawler-creation candidate
paraguay,PENDING,paraguay_comprasaqui,https://comprasaqui.com/es,comprasaqui.com,FNB_MIXED,1,3,False,165.0,P2 - queue / NEEDS-CUSTOM-CRAWLER,Downloaded CSV batch on 2026-09-12; normalized site was not present in the base workbook | scraping ease: Easy | add as a new scrape target and crawler-creation candidate
paraguay,PENDING,paraguay_tupi_py,https://www.tupi.com.py/,tupi.com.py,FNB_MIXED,3,6,False,165.0,P2 - queue / NEEDS-CUSTOM-CRAWLER,Downloaded CSV batch on 2026-09-12; normalized site was not present in the base workbook | scraping ease: Easy | add as a new scrape target and crawler-creation candidate
paraguay,PENDING,paraguay_mitrato_py,https://mitrato.com.py/,mitrato.com.py,FNB_MIXED,2,3,False,165.0,P2 - queue / NEEDS-CUSTOM-CRAWLER,Downloaded CSV batch on 2026-09-12; normalized site was not present in the base workbook | scraping ease: Moderate | add as a new scrape target and crawler-creation candidate
sri_lanka,PENDING,PriceToday.lk,https://pricetoday.lk/,pricetoday.lk,FNB_MIXED,4,7,False,166.0,P2 - queue / CANDIDATE,From Will's 2026-09-11 South Asia wave. His handover states explicitly that HAVE there means a child task found public price evidence and a plausible scraper path -- NOT that a crawler exists. Recorded as PENDING: it still needs to be implemented and live-tested before ingestion.
sri_lanka,PENDING,Union Chemists Pharmacy,https://unionchemistspharmacy.lk/shop/,unionchemistspharmacy.lk,FNB_MIXED,1,3,False,166.0,P2 - queue / EVIDENCE-ONLY,From Will's 2026-09-11 South Asia wave. His handover states explicitly that HAVE there means a child task found public price evidence and a plausible scraper path -- NOT that a crawler exists. Recorded as PENDING: it still needs to be implemented and live-tested before ingestion.
sri_lanka,PENDING,Carelink.lk,https://carelink.lk/,carelink.lk,FNB_MIXED,1,2,False,166.0,P2 - queue / EVIDENCE-ONLY,From Will's 2026-09-11 South Asia wave. His handover states explicitly that HAVE there means a child task found public price evidence and a plausible scraper path -- NOT that a crawler exists. Recorded as PENDING: it still needs to be implemented and live-tested before ingestion.
sri_lanka,PENDING,Beyond Health,https://www.beyondhealth.lk/,beyondhealth.lk,FNB_MIXED,1,3,False,166.0,P2 - queue / EVIDENCE-ONLY,From Will's 2026-09-11 South Asia wave. His handover states explicitly that HAVE there means a child task found public price evidence and a plausible scraper path -- NOT that a crawler exists. Recorded as PENDING: it still needs to be implemented and live-tested before ingestion.
sri_lanka,PENDING,Trolleyz.lk,https://trolleyz.lk/,trolleyz.lk,FNB_MIXED,4,7,False,166.0,P2 - queue / EVIDENCE-ONLY,From Will's 2026-09-11 South Asia wave. His handover states explicitly that HAVE there means a child task found public price evidence and a plausible scraper path -- NOT that a crawler exists. Recorded as PENDING: it still needs to be implemented and live-tested before ingestion.
sri_lanka,PENDING,AGC The Concept Store,https://agc.lk/collections/furniture,agc.lk,FNB_MIXED,1,3,False,166.0,P2 - queue / EVIDENCE-ONLY,From Will's 2026-09-11 South Asia wave. His handover states explicitly that HAVE there means a child task found public price evidence and a plausible scraper path -- NOT that a crawler exists. Recorded as PENDING: it still needs to be implemented and live-tested before ingestion.
sri_lanka,PENDING,HardwareMart.lk,https://hardwaremart.lk/shop/,hardwaremart.lk,FNB_MIXED,2,2,False,166.0,P2 - queue / EVIDENCE-ONLY,From Will's 2026-09-11 South Asia wave. His handover states explicitly that HAVE there means a child task found public price evidence and a plausible scraper path -- NOT that a crawler exists. Recorded as PENDING: it still needs to be implemented and live-tested before ingestion.
sri_lanka,PENDING,Hardwares.lk,https://www.hardwares.lk/,hardwares.lk,FNB_MIXED,2,3,False,166.0,P2 - queue / EVIDENCE-ONLY,From Will's 2026-09-11 South Asia wave. His handover states explicitly that HAVE there means a child task found public price evidence and a plausible scraper path -- NOT that a crawler exists. Recorded as PENDING: it still needs to be implemented and live-tested before ingestion.
sri_lanka,PENDING,St. Anthony's Homemart,https://www.homemart.lk/,homemart.lk,FNB_MIXED,5,5,False,166.0,P2 - queue / EVIDENCE-ONLY,From Will's 2026-09-11 South Asia wave. His handover states explicitly that HAVE there means a child task found public price evidence and a plausible scraper path -- NOT that a crawler exists. Recorded as PENDING: it still needs to be implemented and live-tested before ingestion.
sri_lanka,PENDING,Elecshop.lk,https://elecshop.lk/,elecshop.lk,FNB_MIXED,3,4,False,166.0,P2 - queue / EVIDENCE-ONLY,From Will's 2026-09-11 South Asia wave. His handover states explicitly that HAVE there means a child task found public price evidence and a plausible scraper path -- NOT that a crawler exists. Recorded as PENDING: it still needs to be implemented and live-tested before ingestion.
sri_lanka,PENDING,IT Planet,https://itplanet.lk/,itplanet.lk,FNB_MIXED,1,3,False,166.0,P2 - queue / EVIDENCE-ONLY,From Will's 2026-09-11 South Asia wave. His handover states explicitly that HAVE there means a child task found public price evidence and a plausible scraper path -- NOT that a crawler exists. Recorded as PENDING: it still needs to be implemented and live-tested before ingestion.
sri_lanka,PENDING,BestPrice.lk,https://www.bestpricelk.com/,bestpricelk.com,FNB_MIXED,1,1,False,166.0,P2 - queue / CANDIDATE,From Will's 2026-09-11 South Asia wave. His handover states explicitly that HAVE there means a child task found public price evidence and a plausible scraper path -- NOT that a crawler exists. Recorded as PENDING: it still needs to be implemented and live-tested before ingestion.
sri_lanka,PENDING,BookBooks.lk,https://bookbooks.lk/shop/,bookbooks.lk,FNB_MIXED,2,2,False,166.0,P2 - queue / EVIDENCE-ONLY,From Will's 2026-09-11 South Asia wave. His handover states explicitly that HAVE there means a child task found public price evidence and a plausible scraper path -- NOT that a crawler exists. Recorded as PENDING: it still needs to be implemented and live-tested before ingestion.
sri_lanka,PENDING,Book Pack,https://bookpack.lk/,bookpack.lk,FNB_MIXED,2,2,False,166.0,P2 - queue / EVIDENCE-ONLY,From Will's 2026-09-11 South Asia wave. His handover states explicitly that HAVE there means a child task found public price evidence and a plausible scraper path -- NOT that a crawler exists. Recorded as PENDING: it still needs to be implemented and live-tested before ingestion.
sri_lanka,PENDING,CIB Online books/stationery,https://cibonline.lk/kids-books-stationery/,cibonline.lk,FNB_MIXED,1,3,False,166.0,P2 - queue / EVIDENCE-ONLY,From Will's 2026-09-11 South Asia wave. His handover states explicitly that HAVE there means a child task found public price evidence and a plausible scraper path -- NOT that a crawler exists. Recorded as PENDING: it still needs to be implemented and live-tested before ingestion.
sri_lanka,PENDING,LOL.lk stationery,https://lol.lk/product-category/stationery-school-supplies/books/,lol.lk,FNB_MIXED,1,2,False,166.0,P2 - queue / EVIDENCE-ONLY,From Will's 2026-09-11 South Asia wave. His handover states explicitly that HAVE there means a child task found public price evidence and a plausible scraper path -- NOT that a crawler exists. Recorded as PENDING: it still needs to be implemented and live-tested before ingestion.
sri_lanka,PENDING,Leema Creations,https://leemacreations.com/online-store/,leemacreations.com,FNB_MIXED,1,1,False,166.0,P2 - queue / EVIDENCE-ONLY,From Will's 2026-09-11 South Asia wave. His handover states explicitly that HAVE there means a child task found public price evidence and a plausible scraper path -- NOT that a crawler exists. Recorded as PENDING: it still needs to be implemented and live-tested before ingestion.
sri_lanka,PENDING,BuySMT,https://www.buysmt.lk/Home--Office-Furniture,buysmt.lk,FNB_MIXED,1,1,False,166.0,P2 - queue / EVIDENCE-ONLY,From Will's 2026-09-11 South Asia wave. His handover states explicitly that HAVE there means a child task found public price evidence and a plausible scraper path -- NOT that a crawler exists. Recorded as PENDING: it still needs to be implemented and live-tested before ingestion.
sri_lanka,PENDING,Panther.lk,https://panther.lk/product-category/stationery-and-toys-discount-sri-lanka/,panther.lk,FNB_MIXED,1,4,False,166.0,P2 - queue / EVIDENCE-ONLY,From Will's 2026-09-11 South Asia wave. His handover states explicitly that HAVE there means a child task found public price evidence and a plausible scraper path -- NOT that a crawler exists. Recorded as PENDING: it still needs to be implemented and live-tested before ingestion.
sri_lanka,PENDING,EVIVE,https://evive.lk/,evive.lk,FNB_MIXED,2,2,False,166.0,P2 - queue / EVIDENCE-ONLY,From Will's 2026-09-11 South Asia wave. His handover states explicitly that HAVE there means a child task found public price evidence and a plausible scraper path -- NOT that a crawler exists. Recorded as PENDING: it still needs to be implemented and live-tested before ingestion.
sri_lanka,PENDING,Cuddly Cotton,https://www.cuddlycottonlk.com/,cuddlycottonlk.com,FNB_MIXED,1,1,False,166.0,P2 - queue / EVIDENCE-ONLY,From Will's 2026-09-11 South Asia wave. His handover states explicitly that HAVE there means a child task found public price evidence and a plausible scraper path -- NOT that a crawler exists. Recorded as PENDING: it still needs to be implemented and live-tested before ingestion.
sri_lanka,PENDING,Lurreli,https://lurreli.lk/,lurreli.lk,FNB_MIXED,1,2,False,166.0,P2 - queue / EVIDENCE-ONLY,From Will's 2026-09-11 South Asia wave. His handover states explicitly that HAVE there means a child task found public price evidence and a plausible scraper path -- NOT that a crawler exists. Recorded as PENDING: it still needs to be implemented and live-tested before ingestion.
sri_lanka,PENDING,Wear.lk,https://www.wear.lk/,wear.lk,FNB_MIXED,1,2,False,166.0,P2 - queue / EVIDENCE-ONLY,From Will's 2026-09-11 South Asia wave. His handover states explicitly that HAVE there means a child task found public price evidence and a plausible scraper path -- NOT that a crawler exists. Recorded as PENDING: it still needs to be implemented and live-tested before ingestion.
sri_lanka,PENDING,Mirror Mirror Global,https://mirrormirrorglobal.com/womens-clothing,mirrormirrorglobal.com,FNB_MIXED,1,2,False,166.0,P2 - queue / EVIDENCE-ONLY,From Will's 2026-09-11 South Asia wave. His handover states explicitly that HAVE there means a child task found public price evidence and a plausible scraper path -- NOT that a crawler exists. Recorded as PENDING: it still needs to be implemented and live-tested before ingestion.
sri_lanka,PENDING,Apparel.lk,https://apparel.lk/,apparel.lk,FNB_MIXED,2,2,False,166.0,P2 - queue / CANDIDATE,From Will's 2026-09-11 South Asia wave. His handover states explicitly that HAVE there means a child task found public price evidence and a plausible scraper path -- NOT that a crawler exists. Recorded as PENDING: it still needs to be implemented and live-tested before ingestion.
sri_lanka,PENDING,Spare Parts Market,https://sparepartsmarket.lk/shop/,sparepartsmarket.lk,FNB_MIXED,3,5,False,166.0,P2 - queue / EVIDENCE-ONLY,From Will's 2026-09-11 South Asia wave. His handover states explicitly that HAVE there means a child task found public price evidence and a plausible scraper path -- NOT that a crawler exists. Recorded as PENDING: it still needs to be implemented and live-tested before ingestion.
sri_lanka,PENDING,Sumana Motor Stores,https://sumanamotorstores.com/,sumanamotorstores.com,FNB_MIXED,2,3,False,166.0,P2 - queue / EVIDENCE-ONLY,From Will's 2026-09-11 South Asia wave. His handover states explicitly that HAVE there means a child task found public price evidence and a plausible scraper path -- NOT that a crawler exists. Recorded as PENDING: it still needs to be implemented and live-tested before ingestion.
sri_lanka,PENDING,Dialog Mobile Plans,https://dialog.lk/mobile?language=en,dialog.lk,FNB_MIXED,1,4,False,166.0,P2 - queue / EVIDENCE-ONLY,From Will's 2026-09-11 South Asia wave. His handover states explicitly that HAVE there means a child task found public price evidence and a plausible scraper path -- NOT that a crawler exists. Recorded as PENDING: it still needs to be implemented and live-tested before ingestion.
sri_lanka,PENDING,Mobitel Prepaid Plans,https://www.mobitel.lk/node/7459,mobitel.lk,FNB_MIXED,1,1,False,166.0,P2 - queue / EVIDENCE-ONLY,From Will's 2026-09-11 South Asia wave. His handover states explicitly that HAVE there means a child task found public price evidence and a plausible scraper path -- NOT that a crawler exists. Recorded as PENDING: it still needs to be implemented and live-tested before ingestion.
sri_lanka,PENDING,Nesh Kids Store,https://www.nesh.lk/,nesh.lk,FNB_MIXED,1,2,False,166.0,P2 - queue / EVIDENCE-ONLY,From Will's 2026-09-11 South Asia wave. His handover states explicitly that HAVE there means a child task found public price evidence and a plausible scraper path -- NOT that a crawler exists. Recorded as PENDING: it still needs to be implemented and live-tested before ingestion.
sri_lanka,PENDING,Cosmetics.lk,https://cosmetics.lk/,cosmetics.lk,FNB_MIXED,1,2,False,166.0,P2 - queue / EVIDENCE-ONLY,From Will's 2026-09-11 South Asia wave. His handover states explicitly that HAVE there means a child task found public price evidence and a plausible scraper path -- NOT that a crawler exists. Recorded as PENDING: it still needs to be implemented and live-tested before ingestion.
sri_lanka,PENDING,Cosmetics Lanka,https://cosmeticslanka.lk/,cosmeticslanka.lk,FNB_MIXED,1,2,False,166.0,P2 - queue / EVIDENCE-ONLY,From Will's 2026-09-11 South Asia wave. His handover states explicitly that HAVE there means a child task found public price evidence and a plausible scraper path -- NOT that a crawler exists. Recorded as PENDING: it still needs to be implemented and live-tested before ingestion.
sri_lanka,PENDING,Prime Home,https://primehome.lk/product/tabletop-drum-grater/,primehome.lk,FNB_MIXED,1,1,False,166.0,P2 - queue / EVIDENCE-ONLY,From Will's 2026-09-11 South Asia wave. His handover states explicitly that HAVE there means a child task found public price evidence and a plausible scraper path -- NOT that a crawler exists. Recorded as PENDING: it still needs to be implemented and live-tested before ingestion.
sri_lanka,PENDING,sri_lanka_daraz_lk,https://www.daraz.lk/,daraz.lk,FNB_MIXED,2,5,False,166.0,P2 - queue / NEEDS-CUSTOM-CRAWLER,Downloaded CSV batch on 2026-09-12; normalized site was not present in the base workbook | scraping ease: Easy | add as a new scrape target and crawler-creation candidate
sri_lanka,PENDING,sri_lanka_pricetruth_lk,https://www.pricetruth.lk/,pricetruth.lk,FNB_MIXED,1,2,False,166.0,P2 - queue / NEEDS-CUSTOM-CRAWLER,Downloaded CSV batch on 2026-09-12; normalized site was not present in the base workbook | scraping ease: Easy | add as a new scrape target and crawler-creation candidate
sri_lanka,PENDING,sri_lanka_eshop_lk,https://www.eshop.lk/,eshop.lk,FNB_MIXED,1,4,False,166.0,P2 - queue / NEEDS-CUSTOM-CRAWLER,Downloaded CSV batch on 2026-09-12; normalized site was not present in the base workbook | scraping ease: Easy | add as a new scrape target and crawler-creation candidate
united_kingdom,PENDING,Argos,https://www.argos.co.uk/,argos.co.uk,FNB_MIXED,2,2,False,166.0,P2 - queue / Directory/report,"Candidate found in the 2026-08-31 sourcing round, never built. build_tier=C - engineering required; scrapability=nan; class=General/big-box"
united_kingdom,PENDING,B&Q,https://www.diy.com/,diy.com,FNB_MIXED,2,3,False,166.0,P2 - queue / Directory/report,"Candidate found in the 2026-08-31 sourcing round, never built. build_tier=C - engineering required; scrapability=nan; class=Hardware/home improvement"
united_kingdom,PENDING,Boots,https://www.boots.com/,boots.com,FNB_MIXED,2,3,False,166.0,P2 - queue / Directory/report,"Candidate found in the 2026-08-31 sourcing round, never built. build_tier=C - engineering required; scrapability=nan; class=Pharmacy/health"
united_kingdom,PENDING,united_kingdom_idealo_uk,https://www.idealo.co.uk/,idealo.co.uk,FNB_MIXED,2,7,False,166.0,P2 - queue / NEEDS-CUSTOM-CRAWLER,Downloaded CSV batch on 2026-09-12; normalized site was not present in the base workbook | scraping ease: Easy | add as a new scrape target and crawler-creation candidate
united_kingdom,PENDING,united_kingdom_pricerunner,https://www.pricerunner.com/,pricerunner.com,FNB_MIXED,1,2,False,166.0,P2 - queue / NEEDS-CUSTOM-CRAWLER,Downloaded CSV batch on 2026-09-12; normalized site was not present in the base workbook | scraping ease: Easy | add as a new scrape target and crawler-creation candidate
united_kingdom,PENDING,united_kingdom_compareaprice_uk,https://www.compareaprice.co.uk/,compareaprice.co.uk,FNB_MIXED,1,1,False,166.0,P2 - queue / NEEDS-CUSTOM-CRAWLER,Downloaded CSV batch on 2026-09-12; normalized site was not present in the base workbook | scraping ease: Easy | add as a new scrape target and crawler-creation candidate
cyprus,PENDING,Papantoniou,https://www.papantoniou.com.cy/,papantoniou.com.cy,FNB_MIXED,1,1,False,167.0,P2 - queue / ACCEPT,"Candidate found in the 2026-08-31 sourcing round, never built. build_tier=C - engineering required; scrapability=3.0; class=Custom"
ecuador,PENDING,ecuador_tiendaecuador_ec,https://tiendaecuador.ec/,tiendaecuador.ec,FNB_MIXED,1,2,False,169.0,P2 - queue / NEEDS-CUSTOM-CRAWLER,Downloaded CSV batch on 2026-09-12; normalized site was not present in the base workbook | scraping ease: Moderate | add as a new scrape target and crawler-creation candidate
ecuador,PENDING,ecuador_shopby_ec,https://shopby.com.ec/,shopby.com.ec,FNB_MIXED,3,5,False,169.0,P2 - queue / NEEDS-CUSTOM-CRAWLER,Downloaded CSV batch on 2026-09-12; normalized site was not present in the base workbook | scraping ease: Easy | add as a new scrape target and crawler-creation candidate
ecuador,PENDING,ecuador_baratazo,https://www.baratazo.com/,baratazo.com,FNB_MIXED,2,3,False,169.0,P2 - queue / NEEDS-CUSTOM-CRAWLER,Downloaded CSV batch on 2026-09-12; normalized site was not present in the base workbook | scraping ease: Easy | add as a new scrape target and crawler-creation candidate
ecuador,PENDING,ecuador_tecnomarket_ec,https://tecnomarket.ec/,tecnomarket.ec,FNB_MIXED,3,3,False,169.0,P2 - queue / NEEDS-CUSTOM-CRAWLER,Downloaded CSV batch on 2026-09-12; normalized site was not present in the base workbook | scraping ease: Easy | add as a new scrape target and crawler-creation candidate
denmark,PENDING,Coop.dk MAD,https://mad.coop.dk/,mad.coop.dk,FNB_MIXED,1,1,False,170.0,P2 - queue / ACCEPT,"Candidate found in the 2026-08-31 sourcing round, never built. build_tier=C - engineering required; scrapability=3.0; class=Custom"
denmark,PENDING,denmark_danishpipeshop,https://www.danishpipeshop.com/l/Tobacco,danishpipeshop.com,FNB_MIXED,1,1,False,170.0,P2 - queue / NEEDS-CUSTOM-CRAWLER,Downloaded CSV batch on 2026-09-12; normalized site was not present in the base workbook | scraping ease: Easy | pricing visible: Yes | add as a new scrape target and crawler-creation candidate
mauritius,PENDING,mauritius_maulux_mu,https://maulux.mu/,maulux.mu,FNB_MIXED,1,1,False,170.0,P2 - queue / NEEDS-CUSTOM-CRAWLER,Downloaded CSV batch on 2026-09-12; normalized site was not present in the base workbook | scraping ease: Moderate | add as a new scrape target and crawler-creation candidate
mauritius,PENDING,mauritius_eshops_mu,https://www.eshops.mu/,eshops.mu,FNB_MIXED,1,5,False,170.0,P2 - queue / NEEDS-CUSTOM-CRAWLER,Downloaded CSV batch on 2026-09-12; normalized site was not present in the base workbook | scraping ease: Moderate | add as a new scrape target and crawler-creation candidate
mauritius,PENDING,mauritius_ubuy_mu,https://www.ubuy.mu/en/,ubuy.mu,FNB_MIXED,2,3,False,170.0,P2 - queue / NEEDS-CUSTOM-CRAWLER,Downloaded CSV batch on 2026-09-12; normalized site was not present in the base workbook | scraping ease: Moderate | add as a new scrape target and crawler-creation candidate
mauritius,PENDING,mauritius_priceguru_mu,https://priceguru.mu/,priceguru.mu,FNB_MIXED,1,6,False,170.0,P2 - queue / NEEDS-CUSTOM-CRAWLER,Downloaded CSV batch on 2026-09-12; normalized site was not present in the base workbook | scraping ease: Easy | add as a new scrape target and crawler-creation candidate
bahrain,PENDING,bahrain_alibaksh,https://alibaksh.com/,alibaksh.com,FNB_MIXED,1,2,False,171.0,P2 - queue / NEEDS-CUSTOM-CRAWLER,Downloaded CSV batch on 2026-09-12; normalized site was not present in the base workbook | scraping ease: Easy | add as a new scrape target and crawler-creation candidate
bahrain,PENDING,bahrain_bahrain_ounass,https://bahrain.ounass.com/women/beauty/edits/niche-fragrances,bahrain.ounass.com,FNB_MIXED,1,2,False,171.0,P2 - queue / NEEDS-CUSTOM-CRAWLER,Downloaded CSV batch on 2026-09-12; normalized site was not present in the base workbook | scraping ease: Easy | add as a new scrape target and crawler-creation candidate
bahrain,PENDING,bahrain_ubuy_bh,https://www.ubuy.com.bh/en/,ubuy.com.bh,FNB_MIXED,3,3,False,171.0,P2 - queue / NEEDS-CUSTOM-CRAWLER,Downloaded CSV batch on 2026-09-12; normalized site was not present in the base workbook | scraping ease: Moderate | add as a new scrape target and crawler-creation candidate
pakistan,PENDING,HomeShopping,https://www.homeshopping.pk/,homeshopping.pk,FNB_MIXED,2,2,False,172.0,P2 - queue / Directory/report,"Candidate found in the 2026-08-31 sourcing round, never built. build_tier=C - engineering required; scrapability=nan; class=General/electronics retail"
pakistan,PENDING,DRAP PharmaPrice Index,https://e.dra.gov.pk/public/price,e.dra.gov.pk,FNB_MIXED,1,2,False,172.0,P2 - queue / EVIDENCE-ONLY,From Will's 2026-09-11 South Asia wave. His handover states explicitly that HAVE there means a child task found public price evidence and a plausible scraper path -- NOT that a crawler exists. Recorded as PENDING: it still needs to be implemented and live-tested before ingestion.
pakistan,PENDING,HelloDr Medicines,https://hellodr.pk/medicines,hellodr.pk,FNB_MIXED,2,2,False,172.0,P2 - queue / EVIDENCE-ONLY,From Will's 2026-09-11 South Asia wave. His handover states explicitly that HAVE there means a child task found public price evidence and a plausible scraper path -- NOT that a crawler exists. Recorded as PENDING: it still needs to be implemented and live-tested before ingestion.
pakistan,PENDING,Shopaholic.pk Pharmacy,https://www.shopaholic.pk/collections/pharmacy,shopaholic.pk,FNB_MIXED,1,2,False,172.0,P2 - queue / EVIDENCE-ONLY,From Will's 2026-09-11 South Asia wave. His handover states explicitly that HAVE there means a child task found public price evidence and a plausible scraper path -- NOT that a crawler exists. Recorded as PENDING: it still needs to be implemented and live-tested before ingestion.
pakistan,PENDING,Eastcom Technologies,https://eastcomtechnologies.com/shop/,eastcomtechnologies.com,FNB_MIXED,2,6,False,172.0,P2 - queue / EVIDENCE-ONLY,From Will's 2026-09-11 South Asia wave. His handover states explicitly that HAVE there means a child task found public price evidence and a plausible scraper path -- NOT that a crawler exists. Recorded as PENDING: it still needs to be implemented and live-tested before ingestion.
pakistan,PENDING,Azan Electronics,https://azanelectronics.com/,azanelectronics.com,FNB_MIXED,1,2,False,172.0,P2 - queue / EVIDENCE-ONLY,From Will's 2026-09-11 South Asia wave. His handover states explicitly that HAVE there means a child task found public price evidence and a plausible scraper path -- NOT that a crawler exists. Recorded as PENDING: it still needs to be implemented and live-tested before ingestion.
pakistan,PENDING,Surmawala,https://www.surmawala.pk/,surmawala.pk,FNB_MIXED,2,8,False,172.0,P2 - queue / EVIDENCE-ONLY,From Will's 2026-09-11 South Asia wave. His handover states explicitly that HAVE there means a child task found public price evidence and a plausible scraper path -- NOT that a crawler exists. Recorded as PENDING: it still needs to be implemented and live-tested before ingestion.
pakistan,PENDING,Electronics.pk,https://electronics.pk/,electronics.pk,FNB_MIXED,1,2,False,172.0,P2 - queue / EVIDENCE-ONLY,From Will's 2026-09-11 South Asia wave. His handover states explicitly that HAVE there means a child task found public price evidence and a plausible scraper path -- NOT that a crawler exists. Recorded as PENDING: it still needs to be implemented and live-tested before ingestion.
pakistan,PENDING,Prince Book Centre,https://princebookcentre.com/collections/stationary,princebookcentre.com,FNB_MIXED,1,3,False,172.0,P2 - queue / EVIDENCE-ONLY,From Will's 2026-09-11 South Asia wave. His handover states explicitly that HAVE there means a child task found public price evidence and a plausible scraper path -- NOT that a crawler exists. Recorded as PENDING: it still needs to be implemented and live-tested before ingestion.
pakistan,PENDING,BookShop.com.pk,https://bookshop.com.pk/,bookshop.com.pk,FNB_MIXED,1,2,False,172.0,P2 - queue / EVIDENCE-ONLY,From Will's 2026-09-11 South Asia wave. His handover states explicitly that HAVE there means a child task found public price evidence and a plausible scraper path -- NOT that a crawler exists. Recorded as PENDING: it still needs to be implemented and live-tested before ingestion.
pakistan,PENDING,Pak Online Books,https://pakonlinebooks.com/category/stationery/,pakonlinebooks.com,FNB_MIXED,1,1,False,172.0,P2 - queue / EVIDENCE-ONLY,From Will's 2026-09-11 South Asia wave. His handover states explicitly that HAVE there means a child task found public price evidence and a plausible scraper path -- NOT that a crawler exists. Recorded as PENDING: it still needs to be implemented and live-tested before ingestion.
pakistan,PENDING,Awami Book Center,https://www.awamibookcenter.com/,awamibookcenter.com,FNB_MIXED,1,1,False,172.0,P2 - queue / EVIDENCE-ONLY,From Will's 2026-09-11 South Asia wave. His handover states explicitly that HAVE there means a child task found public price evidence and a plausible scraper path -- NOT that a crawler exists. Recorded as PENDING: it still needs to be implemented and live-tested before ingestion.
pakistan,PENDING,HS Wear,https://hswear.store/,hswear.store,FNB_MIXED,2,2,False,172.0,P2 - queue / EVIDENCE-ONLY,From Will's 2026-09-11 South Asia wave. His handover states explicitly that HAVE there means a child task found public price evidence and a plausible scraper path -- NOT that a crawler exists. Recorded as PENDING: it still needs to be implemented and live-tested before ingestion.
pakistan,PENDING,Alfalah Furniture,https://alfalahfurniture.pk/products,alfalahfurniture.pk,FNB_MIXED,1,3,False,172.0,P2 - queue / EVIDENCE-ONLY,From Will's 2026-09-11 South Asia wave. His handover states explicitly that HAVE there means a child task found public price evidence and a plausible scraper path -- NOT that a crawler exists. Recorded as PENDING: it still needs to be implemented and live-tested before ingestion.
pakistan,PENDING,Home Factree,https://homefactree.com/shop/,homefactree.com,FNB_MIXED,1,1,False,172.0,P2 - queue / EVIDENCE-ONLY,From Will's 2026-09-11 South Asia wave. His handover states explicitly that HAVE there means a child task found public price evidence and a plausible scraper path -- NOT that a crawler exists. Recorded as PENDING: it still needs to be implemented and live-tested before ingestion.
pakistan,PENDING,Themes.pk Furniture,https://themes.pk/shop/furniture/,themes.pk,FNB_MIXED,1,2,False,172.0,P2 - queue / EVIDENCE-ONLY,From Will's 2026-09-11 South Asia wave. His handover states explicitly that HAVE there means a child task found public price evidence and a plausible scraper path -- NOT that a crawler exists. Recorded as PENDING: it still needs to be implemented and live-tested before ingestion.
pakistan,PENDING,Jazz Prepaid Packages,https://jazz.com.pk/prepaid/data,jazz.com.pk,FNB_MIXED,1,1,False,172.0,P2 - queue / EVIDENCE-ONLY,From Will's 2026-09-11 South Asia wave. His handover states explicitly that HAVE there means a child task found public price evidence and a plausible scraper path -- NOT that a crawler exists. Recorded as PENDING: it still needs to be implemented and live-tested before ingestion.
pakistan,PENDING,Zong Prepaid Data,https://www.zong.com.pk/prepaid/data,zong.com.pk,FNB_MIXED,1,1,False,172.0,P2 - queue / EVIDENCE-ONLY,From Will's 2026-09-11 South Asia wave. His handover states explicitly that HAVE there means a child task found public price evidence and a plausible scraper path -- NOT that a crawler exists. Recorded as PENDING: it still needs to be implemented and live-tested before ingestion.
pakistan,PENDING,Ufone Internet Offers,https://www.ufone.com/internet-offers/,ufone.com,FNB_MIXED,1,2,False,172.0,P2 - queue / EVIDENCE-ONLY,From Will's 2026-09-11 South Asia wave. His handover states explicitly that HAVE there means a child task found public price evidence and a plausible scraper path -- NOT that a crawler exists. Recorded as PENDING: it still needs to be implemented and live-tested before ingestion.
pakistan,PENDING,Selecto Smartphones,https://selecto.com.pk/collections/smartphones,selecto.com.pk,FNB_MIXED,2,4,False,172.0,P2 - queue / EVIDENCE-ONLY,From Will's 2026-09-11 South Asia wave. His handover states explicitly that HAVE there means a child task found public price evidence and a plausible scraper path -- NOT that a crawler exists. Recorded as PENDING: it still needs to be implemented and live-tested before ingestion.
pakistan,PENDING,SkyTech Pakistan,https://skytech.pk/,skytech.pk,FNB_MIXED,1,3,False,172.0,P2 - queue / EVIDENCE-ONLY,From Will's 2026-09-11 South Asia wave. His handover states explicitly that HAVE there means a child task found public price evidence and a plausible scraper path -- NOT that a crawler exists. Recorded as PENDING: it still needs to be implemented and live-tested before ingestion.
pakistan,PENDING,IndusTech.pk,https://www.industech.pk/products,industech.pk,FNB_MIXED,1,2,False,172.0,P2 - queue / EVIDENCE-ONLY,From Will's 2026-09-11 South Asia wave. His handover states explicitly that HAVE there means a child task found public price evidence and a plausible scraper path -- NOT that a crawler exists. Recorded as PENDING: it still needs to be implemented and live-tested before ingestion.
pakistan,PENDING,PC Wala Online,https://www.pcwalaonline.com/,pcwalaonline.com,FNB_MIXED,3,4,False,172.0,P2 - queue / EVIDENCE-ONLY,From Will's 2026-09-11 South Asia wave. His handover states explicitly that HAVE there means a child task found public price evidence and a plausible scraper path -- NOT that a crawler exists. Recorded as PENDING: it still needs to be implemented and live-tested before ingestion.
pakistan,PENDING,OffersWala,https://offerswala.pk/,offerswala.pk,FNB_MIXED,1,3,False,172.0,P2 - queue / EVIDENCE-ONLY,From Will's 2026-09-11 South Asia wave. His handover states explicitly that HAVE there means a child task found public price evidence and a plausible scraper path -- NOT that a crawler exists. Recorded as PENDING: it still needs to be implemented and live-tested before ingestion.
pakistan,PENDING,Dhundo Auto Parts Guide/Data,https://dhundo.store/guides/car-and-bike-parts-prices-in-pakistan,dhundo.store,FNB_MIXED,1,1,False,172.0,P2 - queue / CANDIDATE,From Will's 2026-09-11 South Asia wave. His handover states explicitly that HAVE there means a child task found public price evidence and a plausible scraper path -- NOT that a crawler exists. Recorded as PENDING: it still needs to be implemented and live-tested before ingestion.
pakistan,PENDING,Eyezaar,https://www.eyezaar.com/shop,eyezaar.com,FNB_MIXED,1,1,False,172.0,P2 - queue / EVIDENCE-ONLY,From Will's 2026-09-11 South Asia wave. His handover states explicitly that HAVE there means a child task found public price evidence and a plausible scraper path -- NOT that a crawler exists. Recorded as PENDING: it still needs to be implemented and live-tested before ingestion.
pakistan,PENDING,GogglesHub,https://goggleshub.com/,goggleshub.com,FNB_MIXED,1,2,False,172.0,P2 - queue / EVIDENCE-ONLY,From Will's 2026-09-11 South Asia wave. His handover states explicitly that HAVE there means a child task found public price evidence and a plausible scraper path -- NOT that a crawler exists. Recorded as PENDING: it still needs to be implemented and live-tested before ingestion.
pakistan,PENDING,Ainak.pk,https://ainak.pk/,ainak.pk,FNB_MIXED,1,1,False,172.0,P2 - queue / EVIDENCE-ONLY,From Will's 2026-09-11 South Asia wave. His handover states explicitly that HAVE there means a child task found public price evidence and a plausible scraper path -- NOT that a crawler exists. Recorded as PENDING: it still needs to be implemented and live-tested before ingestion.
pakistan,PENDING,Zujaj Eyewear,https://zujajeyewear.com/,zujajeyewear.com,FNB_MIXED,1,1,False,172.0,P2 - queue / EVIDENCE-ONLY,From Will's 2026-09-11 South Asia wave. His handover states explicitly that HAVE there means a child task found public price evidence and a plausible scraper path -- NOT that a crawler exists. Recorded as PENDING: it still needs to be implemented and live-tested before ingestion.
pakistan,PENDING,ToyDost,https://toydost.com/,toydost.com,FNB_MIXED,1,2,False,172.0,P2 - queue / EVIDENCE-ONLY,From Will's 2026-09-11 South Asia wave. His handover states explicitly that HAVE there means a child task found public price evidence and a plausible scraper path -- NOT that a crawler exists. Recorded as PENDING: it still needs to be implemented and live-tested before ingestion.
pakistan,PENDING,Toywee,https://toywee.com/,toywee.com,FNB_MIXED,1,2,False,172.0,P2 - queue / EVIDENCE-ONLY,From Will's 2026-09-11 South Asia wave. His handover states explicitly that HAVE there means a child task found public price evidence and a plausible scraper path -- NOT that a crawler exists. Recorded as PENDING: it still needs to be implemented and live-tested before ingestion.
pakistan,PENDING,Toy Company,https://www.toycompany.pk/collections/toys-on-sale,toycompany.pk,FNB_MIXED,1,2,False,172.0,P2 - queue / EVIDENCE-ONLY,From Will's 2026-09-11 South Asia wave. His handover states explicitly that HAVE there means a child task found public price evidence and a plausible scraper path -- NOT that a crawler exists. Recorded as PENDING: it still needs to be implemented and live-tested before ingestion.
pakistan,PENDING,ToyVerse,https://toyverse.pk/,toyverse.pk,FNB_MIXED,1,3,False,172.0,P2 - queue / EVIDENCE-ONLY,From Will's 2026-09-11 South Asia wave. His handover states explicitly that HAVE there means a child task found public price evidence and a plausible scraper path -- NOT that a crawler exists. Recorded as PENDING: it still needs to be implemented and live-tested before ingestion.
pakistan,PENDING,KiddieWink,https://kiddiewink.pk/,kiddiewink.pk,FNB_MIXED,1,2,False,172.0,P2 - queue / EVIDENCE-ONLY,From Will's 2026-09-11 South Asia wave. His handover states explicitly that HAVE there means a child task found public price evidence and a plausible scraper path -- NOT that a crawler exists. Recorded as PENDING: it still needs to be implemented and live-tested before ingestion.
pakistan,PENDING,Toylo,https://toylo.pk/products,toylo.pk,FNB_MIXED,2,2,False,172.0,P2 - queue / EVIDENCE-ONLY,From Will's 2026-09-11 South Asia wave. His handover states explicitly that HAVE there means a child task found public price evidence and a plausible scraper path -- NOT that a crawler exists. Recorded as PENDING: it still needs to be implemented and live-tested before ingestion.
pakistan,PENDING,HA Toyland,https://www.hatoyland.pk/,hatoyland.pk,FNB_MIXED,1,2,False,172.0,P2 - queue / EVIDENCE-ONLY,From Will's 2026-09-11 South Asia wave. His handover states explicitly that HAVE there means a child task found public price evidence and a plausible scraper path -- NOT that a crawler exists. Recorded as PENDING: it still needs to be implemented and live-tested before ingestion.
pakistan,PENDING,H&A Toys,https://www.hatoys.pk/,hatoys.pk,FNB_MIXED,1,2,False,172.0,P2 - queue / EVIDENCE-ONLY,From Will's 2026-09-11 South Asia wave. His handover states explicitly that HAVE there means a child task found public price evidence and a plausible scraper path -- NOT that a crawler exists. Recorded as PENDING: it still needs to be implemented and live-tested before ingestion.
pakistan,PENDING,Toy Nova,https://toynova.pk/,toynova.pk,FNB_MIXED,1,2,False,172.0,P2 - queue / EVIDENCE-ONLY,From Will's 2026-09-11 South Asia wave. His handover states explicitly that HAVE there means a child task found public price evidence and a plausible scraper path -- NOT that a crawler exists. Recorded as PENDING: it still needs to be implemented and live-tested before ingestion.
pakistan,PENDING,Mirha Toys,https://www.mirhatoys.com/,mirhatoys.com,FNB_MIXED,1,3,False,172.0,P2 - queue / EVIDENCE-ONLY,From Will's 2026-09-11 South Asia wave. His handover states explicitly that HAVE there means a child task found public price evidence and a plausible scraper path -- NOT that a crawler exists. Recorded as PENDING: it still needs to be implemented and live-tested before ingestion.
pakistan,PENDING,Hafiz Imran Pharmacy,https://www.hafizpharmacy.com/,hafizpharmacy.com,FNB_MIXED,1,3,False,172.0,P2 - queue / EVIDENCE-ONLY,From Will's 2026-09-11 South Asia wave. His handover states explicitly that HAVE there means a child task found public price evidence and a plausible scraper path -- NOT that a crawler exists. Recorded as PENDING: it still needs to be implemented and live-tested before ingestion.
pakistan,PENDING,Healthwire Pharmacy,https://healthwire.pk/pharmacy,healthwire.pk,FNB_MIXED,1,3,False,172.0,P2 - queue / EVIDENCE-ONLY,From Will's 2026-09-11 South Asia wave. His handover states explicitly that HAVE there means a child task found public price evidence and a plausible scraper path -- NOT that a crawler exists. Recorded as PENDING: it still needs to be implemented and live-tested before ingestion.
pakistan,PENDING,D. Watson Online Medicines,https://dwatson.pk/medicines.html,dwatson.pk,FNB_MIXED,1,2,False,172.0,P2 - queue / EVIDENCE-ONLY,From Will's 2026-09-11 South Asia wave. His handover states explicitly that HAVE there means a child task found public price evidence and a plausible scraper path -- NOT that a crawler exists. Recorded as PENDING: it still needs to be implemented and live-tested before ingestion.
pakistan,PENDING,Dawaai.pk,https://dawaai.pk/,dawaai.pk,FNB_MIXED,1,3,False,172.0,P2 - queue / EVIDENCE-ONLY,From Will's 2026-09-11 South Asia wave. His handover states explicitly that HAVE there means a child task found public price evidence and a plausible scraper path -- NOT that a crawler exists. Recorded as PENDING: it still needs to be implemented and live-tested before ingestion.
pakistan,PENDING,DawaaiMart,https://dawaaimart.pk/,dawaaimart.pk,FNB_MIXED,2,2,False,172.0,P2 - queue / EVIDENCE-ONLY,From Will's 2026-09-11 South Asia wave. His handover states explicitly that HAVE there means a child task found public price evidence and a plausible scraper path -- NOT that a crawler exists. Recorded as PENDING: it still needs to be implemented and live-tested before ingestion.
pakistan,PENDING,Nova Health,https://novahealth.pk/,novahealth.pk,FNB_MIXED,1,3,False,172.0,P2 - queue / EVIDENCE-ONLY,From Will's 2026-09-11 South Asia wave. His handover states explicitly that HAVE there means a child task found public price evidence and a plausible scraper path -- NOT that a crawler exists. Recorded as PENDING: it still needs to be implemented and live-tested before ingestion.
pakistan,PENDING,DVAGO,https://www.dvago.pk/,dvago.pk,FNB_MIXED,2,3,False,172.0,P2 - queue / CANDIDATE,From Will's 2026-09-11 South Asia wave. His handover states explicitly that HAVE there means a child task found public price evidence and a plausible scraper path -- NOT that a crawler exists. Recorded as PENDING: it still needs to be implemented and live-tested before ingestion.
pakistan,PENDING,MedEasy,https://medeasy.systems/,medeasy.systems,FNB_MIXED,1,3,False,172.0,P2 - queue / EVIDENCE-ONLY,From Will's 2026-09-11 South Asia wave. His handover states explicitly that HAVE there means a child task found public price evidence and a plausible scraper path -- NOT that a crawler exists. Recorded as PENDING: it still needs to be implemented and live-tested before ingestion.
pakistan,PENDING,pakistan_meeesho_pk,https://www.meeesho.pk/,meeesho.pk,FNB_MIXED,1,6,False,172.0,P2 - queue / NEEDS-CUSTOM-CRAWLER,Downloaded CSV batch on 2026-09-12; normalized site was not present in the base workbook | scraping ease: Easy | add as a new scrape target and crawler-creation candidate
russian_federation,LAST_TRY_FAILED,detmir.ru,,nan,FNB_MIXED,1,2,False,172.0,PARTIAL / PARSE-FAILED,"Reachable, HTTP 200, but not extractable without more work (not a hard block — don't re-probe blind, but don't write off either) — homepage and category/brand landing pages are real server-rendered HTML (no WAF/challenge), with a `window.appData = JSON.parse(""..."")` blob (double-JSON-encoded: the outer text is a JS string literal whose *content*, after `json.loads` twice, is one big app-state dict). That blob genuinely contains real product rows with `id`/`title`/`price`/`prices.old`/`prices.sale` (verified: ""Комбинезон BabyGo"" 349 RUB with a real old-price of 499 RUB) but only inside `.recommendations.products.*.result[]` widget arrays (~15-30 items per page) — the *actual* full category/search product grid (thousands of items, `offerCount` in the JSON-LD confirms e.g. 2776 for one brand) is **not** in the SSR payload; a live Playwright network capture on a `/search/?text=...` page fired 13 XHRs to `api.detmir.ru` (cart, user, menu, recently-viewed) but never the actual search/listing endpoint in a ~6s window — it may fire on scroll, on a different query-param shape, or need a longer wait. Not blocked, just unfinished. Worth a real pass: either (a) find the true listing endpoint via a longer Playwright capture / scrolling the results grid, or (b) walk only the recommendation-widget arrays across many category"
russian_federation,LAST_TRY_FAILED,fedstat.ru,,nan,FNB_MIXED,1,1,False,172.0,SKIP / WAF/BOT-BLOCK,"RE-PROBE WORTH IT: recorded before 2026-08-17, when a bare-curl 403 was still read as a block. CDNs fingerprint the TLS handshake, not the User-Agent, so try curl_cffi impersonate before skipping. ServicePipe anti-bot (Russian anti-DDoS, `servicepipe.tech` challenge loader + rotated-image captcha) — bare HTTP 403 (`Forbidden`, `Request ID: ...`) on every path tried (`/indicator/37426`, `/opendata`), TLS handshake itself clean (Let's Encrypt cert, no chain issue). Not diagnosed further because `rosstat.gov.ru` (the ministry's own domain, different infra) turned out to publish the same ""средние потребительские цены"" survey as direct-download XLSX with no WAF at all — see `ru_rosstat_avg_prices` fetcher. If EMISS/fedstat's structured SDMX API becomes worth pursuing later (it has per-indicator filters rosstat.gov.ru's static files don't), this 403 needs a real diagnosis (geo-fence vs. WAF vs. rate limit) first."
russian_federation,LAST_TRY_FAILED,globus.ru,,nan,FNB_MIXED,1,1,False,172.0,SKIP / DEAD-SITE,"Unreachable / no online storefront exists (dead candidate, not a WAF) — , **myasnov.ru** (RU, Myasnov — regional meat chain), **www.pyaterochka.ru** (RU, Pyaterochka — X5 Group's discount chain) — all three hit a hard `curl_cffi` connect timeout (`curl: (28)`, 15s, 0 bytes), no TLS handshake started. Different failure mode from the Qrator/ServicePipe walls elsewhere in this file — looks like the host is unreachable from this network path rather than an application-level bot wall."
russian_federation,LAST_TRY_FAILED,mcx.gov.ru,,nan,FNB_MIXED,1,2,False,172.0,RETRY / WAF/BOT-BLOCK,"ServicePipe anti-bot (Russian anti-DDoS, `servicepipe.tech` challenge loader + rotated-image captcha) — and **fas.gov.ru** (RU, Federal Antimonopoly Service — price-monitoring candidate) — both hit a hard TCP connect timeout (`curl: (28)`, ~10s, 0 bytes) on the bare domain, no TLS handshake ever started. Different failure mode from the Qrator/DDoS-Guard/ServicePipe WAF challenges elsewhere in this file — looks like the host is simply unreachable from this network path (geo-fencing or the host genuinely not answering), not a bot wall. Not diagnosed further (no network trace beyond curl timeout — a real diagnosis would need e.g. a traceroute or a different egress). Both remain the brief's top statutory-source leads for Russia; worth a retry from a different network before writing off."
russian_federation,LAST_TRY_FAILED,www.gks.ru,,nan,FNB_MIXED,1,1,False,172.0,SKIP / WAF/BOT-BLOCK,"RE-PROBE WORTH IT: recorded before 2026-08-17, when a bare-curl 403 was still read as a block. CDNs fingerprint the TLS handshake, not the User-Agent, so try curl_cffi impersonate before skipping. ServicePipe anti-bot (Russian anti-DDoS, `servicepipe.tech` challenge loader + rotated-image captcha) — old Rosstat domain, now redirects/aliases into the `rosstat.gov.ru` infrastructure; using the same vendored CA chain as `ru_rosstat_avg_prices` (`_rosstat_gov_ru_chain.pem`) still fails, but with a *different* error: `Hostname mismatch, certificate is not valid for 'www.gks.ru'` — the leaf cert vendored for `rosstat.gov.ru` doesn't cover this hostname. Not worth chasing: `rosstat.gov.ru` itself (already shipped as `ru_rosstat_avg_prices`) is the live, correctly-certed domain for the same ""средние потребительские цены"" survey."
russian_federation,LAST_TRY_FAILED,www.rigla.ru,,nan,FNB_MIXED,1,1,False,172.0,PARTIAL / PARSE-FAILED,"Reachable, HTTP 200, but not extractable without more work (not a hard block — don't re-probe blind, but don't write off either) — reachable, real product pages, but **price is per-pharmacy-branch**: the embedded state (`pvzIsgTabs[].items[]`) lists dozens of physical branches each with their own price for the same SKU, with no single ""the"" price for the product the way apteka.ru or komus.ru expose one. Extractable but needs a branch-selection policy (nearest/median/cheapest) decided before scaffolding — skipped this round in favour of apteka.ru, which already covers the same COICOP ground with a clean single national price."
russian_federation,PENDING,Leroy Merlin/Lemana Pro Russia check,https://lemanapro.ru/,lemanapro.ru,FNB_MIXED,2,3,False,172.0,P2 - queue / Directory/report,"Candidate found in the 2026-08-31 sourcing round, never built. build_tier=C - engineering required; scrapability=nan; class=Hardware/home improvement"
new_zealand,PENDING,new_zealand_priceme_nz,https://www.priceme.co.nz/,priceme.co.nz,FNB_MIXED,1,5,False,174.0,P2 - queue / NEEDS-CUSTOM-CRAWLER,Downloaded CSV batch on 2026-09-12; normalized site was not present in the base workbook | scraping ease: Easy | add as a new scrape target and crawler-creation candidate
new_zealand,PENDING,new_zealand_pricespy_nz,https://pricespy.co.nz/,pricespy.co.nz,FNB_MIXED,1,2,False,174.0,P2 - queue / NEEDS-CUSTOM-CRAWLER,Downloaded CSV batch on 2026-09-12; normalized site was not present in the base workbook | scraping ease: Moderate | add as a new scrape target and crawler-creation candidate
new_zealand,PENDING,new_zealand_getprice_nz,https://www.getprice.co.nz/,getprice.co.nz,FNB_MIXED,2,5,False,174.0,P2 - queue / NEEDS-CUSTOM-CRAWLER,Downloaded CSV batch on 2026-09-12; normalized site was not present in the base workbook | scraping ease: Easy | add as a new scrape target and crawler-creation candidate
kazakhstan,PENDING,kazakhstan_nextdirect,https://www.nextdirect.com/kz/en/brands/jordan,nextdirect.com,FNB_MIXED,1,2,False,175.0,P2 - queue / NEEDS-CUSTOM-CRAWLER,Downloaded CSV batch on 2026-09-12; normalized site was not present in the base workbook | scraping ease: Easy | add as a new scrape target and crawler-creation candidate
ukraine,PENDING,ukraine_hotline_ua,https://hotline.ua/,hotline.ua,FNB_MIXED,2,4,False,175.0,P2 - queue / NEEDS-CUSTOM-CRAWLER,Downloaded CSV batch on 2026-09-12; normalized site was not present in the base workbook | scraping ease: Easy | add as a new scrape target and crawler-creation candidate
ukraine,PENDING,ukraine_pricescanner_ai,https://pricescanner.ai/,pricescanner.ai,FNB_MIXED,1,1,False,175.0,P2 - queue / NEEDS-CUSTOM-CRAWLER,Downloaded CSV batch on 2026-09-12; normalized site was not present in the base workbook | scraping ease: Moderate | add as a new scrape target and crawler-creation candidate
ukraine,PENDING,ukraine_price_ua,https://price.ua/,price.ua,FNB_MIXED,1,2,False,175.0,P2 - queue / NEEDS-CUSTOM-CRAWLER,Downloaded CSV batch on 2026-09-12; normalized site was not present in the base workbook | scraping ease: Moderate | add as a new scrape target and crawler-creation candidate
ukraine,PENDING,ukraine_abtime_ua,https://abtime.com.ua/,abtime.com.ua,FNB_MIXED,1,2,False,175.0,P2 - queue / NEEDS-CUSTOM-CRAWLER,Downloaded CSV batch on 2026-09-12; normalized site was not present in the base workbook | scraping ease: Moderate | add as a new scrape target and crawler-creation candidate
ukraine,PENDING,ukraine_handymarket_ua,https://handymarket.com.ua/,handymarket.com.ua,FNB_MIXED,2,2,False,175.0,P2 - queue / NEEDS-CUSTOM-CRAWLER,Downloaded CSV batch on 2026-09-12; normalized site was not present in the base workbook | scraping ease: Moderate | add as a new scrape target and crawler-creation candidate
ukraine,PENDING,ukraine_oneshot_ua,https://oneshot.com.ua/,oneshot.com.ua,FNB_MIXED,1,2,False,175.0,P2 - queue / NEEDS-CUSTOM-CRAWLER,Downloaded CSV batch on 2026-09-12; normalized site was not present in the base workbook | scraping ease: Moderate | add as a new scrape target and crawler-creation candidate
ukraine,PENDING,ukraine_justbuy_ua,https://justbuy.com.ua/,justbuy.com.ua,FNB_MIXED,1,2,False,175.0,P2 - queue / NEEDS-CUSTOM-CRAWLER,Downloaded CSV batch on 2026-09-12; normalized site was not present in the base workbook | scraping ease: Moderate | add as a new scrape target and crawler-creation candidate
ukraine,PENDING,ukraine_do_smaku_ua,https://do-smaku.com.ua/,do-smaku.com.ua,FNB_MIXED,1,2,False,175.0,P2 - queue / NEEDS-CUSTOM-CRAWLER,Downloaded CSV batch on 2026-09-12; normalized site was not present in the base workbook | scraping ease: Moderate | add as a new scrape target and crawler-creation candidate
barbados,PENDING,PriceWhirl,http://www.pricewhirl.com/,pricewhirl.com,FNB_MIXED,1,1,False,177.0,P2 - queue / SUSPECT,"Candidate found in the 2026-08-31 sourcing round, never built. build_tier=not scored; scrapability=nan; class=Custom"
barbados,PENDING,barbados_13northplaza,https://13northplaza.com/,13northplaza.com,FNB_MIXED,1,3,False,177.0,P2 - queue / NEEDS-CUSTOM-CRAWLER,Downloaded CSV batch on 2026-09-12; normalized site was not present in the base workbook | scraping ease: Easy | add as a new scrape target and crawler-creation candidate
barbados,PENDING,barbados_kellmart,https://kellmart.com/,kellmart.com,FNB_MIXED,2,5,False,177.0,P2 - queue / NEEDS-CUSTOM-CRAWLER,Downloaded CSV batch on 2026-09-12; normalized site was not present in the base workbook | scraping ease: Moderate | add as a new scrape target and crawler-creation candidate
barbados,PENDING,barbados_barbabos_ubuy,https://www.barbabos.ubuy.com/,barbabos.ubuy.com,FNB_MIXED,3,3,False,177.0,P2 - queue / NEEDS-CUSTOM-CRAWLER,Downloaded CSV batch on 2026-09-12; normalized site was not present in the base workbook | scraping ease: Moderate | add as a new scrape target and crawler-creation candidate
barbados,PENDING,barbados_shopcostuless,https://www.shopcostuless.com/shop,shopcostuless.com,FNB_MIXED,1,1,False,177.0,P2 - queue / NEEDS-CUSTOM-CRAWLER,Downloaded CSV batch on 2026-09-12; normalized site was not present in the base workbook | scraping ease: Moderate | add as a new scrape target and crawler-creation candidate
peru,PENDING,Makro Peru,https://www.makro.com.pe/,makro.com.pe,FNB_MIXED,1,1,False,177.0,P2 - queue / ACCEPT,"Candidate found in the 2026-08-31 sourcing round, never built. build_tier=C - engineering required; scrapability=3.0; class=Custom"
peru,PENDING,PedidosYa Peru,https://www.pedidosya.com.pe/,pedidosya.com.pe,FNB_MIXED,1,1,False,177.0,P2 - queue / ACCEPT,"Candidate found in the 2026-08-31 sourcing round, never built. build_tier=C - engineering required; scrapability=3.0; class=Custom"
peru,PENDING,Ripley Peru,https://simple.ripley.com.pe/,simple.ripley.com.pe,FNB_MIXED,3,3,False,177.0,P2 - queue / Directory/report,"Candidate found in the 2026-08-31 sourcing round, never built. build_tier=C - engineering required; scrapability=nan; class=Department store"
peru,PENDING,peru_preciospe,https://www.preciospe.com/,preciospe.com,FNB_MIXED,2,4,False,177.0,P2 - queue / NEEDS-CUSTOM-CRAWLER,Downloaded CSV batch on 2026-09-12; normalized site was not present in the base workbook | scraping ease: Easy | add as a new scrape target and crawler-creation candidate
peru,PENDING,peru_compara2_pe,https://compara2.pe/,compara2.pe,FNB_MIXED,1,2,False,177.0,P2 - queue / NEEDS-CUSTOM-CRAWLER,Downloaded CSV batch on 2026-09-12; normalized site was not present in the base workbook | scraping ease: Easy | add as a new scrape target and crawler-creation candidate
peru,PENDING,peru_knasta_pe,https://knasta.pe/,knasta.pe,FNB_MIXED,2,5,False,177.0,P2 - queue / NEEDS-CUSTOM-CRAWLER,Downloaded CSV batch on 2026-09-12; normalized site was not present in the base workbook | scraping ease: Easy | add as a new scrape target and crawler-creation candidate
peru,PENDING,peru_compy_pe,https://compy.pe/,compy.pe,FNB_MIXED,1,6,False,177.0,P2 - queue / NEEDS-CUSTOM-CRAWLER,Downloaded CSV batch on 2026-09-12; normalized site was not present in the base workbook | scraping ease: Moderate | add as a new scrape target and crawler-creation candidate
peru,PENDING,peru_farmaciasperu_pe,https://www.farmaciasperu.pe/,farmaciasperu.pe,FNB_MIXED,2,4,False,177.0,P2 - queue / NEEDS-CUSTOM-CRAWLER,Downloaded CSV batch on 2026-09-12; normalized site was not present in the base workbook | scraping ease: Easy | add as a new scrape target and crawler-creation candidate
peru,PENDING,peru_boticasperu_pe,https://www.boticasperu.pe/,boticasperu.pe,FNB_MIXED,1,3,False,177.0,P2 - queue / NEEDS-CUSTOM-CRAWLER,Downloaded CSV batch on 2026-09-12; normalized site was not present in the base workbook | scraping ease: Easy | add as a new scrape target and crawler-creation candidate
peru,PENDING,peru_mifarma_pe,https://www.mifarma.com.pe/,mifarma.com.pe,FNB_MIXED,1,4,False,177.0,P2 - queue / NEEDS-CUSTOM-CRAWLER,Downloaded CSV batch on 2026-09-12; normalized site was not present in the base workbook | scraping ease: Moderate | add as a new scrape target and crawler-creation candidate
peru,PENDING,peru_promart_pe,https://www.promart.pe/ferreteria/,promart.pe,FNB_MIXED,1,3,False,177.0,P2 - queue / NEEDS-CUSTOM-CRAWLER,Downloaded CSV batch on 2026-09-12; normalized site was not present in the base workbook | scraping ease: Moderate | add as a new scrape target and crawler-creation candidate
nigeria,PENDING,nigeria_checkprice_ng,https://www.checkprice.ng/,checkprice.ng,FNB_MIXED,1,1,False,183.0,P2 - queue / NEEDS-CUSTOM-CRAWLER,Downloaded CSV batch on 2026-09-12; normalized site was not present in the base workbook | scraping ease: Easy | add as a new scrape target and crawler-creation candidate
germany,PENDING,Picnic Germany,https://picnic.app/de/,picnic.app,FNB_MIXED,1,1,False,185.0,P2 - queue / ACCEPT,"Candidate found in the 2026-08-31 sourcing round, never built. build_tier=C - engineering required; scrapability=3.0; class=Custom"
spain,PENDING,Leroy Merlin Spain,https://www.leroymerlin.es/,leroymerlin.es,FNB_MIXED,2,3,False,186.0,P2 - queue / Directory/report,"Candidate found in the 2026-08-31 sourcing round, never built. build_tier=C - engineering required; scrapability=nan; class=Hardware/home improvement"
spain,PENDING,Lidl Spain,https://www.lidl.es/,lidl.es,FNB_MIXED,2,2,False,186.0,P3 - backlog / SUSPECT,"Candidate found in the 2026-08-31 sourcing round, never built. build_tier=D - hard / app / index only; scrapability=2.0; class=Custom/Enterprise"
spain,PENDING,Ulabox,https://www.ulabox.com/,ulabox.com,FNB_MIXED,1,1,False,186.0,P2 - queue / ACCEPT,"Candidate found in the 2026-08-31 sourcing round, never built. build_tier=C - engineering required; scrapability=3.0; class=Custom"
spain,PENDING,spain_idealo_es,https://www.idealo.es/,idealo.es,FNB_MIXED,2,6,False,186.0,P2 - queue / NEEDS-CUSTOM-CRAWLER,Downloaded CSV batch on 2026-09-12; normalized site was not present in the base workbook | scraping ease: Easy | add as a new scrape target and crawler-creation candidate
spain,PENDING,spain_kelkoo_es,https://kelkoo.es/,kelkoo.es,FNB_MIXED,1,1,False,186.0,P2 - queue / NEEDS-CUSTOM-CRAWLER,Downloaded CSV batch on 2026-09-12; normalized site was not present in the base workbook | scraping ease: Moderate | add as a new scrape target and crawler-creation candidate
spain,PENDING,spain_tien21_es,https://www.tien21.es/,tien21.es,FNB_MIXED,1,1,False,186.0,P2 - queue / NEEDS-CUSTOM-CRAWLER,Downloaded CSV batch on 2026-09-12; normalized site was not present in the base workbook | scraping ease: Moderate | add as a new scrape target and crawler-creation candidate
egypt,PENDING,egypt_eg_pricena,https://eg.pricena.com/en,eg.pricena.com,FNB_MIXED,1,4,False,191.0,P2 - queue / NEEDS-CUSTOM-CRAWLER,Downloaded CSV batch on 2026-09-12; normalized site was not present in the base workbook | scraping ease: Easy | add as a new scrape target and crawler-creation candidate
egypt,PENDING,egypt_3alababak,https://3alababak.com/,3alababak.com,FNB_MIXED,1,4,False,191.0,P2 - queue / NEEDS-CUSTOM-CRAWLER,Downloaded CSV batch on 2026-09-12; normalized site was not present in the base workbook | scraping ease: Easy | add as a new scrape target and crawler-creation candidate
egypt,PENDING,egypt_chekiprice,https://www.chekiprice.com/en-eg,chekiprice.com,FNB_MIXED,2,5,False,191.0,P2 - queue / NEEDS-CUSTOM-CRAWLER,Downloaded CSV batch on 2026-09-12; normalized site was not present in the base workbook | scraping ease: Moderate | add as a new scrape target and crawler-creation candidate
egypt,PENDING,egypt_zacshop,https://zacshop.com/,zacshop.com,FNB_MIXED,1,3,False,191.0,P2 - queue / NEEDS-CUSTOM-CRAWLER,Downloaded CSV batch on 2026-09-12; normalized site was not present in the base workbook | scraping ease: Easy | add as a new scrape target and crawler-creation candidate
mexico,PENDING,mexico_mexaromastore,https://mexaromastore.com/,mexaromastore.com,FNB_MIXED,1,2,False,192.0,P2 - queue / NEEDS-CUSTOM-CRAWLER,Downloaded CSV batch on 2026-09-12; normalized site was not present in the base workbook | scraping ease: Easy | add as a new scrape target and crawler-creation candidate
mexico,PENDING,mexico_scentperfumes_mx,https://scentperfumes.mx/collections/nicho,scentperfumes.mx,FNB_MIXED,1,2,False,192.0,P2 - queue / NEEDS-CUSTOM-CRAWLER,Downloaded CSV batch on 2026-09-12; normalized site was not present in the base workbook | scraping ease: Easy | add as a new scrape target and crawler-creation candidate
mexico,PENDING,mexico_togaperfumeria,https://togaperfumeria.com/,togaperfumeria.com,FNB_MIXED,1,1,False,192.0,P2 - queue / NEEDS-CUSTOM-CRAWLER,Downloaded CSV batch on 2026-09-12; normalized site was not present in the base workbook | scraping ease: Easy | add as a new scrape target and crawler-creation candidate
mexico,PENDING,mexico_decantsperfumes_mx,https://decantsperfumes.com.mx/en/,decantsperfumes.com.mx,FNB_MIXED,1,2,False,192.0,P2 - queue / NEEDS-CUSTOM-CRAWLER,Downloaded CSV batch on 2026-09-12; normalized site was not present in the base workbook | scraping ease: Easy | add as a new scrape target and crawler-creation candidate
mexico,PENDING,mexico_noctua_mx,https://noctua.com.mx/,noctua.com.mx,FNB_MIXED,1,3,False,192.0,P2 - queue / NEEDS-CUSTOM-CRAWLER,Downloaded CSV batch on 2026-09-12; normalized site was not present in the base workbook | scraping ease: Moderate | add as a new scrape target and crawler-creation candidate
trinidad_and_tobago,PENDING,Gofuh,https://gofuhdeliveries.wixsite.com/gofuh,gofuhdeliveries.wixsite.com,FNB_MIXED,1,1,False,196.0,P2 - queue / SUSPECT,"Candidate found in the 2026-08-31 sourcing round, never built. build_tier=not scored; scrapability=nan; class=Wix"
singapore,PENDING,singapore_sg_priceme,https://sg.priceme.com/,sg.priceme.com,FNB_MIXED,1,6,False,202.0,P2 - queue / NEEDS-CUSTOM-CRAWLER,Downloaded CSV batch on 2026-09-12; normalized site was not present in the base workbook | scraping ease: Easy | add as a new scrape target and crawler-creation candidate
singapore,PENDING,singapore_comparor,https://www.comparor.com/sg/,comparor.com,FNB_MIXED,2,6,False,202.0,P2 - queue / NEEDS-CUSTOM-CRAWLER,Downloaded CSV batch on 2026-09-12; normalized site was not present in the base workbook | scraping ease: Moderate | add as a new scrape target and crawler-creation candidate
singapore,PENDING,singapore_biggo_sg,https://biggo.sg/,biggo.sg,FNB_MIXED,3,3,False,202.0,P2 - queue / NEEDS-CUSTOM-CRAWLER,Downloaded CSV batch on 2026-09-12; normalized site was not present in the base workbook | scraping ease: Easy | add as a new scrape target and crawler-creation candidate
singapore,PENDING,singapore_pricetrackersg,https://www.pricetrackersg.com/,pricetrackersg.com,FNB_MIXED,1,1,False,202.0,P2 - queue / NEEDS-CUSTOM-CRAWLER,Downloaded CSV batch on 2026-09-12; normalized site was not present in the base workbook | scraping ease: Moderate | add as a new scrape target and crawler-creation candidate
thailand,PENDING,thailand_shopee_th,https://shopee.co.th/,shopee.co.th,FNB_MIXED,1,5,False,202.0,P2 - queue / NEEDS-CUSTOM-CRAWLER,Downloaded CSV batch on 2026-09-12; normalized site was not present in the base workbook | scraping ease: Moderate | add as a new scrape target and crawler-creation candidate
thailand,PENDING,thailand_lazada_th,https://www.lazada.co.th/,lazada.co.th,FNB_MIXED,1,5,False,202.0,P2 - queue / NEEDS-CUSTOM-CRAWLER,Downloaded CSV batch on 2026-09-12; normalized site was not present in the base workbook | scraping ease: Moderate | add as a new scrape target and crawler-creation candidate
thailand,PENDING,thailand_kaidee,https://www.kaidee.com/,kaidee.com,FNB_MIXED,1,3,False,202.0,P2 - queue / NEEDS-CUSTOM-CRAWLER,Downloaded CSV batch on 2026-09-12; normalized site was not present in the base workbook | scraping ease: Moderate | add as a new scrape target and crawler-creation candidate
thailand,PENDING,thailand_priceza,https://www.priceza.com/,priceza.com,FNB_MIXED,1,1,False,202.0,P2 - queue / NEEDS-CUSTOM-CRAWLER,Downloaded CSV batch on 2026-09-12; normalized site was not present in the base workbook | scraping ease: Moderate | add as a new scrape target and crawler-creation candidate
thailand,PENDING,thailand_shopgenius_app,https://shopgenius.app/en/,shopgenius.app,FNB_MIXED,1,2,False,202.0,P2 - queue / NEEDS-CUSTOM-CRAWLER,Downloaded CSV batch on 2026-09-12; normalized site was not present in the base workbook | scraping ease: Easy | add as a new scrape target and crawler-creation candidate
kenya,PENDING,kenya_jiji_ke,https://jiji.co.ke/,jiji.co.ke,FNB_MIXED,4,4,False,204.0,P2 - queue / NEEDS-CUSTOM-CRAWLER,Downloaded CSV batch on 2026-09-12; normalized site was not present in the base workbook | scraping ease: Easy | add as a new scrape target and crawler-creation candidate
kenya,PENDING,kenya_anava_ke,https://anava.co.ke/,anava.co.ke,FNB_MIXED,2,3,False,204.0,P2 - queue / NEEDS-CUSTOM-CRAWLER,Downloaded CSV batch on 2026-09-12; normalized site was not present in the base workbook | scraping ease: Easy | add as a new scrape target and crawler-creation candidate
kenya,PENDING,kenya_sella_ke,https://sella.co.ke/,sella.co.ke,FNB_MIXED,3,5,False,204.0,P2 - queue / NEEDS-CUSTOM-CRAWLER,Downloaded CSV batch on 2026-09-12; normalized site was not present in the base workbook | scraping ease: Easy | add as a new scrape target and crawler-creation candidate
kenya,PENDING,kenya_checkpriceof_ke,https://checkpriceof.co.ke/,checkpriceof.co.ke,FNB_MIXED,2,5,False,204.0,P2 - queue / NEEDS-CUSTOM-CRAWLER,Downloaded CSV batch on 2026-09-12; normalized site was not present in the base workbook | scraping ease: Easy | add as a new scrape target and crawler-creation candidate
kenya,PENDING,kenya_romifinds_ke,https://romifinds.co.ke/,romifinds.co.ke,FNB_MIXED,3,4,False,204.0,P2 - queue / NEEDS-CUSTOM-CRAWLER,Downloaded CSV batch on 2026-09-12; normalized site was not present in the base workbook | scraping ease: Easy | add as a new scrape target and crawler-creation candidate
malaysia,PENDING,malaysia_shopee_my,https://shopee.com.my/,shopee.com.my,FNB_MIXED,3,7,False,213.0,P2 - queue / NEEDS-CUSTOM-CRAWLER,Downloaded CSV batch on 2026-09-12; normalized site was not present in the base workbook | scraping ease: Easy | add as a new scrape target and crawler-creation candidate
(?),LAST_TRY_FAILED,www.bol.gov.la,,nan,FNB_MIXED,1,1,False,,RESOLVED / DEAD-SITE,"NSO portal SSL certificate failures — `curl -v` shows a currently-valid cert chain (expires 2026-08-29) and a clean TLSv1.3 handshake with no verification error — `verify=False` is no longer needed. A bare/non-browser UA gets an HTTP 403 ""Web Application Firewall"" interstitial (a UA-gated WAF rule, not a cert problem); a realistic browser UA (`curl -A ""Mozilla/5.0 ...""`) gets a normal HTTP 200 with the real page. `/en/inflation` renders a working year-picker table, but it carries **only the headline all-items CPI (points) + YoY inflation rate (%)** — no COICOP division breakdown at all. Two reasons this is still not worth scaffolding: (1) `laosis_cpi.yaml` already covers full 01–12 division-level CPI for Lao PDR from a richer source; (2) `IndexObservation.coicop_code` (`src/prices/enrich/schemas.py`) is a required field with no all-items/""00"" sentinel — see the onboard-price-sources skill's ""Open design questions"" — so a headline-only fetcher would emit rows the pipeline currently drops by convention, failing the ≥5-row ship gate. Revisit only if the headline-CPI schema gap gets resolved."
(?),LAST_TRY_FAILED,microdata.pacificdata.org,,nan,FNB_MIXED,1,2,False,,RETRY / WAF/BOT-BLOCK,"Cloudflare interactive challenge (`cf-mitigated: challenge`) — (NADA microdata catalog — SPC Pacific Data Hub) — `cf-mitigated: challenge` managed-challenge page (`<title>Just a moment...</title>`) on both curl AND headless Playwright (9s wait, still stuck on challenge). Confirmed 2026-08-11 on `/index.php/catalog/761` (Marshall Islands, RMI FY2019/20 HIES) and `/index.php/catalog/881/related-materials` (Kiribati HIES 2023/24) — same Cloudflare zone, one probe covers the whole platform. **Even if unblocked this is a structural absence, not just a blocker**: NADA catalogs serve anonymized household-survey microdata (one-off HIES collection waves, often registration-gated), not a recurring price series — no PriceObservation/IndexObservation fits. Confirmed independently via the reachable `pacific-data.sprep.org` mirror of the same Kiribati HIES 2023/24 dataset record: description states ""Version 01: Cleaned, labelled and anonymized version of the master file,"" collection window 2023–2024 only, and its purpose explicitly includes deriving CPI *expenditure weights* — i.e. an input to CPI construction, not a price observation itself. Do not re-probe for a recurring price feed; if HIES weights specifically are ever wanted, that's a different, one-of"
(AO),LAST_TRY_FAILED,hiperkupa.ao,,nan,FNB_MIXED,3,3,False,,PARTIAL / PARSE-FAILED,"Reachable, HTTP 200, but not extractable without more work (not a hard block — don't re-probe blind, but don't write off either) — Flutter Web build (canvas-rendered, no scrapable DOM by design) but backed by an open StackFood-style Laravel API at `painel.hiperkupa.ao/api/v1/*` with no WAF: `POST /auth/guest/request` returns a working guest session with no auth wall. However `GET /restaurants/get-restaurants/all` returns `total_size: 0` for plain lat/lng/zone_id guesses (Luanda coordinates tried) — the app appears to gate restaurant/store listings behind a zone-detection flow whose exact header or endpoint wasn't found within a timeboxed Playwright network trace (RUM beacons to `page.hiperkupa.ao/cdn-cgi/rum` fire continuously and prevent `networkidle`, complicating capture; `load`+fixed-wait capture didn't catch the zone-resolution call before restaurant requests fired). Worth a real pass if pursued: find the zone-lookup endpoint (likely keyed on lat/lng) that precedes `get-restaurants`. Even unlocked, food-retail (COICOP 01) relevance is unclear — the platform is described as multi-restaurant (prepared food) and the workbook itself flagged ""grocery depth unclear""."
(BB/AG/KY/GY/JM/KN/LC/SR),LAST_TRY_FAILED,automotiveart.com,,nan,FNB_MIXED,1,1,False,,SKIP / NO-PRICES-ONLINE,"Brochure-only WordPress / no online store — bespoke non-WordPress corporate/catalog site, `/Barbados/Featured-Products/` lists category tiles (Seat Covers, WeatherTech Mats, Pioneer Audio, Batteries, etc.) with zero `$`/BBD price text anywhere in the rendered category or homepage HTML — in-store pricing only. `https://automotiveart.com/` also has a cert mismatch (only the `http://` and country-path `www.automotiveart.com/Barbados/` variants serve)."
(CM),LAST_TRY_FAILED,mtn.cm,,nan,FNB_MIXED,1,2,False,,PARTIAL / PARSE-FAILED,"Reachable, HTTP 200, but not extractable without more work (not a hard block — don't re-probe blind, but don't write off either) — both reachable with no WAF (`curl_cffi` 200 straight off). Orange's `/fr/catalogue/forfaits-voix-et-sms.html` page, however, renders as a near-empty megamenu shell in raw HTML (one stray ""FCFA"" mention, no price table) — the real bundle grid is populated client-side (Adobe-Commerce/Magento-flavoured storefront judging by the URL shape) and was not sniffed this pass; MTN's site was not probed past the homepage nav (`/offers/mobile-internet-2/`, `/offers/mtn-prestige-bundles/` links exist but weren't opened). Not pursued further this pass once `ins_cameroun_cpi` cleared the ""3 more sources"" bar on the first try; worth a real pass later with a Playwright network capture on the Orange bundle pages (same ""Playwright to discover, plain HTTP to scrape"" pattern as elsewhere in this file) or on MTN's offer pages directly."
(CM),LAST_TRY_FAILED,www.csph.cm,,nan,FNB_MIXED,3,3,False,,PARTIAL / PARSE-FAILED,"Reachable, HTTP 200, but not extractable without more work (not a hard block — don't re-probe blind, but don't write off either) — homepage is reachable (200, no WAF) and links a dedicated `pricestructure.php` page plus a ""Structure des prix"" PDF, but `pricestructure.php` itself 500s on a plain GET (likely needs a POST/session/query-param this pass didn't reverse-engineer), and the linked PDF (`STRUCTURE_PRIX_FUEL_1500_NOV_2021.pdf`) is dated November 2021 — 4+ years stale, not the ""long effective_from series"" the brief hoped for. The site's `news.php`/`new_details.php?p_id=N` archive (checked p_id 53-73) is general corporate PR (metrology day events, etc.), not structured price-decree announcements. Not pursued further this pass in favour of `ins-cameroun.cm`'s own monthly CPI note (see `ins_cameroun_cpi` fetcher), which already carries a fuel-import-cost figure inline (Encadré 1 of the May 2026 note: Cameroun super/gasoil import costs by month) as a byproduct. Worth a real pass later: find whatever request `pricestructure.php` actually expects (check its own JS for the AJAX call it makes), or look for a current-year pump-price decree PDF instead of the stale 2021 one."
(CM),LAST_TRY_FAILED,www.orange.cm,,nan,FNB_MIXED,1,2,False,,PARTIAL / PARSE-FAILED,"Reachable, HTTP 200, but not extractable without more work (not a hard block — don't re-probe blind, but don't write off either) — both reachable with no WAF (`curl_cffi` 200 straight off). Orange's `/fr/catalogue/forfaits-voix-et-sms.html` page, however, renders as a near-empty megamenu shell in raw HTML (one stray ""FCFA"" mention, no price table) — the real bundle grid is populated client-side (Adobe-Commerce/Magento-flavoured storefront judging by the URL shape) and was not sniffed this pass; MTN's site was not probed past the homepage nav (`/offers/mobile-internet-2/`, `/offers/mtn-prestige-bundles/` links exist but weren't opened). Not pursued further this pass once `ins_cameroun_cpi` cleared the ""3 more sources"" bar on the first try; worth a real pass later with a Playwright network capture on the Orange bundle pages (same ""Playwright to discover, plain HTTP to scrape"" pattern as elsewhere in this file) or on MTN's offer pages directly."
(DZ),LAST_TRY_FAILED,myshop.dz,,nan,FNB_MIXED,2,2,False,,SKIP / NO-PRICES-ONLINE,"No products on the site (corporate marketing portal) — a Shopify-style store-builder SaaS (""Cree ta boutique en ligne en 4 minutes... Bientot disponible"" = ""coming soon""), not a retailer itself. Next.js landing page, no products."
(FJ),LAST_TRY_FAILED,fccc.gov.fj,,nan,FNB_MIXED,1,2,False,,PARTIAL / PARSE-FAILED,"FCCC website — 403 on individual pages, PDF direct links accessible — page loads via curl (browser UA) but no price tables in server-rendered HTML; content appears JS-rendered (WordPress shortcode). Price data may be in linked PDFs not indexed on /petroleum/ or /gas/ pages."
(FJ),LAST_TRY_FAILED,property.com.fj,,nan,FNB_MIXED,1,2,False,,SKIP / WAF/BOT-BLOCK,"RE-PROBE WORTH IT: recorded before 2026-08-17, when a bare-curl 403 was still read as a block. CDNs fingerprint the TLS handshake, not the User-Agent, so try curl_cffi impersonate before skipping. Cloudflare strict — Pacific Island portals (522 timeout + Cloudflare headers) — 522 timeout from non-Fiji IP; Cloudflare Orange Cloud confirmed from TLS cert owner (CN=property.com.fj, let's encrypt). Rental listings for COICOP 04.1.1. Needs residential-proxy or Playwright+stealth from within Fiji CDN zone."
(GA),LAST_TRY_FAILED,cecagadis.com,,nan,FNB_MIXED,1,1,False,,SKIP / NO-PRICES-ONLINE,"Brochure-only WordPress / no online store — WordPress/Elementor corporate site for Gabon's largest retail group (brands Cecado, CK2, GaboPrix, Géant CK'DO, Intergros, Matelec, Maxi CK'DO, Maxigros, Sogame Equip, Super CK'DO, Supergros). `/wp-json/` has no `wc/` route — **not WooCommerce** despite the workbook's platform tag. Checked 4 brand ""enseigne"" sub-pages directly: every external link on every one is Facebook/Instagram/LinkedIn, zero shop/cart/product content anywhere."
(GA),LAST_TRY_FAILED,priximport.com,,nan,FNB_MIXED,1,1,False,,SKIP / NO-PRICES-ONLINE,"Brochure-only WordPress / no online store — WordPress brochure site, 2019-dated blog, zero shop/boutique/catalogue content. Even if it had one it would be the same operator/shelf as `cerise_ga`."
(GA),LAST_TRY_FAILED,www.libregolivraisons.ga,,nan,FNB_MIXED,2,2,False,,SKIP / NO-PRICES-ONLINE,"App-only / no scrapeable web catalogue — it's a courier/delivery-fee company, not a retailer: the only `FCFA` mentions on the page are a live delivery-fee calculator, a late-delivery compensation clause, and an invoice total. No `produit`/`catalogue`/`boutique` text anywhere — there is no product catalogue behind the login wall to begin with."
(GD),LAST_TRY_FAILED,grenadagrocer.com,,nan,FNB_MIXED,3,8,False,,SKIP / NO-PRICES-ONLINE,"Placeholder / seed demo-data catalog (real API, no real prices) — `<title>Grenada Grocer – Site Description</title>` is itself a tell (default WP-import placeholder title, never replaced). WooCommerce Store API (`?rest_route=/wc/store/v1/products`) is genuinely live and unauthenticated, but the first 6 of 20 sampled products are non-grocery WooCommerce-Bookings-addon demo services at a flat `$1` USD (""Rent Your Dream Car for Single Day long tour"", ""Medical & Dental"", ""Music Learning Online"", ""Repair service Booking Online"", ""Car Wash"", ""Hair Cut Salon Booking"") — booking-plugin seed/demo data, not a real service menu. The remaining ~14 are real-looking imported pantry SKUs (Ziyad Dates, Waitrose Green Peppercorn, Cortas Tahina, Near East Taboule) at plausible USD-cent prices, but the mix with unmistakable demo-import junk (and a currency of USD, not XCD) reads as an unlaunched or abandoned WooCommerce install seeded from a generic dropship/import product feed, not a store actually trading in Grenada. Do not build."
(GU),LAST_TRY_FAILED,mnfmarket.com,,nan,FNB_MIXED,1,1,False,,SKIP / DEAD-SITE,"RE-PROBE WORTH IT: recorded before 2026-08-17, when a bare-curl 403 was still read as a block. CDNs fingerprint the TLS handshake, not the User-Agent, so try curl_cffi impersonate before skipping. Shopify store suspended (HTTP 402 payment required) — `HTTP/2 402`, `shopify-complexity-score` headers present, `cf-cache-status: DYNAMIC`. Business appears active on Instagram/Facebook (pre-order pickup Mon/Fri) but the Shopify storefront itself is billing-suspended."
(HK),LAST_TRY_FAILED,pns.hk,,nan,FNB_MIXED,2,3,False,,SKIP / RATE-LIMITED,"RE-PROBE WORTH IT: recorded before 2026-08-17, when a bare-curl 403 was still read as a block. CDNs fingerprint the TLS handshake, not the User-Agent, so try curl_cffi impersonate before skipping. Akamai tenant rate-limit / bot manager — HTTP 403 `server: AkamaiGHost` on curl AND headless Playwright (`<title>Access Denied</title>`, `errors.edgesuite.net` reference id), confirmed on both the multibuy promo page and the plain `/en/` root and a category path — whole-domain block, not path-specific. Note this is the supermarket property; `watsons_hk` (pharmacy) and `mannings` (health/beauty) both work fine on the same AS-Watson corporate tenant, so blocking is per-brand-property here, not tenant-wide — don't extrapolate PARKnSHOP's block to the working HK spiders or vice versa."
(JO),LAST_TRY_FAILED,grocerjy.com,,nan,FNB_MIXED,1,1,False,,SKIP / JS-REQUIRED,"SPA shell — no productive endpoint (lazy-load never hydrates) — Next.js SPA; the SSR shell is only 1.6KB and its `pages/index` JS chunk is a mere 2.2KB with zero API/fetch references — reads as an unfinished/pre-launch build, not a hydration-timing problem. Not deep-probed with Playwright given the thin bundle signal."
(JO),LAST_TRY_FAILED,www.grocerjy.com,,nan,FNB_MIXED,1,1,False,,SKIP / JS-REQUIRED,"SPA shell — no productive endpoint (lazy-load never hydrates) — Next.js SPA; the SSR shell is only 1.6KB and its `pages/index` JS chunk is a mere 2.2KB with zero API/fetch references — reads as an unfinished/pre-launch build, not a hydration-timing problem. Not deep-probed with Playwright given the thin bundle signal."
(KM),LAST_TRY_FAILED,comoresmarket.com,,nan,FNB_MIXED,1,1,False,,SKIP / DEAD-SITE,"Unreachable / no online storefront exists (dead candidate, not a WAF) — `curl_cffi impersonate=chrome124` fails with `TLSV1_ALERT_INTERNAL_ERROR` (server-side TLS misconfiguration, not a WAF); same failure on chrome120/chrome99/safari17_0. Plain HTTP on the bare domain 404s. Business may still be real (active Facebook page) but has no working website."
(KY),LAST_TRY_FAILED,api.freshop.ncrcloud.com,,nan,FNB_MIXED,3,3,False,,RETRY / WAF/BOT-BLOCK,"CDN connection-reset at TCP layer (`ERR_CONNECTION_RESET`) — a plain `skip=N` paging walk (this host DOES honor `skip` for these tenants, unlike WalterMart above) starts returning `400 {""error_code"":429}` after an inconsistent number of successful pages (observed onset at page ~2, ~23, ~37, ~56 across separate runs on the SAME spider/settings) — i.e. the trip point is not a deterministic function of this spider's own request rate. Self-heals given enough elapsed time (a direct re-probe of a failing `skip` value succeeded ~60s later with nothing else changed). Strong circumstantial evidence this is a budget **shared across concurrently-running agents hitting this one host from the same outbound IP**, not a per-tenant or per-request-rate limit: onset got *worse* run over run while other wave-9 agents were independently running collects in the same shared checkout (confirmed via `logs/prices/_runs/` timestamps from an unrelated Sierra Leone telecom fetcher landing seconds apart). Mitigation that helps but does not fully solve it: `CONCURRENT_REQUESTS_PER_DOMAIN: 1`, flat `DOWNLOAD_DELAY` (not AutoThrottle — see next bullet), high `RETRY_TIMES` with `400` added to `RETRY_HTTP_CODES`. No mitigation found that guarantees a full-catalog crawl compl"
(LS),LAST_TRY_FAILED,pnp.co.ls,,nan,FNB_MIXED,2,2,False,,SKIP / NO-PRICES-ONLINE,"No products on the site (corporate marketing portal) — dead DNS (`curl: (6) Could not resolve host`) on both apex and www, from `curl_cffi impersonate=chrome124` (not a bare-curl false negative — this is NXDOMAIN, no TLS handshake ever starts). Not a redirect to the SA parent — the domain simply does not resolve."
(LS),LAST_TRY_FAILED,www.pnp.co.ls,,nan,FNB_MIXED,2,2,False,,SKIP / NO-PRICES-ONLINE,"No products on the site (corporate marketing portal) — dead DNS (`curl: (6) Could not resolve host`) on both apex and www, from `curl_cffi impersonate=chrome124` (not a bare-curl false negative — this is NXDOMAIN, no TLS handshake ever starts). Not a redirect to the SA parent — the domain simply does not resolve."
(LY),LAST_TRY_FAILED,libyashop.ly,,nan,FNB_MIXED,5,6,False,,PARTIAL / PARSE-FAILED,"Reachable, HTTP 200, but not extractable without more work (not a hard block — don't re-probe blind, but don't write off either) — genuinely reachable (200) but a bare Create-React-App SPA shell with no SSR content; homepage renders (via headless Playwright) 12 featured seller names, ALL non-food (Shredz Libya/supplements, jewelry, perfume, fitness, electronics, toys, fashion) — no grocery/supermarket merchant surfaced. Backend is Firebase (Firestore + Cloud Functions, project `libya-d369a`); the old Realtime Database is explicitly disabled by the owner (`""has been disabled by a database owner""`), and Firestore's REST API (`firestore.googleapis.com/v1/projects/libya-d369a/databases/(default)/documents/<collection>`) returns `403 PERMISSION_DENIED` on `stores`/`products`/`categories` — properly secured, no anonymous read. A Playwright network capture of the homepage fired zero Firestore/Cloud-Functions calls (data likely loads only after auth or on a deeper route not linked from `/`). Not pursued further given no food merchant was visible and the backend requires an auth flow beyond this pass's scope."
(LY),LAST_TRY_FAILED,nawris.net,,nan,FNB_MIXED,2,4,False,,SKIP / NO-PRICES-ONLINE,"Placeholder / seed demo-data catalog (real API, no real prices) — the storefront and its `/api/products`, `/api/global/stores`, `/api/search` endpoints are all genuinely live (200, no auth, curl_cffi), but the entire catalog is 4 fake seed rows: `""name"":""هاتف تجريبي""` (literally ""test phone""), sold by `""store_name"":""متجر النورس التجريبي""` (literally ""Nawris demo store"") / `""تاجر تجريبي""` (""test merchant""), one row even miscategorized (a ""ball"" emoji product filed under Electronics), `stock_qty` inconsistent across near-identical rows. The 17-branches/licensed claim in the workbook does not match anything the live API serves — this is an unlaunched template install, not a live marketplace. Do not build."
(ML),LAST_TRY_FAILED,smart-market.ml,,nan,FNB_MIXED,2,2,False,,SKIP / DEAD-SITE,"Unreachable / no online storefront exists (dead candidate, not a WAF) — genuine `NXDOMAIN` against both `8.8.8.8` and `1.1.1.1`. Surfaced by search with a live-looking `/boutique/` URL in the SERP snippet, but the domain itself no longer resolves."
(MM),LAST_TRY_FAILED,shop.com.mm,,nan,FNB_MIXED,1,1,False,,SKIP / JS-REQUIRED,"SPA shell — no productive endpoint (lazy-load never hydrates) — SPA confirmed June 2026. Category pages (`/health-care/`, `/medicines/`) return only navigation chrome in SSR HTML; zero product cards or prices. Alibaba/Daraz platform. No public API endpoint found. SKIP."
(MN),LAST_TRY_FAILED,songo.mn,,nan,FNB_MIXED,1,1,False,,SKIP / NO-PRICES-ONLINE,"RE-PROBE WORTH IT: recorded before 2026-08-17, when a bare-curl 403 was still read as a block. CDNs fingerprint the TLS handshake, not the User-Agent, so try curl_cffi impersonate before skipping. App-only / no scrapeable web catalogue — ECONNREFUSED on direct fetch 2026-06-10; Facebook page active but web portal appears offline or heavily restricted. Skip until web portal confirmed operational."
(MU),LAST_TRY_FAILED,ceb.mu,,nan,FNB_MIXED,2,2,False,,PARTIAL / PARSE-FAILED,"Image-only tariff/price sources (PDF or CMS article with no machine-readable price text) — the PDF embeds a non-standard font with no usable ToUnicode CMap: both `pdfplumber` and `pdftotext -layout` return CID/private-use-area garbage instead of real text on every page. `pdftoppm`-rendered page images ARE legible on visual inspection (confirms the notice text and that rates rise up to 15% from 1 May 2026, same band structure, no restructuring) but OCR of the actual Appendix rate tables was out of scope for this pass. The fetcher ships the older, cleanly-extractable `CEBTARIFFS.pdf` (effective Feb 2024) instead — see `ceb_electricity_tariff.py`."
(NZ),LAST_TRY_FAILED,chemistwarehouse.co.nz,,nan,FNB_MIXED,1,1,False,,SKIP / RATE-LIMITED,Akamai tenant rate-limit / bot manager — Foodstuffs/Akamai stack. One bypass effort would unlock all four.
(SD),LAST_TRY_FAILED,alburujmarket.com,,nan,FNB_MIXED,1,1,False,,SKIP / DEAD-SITE,"Unreachable / no online storefront exists (dead candidate, not a WAF) — `dig alburujmarket.com @1.1.1.1` and `@8.8.8.8` both return `NXDOMAIN`; the domain has no DNS record at all despite the Facebook page actively pointing customers to it. Closes out the ""Alburuj Market"" lead flagged as not-yet-probed in the wave-8 Sudan pass."
(SG),LAST_TRY_FAILED,propertyguru.com.sg,,nan,FNB_MIXED,1,1,False,,RESOLVED / WAF/BOT-BLOCK,"Cloudflare interactive challenge (`cf-mitigated: challenge`) — ~~ — **RESOLVED 2026-05-20.** Re-probe with `curl_cffi impersonate=chrome120` returned 200 + clean SSR HTML, no Turnstile, no `cf-mitigated` header. Spider built as plain scrapy-impersonate at `src/prices/price_scraping/spiders/propertyguru_sg.py`; ~560 listings/scrape via per-district crawl. **Lesson:** always re-probe before treating a Cloudflare-challenge entry as a structural blocker — WAF posture drifts."
(SG),LAST_TRY_FAILED,www.spgroup.com.sg,,nan,FNB_MIXED,1,1,False,,SKIP / DEAD-SITE,"Stale DAM PDF URL — 200 OK serving HTML ""Page not available"" — example of a stale Magnolia link surfaced by an old search-engine snapshot. Real current docs live under `/dam/jcr:<uuid>/`. Use `WebSearch allowed_domains=[<host>]` to find the canonical current URL instead of guessing path patterns."
(SO),LAST_TRY_FAILED,hiiliye.com,,nan,FNB_MIXED,1,1,False,,SKIP / DEAD-SITE,"Unreachable / no online storefront exists (dead candidate, not a WAF) — React/Vite marketing SPA only; no web catalog and no API endpoint visible on the marketing page itself. Would need the mobile app's own API reverse-engineered."
(ST),LAST_TRY_FAILED,enco.st,,nan,FNB_MIXED,2,2,False,,SKIP / NO-PRICES-ONLINE,"App-only / no scrapeable web catalogue — the customer-facing site (Vite SPA) is real and live, and its backend API (`encoserver.exportech.com.pt`) is behind a JS ""checking your browser"" proof-of-work interstitial that beats `curl_cffi` on chrome124/chrome120/safari17_0/chrome99/chrome131 — but clears fine under a real Playwright-driven Chromium (mandatory gate: only curl failed, so this is NOT recorded as a hard WAF block). Once past the challenge the API returns exactly 1 product (a Galp motor-oil lubricant) with no price field in its schema at all (title/shortDesc/html/image/category/tags only) and exactly 1 category. The site's `/servicos.html` page confirms ENCO publishes storage CAPACITY (m3 of gasoline/diesel/JET-A1 held, filling-station counts), never retail pump prices — administered fuel prices are not published anywhere on this domain. Structural absence of price data, not a technical block."
(ST),LAST_TRY_FAILED,sokeru.st,,nan,FNB_MIXED,1,1,False,,SKIP / NO-PRICES-ONLINE,"App-only / no scrapeable web catalogue — NXDOMAIN, confirmed against `8.8.8.8` AND `1.1.1.1` explicitly (rule 15 DNS-lie check), not a sandbox resolver issue. The workbook's own note (""App-led"") predicted this correctly even before the domain died outright — the product was Android/iOS-only from the start."
(ST),LAST_TRY_FAILED,www.entrega.st,,nan,FNB_MIXED,3,3,False,,RETRY / JS-REQUIRED,"React SPA with Supabase backend — no server-rendered listings — ... Catalogue behind login - verify depth"") — Vite/React SPA over Supabase (`qhakterudpcyieehzacn.supabase.co`), publishable key recovered from the shipped JS bundle. Confirmed genuinely RLS-locked, not just ""behind a login screen a scraper could route around"": `GET /rest/v1/products` and `/rest/v1/establishments` with the shipped anon key both return `401 permission denied for table establishments` — no SELECT grant exists for the anon role on any base table. The one deliberately public surface is a curated RPC allowlist visible in the bundle (`rpc/list_public_establishment_directory`, `rpc/list_public_establishment_rating_aggregates`, `list_orderable_establishments`, plus courier/order RPCs) — none of it is a products/catalog RPC. Querying the public directory RPC (via the site's own `/lojas` page, confirmed live) returns only **4 total registered merchants platform-wide** (1 restaurant, 1 general store, 1 pharmacy, 1 bakery), with name/category/rating/open-status only — no product names, no prices, for any of them. Matches the bundle's own copy (""Espaço futuro para divulgar estabelecimentos"" / future space to promote establishments) — the platform is real but has essentially no "
(ST),LAST_TRY_FAILED,www.financas.gov.st,,nan,FNB_MIXED,1,1,False,,SKIP / WAF/BOT-BLOCK,"Genuine 403 confirmed via curl_cffi AND Playwright (mandatory gate satisfied, not a curl-TLS false negative) — resolves fine (`197.159.191.x`), but returns HTTP 403 under `curl_cffi` with chrome124/chrome120/safari17_0 impersonation AND under a real Playwright-driven headless Chromium (`status 403`, body ""403 - Forbidden / Access to this page is forbidden""). This satisfies the mandatory curl-AND-Playwright-both-fail gate before recording a genuine block. Was probed hoping for an official fuel-price decree/gazette (STP's fuel prices are administered, and ENCO's own site publishes none — see the ENCO entry above); no such document was found via any other path. `gov.st` (the main government portal) timed out entirely on the same probe rather than resolving."
(SV),LAST_TRY_FAILED,hiper europa,,nan,FNB_MIXED,2,2,False,,SKIP / DEAD-SITE,"Unreachable / no online storefront exists (dead candidate, not a WAF) — confirmed via WebSearch to be a defunct 1990s-era chain (""Hiper Europa"", founded by Edmundo/Óscar Saca) that no longer operates; press retrospectives list it among supermarkets that disappeared from the Salvadoran market. No current domain or storefront exists."
(TD/CG/GW/NE),LAST_TRY_FAILED,jumia.cg,,nan,FNB_MIXED,1,1,False,,RETRY / DEAD-SITE,"Unreachable / no online storefront exists (dead candidate, not a WAF) — all four country-TLD Jumia domains return a Cloudflare ""Just a moment…"" interstitial (HTTP 403, `cf-mgmt`-style challenge page), which reads as a squatted/reserved domain rather than live Jumia storefront infrastructure — Jumia's current active market list (~8-9 countries: Nigeria, Ivory Coast, Kenya, Ghana, Senegal, Uganda, Morocco, Egypt, Algeria) does not include any of these four. Not re-probed with Playwright since the underlying fact (no Jumia operation in-country) would not change."
(TD/CG/GW/NE),LAST_TRY_FAILED,jumia.gw,,nan,FNB_MIXED,1,1,False,,RETRY / DEAD-SITE,"Unreachable / no online storefront exists (dead candidate, not a WAF) — all four country-TLD Jumia domains return a Cloudflare ""Just a moment…"" interstitial (HTTP 403, `cf-mgmt`-style challenge page), which reads as a squatted/reserved domain rather than live Jumia storefront infrastructure — Jumia's current active market list (~8-9 countries: Nigeria, Ivory Coast, Kenya, Ghana, Senegal, Uganda, Morocco, Egypt, Algeria) does not include any of these four. Not re-probed with Playwright since the underlying fact (no Jumia operation in-country) would not change."
(TD/CG/GW/NE),LAST_TRY_FAILED,jumia.ne,,nan,FNB_MIXED,1,1,False,,RETRY / DEAD-SITE,"Unreachable / no online storefront exists (dead candidate, not a WAF) — all four country-TLD Jumia domains return a Cloudflare ""Just a moment…"" interstitial (HTTP 403, `cf-mgmt`-style challenge page), which reads as a squatted/reserved domain rather than live Jumia storefront infrastructure — Jumia's current active market list (~8-9 countries: Nigeria, Ivory Coast, Kenya, Ghana, Senegal, Uganda, Morocco, Egypt, Algeria) does not include any of these four. Not re-probed with Playwright since the underlying fact (no Jumia operation in-country) would not change."
(TD/CG/GW/NE),LAST_TRY_FAILED,jumia.td,,nan,FNB_MIXED,1,1,False,,RETRY / DEAD-SITE,"Unreachable / no online storefront exists (dead candidate, not a WAF) — all four country-TLD Jumia domains return a Cloudflare ""Just a moment…"" interstitial (HTTP 403, `cf-mgmt`-style challenge page), which reads as a squatted/reserved domain rather than live Jumia storefront infrastructure — Jumia's current active market list (~8-9 countries: Nigeria, Ivory Coast, Kenya, Ghana, Senegal, Uganda, Morocco, Egypt, Algeria) does not include any of these four. Not re-probed with Playwright since the underlying fact (no Jumia operation in-country) would not change."
(TL),LAST_TRY_FAILED,telemor.tl,,nan,FNB_MIXED,2,2,False,,SKIP / JS-REQUIRED,"RE-PROBE WORTH IT: recorded before 2026-08-17, when a bare-curl 403 was still read as a block. CDNs fingerprint the TLS handshake, not the User-Agent, so try curl_cffi impersonate before skipping. SPA shell — no productive endpoint (lazy-load never hydrates) — SPA-gated; broadband/FTTH pricing not in page source; directs to contact email `esd@telemor.tl`. No public retail price list. Skip; mobile plans page (`/Home/Products?parentCode=MOBILE`) has prices in SSR HTML — probe that instead. Checked 2026-06-10."
(TZ),LAST_TRY_FAILED,www.tanesco.co.tz,,nan,FNB_MIXED,1,1,False,,PARTIAL / PARSE-FAILED,"Image-only tariff/price sources (PDF or CMS article with no machine-readable price text) — the storefront-style corporate site is an Angular SPA with a genuinely open backend (`api/v1/documents/allActive`, no auth, `documentCategoryEnum=TARIFFS`), so the tariff PDF itself is trivial to locate — but the PDF is a single-page scanned image (`pdfplumber`: 0 chars, 5 embedded images, `extract_tables()` empty). OCR (pytesseract) would work but digit-level misreads on a tariff-rate table are a real risk for financial data; not attempted this pass since the country's source bar was already met without it."
(VN),LAST_TRY_FAILED,aeoneshop.com,,nan,FNB_MIXED,1,1,False,,SKIP / WAF/BOT-BLOCK,"RE-PROBE WORTH IT: recorded before 2026-08-17, when a bare-curl 403 was still read as a block. CDNs fingerprint the TLS handshake, not the User-Agent, so try curl_cffi impersonate before skipping. DataDome bot-protection (HTTP 403, `x-datadome` header) — HTTP 403 `server: DataDome` on curl (root and product-search paths). Playwright confirms the same wall one layer deeper: page loads a `geo.captcha-delivery.com` interactive-challenge stub (`dd={'rt':'c', ...'host':'geo.captcha-delivery.com'...}`), not just a flat 403. Second AEON property on this file now flagged DataDome (see myaeon2go.com, MY) — worth treating AEON's e-commerce vendor stack as a DataDome tenant going forward, though each is a separate storefront/country deployment, not one shared domain."
(VN),LAST_TRY_FAILED,evn.com.vn,,nan,FNB_MIXED,1,2,False,,PARTIAL / PARSE-FAILED,"Image-only tariff/price sources (PDF or CMS article with no machine-readable price text) — electricity tariff PDF (VN, EVN — state electricity) — Decision 1279/QĐ-BCT PDF (`QD1279-QD-BCT-20250509163514982.pdf`, 3.9 MB, 8 pages) is image-only (each page is one scanned image). pdfplumber extract_text() returns empty string. Values hardcoded in evn_vn_tariff fetcher. Confirmed 2026-06-15."
(VN),LAST_TRY_FAILED,food.grab.com,,nan,FNB_MIXED,2,2,False,,SKIP / NO-PRICES-ONLINE,"RE-PROBE WORTH IT: recorded before 2026-08-17, when a bare-curl 403 was still read as a block. CDNs fingerprint the TLS handshake, not the User-Agent, so try curl_cffi impersonate before skipping. App-only / no scrapeable web catalogue — same login wall as GrabFood MM; ""Login to search location"" before any restaurant/menu data visible."
(VN),LAST_TRY_FAILED,foody.vn,,nan,FNB_MIXED,2,2,False,,SKIP / NO-PRICES-ONLINE,"RE-PROBE WORTH IT: recorded before 2026-08-17, when a bare-curl 403 was still read as a block. CDNs fingerprint the TLS handshake, not the User-Agent, so try curl_cffi impersonate before skipping. App-only / no scrapeable web catalogue — login wall (21+ occurrences of ""login"" in page); restaurant menu prices not accessible without account."
(VN),LAST_TRY_FAILED,petrolimex.com.vn,,nan,FNB_MIXED,1,5,False,,PARTIAL / PARSE-FAILED,"Image-only tariff/price sources (PDF or CMS article with no machine-readable price text) — price announcements are image screenshots (PNG/WebP) embedded in VIEApps NGX CMS articles. HTML body has zero table elements; price numbers only appear in image alt="""" or data-src attributes. No public JSON API for current retail prices. Probed 2026-06-15. Bypass requires OCR of announcement image or hardcoded _KNOWN_PRICES pattern."
(VU),LAST_TRY_FAILED,unelco.engie.com,,nan,FNB_MIXED,1,1,False,,SKIP / DEAD-SITE,"RE-PROBE WORTH IT: recorded before 2026-08-17, when a bare-curl 403 was still read as a block. CDNs fingerprint the TLS handshake, not the User-Agent, so try curl_cffi impersonate before skipping. Placeholder / offline sites — no content (Vanuatu) — page returns ""We are working on something really cool"" placeholder with no tariff content. UNELCO rates available via URA tariff page (ura.gov.vu) instead."
namibia,PENDING,namibia_buynamib,https://buynamib.com/,buynamib.com,FNB_MIXED,4,6,False,,P2 - queue / NEEDS-CUSTOM-CRAWLER,Downloaded CSV batch on 2026-09-12; normalized site was not present in the base workbook | scraping ease: Easy | add as a new scrape target and crawler-creation candidate
namibia,PENDING,namibia_nambuy,https://nambuy.com/,nambuy.com,FNB_MIXED,3,4,False,,P2 - queue / NEEDS-CUSTOM-CRAWLER,Downloaded CSV batch on 2026-09-12; normalized site was not present in the base workbook | scraping ease: Easy | add as a new scrape target and crawler-creation candidate
namibia,PENDING,namibia_smartguds,https://www.smartguds.com/,smartguds.com,FNB_MIXED,2,5,False,,P2 - queue / NEEDS-CUSTOM-CRAWLER,Downloaded CSV batch on 2026-09-12; normalized site was not present in the base workbook | scraping ease: Easy | add as a new scrape target and crawler-creation candidate
namibia,PENDING,namibia_ubuy_na,https://www.ubuy.co.na/,ubuy.co.na,FNB_MIXED,2,3,False,,P2 - queue / NEEDS-CUSTOM-CRAWLER,Downloaded CSV batch on 2026-09-12; normalized site was not present in the base workbook | scraping ease: Moderate | add as a new scrape target and crawler-creation candidate
namibia,PENDING,namibia_kalaharicart_store,https://kalaharicart.store/,kalaharicart.store,FNB_MIXED,1,3,False,,P2 - queue / NEEDS-CUSTOM-CRAWLER,Downloaded CSV batch on 2026-09-12; normalized site was not present in the base workbook | scraping ease: Easy | add as a new scrape target and crawler-creation candidate
eswatini,LAST_TRY_FAILED,hausbarber_crownhaus,https://www.hausbarber.com/,hausbarber.com,UNKNOWN,0,0,False,3.0,SKIP / EMPTY-CATALOG,Generated as a crawler-ready manifest by Will's 2026-09-11 handover but it fails the enumerability gate on live probe (EMPTY-CATALOG). Not merged into configs: a manifest that cannot enumerate returns zero rows forever.
eswatini,LAST_TRY_FAILED,primedigital_services,https://primedigital.co.sz/product/website-start/,primedigital.co.sz,UNKNOWN,0,0,False,3.0,SKIP / CHILD-TASK-BLOCKED,Will's 2026-09-11 handover classified this blocked or not viable. Not re-probed here.
liechtenstein,LAST_TRY_FAILED,www.as.llv.li,,nan,UNKNOWN,0,0,False,9.0,RETRY / WAF/BOT-BLOCK,"Cloudflare interactive challenge (`cf-mitigated: challenge`) — HTTP 403 with `cf-mitigated: challenge`, a `challenges.cloudflare.com` Turnstile CSP, and `<title>Just a moment...</title>` on `curl_cffi` across `chrome124`/`chrome120`/`safari17_0`; headless Playwright confirms the same interactive Turnstile stub after an 8s wait (not a TLS-fingerprint false positive — both levers fail per the mandatory gate). The block covers the WHOLE `llv.li` zone, not just the statistics subdomain (`www.llv.li/de/news/...` CPI articles 403 identically). Genuine block; do not re-probe without a Turnstile-solving effort. Note for any future CPI attempt: the LIK news releases already found via web search state Liechtenstein's CPI is base ""Dezember 2025 = 100"" and describe adopting the Swiss national index monthly — worth re-checking on unblock whether it publishes an independent Liechtenstein-weighted series or is a straight Swiss LIK republication."
liechtenstein,LAST_TRY_FAILED,www.llv.li,,nan,UNKNOWN,0,0,False,9.0,RETRY / WAF/BOT-BLOCK,"Cloudflare interactive challenge (`cf-mitigated: challenge`) — HTTP 403 with `cf-mitigated: challenge`, a `challenges.cloudflare.com` Turnstile CSP, and `<title>Just a moment...</title>` on `curl_cffi` across `chrome124`/`chrome120`/`safari17_0`; headless Playwright confirms the same interactive Turnstile stub after an 8s wait (not a TLS-fingerprint false positive — both levers fail per the mandatory gate). The block covers the WHOLE `llv.li` zone, not just the statistics subdomain (`www.llv.li/de/news/...` CPI articles 403 identically). Genuine block; do not re-probe without a Turnstile-solving effort. Note for any future CPI attempt: the LIK news releases already found via web search state Liechtenstein's CPI is base ""Dezember 2025 = 100"" and describe adopting the Swiss national index monthly — worth re-checking on unblock whether it publishes an independent Liechtenstein-weighted series or is a straight Swiss LIK republication."
south_sudan,LAST_TRY_FAILED,opensooq_sudan_not_ss,https://sd.opensooq.com/,sd.opensooq.com,UNKNOWN,0,0,False,14.0,SKIP / CHILD-TASK-BLOCKED,Will's 2026-09-11 handover classified this blocked or not viable. Not re-probed here.
marshall_islands,LAST_TRY_FAILED,sunniesstudios_marshall,https://sunniesstudios.com/products/marshall,sunniesstudios.com,UNKNOWN,0,0,False,17.0,SKIP / CHILD-TASK-BLOCKED,Will's 2026-09-11 handover classified this blocked or not viable. Not re-probed here.
palau,LAST_TRY_FAILED,gunbroker_palau_exclusion_false_positive,https://www.gunbroker.com/item/1099653492,gunbroker.com,UNKNOWN,0,0,False,17.0,SKIP / CHILD-TASK-BLOCKED,Will's 2026-09-11 handover classified this blocked or not viable. Not re-probed here.
kiribati,LAST_TRY_FAILED,redbubble_kiribati_mug,https://www.redbubble.com/i/mug/Kiribati-by-romeobravado/51079837.9Q0AD,redbubble.com,UNKNOWN,0,0,False,20.0,SKIP / CHILD-TASK-BLOCKED,Will's 2026-09-11 handover classified this blocked or not viable. Not re-probed here.
kiribati,LAST_TRY_FAILED,volcanic_earth_near_pacific,https://www.volcanicearth.com.au/gift.html,volcanicearth.com.au,UNKNOWN,0,0,False,20.0,SKIP / CHILD-TASK-BLOCKED,Will's 2026-09-11 handover classified this blocked or not viable. Not re-probed here.
guinea,LAST_TRY_FAILED,galaxiecom_gn,https://galaxiecom.com/,galaxiecom.com,UNKNOWN,0,0,False,27.0,SKIP / CHILD-TASK-BLOCKED,Will's 2026-09-11 handover classified this blocked or not viable. Not re-probed here.
czech_republic,LAST_TRY_FAILED,www.kaufland.cz,,nan,UNKNOWN,0,0,False,136.0,SKIP / WAF/BOT-BLOCK,"Cloudflare strict (curl + Playwright both 403) — HTTP 403 on `curl_cffi` `chrome124`, `chrome120`, AND `safari17_0` (all six domain x profile combos), AND 403 on headless Playwright for kaufland.cz (11,640-byte challenge body after `domcontentloaded`, no hydration to catch) -- genuine block per the mandatory gate, not a TLS-fingerprint false positive."
czech_republic,LAST_TRY_FAILED,www.kaufland.sk,,nan,UNKNOWN,0,0,False,136.0,SKIP / WAF/BOT-BLOCK,"Cloudflare strict (curl + Playwright both 403) — HTTP 403 on `curl_cffi` `chrome124`, `chrome120`, AND `safari17_0` (all six domain x profile combos), AND 403 on headless Playwright for kaufland.cz (11,640-byte challenge body after `domcontentloaded`, no hydration to catch) -- genuine block per the mandatory gate, not a TLS-fingerprint false positive."
slovak_republic,LAST_TRY_FAILED,kaufland.cz,,nan,UNKNOWN,0,0,False,137.0,SKIP / DEAD-SITE,"SSL certificate mismatch (retired/consolidated domain) — HTTP 403 under `curl_cffi` on all three impersonation profiles tried (chrome124, chrome120, safari17_0) on both country TLDs — a shared Kaufland-group WAF policy, not a bare-curl TLS artifact. Not escalated to Playwright this pass."
slovak_republic,LAST_TRY_FAILED,kaufland.sk,,nan,UNKNOWN,0,0,False,137.0,SKIP / DEAD-SITE,"SSL certificate mismatch (retired/consolidated domain) — HTTP 403 under `curl_cffi` on all three impersonation profiles tried (chrome124, chrome120, safari17_0) on both country TLDs — a shared Kaufland-group WAF policy, not a bare-curl TLS artifact. Not escalated to Playwright this pass."
russian_federation,LAST_TRY_FAILED,lemanapro.ru,,nan,UNKNOWN,0,0,False,172.0,SKIP / WAF/BOT-BLOCK,"RE-PROBE WORTH IT: recorded before 2026-08-17, when a bare-curl 403 was still read as a block. CDNs fingerprint the TLS handshake, not the User-Agent, so try curl_cffi impersonate before skipping. Qrator anti-bot (Russian anti-DDoS, `__qrator/qauth.js` JS challenge, HTTP 401/403 titled ""HTTP 403"") — `www.` apex 301s to bare domain, which then 401s with the same shell."
russian_federation,LAST_TRY_FAILED,lenta.com,,nan,UNKNOWN,0,0,False,172.0,RETRY / WAF/BOT-BLOCK,"Qrator anti-bot (Russian anti-DDoS, `__qrator/qauth.js` JS challenge, HTTP 401/403 titled ""HTTP 403"") — curl_cffi impersonate=chrome124: HTTP 401, `server: QRATOR` response header (same vendor, this time visible in a plain header rather than only the qauth.js shell). Not re-probed with Playwright — same tenant as the confirmed auchan.ru/utkonos.ru pair."
russian_federation,LAST_TRY_FAILED,monetka.ru,,nan,UNKNOWN,0,0,False,172.0,SKIP / WAF/BOT-BLOCK,"Qrator anti-bot (Russian anti-DDoS, `__qrator/qauth.js` JS challenge, HTTP 401/403 titled ""HTTP 403"") — curl_cffi impersonate=chrome124: HTTP 401, 265-byte body, same shell signature as auchan.ru/lenta.com."
russian_federation,LAST_TRY_FAILED,www.auchan.ru,,nan,UNKNOWN,0,0,False,172.0,SKIP / WAF/BOT-BLOCK,"RE-PROBE WORTH IT: recorded before 2026-08-17, when a bare-curl 403 was still read as a block. CDNs fingerprint the TLS handshake, not the User-Agent, so try curl_cffi impersonate before skipping. Qrator anti-bot (Russian anti-DDoS, `__qrator/qauth.js` JS challenge, HTTP 401/403 titled ""HTTP 403"") — curl: HTTP 401 + `__qrator/qauth.js` shell. Playwright (headless Chromium, 6s wait): also 401, page titled ""HTTP 403"", 1262-byte body — same wall, confirms real block per this file's curl+Playwright trigger."
russian_federation,LAST_TRY_FAILED,www.citilink.ru,,nan,UNKNOWN,0,0,False,172.0,SKIP / WAF/BOT-BLOCK,"RE-PROBE WORTH IT: recorded before 2026-08-17, when a bare-curl 403 was still read as a block. CDNs fingerprint the TLS handshake, not the User-Agent, so try curl_cffi impersonate before skipping. Qrator anti-bot (Russian anti-DDoS, `__qrator/qauth.js` JS challenge, HTTP 401/403 titled ""HTTP 403"") — HTTP 429 on every request including the bare homepage, single request, cold connection (not burst-triggered)."
russian_federation,LAST_TRY_FAILED,www.karusel.ru,,nan,UNKNOWN,0,0,False,172.0,SKIP / DEAD-SITE,"Unreachable / no online storefront exists (dead candidate, not a WAF) — `curl: (6) Could not resolve host` — DNS does not resolve at all, consistent with the brand having been folded into lenta.com."
russian_federation,LAST_TRY_FAILED,www.lemanapro.ru,,nan,UNKNOWN,0,0,False,172.0,SKIP / WAF/BOT-BLOCK,"RE-PROBE WORTH IT: recorded before 2026-08-17, when a bare-curl 403 was still read as a block. CDNs fingerprint the TLS handshake, not the User-Agent, so try curl_cffi impersonate before skipping. Qrator anti-bot (Russian anti-DDoS, `__qrator/qauth.js` JS challenge, HTTP 401/403 titled ""HTTP 403"") — `www.` apex 301s to bare domain, which then 401s with the same shell."
russian_federation,LAST_TRY_FAILED,www.perekrestok.ru,,nan,UNKNOWN,0,0,False,172.0,SKIP / WAF/BOT-BLOCK,"RE-PROBE WORTH IT: recorded before 2026-08-17, when a bare-curl 403 was still read as a block. CDNs fingerprint the TLS handshake, not the User-Agent, so try curl_cffi impersonate before skipping. ServicePipe anti-bot (Russian anti-DDoS, `servicepipe.tech` challenge loader + rotated-image captcha) — curl: 200 but 1578-byte ServicePipe challenge shell. Playwright (8s wait): redirected to a `sp_rotated_captcha` image-captcha page, page title empty, 16KB body. Same infra likely shared across the whole X5 Group (Perekrestok, Pyaterochka, Kuper — see below)."
russian_federation,LAST_TRY_FAILED,www.utkonos.ru,,nan,UNKNOWN,0,0,False,172.0,SKIP / WAF/BOT-BLOCK,"RE-PROBE WORTH IT: recorded before 2026-08-17, when a bare-curl 403 was still read as a block. CDNs fingerprint the TLS handshake, not the User-Agent, so try curl_cffi impersonate before skipping. Qrator anti-bot (Russian anti-DDoS, `__qrator/qauth.js` JS challenge, HTTP 401/403 titled ""HTTP 403"") — curl: HTTP 401 + identical `__qrator/qauth.js` shell (byte-identical to auchan.ru's). Probed 2026-08-07; Playwright not separately re-run (same shell signature as the confirmed auchan.ru pair)."
russian_federation,LAST_TRY_FAILED,www.vprok.ru,,nan,UNKNOWN,0,0,False,172.0,SKIP / DEAD-SITE,"Unreachable / no online storefront exists (dead candidate, not a WAF) — HTTP 200 but the body is a themed ""Ошибка #625116"" (Error #625116) page asking the visitor to contact the resource owner, with a request-ID and echoed client IP — a bespoke WAF/edge error page, not the real site, on every path tried."
russian_federation,LAST_TRY_FAILED,www.vseinstrumenti.ru,,nan,UNKNOWN,0,0,False,172.0,SKIP / WAF/BOT-BLOCK,"RE-PROBE WORTH IT: recorded before 2026-08-17, when a bare-curl 403 was still read as a block. CDNs fingerprint the TLS handshake, not the User-Agent, so try curl_cffi impersonate before skipping. Qrator anti-bot (Russian anti-DDoS, `__qrator/qauth.js` JS challenge, HTTP 401/403 titled ""HTTP 403"") — HTTP 403, small themed error body (1.6KB) rather than the bare qauth.js shell, but same vendor family by response shape."
ukraine,LAST_TRY_FAILED,comfy.ua,,nan,UNKNOWN,0,0,False,175.0,SKIP / WAF/BOT-BLOCK,"Imperva Incapsula (212-byte JS-challenge stub) — `_Incapsula_Resource` script stub (~1KB body, HTTP 200 with `<META NAME=""ROBOTS"" CONTENT=""NOINDEX, NOFOLLOW"">` + an iframe to `/_Incapsula_Resource?SWUDNSAI=...`)."
ukraine,LAST_TRY_FAILED,eldorado.com.ua,,nan,UNKNOWN,0,0,False,175.0,SKIP / WAF/BOT-BLOCK,"CDN connection-reset at TCP layer (`ERR_CONNECTION_RESET`) — TCP-level drop (the `.ua` apex `eldorado.ua` serves a real 404, but the `.com.ua` mirror drops the connection)."
ukraine,LAST_TRY_FAILED,kyivmetro.com,,nan,UNKNOWN,0,0,False,175.0,SKIP / WAF/BOT-BLOCK,CDN connection-reset at TCP layer (`ERR_CONNECTION_RESET`) — same TCP-level drop.
ukraine,LAST_TRY_FAILED,lifecell.ua,,nan,UNKNOWN,0,0,False,175.0,SKIP / WAF/BOT-BLOCK,Imperva Incapsula (212-byte JS-challenge stub) — same Incapsula tenant signature as comfy.ua; ~960-byte stub. Likely same protection profile across the AS Watson-style cohort.
ukraine,LAST_TRY_FAILED,novus.zakaz.ua,,nan,UNKNOWN,0,0,False,175.0,SKIP / WAF/BOT-BLOCK,CDN connection-reset at TCP layer (`ERR_CONNECTION_RESET`) — 403 with 16-byte body from non-UA; Novus's main `novus.ua` loads cleanly so probe both before classifying.
ukraine,LAST_TRY_FAILED,ukrstat.gov.ua,,nan,UNKNOWN,0,0,False,175.0,SKIP / WAF/BOT-BLOCK,"CDN connection-reset at TCP layer (`ERR_CONNECTION_RESET`) — TCP-level connection drop from non-UA IPs (`curl` returns code `000`, zero bytes). Affects the entire host including direct XLS downloads, so Wayback is the only workable fallback for stats-office data without a UA residential proxy."
ukraine,LAST_TRY_FAILED,www.kyivmetro.com,,nan,UNKNOWN,0,0,False,175.0,SKIP / WAF/BOT-BLOCK,CDN connection-reset at TCP layer (`ERR_CONNECTION_RESET`) — same TCP-level drop.
(?),LAST_TRY_FAILED,fdw.fews.net,,nan,UNKNOWN,0,0,False,,RETRY / WAF/BOT-BLOCK,"AWS WAF (`awswaf.com` challenge token) — (USAID FEWS NET, all countries — REGRESSION, not a per-country issue) — the existing shared fetcher `_shared/ssa/fews_net.py` (13 countries wired, verified live 2026-08-07) now returns HTTP 202 + an `awswaf.com`/`window.gokuProps` challenge page on **every** `country_code`, including `RW` — one of the 13 already-working countries — tested with `curl_cffi impersonate=chrome124` AND `chrome120`. This is new since the module's last verification; the whole API went behind AWS WAF, not just a Uganda-specific gap (Uganda was never in the `_COUNTRIES` map to begin with). Do not add Uganda to this fetcher until the tenant-wide block is re-probed and cleared — it would fail for every country right now, not just a new one."
(AE),LAST_TRY_FAILED,spinneys.com,,nan,UNKNOWN,0,0,False,,SKIP / WAF/BOT-BLOCK,"Azure Front Door WAF (`Service unavailable / The request is blocked`) — HTTP 403, `server: Microsoft-Azure-Application-Gateway/v2`, 581-byte stub. Confirmed on curl_cffi (chrome124/chrome120/safari17_0, all 403) AND headless Playwright (403, no challenge to solve — a hard edge deny, not a JS puzzle). No network trace found an open backend."
(AO),LAST_TRY_FAILED,observatoriom-dc.sonangol.co.ao,,nan,UNKNOWN,0,0,False,,SKIP / DEAD-SITE,"Azure Web App stopped (`Error 403 - This web app is stopped`) — confirmed stopped App Service, not a WAF."
(AU),LAST_TRY_FAILED,bigw.com.au,,nan,UNKNOWN,0,0,False,,SKIP / WAF/BOT-BLOCK,"RE-PROBE WORTH IT: recorded before 2026-08-17, when a bare-curl 403 was still read as a block. CDNs fingerprint the TLS handshake, not the User-Agent, so try curl_cffi impersonate before skipping. CDN connection-reset at TCP layer (`ERR_CONNECTION_RESET`) — `curl` exits `000` (0 bytes, connection-level drop) on both plain and `-L` requests. Same Akamai/Woolworths-adjacent posture noted elsewhere in this file for the group."
(AU),LAST_TRY_FAILED,coles.com.au,,nan,UNKNOWN,0,0,False,,SKIP / WAF/BOT-BLOCK,Imperva Incapsula (212-byte JS-challenge stub) — Incapsula JS challenge; 212-byte stub on bare `scrapy-impersonate`.
(AU),LAST_TRY_FAILED,officeworks.com.au,,nan,UNKNOWN,0,0,False,,SKIP / WAF/BOT-BLOCK,"RE-PROBE WORTH IT: recorded before 2026-08-17, when a bare-curl 403 was still read as a block. CDNs fingerprint the TLS handshake, not the User-Agent, so try curl_cffi impersonate before skipping. AWS WAF (`awswaf.com` challenge token) — HTTP 405 + `x-amzn-waf-action: captcha` from CloudFront/AWS WAF on the front page."
(BB),LAST_TRY_FAILED,popular discount,,nan,UNKNOWN,0,0,False,,SKIP / DEAD-SITE,"Unreachable / no online storefront exists (dead candidate, not a WAF) — no domain found; WebSearch turns up only directory/review listings (Tripadvisor, FindYello, business directories), no retailer-operated website of any kind."
(BF),LAST_TRY_FAILED,www.jumia.bf,,nan,UNKNOWN,0,0,False,,SKIP / WAF/BOT-BLOCK,"Cloudflare interactive challenge (`cf-mitigated: challenge`) — same signature as jumia.ma/jumia.com.gh/jumia.com.ng above: HTTP 403, `<title>Just a moment...</title>`, fails `curl_cffi` across `chrome124`/`chrome120`/`safari17_0`. Confirms the shared-Cloudflare-tenant hypothesis across at least four African Jumia storefronts now."
(CN),LAST_TRY_FAILED,decathlon.com.cn,,nan,UNKNOWN,0,0,False,,SKIP / WAF/BOT-BLOCK,"RE-PROBE WORTH IT: recorded before 2026-08-17, when a bare-curl 403 was still read as a block. CDNs fingerprint the TLS handshake, not the User-Agent, so try curl_cffi impersonate before skipping. CDN connection-reset at TCP layer (`ERR_CONNECTION_RESET`) — HTTP 406 on the front page (the `decathlon.cn` apex 301-redirects here). Not investigated further — worth a browser-UA retry (406 usually means content-negotiation rejection, not a bot block) before writing this off."
(CN),LAST_TRY_FAILED,metro.cn,,nan,UNKNOWN,0,0,False,,SKIP / WAF/BOT-BLOCK,"RE-PROBE WORTH IT: recorded before 2026-08-17, when a bare-curl 403 was still read as a block. CDNs fingerprint the TLS handshake, not the User-Agent, so try curl_cffi impersonate before skipping. CDN connection-reset at TCP layer (`ERR_CONNECTION_RESET`) — TLS handshake starts then stalls mid-handshake (same IP 220.196.43.244), classic GFW-style reset from non-CN IP."
(CN),LAST_TRY_FAILED,www.maidelong.com,,nan,UNKNOWN,0,0,False,,SKIP / WAF/BOT-BLOCK,"RE-PROBE WORTH IT: recorded before 2026-08-17, when a bare-curl 403 was still read as a block. CDNs fingerprint the TLS handshake, not the User-Agent, so try curl_cffi impersonate before skipping. CDN connection-reset at TCP layer (`ERR_CONNECTION_RESET`) — TLS handshake starts then stalls mid-handshake (same IP 220.196.43.244), classic GFW-style reset from non-CN IP."
(DZ),LAST_TRY_FAILED,jumia.dz,,nan,UNKNOWN,0,0,False,,RETRY / WAF/BOT-BLOCK,"Cloudflare strict (curl + Playwright both 403) — same shared-tenant Cloudflare signature as jumia.ma/jumia.bf/jumia.sl above: HTTP 403 on curl_cffi realistic UA. Not re-probed with the full 3-profile + Playwright gate this pass (Algeria's Jumia footprint is real per Jumia's own African coverage list, but this is now the fourth Jumia storefront to show the identical wall)."
(GA),LAST_TRY_FAILED,yoboresto.com,,nan,UNKNOWN,0,0,False,,SKIP / DEAD-SITE,"API backend unreachable (frontend live, origin 404/down) — resolves and is Cloudflare-fronted, but the origin itself times out: HTTP 522 (""Connection timed out"") on repeated retries a few seconds apart, with a full Cloudflare-branded 522 error page (not a WAF challenge). Whole site is down, not just the API."
(GH),LAST_TRY_FAILED,www.jumia.com.gh,,nan,UNKNOWN,0,0,False,,SKIP / WAF/BOT-BLOCK,"Cloudflare interactive challenge (`cf-mitigated: challenge`) — HTTP 403, `<title>Just a moment...</title>` interstitial on `curl_cffi` across `chrome124`/`chrome120`/`safari17_0` AND headless Playwright (25s nav timeout, 3s wait — page never clears past the challenge). Confirmed 2026-09-01. No existing `jumia_*` spider in this repo to compare against; likely shared Cloudflare-tenant infra across other African Jumia storefronts (jumia.com.ng, jumia.co.ke, etc.) — worth a single cross-country probe rather than re-testing per country."
(GW),LAST_TRY_FAILED,casaalberto.com,,nan,UNKNOWN,0,0,False,,SKIP / DEAD-SITE,"Unreachable / no online storefront exists (dead candidate, not a WAF) — resolves 200 but is a bare client-side JS redirect stub (`window.location.href=""/lander""`) with no content — parked domain."
(HK),LAST_TRY_FAILED,uselect.com.hk,,nan,UNKNOWN,0,0,False,,SKIP / DEAD-SITE,"RE-PROBE WORTH IT: recorded before 2026-08-17, when a bare-curl 403 was still read as a block. CDNs fingerprint the TLS handshake, not the User-Agent, so try curl_cffi impersonate before skipping. SSL certificate mismatch (retired/consolidated domain) — TLS cert covers `crc.com.hk` siblings, not this hostname; HTTP 403 even with `-k`. Domain likely retired/folded into the CRV group platform."
(HK/MO),LAST_TRY_FAILED,watsons.com.hk,,nan,UNKNOWN,0,0,False,,SKIP / RATE-LIMITED,"RE-PROBE WORTH IT: recorded before 2026-08-17, when a bare-curl 403 was still read as a block. CDNs fingerprint the TLS handshake, not the User-Agent, so try curl_cffi impersonate before skipping. Akamai tenant rate-limit / bot manager — HTTP 403 from non-HK/MO IP on the Macao Click & Collect catalogue; same AS-Watson Akamai tenant profile as watsons.com.tw."
(HN),LAST_TRY_FAILED,lacolonia.com,,nan,UNKNOWN,0,0,False,,RETRY / DEAD-SITE,"Unreachable / no online storefront exists (dead candidate, not a WAF) — re-checked for El Salvador coverage per the wave-10 SV brief's instruction (""La Colonia is Honduran; check whether it trades in SV before counting it""). The live site has zero mentions of ""El Salvador"", ""San Salvador"", or any Salvadoran city/branch — Honduras-only (Tegucigalpa + San Pedro Sula). Does not count toward El Salvador."
(ID),LAST_TRY_FAILED,alfagift.id,,nan,UNKNOWN,0,0,False,,PARTIAL / PARSE-FAILED,API requires dynamic security key / JWT — `webcommerce-gw.alfagift.id/v2/products/category/{id}` — 401 without auth token; init flow not investigated.
(ID),LAST_TRY_FAILED,ap-mc.klikindomaret.com,,nan,UNKNOWN,0,0,False,,SKIP / WAF/BOT-BLOCK,AWS WAF (`awswaf.com` challenge token) — AWS WAF challenge on both site and API gateway.
(ID),LAST_TRY_FAILED,blibli.com,,nan,UNKNOWN,0,0,False,,SKIP / WAF/BOT-BLOCK,Cloudflare strict (curl + Playwright both 403) — 403 on category + PDP. Professional anti-bot.
(ID),LAST_TRY_FAILED,klikindomaret.com,,nan,UNKNOWN,0,0,False,,SKIP / WAF/BOT-BLOCK,AWS WAF (`awswaf.com` challenge token) — AWS WAF challenge on both site and API gateway.
(IN),LAST_TRY_FAILED,naturesbasket.co.in,,nan,UNKNOWN,0,0,False,,SKIP / WAF/BOT-BLOCK,"Cloudflare strict (curl + Playwright both 403) — 403 on `curl_cffi impersonate=chrome124`, `chrome120`, AND `safari17_0` (all three profiles), AND 403 on headless Playwright (117-byte body after 6s wait, no hydration to catch). Genuine WAF, not a curl-fingerprint false negative."
(JO),LAST_TRY_FAILED,www.safeway.com.jo,,nan,UNKNOWN,0,0,False,,RETRY / DEAD-SITE,"SSL certificate mismatch (retired/consolidated domain) — `curl_cffi.requests.exceptions.CertificateVerifyError: certificate has expired` on every request (not a mismatch to a sibling domain — genuinely expired, `verify=True`). Site is a real, actively-maintained ASP.NET app (New Relic RUM agent embedded, ~95KB homepage) — no hacked-WordPress/injected-spam signature, so not recorded under the malware-injection heading. Not attempted with `verify=False` given the unresolved trust chain; worth a quick re-check if the operator renews the cert, otherwise not a priority re-probe."
(KR),LAST_TRY_FAILED,auction.co.kr,,nan,UNKNOWN,0,0,False,,SKIP / WAF/BOT-BLOCK,Cloudflare strict (curl + Playwright both 403) — 403 on root and category.
(KR),LAST_TRY_FAILED,coupang.com,,nan,UNKNOWN,0,0,False,,SKIP / WAF/BOT-BLOCK,Cloudflare strict (curl + Playwright both 403) — Cloudflare-style challenges plus per-storefront login soft-walls.
(KW),LAST_TRY_FAILED,sultan-center.com,,nan,UNKNOWN,0,0,False,,SKIP / JS-REQUIRED,"RE-PROBE WORTH IT: recorded before 2026-08-17, when a bare-curl 403 was still read as a block. CDNs fingerprint the TLS handshake, not the User-Agent, so try curl_cffi impersonate before skipping. SPA shell — no productive endpoint (lazy-load never hydrates) — SPA shell (`<div id=""app""></div>`) on what looks like a Bagisto (Laravel+Vue) storefront (`""Sultan Theme""`, `/vendor/sultan/ui/` asset paths) — no `_bagisto_base.py` exists in this repo. No API endpoint recovered from static asset grep; needs a network trace."
(LK),LAST_TRY_FAILED,cargillsonline.com,,nan,UNKNOWN,0,0,False,,SKIP / JS-REQUIRED,"SPA shell — no productive endpoint (lazy-load never hydrates) — Angular SPA. After 12s wait + scroll, dump contains `{{...}}` placeholder syntax (Angular templates) for product details and only category-level `/Product/<cat>` links — `/ProductDetails/<sku>` URLs never hydrate."
(LY),LAST_TRY_FAILED,cbl.gov.ly,,nan,UNKNOWN,0,0,False,,RETRY / DEAD-SITE,"Unreachable / no online storefront exists (dead candidate, not a WAF) — whole domain (not just one page) returns Cloudflare-branded HTTP 403 on `curl_cffi impersonate=chrome124`; not re-probed with chrome120/safari17_0 or Playwright since `bsc.ly` (Bureau of Statistics and Census) already provides a live, open, text-extractable CPI series covering the same analytical role — deprioritized rather than fully worked through the mandatory gate."
(MA),LAST_TRY_FAILED,atacadao.ma,,nan,UNKNOWN,0,0,False,,RETRY / WAF/BOT-BLOCK,"Cloudflare strict (curl + Playwright both 403) — `<title>Attention Required! | Cloudflare</title>` 403 on all three curl_cffi profiles (chrome124/chrome120/safari17_0) AND on headless Playwright (403, same Cloudflare title). Genuine block per the mandatory gate — the wave-7 pass had only tried one profile; this re-probe closes it out as a confirmed dead end, not a TLS false negative."
(ML),LAST_TRY_FAILED,ikasougou.com,,nan,UNKNOWN,0,0,False,,RETRY / DEAD-SITE,"Unreachable / no online storefront exists (dead candidate, not a WAF) — resolves (45.95.182.190) but `curl_cffi impersonate=chrome124` fails with `TLSV1_ALERT_INTERNAL_ERROR`. Not re-probed with `chrome120`/`safari17_0` this pass."
(MP),LAST_TRY_FAILED,cnmicommerce.com,,nan,UNKNOWN,0,0,False,,SKIP / GEO-BLOCKED,"RE-PROBE WORTH IT: recorded before 2026-08-17, when a bare-curl 403 was still read as a block. CDNs fingerprint the TLS handshake, not the User-Agent, so try curl_cffi impersonate before skipping. Country-wide IP-fence cohort (HTTP 403 from non-target IPs, likely fine in-country) — HTTP 403 from all four hostnames, Cloudflare-fronted, branded page reads ""cannot access this website due to your location, network, or connection."" No newer non-`ver1` host exists (all four checked, all 403). Worked around for `cnmi_cpi.yaml` by falling back to the Wayback Machine mirror (captured as recently as 2025-11-10, full history back to 2003 Q1) — direct fetch is still attempted first in case the production run's own egress IP has access."
(MP),LAST_TRY_FAILED,commerce.gov.mp,,nan,UNKNOWN,0,0,False,,SKIP / GEO-BLOCKED,"RE-PROBE WORTH IT: recorded before 2026-08-17, when a bare-curl 403 was still read as a block. CDNs fingerprint the TLS handshake, not the User-Agent, so try curl_cffi impersonate before skipping. Country-wide IP-fence cohort (HTTP 403 from non-target IPs, likely fine in-country) — HTTP 403 from all four hostnames, Cloudflare-fronted, branded page reads ""cannot access this website due to your location, network, or connection."" No newer non-`ver1` host exists (all four checked, all 403). Worked around for `cnmi_cpi.yaml` by falling back to the Wayback Machine mirror (captured as recently as 2025-11-10, full history back to 2003 Q1) — direct fetch is still attempted first in case the production run's own egress IP has access."
(MP),LAST_TRY_FAILED,ver1.cnmicommerce.com,,nan,UNKNOWN,0,0,False,,SKIP / GEO-BLOCKED,"RE-PROBE WORTH IT: recorded before 2026-08-17, when a bare-curl 403 was still read as a block. CDNs fingerprint the TLS handshake, not the User-Agent, so try curl_cffi impersonate before skipping. Country-wide IP-fence cohort (HTTP 403 from non-target IPs, likely fine in-country) — HTTP 403 from all four hostnames, Cloudflare-fronted, branded page reads ""cannot access this website due to your location, network, or connection."" No newer non-`ver1` host exists (all four checked, all 403). Worked around for `cnmi_cpi.yaml` by falling back to the Wayback Machine mirror (captured as recently as 2025-11-10, full history back to 2003 Q1) — direct fetch is still attempted first in case the production run's own egress IP has access."
(MP),LAST_TRY_FAILED,www.cnmicommerce.com,,nan,UNKNOWN,0,0,False,,SKIP / GEO-BLOCKED,"RE-PROBE WORTH IT: recorded before 2026-08-17, when a bare-curl 403 was still read as a block. CDNs fingerprint the TLS handshake, not the User-Agent, so try curl_cffi impersonate before skipping. Country-wide IP-fence cohort (HTTP 403 from non-target IPs, likely fine in-country) — HTTP 403 from all four hostnames, Cloudflare-fronted, branded page reads ""cannot access this website due to your location, network, or connection."" No newer non-`ver1` host exists (all four checked, all 403). Worked around for `cnmi_cpi.yaml` by falling back to the Wayback Machine mirror (captured as recently as 2025-11-10, full history back to 2003 Q1) — direct fetch is still attempted first in case the production run's own egress IP has access."
(MU),LAST_TRY_FAILED,stc.intnet.mu,,nan,UNKNOWN,0,0,False,,SKIP / DEAD-SITE,"Unreachable / no online storefront exists (dead candidate, not a WAF) — DNS resolves cleanly (`197.224.66.134` against both `8.8.8.8` and `1.1.1.1`, ruling out a sandbox DNS lie), but both `https://` and `http://` connect attempts (`curl_cffi impersonate=chrome124`) time out after 15-20s with no TLS/TCP handshake completing. No other STC domain found (`stc.mu`, `www.stc.mu` both `NXDOMAIN`). Server appears derelict, not WAF-walled."
(MY),LAST_TRY_FAILED,decathlon.com.my,,nan,UNKNOWN,0,0,False,,SKIP / WAF/BOT-BLOCK,"RE-PROBE WORTH IT: recorded before 2026-08-17, when a bare-curl 403 was still read as a block. CDNs fingerprint the TLS handshake, not the User-Agent, so try curl_cffi impersonate before skipping. CDN connection-reset at TCP layer (`ERR_CONNECTION_RESET`) — `curl` exits `000`/`28` (connection reset/timeout) on the front page; every other Decathlon country TLD probed the same session (TH/PH/ID/HK/TW/AU/VN) returned clean 200s on the same Next.js+Algolia platform, so this looks like a Malaysia-specific gap (site not launched, or a narrower block) rather than a platform-wide issue."
(MY),LAST_TRY_FAILED,myaeon2go.com,,nan,UNKNOWN,0,0,False,,SKIP / WAF/BOT-BLOCK,"RE-PROBE WORTH IT: recorded before 2026-08-17, when a bare-curl 403 was still read as a block. CDNs fingerprint the TLS handshake, not the User-Agent, so try curl_cffi impersonate before skipping. DataDome bot-protection (HTTP 403, `x-datadome` header) — HTTP 403 on every request, `server: DataDome` + `x-datadome: protected`. Needs a real browser + DataDome solver; skip."
(MZ),LAST_TRY_FAILED,krolyc.co.mz,,nan,UNKNOWN,0,0,False,,SKIP / WAF/BOT-BLOCK,"Cloudflare interactive challenge (`cf-mitigated: challenge`) — `curl_cffi impersonate` 403 across `chrome124`/`chrome120`/`safari17_0`/`chrome99` (Cloudflare `cf-ray`, `__cf_bm` cookie set); headless Playwright confirms a real Turnstile challenge (`<title>Just a moment...</title>`, CSP referencing `challenges.cloudflare.com`), not a TLS-fingerprint false positive. Both levers fail per the mandatory gate — genuine block."
(NC),LAST_TRY_FAILED,api.bonplancaillou.nc,,nan,UNKNOWN,0,0,False,,PARTIAL / PARSE-FAILED,"API requires dynamic security key / JWT — `/api/v1/inflation/dashboard` — 401 `""Token invalide ou expiré""` on bare curl; client JS only attaches `Authorization: Bearer` when a `bonplan_token` exists in `localStorage` (i.e. logged-in users). The public `/inflation` page itself is server-rendered (Next.js, `x-nextjs-cache`, `s-maxage=300`) via a private server-side key, so the aggregate numbers are visible without login, but the raw API is not. Also: as of 2026-08 the site has only one month of data (2026-02) and explicitly shows ""Pas encore assez de relevés pour calculer une évolution"" — too thin to ship regardless of the auth wall (Phase 6 gate: 1 aggregate row, no per-product/per-store breakdown without login)."
(NG),LAST_TRY_FAILED,www.gloworld.com,,nan,UNKNOWN,0,0,False,,SKIP / WAF/BOT-BLOCK,"Cloudflare interactive challenge (`cf-mitigated: challenge`) — identical signature: HTTP 403, `Just a moment...`, `cf-mitigated: challenge`, fails all 3 `curl_cffi` profiles."
(NG),LAST_TRY_FAILED,www.jumia.com.ng,,nan,UNKNOWN,0,0,False,,SKIP / WAF/BOT-BLOCK,"Cloudflare interactive challenge (`cf-mitigated: challenge`) — same signature as jumia.com.gh: HTTP 403, `<title>Just a moment...</title>`, `cf-mitigated: challenge`, fails `curl_cffi` across `chrome124`/`chrome120`/`safari17_0`. Confirms the shared-Cloudflare-tenant hypothesis noted on the GH entry."
(PR),LAST_TRY_FAILED,econotogo.com,,nan,UNKNOWN,0,0,False,,PARTIAL / PARSE-FAILED,"API requires dynamic security key / JWT — third confirmed instance of the same LocalExpress platform and gate: anonymous JWT obtainable via `GET /rest-proxy/v2/whoami?anonymous=1` (`selectedStore: null`), but `/rest-proxy/v2/stores`, `/departments`, and `/products` all 404 without a store/address selected first, and there's no way to select one without running the JS app. Same shape as the Barbados and Grenada entries above — cracking one LocalExpress tenant's address-selection flow would likely unlock all three."
(PS),LAST_TRY_FAILED,jawwal.ps,,nan,UNKNOWN,0,0,False,,SKIP / WAF/BOT-BLOCK,"PerimeterX (per-session token, collector beacons only) — `TSPD` cookie challenge page returned even with `curl_cffi impersonate=""chrome124""`; real content never reached."
(PS),LAST_TRY_FAILED,paltel.ps,,nan,UNKNOWN,0,0,False,,SKIP / WAF/BOT-BLOCK,"PerimeterX (per-session token, collector beacons only) — identical `TSPD` signature to jawwal.ps; both Palestinian carriers share one PerimeterX tenant."
(QA),LAST_TRY_FAILED,almeera.com.qa,,nan,UNKNOWN,0,0,False,,RETRY / JS-REQUIRED,"SPA shell — no productive endpoint (lazy-load never hydrates) — Vite/Vue PWA shell (`<div id=""app""></div>`, `env-config.js` is a local-dev stub not the real runtime config); the main JS bundle is minified enough that grepping for `VITE_API` / `window.__ENV__.*` finds nothing, so the real API base couldn't be recovered without a network trace. No Playwright available this session. Worth a dedicated Playwright-discover pass — the domain itself resolves and serves 200 (unlike Ramez/KM Trading below)."
(SB),LAST_TRY_FAILED,statistics.gov.sb,,nan,UNKNOWN,0,0,False,,SKIP / WAF/BOT-BLOCK,"RE-PROBE WORTH IT: recorded before 2026-08-17, when a bare-curl 403 was still read as a block. CDNs fingerprint the TLS handshake, not the User-Agent, so try curl_cffi impersonate before skipping. Imunify360 bot-protection (415 Unsupported Media Type on REST API) — Imunify360 on all `wp-json/` calls; 415 with access-denied message. PDF direct downloads also 415 from non-SB IPs. Workaround: Wayback WP JSON API (https://web.archive.org/web/2025/https://statistics.gov.sb/wp-json/...) returns posts without bot challenge; Wayback PDF download works."
(SD),LAST_TRY_FAILED,storna-shopping.vercel.app,,nan,UNKNOWN,0,0,False,,SKIP / DEAD-SITE,"API backend unreachable (frontend live, origin 404/down) — real business (custom domain `st-orna.com` in addition to the vercel.app preview from the wave-8 brief, live Instagram/Twitter/YouTube handles referenced in the JS bundle: `instagram.com/storna` etc.), Next.js frontend renders fully (110KB HTML, `/products` `/categories` nav present). Bundle reveals the API base as `https://storna-core.laravel.cloud/api/v1` (a Laravel Cloud–hosted backend, Cloudflare-fronted) — but every path on that host, including `/` itself, returns `404` with a zero-byte body (`GET /customer/products`, `/customer/categories`, `/products` all confirmed). No BFF proxy on the `www.st-orna.com` domain either (`/api/v1/...` on that host also 404s). Backend appears decommissioned or migrated; nothing is scrapable today even though the storefront looks alive."
(SD),LAST_TRY_FAILED,www.st-orna.com,,nan,UNKNOWN,0,0,False,,SKIP / DEAD-SITE,"API backend unreachable (frontend live, origin 404/down) — real business (custom domain `st-orna.com` in addition to the vercel.app preview from the wave-8 brief, live Instagram/Twitter/YouTube handles referenced in the JS bundle: `instagram.com/storna` etc.), Next.js frontend renders fully (110KB HTML, `/products` `/categories` nav present). Bundle reveals the API base as `https://storna-core.laravel.cloud/api/v1` (a Laravel Cloud–hosted backend, Cloudflare-fronted) — but every path on that host, including `/` itself, returns `404` with a zero-byte body (`GET /customer/products`, `/customer/categories`, `/products` all confirmed). No BFF proxy on the `www.st-orna.com` domain either (`/api/v1/...` on that host also 404s). Backend appears decommissioned or migrated; nothing is scrapable today even though the storefront looks alive."
(SL),LAST_TRY_FAILED,jumia.sl,,nan,UNKNOWN,0,0,False,,SKIP / WAF/BOT-BLOCK,"Cloudflare strict (curl + Playwright both 403) — `<title>Just a moment...</title>` 403 on all three curl_cffi profiles (chrome124/chrome120/safari17_0) — genuine block per the mandatory gate. Note: Jumia's real African footprint (Nigeria, Kenya, Egypt, Morocco, Ghana, Ivory Coast, Uganda, Senegal, Tunisia, Algeria) does not include Sierra Leone, so this domain is plausibly parked/unrelated rather than a genuine Jumia storefront — not investigated further."
(SL),LAST_TRY_FAILED,shop2sitesl.com,,nan,UNKNOWN,0,0,False,,SKIP / DEAD-SITE,"Unreachable / no online storefront exists (dead candidate, not a WAF) — `dig shop2sitesl.com A @8.8.8.8` and `@1.1.1.1` both return `127.0.0.1` (the domain's own authoritative A record, not a resolver-level block or sandbox DNS lie) — a registrar-parking/expired-hosting sinkhole. `curl_cffi` cannot even open a TCP connection (`curl: (7) Could not connect to server`). Domain is derelict despite still ranking in search."
(SS),LAST_TRY_FAILED,jubamall.com,,nan,UNKNOWN,0,0,False,,SKIP / DEAD-SITE,"Unreachable / no online storefront exists (dead candidate, not a WAF) — TLS fails with ""no alternative certificate subject name matches target hostname"" on every impersonation profile — a cert/hostname mismatch, not a WAF (same class as the ""SSL certificate mismatch"" section above). No usable web catalog found; app-only."
(TD),LAST_TRY_FAILED,ndjamenamall.com,,nan,UNKNOWN,0,0,False,,SKIP / DEAD-SITE,"Unreachable / no online storefront exists (dead candidate, not a WAF) — resolves 200 but is a bare LWS (French hosting provider) domain-registration confirmation/placeholder page — zero site content has ever been built out."
(TH),LAST_TRY_FAILED,bigc.co.th,,nan,UNKNOWN,0,0,False,,SKIP / WAF/BOT-BLOCK,Cloudflare strict (curl + Playwright both 403) — Cloudflare 403 on curl AND Playwright; appear to share a protection profile.
(TH),LAST_TRY_FAILED,homepro.co.th,,nan,UNKNOWN,0,0,False,,SKIP / WAF/BOT-BLOCK,Cloudflare strict (curl + Playwright both 403) — Cloudflare 403 on curl AND Playwright; appear to share a protection profile.
(TH),LAST_TRY_FAILED,makro.co.th,,nan,UNKNOWN,0,0,False,,SKIP / WAF/BOT-BLOCK,Imperva Incapsula (212-byte JS-challenge stub) — Incapsula 403 on curl AND Playwright.
(TH),LAST_TRY_FAILED,powerbuy.co.th,,nan,UNKNOWN,0,0,False,,SKIP / WAF/BOT-BLOCK,Cloudflare strict (curl + Playwright both 403) — Cloudflare 403 on curl AND Playwright; appear to share a protection profile.
(TH),LAST_TRY_FAILED,tops.co.th,,nan,UNKNOWN,0,0,False,,SKIP / WAF/BOT-BLOCK,Cloudflare strict (curl + Playwright both 403) — Cloudflare 403 on curl AND Playwright; appear to share a protection profile.
(TL),LAST_TRY_FAILED,telkomcel.tl,,nan,UNKNOWN,0,0,False,,SKIP / DEAD-SITE,"RE-PROBE WORTH IT: recorded before 2026-08-17, when a bare-curl 403 was still read as a block. CDNs fingerprint the TLS handshake, not the User-Agent, so try curl_cffi impersonate before skipping. NSO portal SSL certificate failures — SSL certificate verification failure (`unable to verify the first certificate`) on `telkomcel.tl/p/internetrapidodemais` and subpages. Not a WAF; cert misconfiguration issue. Plans page `/page/prepaid/` returns 404. Use `requests` with `verify=False` on the root domain to check for plan pricing pages, or consult Wayback Machine. Checked 2026-06-10."
(TW),LAST_TRY_FAILED,watsons.com.tw,,nan,UNKNOWN,0,0,False,,SKIP / RATE-LIMITED,Akamai tenant rate-limit / bot manager — persistent 403.
(UG),LAST_TRY_FAILED,www.jumia.ug,,nan,UNKNOWN,0,0,False,,RETRY / WAF/BOT-BLOCK,"Cloudflare interactive challenge (`cf-mitigated: challenge`) — same signature and same shared Cloudflare tenant as jumia.com.gh/jumia.com.ng above: HTTP 403, `<title>Just a moment...</title>`, fails `curl_cffi` across `chrome124`/`chrome120`/`safari17_0`. Not re-probed with Playwright given two sibling African Jumia storefronts already confirmed the identical tenant fails it the same day — treated as the same tenant rather than re-spending the mandatory-network-trace gate a third time. Probed 2026-09-01 (wave 9, Uganda). No seller-directory alternative reachable either (same domain, same block)."
(VN),LAST_TRY_FAILED,bachhoaxanh.com,,nan,UNKNOWN,0,0,False,,SKIP / WAF/BOT-BLOCK,"CDN connection-reset at TCP layer (`ERR_CONNECTION_RESET`) — `ERR_CONNECTION_RESET` on `/` and product paths. WebFetch returns ""socket connection was closed unexpectedly""."
(VN),LAST_TRY_FAILED,lazada.vn,,nan,UNKNOWN,0,0,False,,SKIP / JS-REQUIRED,"RE-PROBE WORTH IT: recorded before 2026-08-17, when a bare-curl 403 was still read as a block. CDNs fingerprint the TLS handshake, not the User-Agent, so try curl_cffi impersonate before skipping. JS punishment redirect (session cookie + window.location.reload) — `<script>sessionStorage.x5referer=...;window.location='//…/punish?x5secdata=…'</script>` JS punishment redirect on category/search pages."
(VN),LAST_TRY_FAILED,nhathuocankhang.com,,nan,UNKNOWN,0,0,False,,SKIP / WAF/BOT-BLOCK,CDN connection-reset at TCP layer (`ERR_CONNECTION_RESET`) — same signature. Both MWG sites share infrastructure; a single bypass effort would unlock both.
(VU),LAST_TRY_FAILED,abm.vu,,nan,UNKNOWN,0,0,False,,SKIP / DEAD-SITE,"RE-PROBE WORTH IT: recorded before 2026-08-17, when a bare-curl 403 was still read as a block. CDNs fingerprint the TLS handshake, not the User-Agent, so try curl_cffi impersonate before skipping. Placeholder / offline sites — no content (Vanuatu) — ECONNREFUSED on direct fetch. Corporate domain; aubonmarche.co is the active site (brochure-only, see below)."
(VU),LAST_TRY_FAILED,aubonmarche.com.vu,,nan,UNKNOWN,0,0,False,,SKIP / DEAD-SITE,Placeholder / offline sites — no content (Vanuatu) — DNS NXDOMAIN via `curl_cffi` (`Could not resolve host`). A third distinct dead Au Bon Marché domain alongside abm.vu (ECONNREFUSED) and aubonmarche.co (brochure-only).
(VU),LAST_TRY_FAILED,vanuatudirect.com,,nan,UNKNOWN,0,0,False,,RETRY / DEAD-SITE,"Placeholder / offline sites — no content (Vanuatu) — HTTPS fails with `SSL_EOF` on both apex and `www.` (confirmed with both `curl_cffi impersonate=chrome124` and plain `requests`, so not a TLS-fingerprint block); bare HTTP on the apex redirects to `www.` and returns a plain 404. Reads as a dead/parked domain rather than a live storefront behind a WAF."
(ZA),LAST_TRY_FAILED,checkers.co.za,,nan,UNKNOWN,0,0,False,,SKIP / WAF/BOT-BLOCK,"AWS WAF (`awswaf.com` challenge token) — Next.js SSR itself fails server-side (`""serverError"":true,""loading"":true` in `__NEXT_DATA__`) and the page loads `https://<tenant>.captcha-sdk.awswaf.com/<tenant>/jsapi.js` — genuine AWS WAF CAPTCHA challenge, not a TLS-fingerprint false positive (curl_cffi impersonate=chrome124 reaches the page fine at the HTTP layer; the block is server-side/CAPTCHA, not JA3). No amount of TLS impersonation clears a real CAPTCHA gate."
(ZA),LAST_TRY_FAILED,pnp.co.za,,nan,UNKNOWN,0,0,False,,SKIP / JS-REQUIRED,"SPA shell — no productive endpoint (lazy-load never hydrates) — pure client-side SPA; homepage HTML (51KB) has no server-rendered links at all beyond favicon/asset tags (no nav, no category, no product hrefs) — everything is hydrated by a JS bundle. No API endpoint found without a Playwright network trace (not run this pass — deprioritized after `checkers.co.za` above hit a harder AWS WAF CAPTCHA and `faithful-to-nature.co.za` below hit a tooling-level block; ZA already cleared its onboarding bar via non-retail sources this wave)."
faroe_islands,LAST_TRY_FAILED,stokholm.fo,,nan,UNKNOWN,0,0,False,,RESOLVED / WAF/BOT-BLOCK,"Cloudflare strict (curl + Playwright both 403) — same ""Checking your browser"" 403 stub on `curl_cffi chrome124`. Faroese retailer; unresolved either way."
chad,LAST_TRY_FAILED,bioforce_logistics_training_ndjamena,https://www.coordinationsud.org/formation/gerer-la-logistique-dun-projet-humanitaire-n_djamena-2/,coordinationsud.org,OUT_OF_SCOPE,0,1,False,2.0,SKIP / CHILD-TASK-BLOCKED,Will's 2026-09-11 handover classified this blocked or not viable. Not re-probed here.
chad,LAST_TRY_FAILED,jumia_td,,nan,OUT_OF_SCOPE,0,1,False,2.0,SKIP / CHILD-TASK-BLOCKED,Will's 2026-09-11 handover classified this blocked or not viable. Not re-probed here.
eswatini,LAST_TRY_FAILED,biozymepharmacy,https://biozymepharmacy.com/,biozymepharmacy.com,OUT_OF_SCOPE,0,1,False,3.0,SKIP / DNSError,Generated as a crawler-ready manifest by Will's 2026-09-11 handover but it fails the enumerability gate on live probe (DNSError). Not merged into configs: a manifest that cannot enumerate returns zero rows forever.
eswatini,LAST_TRY_FAILED,emakethe_10web,https://emakethe.10web.cloud/,emakethe.10web.cloud,OUT_OF_SCOPE,0,4,False,3.0,SKIP / DNSError,Generated as a crawler-ready manifest by Will's 2026-09-11 handover but it fails the enumerability gate on live probe (DNSError). Not merged into configs: a manifest that cannot enumerate returns zero rows forever.
eswatini,LAST_TRY_FAILED,enidc_shop,https://www.enidc.org.sz/shop/,enidc.org.sz,OUT_OF_SCOPE,0,1,False,3.0,SKIP / CHILD-TASK-BLOCKED,Will's 2026-09-11 handover classified this blocked or not viable. Not re-probed here.
american_samoa,LAST_TRY_FAILED,american_samoa_pocket_guide_car_rental_cost_guide,https://americansamoapocketguide.com/what-you-need-to-hire-a-car-in-american-samoa,americansamoapocketguide.com,OUT_OF_SCOPE,0,3,False,4.0,SKIP / CHILD-TASK-BLOCKED,Will's 2026-09-11 handover classified this blocked or not viable. Not re-probed here.
american_samoa,LAST_TRY_FAILED,builtwith_american_samoa_e_commerce_technology_distribution,https://trends.builtwith.com/shop/online-store-builder/country/American-Samoa,trends.builtwith.com,OUT_OF_SCOPE,0,1,False,4.0,SKIP / CHILD-TASK-BLOCKED,Will's 2026-09-11 handover classified this blocked or not viable. Not re-probed here.
american_samoa,LAST_TRY_FAILED,cheapflights_american_samoa_car_rentals,https://www.cheapflights.com/car-rentals/american-samoa/,cheapflights.com,OUT_OF_SCOPE,0,4,False,4.0,SKIP / CHILD-TASK-BLOCKED,Will's 2026-09-11 handover classified this blocked or not viable. Not re-probed here.
american_samoa,LAST_TRY_FAILED,rnz_lbj_hospital_fee_hike_article,https://www.rnz.co.nz/international/pacific-news/205420/american-samoa-hospital-fee-hike-now-in-july,rnz.co.nz,OUT_OF_SCOPE,0,3,False,4.0,SKIP / CHILD-TASK-BLOCKED,Will's 2026-09-11 handover classified this blocked or not viable. Not re-probed here.
libya,LAST_TRY_FAILED,almoaleg,https://almoaleg.com/,almoaleg.com,OUT_OF_SCOPE,0,1,False,6.0,SKIP / CHILD-TASK-BLOCKED,Will's 2026-09-11 handover classified this blocked or not viable. Not re-probed here.
central_african_republic,PENDING,Bangui Mall,https://www.banguimall.net/,banguimall.net,OUT_OF_SCOPE,0,1,True,10.0,P1 - build now / SUSPECT,"Candidate found in the 2026-08-31 sourcing round, never built. build_tier=not scored; scrapability=nan; class=Custom"
central_african_republic,PENDING,Supermarche Prima,https://warani.cf/,warani.cf,OUT_OF_SCOPE,0,1,True,10.0,P1 - build now / SUSPECT,"Candidate found in the 2026-08-31 sourcing round, never built. build_tier=not scored; scrapability=nan; class=Custom"
central_african_republic,LAST_TRY_FAILED,nge_pack_scolarite,https://www.ngenvironnement.org/produit/pack-frais-de-scolarite-republique-centrafricaine/,ngenvironnement.org,OUT_OF_SCOPE,0,1,False,10.0,SKIP / CHILD-TASK-BLOCKED,Will's 2026-09-11 handover classified this blocked or not viable. Not re-probed here.
central_african_republic,LAST_TRY_FAILED,oko1,https://www.oko1.org/,oko1.org,OUT_OF_SCOPE,0,2,False,10.0,SKIP / CHILD-TASK-BLOCKED,Will's 2026-09-11 handover classified this blocked or not viable. Not re-probed here.
marshall_islands,LAST_TRY_FAILED,cellcom_us_false_positive,https://www.cellcom.com/flex-agreements,cellcom.com,OUT_OF_SCOPE,0,1,False,17.0,SKIP / CHILD-TASK-BLOCKED,Will's 2026-09-11 handover classified this blocked or not viable. Not re-probed here.
marshall_islands,LAST_TRY_FAILED,ideal_true_value_false_positive,https://www.idealtruevalue.com/do-it-best.aspx,idealtruevalue.com,OUT_OF_SCOPE,0,3,False,17.0,SKIP / CHILD-TASK-BLOCKED,Will's 2026-09-11 handover classified this blocked or not viable. Not re-probed here.
marshall_islands,LAST_TRY_FAILED,marshallhardware_michigan_false_positive,https://marshallhardware.com/shop,marshallhardware.com,OUT_OF_SCOPE,0,1,False,17.0,SKIP / CHILD-TASK-BLOCKED,Will's 2026-09-11 handover classified this blocked or not viable. Not re-probed here.
palau,LAST_TRY_FAILED,palau_auto_false_positive,https://palautomotive.com/collections/all,palautomotive.com,OUT_OF_SCOPE,0,1,False,17.0,SKIP / CHILD-TASK-BLOCKED,Will's 2026-09-11 handover classified this blocked or not viable. Not re-probed here.
palau,LAST_TRY_FAILED,palautoparts_false_positive,https://www.palautoparts.com/en,palautoparts.com,OUT_OF_SCOPE,0,1,False,17.0,SKIP / CHILD-TASK-BLOCKED,Will's 2026-09-11 handover classified this blocked or not viable. Not re-probed here.
palau,PENDING,palau_palau_ubuy,https://www.palau.ubuy.com/,palau.ubuy.com,OUT_OF_SCOPE,0,4,False,17.0,P2 - queue / NEEDS-CUSTOM-CRAWLER,Downloaded CSV batch on 2026-09-12; normalized site was not present in the base workbook | scraping ease: Moderate | add as a new scrape target and crawler-creation candidate
cote_divoire,PENDING,cote_divoire_ivoire,https://ivoire.shop/,ivoire.shop,OUT_OF_SCOPE,0,5,False,20.0,P2 - queue / NEEDS-CUSTOM-CRAWLER,Downloaded CSV batch on 2026-09-12; normalized site was not present in the base workbook | scraping ease: Moderate | add as a new scrape target and crawler-creation candidate
kiribati,LAST_TRY_FAILED,hardware_international_coastal_hardware,https://www.hardwareinternational.com/,hardwareinternational.com,OUT_OF_SCOPE,0,1,False,20.0,SKIP / CHILD-TASK-BLOCKED,Will's 2026-09-11 handover classified this blocked or not viable. Not re-probed here.
kiribati,LAST_TRY_FAILED,polynesian_pride_kiribati,https://www.polynesianpride.co/collections/kiribati?page=1,polynesianpride.co,OUT_OF_SCOPE,0,1,False,20.0,SKIP / CHILD-TASK-BLOCKED,Will's 2026-09-11 handover classified this blocked or not viable. Not re-probed here.
kiribati,PENDING,kiribati_kiribati_ubuy,https://www.kiribati.ubuy.com/,kiribati.ubuy.com,OUT_OF_SCOPE,0,5,False,20.0,P2 - queue / NEEDS-CUSTOM-CRAWLER,Downloaded CSV batch on 2026-09-12; normalized site was not present in the base workbook | scraping ease: Moderate | add as a new scrape target and crawler-creation candidate
burkina_faso,LAST_TRY_FAILED,plumeactive,https://plumeactive.com/,plumeactive.com,OUT_OF_SCOPE,0,2,False,21.0,SKIP / CHILD-TASK-BLOCKED,Will's 2026-09-11 handover classified this blocked or not viable. Not re-probed here.
sierra_leone,LAST_TRY_FAILED,foreign_global_eyewear_sites,https://moscot.com/en-tm/products/telena-w-blue-light-filter,moscot.com,OUT_OF_SCOPE,0,1,False,21.0,SKIP / CHILD-TASK-BLOCKED,Will's 2026-09-11 handover classified this blocked or not viable. Not re-probed here.
guinea,PENDING,BraPrime,https://www.braprime.com/,braprime.com,OUT_OF_SCOPE,0,1,True,27.0,P1 - build now / ACCEPT,"Candidate found in the 2026-08-31 sourcing round, never built. build_tier=not scored; scrapability=nan; class=Custom"
guinea,PENDING,Monmarche Guinee,https://monmarchegn.com/,monmarchegn.com,OUT_OF_SCOPE,0,1,True,27.0,P1 - build now / SUSPECT,"Candidate found in the 2026-08-31 sourcing round, never built. build_tier=not scored; scrapability=nan; class=Custom"
guinea,PENDING,Supermarche Bel Air,https://belair.gn/,belair.gn,OUT_OF_SCOPE,0,1,True,27.0,P1 - build now / SUSPECT,"Candidate found in the 2026-08-31 sourcing round, never built. build_tier=not scored; scrapability=nan; class=Custom"
guinea,LAST_TRY_FAILED,vantli_gn,https://www.vantli.com/,vantli.com,OUT_OF_SCOPE,0,2,False,27.0,SKIP / CHILD-TASK-BLOCKED,Will's 2026-09-11 handover classified this blocked or not viable. Not re-probed here.
micronesia_fed_sts,PENDING,micronesia_fed_sts_micronesia_ubuy,https://micronesia.ubuy.com/,micronesia.ubuy.com,OUT_OF_SCOPE,0,4,False,28.0,P2 - queue / NEEDS-CUSTOM-CRAWLER,Downloaded CSV batch on 2026-09-12; normalized site was not present in the base workbook | scraping ease: Moderate | add as a new scrape target and crawler-creation candidate
suriname,PENDING,suriname_geedo_sr,https://geedo.sr/,geedo.sr,OUT_OF_SCOPE,0,1,False,32.0,P2 - queue / NEEDS-CUSTOM-CRAWLER,Downloaded CSV batch on 2026-09-12; normalized site was not present in the base workbook | scraping ease: Moderate | add as a new scrape target and crawler-creation candidate
solomon_islands,LAST_TRY_FAILED,rise_beyond_the_reef_solomon_items,https://risebeyondthereef.org/collections/personal-accessories,risebeyondthereef.org,OUT_OF_SCOPE,0,1,False,34.0,SKIP / CHILD-TASK-BLOCKED,Will's 2026-09-11 handover classified this blocked or not viable. Not re-probed here.
sudan,PENDING,Talabaty,https://mytalabaty.com/,mytalabaty.com,OUT_OF_SCOPE,0,1,True,36.0,P2 - queue / SUSPECT,"Candidate found in the 2026-08-31 sourcing round, never built. build_tier=not scored; scrapability=nan; class=Custom"
angola,PENDING,Mamboo,https://site.mamboo.co.ao/,site.mamboo.co.ao,OUT_OF_SCOPE,0,1,True,38.0,P2 - queue / SUSPECT,"Candidate found in the 2026-08-31 sourcing round, never built. build_tier=not scored; scrapability=nan; class=Custom"
timor_leste,PENDING,timor_leste_timor_leste_ubuy,https://www.timor-leste.ubuy.com/,timor-leste.ubuy.com,OUT_OF_SCOPE,0,4,False,41.0,P2 - queue / NEEDS-CUSTOM-CRAWLER,Downloaded CSV batch on 2026-09-12; normalized site was not present in the base workbook | scraping ease: Moderate | add as a new scrape target and crawler-creation candidate
iceland,PENDING,Bonus,https://bonus.is/,bonus.is,OUT_OF_SCOPE,0,1,True,43.0,P2 - queue / ACCEPT,"Candidate found in the 2026-08-31 sourcing round, never built. build_tier=C - engineering required; scrapability=3.0; class=Custom"
yemen,PENDING,Bazzarry Sanaa,https://sanaa.bazzarry.com/,sanaa.bazzarry.com,OUT_OF_SCOPE,0,1,False,46.0,P2 - queue / ACCEPT,"Candidate found in the 2026-08-31 sourcing round, never built. build_tier=not scored; scrapability=nan; class=Custom"
gabon,PENDING,Ceca Gadis,https://cecagadis.ga/,cecagadis.ga,OUT_OF_SCOPE,0,1,True,48.0,P2 - queue / SUSPECT,"Candidate found in the 2026-08-31 sourcing round, never built. build_tier=not scored; scrapability=nan; class=WordPress/WooCommerce"
gabon,PENDING,Libre-Go Livraison,https://www.libregolivraisons.ga/,libregolivraisons.ga,OUT_OF_SCOPE,0,2,True,48.0,P2 - queue / SUSPECT,"Candidate found in the 2026-08-31 sourcing round, never built. build_tier=not scored; scrapability=nan; class=Custom"
belize,PENDING,Brodies Belize,https://brodiesbelize.com/,brodiesbelize.com,OUT_OF_SCOPE,0,1,True,60.0,P2 - queue / SUSPECT,"Candidate found in the 2026-08-31 sourcing round, never built. build_tier=not scored; scrapability=nan; class=WordPress/WooCommerce"
rwanda,PENDING,rwanda_egura_rw,https://egura.rw/online-shopping-rwanda/,egura.rw,OUT_OF_SCOPE,0,5,False,61.0,P2 - queue / NEEDS-CUSTOM-CRAWLER,Downloaded CSV batch on 2026-09-12; normalized site was not present in the base workbook | scraping ease: Moderate | add as a new scrape target and crawler-creation candidate
lesotho,PENDING,Pick n Pay Lesotho,https://www.pnp.co.ls/,pnp.co.ls,OUT_OF_SCOPE,0,2,True,64.0,P2 - queue / SUSPECT,"Candidate found in the 2026-08-31 sourcing round, never built. build_tier=not scored; scrapability=nan; class=Custom"
iran,PENDING,iran_madeinirani,https://madeinirani.com/shop/,madeinirani.com,OUT_OF_SCOPE,0,1,False,69.0,P2 - queue / NEEDS-CUSTOM-CRAWLER,Downloaded CSV batch on 2026-09-12; normalized site was not present in the base workbook | scraping ease: Moderate | add as a new scrape target and crawler-creation candidate
georgia,PENDING,Fresco,https://fresco.ge/,fresco.ge,OUT_OF_SCOPE,0,1,True,71.0,P2 - queue / SUSPECT,"Candidate found in the 2026-08-31 sourcing round, never built. build_tier=not scored; scrapability=nan; class=Custom"
sint_maarten_dutch_part,PENDING,sint_maarten_dutch_part_sintmaarten_ubuy,https://www.sintmaarten.ubuy.com/,sintmaarten.ubuy.com,OUT_OF_SCOPE,0,4,False,75.0,P2 - queue / NEEDS-CUSTOM-CRAWLER,Downloaded CSV batch on 2026-09-12; normalized site was not present in the base workbook | scraping ease: Moderate | add as a new scrape target and crawler-creation candidate
benin,PENDING,Erevan Benin,https://erevan.bj/,erevan.bj,OUT_OF_SCOPE,0,1,True,78.0,P2 - queue / SUSPECT,"Candidate found in the 2026-08-31 sourcing round, never built. build_tier=not scored; scrapability=nan; class=WordPress/WooCommerce"
benin,PENDING,Zemihidjo,https://zemihidjo.com/,zemihidjo.com,OUT_OF_SCOPE,0,3,True,78.0,P2 - queue / ACCEPT,"Candidate found in the 2026-08-31 sourcing round, never built. build_tier=not scored; scrapability=nan; class=Custom"
togo,PENDING,Lotie,https://lotieapp.com/,lotieapp.com,OUT_OF_SCOPE,0,1,True,79.0,P2 - queue / SUSPECT,"Candidate found in the 2026-08-31 sourcing round, never built. build_tier=not scored; scrapability=nan; class=Custom"
papua_new_guinea,PENDING,papua_new_guinea_eshop_proudspng,https://eshop.proudspng.com/,eshop.proudspng.com,OUT_OF_SCOPE,0,4,False,85.0,P2 - queue / NEEDS-CUSTOM-CRAWLER,Downloaded CSV batch on 2026-09-12; normalized site was not present in the base workbook | scraping ease: Moderate | add as a new scrape target and crawler-creation candidate
madagascar,PENDING,madagascar_store_marchemadagascar,https://store.marchemadagascar.com/,store.marchemadagascar.com,OUT_OF_SCOPE,0,2,False,87.0,P2 - queue / NEEDS-CUSTOM-CRAWLER,Downloaded CSV batch on 2026-09-12; normalized site was not present in the base workbook | scraping ease: Moderate | add as a new scrape target and crawler-creation candidate
congo_dem_rep,PENDING,Kin Marche,https://kinmarche.com/,kinmarche.com,OUT_OF_SCOPE,0,1,False,99.0,P2 - queue / ACCEPT,"Candidate found in the 2026-08-31 sourcing round, never built. build_tier=not scored; scrapability=nan; class=Custom"
congo_dem_rep,PENDING,Peloustore,https://peloustore.cd/,peloustore.cd,OUT_OF_SCOPE,0,1,False,99.0,P2 - queue / SUSPECT,"Candidate found in the 2026-08-31 sourcing round, never built. build_tier=not scored; scrapability=nan; class=WordPress/WooCommerce"
bosnia_and_herzegovina,PENDING,bosnia_and_herzegovina_bosnia_ubuy,https://www.bosnia.ubuy.com/,bosnia.ubuy.com,OUT_OF_SCOPE,0,4,False,105.0,P2 - queue / NEEDS-CUSTOM-CRAWLER,Downloaded CSV batch on 2026-09-12; normalized site was not present in the base workbook | scraping ease: Moderate | add as a new scrape target and crawler-creation candidate
bosnia_and_herzegovina,PENDING,bosnia_and_herzegovina_mojabosna,https://www.mojabosna.shop/,mojabosna.shop,OUT_OF_SCOPE,0,3,False,105.0,P2 - queue / NEEDS-CUSTOM-CRAWLER,Downloaded CSV batch on 2026-09-12; normalized site was not present in the base workbook | scraping ease: Moderate | add as a new scrape target and crawler-creation candidate
bosnia_and_herzegovina,PENDING,bosnia_and_herzegovina_geedo_ba,https://geedo.ba/,geedo.ba,OUT_OF_SCOPE,0,1,False,105.0,P2 - queue / NEEDS-CUSTOM-CRAWLER,Downloaded CSV batch on 2026-09-12; normalized site was not present in the base workbook | scraping ease: Moderate | add as a new scrape target and crawler-creation candidate
latvia,PENDING,latvia_geedo_lv,https://geedo.lv/,geedo.lv,OUT_OF_SCOPE,0,1,False,106.0,P2 - queue / NEEDS-CUSTOM-CRAWLER,Downloaded CSV batch on 2026-09-12; normalized site was not present in the base workbook | scraping ease: Moderate | add as a new scrape target and crawler-creation candidate
france,PENDING,Courses U,https://www.coursesu.com/,coursesu.com,OUT_OF_SCOPE,0,3,False,107.0,P2 - queue / ACCEPT,"Candidate found in the 2026-08-31 sourcing round, never built. build_tier=C - engineering required; scrapability=3.0; class=Custom"
france,PENDING,Monoprix,https://www.monoprix.fr/,monoprix.fr,OUT_OF_SCOPE,0,1,False,107.0,P3 - backlog / SUSPECT,"Candidate found in the 2026-08-31 sourcing round, never built. build_tier=D - hard / app / index only; scrapability=2.0; class=Custom/Enterprise"
north_macedonia,PENDING,north_macedonia_temu,https://www.temu.com/mk-en/c.html,temu.com,OUT_OF_SCOPE,0,5,False,109.0,P2 - queue / NEEDS-CUSTOM-CRAWLER,Downloaded CSV batch on 2026-09-12; normalized site was not present in the base workbook | scraping ease: Moderate | add as a new scrape target and crawler-creation candidate
cabo_verde,PENDING,Calu & Angela,https://caluangela.cv/,caluangela.cv,OUT_OF_SCOPE,0,1,False,112.0,P2 - queue / SUSPECT,"Candidate found in the 2026-08-31 sourcing round, never built. build_tier=not scored; scrapability=nan; class=WordPress/WooCommerce"
poland,PENDING,Kaufland Poland,https://www.kaufland.pl/,kaufland.pl,OUT_OF_SCOPE,0,1,False,112.0,P3 - backlog / SUSPECT,"Candidate found in the 2026-08-31 sourcing round, never built. build_tier=D - hard / app / index only; scrapability=2.0; class=Custom/Enterprise"
honduras,PENDING,honduras_ladylee,https://ladylee.net/,ladylee.net,OUT_OF_SCOPE,0,5,False,117.0,P2 - queue / NEEDS-CUSTOM-CRAWLER,Downloaded CSV batch on 2026-09-12; normalized site was not present in the base workbook | scraping ease: Moderate | add as a new scrape target and crawler-creation candidate
nicaragua,PENDING,nicaragua_miniso_ni,https://www.miniso.ni/,miniso.ni,OUT_OF_SCOPE,0,4,False,119.0,P2 - queue / NEEDS-CUSTOM-CRAWLER,Downloaded CSV batch on 2026-09-12; normalized site was not present in the base workbook | scraping ease: Moderate | add as a new scrape target and crawler-creation candidate
bulgaria,PENDING,Billa Bulgaria,https://www.billa.bg/,billa.bg,OUT_OF_SCOPE,0,1,False,125.0,P3 - backlog / SUSPECT,"Candidate found in the 2026-08-31 sourcing round, never built. build_tier=D - hard / app / index only; scrapability=2.0; class=Custom/Enterprise"
bulgaria,PENDING,Kaufland BG via Glovo,https://www.kaufland.bg/,kaufland.bg,OUT_OF_SCOPE,0,1,False,125.0,P2 - queue / ACCEPT,"Candidate found in the 2026-08-31 sourcing round, never built. build_tier=C - engineering required; scrapability=3.0; class=Custom"
italy,PENDING,Conad,https://spesaonline.conad.it/,spesaonline.conad.it,OUT_OF_SCOPE,0,1,False,127.0,P2 - queue / ACCEPT,"Candidate found in the 2026-08-31 sourcing round, never built. build_tier=C - engineering required; scrapability=3.0; class=Custom"
italy,PENDING,Coop Shop / Ipercoop,https://www.coopshop.it/,coopshop.it,OUT_OF_SCOPE,0,1,False,127.0,P2 - queue / ACCEPT,"Candidate found in the 2026-08-31 sourcing round, never built. build_tier=C - engineering required; scrapability=3.0; class=Custom"
italy,PENDING,Eurospin,https://www.eurospin.it/,eurospin.it,OUT_OF_SCOPE,0,1,False,127.0,P2 - queue / ACCEPT,"Candidate found in the 2026-08-31 sourcing round, never built. build_tier=C - engineering required; scrapability=3.0; class=Custom"
italy,PENDING,Sezamo.it,https://www.sezamo.it/,sezamo.it,OUT_OF_SCOPE,0,1,False,127.0,P1 - build now / ACCEPT,"Candidate found in the 2026-08-31 sourcing round, never built. build_tier=B - moderate effort; scrapability=4.0; class=Custom (Rohlik stack)"
tajikistan,PENDING,tajikistan_geedo_tj,https://geedo.tj/,geedo.tj,OUT_OF_SCOPE,0,1,False,130.0,P2 - queue / NEEDS-CUSTOM-CRAWLER,Downloaded CSV batch on 2026-09-12; normalized site was not present in the base workbook | scraping ease: Moderate | add as a new scrape target and crawler-creation candidate
nepal,PENDING,nepal_iwishbag,https://www.iwishbag.com/guides/online-shopping-nepal,iwishbag.com,OUT_OF_SCOPE,0,1,False,131.0,P2 - queue / NEEDS-CUSTOM-CRAWLER,Downloaded CSV batch on 2026-09-12; normalized site was not present in the base workbook | scraping ease: Moderate | add as a new scrape target and crawler-creation candidate
croatia,PENDING,Kaufland Croatia,https://www.kaufland.hr/,kaufland.hr,OUT_OF_SCOPE,0,1,False,134.0,P3 - backlog / SUSPECT,"Candidate found in the 2026-08-31 sourcing round, never built. build_tier=D - hard / app / index only; scrapability=2.0; class=Custom/Enterprise"
croatia,PENDING,Lidl Croatia,https://www.lidl.hr/,lidl.hr,OUT_OF_SCOPE,0,1,False,134.0,P3 - backlog / SUSPECT,"Candidate found in the 2026-08-31 sourcing round, never built. build_tier=D - hard / app / index only; scrapability=2.0; class=Custom/Enterprise"
greece,PENDING,Chalkiadakis,https://www.chalkiadakis.gr/,chalkiadakis.gr,OUT_OF_SCOPE,0,1,False,134.0,P2 - queue / ACCEPT,"Candidate found in the 2026-08-31 sourcing round, never built. build_tier=C - engineering required; scrapability=3.0; class=Custom"
greece,PENDING,Galaxias,https://www.galaxias.gr/,galaxias.gr,OUT_OF_SCOPE,0,1,False,134.0,P2 - queue / SUSPECT,"Candidate found in the 2026-08-31 sourcing round, never built. build_tier=C - engineering required; scrapability=3.0; class=Custom"
czech_republic,PENDING,Tesco CZ,https://nakup.itesco.cz/,nakup.itesco.cz,OUT_OF_SCOPE,0,1,False,136.0,P3 - backlog / SUSPECT,"Candidate found in the 2026-08-31 sourcing round, never built. build_tier=D - hard / app / index only; scrapability=2.0; class=Custom/Enterprise"
guyana,PENDING,guyana_geedo_gy,https://geedo.gy/,geedo.gy,OUT_OF_SCOPE,0,1,False,136.0,P2 - queue / NEEDS-CUSTOM-CRAWLER,Downloaded CSV batch on 2026-09-12; normalized site was not present in the base workbook | scraping ease: Moderate | add as a new scrape target and crawler-creation candidate
slovak_republic,PENDING,Rohlik.sk,https://www.rohlik.sk/,rohlik.sk,OUT_OF_SCOPE,0,1,False,137.0,P1 - build now / ACCEPT,"Candidate found in the 2026-08-31 sourcing round, never built. build_tier=B - moderate effort; scrapability=4.0; class=Custom (Rohlik stack)"
slovak_republic,PENDING,slovak_republic_sk_shopia_eu,https://sk.shopia.eu/,sk.shopia.eu,OUT_OF_SCOPE,0,1,False,137.0,P2 - queue / NEEDS-CUSTOM-CRAWLER,Downloaded CSV batch on 2026-09-12; normalized site was not present in the base workbook | scraping ease: Moderate | add as a new scrape target and crawler-creation candidate
slovak_republic,PENDING,slovak_republic_shopmania_sk,https://www.shopmania.sk/,shopmania.sk,OUT_OF_SCOPE,0,5,False,137.0,P2 - queue / NEEDS-CUSTOM-CRAWLER,Downloaded CSV batch on 2026-09-12; normalized site was not present in the base workbook | scraping ease: Moderate | add as a new scrape target and crawler-creation candidate
portugal,PENDING,Intermarche Portugal,https://www.intermarche.pt/,intermarche.pt,OUT_OF_SCOPE,0,1,False,139.0,P2 - queue / ACCEPT,"Candidate found in the 2026-08-31 sourcing round, never built. build_tier=C - engineering required; scrapability=3.0; class=Custom"
portugal,PENDING,Lidl Portugal,https://www.lidl.pt/,lidl.pt,OUT_OF_SCOPE,0,1,False,139.0,P3 - backlog / SUSPECT,"Candidate found in the 2026-08-31 sourcing round, never built. build_tier=D - hard / app / index only; scrapability=2.0; class=Custom/Enterprise"
portugal,PENDING,Minipreco (Dia),https://www.minipreco.pt/,minipreco.pt,OUT_OF_SCOPE,0,1,False,139.0,P2 - queue / ACCEPT,"Candidate found in the 2026-08-31 sourcing round, never built. build_tier=C - engineering required; scrapability=3.0; class=Custom"
senegal,PENDING,Exclusif (Casino Senegal),https://exclusif.sn/,exclusif.sn,OUT_OF_SCOPE,0,1,False,144.0,P2 - queue / SUSPECT,"Candidate found in the 2026-08-31 sourcing round, never built. build_tier=C - engineering required; scrapability=3.0; class=Custom"
slovenia,PENDING,Pametno.si,https://pametno.si/,pametno.si,OUT_OF_SCOPE,0,1,False,144.0,P2 - queue / ACCEPT,"Candidate found in the 2026-08-31 sourcing round, never built. build_tier=C - engineering required; scrapability=3.0; class=Custom"
slovenia,PENDING,slovenia_si_37x,https://si.37x.com/,si.37x.com,OUT_OF_SCOPE,0,5,False,144.0,P2 - queue / NEEDS-CUSTOM-CRAWLER,Downloaded CSV batch on 2026-09-12; normalized site was not present in the base workbook | scraping ease: Moderate | add as a new scrape target and crawler-creation candidate
serbia,PENDING,Mercator Serbia,https://www.mercator.rs/,mercator.rs,OUT_OF_SCOPE,0,1,False,146.0,P2 - queue / SUSPECT,"Candidate found in the 2026-08-31 sourcing round, never built. build_tier=not scored; scrapability=nan; class=Custom"
serbia,PENDING,Pametno.rs,https://pametno.rs/,pametno.rs,OUT_OF_SCOPE,0,1,False,146.0,P2 - queue / ACCEPT,"Candidate found in the 2026-08-31 sourcing round, never built. build_tier=C - engineering required; scrapability=3.0; class=Custom"
serbia,PENDING,Roda,https://roda.rs/,roda.rs,OUT_OF_SCOPE,0,1,False,146.0,P2 - queue / ACCEPT,"Candidate found in the 2026-08-31 sourcing round, never built. build_tier=not scored; scrapability=nan; class=Custom"
dominican_republic,PENDING,dominican_republic_domicentro_do,https://www.domicentro.do/,domicentro.do,OUT_OF_SCOPE,0,2,False,149.0,P2 - queue / NEEDS-CUSTOM-CRAWLER,Downloaded CSV batch on 2026-09-12; normalized site was not present in the base workbook | scraping ease: Moderate | add as a new scrape target and crawler-creation candidate
dominican_republic,PENDING,dominican_republic_dreamcleanstore_do,https://www.dreamcleanstore.com.do/,dreamcleanstore.com.do,OUT_OF_SCOPE,0,1,False,149.0,P2 - queue / NEEDS-CUSTOM-CRAWLER,Downloaded CSV batch on 2026-09-12; normalized site was not present in the base workbook | scraping ease: Moderate | add as a new scrape target and crawler-creation candidate
estonia,PENDING,Coop Estonia,https://ecoop.ee/,ecoop.ee,OUT_OF_SCOPE,0,1,False,152.0,P2 - queue / ACCEPT,"Candidate found in the 2026-08-31 sourcing round, never built. build_tier=C - engineering required; scrapability=3.0; class=Custom"
costa_rica,PENDING,costa_rica_tipscr,https://tipscr.com/,tipscr.com,OUT_OF_SCOPE,0,3,False,155.0,P2 - queue / NEEDS-CUSTOM-CRAWLER,Downloaded CSV batch on 2026-09-12; normalized site was not present in the base workbook | scraping ease: Moderate | add as a new scrape target and crawler-creation candidate
netherlands,PENDING,Crisp,https://crisp.nl/,crisp.nl,OUT_OF_SCOPE,0,1,False,159.0,P2 - queue / ACCEPT,"Candidate found in the 2026-08-31 sourcing round, never built. build_tier=C - engineering required; scrapability=3.0; class=Custom"
romania,PENDING,Profi,https://www.profi.ro/,profi.ro,OUT_OF_SCOPE,0,1,False,160.0,P2 - queue / ACCEPT,"Candidate found in the 2026-08-31 sourcing round, never built. build_tier=C - engineering required; scrapability=3.0; class=Custom"
romania,PENDING,romania_compari_ro,https://www.compari.ro/,compari.ro,OUT_OF_SCOPE,0,9,False,160.0,P2 - queue / NEEDS-CUSTOM-CRAWLER,Downloaded CSV batch on 2026-09-12; normalized site was not present in the base workbook | scraping ease: Moderate | add as a new scrape target and crawler-creation candidate
romania,PENDING,romania_pricy_ro,https://www.pricy.ro/magazine,pricy.ro,OUT_OF_SCOPE,0,1,False,160.0,P2 - queue / NEEDS-CUSTOM-CRAWLER,Downloaded CSV batch on 2026-09-12; normalized site was not present in the base workbook | scraping ease: Moderate | add as a new scrape target and crawler-creation candidate
united_arab_emirates,PENDING,united_arab_emirates_uae_sharafdg,https://uae.sharafdg.com/,uae.sharafdg.com,OUT_OF_SCOPE,0,3,False,161.0,P2 - queue / NEEDS-CUSTOM-CRAWLER,Downloaded CSV batch on 2026-09-12; normalized site was not present in the base workbook | scraping ease: Moderate | add as a new scrape target and crawler-creation candidate
united_arab_emirates,PENDING,united_arab_emirates_jumbo_ae,https://www.jumbo.ae/,jumbo.ae,OUT_OF_SCOPE,0,2,False,161.0,P2 - queue / NEEDS-CUSTOM-CRAWLER,Downloaded CSV batch on 2026-09-12; normalized site was not present in the base workbook | scraping ease: Moderate | add as a new scrape target and crawler-creation candidate
united_arab_emirates,PENDING,united_arab_emirates_mumzworld,https://www.mumzworld.com/,mumzworld.com,OUT_OF_SCOPE,0,2,False,161.0,P2 - queue / NEEDS-CUSTOM-CRAWLER,Downloaded CSV batch on 2026-09-12; normalized site was not present in the base workbook | scraping ease: Moderate | add as a new scrape target and crawler-creation candidate
ireland,PENDING,ireland_niche_beauty,https://www.niche-beauty.com/en-ie,niche-beauty.com,OUT_OF_SCOPE,0,2,False,165.0,P2 - queue / NEEDS-CUSTOM-CRAWLER,Downloaded CSV batch on 2026-09-12; normalized site was not present in the base workbook | scraping ease: Moderate | add as a new scrape target and crawler-creation candidate
ireland,PENDING,ireland_ie_quicktoshop,https://ie.quicktoshop.com/,ie.quicktoshop.com,OUT_OF_SCOPE,0,4,False,165.0,P2 - queue / NEEDS-CUSTOM-CRAWLER,Downloaded CSV batch on 2026-09-12; normalized site was not present in the base workbook | scraping ease: Moderate | add as a new scrape target and crawler-creation candidate
ireland,PENDING,ireland_shopmania_ie,https://www.shopmania.ie/,shopmania.ie,OUT_OF_SCOPE,0,6,False,165.0,P2 - queue / NEEDS-CUSTOM-CRAWLER,Downloaded CSV batch on 2026-09-12; normalized site was not present in the base workbook | scraping ease: Moderate | add as a new scrape target and crawler-creation candidate
united_kingdom,PENDING,Iceland,https://www.iceland.co.uk/,iceland.co.uk,OUT_OF_SCOPE,0,1,False,166.0,P3 - backlog / SUSPECT,"Candidate found in the 2026-08-31 sourcing round, never built. build_tier=D - hard / app / index only; scrapability=2.0; class=Custom/Enterprise"
united_kingdom,PENDING,Ocado,https://www.ocado.com/,ocado.com,OUT_OF_SCOPE,0,1,False,166.0,P3 - backlog / SUSPECT,"Candidate found in the 2026-08-31 sourcing round, never built. build_tier=D - hard / app / index only; scrapability=2.0; class=Custom/Enterprise"
mauritius,PENDING,mauritius_aromadrop_mu,https://aromadrop.mu/,aromadrop.mu,OUT_OF_SCOPE,0,1,False,170.0,P2 - queue / NEEDS-CUSTOM-CRAWLER,Downloaded CSV batch on 2026-09-12; normalized site was not present in the base workbook | scraping ease: Moderate | add as a new scrape target and crawler-creation candidate
russian_federation,LAST_TRY_FAILED,kuper.ru,,nan,OUT_OF_SCOPE,0,1,False,172.0,SKIP / WAF/BOT-BLOCK,"RE-PROBE WORTH IT: recorded before 2026-08-17, when a bare-curl 403 was still read as a block. CDNs fingerprint the TLS handshake, not the User-Agent, so try curl_cffi impersonate before skipping. ServicePipe anti-bot (Russian anti-DDoS, `servicepipe.tech` challenge loader + rotated-image captcha) — identical ServicePipe shell (same `get_location()`/`get_options()` structure, different hashes). Not separately Playwright-confirmed but byte-for-byte same signature as the confirmed perekrestok.ru pair — same tenant."
russian_federation,LAST_TRY_FAILED,www.chitai-gorod.ru,,nan,OUT_OF_SCOPE,0,1,False,172.0,RETRY / WAF/BOT-BLOCK,"DDoS-Guard (Russian anti-bot, `DDOS-GUARD` page title, `/.well-known/ddos-guard/js-challenge/`) — UPDATE 2026-08-07 (shard A3 resume): now a confirmed hard block, supersedes the 2026-08-07 ""not extractable"" entry below.** curl on `/product/<id>`: HTTP 403, 898-byte body, `<title>DDoS-Guard</title>`, `check.ddos-guard.net/check.js`. Playwright (headless Chromium, 8s wait): page title `DDOS-GUARD`, 4739-byte body — same wall. The sitemap-index request that looked clean in the original probe (`/sitemap.xml` → `/sitemap/products1.xml`) still returns HTTP 200 (DDoS-Guard appears to allow sitemap crawling but gate `/product/` pages specifically), so the original ""timeout, not diagnosed"" verdict undersold it: this is now a clean block signature, not a flaky timeout. COICOP 09 (books/culture) gap remains open elsewhere. Do not re-probe without a residential proxy / captcha-solving setup."
russian_federation,LAST_TRY_FAILED,www.dns-shop.ru,,nan,OUT_OF_SCOPE,0,1,False,172.0,RETRY / WAF/BOT-BLOCK,"Qrator anti-bot (Russian anti-DDoS, `__qrator/qauth.js` JS challenge, HTTP 401/403 titled ""HTTP 403"") — curl: HTTP 401, `qrator_jsr` challenge cookie set on the homepage visit, product-sitemap discovery works (`sitemap-products1..N.xml`, dated today) but every page request 401s. Probed 2026-08-07. Worth revisiting with a Qrator-solving browser session if RU electronics coverage becomes a priority — sitemap + page structure otherwise look tractable."
spain,PENDING,Sezamo.es,https://www.sezamo.es/,sezamo.es,OUT_OF_SCOPE,0,1,False,186.0,P1 - build now / ACCEPT,"Candidate found in the 2026-08-31 sourcing round, never built. build_tier=B - moderate effort; scrapability=4.0; class=Custom (Rohlik stack)"
egypt,PENDING,Kazyon,https://kazyon.com/,kazyon.com,OUT_OF_SCOPE,0,1,False,191.0,P2 - queue / ACCEPT,"Candidate found in the 2026-08-31 sourcing round, never built. build_tier=C - engineering required; scrapability=3.0; class=Custom"
mexico,PENDING,mexico_sukimuki,https://sukimuki.com/collections/perfumes-de-nicho-mexico,sukimuki.com,OUT_OF_SCOPE,0,1,False,192.0,P2 - queue / NEEDS-CUSTOM-CRAWLER,Downloaded CSV batch on 2026-09-12; normalized site was not present in the base workbook | scraping ease: Easy | add as a new scrape target and crawler-creation candidate
thailand,PENDING,thailand_central_th,https://www.central.co.th/,central.co.th,OUT_OF_SCOPE,0,2,False,202.0,P2 - queue / NEEDS-CUSTOM-CRAWLER,Downloaded CSV batch on 2026-09-12; normalized site was not present in the base workbook | scraping ease: Moderate | add as a new scrape target and crawler-creation candidate
thailand,PENDING,thailand_advice_th,https://www.advice.co.th/,advice.co.th,OUT_OF_SCOPE,0,3,False,202.0,P2 - queue / NEEDS-CUSTOM-CRAWLER,Downloaded CSV batch on 2026-09-12; normalized site was not present in the base workbook | scraping ease: Moderate | add as a new scrape target and crawler-creation candidate
thailand,PENDING,thailand_jib_th,https://www.jib.co.th/,jib.co.th,OUT_OF_SCOPE,0,3,False,202.0,P2 - queue / NEEDS-CUSTOM-CRAWLER,Downloaded CSV batch on 2026-09-12; normalized site was not present in the base workbook | scraping ease: Moderate | add as a new scrape target and crawler-creation candidate
thailand,PENDING,thailand_thaiwatsadu,https://www.thaiwatsadu.com/,thaiwatsadu.com,OUT_OF_SCOPE,0,1,False,202.0,P2 - queue / NEEDS-CUSTOM-CRAWLER,Downloaded CSV batch on 2026-09-12; normalized site was not present in the base workbook | scraping ease: Moderate | add as a new scrape target and crawler-creation candidate
kenya,PENDING,Cleanshelf,https://cleanshelf.co.ke/,cleanshelf.co.ke,OUT_OF_SCOPE,0,1,False,204.0,P2 - queue / ACCEPT,"Candidate found in the 2026-08-31 sourcing round, never built. build_tier=C - engineering required; scrapability=3.0; class=Custom"
kenya,PENDING,Eastmatt,https://eastmatt.co.ke/,eastmatt.co.ke,OUT_OF_SCOPE,0,1,False,204.0,P2 - queue / SUSPECT,"Candidate found in the 2026-08-31 sourcing round, never built. build_tier=C - engineering required; scrapability=3.0; class=Custom"
kenya,PENDING,Khetias,https://khetias.com/,khetias.com,OUT_OF_SCOPE,0,1,False,204.0,P2 - queue / SUSPECT,"Candidate found in the 2026-08-31 sourcing round, never built. build_tier=C - engineering required; scrapability=3.0; class=Custom"
kenya,PENDING,Uber Eats Kenya,https://www.ubereats.com/ke,ubereats.com,OUT_OF_SCOPE,0,1,False,204.0,P3 - backlog / SUSPECT,"Candidate found in the 2026-08-31 sourcing round, never built. build_tier=D - hard / app / index only; scrapability=2.0; class=Custom/Enterprise"
(BB),LAST_TRY_FAILED,nassco,,nan,OUT_OF_SCOPE,0,3,False,,SKIP / DEAD-SITE,"Unreachable / no online storefront exists (dead candidate, not a WAF) — resolves to `nassco-barbados.com`, not the `.com.bb`/`nasscoltd.com` guesses in the wave-8 brief. Confirmed via WebSearch to be National Automotive Sales and Service Company (Toyota dealer/parts distributor), not a hardware store as the brief assumed — and has no online shopping regardless."
(BD),LAST_TRY_FAILED,osudpotro.com,,nan,OUT_OF_SCOPE,0,2,False,,SKIP / JS-REQUIRED,"SPA shell — no productive endpoint (lazy-load never hydrates) — listing URL `/category/buy-over-the-counter-medicine-online-in-dhaka` renders **disease cards** (`<a href=""/disease/..."">`) not product cards. Catalog is by-disease; needs a different entry URL or direct PDP list."
(BR),LAST_TRY_FAILED,dadosabertos.aneel.gov.br,,nan,OUT_OF_SCOPE,0,1,False,,SKIP / WAF/BOT-BLOCK,"RE-PROBE WORTH IT: recorded before 2026-08-17, when a bare-curl 403 was still read as a block. CDNs fingerprint the TLS handshake, not the User-Agent, so try curl_cffi impersonate before skipping. CDN connection-reset at TCP layer (`ERR_CONNECTION_RESET`) — `package_search` endpoint does not respond at all (curl exits `000`, >120s, no TCP-level response) even on a plain unauthenticated GET. Not a WAF block (no challenge page, no status code at all) — looks like the CKAN instance itself is down or geo-fenced. Division-04 lead for Brazil (would have covered per-distributor tariffs); not pursued further."
(CM),LAST_TRY_FAILED,cameroon.opendataforafrica.org,,nan,OUT_OF_SCOPE,0,1,False,,SKIP / WAF/BOT-BLOCK,"Cloudflare interactive challenge (`cf-mitigated: challenge`) — `goto` with headless Playwright never reaches `networkidle` (persistent connections); a `domcontentloaded` load shows a live interactive Turnstile widget (`challenges.cloudflare.com/turnstile/...`) plus `/cdn-cgi/challenge-platform/...` orchestration calls, not a simple JS-execution stub. This is a genuine block, not a TLS-fingerprint false positive — `curl_cffi impersonate=chrome124` was not separately retried since the Playwright trace already shows an interactive CAPTCHA widget rendering, which TLS impersonation cannot solve. Abandoned in favor of `ins-cameroun.cm`'s own domain, which publishes the same CPI series as a monthly PDF with no WAF at all (see `ins_cameroun_cpi` fetcher)."
(CM),LAST_TRY_FAILED,nso-cameroon.opendataforafrica.org,,nan,OUT_OF_SCOPE,0,1,False,,SKIP / WAF/BOT-BLOCK,"Cloudflare interactive challenge (`cf-mitigated: challenge`) — `goto` with headless Playwright never reaches `networkidle` (persistent connections); a `domcontentloaded` load shows a live interactive Turnstile widget (`challenges.cloudflare.com/turnstile/...`) plus `/cdn-cgi/challenge-platform/...` orchestration calls, not a simple JS-execution stub. This is a genuine block, not a TLS-fingerprint false positive — `curl_cffi impersonate=chrome124` was not separately retried since the Playwright trace already shows an interactive CAPTCHA widget rendering, which TLS impersonation cannot solve. Abandoned in favor of `ins-cameroun.cm`'s own domain, which publishes the same CPI series as a monthly PDF with no WAF at all (see `ins_cameroun_cpi` fetcher)."
(DZ),LAST_TRY_FAILED,uno.dz,,nan,OUT_OF_SCOPE,0,1,False,,SKIP / DEAD-SITE,"Unreachable / no online storefront exists (dead candidate, not a WAF) — resolves 200 but is an unrelated domain squat serving Booking.com's own front-end assets (`og:site_name` and OG namespace both `booking_com`, `b_chrome` CSS classes) — not the Algerian retailer at all, a false lead from the obvious short-name guess."
(FJ),LAST_TRY_FAILED,bas.com.fj,,nan,OUT_OF_SCOPE,0,1,False,,SKIP / JS-REQUIRED,"RE-PROBE WORTH IT: recorded before 2026-08-17, when a bare-curl 403 was still read as a block. CDNs fingerprint the TLS handshake, not the User-Agent, so try curl_cffi impersonate before skipping. React SPA with Supabase backend — no server-rendered listings — React SPA. Supabase backend at `bflgucswqljuhmkhilvv.supabase.co`. HTML source contains only `<div id=""root""></div>` shell. 42,000+ listings in Suva/Nadi/Lautoka. Check whether `supabase.co` PostgREST API is publicly accessible without anon-key headers — if so, Tier 1B (scrapy_api). Otherwise needs Playwright network-capture to sniff the Supabase REST endpoint."
(GD),LAST_TRY_FAILED,shop.realvalueiga.com,,nan,OUT_OF_SCOPE,0,1,False,,PARTIAL / PARSE-FAILED,"API requires dynamic security key / JWT — confirmed independently 2026-09-01 (lac-agent-A). `GET /rest-proxy/v2/whoami?anonymous=1` returns 200 with an anonymous JWT AND a pre-populated `selectedStore: ""4140""` (unlike the Barbados/PR siblings below, which get `selectedStore: null`) — but every guessed REST path (`/rest-proxy/v2/stores/4140/departments`, `/rest-proxy/v2/departments`, `/rest-proxy/v2/stores/4140`, `/rest-proxy/v2/stores`) 404s to the SPA-shell fallback HTML, and a Playwright load of `/` with a 5s+3s wait fires zero `rest-proxy`/`api` network requests at all — the department/product listing only starts once the client-side address-picker JS actually runs (client-side routing means the path guesses above 404 rather than 200-with-empty-body). Same LocalExpress platform/gate as the Barbados and Puerto Rico entries below. NOT pursued further for Grenada because a working alternative was found on a different platform (CaribeEats' `caribeshop--gnd`, see the config's YAML notes) — this entry remains open for whoever tries to crack the LocalExpress address-selection flow generally."
(KH),LAST_TRY_FAILED,khmer24.com,,nan,OUT_OF_SCOPE,0,2,False,,SKIP / WAF/BOT-BLOCK,"RE-PROBE WORTH IT: recorded before 2026-08-17, when a bare-curl 403 was still read as a block. CDNs fingerprint the TLS handshake, not the User-Agent, so try curl_cffi impersonate before skipping. Cloudflare strict (curl + Playwright both 403) — HTTP 403 + Cloudflare Turnstile challenge page on curl with realistic Chrome UA; cf-ray ID confirmed in response body. Covers cars, real estate, electronics."
(LA),LAST_TRY_FAILED,laostatefuel.com,,nan,OUT_OF_SCOPE,0,1,False,,SKIP / WAF/BOT-BLOCK,"RE-PROBE WORTH IT: recorded before 2026-08-17, when a bare-curl 403 was still read as a block. CDNs fingerprint the TLS handshake, not the User-Agent, so try curl_cffi impersonate before skipping. Cloudflare ""One moment please"" interstitial (JS challenge, intermittent) — WebFetch returns interstitial but curl with browser UA returns full HTML 2026-06-15. Fetcher uses requests; works fine."
(MG),LAST_TRY_FAILED,supermarche.mg,,nan,OUT_OF_SCOPE,0,2,False,,SKIP / DEAD-SITE,"SSL certificate mismatch (retired/consolidated domain) — "") — rule-19 sibling of the already-onboarded `mescourses` source, confirmed by the strongest possible signal: the TLS certificate served on `supermarche.mg:443` is issued for CN=`mescourses.mg`, so curl fails with ""SSL: no alternative certificate subject name matches target host name 'supermarche.mg'"" on every request. This is the same fact the existing `mescourses.yaml` notes already recorded (supermarche.mg is the old brand, 302-redirects to mescourses.mg once a valid cert/Host header is presented) — re-confirmed live 2026-09-01. Not a second source; do not build."
(MM),LAST_TRY_FAILED,mymedicine.com.mm,,nan,OUT_OF_SCOPE,0,2,False,,SKIP / WAF/BOT-BLOCK,Cloudflare strict (curl + Playwright both 403) — 403 on `/shop` and `/categories`. Myanmar online pharmacy; confirmed blocked June 2026. MEDiCARE (medicarehb.com.mm) is a viable alternative for COICOP 06.
(MN),LAST_TRY_FAILED,er.erc.mn,,nan,OUT_OF_SCOPE,0,2,False,,SKIP / DEAD-SITE,"RE-PROBE WORTH IT: recorded before 2026-08-17, when a bare-curl 403 was still read as a block. CDNs fingerprint the TLS handshake, not the User-Agent, so try curl_cffi impersonate before skipping. NSO portal SSL certificate failures — SSL cert expired 2026-06-10. Use `erc.gov.mn` (cert valid) for electricity tariff pages."
(MN),LAST_TRY_FAILED,erc.mn,,nan,OUT_OF_SCOPE,0,2,False,,SKIP / DEAD-SITE,"RE-PROBE WORTH IT: recorded before 2026-08-17, when a bare-curl 403 was still read as a block. CDNs fingerprint the TLS handshake, not the User-Agent, so try curl_cffi impersonate before skipping. NSO portal SSL certificate failures — SSL cert expired 2026-06-10. Use `erc.gov.mn` (cert valid) for electricity tariff pages."
(MN),LAST_TRY_FAILED,unegui.mn,,nan,OUT_OF_SCOPE,0,1,False,,SKIP / GEO-BLOCKED,"RE-PROBE WORTH IT: recorded before 2026-08-17, when a bare-curl 403 was still read as a block. CDNs fingerprint the TLS handshake, not the User-Agent, so try curl_cffi impersonate before skipping. Country-wide IP-fence cohort (HTTP 403 from non-target IPs, likely fine in-country) — HTTP 403 from non-Mongolian IP; likely works from MN residential IP. Mongolia's main classifieds/real-estate portal. Application-tier IP allowlist, not Cloudflare. Needs in-country residential IP probe before building spider."
(PH),LAST_TRY_FAILED,www.landers.ph,,nan,OUT_OF_SCOPE,0,1,False,,SKIP / WAF/BOT-BLOCK,"RE-PROBE WORTH IT: recorded before 2026-08-17, when a bare-curl 403 was still read as a block. CDNs fingerprint the TLS handshake, not the User-Agent, so try curl_cffi impersonate before skipping. Cloudflare interactive challenge (`cf-mitigated: challenge`) — front door is `cf-mitigated: challenge` (Turnstile) on curl; `curl_cffi impersonate=chrome120` DOES bypass it (200, real SPA shell served). But that only gets you the empty CRA shell — the real Magento REST backend (`/rest/V1/...`, confirmed via `baseapi/globalconfig` returning real store-pickup data) selectively 403s the catalog-relevant module: `rest/V1/landersrestapi/globalconfig` 403s on **both** curl_cffi and headless Playwright, while unrelated modules (`rest/V1/baseapi/globalconfig`) succeed on both. `/graphql` 404s (module disabled). No product/search XHR ever fired in a full Playwright network trace of a catalogsearch results page — SPA never got a chance to call it because the megamenu/config calls it depends on were already 403'd. Selective per-module WAF rule, not a generic front-door block."
(PS),LAST_TRY_FAILED,jdeco.net,,nan,OUT_OF_SCOPE,0,1,False,,SKIP / WAF/BOT-BLOCK,"Cloudflare strict (curl + Playwright both 403) — HTTP 403 on `curl_cffi` `chrome124`, `chrome120`, AND `safari17_0` — genuine block per the mandatory gate, not a TLS-fingerprint false positive. No Playwright attempted this pass (already had a working tariff-adjacent source via PCBS)."
(SL),LAST_TRY_FAILED,edsa.sl,,nan,OUT_OF_SCOPE,0,2,False,,RETRY / DEAD-SITE,"Unreachable / no online storefront exists (dead candidate, not a WAF) — live DotNetNuke CMS (200 OK on every path, no WAF), but the ""Tariffs"" tab (`/Home/Tariffs`, TabId=21) renders an empty content module — no tariff schedule, no PDF, nothing under CustomerService/eServices/AboutUs either. The tariff DATA was simply never published to this site, not a technical block; worth re-checking in a future wave in case that changes."
(VU),LAST_TRY_FAILED,vnso.gov.vu,,nan,OUT_OF_SCOPE,0,1,False,,SKIP / DEAD-SITE,"RE-PROBE WORTH IT: recorded before 2026-08-17, when a bare-curl 403 was still read as a block. CDNs fingerprint the TLS handshake, not the User-Agent, so try curl_cffi impersonate before skipping. NSO portal SSL certificate failures — not an expired cert, a different sub-case: the leaf cert (`*.gov.vu`, Sectigo-issued, valid to Sep 2026) verifies fine against clients that chase AIA for a missing intermediate (macOS/curl both show `SSL certificate verify ok`), but python's certifi-only `requests`/`ssl` context rejects it with `CERTIFICATE_VERIFY_FAILED: unable to get local issuer certificate`. Workaround is the same: `requests.get(..., verify=False)`. Confirmed 2026-08-11 — CPI fetcher (`vnso_cpi.py`) uses this workaround successfully."
(VU),LAST_TRY_FAILED,vodafone.vu,,nan,OUT_OF_SCOPE,0,1,False,,RETRY / DEAD-SITE,Placeholder / offline sites — no content (Vanuatu) — ECONNREFUSED on direct fetch; domain may not resolve or server offline. Use Digicel Vanuatu (digicelpacific.com/mobile/vu) as primary telco alternative. Re-probe before writing off.
sao_tome_and_principe,PENDING,Entrega.st,https://www.entrega.st/,entrega.st,OUT_OF_SCOPE,0,1,False,,P1 - build now / ACCEPT,"Candidate found in the 2026-08-31 sourcing round, never built. build_tier=not scored; scrapability=nan; class=Custom"
sao_tome_and_principe,PENDING,Sokeru,https://sokeru.st/,sokeru.st,OUT_OF_SCOPE,0,1,False,,P1 - build now / ACCEPT,"Candidate found in the 2026-08-31 sourcing round, never built. build_tier=not scored; scrapability=nan; class=Custom"
sao_tome_and_principe,PENDING,Super CKdo,http://www.superckdo.com/,superckdo.com,OUT_OF_SCOPE,0,2,False,,P1 - build now / SUSPECT,"Candidate found in the 2026-08-31 sourcing round, never built. build_tier=not scored; scrapability=nan; class=Custom"
