url_hash,product_w_cat
a8fbe00d3624ce6764789881ea513357,half meter tube; pantry confectionery
f8d633f4ed6166c3f87d875c7243df66,toffifee; pantry confectionery
109be9a2dec08204246fbfd38d85ff40,organic extra virgin olive oil; pantry health foods
3ed03bafb97eb15952ce02de97abf9aa,barramundi fillets; freezer frozen meat seafood
031adf7f245042ad2b09023cc42cf6ee,maasdam portion; dairy eggs fridge cheese
0dbcaf9b198af63a71d527794bf6d3cb,strawberries; fruits vegetables fresh fruits
3adc3f690fa0dac19f83066b7d2d0832,semillon sauvignon blanc cask; liquor white wine
8b2c213cc27237dcf4310bf5cb8c1532,sparkling chardonnay pinot noir nv; liquor sparkling champagne
f6212ff6222c2cc6897696e0dd978358,hot iced coffee salted caramel latte; drinks tea coffee hot chocolate
207ae9403c07e51487ba792584455821,hot iced coffee hazelnut latte; drinks tea coffee hot chocolate
0d43c5bf595b960adef4b4a7d4d82811,hot iced coffee vanilla latte; drinks tea coffee hot chocolate
60a0a2e095bf0ac8780042a357ac8add,roast chicken gravy; pantry stocks gravy
99cab316306998bcb4472ec9c7377972,traditional gravy; pantry stocks gravy
c7e92c7db362ce3bdb3f82a820a9c81e,wattleseed cashew paleo granola; pantry cereals muesli
b1f11b418d062ad0191502bb2fc4feed,maple pecan strawberry paleo granola; pantry cereals muesli
402115aaadf50ae48fa1bf140be24ca3,pout pods lip gloss lip balm duo; christmas gift wrapping gifts
b473efd136ee2718f98fea05c4b3c1ff,plush doll carrier;
94eced78a1ef5ad57bc2817c111eb4fa,garlic hommus; deli chilled meats dips spreads
9aba0d401c618b41f360ff864933da7e,die cast cars scale;
db46ab33d94d9f27582b792eb5141af3,sanding sugar compartment jar; pantry baking
bd21f02852384da7cae6d8e411f2dd84,sprinkle compartment jar; pantry baking
2ca6ecf76755367ab430ba57995b1212,pastel food colours; pantry baking
74d507c9d9a82691f254a69b8bd3abff,food colours; pantry baking
c76496442ba3fa03dd7d219258a89280,tabletop games; christmas gift wrapping gifts
31ccac06dbb6e81134ed4b720c5cf0c9,trifle bowl; christmas kitchen tableware
0f5b3236d9852d3b2d1894b28820dcf2,zuru robo alive mix;
5beccea2e8949e4063ea5cb5f25fc08c,silk epil epilator;
dbbe7f37f28834f6750920027ca701bc,licensed kids fragrance; christmas gift wrapping gifts
3236a552df26036cb4aa38285e8ca32b,princess roleplay sets;
b503b778896982b7c2ced71a7a6dbe99,face snorkel;
24cb00e41634f39084324b730a6b9be5,tea bottles; christmas gift wrapping gifts
66e72dfc007dcd0878ca78697f26d346,murder mystery escape room games; christmas gift wrapping gifts
53b5cbf3cd7847312746baa471618b70,pinball game magnetic darts; christmas gift wrapping gifts
8b84a4b5d156b3d025c162ce2683518d,goulburn valley king valley cabernet merlot; liquor red wine
898b0d8389a48ead6f924805660ed63d,chianti superiore; liquor red wine
8363f9a7ac13e7b25c4ed2e5f24c36fe,yellowfin tuna chunks italian style oil chilli; pantry canned food
dc2dbf632a9ca8a17584ac4300933fe7,italian style yellowfin tuna chunks oil; pantry canned food
a50dccaa392f1aa7e138e06956e6c724,puff pastry; freezer frozen desserts
a6865886207b8a766095e68438e5bb7d,santastic swirl ice cream; freezer ice cream snacks
8e20080025515c3d364c0ed3392ceba7,cutlery set; christmas kitchen tableware
cd551cd778124e02e35471fb5ff7c3ab,picture books;
11b915f1daa96e84d1ca93194ed5cb3d,scientist wooden puzzles; christmas gift wrapping gifts
783b3a15c31f68baec6e401b7e16afb5,fashion bingo puzzles; christmas gift wrapping gifts
4321b8adc8936692c37bcb08edf38d15,luxury candle; christmas gift wrapping gifts
e444836548001686b3ffab43d510a566,green olive tapenade; pantry canned food
3ddc08b9c8c4aba6fc77ea27bb4c999b,black olive tapenade; pantry canned food
b5a351c679d773d655fa4847ef8e8118,chipotle flavoured mayonnaise; pantry condiments dressings
616c905826adb1a3106341c76b9006aa,balsamic flavoured mayonnaise; pantry condiments dressings
6d230fe1eac09ca69b24a14864a9755d,truffle aioli flavoured mayonnaise; pantry condiments dressings
8b659726b5c58bdf997cfafa53206f73,cabana accessories;
8276266d03f6ce0d045867aeebf348ba,brickcraft retro brick sets;
7a7a8ed3800e525528d4a58f53a548a3,premium tree decorations; christmas trees
7b0c3b80b38969fedd35972e103fe016,fast furious die cast cars;
a217d89fa319f5cb43cd49a9488dd249,car emergency power tool;
d2a373d6ac468418b6f060f173a730bf,beach towel; christmas gift wrapping gifts
8e18a7b3984d61c03ddabd0603b2dc29,reed diffuser; christmas gift wrapping gifts
9b4a5673b43c1dc92fa42df921cd5878,led solar character stake lights; christmas lighting
c0e782ec4e708beae7e0cea87dbe0c28,car sunshade;
fe99d3fae216add83ab78a757a7ad8bd,rc car scale;
eaa81870051aa8aa726849a8125f7565,micah square beach recliner;
70e3d4a1dc2c9e2dd7b91902796add12,coaster placemat set; christmas gift wrapping gifts
deb86c5ea10f491d90d175a9ca9f1b21,mug coaster set; christmas gift wrapping gifts
a6c636a3f84242f16816fe30b572c1b7,salt pepper shakers spoon rest colander;
e7615c1707a3a2791b1d6f8c02755060,blocks bloom assortment; christmas gift wrapping gifts
b4d2f69ec114806cf7d6cc9e3d11756e,classic wooden games; christmas gift wrapping gifts
f9dcf2c4bdf1ea092149109d31a538ab,tartare sauce; pantry sauces
4b954246dc39631d2192b5f648bc1bc2,seafood sauce; pantry sauces
d3e5b598217807c1868962e3e017eb7a,buzzer games; christmas gift wrapping gifts
b4636a2f965091996405cd539e7e7d42,steffi doll dickie assortment;
1c3cd67b51d89f269c58c4265294b9fb,crunchy pistachio spread; pantry jams spreads
ab30d1c4a79d8b4d22ca6617a63eb5e7,smooth pistachio spread; pantry jams spreads
15f08abbdf3934610fb7bd186640c22c,bubble assortment;
df67393ef92a2338199b67645cae7469,men trunks;
20e2fa9362bf4cfccacbd69c9d427961,jellybeans; snacks confectionery confectionery
af2f1fb1e8a22d399b5bfd3bac43c5ce,killer pythons; snacks confectionery confectionery
971e041ed179b7a03bb5d3210de529df,strawberries cream; snacks confectionery confectionery
891d772a87d84037f4e92702c53877b7,portable fans; christmas gift wrapping gifts
07d6bb3624849d80d9c37c2696487782,quilted coverlet set queen king size;
509622d97456a1504f6e827a4d0c40f5,msz licensed die cast motorbike;
e38f63b2bccfb710cc44e43bbaa4bf5e,table accents; christmas collectables
abeb018e7d94e76ea0dba4f55ec85ec0,novelty apron; christmas gift wrapping gifts
900ecb49737852c2fee6504f581a28d7,premium mechanical keyboard;
2cc4d4443b9a7afbb37c1ddbbe4bd6ad,beach cabana;
9dd4b9b08e57868ebc48b2626f0b4c7f,quilt cover set king size;
ae0a4fdca1bfdefe95ca622bb0f64dee,led solar low voltage icicle lights; christmas lighting
15717b6a6df76dbfbf6254868bb62677,silicone drink accessories; christmas kitchen tableware
e562099dbae853bcfb6d94e841df358b,mirror tray; christmas kitchen tableware
292545a2db94c5a3ec1104dcae88fe92,hand towel; christmas kitchen tableware
b5967829b3c8a2efb12c451ed25a3989,ice pop makers ice trays; christmas gift wrapping gifts
d7668ad7ff695c60040e8210c303b04d,children stretch boardshorts;
aef9365edfa7d57bcf659f0070e7f4f0,children legionnaire hat;
083ce87642f8814a3f707b7cb5afe254,children wide brim hat;
a874d5fbf08b872248a5663a72e600e2,die cast car trailer;
7726dff4b01216874ce46880eb352783,tapestry wall blanket;
24281c77856163a3f395d14c7af75fc2,hair accessories; christmas gift wrapping gifts
de3b412bdef63bd74424f88c8bd2e6c3,die cast car;
31e759760f97e5e519836f1e8f8628b8,placemat; christmas kitchen tableware
6b1f9c4e9c0b40d9797ad31c1ae69d13,beauty bath accessories;
27f33812e9a1198b18c9b403a4eb9e75,led solar fairy lights; christmas lighting
9acb499e00f05e3cc7aee66371052585,christmas storage bags; christmas trees
db070bff0da9811def0aa92432683239,fabric napery assortment; christmas kitchen tableware
320e8129af46f08b11b06b31b6dbb35f,serving utensils cheese knives assortment; christmas kitchen tableware
6c21da2c563ad45539a54e2ae6101132,salted caramel pretzel choc bites; pantry confectionery
d1626a23338d5c4b319fddaa78cd0761,kids novelty bath sponge; christmas gift wrapping gifts
fcd801edac11a5f1a404e1cf92683882,epielle overnight hydrogel mask; christmas gift wrapping gifts
70cbae163399cf3c836db45eec7430d9,paint christmas craft; christmas kids craft
62f9073204cb8659b60e98b33c7e5976,designer cooler bags; christmas kitchen tableware
1b5fd2fffd7668b5d65c2f4b4c18d107,disney lunch bag; christmas gift wrapping gifts
f4b12b0e0a0a7ab1de1d5df747049735,steffi playset assortment;
031dfdcf3edafe6d8e4ddc93effb1f86,licensed christmas storybooks; christmas gift wrapping gifts
0be45638b8f772e3bd6579600bd48b38,pool accessories;
56c314caf6e6d7b08b5732dc0961633f,adult boardshorts;
d943d9d1658879ad739a2efcc39837cd,men christmas pjs; christmas gift wrapping gifts
5afdb19c13d07fa04f11430d82b1ac2b,infant swimwear hat set;
799d2712d596cdbb5b7a3f8ebef67e00,vehicles license large;
6c29258020348172b487cdee7cf09e4b,dramatic reindeer; christmas decorations
9d63e0d4b478241f6f6daa9d65a27c86,women christmas pj set; christmas gift wrapping gifts
75e7f612a51b10842c82211f08f504dc,children christmas pjs; christmas gift wrapping gifts
4beb1db7b76f4c20a7b0c2f137cd7af5,pruning shears;
ac3639a0319fa14bafb3c2e5a9ae3bee,garden hand tools;
1ca38d8559527af547a5727cc824ec8b,coasters napkin rings placemat;
405249a80bbbe3a5a9a811218469752f,infants children pj set; christmas gift wrapping gifts
cda05f205abc1a797a39f2eebf3d3f11,swim goggles;
a240edefa26cd71fc3f43c658f555968,marble figures; christmas kids craft
b50c92026760a8760a38496ad481a087,infants christmas pjs; christmas gift wrapping gifts
3a73a42c2071891beaed198e82ae461e,natural rattan serving tray cutlery caddy;
61bbde77e8b7ea27f720ec722ef7481d,women sneakers;
6d8caef9bd68d55398ff7ad8ae932727,adults christmas pj set; christmas gift wrapping gifts
290fd083e17402da44e84a0930bd67cd,festive baking assortment; christmas kitchen tableware
935e3d22af2618fbc31398aa69a97f5c,hug lumps;
dec7fd4aac4e1c7690c6c83adabed1eb,women luxe pj set; christmas gift wrapping gifts
654399145a5ba5fafe6a617817e1f7a7,deluxe tinsel; christmas gift wrapping gifts
23f485394de0a6506a4c49e7b661fa52,santa sack; christmas decorations
4cef64740d5bdb9aa50826c0679fafd2,serving trays tissue covers;
316f8280c0cd573ccdc14df9dc6ad246,paper napkins; christmas kitchen tableware
1e8e1a83a5bd83b9b95f73c7a1add145,tea towel;
a279a5b4c35026d5ee94077959c26b70,salad bottles; christmas kitchen tableware
c0fad61a72cbd7a08e5c68ce355f7e13,sports combo;
581436701fce0c57688671d0b7829acc,extendable christmas figure; christmas collectables
2bfa414bfa15055f7020715487d3dce4,premium kitchen gadgets; christmas kitchen tableware
9a195036261ea1caa71a130b79e16bd1,licensed mugs; christmas gift wrapping gifts
0248a5f722c80995dde9284d2daab629,premium christmas bon bons; christmas kitchen tableware
08bb664c6d031354e27702e44f3d5038,frypan set;
3e4e73d8a5730fa0f2bdcfaa875808e6,women long sleeve swim suit;
58ec3593809edede33a99d77ac44f9d8,women sleeveless paddle suit;
6bc63b3c8c92352bbfee1177cfaccfdc,women long sleeve paddle suit;
bf3f9c6932d67edbf863511c99e412de,santa stocking; christmas decorations
c0fd9f2cdcc7ff2112c14d36557551c1,men swim briefs; christmas gift wrapping gifts
b74da295b98a951eefb9a4424e8e080c,men swim shorts; christmas gift wrapping gifts
6ed2eecbf9d246cf6bd68c9b79999b71,led light tree; christmas lighting
10152ec18520a1fb897bd58546e982dd,women swimsuit; christmas gift wrapping gifts
6d877f828e225c5e6efee157a96d0fc2,jumbo wrap; christmas gift wrapping gifts
21f90e1eca0dc430e9116bfcd7d11d1b,led solar mini novelty path lights; christmas lighting
21b839458efc66d178a194dc3d3f6609,pool brushes;
1ae6e9aee96986e51f2a991a4cb0de28,stunt kite;
d29ee983ec86aa82e58ed8d6a6bbbd22,dining chair cover; christmas kitchen tableware
5a46ea20583f38a0e7002181f1cefee4,rolo novelty tube; christmas lollies sweets
8b9025ef8f0968877322646a522cc21a,jellytots novelty tube; christmas lollies sweets
c1100fd30f6abf98404e693c7995f87b,aero novelty tube; christmas lollies sweets
792ba699349a89a053db62407d04f1b8,pool lounge assortment;
50c80b3b49d1903bfc8f820fedd74076,printed tablecloth;
f01e8f36a0bbe73ba0b6a964301569d8,women relaxed knit pant;
ba1e74606f16bfcb4ed723d857ddca66,women relaxed knit top;
a9ccd44b2f1a567256ee491ab238c55d,melamine servingware;
c46c7204feac266115f0b6def927eb11,placemat napkin;
40f9d64e9b359365b0277d00d3514d64,dickie assortment;
e0fbf6e1f85d3de1a8da9031466e0aa6,bricks assortment; christmas gift wrapping gifts
2d99dd79e625278bf7ac884ce69a0ef2,luminosity face care duo; christmas gift wrapping gifts
6ff22e404568a7b90eb2f0ed62ee44cb,classic metal toys;
c54d2d613b28bfe45ebb5641dfa01d3c,drinks dispenser;
33d243b78b9b477b741b81088c592053,racket games;
684feab3646213a591b56b6921a1f589,cutlery set;
4a4f586eb97e507ed783ad66ef790f73,rechargeable fan remote;
b53116c84030361455595be991bec0df,christmas inflatable character; christmas lighting
2dcbcf9242bb209ea0dbe766829fb6b6,led solar path lights; christmas lighting
f913d4bd204581048d56602d38178372,standard cards; christmas gift wrapping gifts
8c567802845fb6a4b2eb918e18a1cdce,bon bons; christmas kitchen tableware
0b49e6903883b609c847ad6399caae88,melamine dinnerware;
a76607e91c7ae7ffbdf8c5551da64e31,seafood dinnerware assortment;
eb66b4b2a530ae2deba2bf2123b4c81e,games; christmas gift wrapping gifts
6772f574e4a6309283c51dee35c46b38,irish cream ice cream; freezer ice cream snacks
8d9d5d64aa113a6891f75c626bd7b7a9,speculoos ice cream; freezer ice cream snacks
4f470724a859f88c6201a6bf0d744069,metallic marker; christmas gift wrapping gifts
50474221437a6b34f30a571317a865f6,luxury fabric ribbon; christmas gift wrapping gifts
c932f5f7e8146ad9091e36c352f4287a,little libraries book set;
812fdbe50cec52af9a4f7cb7ccc7e8cc,deluxe christmas bon bons; christmas kitchen tableware
f7eeb291c1310978427e574678b44072,shiny sound books;
4a299ceef7f55d392d2569d5cb6052ed,sylvania family assortment;
f22840cce529292a45689dd4fbcab651,scratch sketch books;
b203d04257241eca044ef24c89e3f42d,children colouring tablecloth; christmas kids craft
d03b4a8bf1b2efc33893cfe4887547e2,licensed pop books;
69ef58c2151a726d41c3840cf17eb090,gift bows curling ribbon; christmas gift wrapping gifts
7966b129e70610bb6bf275ad2f302649,collectors kits; christmas collectables
f7e605ac9bf2dfb8efbd2773c549ff18,retro toys;
4c96c1c0a5096d7570436adc594fc27e,tattle tale books;
3f90cf2f772a0cf74c10171f7cdd7020,ceramic dinnerware;
c1f060a241463e1f139273e5e1db8dde,festive family games; christmas gift wrapping gifts
fd64ef8f4c1bfb5f2a785656f1869110,wicker tree collar; christmas trees
5b780799984cf381f6089ff9046ff283,single characters; christmas collectables
acda85085969fd74747bc5f0482acadc,ceramic servingware;
c43fc8ee155c929ac62196e23b11417a,christmas accessories; christmas kitchen tableware
fa3df1a998d575f3ba420e6bf1e37df3,disney craft; christmas kids craft
f4f1a12c5fc4053a30b01bc94604fa0e,petite tarts; freezer frozen party food snacks
d25e290b618b361a217b1526682ab4eb,cast iron french pan; christmas kitchen tableware
5e64d4d0e41f4613a51946c6833f8484,douro double wall glasses; christmas kitchen tableware
d6522028cc38da78e5a515f34fdb9c1e,australian cotton sheet sets king size;
e9b44ad7d104c3d7335c27645fed3cc4,deluxe christmas wrap; christmas gift wrapping gifts
425a2380ae96638ebc4bebf7f87d99cf,collectable figurines; christmas collectables
e34d3b98e93e42ba7fc4f43b4851b294,mini plush; christmas gift wrapping gifts
5de56e8e174fc292673d961dbd214ecd,mini board books;
40930f764aa6bd0b8ff945d62d30195d,pop beach shelter;
eab8c57f80909474d1c3f38a3f093fa4,reindeer light; christmas lighting
cdb17b0ba71c15854aca4597ea9b7de6,french guimauves; christmas lollies sweets
d541a8e421bc1516c74186cdb38a4da6,peppermint french guimauves; christmas lollies sweets
36b211775e62178123a27f08d16127d1,die cast model cars;
52d97b85c899e8a70cf8f67bc2214a35,christmas collectable minis; christmas collectables
25c07032667c81ce12daa14d000ce0fb,children flexy sunglasses;
3dde5a55d51cce03a78b6e10da209206,mr potato head;
207e89b109a027dd1940c80f4262ca2b,gingerbread man cookie decorating kit; pantry biscuit cookies
fff7ece5effc95162264444a0ad5107c,christmas tree christmas cookie decorating kit; pantry biscuit cookies
0ce74e24d25e936ca4bd04b0f83af632,kid licensed advent calendar; christmas advent calendars
67dac4b41adfcf7126eeed87a622b0dd,santa christmas cupcake decorating kit; pantry baking
d92feb54a4e996aa906680b99903109b,reindeer christmas cupcake decorating kit; pantry baking
24f44d044bc9a5d077b6c02a39249f33,mesh cargo net;
3bdeb76b1b8565c9ca55a76abadbcbe6,muesli cluster berry; pantry cereals muesli
9ac879dc5bc9538d76e60c01e8be318e,muesli cluster nut; pantry cereals muesli
27378172716f859dd20942d395a2964c,children licensed underwear;
836abcc68ccd107f145dc48533cefaef,pop figures;
6a4e5099ede0b870329dca3dd1809cf4,food wine preservation set; christmas kitchen tableware
c239ff4dc09ef63fc35190b31f3c6f5f,stellar lipstick nude; health beauty cosmetics
6b49a99fa98043cea76877477516ba4a,children sunglasses;
1385aea9408ed9bad936f36150ac67c7,stellar volumising black mascara; health beauty cosmetics
04f0337536ad28f5ea9e3d158b49da14,adult sunglasses;
a98e3116fc620c53eeeb3b2b528a3df7,cordless vacuum cleaner;
c7b473dd8b1f00264132bfbeb0300162,cable ties;
addf0803da18bc92b32dc9364585d8ff,smoked salmon cream cheese puff pastry canapes; freezer frozen meat seafood
e4ce297142e459a0fafa573b79f5c5ca,premium lobster puff pastry canapes; freezer frozen meat seafood
f5e3db583476e36bd9ef3f294a0f7a35,prawn balls bubble crumb; freezer frozen meat seafood
8e0ec8bfeaa7cd7348c17adc5ec87e99,prawn balls original crumb; freezer frozen meat seafood
4d445a56aa28e7065edce3c95d7e3df4,men sneakers;
c1b2de577e75ab35d72ec9338cea7843,licensed hanging ornament; christmas decorations
99263c5293d191969b67375247270b3b,decorations; christmas decorations
57893433510bc1d8d574951435927538,gift kids; christmas gift wrapping gifts
d04f6d57ded954baafdb5c23497e3a40,christmas craft; christmas kids craft
18c62b7bd718183eeb76be76a1f9ae52,dog harness led light;
f54935f1d6de1464a54d0aff028c1386,tough chew toys;
0a623d1359529894b8b6303d63e0101c,adult mini puzzle advent calendar; christmas advent calendars
bc9b0759ae96680fda63ca9bd2a47b21,advent calendar; pantry confectionery
49d28ffdeee38d711ffeffcd70ef127d,gift tags kids; christmas gift wrapping gifts
10aa63c35cca0f75f0ddcb072b0a86fe,gift tags; christmas gift wrapping gifts
4aefb184e32444c7e64933610e809e26,baby einstein assortment;
c7d5213b7d9e8c913fb55be3201b75be,children rashsuit swimsuit;
b3ca7116028b49629950897663e68dda,children rash set;
cbc382648a15c51e8a752bba8be71cdd,car accessories;
4dc7db645de4c506be78f8092af4f6c3,standing decorations; christmas decorations
9874d0d75f2af789c70457d08a860ba0,women fitness socks;
f5a17af97154dc473d5c6862ce713196,memory foam dog mat;
45a1711955618e30a6149575a17a52ab,kids hair styling kit; christmas gift wrapping gifts
f14683d3760f4b56c1eed7a873203a5c,servingware assortment; christmas kitchen tableware
9ffaf909374dc80ccc821fa98e1c6aea,sticker fun colour books;
83b38a8ec6c1455e155a3c06f99af791,licensed children activity books; christmas gift wrapping gifts
db054190d6c3e1b414148c20b64159b6,memory foam chair pad; christmas kitchen tableware
ba388c5b532912bb3ddefe9b4073a9e9,running water bottle;
f33bdf1075359016d37135955ab47bea,australian cotton sheet sets queen size;
d82ff809c8e31dde5e6aa13b5199f190,skin science glycolic radiance face care;
b2378836bfcf634b40c2f1f149156108,children shorts;
f63aea2619be1a6967a627b83ec4fd6e,children slides;
f4b0b93e4b91dc5339d8fc199abb0d60,individual christmas cards; christmas gift wrapping gifts
df1b1489b35a743d75333bc386d5b03b,women seamless underwear;
228e2e86e1fb4c8236cdcba9f09794fe,hair radiance hair care glycolic acid;
66623c18a5910dd766abf260b31dd2f2,women seamless bra;
34ba0cf77039bd1b09beafeb7fe1e56c,hi ball tumbler glasses;
1eb4fb90262b1af855cbc09dc27286e9,structured door mat;
5d7dbfafb5792542c6b47c6dd6ea6e16,children tee;
c3d5c8e405652eab78ca46627f0d448f,children dress;
584ab0a92a635ddb9a3e21f70a6e11dc,santa elf hat; christmas kids craft
00758fbf63d816112931ca19b3ee7004,gel ink pen; christmas gift wrapping gifts
5ceca4ef32a920f551c907b68892b1c9,premium garden gloves;
c19306164df9410676f2a9a1e7c93639,rock painting kit; christmas kids craft
a5c832a1350c4256f5f9ef2f505abf9f,roasted hazelnut manuka honey nougat bar; christmas lollies sweets
3b2b8e4771d3d91b392a8f9075e7ea7e,roasted almond manuka honey nougat bar; christmas lollies sweets
5b22b7e39789c8609983742f8dd98d1e,led solar rope light; christmas lighting
daad63d32a0790424a05772157443110,led battery lights; christmas lighting
0c64b607b1b4b32a9e03b0656501867c,mini truck rc tower crane;
edff9e3e6cb9bcee95b7b6073ba492e6,pet pool sprinkler;
c645b41746fc056e9fd04adb7397321f,solar light character; christmas lighting
e74915bf4b4911b1dc6a5e6f913ccb8e,bulk baubles; christmas trees
5cd90a54e2ff9a2c000119d7b0a2eee9,neoprene balls;
8579bb49ef3e5786fe47dc49b78e7b6b,chocolate caramel deluxe pudding bombe; bakery muffins cakes
d9d8919bd80b6aecd39da0fbcd9f5569,speculoos deluxe pudding bombe; bakery muffins cakes
ce347c7178516466a29ab46397a2c7a6,telescopic hedge shears;
18deb7be4f8abff0d6146d5dc6a615a5,women slides;
187eccd9e5374f4653934f525a778a9d,snuffle toy assortment;
3d8de8fe5b0333711814d0aefb63083d,dog cool pad;
3d4f8f9fbdbc2561af1db2c2d1b12ab9,led solar novelty lights; christmas lighting
8bea2617c43a56bdb8d26390a2c09be2,socket bit sets;
528901a8a10403a26a1f3b7762a5ab41,paper napkins or; christmas kitchen tableware
8798aa038696bc98d75f1994010bf8bd,christmas bao bun; freezer frozen party food snacks
d82cd20c0da922cdb06ddce70824ed66,modal blend briefs;
12cf50cca4021f1a724e7a5a05d1eeee,modal blend trunks;
a3fed49a42d280dbf6317eacee6d228f,speculoos bars; pantry confectionery
347b81ee57fc399a9d6908cfba2ec404,organic coffee ground; pantry tea coffee hot chocolate
9d1dfed868070dc3ee0215f16c241ec9,organic coffee beans; pantry tea coffee hot chocolate
cb8bda1f4665de3be743e0bfcd42bf8f,led solar rainfall tube lights; christmas lighting
576a2ed6227b91d1533db40bc899ed0b,women viscose linen shorts;
5c8f0122ff1ab961609d38533f75d3ff,women viscose linen pants;
ee9c24324a51c271b3a42d9f603e1c3b,women viscose linen vest;
0f3049c07bba8e45d9dc7223e1cfc994,mini panettone limoncello; christmas cakes puddings pies
b4ae8fe8578131d4bbb5ad7b070d7d7f,mini pandoro; christmas cakes puddings pies
cc7ff814fd4e10dd0f3e478c2c57f52f,women suede mules;
41074de7bc25a69791b33f026b7ce33e,modal blend pj set;
bdffb9d9d8606c99c47eea556125a9e8,men fitness tops;
790d9608ff6c99666bce14a883e52dd4,women fitness tops;
550c63bc969372da2e3fcd508deef8de,women fitness separates;
965abb7e9b8312aed1dbd46aa0611dc3,led solar spiral rope light tree; christmas lighting
ce57e6d760a1510f3948684a2fed30f1,led solar rope light motif; christmas lighting
7986aaa31f9f4dfa041b489d5a8d7f66,reindeer run ice cream; freezer ice cream snacks
15d6513c24fcf66a4dd9d735259b679f,utensils; christmas kitchen tableware
08b7e0e8422528d958dd372a8a2256e9,dinnerware; christmas kitchen tableware
18d8fdbe6b91762b8cd3793de6c4bc9d,stainless steel drink bottle; christmas gift wrapping gifts
7a1336a067d198e1661d599e0627e148,true wireless earbuds;
0d9bdde7079986de329b232ba769ef90,mentos mint roll; snacks confectionery confectionery
c4d3aeebb56fa1aecbcc3717ed55b832,women comfort shoes;
8b80c017194dc8dde136652ec7649acc,double choc protein museli bars; pantry cereals muesli
d7e203ef1d8d6e72164b38f8244f413b,retro wooden set;
491dbd1eeb1ac6bfaf4a47eb10234159,scallop prawn bisque gratin; freezer frozen meat seafood
08476d114c856506a492e021907c04af,scallop champagne gratin; freezer frozen meat seafood
5a36a877a4bffa6b8e40b8da00602042,glass drinkware;
377210027619ab8a215c2158e8ce4f44,oven table bakers wooden stand; christmas kitchen tableware
a322bedcd9dcfb4e3facf3f6b143279c,spray nozzles sprinklers;
f2ccd04177a6175e70849fb55145594d,children suede mules;
64bfb3070d3d602ee6b4d661dc0c8767,cotton tablecloth; christmas kitchen tableware
fc82c03b075eee9ac13a91c28640f143,quilt cover set queen size;
3482a73331732787310a8f6f2f0b6615,tea towel apron double oven glove; christmas gift wrapping gifts
ca36f1b7977092546eb28b7c08ad5e8d,car boot tidy assortment;
ac88b54ada99a6d446a971a16bc91d64,led fairy lights; christmas lighting
58f7889977bfe02ebbf681872b5cad99,colour shirt; christmas kids craft
0b794560959c6df946691fa89d6e1453,led net curtain lights; christmas lighting
1711c647358d0cb79fbd242e8082b707,almond gluten free crispbreads; pantry biscuit cookies
9f22404812d81d607c5e82549879348f,fig ginger gluten free crispbreads; pantry biscuit cookies
fc78b511eb705d0a56fa88af9e37fdb4,toy vending machine;
ced68b643119e88c62a6b4413fd72ec4,tilt turn scooter;
56cd34b495c8510185fbf6cbf373e6a2,led solar icicle lights icicle lights; christmas lighting
fd2934f0f253932d5b6164f8c9a21bd8,tough dog toy;
c6c7fd1cfbd80f5cfed7df88162613f8,led solar low voltage fairy lights; christmas lighting
0fd66d1c92c343b352aca252d39a40c0,egyptian tea towel; christmas kitchen tableware
96de74bd74b30ed3538320418892fe56,charity christmas cards; christmas gift wrapping gifts
9000905015fc9864f4b3d268ba710449,seafood servingware assortment;
d8ccac9912f0e092a8af014dc4668530,handmade christmas cards; christmas gift wrapping gifts
7eab7e0f14c782e611143ca1830deabf,milk chocolate salted caramel fudge; pantry confectionery
51ff3a5a6fee175d041fabfa282a9871,children socks;
bc7224ca5843a0e9802bcd4ed2cc12e0,compact folding fan;
58ea94ef5eafbd454b1835d8dfa64113,adult rash tops;
b1e5cd5e2c5bce9af5bba7b97a542a5c,raspbery white choc protein museli bars; pantry cereals muesli
5c6919a8d7b81f611ae583aac7961944,milk chocolate santas snowmen balls novelty nets; pantry confectionery
9cef1d440ed9866f163dce14a90a2232,milk chocolate coins novelty net; pantry confectionery
2ee1f3d9edb59d2a4232165e59145afd,nail polish remover non acetone; health beauty personal care hygiene
fff01c8d47b9ca7a1960114b866c3fbd,briefs;
b4897536af72cc1a7b85362d3b55131b,bra;
cef895e3ea566ad374e4ff3bf178f881,tapes;
e43058e0266ae03751853cfa7d7e5eed,car repair kit scratch remover;
3606e18ddf36bff088bd206c7d1e8b32,roasted vegetable flatbread; freezer frozen pizzas
60d9547aaa7ad8b54d8eb45fbfc9faa2,mozzarella pesto flatbread; freezer frozen pizzas
21b9d54bc8d576b5525636a250d26fc0,rug;
2ea49b5e8884fe96a84f52e1fdf8ddf8,pro electric toothbrush;
f52e8aa46656ca1aaf23d59c70801202,spearmint sugar free gum; snacks confectionery confectionery
a0c2d1ef796ff62ace6969eed4b14fbb,spearmint gum; snacks confectionery confectionery
d80c88e6d1171ccf77724703d7e38188,satin pj set;
f111462e6e83a895af50445dc635d395,jamaican rum deluxe fruit mince tarts; bakery muffins cakes
6bd56ac3a6f1d07a39409a6d591a2125,almond deluxe fruit mince tarts; bakery muffins cakes
40bdd0bfbd6931bfef7fea6b9e659c9b,scale rc car;
b17ec02f2b101b64c09104ded4b46722,sour cream chives balsamic beetroot feta double dips; deli chilled meats dips spreads
d485e34e91a9c8b389a9b79de5a46dab,mexican style salsa nacho cheese double dips; deli chilled meats dips spreads
b9f25fea4279894e5a872d53c69109d8,chocolate eclairs; christmas lollies sweets
900d7d87371ba3a99e3105d0ef445ec6,toffees; christmas lollies sweets
5149b03c178a67a181cdf444ac0d6fe7,mint humbugs; christmas lollies sweets
b63b2a163e87b26ba191df68b3b62349,women fitness shorts;
61cb87abab521286d1aaaffd9dbf9e8f,australian strawberry jam; pantry jams spreads
f91fb0f37b97026b96cf64cd9583baef,australian raspberry jam; pantry jams spreads
5e99325f0a67a54aa56c82b2a79ecb67,australian orange marmalade; pantry jams spreads
c00278fc727e4e343295a43c8d9a7f73,delightful flaked truffles white; christmas chocolate
594953f7542af0ee350ce658f8c35128,delightful flaked truffles dark; christmas chocolate
694a673109b19fdab4a490cb11c8f2bb,delightful flaked truffles milk; christmas chocolate
2b56518ce0082716b4aa6f3f64922ac8,calabrese salami roasted red peppers wood fired pizza; freezer frozen pizzas
e9d35c18abd624252eb06649d17c86d6,ham mushroom fior di latte mozzarella wood fired pizza; freezer frozen pizzas
b787bf24018b59edc693c85c0ae90df2,chocolate bavarian; freezer frozen desserts
283079e30fd14ba1b4bd406495da4aec,cookies cream bavarian; freezer frozen desserts
cf16d4a3e8b1a5abe792b6952e6bf504,risoni salmon bowl; limited time
41d048dcd2137fe0dc6216091cd17b5a,sweet soy salmon bowl; limited time
8803872012f7acc815883b6b6f14804d,thai chilli coconut salmon bowl; limited time
fe502967e9e0078d214dc0bfd4000f1f,beef mushroom pies; freezer frozen ready meals
5b5a413b9cb42366608aa1cfcff30684,beef peppercorn pies; freezer frozen ready meals
75cdabe210813b2c1b59c7ea8ffd7e06,gluten free chocolate cake mix icing; pantry baking
35124aa60504ab5ec1df15f26eee9a11,gluten free golden butter cake mix icing; pantry baking
16a1961f7a2af7a8367dc36402933216,micellar cleansing water; health beauty sun skin care
b2ebf8c5558e79d2ae96f9b6a9ac307c,red curry simmer sauce; pantry sauces
0f2bcee4348dfcfb95bf334b180144be,green curry simmer sauce; pantry sauces
74421b33feaf82d598b35e2f51e722eb,satay simmer sauce; pantry sauces
36f33df723aeb4bf0c1ca4e1cbb97ba1,chicken cashew stir fry sauce; pantry sauces
a4822aa8db2112713c08c3f8782d4c63,sweet soy garlic stir fry sauce; pantry sauces
8202cfa8865aa6c65791954e230c2a07,sweet sour stir fry sauce; pantry sauces
2edce682c2cd33a99aafd7b65a2ed3c7,korean style bibimbap meal kit; limited time
613ddc778e9f12e9eeb3528f3a05ce4a,picture sound books; christmas kids craft
4951e6cecdfe7ed03424f4cba3f2c760,mens styling matte shaper; health beauty hair care
38659396db17865b2bf537a4168c3e9f,dry shampoo blush; health beauty hair care
81a349103469b8eb3a009533a8319689,delightful classic chocolate hazelnut nougat pralines; christmas lollies sweets
4b0ba8177c98bb26c83db1e3cbfd60f2,delightful classic chocolate marzpian pralines; christmas lollies sweets
81cf9938fcbd714c891f57767bcdcf81,sriracha mayonnaise sauce; pantry sauces
7c7b4ddf99116bc2204b4ba9048558fe,sriracha sauce hot; pantry sauces
5c88298f3778d8415a7c5a23ea09a285,mentos fruit roll; snacks confectionery confectionery
c4455240e41e49e5274c5944107caf18,children clogs slides;
d1999739dc3c2ef2349dd44611cb9b77,bath sheet;
8e32910c3aa1eb8d98e7609ae1d954bd,lemon pepper dukkah; pantry herbs spices
9a133e9dee8b7865917bd048e50a8572,spicy chilli dukkah; pantry herbs spices
fde103f142227e012a18d0a558f661df,traditional dukkah; pantry herbs spices
37c3e890965f39ac54f6565a2c4cd218,quizzes games; christmas gift wrapping gifts
858d043ffd99381bc000cb38f76d006f,shredded chicken breast mayonnaise; pantry canned food
0d90bdcf9e530c071dccaaeeb2cab525,berry granola; pantry cereals muesli
029cda118ea35d6c089d0f76ada87d0b,coconut chia organic granola; pantry cereals muesli
64840e4cfe00e3e318b7866d93599534,peanut munchers; pantry confectionery
dadb2f241a3a693822b86985e62ffc6a,chocolate munchers; pantry confectionery
ce4bbdb7135ebd9f928a03ac90195044,milk choc triple cookie chocolate; pantry confectionery
a675198f5d884af82d98fd6aa4d892d0,baby books;
65b73873dad67226404354696bb0017d,luxe reserve guatemala; pantry tea coffee hot chocolate
9bfeabfbb0eec59b2c77b12df0fefcdc,luxe reserve ethiopia; pantry tea coffee hot chocolate
4d887ac2d3185e538839a7809b592f00,raspberry bullets white chocolate coated; snacks confectionery confectionery
ee6bae9f480eb9075520d10420c4adf1,raspberry bullets milk chocolate coated; snacks confectionery confectionery
6e045d9d770306346019880afc5a8c98,peppermint sugar free gum; snacks confectionery confectionery
57908ada137ea2bdf8801491b9da41cd,kids detangling hairbrushes; christmas gift wrapping gifts
474806d0ffb5420e9c8513c6befce7b9,sour straps strawberry; pantry confectionery
c1ee20fe1b37790d4b6b6a76f3abfc23,sour straps watermelon; pantry confectionery
2aa192f35c1175aeaca99b6e7ff9341b,sour straps rainbow; pantry confectionery
02b95e614e26171d9bbdc0619a3da88e,pickle chips spicy maple bourbon; deli chilled meats antipasto
64886521558325de30c8b638856f9944,pickle chips mango habanero; deli chilled meats antipasto
aeec8c698b0653a8fdc13ff6f52d1ae8,honey pecan paleo granola; pantry cereals muesli
398c9d94f952fdfc39a30829968f0376,cashew almond maple syrup paleo granola; pantry cereals muesli
163446e3a4a714ee482769f3d8df9500,pumpkin soup; pantry soups noodles
0956f9c58f8bc4281f7a4450de3ab360,chicken sweetcorn soup; pantry soups noodles
bc686ea8ebe00503244670d2a436e582,fabric softener concentrate fresh jasmine; cleaning household laundry
9aa9ae135cbd254408b8b17bfb8421aa,two fruits strawberry jelly; pantry canned food
17ad52973d6aa8619387311a6012e2f5,peach mango jelly; pantry canned food
e0550a50d452f3b6a6076d43d88cc9b9,chicken massaman; freezer frozen ready meals
fc428da4d003ad503f0ebf575ed51b64,beef rendang; freezer frozen ready meals
5d78e0cf4b9224d7bda0eea751fd5c23,inch self watering planter;
df208d5fb1ab31e93a9c97b8b2cf03ff,night pants years; baby baby nappies wipes
1316bc9977aeac7789eed1d1098af446,summer games;
d08a6b725f6f97aedba11e03f1c3f9be,shredded chicken breast wholegrain mustard mayonnaise; pantry canned food
673f1ded2a05f4853ed6884631fb88a5,shredded chicken breast smoke flavoured; pantry canned food
699848a490442c88e51a2a28472287d5,shredded chicken breast springwater sea salt; pantry canned food
f92db48235929f2dc854c73576661a47,flaxseed; pantry health foods
dec11cc18edc35f47d528276f6dd0891,lsa mix; pantry health foods
99220d00851ffde077b65da80591a89c,dog dental treats; pets dogs puppy
6aca0012e03646f43f275819990d331d,chicken jerky strips dog treats; pets dogs puppy
a1855634965a943b7e0acda974f3e373,budgie canary seeds; pets birds
0e8097aa578810a50c67d41624bc6735,parrot wild bird seeds; pets birds
b45d2f92cd2c23c425c3d31250ca3708,mini pizza; freezer frozen party food snacks
49e0f5ec49a48fa177538bc31c718451,puff pastry twists cheese; pantry crackers crisp breads
f3df0e8744eec0e3cd8df9765424c03f,puff pastry twists salted; pantry crackers crisp breads
93dba4aff0c39cfeb17a3784aff8a568,minestrone soup; pantry soups noodles
87379733e1423126237b021e907d9348,creamy chicken soup; pantry soups noodles
ab7a172277cfd87b44eb4d82ec0d0b19,lemon herb marinated chicken thigh steaks; meat seafood poultry
e976028941f36d2429214bd43c1521e3,butter chicken marinated chicken thigh steaks; meat seafood poultry
14d6de45f667c1a8cffb1b650ee9d501,whack mole game;
f95af6886799c02761d574785bc4981f,organic black tea bags; pantry tea coffee hot chocolate
2ccbfc1d1f958fd66a789fd48b8b02fe,organic chai tea bags; pantry tea coffee hot chocolate
41feef6a66d8bd1424a94ffe36e87969,organic green tea bags; pantry tea coffee hot chocolate
15e6b16f3664b360b5b0cc01d95837a3,organic rooibos tea bags; pantry tea coffee hot chocolate
04951c3c4496c152f194fe079b82ec58,meaty loaf beef flavour dog food;
bf4d5a733f7a5df39321aca0f496c1ef,soup cup dutch curry rice; pantry soups noodles
938884d8dac5931eea7a39a38ecd07e1,soup cup chicken flavoured corn croutons; pantry soups noodles
a9d41040253222d61d6e3b4b791815c1,soup cup chicken flavoured noodles; pantry soups noodles
7128ce422f0c683e460ce3c0e964a4a7,soup cup hearty italian style minestrone; pantry soups noodles
865ec4028f915e28aa8e4955ab948566,cottage pie; freezer frozen ready meals
070182a37de0e4930f9c1074e52abcb0,bolognese pasta bake; freezer frozen ready meals
c38041569912d6e65366cbb45973bb97,kettle toaster pack;
e1b22f634fe52649373c693b9c64b80d,swingball pickleball;
aeec2788f1dad90374626392383e8056,bath mat;
55a7c99feb51264a00422f106d2b1450,bath towel;
3d698a7dffbe9829a4d43a621f8440ad,hand towel;
79e52ce23086aa7dd8e69abfb492b014,disney plush; christmas gift wrapping gifts
0246ea753f0f39a598ef64f3904569cc,arcade micro; christmas gift wrapping gifts
fcb3b8b6ff032cbd7d31cf40704a68cf,pickled brown onions; pantry condiments dressings
cc6265143731135827c2929144ae7cba,butter chicken; freezer frozen ready meals
0a3c58f8fc9cdcc15376b09f62b002dc,biltong smoked; pantry dried fruits nuts jerky
ee309f4ca9e050a3af9127f46dadb174,biltong chilli; pantry dried fruits nuts jerky
5ffa9735ffbdce0c410d76b86270636d,biltong original; pantry dried fruits nuts jerky
20bd662d362a478472c543590c16cb02,sauerkraut beetroot apple; pantry canned food
02ed79cf49db2975fd4d6673f4871d66,sauerkraut; pantry canned food
2b7d6f2d11e68d5d6617c577e6d8e2ed,kimchi; pantry canned food
4e395e6fa6c493f5b38966ddaa4217a0,mixed seeds oven baked breadsticks; pantry crackers crisp breads
ee61c136212818f7611c37fc4cb3ee55,olive oil oven baked breadsticks; pantry crackers crisp breads
305596e27f1bd53e5a1b6b8e4ebf8691,special drill sets;
d47b0d6903f0c0fe30dee222a96d7829,roasted sesame dressing; pantry condiments dressings
edc227b43df34fb68be9a895f69da89e,diary stationery gift set; christmas gift wrapping gifts
c0ad0753d89e8cd3c0f24e080eb00827,retro plush;
272933d3e2376b6a0819f4e0c78e6baf,shampoo conditioner; health beauty hair care
40b832644c6909eebc54313b27c650d6,refried beans traditional; pantry canned food
1e3bd38d64dde54d66a46429cab865a0,refried black beans; pantry canned food
e665bfec1a9b54e84d995ebe15b0942e,fruits cream gummies; snacks confectionery confectionery
760b52eeea66c08ee86e4f04d454315b,sour bears gummies; snacks confectionery confectionery
d546d46b5461b27cd90320476a6731b1,berry bears gummies; snacks confectionery confectionery
b03a7d4de1d3b6252d6c053881f13cf1,paper towel holder; christmas kitchen tableware
f123c2699f489d3ce57700b71e51df14,activity sticker books; christmas kids craft
cc1d40243a70e4f015c977dd70026570,tea accessories; christmas gift wrapping gifts
63c6d0869259dc8077eab341336a59e3,nougat bliss peanut butter; pantry confectionery
826f25827c5955d180d291fcbdf2e210,nougat bliss vanilla almond; pantry confectionery
71b2a992355187db00e129169c255271,cupcake dolls;
b2dbb73a7a44a42b676befdf29cc5132,white asparagus spears; pantry canned food
14f8db75b0663a425d3ba58a04a3eb1f,green asparagus spears; pantry canned food
6639f11786e634ac7d7303e6ee86d700,white pickled onions; pantry condiments dressings
9a3b24ae50742e5e3959af1f2bd200cc,paddle boards glasses; christmas gift wrapping gifts
b572310eef053857c16ee3977a1bbd5a,longer stronger shampoo;
e23fe62cc4b3017498e5885fdbcb6c49,drinkware assortment; christmas kitchen tableware
fd8cc02130454623ade80e0c7bc97007,mug teapot tea one set; christmas gift wrapping gifts
9b2a8f5eff013f0c7aa108d1d6b8c8f4,daily care toothpaste; health beauty dental care
c018e7fc37bcd1a37ed4c592f6b7f77d,chocolate cupcake mix; pantry baking
b863b8ea8bacfd1e5f2c9875e68d1b25,vanilla flavour cupcake mix; pantry baking
78ce904cbfbf181d64684830bcd7d117,smoked mussels escabeche style sauce; pantry canned food
fc013659b7e31edc513a5940335e9acd,smoked mussels galician style tomato sauce; pantry canned food
01be30547e493f422cd1c24d84b5f1d8,smoked mussels oil; pantry canned food
15f80a0ed7ae7583aef63c3aae1cc660,puzzle; christmas gift wrapping gifts
a12a65f9c870ac7f436530d947b7349e,ratchet wrench ratchet spanner;
87ec051ba3d48984334cb76ceeb0d494,chilli garlic stuffed green olives; deli chilled meats antipasto
fc5a3d445d14ba4a9fa9b7c4510f5834,jumbo kalamata olives; deli chilled meats antipasto
3b5d47dad1dc8f1a1662b296891e41a1,marinated split green olives; deli chilled meats antipasto
7b5c6060c2df569012fbe29bcc2fd63e,antipasto semi dried tomatoes; deli chilled meats antipasto
7fa3827abc0d9f1f29c67d4559e9e419,antipasto baby peppers; deli chilled meats antipasto
39086d982417d65917c9223392613d11,antipasto mediterranean olive; deli chilled meats antipasto
5e0325b4b4f0e6bb392bf10fa7889054,creamy cat treats; pets cat kitten
44f3bd2448d3b608f42c7eda3330bde8,world smallest classic games; christmas gift wrapping gifts
ffb51d08ad43c8e8df38daf8674398ec,classic games;
a3af31dfcd32a342b69150ef7390b915,peanut butter chocolate block; pantry confectionery
2311b53c85aefcf241bbdb31cb69d480,lionel christmas train set; christmas collectables
20907aae626b6398ed12dc8b45da0f2b,toilet cleaner; cleaning household bathroom
968d74ab1e1a40728934f4a8a099c81c,candy canes; pantry confectionery
48bc8e75a98dc41865c46626a892a141,dark chocolate hearts stars pretzels; christmas biscuits cookies
440101b6e2e524dc9cbd4e6a50c91165,double walled stainless steel wine cocktail cups; christmas gift wrapping gifts
46136265701ad19ffe8f07174a4d889f,wall calendar; christmas gift wrapping gifts
f1166d7e5839ecc3dac2b644c8850a88,water toys;
e1f1e6bf8692bb12e08a6f49044f4329,terry jacquard beach towel;
7e2b505d577b7320861e6460f737f4f9,inflatable games assorted;
fbd907fcc9f832b80eea9fe99b54faa8,led christmas tree animation; christmas decorations
391ad37816752043d91b4914f29c15ff,kids novelty body scrub; christmas gift wrapping gifts
102de86b6f2438288137aaf0e6922a04,turkish delight pomegranate; christmas lollies sweets
0c5dc5580d0dd27cb65adabb22dabd51,milk chocolate hearts stars pretzels; christmas biscuits cookies
2cf7441318e6b142376e74b7194cb75e,mini frozen yoghurt dessert; freezer ice cream snacks
614ef72797b77afac3a4d6890d550c6e,swim pants or; baby baby nappies wipes
7ab7069617ea52294c9015fb0a3e7aa7,mini turkey kyivs cheese spinach; freezer frozen meat seafood
4098aab7cc94448ad3aba27355f2163a,mini turkey kyvis cranberry camembert; freezer frozen meat seafood
72a4cf0e9312ad364fd80a60079c7cb1,mini licks vanilla bean; freezer ice cream snacks
8a0a66f01077ae43fd13ae5b999d143f,mini licks milk chocolate; freezer ice cream snacks
9dbdfd2ec1366232fc29c788e42d7063,honey soy rspca approved chicken kebabs; meat seafood poultry
c864daa6cc1459f36c330735ad30bebc,bbq rspca approved chicken kebabs; meat seafood poultry
9021edc24c2bc0684aed69bb3e4a11fc,fruit nut muesli; pantry cereals muesli
500ee8c9ba943b044502952ec7e7f7c2,apricot almond muesli; pantry cereals muesli
8484a4b85b41639fc2d530898b147882,velour jacquard beach towel;
d9aec552b53d03c722f6d5fa37408a77,children beach towel;
6a1449f741838c4d8b9be20f5dececea,milk chocolate irish cream baumkuchen spitzen; christmas cakes puddings pies
ca75312d25a9a500a7afcc3081923550,milk chocolate amaretto baumkuchen spitzen; christmas cakes puddings pies
b75f099cd910019b1860a747b3625442,dark chocolate jamaican rum baumkuchen spitzen; christmas cakes puddings pies
2951b2454949f9bf3c334f9ad6e33b12,jamaica rum lubecker edel marzipan; christmas lollies sweets
98e0bbf9b1edcdc63426c55b1df88e82,orange liqueur lubecker edel marzipan; christmas lollies sweets
dbe01b476f025e1c5de67de4effac988,ground white pepper; pantry herbs spices
75e39ebef7690f82b906b9ecda830562,ground black pepper; pantry herbs spices
363071a111d8d2564099db74742148d8,activity tent;
a3ce58faef04dbf7ae160932d85e7a39,chilli con carne rice; freezer frozen ready meals
c91bf2fbfcaea0b858c5bad4264ee87c,thai style green chicken curry; freezer frozen ready meals
f071bc730e91513d18bc44b0a0e6be34,marbled white forrest roulade; freezer frozen desserts
f683912ff06b435b4ab3b318e7120a82,marbled toffee pecan roulade; freezer frozen desserts
be1a8cf3f1120989665b74800ad729a2,choco biscuit cappuccino; pantry confectionery
8c2cad40e0e043a3f515c3d186ed9eb7,choco biscuit cookies creme; pantry confectionery
a337a9cc6b14684da454fc578270963a,choco biscuit milk; pantry confectionery
6a4526b19f2b618d9f2d0c9f2067b51a,aqua tuff garden hose;
dd40d1a9999f68fd2b34d581ad81f6b2,turkish delight rose; christmas lollies sweets
2dafdec2296983cc208584f768b11749,hazelnut latte coffee sachets; pantry tea coffee hot chocolate
c21a8f89649fc7c2a5fb452a33669523,vanilla latte coffee sachets; pantry tea coffee hot chocolate
32619c7fce360cf8682c5860f19f9cbd,caramel latte coffee sachets; pantry tea coffee hot chocolate
524b28f04eff0fd94405361d2d243d49,sponge scourers heavy duty; cleaning household cleaning
6d02d65bf6639e0c7f2acd9d6fba234e,split rock lobster french style sauce; freezer frozen meat seafood
654e575f14c9c2d02e283ba2ae93b3b5,split rock lobster garlic herb sauce; freezer frozen meat seafood
4875d6eb9d832ae4b3e4b74d0cd695aa,dark chocolate cranberry luxury enrobed honeycomb; pantry confectionery
20383f7bc44e6512884bc91f42c2d6d2,milk chocolate orange luxury enrobed honeycomb; pantry confectionery
53b15a95076a7b2aaf8926a1b6f476c3,crispy battered fish fillets; freezer frozen meat seafood
fc141b9f5625d6b00735fdff02a15d1a,golden crumbed fish fillets; freezer frozen meat seafood
c226533a647b234c525264b16ef62ea8,delightful chocolate waves caramel; christmas chocolate
5c49d0124322de344d1c33e68095d7a2,delightful chocolate waves milk chocolate; christmas chocolate
bdc7d3ce2f4b98011ae1e9f47ba0c478,delightful chocolate waves hazelnut; christmas chocolate
c685245b0db40ceca47743bc77c6cce9,delightful chocolate waves mint; christmas chocolate
5699875855bf00359e0068f387f5d068,christmas gift bags; christmas gift wrapping gifts
5ffef8409b696eb998b21732e2d3635f,pretzels; freezer frozen party food snacks
bedb829fd948a226f7ef0c31831129b1,pretzel sticks; freezer frozen party food snacks
fab269f28c9c49cfcd8c13e789883da2,delightful chocolate sticks mint; christmas chocolate
61fab05fafd2516e5f70d4d10eba1019,delightful chocolate sticks caramel; christmas chocolate
7971fc0eb31016e809640bb4bab7c3af,delightful chocolate sticks milk orange; christmas chocolate
cf92c773a4179715d56cc100ac247a80,pineapple chunks; pantry canned food
a08c51a2460db0632676cbc72a9bd2df,pineapple slices; pantry canned food
4d2e6428cb2faebfa76fe8f345d96a21,licensed gift cards tags; christmas gift wrapping gifts
7bf33043a57fdff65afb5d0ce494daa2,licensed wrap; christmas gift wrapping gifts
73a2c449fa87e6d3a76c7ad0e209f7c3,caramel flavoured syrup; drinks tea coffee hot chocolate
cc841eec0e0d9530fee97ce1f1cca4eb,vanilla flavoured syrup; drinks tea coffee hot chocolate
ee5dc745b24b0a9e9ef9650f388d0c78,hazelnut flavoured syrup; drinks tea coffee hot chocolate
8f5f2ec5cc7d6a1bb1eca8e245b4cbe6,blueberry premium jam; pantry jams spreads
6bd49ebd6dd65ec4677bcc342ce3f167,double oven glove oven mitt;
243dce2c248d7b640cd24259f44103c9,kids foaming body wash; christmas gift wrapping gifts
7ecc0ac1e71a7cce74819b7bfe6c6849,white chocolate liqueur; liquor spirits
0e345aa5d2965d7dd8722b49b037c74a,natural mixed nuts; pantry dried fruits nuts jerky
934f3ba0ef6eddc99e3c1d26ec69f3d3,south australia heathcote shiraz; liquor red wine
a4edce2831e1a4dcf3731bf1d711c427,padthaway cowra chardonnay; liquor white wine
459406b56f6579285f517fd22a881f48,pinot grigio; liquor white wine
85e92943336655c97bcb12a403b24ab8,free range egg papardelle; pantry pasta rice grains
0a1ba62d8fea7cac5fd15f68b2aa984e,mixed berry premium jam; pantry jams spreads
eca1c8a60a001123edca3d8f13cb9183,caramel latte sachet; drinks tea coffee hot chocolate
c81cd5101914808d58bf51a48ba428c9,mini milk chocolate bars; snacks confectionery confectionery
f265776961b35cb618970f28c76d36c8,sweet sour twin snakes; snacks confectionery confectionery
63937b7ca72b394578a45e2dad78e718,goldbears; snacks confectionery confectionery
d4197926d05d6ce648914affe18b31bb,comfy fabric softener; cleaning household laundry
818565f3da61aa10640651a771c9ac0c,milk salted caramel brownie choco changer chococolate block; snacks confectionery confectionery
dedf20bc3c48c25b70933c5614bfe0e1,dark salty fudge almond choco changer chococolate block; snacks confectionery confectionery
03ce8437b0345fad0e43b6419dabc530,milk honeycomb nougat choco changer chococolate block; snacks confectionery confectionery
10f5f78c3648b8c5a3f6b08bc61d10d0,caviar illumination day cream; health beauty sun skin care
74404e4e7746152862e67301dfa33d15,peppermint fresh gum; snacks confectionery confectionery
1573b794a56dc976c1f7877a9390c92f,fresh spearmint gum; snacks confectionery confectionery
5ae3f68c117bccacd9bb92469331dee9,low sugar delight bars choc cherry coconut; pantry lunch
78958d79121cb270db1032828b6c93b6,low sugar delight bars choc coconut; pantry lunch
241e89da63475f5ebe1bfdbd4208d955,aloe vera chamomile liquid soap refill; health beauty shower bath care
709fbcfc4443b33a91fecadad12815ea,kit kat mixed blocks milo; snacks confectionery confectionery
e1495ebad8e36d6608b6eb93110f3fe1,truffle infused extra virgin olive oil; pantry oils vinegars
12a5f1d5077789d21e5e55b380091f31,garlic infused extra virgin olive oil; pantry oils vinegars
2cbdce496eb5d5535a1f88236322ec95,instant miso soup wakame chilli; pantry soups noodles
2164557830a2cfdae359facac816f86d,instant miso soup shitake mushroom; pantry soups noodles
df7eb931456abcb3d6b1aebf6e7c7d58,instant miso soup wakame; pantry soups noodles
cf941e69b1d9af14c3d916a116326a54,tuna protein power bowl roasted capsicum three bean mix; pantry canned food
93b8a5e00635910c2208669f20818dca,tuna protein power bowl brown rice chargrilled corn black beans lime chilli; pantry canned food
b00c3c7c0f59301eabdf9fa45cbf0ff6,tuna protein power bowl brown rice pearl couscous tomato onion; pantry canned food
95d8c8cf523e706aa6950a6a44a121ad,balla stixx rainbow; pantry confectionery
ee128579c12f6b8f15bd782d954f97f8,balla stixx strawberry; pantry confectionery
2211818493efa0ffadd627d5718a3afe,foaming hand wash refill; health beauty sun skin care
091272d570d9b5616df3b2990cf107dc,protein smoothie mix blueberry; freezer frozen fruit vegetables
abbf75c5ff3990f0a83a58b237213182,protein smoothie mix strawberry; freezer frozen fruit vegetables
d08e4546af6214afccfbdd11784ff1cf,free range egg fettuccine; pantry pasta rice grains
15627107037aa553710e1fe536d8cb32,paracetamol; health beauty first aid medicinal
9992f8782b1990685534087c4433acb9,thai style rice noodles; pantry soups noodles
21bc70a2527b07c0e67bd00052c5ff89,vermicelli rice noodles; pantry soups noodles
1542fa240678b87bf0a39a24acb17cc8,kids toothbrushes; health beauty dental care
ae2de0b78c3968155a3de77bcd318db8,green split peas; pantry health foods
25bb807ce7b7d5a4a972827cabf0aa49,soup mix; pantry health foods
e188fa48dd2a5e25f67bdad77f822936,tikka masala curry paste; pantry sauces
cf0cbbc53240d3431af9d946e2621872,korma curry paste; pantry sauces
e696f6fd315ffd82ee62be32adb73417,artisan style pumpkin seed parmesan crispbread; pantry crackers crisp breads
7cd57e77d10fb4cc7f028af5198624b6,artisan style oat chia crispbread; pantry crackers crisp breads
97bec2ce4fc2ebd86557add1d3da496a,chicken flavoured noodle snacks; pantry chips corn chips
b0f0c0be715bebbe43cf969178d3b15a,bbq flavoured noodle snacks; pantry chips corn chips
0077ee0f846a7d58fd09d9d2568fcdb3,mini panettone traditional fruit; christmas cakes puddings pies
6bdad303659a5e6d6e9bf83353d6277b,mini panettone chocolate chip; christmas cakes puddings pies
a481d19cbf98b1b3166a437c8004ab08,hazelnut praline chocolate block; snacks confectionery confectionery
184a9e0f525f86dbe600b707e5bac225,choco air orange; pantry confectionery
3a2348e25ed2b32220dc6a1956be9e3f,choco air milk chocolate; pantry confectionery
0d9fa0964c3b6ef3efaaf4c9269066e8,choco air mint; pantry confectionery
20917e220d587049ab52a7feee55973b,scent booster beads; cleaning household laundry
360ae3c276181afb119ec47eae2426dd,gift pack;
3795d8b807c16d3cdc66e90c7e2556bb,revive hyaluron serum; health beauty sun skin care
6a9410bf615fe79abb13b494fa3a6699,renew expert face care; health beauty sun skin care
b46a7dcc58ce3bbfb728858136541bda,revitalise expert face care; health beauty sun skin care
7331b13bfdef50741ab6eb6260971052,top twists strawberry; pantry cereals muesli
56a3c65ed21453b0fa2eaa17989ae5e2,top twists chocolate; pantry cereals muesli
ea54465625f568fa535a71b35ad433f0,dark chocolate sweet orange nougat slab; pantry confectionery
5aa3eba25e5287df069d63f72d6a60ad,dark choc viennese style fingers; pantry biscuit cookies
9d4f5657b5722e611edca15a3a1f7a4c,canola oil cooking spray; pantry oils vinegars
feadc693887eea1717050e76de76246f,scotch finger biscuits; pantry biscuit cookies
c4ebd39c518c90917ed045c384bcff35,marlborough sauvignon blanc; liquor white wine
8040f56f8bcd7a98e8d46dbbcbfca396,moscato; liquor white wine
5b2e3ccc2605c67f9cef06716f663ceb,extra virgin olive oil spray; pantry oils vinegars
3d08c6a759fbe66747d6b5bbf00e5b37,mclaren vale organic shiraz liquor red wine
1e91a5e0ad9a2e3534d682b2b3978708,road trip trivia; christmas gift wrapping gifts
350fef8843ebbd6cc80808ffbfe7c578,white christmas nougat slab; pantry confectionery
9d3fda3f46789921224de0441baff62d,wooden herb tools; christmas kitchen tableware
25a6392ace150036077387af687d52be,mango greek style yogurt; dairy eggs fridge yogurt
af922f69135fd3e5823a75487fe72c4d,blueberry greek style yogurt; dairy eggs fridge yogurt
99cc8c5302fcc634ae5af7f72f399415,beetroot cashew dip; deli chilled meats dips spreads
24ef57e757a2f3d413e70bf16d267d07,spicy capsicum dip; deli chilled meats dips spreads
9c9600e06cc897f7d822e18b32b3b99e,beauty facial cleanser massager; christmas gift wrapping gifts
4e12bc7482abca437fb0e64c5cdc45a1,chow mein recipe base; pantry stocks gravy
4e4da157ec9622b4f14255ba55c2d802,satay chicken recipe base; pantry stocks gravy
f77b28672999779f3d5a86138af0063b,creamy chicken curry recipe base; pantry stocks gravy
76c93f84a1917c0b52e4a0c83e6fd4f6,cheese potato bake recipe base; pantry stocks gravy
7ade31d2602f396caf8998e7dbf5cb7e,wafer rolls assorted; christmas biscuits cookies
21f442179ab67b3308a71e6ce3a1eca1,vanilla wafer rolls; christmas biscuits cookies
3e36fb7db0bb934f5cedba9b3b74cf09,choc wafer rolls; christmas biscuits cookies
0a09c387190757b96613b27a6fffabba,cabana beach blanket;
aec1cb75d719e120af40327c50114aa7,facial scrub; health beauty sun skin care
d153a1cc4268873cfaf197bc4428ece6,thin crispy sour cream chives flavoured rice crackers; pantry crackers crisp breads
8abbeac900801cde1efba0c1db52cf57,thin crispy original flavoured rice crackers; pantry crackers crisp breads
4b5536a613ea32c9cc422ac6b51860b7,adult beach poncho assortment;
1288ac612cb0867f840147868e7f9f6a,premium cat food; pets cat kitten
dd899b6185c63efb6ace7d14801d0b9b,men women anti perspirant roll deodorant; health beauty personal care hygiene
0cc4248b894bf01cd396d5a7f6c5d1ac,blend classic instant coffee; pantry tea coffee hot chocolate
2868cb4db0391f59b725733659ed7002,renew anti wrinkle face care; health beauty sun skin care
98b52ad435c31aa7d6b3d4d3d6e3ebfd,perfect puzzles puzzle book; christmas gift wrapping gifts
baaf84322b4813084143237f53178982,rock candy; pantry confectionery
94143901eadc26b390f692f44a341f95,little pony;
47d984247b47cb91f0562a6740c324d9,antibacterial wipes; cleaning household bathroom
a74772bea5d7d49914540153a625b7ac,gluten free self raising flour; pantry baking
96758766ba8f603fa39d192ac266aa9c,gluten free plain flour; pantry baking
f62be01e8ea032c434ee8cfe191fcada,effervescent electrolytes tablets; health beauty vitamins sports nutrition
f799cb8740f63bc97b54aac9676c56d0,yellowfin tuna kale quinoa salad ready meal; pantry lunch
6efc9bba0f7e20a0e7b18a497dd4e078,yellowfin tuna italian style salad ready meal; pantry lunch
b060677c3cc349b26b6c94a5c6b1e8af,yellowfin tuna brown rice quinoa ready meal; pantry lunch
24c66be353eaaaffff19760ea2e075ed,smoke flavour yellowfin tuna chunks; pantry canned food
5e301425622db904c7feb7024a283934,yellowfin tuna chunks garlic chilli oil; pantry canned food
b24b703a15467d0d7992ab6f3524713c,yellowfin tuna chunks basil flavoured oil; pantry canned food
bda31cd9bac6734ad3bfaaf5477a8859,yellowfin tuna chunks triple chilli oil; pantry canned food
da6cffe0295b66e48aaf48944b97f5d4,felt creations;
87938cce1cac14945dadbfeb2e5d193e,multi purpose cleaner; cleaning household bathroom
bef71f7888b77bcc649a7d9c32a27d79,triple berry premium muesli bars; pantry lunch
e94b920a1beb7b82c9244ee40c581716,fruit nut premium muesli bars; pantry lunch
73bc3549a64a1d9b167ee3643a4e519e,fruit free premium muesli bars; pantry lunch
6b3cbe7316e9a6203dcf64a4eb51ffae,hundreds thousands biscuits; pantry biscuit cookies
9321370b3b33ea80c9ad3c1605fbaea7,margaret river chardonnay; liquor white wine
12e4063d908709b4796784de0a42e948,onion rings; freezer frozen fruit vegetables
d765c8d79c3927d39169f7687c14118c,party sausage rolls; freezer frozen party food snacks
253dec54ef98254b8e3185255d59e12a,signature chocolate chip cookies; pantry biscuit cookies
1fcc4d032340a516f1940d933cc15f84,party pack; freezer frozen party food snacks
983407697779aab7e0c7a4e3d72dbeb2,spider stix variety; freezer ice cream snacks
6fda340b729fe5d946de98b537f9f127,finest dark mint chocolate; pantry confectionery
61ae7d1e75237e126fd1ce7b333cdd40,village scenes; christmas collectables
0a254a76026df2c2eaec14615c335316,premium cat food pouch chicken tuna; pets cat kitten
ac744c369a7a555956b64762641f9af9,hardcover picture books; christmas gift wrapping gifts
5c68f0e34f06f647c43e6964f696c036,chilli con carne recipe base; pantry stocks gravy
4f47cca67082b81ed7005a86812b3692,mild curried sausages recipe base; pantry stocks gravy
813266311812c531da6f9f52f6d638c2,beef stroganoff recipe base; pantry stocks gravy
3ba7e4ef2c23e67395bba3e63e339135,shepherd pie recipe base; pantry stocks gravy
0e638c4109f3d7a781acbc5822750ed9,finest dark cocoa chocolate; pantry confectionery
14382de2458b4b740eac3297ea9c95ba,squishee christmas; christmas gift wrapping gifts
2e930d12505380f5a1c6c39a171810b7,hair care gummies;
f7c532964e4023693ce6d2610d8930eb,hair skin nails gummies;
9a9764ec8b1c4bb1ce8c98dfea6bd005,sweet dreams gummies;
5315ad299036fc25d00b667ee6f27955,apple cider vinegar gummies;
e69f77845dedf9537e4542255e995a69,retinol skincare; health beauty sun skin care
ba5de8e85c279cfcec80fdad6ea23e4c,orbit premium toothbrush soft medium; health beauty dental care
8d0993efc50efe9c3453277e55af2b30,golden crisp fish fillets original; freezer frozen meat seafood
7c277deef96137ce6c7719566b9cc69f,golden crisp fish fillets lemon crumb; freezer frozen meat seafood
dc3dce28f1f4f4c2379aac23bc2d6a54,gourmet dry dog food beef chicken vegetables; pets dogs puppy
7e22bf995f04b82a53d61fd62d62ce6d,honey nut corn flakes; pantry cereals muesli
a684eca988e85842ffcf3322eb29eadd,honey wheats; pantry cereals muesli
b7b3d7c9e6fe6595c411805531eb23fc,salt reduced chicken flavour stock powder; pantry stocks gravy
6e9b0f0891c816c538d04f3d20752e14,vegetable flavour stock powder; pantry stocks gravy
70887fbe0f3b953fdd209782cf5919d9,beef flavour stock powder; pantry stocks gravy
8cf706f7302e88fa6474182bac941f36,chicken flavour stock powder; pantry stocks gravy
5262ffe42986b60f50513df3dbeb68fa,super strength dishwashing liquid; cleaning household kitchen
c2081f4b50133c1803cd0fbc2f622776,beef burrito bowl; freezer frozen ready meals
648f3b1ed98f2bed18a3efbbb7c7f721,bbq smokey beef; freezer frozen ready meals
3968229e43a1607b83dec19b3e7c6a38,original oats sensations; pantry cereals muesli
8fb7dd025e764f0e970a0652a57010b9,honey oats sensations; pantry cereals muesli
941f2e8d70ad7fca06acc64f20cd1733,dark ginger lime chocolate block; pantry confectionery
f7721e9ca12f59854a0411e2ae0eb4bd,belfont garland wreath; christmas decorations
cf027fd8c53c68a38bca67fab05b1aad,adult years wet cat food can; pets cat kitten
69e92ebaaf21c5d26d98276b162598f7,soup noodle kit beef pho; limited time
5d1a3507c0a97641fa12536f0678992d,soup noodle kit laksa; limited time
4772e54444d2c43dfa07a2c7705be7a5,soup noodle kit ramen; limited time
880a9ec0f1962961e64fe0c578dfef57,dog loaf food; pets dogs puppy
fea4925aa2ff3195be60e6fefaf8c7e8,kids hair bodywash; health beauty shower bath care
e23bfbf503b0d0932c8b7f87f384bfdc,bircher muesli; pantry cereals muesli
9605a54b897380dbc0dfb74575c672f5,fruit free muesli; pantry cereals muesli
65986acd8476cbc75bdab20026eec024,retinol gift set; christmas gift wrapping gifts
8f9356fa832bb8d157801449dcc368b9,lite coconut cream; pantry canned food
3566bb7988abc03b83c9768654ed0464,coconut cream; pantry canned food
4c74ef668609966e8d06a15fcd710a5c,organic coconut milk; pantry health foods
635ce7e5f2fa39828efac2f64deb981a,organic coconut cream; pantry health foods
f9e91e691c0f74f2e8e9b5e2a766b34d,coconut milk; pantry canned food
f40fe3832c00aefe17c95959e11dbc71,lite coconut milk; pantry canned food
6c4de381325d04a6903f0b752a089f16,finest dark sea salt chocolate; pantry confectionery
93c341cdb8316771034fe9d623adb219,caramel sea salt chocolates; pantry confectionery
1bf2d1d6b17e3b521b727dc58678df3e,finest raspberry almond chocolate; pantry confectionery
756ffaed2d52adcff31f170a898f25af,finest milk chocolate; pantry confectionery
4b7e206df8709e631ec6d9773316bcc6,finest madagascan vanilla chocolate; pantry confectionery
800f1c1f752737c20b379a4a6f854821,cannellini beans; pantry canned food
798302d4dbb174b12d12398ff4f8fdda,lentils; pantry canned food
a2ea2bb9c9e5c93dba664933b4968141,vegetable baby rice rusks months; baby baby food
41ce0188e94b041333ede6819477e91d,banana baby rice rusk months; baby baby food
1fbb85c35d930e153e62f437fa864aca,apple strawberry blueberry baby rice puffs months; baby baby food
dbd86fa3b66430320c0fba0ee2190048,apple baby rice puffs months; baby baby food
d98b1abe4ee5b7c0c61da8ef996459f9,shiraz; liquor red wine
4e303dd7bd014600657f7fd06678621f,natural almonds; pantry dried fruits nuts jerky
bf4d0b117734b588facb982a3b54f2b7,salted mixed nuts; pantry dried fruits nuts jerky
d58558570f5bbd573f234f49049d2b57,party pies; freezer frozen party food snacks
923872d7ecfb61bf58c0443fb3cd2d18,australian sultanas snack pack; pantry lunch
3b1dcfc9f115ff573079aa0f7fc8ba53,shiraz cask; liquor red wine
71a3ea1fdf834d9107495ae3ad594f90,paw paw ointment; health beauty first aid medicinal
1ac60e3ddc120dc7af7736b1e99c8d1e,snack go red kidney beans chilli olive oil; pantry canned food
54e9d636d1961e2aa60b3cf3a558bf24,snack go chick peas zesty vinaigarette; pantry canned food
0304aca702fb77a6a4250880e99c7043,snack go chick peas olive oil garlic rosemary; pantry canned food
37b4540e00db0bc0491e14d6d123329a,snack go black beans lime herbs corn; pantry canned food
98d799e7bd7d8e2e3b7e8183408b3662,salt pepper mills; christmas kitchen tableware
e7621f8a31b479e44ed185589ffe6c98,lemon soft drink; drinks soft drinks
67cb0492e9eeddd771ecf081e275197d,lemonade; drinks soft drinks
cda50e54faab6df6dbdea425f0ea8c4d,cola sugar free; drinks soft drinks
ab7f60211c5e1723cd0c162f9b87e00e,tawny nv; liquor red wine
51592e2017380b300dc2ddbdeafba1e6,vintners cabernet merlot; liquor red wine
aae2524d381155d28a427a758b6a8df6,worcestershire sauce; pantry sauces
f068ef9014d5c14fcd6fd3cb0dbb250d,sauvignon blanc; liquor white wine
eb499a6ebbfdaeaadc0bc7ddb2472938,natural australian still spring water; drinks water
a031ced2ee0d4a7764086702a20f0744,brandy; liquor spirits
b47155df0fc01da3f41694bbfd10ef50,rich hot chocolate capsule; pantry tea coffee hot chocolate
f7f77c2bed868180c70c265eb551a47c,coffee capsules reggio; pantry tea coffee hot chocolate
fd14be7dee6c5e1f9e66b62ba3919731,coffee capsules tauro; pantry tea coffee hot chocolate
f6c6622977129075a101e1052f700308,broccoli; freezer frozen fruit vegetables
3ac47aa9e9ea62006b260324e96f38a5,yellowfin tuna chunks springwater; pantry canned food
7fd9d11fc6b751d547242fcfa6048db1,beef lasagne; freezer frozen ready meals
b28086cf389badec7a46c37b5580cee8,apple raspberry cordial; drinks juices cordials
267ec3bd25282e08a737673e0740ec4f,crumbed prawn cutlets; freezer frozen meat seafood
03430962abe1bc1e22834a1098f34db4,spinach; freezer frozen fruit vegetables
2dc04c8deed722628e46546ef41c4af3,traditional dry gin; liquor spirits
ae8d91f5a6152a39f3436bd5a97c25bc,sesame snaps; pantry lunch
8a3dc25c83e33376f41f1ad2a560d277,choc coats; freezer ice cream snacks
7d4fd78fcb97e882b0e1f9ec37f2febe,chocolate clouds biscuits; pantry biscuit cookies
0cb6ebc148639e37b697f014e3e55272,chunky beef pies; freezer frozen ready meals
767dbb35e5d9d58dbc2151989a18df96,mumm cordon rouge champagne nv gift pack; christmas liquor drinks
095306d5b90726e8d60db6f45cf8746b,bobal tempranillo reserva; liquor red wine
9ffebe1a5aeddd940844f4162184eeff,apple blackcurrant juice; drinks juices cordials
b63582853d13c2386dea402f45ac7d28,apple juice; drinks juices cordials
17c020b3ed2dc228de8be5c595cddebe,apple mango juice; drinks juices cordials
1d2912dab2b3294e58745940fe9fe295,spinach ricotta triangles; freezer frozen party food snacks
7036cda8af09523327820bcf55ef8c08,adult tin games; christmas gift wrapping gifts
f6921c710eb8ce62ad7efaf2717879f5,pool hose;
5cf61d563034ed65a417ca720bfa1507,solar outdoor light;
f27ab9d804748b77d401139a6467396c,facial tissues cleaning household toilet paper tissues paper towels
a2ced804fdfa3f82cf9dc4992199eafe,protein bar chocolate; health beauty vitamins sports nutrition
47a875a3f27b0e89f1fe86bb25fab8fc,protein bar boysenberry; health beauty vitamins sports nutrition
0a852f378448965a200bcc500ec1010a,protein bar peanut butter crisp; health beauty vitamins sports nutrition
0d266baed17d2c30db25fe87c1a6eb61,mini frozen yogurt sticks; freezer ice cream snacks
4d00f631ac98d7d4ce5bd9ff68487917,kang rose; liquor rose
2d4fc3c3ed71493bb0455c63bfbfabeb,australian extra virgin olive oil; pantry oils vinegars
82a3b8192fec0a65ef390214909ad572,penne pasta; pantry pasta rice grains
bf51f6c479c20f4d139c45162af9562d,pasta spirals; pantry pasta rice grains
f29298357c204e4558886fef8f1f2e5e,pasta shells; pantry pasta rice grains
3afc99fbb3babe0833aeea289705f8be,pasta fettuccine; pantry pasta rice grains
b67fdfbd2a280c1b74a657e7022c020f,pasta macaroni; pantry pasta rice grains
a3a67a958844c3ad5dfc33486db719ac,pasta spaghetti; pantry pasta rice grains
fe26cf08a9a7e01980c6acf36903684a,tim tam double coat; pantry biscuit cookies
d2e9eadcb5e85010ea6d5731678b6448,tim tam chewy caramel; pantry biscuit cookies
c5092d882bf9268c3bed4692b790c6e3,waffle cones; pantry biscuit cookies
529fc9397fe9c35bff1352ac29d1124e,shortbread fingers; pantry biscuit cookies
b357e9e85dda3c1ed790be8111466fd2,shortbread triangles; pantry biscuit cookies
7760a1dad990dfffa5ed51da4938e806,top family favourites chips multipack; pantry chips corn chips
db1d4b21282fce270629e3964faacc63,divine biscuits; pantry biscuit cookies
cdd50230f47f6357226c14ba9f0b511c,peanut cookies; pantry biscuit cookies
8ce52a03252b18f236838f8e4fe51544,milk chocolate caramelts biscuits; pantry biscuit cookies
8730181adb417bbb34762cc92747dadb,chocolate mint cremes biscuits; pantry biscuit cookies
bc5329fefde1b57c2677eee8e030d4a4,chardonnay; liquor white wine
08297bef40d86081855152597a4840fb,mixed blossom honey twist squeeze; pantry jams spreads
5dc39d3c119dfbd56a215201ed3a6ae3,sugar free maria biscuits; pantry biscuit cookies
8643cd22a9be445f72bd800b4c14a1ff,tempranillo bobal superior; liquor red wine
41270a54431f757574fb4be8450ba468,cola; drinks soft drinks
5774c0b6aad4956f928e3f47b257baef,lemonade sugar soft drink; drinks soft drinks
5b47b1b59ecfc52867dabbd336a52c19,soda water; drinks soft drinks
0deec4b003581eb34e1b792ba1d7d3c2,sparkling natural mineral water; drinks water
8e10d55553fbb810da7a244e40880fb4,organic extra virgin coconut oil; pantry oils vinegars
186ec55ab9bff40f19a2a0264fb83476,orange soft drink; drinks soft drinks
88abe1eb00336f1c3ce462149088fe0b,rolled oats; pantry cereals muesli
b3f6064a4157026b8e3629f4e4ccda3d,quick oats; pantry cereals muesli
b953b9255a7ab4dc11c49d24f9d2dd5c,shapes multipack cracker biscuits variety; pantry crackers crisp breads
606afce2bba375d18e887b8e09de2044,unsweetened pineapple juice; drinks juices cordials
0b8bfe5ac1583d734c83823983a9655e,microwave rice pouch long grain white; pantry pasta rice grains
1226180fed8992f5a520c2a6c9f94496,microwave rice pouch jasmine; pantry pasta rice grains
fe099e2cd1764e3840dec5ed8961e4ee,microwave rice pouch basmati; pantry pasta rice grains
4b4429d5c0d40f42173c67b7ab7f5aeb,utopia almond; freezer ice cream snacks
9e6b1850a25363405e03605893151f02,utopia vanilla; freezer ice cream snacks
17ea2685fa40416e3e9bde9022470d34,honey roasted cashews; pantry dried fruits nuts jerky
fc9a33945ef3b90262796558fe220d57,coconut water; drinks juices cordials
4ae3c4c8c97c58074e49cf7ab8f032f4,stem ginger cookies; pantry biscuit cookies
a818e4d14804af94b77868f3176597b7,meat lovers family pizza; freezer frozen pizzas
b8c85ee404e549cabb75a8f6ef5be254,hawaiian family pizza; freezer frozen pizzas
13c1346ebb21dbb2dc131265ada621bc,supreme family pizza; freezer frozen pizzas
2225c7495f85e88d393ad5e14bd1455d,tabasco sauce; pantry sauces
265484850dbd41785c0eaad5fbf3c6c3,multi vitamin juice; drinks juices cordials
9a3e9035a7073d5e51547d501a5e84eb,tim tam original chocolate biscuits; pantry biscuit cookies
06b689779ed7d471485423379ea3a355,shortbread cream biscuits; pantry biscuit cookies
0b300e1e9bb860cd024147a494422811,mint slice chocolate biscuits; pantry biscuit cookies
f8ddd46de473457af1afe0d47620a30f,coke coca cola; drinks soft drinks
34190ee59bd642820ebb9c826c96570a,iodised sea salt grinder; pantry herbs spices
c6fe9297f8a06e3a5591bd0c97be76b5,black peppercorn grinder; pantry herbs spices
f83ad8cf63528a0ed0498766b10c8d7c,butternut snap cookies; pantry biscuit cookies
59ac751f7f1a40c7b9fe439ef9696a61,malbec reserva; liquor red wine
1e0115d566f415eff2c64b5cdf98a455,dried garland figs; pantry dried fruits nuts jerky
ea34f69ac166cc3f5b6112c4c67e7f90,blended scotch whisky; liquor spirits
c2b32011768ce2f7c3681c2451707cbd,australian diced tomatoes; pantry canned food
00c65dd7e752b4107d5b97f8fadb5a80,protein bar cookies cream; health beauty vitamins sports nutrition
f8f1c161759de68e10af244eb7a61e36,meal replacement bars; health beauty vitamins sports nutrition
67632f5ddbb538752401b6fb8c9f6792,meal replacement shake; health beauty vitamins sports nutrition
75bcefd0e811783b1963f4700b2f0395,brandy; christmas liquor drinks
b77dee173a16364b31ec327e152e1921,crispetts crispbread; pantry crackers crisp breads
4b356779d074aa46e39a509d34317ad6,cowboy mix; pantry dried fruits nuts jerky
a3d5a835f08be67ec19bd212009bd4e1,smooth peanut butter; pantry jams spreads
c92b1f01566c338adcad5eefee1f7be0,multigrain brown rice crackers; pantry crackers crisp breads
5279d656e1af48676daaa527623e268b,original brown rice crackers; pantry crackers crisp breads
42c27ad5407f8904a2b7f7682a5e1e71,organic apple cider vinegar; pantry oils vinegars
b5c06ebec7a0f335186931c0797f59f4,cous cous; pantry pasta rice grains
32ec689a3970af0cbd6da1e0bcb1bc63,margaret river cabernet sauvignon; liquor red wine
d20d6c66cdaba195e2456e8f4a3def33,fruit fibre oat biscuits; pantry biscuit cookies
ba7900859cc7e473b1f41ab8f71c252a,australian apricot halves juice; pantry canned food
eb597a5cd814416491d3f12b0b5b3469,australian apple slices juice; pantry canned food
23d64bc2c6637956797d7a57ec5a0656,special release shiraz; liquor red wine
b0523322baf320dbb6819debad9d27c3,classic instant coffee dark roast; pantry tea coffee hot chocolate
b2da2d5b48428256852fed86daa1abdf,summer white; liquor white wine
a89e7508d7776a27b7fd184ceb7f8008,rice crackers bbq; pantry crackers crisp breads
87143c8ede622a325c1f188b594e96f3,coffee beans dark; pantry tea coffee hot chocolate
b86e7172ea34bd7bf8cdd4f19b5b0511,coffee beans medium; pantry tea coffee hot chocolate
cc546ad52b88a2dd7659c45073d57f76,shapes chicken crimpy cracker biscuits; pantry crackers crisp breads
934da882b10cff5ada51e4ecda1ad62e,meat pies; freezer frozen ready meals
c8a415cd611c4885316fc5464b0b8024,barossa shiraz; liquor red wine
10be23f43a12e6bf4e180500d4e1358b,sauvignon blanc semillon; liquor white wine
29a302daa39ca874bbb3d9b1a19e9c24,choc chip cookies; pantry biscuit cookies
7852bd0f2fafda209f43e49d8a1083a1,chardonnay pinot noir prosecco; liquor sparkling champagne
1c3a2bd04cd7a965a29d953f96f5b2b8,macaroni cheese; pantry pasta rice grains
98061bbade9f4e307479bf5be8ee8d87,salada original crispbread; pantry crackers crisp breads
baafc5bb444e698eb7a5c6f1696d2d10,rice crackers cheese; pantry crackers crisp breads
6bad8d2a583d9fb4a0aa4575058fd816,rice crackers seaweed; pantry crackers crisp breads
2835b606b39d25f99e3278077cd98fc6,baked beans; pantry canned food
141a485fb923d516b105e9a603bbf192,chicken flavour liquid stock; pantry stocks gravy
2d5ba9f326b5a6f878cf03a2ffd5456b,crinkle cut potato chips salt vinegar; pantry chips corn chips
4ef6a6c6e92d7e77ff7af923cba9af6b,salmon wellington; freezer frozen meat seafood
7e867c71dbc25c5385584aa8d0594088,baby peas; freezer frozen fruit vegetables
f529c0caa7374af289c8a21e0459071e,snakos barbecue biscuits; pantry crackers crisp breads
8fcdd3b1f896efc1b07212973c470104,snakos chicken biscuits; pantry crackers crisp breads
0f436f735ba132d71c153cc9ff5aa46d,snakos pizza biscuits; pantry crackers crisp breads
c6d8474d2471bb019486bdba704bd8aa,snakos cheddar; pantry crackers crisp breads
a5fcf0480c706ab7eebb27698db506cf,shapes pizza; pantry crackers crisp breads
489f1ec25b166939a19f513386fef6e3,shapes chicken crimpy; pantry crackers crisp breads
84bd82dde8dca498a5b27a62a346ea88,shapes bbq; pantry crackers crisp breads
d729fab7d5c8071abb610fae7de41ea2,potato jewels; freezer chips wedges
33cd8e326a258687280dcd9e933c4643,microwave rice pouch egg fried rice; pantry pasta rice grains
912ca5d4c538fede171a727b9fa62355,oak select single malt scotch whisky;
171ac755e3c5b03d909d97b1ad6fdefd,brown rice microwave pouch; pantry pasta rice grains
21179525588527a2c9c2bfb7943770c1,sliced beetroot; pantry canned food
328b67e74559df640841363152254bee,cheese twisties; pantry chips corn chips
92700410c916929199caea72f9946c14,gluten free coconut macaroons; pantry biscuit cookies
6542aa27db1a120fce30b9e6538e1748,watervale clare valley riesling liquor white wine
28fcb669942af5234e71cf0cc677ef0a,coke coca cola zero sugar; drinks soft drinks
22c51ea47b134cf01811ac82d5c65fe6,provence rose; liquor rose
bf518869d849809e295db472a89b8f8d,fruit rolls; pantry lunch
eb5687dbb8c41d026d165a3f53d27c12,shapes pizza cracker biscuits; pantry crackers crisp breads
5c3acdaa73134244ea5732d0c215bba6,shapes bbq cracker biscuits; pantry crackers crisp breads
a0450ae6a5152f2ed6d7dbd401151978,real foods corn thins original; pantry crackers crisp breads
4e0bee739cd8508864c396edf2000427,limited release margaret river chardonnay; liquor white wine
e1af05fbb927b08d3f6f9f83065bea18,coke zero sugar soft drink; drinks soft drinks
c28d145ea0687b5767f02b41c1f8731e,angus beef potato pies; freezer frozen ready meals
76b7011a17bd373bdce132367eff9954,superfood mix; pantry dried fruits nuts jerky
31ac8a9486bb0a6dcd1c33dc2bf729dd,crunchy peanut butter; pantry jams spreads
c0bc5bbd451cbf038dfc742eedbed80f,reed diffusers; cleaning household air fresheners fragrances
8a397a4a1f23ca4deed33350f29aa46c,scented candles; cleaning household air fresheners fragrances
12492c5f044d8d5c8c66b5c11941fdd9,first aid strips; health beauty first aid medicinal
3ced02aaaa9fc8b67b560cb30af07b75,strawberry fruit oat bars months; baby baby food
a1b0cf12a68042e88acbe74d48acfb29,apricot flavoured fruit oat bars months; baby baby food
c8fff0fbdb92950750d1ac2e90cad75e,apple raisin yogurt fruit oat bars months; baby baby food
0a13336d11989aa976ffd12141a93e7f,classic instant coffee espresso; pantry tea coffee hot chocolate
43f167640e38e9badd2b2b152fcc034a,eucalyptus honey; pantry jams spreads
7955e88bc77d38c959eb03072f2b19c7,pinot gris; liquor white wine
4327af2d3b7a349c995c266a060f4283,salted lentil chips; pantry chips corn chips
949ee395baeca53eb0ac585073d32736,cabernet franc rose; liquor rose
a30e72b7ed07902f7d4b888bc55e05d2,snack faves; pantry chips corn chips
cd896887b1effc8cfafb5f8db954bc97,pepperoni pizza; freezer frozen pizzas
b4fefd0bf6cc906ca046016de5423f6f,lime flavoured cordial; drinks juices cordials
ad589ee047b71905391a3f3ebd3ff0d2,corn kernels; pantry canned food
2ef7cd3ab542b82352eeb94ca8dc5a70,muesli bars; pantry lunch
94e67d543ff8150fe63e4996e809fc14,sausage roll; freezer frozen party food snacks
1234f46208caedf70ff69693a7283e31,roti bread; freezer frozen party food snacks
a2da22be64b1c19916a61f4fb0d771e0,boysenberry cones; freezer ice cream snacks
5aba35dc78fc127e8b6e5e359ce56409,chocolate cones; freezer ice cream snacks
2095e49eb329f1684ab786f1fc1122c5,classic vanilla cones; freezer ice cream snacks
528306d7cc20243a6924b903a641fa09,southern blue whiting bites; freezer frozen meat seafood
75d8f654437c23a5fbece91765156774,variety creams biscuits; pantry biscuit cookies
49be0ab3a1ddfb8f3ab0a1ddbc483e6f,extra strong tea bags; pantry tea coffee hot chocolate
9a79aed1962155e8bbf4af342f9e8c51,mint choc cones; freezer ice cream snacks
6713517deffe1be963723690936bd6ed,crinkle cut rice crackers sea salt balsamic vinegar; pantry crackers crisp breads
71d0be420ffb0e07b106441f9c8fa1b6,crinkle cut rice crackers sour cream chives; pantry crackers crisp breads
89cf81ba6d0a0cf7898d89de6bd8714b,cookies cream gourmet ice cream; freezer ice cream tubs
b6ea3dfe83073bd83d420de4c738578c,vegetable gyoza; freezer frozen party food snacks
d2805fecf1e203b46276582c4f023a67,sea salt rosemary chips; freezer chips wedges
6ac8de69d935e5bc4d37dd38b8afbe19,muesli bars chewy choc chip; pantry lunch
4d738cd42ca2e16d6963c59606a6508c,chocolate chip cookies; pantry biscuit cookies
77f3dd2e8bf972d73953d45dde756ee6,vanilla reduced fat ice cream; freezer ice cream tubs
0f852f91aca39825b19747654e2b3032,english breakfast tea bags; pantry tea coffee hot chocolate
9b5e3b88c6fa3db73acab99140297c51,coffee capsules intenzo; pantry tea coffee hot chocolate
8dd72d79af4600a15dec40c3cb3b2bed,pepsi max; drinks soft drinks
e09910fff9a10397f25f65655c69013b,punjabi samosa; freezer frozen party food snacks
fc1b25f21a7970fbaa165cb4eb98ee09,crinkle cut multipack; pantry chips corn chips
98a42e566a2aaeb243747cfe72ecdb52,barbecue crinkle cut potato chips; pantry chips corn chips
bb2ba9687607819228a6e245c3f6bc42,cheese onion crinkle cut chips; pantry chips corn chips
88c1ebeedd087767bb17bbabef46f233,pork crackle himalayan salt; pantry chips corn chips
38455ea4b7a4839b6824e068ae6b130a,roasted salted mixed nuts gift jar; pantry dried fruits nuts jerky
35880747c463af30a3ecd661dc998a64,chocolate creme biscuits; pantry biscuit cookies
b155e45674875b27a4f03e404c5e9887,custard creme biscuits; pantry biscuit cookies
1095c770a5c3ae00f04c94c15a24b706,merlot; liquor red wine
20e1f235ce2a392caa94e41798c590f8,dolmades; pantry canned food
0bb70272ff179907e945a1859ebd7fe5,lemon cordial added sugar; drinks juices cordials
1a2b717d468551cfc197ce8744b569c2,fruit cocktail added sugar cordial; drinks juices cordials
bc646cb11485e4ee5c7ee5c48cacbc45,apple raspberry added sugar cordial; drinks juices cordials
6767f59b17fcdadb25520a487a6870bc,manuka honey mgo pantry jams spreads
6eb14bb9b31998ad918b5da3fe3ea24d,organic cabernet sauvignon; liquor red wine
d281583f1f61bea64d73adad1eb8303c,summer delight caramel; freezer ice cream snacks
e15806ed84e584dd1d34fcdd23d378bb,drinking chocolate; snacks confectionery chips corn chips
2cc446005463bce7c0f2ed7cd274eaf6,greek spinach cheese spanakopita; freezer frozen party food snacks
234d6517ce90f7230fcd24a37c8dfc45,pinot noir; liquor red wine
c080870a8ca971039d34966754be7949,pretzel twists; pantry chips corn chips
3244a1af12345d4d08cf7aa9e0895d81,roasted salted peanuts; pantry dried fruits nuts jerky
f63164853ee6cbb2c38af057706cdf32,beef patties; freezer frozen meat seafood
1c1558d74aa48ed479f90fd5bbc9e3c8,dark chocolate digestives; pantry biscuit cookies
01bd08e3fa4aeb84bbc2b0a4c671f2af,milk chocolate digestives; pantry biscuit cookies
9e3f033b327b8d1533512f57199e5c80,garlic basil parmesan chips; freezer chips wedges
885b83912f40ebf1fcc84025c3825ab3,margherita pizza; freezer frozen pizzas
42aa4cf4bcc65b7b36f7efeb5fcbd704,microwave brown rice cups; pantry pasta rice grains
6ae036e85407255c88af036ad3730654,dry roasted mixed nuts; pantry dried fruits nuts jerky
2ec43187c25ab4f5cd81e24e63a90823,brazil nuts; pantry dried fruits nuts jerky
fd0a5377ad06c47304f4d1da94bdbf5c,packet seeds;
dc7688e97435d7cea462f9cc42e80bcf,chocolate coconut protein bar; health beauty vitamins sports nutrition
153642efdc09f46192f9fbaeb01ff9f7,chocolate caramel protein bar; health beauty vitamins sports nutrition
ad8e52558893e693a87d94fb8cb4a6dc,chocolate nut fudge protein bar; health beauty vitamins sports nutrition
71d95e8cfc885b89c68d3f2c298fdbe9,pro body board;
0cabbf9e2a2786f1d32594b4727d005f,chicken nuggets; freezer frozen meat seafood
1fa58710dd186d6f05a50feb2d1d985b,admiral quarters cracked pepper water crackers; pantry crackers crisp breads
f2945755ddf9da9ae0cb335e8163f00a,admiral quarters original water crackers; pantry crackers crisp breads
75a61bac8932cde5ad0255680433b76c,malborough sauvignon blanc; liquor white wine
039553174cf4dfa7898a2e7524d445ca,bolognese pasta sauce; pantry sauces
23a4242868dbe3c514ca9561081d2171,tomato pasta sauce; pantry sauces
cce53b2c1f55a3d3ef2cc0aaf5c44ff4,broccoli bake; freezer frozen fruit vegetables
8deaed93b3cc4b65b14fec15e03fe030,chopped onions; freezer frozen fruit vegetables
ec7c3a0cf4028008abad34ea310a56fb,dry roasted almonds; pantry dried fruits nuts jerky
523af53dad246fbb07aacbda1d8d388e,light fresh sauvignon blanc; liquor white wine
0ecb42df42f51dddd2abbfe6dac6476d,shredded coconut; pantry dried fruits nuts jerky
81ca3a647ad56a97ef328d3c76fc153e,desiccated coconut; pantry dried fruits nuts jerky
a0ef0600bcd3134de5f04bb6bd0a9293,original lemon; drinks soft drinks
f3110b1d1addca1884748788a77a98cf,ice tea peach; drinks iced tea kombucha
ccbd70af1e744f53c21a3b6abaf83088,dry ginger ale; drinks soft drinks
8495f9a7b14836b67c1291ffea6a2004,prosecco doc; liquor sparkling champagne
2276fae3d601b1b65005e6001b23d4f7,vita grain grains seeds wholegrain crackers; pantry crackers crisp breads
69b6d1f39d2b90df5e76719932bd5a3a,vita grain original wholegrain crackers; pantry crackers crisp breads
d0c9c5538116e6e0e8c9560597535bd6,digestives biscuits; pantry biscuit cookies
9d8aba09da47e931700b7622b25b2f6e,tonic water sugar; drinks soft drinks
6c069a727633a485eb954edfc49f53ed,tonic water; drinks soft drinks
78778c0c35f1044b46b801f4eb0b8ac7,soda lime; drinks water
5bb7c8b1ad89613842c1b7a6d99d7065,australian honey twist squeeze; pantry jams spreads
b3c79910b0e1c66a921bffcef7ccd8f0,cocktail spring rolls; freezer frozen party food snacks
7536382648d63deb9e0912a6b7ac48e7,hundreds thousands teddy tots biscuits; pantry biscuit cookies
f4013427708bca677b04815d260cc056,choc chip teddy tots biscuits; pantry biscuit cookies
f56c55e7bd9cfb1a47e1a777f3f68566,choc teddy tots biscuits; pantry biscuit cookies
c726f9d39becb2890357c9bb1f52bbb5,smart dog portuguese shiraz alicante bouchet; liquor red wine
f33e2cf83bad1a95ae160660b8b0d4af,scottish shortbread; christmas biscuits cookies
5532c5cd404463d23a045765771a834d,bao buns; freezer frozen party food snacks
1f77b7703f798bd525204d57b6f27997,vodka;
1331ae678999d2ae1298bfa0fbe97387,bean mix; pantry canned food
9efd393ad21217152a676c71b835b11d,pink grapefruit mini cans; drinks soft drinks
9ac38621e2adae285e822593a26cc398,duck fat potatoes; freezer frozen fruit vegetables
688dd48ede82fb5fc36f225055e27c48,soy crisps; pantry chips corn chips
e906351a9d109c37eb0b159e228fb39f,nice biscuits; pantry biscuit cookies
a218223bb6aa2d12a6c4c914814c7bf0,chicken breast rex bites; freezer frozen meat seafood
0e642e9479229143bca84bc5d951980d,harvest snaps original salted; pantry chips corn chips
cffe90bfb0c2620835487e38f6b39716,satay chicken; freezer frozen ready meals
07ca42c5a38bb75d92d21dfd39144506,natural spring water; drinks water
eb58f5869eb4c5a814bfb47d110b614c,silver scoop boysenberry; freezer ice cream tubs
d81d973df21e7e31b0e01d722ac081f6,pecans; pantry dried fruits nuts jerky
dc48cbe1cb9b152182319731a6c0744a,mini cookies choc chip; snacks confectionery biscuit cookies
46bddb1803ec4cf44bc6fe0c6e116094,chicken breast kyiv; freezer frozen meat seafood
0a5b33b2a91d973414b2b07f59bcc11e,tomato sauce; pantry sauces
ac452c56a04a0bf6bcfd4bf6ffd579bd,chicken breast schnitzel original crumb; freezer frozen meat seafood
608766cb815e929ad696e3b145b8bad6,shin ramyun noodles; pantry soups noodles
2bd393b98869a907069ce8477d71c8ee,chicken multipack; pantry chips corn chips
6143d022edd992b7f69bbd78b185963e,instant cup beef noodles; pantry soups noodles
eabc908c3555fbdae20b6609ee88b5db,instant cup chicken noodles; pantry soups noodles
9bf76b156c076e98537dc48aa6dfb760,instant cup mi goreng noodles; pantry soups noodles
b116d94c98dd7a962de4d8e464ffec88,family favourites; freezer ice cream snacks
2f0d69fbbae4319ad883a322779feb0b,natural cashews; pantry dried fruits nuts jerky
de1bf7793721024fd43a16406b071a01,natural walnuts; pantry dried fruits nuts jerky
0e0117cb798041e88b762cdcc1f87902,angus beef pizza; freezer frozen pizzas
eb0e079243589d15ec9b604e5d3a8f8f,southern blue whiting skin fillets; freezer frozen meat seafood
4faefd51d18b0cf3f957eacfd3bf22e2,passionfruit kamahi honey yoghurt ice cream; freezer ice cream snacks
f59d951be9e371cdfa92aba5f26eb813,chardonnay cleanskins;
35be14ba4b8d193de38065672ab5a9e7,pine nuts; pantry dried fruits nuts jerky
0c7cd7fccc3eeed222cff294fe1e2dd0,vegemite; pantry jams spreads
dc47cd3841a2785b17dc4ea9ad038b9d,fruit snack cereal bars apple raspberry months; baby baby food
7c9efa66fd32f7b6f9fdf71e242632a4,fruit snack cereal bars blueberry months; baby baby food
83099ab6e8fed8e92a17d5b0f110195f,apple fruit snack cereal bars months; baby baby food
5e0539508d84bf1950b12a9d27dfee3a,cholesterol lowering light; dairy eggs fridge butter margarine
a14f108947393589b6444c22840e6163,cholesterol lowering original; dairy eggs fridge butter margarine
880e4b8e13490db650169da2bc6e9b44,italian dessert truffle; dairy eggs fridge desserts
e5a0c2cb5f67d064581d9d8aa32d58e2,italian dessert tiramisu; dairy eggs fridge desserts
99255e142399b59cd456c6ec7503c018,mini capsicums; fruits vegetables fresh vegetables
25feec0f9a82c1bf9b07a35da2d42bb7,garlic; fruits vegetables fresh herbs
e88daa9cd00105e36dcf8dc213b6ffdd,prawn hargow; freezer frozen party food snacks
6ef6c7dc1601b3cb88eb3c31f1b035d6,energy food drink; drinks sports energy
5975f076d9923c01deea3d82d2bf7de4,rose; liquor rose
7a86c8de565796e3903406e0175219ac,tomato paste; pantry sauces
fe0ea091804dec01b6a469f08b971fd0,semillon sauvignon blanc; liquor white wine
65ebb3fd4c5b10e9b37c70133d653bb5,original instant coffee; pantry tea coffee hot chocolate
28f76c2f4f6017652d4fdd765332fe11,almond fingers; pantry biscuit cookies
4b66d50feaeeabd423a6934ce6e519ba,monte carlo cream biscuits; pantry biscuit cookies
db0b09160fb6cbc251a69f156eeadbe6,strawberry jam; pantry jams spreads
b28f13f548f3bb5396da031d86e91414,canola oil; pantry oils vinegars
91135e93a964826cf619f3831c1cdd67,vegetable oil; pantry oils vinegars
aa5589478e67250f2e4bde6f26f054a5,spaghetti tomato sauce; pantry canned food
9ca1a627d6f2dfc5309d7ff80678be90,hoki fillets skinless; freezer frozen meat seafood
1b26100df3bb92c07c5c1b82540aef6b,rice cracker snack multipack; pantry crackers crisp breads
3fce882f5f61b4caed2ddb9c8bde0698,milk arrowroot biscuits; pantry biscuit cookies
573bb06b89e0ae172bd2749873a4ac82,pizza sauce; pantry sauces
aec55bc52e35ab5175608eba33052443,sour cream chives corn thins; pantry crackers crisp breads
4a7ecc88720f99f1dcb051d08ea50db0,biskit chicken crackers; pantry crackers crisp breads
f43082bdcead028be5644f97f7c0518e,potato gratin spinach ricotta; freezer frozen fruit vegetables
c85d3d5a6e78664935651b776a9fdebd,potato gratin; freezer frozen fruit vegetables
a40f520a1bbb14898bf9145e8aff5c6d,salted peanuts; pantry dried fruits nuts jerky
d596ef7b371974f69bf96891e5671baa,melting moments; pantry biscuit cookies
959b0c88c802543bbd1c6179b6b4794e,triple sec liqueur;
fd853fbef36a0de9376b4393df203951,mini cookies triple choc; snacks confectionery biscuit cookies
b939e305bdc9f1c09793262c88c5d775,cranberry classic; drinks juices cordials
b7dcb827b499ecc4ec745fd53e2e5836,chicken breast chips; freezer frozen meat seafood
3d58e26142df650362dbb89f7d6d07b8,microwave potatoes; fruits vegetables prepared vegetables
c7729bdc5d7c35af3fbe6f8839a46951,mexican style salad kit; fruits vegetables salads
0a9160f0a081295a050778d1a2b0bfda,mandarins; fruits vegetables fresh fruits
0cd5326ae30abf1b0ec6cd9abdc3af6f,limes; fruits vegetables fresh fruits
d14d08cc561f613c89c0f227b6830de8,lime each; fruits vegetables fresh fruits
a59e063105ca8652855e12bd9a3e9f3b,lemons; fruits vegetables fresh fruits
e51ecbcf521226cfe9ef188aa37b95c3,leek each; fruits vegetables fresh vegetables
fb757542439db291ff5ca26699c12313,lebanese cucumbers loose; fruits vegetables fresh vegetables
0fdef7fed445b7a9ece029f0c9df5136,lebanese cucumbers; fruits vegetables fresh vegetables
3be21dba9738db71035bb9e9aeaee5a2,kent pumpkins loose; fruits vegetables fresh vegetables
69027b3b1cbe11d5cd0bfd52b7a9032b,kensington pride mango each; fruits vegetables fresh fruits
4cddaed4e2b971ed37b74f30fccd5bbd,kensington pride mango; fruits vegetables fresh fruits
df48232966f41b4f14039984c9ecf440,kanzi apples loose; fruits vegetables fresh fruits
fdaa615a145871a266eb9152b68b939d,kale bunch; fruits vegetables fresh vegetables
a9ad9811edef48d72c5be00a46066ff1,jalapeno chillies; fruits vegetables fresh vegetables
90f8255c20f3b5a00ef9ab7d1193f1ef,iceberg blend salad mix; fruits vegetables salads
5c0341cd5e4881fd3d8b7a8148dfe9c8,iceberg bagged lettuce each; fruits vegetables fresh vegetables
90d3a2f13a042b6c3029b050c0c40e2f,honey gold mango each; fruits vegetables fresh fruits
80c3e907d66ae4c59317bbfc4011fd00,hass avocados; fruits vegetables fresh fruits
c93603decb9fac9ba8c196371657afa0,hass avocado each; fruits vegetables fresh fruits
4a86c7101cd51d789a03597e9b2e0248,green capsicum loose; fruits vegetables fresh vegetables
bc955cccceb9395c240424de23246398,granny smith apples loose; fruits vegetables fresh fruits
44f622d147e56491046b23b19ed93668,granny smith apples; fruits vegetables fresh fruits
6275bdedec9b47833d6fc087b5b98d14,gourmet tomatoes loose; fruits vegetables fresh vegetables
34f8b640b814ded1cab97f685c4d9215,gourmet tomatoes; fruits vegetables fresh vegetables
b935bd9f1a68bf4c7eaf57e0875eac5c,gold sweet potatoes loose; fruits vegetables fresh vegetables
72caa254e3406ad63ad7e2587b71a312,gold kiwifruit loose; fruits vegetables fresh fruits
9291b2dbc4dbc043b54683da26b2d4cd,ginger loose; fruits vegetables fresh herbs
6231ac4e3dbca9a9f7464e8ecc9d649f,garlic loose; fruits vegetables fresh herbs
1b3bcb0c48afc2e0cc213e1757a4fdcc,concentrated laundry liquid; cleaning household laundry
e413cd2b30d861aab44714693370be9b,body spray; health beauty personal care hygiene
4492a26ae56bf27cc5053f0f6af8b0ce,choc chip muffin bars; bakery muffins cakes
7698516c585ef40a71e50cab8f99221f,banana muffin bars; bakery muffins cakes
bb86443a8f6a3094c759e44082494f5a,instant hand sanitiser; health beauty personal care hygiene
3e440903bb2301f7c6d151e53310a5cf,mixed strawberry clouds; snacks confectionery confectionery
b38473f0ada6acea347f609cdfa90df5,cut kent pumpkins loose; fruits vegetables fresh vegetables
370273c4cdc30fb31240f5ce763700a6,broccoli loose; fruits vegetables fresh vegetables
ba0ce422fd97af06942042eaefa50cae,blueberries; fruits vegetables fresh fruits
86b3e73be041b116917aa7ebda7fcf95,blackberries; fruits vegetables fresh fruits
1bedaa0cf3033e6d8b769856c0268b80,birdseye chillies; fruits vegetables fresh vegetables
25bdaebbef1c06d3b41e84249ff3a36d,bellino tomatoes; fruits vegetables fresh vegetables
e71c2254e643a58f20e6395358c608ca,white flat mushrooms; fruits vegetables fresh vegetables
daeb020ec810f3b80d658b64f00b37ac,basil bunch; fruits vegetables fresh herbs
641518ca1349841844e1d4f4e91464e7,baby white potatoes; fruits vegetables fresh vegetables
d9ee523a8f3532429ff56170fe9792e1,baby spinach; fruits vegetables salads
bfc1cdf15d5d6ae3347d7863d4b760a3,baby spinach rocket blend; fruits vegetables salads
6924b1409174e8c1da04314716c741de,baby red potatoes; fruits vegetables fresh vegetables
0d56ceeced308797b56db3819c46f9be,baby leaf blend; fruits vegetables salads
af6669973a442481e0a7475b4a0081fb,baby gem lettuce; fruits vegetables fresh vegetables
fa74e76a9d995391920f374894cab865,baby cos lettuce; fruits vegetables fresh vegetables
495ec1819b81c56184d786b469668a3e,baby carrots; fruits vegetables fresh vegetables
b243804178ca2878e78d4742038bcfb0,avocados; fruits vegetables fresh fruits
418406f53d1e3bb5eddbf438b3db07bf,asparagus bunch; fruits vegetables fresh vegetables
4e4933ec5ea8ce0e4e9cd2c96f8c4ab4,asian style salad kit; fruits vegetables salads
aef4e12e10385678a7bd748e33bc4223,afourer mandarins loose; fruits vegetables fresh fruits
68205b10f1e23f5dcc44894e8e098f77,afourer mandarins; fruits vegetables fresh fruits
544809841b4d36830995e8c93419bc3a,passionfruit; fruits vegetables fresh fruits
a9de8867e715512e274f1fe18d891c23,pak choy each; fruits vegetables fresh vegetables
24c87ba6661ccbab51d2d49d33ea19e1,packham pears loose; fruits vegetables fresh fruits
54a082935631934685fb609c09177356,packham pears; fruits vegetables fresh fruits
d75489ffb063c15d628280c31a0a3613,nectarines; fruits vegetables fresh fruits
8f2f618fd44a19badfe94eca1235745d,navel oranges loose; fruits vegetables fresh fruits
ae5f3fe93d48ca0e7a340567c71f7634,navel oranges; fruits vegetables fresh fruits
1115badb1f02b5e9f5458a6158ab5d6c,mint bunch; fruits vegetables fresh herbs
c24f64b276c84252aa90393069348235,mini roma tomatoes; fruits vegetables fresh vegetables
f0f48b7e64284e0498a99e0cf5152c48,cut butternut pumpkins loose; fruits vegetables fresh vegetables
ea22c5304cb1edf8cc2cab390899f448,crunchy salad kit; fruits vegetables salads
dd20a97425156757da7dc777c3fd9873,coriander bunch; fruits vegetables fresh herbs
079289f18db16c8ed6a9fdabbd0f6952,continental parsley bunch; fruits vegetables fresh herbs
cc4495b4cc920725ea537bf44a37bed5,continental cucumber each; fruits vegetables fresh vegetables
1c84881b309c3e9e64b7c728180d5998,coleslaw; fruits vegetables salads
63c407b5252ae6208e4c8760f557050b,cocktail truss tomatoes; fruits vegetables fresh vegetables
ce413d310c14da93588f1af339345c5a,cobbettes corn; fruits vegetables fresh vegetables
9b017fd2166d59dfbed383d286e27a09,chilli lime crunch salad kit; fruits vegetables salads
980ca447ed4fe3260ce3ace6f90366de,cherry truss tomatoes; fruits vegetables fresh vegetables
38ff2b1b385bea962a2187b3dc2bbfcb,cherry tomatoes; fruits vegetables fresh vegetables
9dc4406ff83aa6b08b197f377bdbbd3a,cherries loose; fruits vegetables fresh fruits
a5e1e4206abaecc6bb850b341fe86197,cherries; fruits vegetables fresh fruits
ecb538d155c4167315e2b9bbdaad102a,celery bunch; fruits vegetables fresh vegetables
9576c0f2859f7105affdd80a695c5410,cayenne chillies; fruits vegetables fresh vegetables
0162b462837c45d2a90c520df46fe6b6,cavendish bananas loose; fruits vegetables fresh fruits
a717faa856a144b309d24efd1bcaa327,cauliflower each; fruits vegetables fresh vegetables
a2bbcee1e0c948ec1626dbdeaa4fc6b7,carrots; fruits vegetables fresh vegetables
5c49a48dc4ef821357db8d947b7848fb,capsicums; fruits vegetables fresh vegetables
55203c580a4fb8c31b3f09e5c0d6d946,calypso mango each; fruits vegetables fresh fruits
3229e7ee6fe65cff953cd0ea16ce7991,calypso mango; fruits vegetables fresh fruits
91c643703bca4a487706ed76e25a1fec,cabbage half; fruits vegetables fresh vegetables
4d64a2d34e966e9ea70b1245971c5447,whole butternut pumpkins loose; fruits vegetables fresh vegetables
f3c423f0a43587f2195548c6c5176fc3,butter leaf mix; fruits vegetables salads
b6c3dab9125b28b8c815d242dd79ab3a,brussels sprouts; fruits vegetables fresh vegetables
78151489fc4f8d1fc518b5f97a43d2de,brushed potatoes loose; fruits vegetables fresh vegetables
0b1b67c900050d5150271428069c8e85,brushed potatoes; fruits vegetables fresh vegetables
c37b7eabf13e31d16417598de1b8fd5b,brown onions loose; fruits vegetables fresh vegetables
f17226836c77f69b142bfee507daab1d,brown onions; fruits vegetables fresh vegetables
1d2133a173ae7790a6e8636023ad2be8,brite crawlers; snacks confectionery confectionery
cd97cb6997f9b7c1c644a8a2f6fb6f76,coconut nougat bites; pantry confectionery
17fde3f11fe9e13854edf59358902613,ginger nougat bites; pantry confectionery
8ec8fd3aaae5456d9022179f2924830f,mint nougat bites; pantry confectionery
5d112afeb3620c1bfe25c95a89231e00,cleansing wipes; health beauty sun skin care
3c497fd8dc4da83081d5a9521d75c367,thickened cream; dairy eggs fridge creams custards
5ec68c38edad18dd6bf794f0d31b977c,celery sticks; fruits vegetables fresh vegetables
60c6ef1e773706b0284d7851c2b9e210,spudlite potatoes; fruits vegetables fresh vegetables
58f679fa20a75fdd663cd7f59ab233b0,spring onion bunch; fruits vegetables fresh vegetables
44ec0f992fd05f05d289935e8cdc7ef6,snow peas; fruits vegetables fresh vegetables
03c9eefda3e107d5df5967ea2df9d189,white sliced mushrooms; fruits vegetables prepared vegetables
62005b85b8c2644eb240f6c3e53d2e7e,shredded iceberg lettuce; fruits vegetables salads
e9a5dd0bd6ab9029d89a3e02246811e5,salad mix; fruits vegetables salads
1cb9e5c696c54f986ad2748164c07ec5,salad leaf mix; fruits vegetables salads
91afd54071221b03278723e57f6078b0,royal gala apples loose; fruits vegetables fresh fruits
2f8d97fa103b75f1713543fb59901844,royal gala apples; fruits vegetables fresh fruits
c8fd1ce9d6229e3e77d11d52703ac604,rosemary; fruits vegetables fresh herbs
1d8b06a81e93f86de451dae6bc497ad1,roma tomatoes; fruits vegetables fresh vegetables
aa090ccd1e538f85b0a93fe7b586767d,rockmelon each; fruits vegetables fresh fruits
95993d4eec05f36d149df57a87de61a8,rocket bagged; fruits vegetables salads
995372dc37e043d3a144a25aa0c52ae9,red papaya each; fruits vegetables fresh fruits
9a7ea011abd666c99795623be4565647,red onions loose; fruits vegetables fresh vegetables
6a3b317721bc181d0c6da7962708a6b4,red capsicum loose; fruits vegetables fresh vegetables
cecdec9029995a589396a2a89ef5b588,raspberries; fruits vegetables fresh fruits
04ed5b920c143bbe24bef0324c86b25b,mango each; fruits vegetables fresh fruits
bf22e983bf13beecd7af4de2ea7c9f82,prepacked beetroot; fruits vegetables prepared vegetables
a66d2f8e24ff5d1dd8a43a9242856dc9,premium red seedless grapes; fruits vegetables fresh fruits
12b8e56fcb2a0df726af5bbdbb4fa1c9,potted herb each; fruits vegetables fresh herbs
e778acc59b16249b3f18327277dab0f3,pink lady apples loose; fruits vegetables fresh fruits
1f4a2780fe6bed07bd1938c39b0f6fed,pink lady apples; fruits vegetables fresh fruits
b19652413b7d9b0e440c4f928a0f063e,pineapple each; fruits vegetables fresh fruits
ba20eb393ae959588cd4d0c3deb82d4c,peaches; fruits vegetables fresh fruits
4521caa03441f746a3f69015c7af19a6,eggplant loose; fruits vegetables fresh vegetables
7bdd2fcc3dd22055b8212bede366791c,dragon fruit each; fruits vegetables fresh fruits
12adbaeeec29c9c15d06a41045156ffe,pepperoni salami; deli chilled meats deli meats
8870f84817635a26dca92cf9df1d5df8,dog treat beef straps; pets dogs puppy
beeef3a7c6452b50a87847ea3f9e3c17,regular soy milk; dairy eggs fridge milk
927c1f03ba09952b98e2ec34bcdcf2d9,firm tofu; deli chilled meats vegetarian vegan
1c5ba7dd5c4617d41adefad8a4bd276d,milk chocolate block; pantry confectionery
de3ae20c9a7efe7f23d5496bc99d8033,premium blueberries; fruits vegetables fresh fruits
1438ff1635128620be03f25fbe5edd4c,dutch gouda cheese portion; dairy eggs fridge cheese
a72ad78656d44df844782b62cb7e43b0,zucchini loose; fruits vegetables fresh vegetables
da63af55c20a25f27e9fe00c4079797d,zucchini; fruits vegetables fresh vegetables
d0777b1f3765a0cd3d650c25c5207a7e,yellow flesh peaches loose; fruits vegetables fresh fruits
f05da25e64a55442ef4c4bc4804ce563,yellow flesh nectarines loose; fruits vegetables fresh fruits
ddd944603b8917e1a9143a3eb4406b99,white cup mushrooms; fruits vegetables fresh vegetables
19d6c6c3504ac7e66b550555d5b284a7,white seedless grapes loose; fruits vegetables fresh fruits
3b689e87e9cacdf8fb90bb02377c1c23,white flesh peaches loose; fruits vegetables fresh fruits
7fbe981aa9f82c2c68e4e5c537ced04a,white flesh nectarines loose; fruits vegetables fresh fruits
2137f1aa90dbcaadf79aba875cc00e27,watermelon loose; fruits vegetables fresh fruits
5da9aefe89f5c3b6a235bb79b84bd2d1,washed white potatoes; fruits vegetables fresh vegetables
4d8b9c4675782197db8da684d4c3aeda,washed red potatoes; fruits vegetables fresh vegetables
007f2cd65ed4e9477578d9bbabbdb44f,washed potatoes loose; fruits vegetables fresh vegetables
41d885d3a548cd77377b50ef06e3967e,valencia oranges loose; fruits vegetables fresh fruits
0997209cdc1b71e372eb1b508b3c07d5,valencia oranges; fruits vegetables fresh fruits
57cbe07d3a5ab4010e21b7878db1a04e,truss tomatoes loose; fruits vegetables fresh vegetables
619d9d74200c09ed2d0f807c736857e8,truss tomatoes; fruits vegetables fresh vegetables
f73917cdb0eec4bc4d1ac0fe28d06a13,tomatoes; fruits vegetables fresh vegetables
9a973f9295aadd18d795c873180eb8c6,brown cup mushrooms; fruits vegetables fresh vegetables
5695932e1e835856414907ba44f1a5a1,sweet palermo capsicum each; fruits vegetables fresh vegetables
3a98f04cce5797a306ae238e9c17f03d,sweet corn; fruits vegetables fresh vegetables
58b893af540ec21a18b9fa4bec31dab0,superleaf salad mix; fruits vegetables salads
7bb0277b07620a865dd8cc4cef77c2bf,mars; pantry confectionery
7750f1c4c69215196ffb9ee8af8467ff,reserve marlborough sauvignon blanc; liquor white wine
1a9cc8592f2993e6ef59c4787d76d056,cabernet sauvignon; liquor red wine
f061ebd6de8f5eb523d8d605bd775be4,tzatziki dip; deli chilled meats dips spreads
973d92843b090d47dc3b7f7c845e0e1d,whipped cream; dairy eggs fridge creams custards
7c8531449e36610dff5324292dedf709,adult dog food homestyle lamb pasta vegetables; pets dogs puppy
8cfacc789a2168ae5e93d2af7b3dc71d,adult dog food casserole beef vegetables gravy; pets dogs puppy
002ee131dfdda66a697c96010853c8c2,party mix; snacks confectionery confectionery
2453af20362d44f77fbd328732927e4b,snickers; pantry confectionery
a18ac9850c5c5530518ccf18c20a5b23,maltesers fun share chocolate; pantry confectionery
4bfb34501acb73094875148e32cbb0d2,mars fun share chocolate; pantry confectionery
0e901a38e8e414a9dc96378df59b0755,snickers fun share chocolate; pantry confectionery
1aede28ccaecbe746de70dc4396baba7,greek style yogurt strawberry pouch; dairy eggs fridge yogurt
a8d58250ac3cef4f522faf14f58867a3,greek style yogurt raspberry pouch; dairy eggs fridge yogurt
b7d2e80e763410dbe608333efc8282c9,chocolate salted pretzel; pantry confectionery
1edbdf8267d6cb1a3d346f7e62c608a8,chocolate peanut clusters; pantry confectionery
68d7a654525eca4ab7f7169e7c7b3e39,milk chocolate raspberry bites; pantry confectionery
d1adafd670a2b2e1b88285a05e4fdce7,white chocolate raspberry bites; pantry confectionery
534203b45530a5fe75ae14d1512ed214,shower gel; health beauty shower bath care
6ff53b87a0ae1f89b856ce6ca4fdd26d,cookies creamyogurt mix ins; dairy eggs fridge yogurt
947afb2a3afb4eecbc6b4ea215c9a6ad,chocolate fudge honeycomb flavoured yogurt mix ins; dairy eggs fridge yogurt
78cc2461461a26daf9e16532e6bd2e95,antibacterial foaming hand wash; health beauty personal care hygiene
3821e5a16c9eca7058070c7d4fed9202,animal shapes; pantry confectionery
9dade45421352996f6e6f015e76ba890,sporty shapes; pantry confectionery
b80a7dc56649691344a25d4117642748,sour raspberry ropes; pantry confectionery
07d8a7a140ba653ec441126bf9fcbefa,ropes mixed berry; pantry confectionery
1f94a5db8805ea74ca1261b1a7df43e9,extra pads; health beauty period incontinence care
b12665c54fd2a3282fd96e2d5177ee6f,triple choc muffin mix; pantry baking
3abeab9651fea10cf18d39c92936c80f,cinnamon crumble muffin mix; pantry baking
8ded89597bcff3fddc60ccc91e537052,blueberry muffin mix; pantry baking
2732e2b44e123364fb061f5aad3dfc7c,air freshener; cleaning household air fresheners fragrances
b96cef84ba1ffc80554722ef21950630,genie wand accessories; cleaning household cleaning
65f86c46f4968042878d187b4bfa99da,refreshing cucumber green tea shower gel; health beauty shower bath care
00c0a37842e23127bbbd9ea6fcfe9f63,creme cleanser; cleaning household cleaning
3b8834d3f25e292bdc693c7b9b5a265e,daily defence face moisturiser sunscreen light tint health beauty sun skin care
a04ef7cab61627102c2bf07837702f7f,verde hand wash; health beauty personal care hygiene
60285fc6bb7b9ab7d5c35e0d6d4ae094,liquid hand wash refill; health beauty shower bath care
4f5a1db53e2337ccfce8f636e09e212b,frogs alive; snacks confectionery confectionery
7661da6f8d4de4031bdc6dd3d5a6e2f7,sponge scourers; cleaning household cleaning
9c417c52fe9813c1cbf5582ebdd4aaf0,cloth wipes; cleaning household cleaning
4046b5e86b530507938b94e7abf21063,cat food; pets cat kitten
00562519a7f4a91679064c79e1a33a44,milk chocolate sultanas; pantry confectionery
d764a26927f0bbaf4711c6f638d5aa3e,milk chocolate peanuts; pantry confectionery
d2c7bc093d99f4da8a8df15d1222026c,luxury hand cream; christmas gift wrapping gifts
fe18d3743d8841042c2ab19dbff6649e,kids toothpaste; health beauty dental care
1f6f829ad48eb0ab3887b9179ac245af,active gel discs; cleaning household bathroom
801815692b78c8f2ff9383d9aeb6b529,festive spiced luxury english brittle; pantry confectionery
aa8419d29bffbada3642ea0704c7878f,salted maple butter luxury english brittle; pantry confectionery
9f03bf09056829d30854f0e3790edcd7,dog food; pets dogs puppy
f0734061b33b0e9ba36a47df7d049f57,anti perspirant deodorant; health beauty personal care hygiene
e89196c4fc439c90af300c245e04f83c,active ball gel toilet blocks; cleaning household bathroom
2be6f7dc93a1e11e7cb2181f10b3118d,di san pre wash stain remover; cleaning household laundry
b7f2b166bdb15da0a519efc44a443ac7,super tough gloves; cleaning household cleaning
8c10c499593392c0942065f855a86649,incontinence pads; health beauty period incontinence care
e9ea68befce6e94d7dd5ab7305119007,super moist carrot cake mix; pantry baking
09624149d107cad212ae55e3f47abcfa,super moist vanilla cake mix; pantry baking
871520cf2d063f04de45f3ff8e6da238,super moist devil food cake mix; pantry baking
7d5262b4d08ae1423b74cd0104b23485,zesty jalapeno topped hommus dip; deli chilled meats dips spreads
158854c6e3c3afee3126b284666687c8,pine nut topped hommus; deli chilled meats dips spreads
eeed8ae13fbb0b60f98ccd7c180394b3,conditioner; health beauty hair care
711a8955c03a2950fc2043fa34c9ca11,shampoo; health beauty hair care
d27005b70ba0a45a7e618d7063dcf2bf,macadamia nougat; pantry confectionery
0b1eabe1c62d8d5203517bce0baf881a,almond nougat; pantry confectionery
f1dec28b3efc782d1599a251f507acbf,regular long liners; health beauty period incontinence care
f8a73f7fe999047e0470b670ecad9b18,fabric softener concentrate; cleaning household laundry
4320cb8f46dc1a7fa00b4716336cd9d0,concentrated laundry powder; cleaning household laundry
763912822c24b522e9df5974e2ed0c4a,light milk; dairy eggs fridge milk
007f99669a170d2a2bf230484650ed05,full cream milk; dairy eggs fridge milk
2fc6abe529a34347052fadc94023aef5,specially selected quince paste; deli chilled meats antipasto
830011d065ab53b7214ad6823bb004b2,quiche lorraine; dairy eggs fridge ready eat meals
794b9b13cc7746d9808275957b1b056b,rice milk; dairy eggs fridge milk
6b699672cf066ff07ec44ac9be04dd2a,uk red leicester; dairy eggs fridge cheese
0caf3dad785538ce5f865201ca98a8d1,uk vintage cheddar cheese; dairy eggs fridge cheese
bca1107eef7fb36c6f76f1d955566c19,white chocolate bits; pantry baking
695b2564ad9808759db43482478f689c,laundry liquid concentrate; cleaning household laundry
4e0c8d6d34ef7ed5d4e697cf49e59ec9,anti perspirant roll deodorant; health beauty personal care hygiene
800d6d91f1b81c393856b7fc946613ef,shave gel; health beauty hair removal
d6d75de473e43491ff8d30d96b50cb57,men body spray; health beauty personal care hygiene
a90d6d0913200b0cdb47bf23ced365bf,ultra thin pads; health beauty period incontinence care
753dc1d093e8b3b63578b0d3d8feddee,chocolate baby cake; bakery muffins cakes
104a69a9ea89f905dda342f917d6191f,lemon baby cake; bakery muffins cakes
fca9bc923878c41b4262fdacbaed1159,orange poppyseed baby cake; bakery muffins cakes
ba9aca1cf698767c54a5fbb88d1c5516,eggplant mediterranean style dip; deli chilled meats dips spreads
f97df1ff016678a5e5c74e6a66ae4a29,mediterranean style dip sweet potato; deli chilled meats dips spreads
a1af33e51816c6e7efd1b3597aa50b44,mediterranean style dip olive; deli chilled meats dips spreads
299bd2f1ae0d27ba921963e654a187a1,tampons; health beauty period incontinence care
b0cb26a2093f56bd7c51d4148df3025a,soap bars; health beauty shower bath care
4b6398ce0b713b39972a9fc460d8bcda,sundried tomato crafted dip; deli chilled meats dips spreads
b81f74a97fc2b63f883fce5dcb91b9e4,chunky dips basil pesto; deli chilled meats dips spreads
d686c4a5004832e18fac5a0770a4aab7,gouda cheese bites; dairy eggs fridge cheese
558f41826f1ef84f3c1611875a09b9a7,verde cleansing wipes; health beauty sun skin care
6d0ffcecd5d535378ffa19ec33f5d7e4,interdental pro toothbrush; health beauty dental care
04b7b64bf4cbd112a7d8bd7e8f372c8a,laundry detergent; cleaning household laundry
2c6111aa4dde4ccd5d39b8a5e05c6646,household wipes; cleaning household cleaning
fa9d3010c6e59f98a54da0f5deab8841,vanilla flavour traditional cake mix icing; pantry baking
154556bd0e1dfabfcaf8116b7546a4cd,chocolate traditional cake icing mix; pantry baking
93bc0ecdd5379ceb15e552730b8bb6bc,golden butter traditional cake mix icing; pantry baking
374b100a6dcfa2048c697c0ea387a140,wholemeal plain flour; pantry baking
c43916e04ab269c129d28be1ec64535d,pool cleaning chemicals;
78042529332b070bbb06425fc88c2a56,pool chemicals;
512016d87c92665824ece4904b61511a,laundry sanitiser; cleaning household laundry
9051c906eafdef1262e2a1be62b1360a,grain free dry dog food; pets dogs puppy
db482ec2f14763c203e43837aa67342b,natural grain free dog food; pets dogs puppy
3fed6599b339ee352c1f6781ca1060c7,dark chocolate bits; pantry baking
6f77ded0312b60c00ff0fad19fbdce2c,milk chocolate bits; pantry baking
9f8dedcd992ab36f98e013d758cf0d64,body wash; health beauty personal care hygiene
a8cdad8c3fbfd69edef375b5c9882616,gourmet dry cat food; pets cat kitten
9c4b79d70602e4f0978583a45d6f0cf2,sunscreen lotion everyday; health beauty sun skin care
311c220c2c571f43775a72160f78e3f1,ultra fresh mouthwash; health beauty dental care
8ea2e8eacf771820a74e900f2304ddd8,naturals anti aging skincare; health beauty sun skin care
6826c5f6c8e0bc3e4f8ed32c9fa6448c,fruitism tropical smoothie; drinks juices cordials
f5a1fd5d62580cc45bf311cf2d9ed35b,fruitism mixed berry smoothie; drinks juices cordials
fb42dfd417a6df905142fd2a1b19570b,portuguese style chilli lemon marinated split chicken; meat seafood poultry
943e4905a91d6e028b37d661d20c9caf,california bbq marinated split rspca approved chicken; meat seafood poultry
363656ffd41b904daa30f68adb35485d,goat milk soap; health beauty shower bath care
b705db983adc89b42a5066a2c5316a99,almond rounds; bakery muffins cakes
7f2e2c66e654f09781b68917bf1f3e6f,apple rounds; bakery muffins cakes
22073dacb10733d8c8c339b26578bced,fabric softener; cleaning household laundry
2266946a2c7633c0fa3ea8aa3056aee0,disinfectant; cleaning household cleaning
a1d9153f64435b1b474187e5369c191a,dishwashing liquid; cleaning household kitchen
83a4514f66cc3d40460470907e38cbc1,capsicum mediterranean style dip; deli chilled meats dips spreads
b05264ac2cce4da0303814b9138c3514,mediterranean style beetroot hommus dip; deli chilled meats dips spreads
f47f3f1c0ea7483fc5364c3f2032aab4,mediterranean style spinach dip; deli chilled meats dips spreads
1049d5c1f6098375db04f65bb2837290,knob devon roll; deli chilled meats deli meats
1b0ef4160b8c4ca66f628280d53264ea,concentrate dishwashing liquid; cleaning household kitchen
1259c29db06a029427500071e2de4b40,blade razor system; health beauty hair removal
964bc4c10f53645e08a4aed6781d6c30,caramel mud cake; bakery muffins cakes
692b220173fe71966c33e6dd60f8397b,chocolate mud cake; bakery muffins cakes
909711b15ddd8de6c999c5f2542752b7,liquid hand wash; health beauty shower bath care
2b91271f2ac9d0fda864d3e5e4640930,protein yogurt vanilla; dairy eggs fridge yogurt
49e9f80965e8e77a684fbb38fd5f0b74,chicken fetta parsley sausages; meat seafood sausage
e6378fc645f0757ca8cac0bd04063611,pork pepper oregano gourmet sausages; meat seafood sausage
a3409dfb5873ee715a463b7a2eb91715,club cheddar cheese original; dairy eggs fridge cheese
6232fb0579ed9ee447db8d8bf3bde279,manchego; dairy eggs fridge cheese
3e663a916f38170e041fce86475c3010,australian leg ham bone shaved; deli chilled meats deli meats
293d4113c45a1ecfdb248cdefff79007,australian leg ham bone; deli chilled meats deli meats
4334b6c0646e6c91b30c650e2e69d082,auto air freshner refill; cleaning household air fresheners fragrances
89a46c27b6cc657738125667d462b437,cranberry pistachio cherry gourmet soft nougat; pantry confectionery
6bcf69cea361732e8a7bfec2759f79cd,pecan fig burnt caramel gourmet soft nougat; pantry confectionery
ee89cbd1a380282c2c45b060a947a3a0,heavy duty cleaner; cleaning household cleaning
e7827c42c0465bf39b3fd5f09b011be8,luxury pudding; bakery muffins cakes
c2206eacc02e3e056ed9f118c86cbf32,regular extra long incontinence liners; health beauty period incontinence care
ba9f30e3e106ca2afc289c137d087a31,women anti perspirant deodorant; health beauty personal care hygiene
ae321b427d49e461e185ad2acff89f0b,toilet blocks x; cleaning household cleaning
f26f3a468fde00b42783691d60705f1f,salami stix mild; deli chilled meats deli meats
85740ad7a9915ada1145c0dfa0561d1c,multi purpose cleaner; cleaning household cleaning
78fb4a36441c2180946ad37c4d69f2b8,spearmint chewy mints; pantry confectionery
a2594a8376b6e43728a060271131f1b2,peppermint chewy mints; pantry confectionery
43b9308dbcba64804bf080a70449e575,boneless butterflied chicken spiced mango; meat seafood poultry
0746f562fa1fca764b2a0d66dfcd3a2b,boneless butterflied chicken greek style; meat seafood poultry
a29e28353478ee51218f1613ab5134a0,kinder surprise egg original; pantry confectionery
2802fd291d00d795af3ef285041248cd,oxy laundry soaker; cleaning household laundry
692adb69be8916bfb58aa15005d7c3b6,chicken breast schnitzel parmigiana; meat seafood poultry
4353b1d594ba465c069cb7ee89d4e6d7,chicken breast schnitzel crunchy homestyle; meat seafood poultry
eda29dccb5d4e4140a3b6a2f97373ec3,salted caramel mini twin puddings; bakery muffins cakes
763124d2c43841d7bec494c8faff8fcc,chocolate mini twin puddings; bakery muffins cakes
d97049287694b159f9c6ba93ad839942,traditional fruit mini twin puddings; bakery muffins cakes
d0151da9bb31baf41f63b4ce3848f7dd,coconut lip balm spf health beauty sun skin care
a3678b577545d95407c4fe317ab0b966,toilet power gel; cleaning household bathroom
91627f151b34e961a58058ec40c6d649,toilet bleach gel; cleaning household bathroom
02e4efb96acbd2bec4b8bef389a0023a,anti bac plus disinfectant spray; cleaning household air fresheners fragrances
d4308eef9845942adb80ecd8542c0db3,laundry powder concentrate; cleaning household laundry
60810f3bb291581df4f573b81082291c,spearmint sugar free mints; pantry confectionery
89fa96fd7fbe0711f9d55056eaf9992f,peppermint sugar free mints; pantry confectionery
9f57c31819facaa65bb92f91fb83af2b,tomato garlic pasta sauce; dairy eggs fridge ready eat meals
a4f33cc6d84aa153e2d0005642389dcc,creamy carbonara pasta sauce; dairy eggs fridge ready eat meals
5d9e8d0e54a58dbad2d710ddf30217d0,bolognese pasta sauce; dairy eggs fridge ready eat meals
5aa66463df6c24cd53209f04bf675b5c,smokey taramosalata; deli chilled meats dips spreads
c7cd8dee01f33237841ae033a592430a,original taramosalata; deli chilled meats dips spreads
cb1ce1354b83ba10ad3e5085ea6f6955,organic elements shampoo conditioner; health beauty hair care
3fe3bb369c27ebbaeb42f99edff73212,sport sunscreen health beauty sun skin care
09480e1f1ccd11cf6acc2669f25e42ba,lip balm; health beauty sun skin care
3773ace43cb4c68cfff92e45b1011070,chocolate salted caramel mousse; dairy eggs fridge desserts
fde958663e0854b51034cf351eb0b9a4,chocolate mousse; dairy eggs fridge desserts
d0754bcbefdccc28863cc6083b85c2ec,insect repellent tropical; health beauty first aid medicinal
7dcf6746e2249f9fffc15ca4e31e1c24,white christmas luxury fudge; pantry confectionery
257dc6b46a22ecb7b2d0318e57f4550b,pavlova luxury fudge; pantry confectionery
2acab5612d42b3774c58b801d2b08559,salted caramel luxury fudge; pantry confectionery
3ebd9d8df8d41f20234f815c3bac3373,clotted cream luxury fudge; pantry confectionery
c5074aa121afee31a00fdb64f1c7d660,butter luxury fudge; pantry confectionery
4197d0834f734504cd815250be8fe44c,roasted garlic gourmet hommus; deli chilled meats dips spreads
d4a6303c4cafc0239efc19be522f66b2,gourmet caramelised onion oregano hommus; deli chilled meats dips spreads
c870a6f4e3f172f327bacd6a2783a523,gourmet sriracha hommus; deli chilled meats dips spreads
69faa9fb09205a56467596a8eb6a1b07,rawhide treats; pets dogs puppy
653b69801e22afdc637fb97324693b7c,capsicum roasted garlic feta dip; deli chilled meats dips spreads
168f5f782879b730a48c679de1a3836a,spinach ricotta agnolotti; dairy eggs fridge ready eat meals
abe0c834b1f3f2809937721ce202e822,beef ravioli; dairy eggs fridge ready eat meals
489c67c871c29284f5711a35159fc5ff,tasty cheese pretzels; dairy eggs fridge lunch
a4adb61999258286feb43e0224e23299,wagyu beef burgers; meat seafood beef
a17aacdf1cbbf12e0abfa80c1dd4e53d,garlic bread slice; dairy eggs fridge ready eat meals
d780dde9e0512fd5ba06043e5be93dc6,chicken pesto penne green vegetables; freezer frozen ready meals
877d7297faa1d3e3536c7fd043d29e75,persian feta dip; deli chilled meats dips spreads
2b4b368b5c7e060eb4a41b0acb9f3d6f,liquid foundation primer; health beauty cosmetics
771ca6ed338dd1492e260a7b288f1695,fresh marinated chicken wings buffalo style; meat seafood poultry
8937904e0a1239eaf68da7767315bb4d,fresh marinated chicken wings honey soy; meat seafood poultry
ce640e3d16f41bcde503df39e4fbc1f0,foaming cleanser; health beauty sun skin care
7b19db93b47a34189c657614d70b5dd8,porcini mushroom truffle triangoli pasta; dairy eggs fridge ready eat meals
08506a2f8cf4256473e54a6cc94019cb,ricotta spinach cappellacci pasta; dairy eggs fridge ready eat meals
9549e5ac9081ed9136f87002650af5e7,balloons;
390b9eba02368d1f58cb16fb451b358e,multi tools;
fc1426b6f95176c6a973aee1a4f145a2,creamy tomato mozzarella pasta bake; pantry sauces
ec71be68ac842989f75777b6cde17f40,bechamel lasagne bake; pantry sauces
49fe7dd582aa9ef7ba0e82365894cf90,creamy tuna pasta bake; pantry sauces
3d4b1dfad1e110edd44a8a680d5a1c5a,garlic aioli; pantry condiments dressings
4fa78a1e86f312acbbf6552100d8051c,tuna chunks oil; pantry canned food
7903bbdec17fbe98e14b2a706393e418,tuna chunks springwater; pantry canned food
0bef5e58390b3ddeba38f3d4d38fd482,mackerel fillets oil; pantry canned food
1e28e36959a946e0c326be4daccbefbe,mackerel fillets brine; pantry canned food
1b6525f1f9b6f198dd1ce2a7add60a15,mackerel fillets tomato sauce; pantry canned food
4382308eaf03d3b5e53d7969ae5320c8,apple blackberry pies; freezer frozen desserts
5c755f4073714ab023d8764ee88a9a28,apple pies; freezer frozen desserts
aec8fb16cce751dbd7def937df8f5f5c,bubble bars chocolate chip; pantry lunch
960bf33801cdba3067f869db767e4a9d,bubble bar choc rainbow; pantry lunch
fbb651cf035f7f535aeedba239de29d7,bubble bars birthday cake; pantry lunch
e6a3e763fddfa2e0b350fd743c645693,organic chick peas; pantry canned food
68370cca98b2336a394db810f9e7c16e,organic black beans; pantry canned food
f143cde0660b10e6433ebbfc98f3e3d9,organic red kidney beans; pantry canned food
ece7db091d4f643e3cea68f801a0a092,cherry tomato pasta sauce; pantry sauces
c38adf31b83151df6398bba19f292d8c,lemon pepper chicken pea mash; freezer frozen ready meals
bfe707b8e7e47a86f23f4360b4734982,chicken kiev; freezer frozen ready meals
d370b6fa727d62a0339786294cca77f7,bangers mash; freezer frozen ready meals
b93ddec55c4d2b35c704f6f4a0e64fbc,fruit free nut bars; pantry cereals muesli
7f7d73b7c8aa1dd3a48ac6d36a15f6e2,choc peanut nut bars; pantry cereals muesli
2fd39922f8ef26714c3f5bcb87b55558,thai style bbq chicken noodle bowl; pantry soups noodles
db3db475970018c27ec0dbfe9d93e7d8,yakisoba noodle bowl; pantry soups noodles
5c32fd58d00c1c6d4c6323a687cd490b,peking duck noodle bowl; pantry soups noodles
16fe4b8c4cc4e1d815e80dd90992c59c,red curry coconut noodle bowl; pantry soups noodles
a8dc1b04a7bbe7845652a34ecb0deeb2,peppermint herbal infusions; pantry tea coffee hot chocolate
a8b68fbb3d07488b85b75e6904c2646d,camomile herbal infusions; pantry tea coffee hot chocolate
fc61847cffbb362ececa1ad0b0f731b9,lemongrass ginger herbal infusions; pantry tea coffee hot chocolate
11df43a05a052d9d8aae07bfb4048c75,go dry roasted honey mixed nuts; pantry dried fruits nuts jerky
66d89b8b966b4512b61e0b60d2793647,go roasted salted cashews; pantry dried fruits nuts jerky
02df8812630e0c3fabc6374dd8443d56,go trail mix; pantry dried fruits nuts jerky
41c494498cb02bc5766ef67dcf381e1a,go almonds; pantry dried fruits nuts jerky
8f2baea574d107171690a6226db6e20c,gluten free chicken cup noodle; pantry soups noodles
f445d5a03d4bafb0be675b6b708d242b,gluten free beef cup noodle; pantry soups noodles
3219fd104608c78554f1815a4362b777,beef jerky teriyaki; pantry dried fruits nuts jerky
fb30e6c67c5b41ea2c43c3e43fffb8f1,beef jerky bbq; pantry dried fruits nuts jerky
d84a47934e8a13689c25bdb89bc5e180,beef jerky original; pantry dried fruits nuts jerky
fc145a74d936273c4b2fcf715c3746de,baking almonds slivered; pantry health foods
f06388bf3fcfe858c485945e33ecb982,go salt pepper cashews; pantry dried fruits nuts jerky
ac41979bc6b10b19b01a2e46ffbb17a5,instant cup prawn chicken noodles; pantry soups noodles
11408ad62c8bd7e6d99be7411ae3ed7a,braised beef flavoured cup noodles; pantry soups noodles
54779c97963afc7150b445458fad6263,macaroni cheese; freezer frozen ready meals
e02c3fab9280303f63b6da9c36133cfe,spaghetti bolognese; freezer frozen ready meals
fb90841f27368c6ce71773f3c425dfdd,muffin bars caramel; pantry lunch
59f7056a141be820e60cb9f8fe343530,cream cheese barrel; dairy eggs fridge cheese
48f94a55f1041479d665f685867abc9a,dairy milk advent calendar; pantry confectionery
4af467f955602eb4dde44e11c54ff97d,stocking; pantry confectionery
e16022e4980dca520d9d6fa0032fb6e2,almond pistachio gourmet soft nougat; pantry confectionery
4d9049f3072c19afce5e92af739dd112,multipack hommus dip; deli chilled meats dips spreads
a0e30c8a6fd740d11ffff2ba9440c4e3,belgian waffles; bakery muffins cakes
ccd4506766c5e8075d3ddf74fbf3afbe,trolley token key ring; front store shopping token
db5098a145857f0f0bf65b01556bbc6b,sardines springwater; pantry canned food
9a55aa27781954e77b3691ff0279248b,muffin bars choc fudge; pantry lunch
a60b9dfeb837ea350d7b95074897df85,earl grey tea bags; pantry tea coffee hot chocolate
2e9ee8930c0e6bc1058d145a5c26ed11,indian meal kit butter chicken; pantry soups noodles
2835f27c89931914f18b2037506e8f35,tikka masala indian meal kit; pantry soups noodles
950ad491bf2f7a7a5d0ee546997d4582,korma indian meal kit; pantry soups noodles
ff407884e16dce1a03315a8a92c79077,organic goji berries; pantry dried fruits nuts jerky
5407eedb535cff12a98c73977495a754,organic golden berries; pantry dried fruits nuts jerky
98a1e54a1ff50179e36fca2d3ea917b7,iodised table salt; pantry herbs spices
551d79a5085b20288705467248669a8a,table salt; pantry herbs spices
81d0a69367cdc2078d377d8080a1ea05,baked bars golden syrup; pantry lunch
893ea33e2d12198119cf6a03c4a4aefd,baked bars apple cinnamon; pantry lunch
d4106217a0bfbd065a9f0b0658334091,taco seasoning; pantry herbs spices
f49ab06047c4890afc17794563ae4405,fajita seasoning; pantry herbs spices
1c14112e406a285cf10a4e75d3cb2e5a,salt reduced taco seasoning; pantry herbs spices
a89710a277acd4a667a1009a37bcc4a6,hawaiian style pizza snacks; freezer frozen pizzas
d697399b5e88c2a72b8dd3df8767da66,cheese bacon pizza snacks; freezer frozen pizzas
ff6f48976e81787fe75c7044101216cc,salsa dip mild; pantry condiments dressings
376dae1b5d5d3b9cc6c8bed87b77510a,salsa dip medium; pantry condiments dressings
0a50aeceb167c2c99c5d3e2ec7722e63,premium carbonara pasta sauce; pantry sauces
a4ab5e7d110f43c35034d0f6625ef680,tomato onion garlic pasta sauce; pantry sauces
2270187ebe6628d3748ffc6835547ced,chunky garden vegetables pasta sauce; pantry sauces
0fbd00c68586485324188588c4181d7c,toscana gourmet pasta sauce; pantry sauces
2cded2849673df48960cfc5fea5bc2a1,siciliana gourmet pasta sauce; pantry sauces
2e3285295f1154190e85420ffed31b8e,romana gourmet pasta sauce; pantry sauces
451f4e59dc91c27396408efb6fe18b2f,calabrese gourmet pasta sauce; pantry sauces
2ed9a86d80964f2e6e447a1b2eeb9b38,muesli fruit free; pantry cereals muesli
5251270ba317cb0498208eb85050dca3,muesli apricot coconut; pantry cereals muesli
740eebfff5aed50bc141793b9e2b3123,gluten free pasta quinoa penne; pantry pasta rice grains
d281708e800e0ed538ee425d65b8e174,gluten free pasta buckwheat spirals; pantry pasta rice grains
4bcb6d46398e3e3f6fc12e154bcb5659,sardines oil; pantry canned food
ebe430daa569b89149bcac74830cd7f6,organic rolled oats; pantry cereals muesli
4c917f08704ea89eae84942b7411ebf4,organic quick australian oats; pantry cereals muesli
c3121466d074aba76ed28f9b8d7b29ec,spinach thin crust vegetarian pizza; freezer frozen pizzas
a51f147110dc67ebc4e482269c8a00e1,funghi thin crust vegetarian pizza; freezer frozen pizzas
e23ee2c9e5b0734515f28d83e787f04e,mozzarella thin crust vegetarian pizza; freezer frozen pizzas
5f38651ede532e4daf411ace8962d4e5,mayo wholegrain mustard tuna treats crackers; pantry canned food
1918fcd7f50f7f5170e3946086528da5,mayo cracked pepper tuna treat crackers; pantry canned food
5bb0496a9427be949bc80e0953e44065,thai sweet chilli flavour tuna treats crackers; pantry canned food
78846d32a7c8921f41407d22efb339aa,mayo chilli tuna treat crackers; pantry canned food
479240e5d5cdcae987fc1d35f2e2febf,christmas tree cookies; pantry biscuit cookies
b49f98abd0df73551d092d6027ea0cf6,pad thai meal kit; pantry meal kits
87ebe514472aa4da54882c8950ba34a6,thai green curry meal kit; pantry meal kits
df741be968ac8b963587fa47ff0e2198,passionfruit sorbet; freezer ice cream snacks
f905fd90eb02eb6bac794bc40d3b4025,chocolate flavoured gelato; freezer ice cream snacks
87253687090f8f37614af01685536859,hazelnut flavoured gelato; freezer ice cream snacks
2c6fc437688cbec22be3005b81315462,mango sorbet; freezer ice cream snacks
c9257bf5b194fa8406f8ed00715b9854,vietnamese style vegetable flavoured pho bowl; pantry soups noodles
34c42f6295d34cbf173757ce81e2b0c2,vietnamese style chicken flavoured pho bowl; pantry soups noodles
5f7d666ffb00e9ea29e71340ce0a5595,spicy mexican style tuna beans; pantry canned food
1344fbd1039682918a361ee4739c66fb,smoky bbq tuna beans; pantry canned food
e559ae90a698413100f3d985b83552e0,tuna bean mix; pantry canned food
58db223c41c9fb32d1cfc3cf1f060844,onion bhaji; freezer frozen party food snacks
06e007a761073e63c7dd89e37dca659f,spinach pakora; freezer frozen party food snacks
dbcd877bd5e6bc8880ad38466e8b5cf6,singapore noodles; freezer frozen ready meals
18e6f273d4114035f84f42dd978631ac,beef ragu pappardelle; freezer frozen ready meals
05d9fb1eafdb40abdce24ca7054d42f6,lamb shanks rosemary mint sauce; freezer frozen meat seafood
b33a4458438fdae055fc7157a3110e62,light greek style natural yogurt; dairy eggs fridge yogurt
bda6ce63802c9fa77c0411d6c504746a,high performance crawling insect spray; cleaning household pest control
08ff376be8447956cc0e423cdaec7546,flying insect spray fast knockdown; cleaning household pest control
65f9ca6cab316244f196542c8df87953,white extra soft bread rolls; bakery speciality breads rolls
57e6b801b739c2bd87ff36be2ae8bef9,marinated chicken roasting pieces; meat seafood poultry
6beddcd2915ce4908ab9e9e829c33d65,rspca approved chicken thigh bulk; meat seafood poultry
78f0137d81f6ca78dafa781bee8d6e9f,gourmet protein bars roasted nuts coconut yoghurt; pantry lunch
bd9cf267f6cef1e7a8533b1a7ae3569e,lamb shanks tomato red wine sauce; freezer frozen meat seafood
1d543ef977d94315630fb44fb1344b7b,cheese beans quesadillas; freezer frozen party food snacks
2f24c6db1e09289a71b1178e49061dcd,bbq pulled pork quesadillas; freezer frozen party food snacks
9ff0e54fa5a4335883fffc5de88b9b36,microwave grains red white quinoa; pantry pasta rice grains
f6caee104e5e33cb717c37e8622e5eeb,microwave rice pouch black rice; pantry pasta rice grains
92a760a435540ccec4fe3347b367ca2a,coconut rolls; pantry confectionery
100bd623d99e5de591748339ac1214f7,coconut clusters; pantry confectionery
cb913645b32de9adc22d7aec2446b808,beef rissoles; freezer frozen ready meals
b6acfef7fcf8df542acd7c2e8a356acc,wholefood balls cashew cocoa berry; pantry lunch
52faa314875408852ece33cfc4d54f00,wholefood balls peanut butter caramel; pantry lunch
08d6ed5ec21663a534ff088a1453d79e,roasted vegetable flavoured cous cous; pantry pasta rice grains
047b0d62f92496856eb15065bcc254a6,moroccan flavoured cous cous; pantry pasta rice grains
0a54d89ecd4f207bc73effd4f065afe9,go smokey bbq mix; pantry dried fruits nuts jerky
2798fef9f583d8f64c3f9d9aeacefec0,go salted mixed nuts; pantry dried fruits nuts jerky
72ac4b2046edf07cafb1a3af5abe5b93,free range egg pasta tagliatelle; pantry pasta rice grains
b82f2ce85e23fa62a4da9e433106cdf1,free range egg pasta linguine; pantry pasta rice grains
b6d5ddb1b59e63edd84c55ce43e1e15f,gluten free raisin pumpkin seeds specialty crackers; pantry crackers crisp breads
4314f53a19066e13f7110d1262b7ce08,gluten free apricot sunflower seeds specialty crackers; pantry crackers crisp breads
9cfb2a4abedefec7e4ab4cafa6010d59,chocolate flake frozen dessert; freezer ice cream tubs
bc3dfd78f7f01943976bf43651ea26bd,cookies cream frozen dessert; freezer ice cream tubs
ac1885836bace429bbd673ed72fc2724,salted caramel frozen dessert; freezer ice cream tubs
65d72faedbe504502b8ffac8282e1c95,premium classic ranch salad dressing; pantry condiments dressings
6d409fb6c7b5c24ea090b03f553206ee,premium balsamic roasted garlic salad dressing; pantry condiments dressings
4985b16824c302cf9d39dc11a94f8bb5,premium honey dijon salad dressing; pantry condiments dressings
0c13887abfacbed9b84dd11f1aa484d0,chicken bone broth; pantry stocks gravy
98fe314516eb8252d4ff9c1652ea03f4,beef bone broth; pantry stocks gravy
5c1599acdbd85fd345b08917b41b5d57,bars rocky road; pantry lunch
ca0699068fa19b5c82fb8c6c9529a3f2,bars date chia; pantry lunch
1679666dadf487114b4691b7c5fbfde5,bars salted caramel; pantry lunch
290eac03e2d31d8c6d9250f184e550cf,gourmet protein bars almond salted dark choc; pantry lunch
5918dcb51a49a0b1ac1ff040aa78227c,gourmet protein bars dark choc cranberry; pantry lunch
8a4acb62cbf4a9294e5871c83a328525,nut butter bars peanut butter almond; pantry lunch
14320ec930746b1e9a79d45427ccd30c,nut butter bars peanut butter salted caramel; pantry lunch
db5891751302f18aee10b7e78a92d196,nut butter bars peanut butter; pantry lunch
97a2ac6e0a96a7aafe50c8f6ba2bba70,turmeric cheese hummus chips; pantry chips corn chips
a5e3e518082e4bbcb87aa3ff5c805550,salt pepper hummus chips; pantry chips corn chips
4910c90c1b67bcf2e33bcd755b0df6de,snack stack chips sour cream onion flavour; pantry chips corn chips
2f4e9bb22883c892a38837b264429640,snack stack chips original flavour; pantry chips corn chips
e54eb78c9ce962578ae801f1abbb6db4,baby cucumbers chilli; deli chilled meats antipasto
2867f993f9ee2263dd69c82622b89485,baby cucumbers; deli chilled meats antipasto
e1d995ccbaac4a1b28988b18da6139de,chocolate gourmet ice cream; freezer ice cream tubs
aefd46ffe103ce33bf319f23275ed890,coffee mocha gourmet ice cream; freezer ice cream tubs
73bdb7c459131836b098ab0446551465,chunky sous vide slow cooked beef pies; freezer frozen ready meals
b36fa611243096c83ed8519acdfae5ce,chicken leek pies camembert sauce; freezer frozen ready meals
2c137c288ac7d8679cc7459bef318b6b,dairy free frozen dessert choc salted caramel; freezer ice cream tubs
f666d18536eade16a6ab77639bf8e9e7,dairy free frozen dessert salted caramel; freezer ice cream tubs
07ded3eb02af2d68d0db2b87b85c440f,dairy free frozen dessert vanilla; freezer ice cream tubs
cac35f94fa3ef849fc58717d08ce0aa9,utopia salted caramel; freezer ice cream snacks
78de99ac190202df0911f7cc8f064444,utopia mint; freezer ice cream snacks
dfad7ac8a1f44b0d5614230a6b66c665,white sauce mix; pantry sauces
11b3ff7d10c3e8aa82f6b9cf9afec6c6,mushroom sauce mix; pantry sauces
920088220fdc10241e9c328dc43c41cd,diane sauce mix; pantry sauces
1a59a15e72f49d7fd72bdb84d43aab6b,cheese sauce mix; pantry sauces
4eeb312b201d7e69f7c148f1579309de,espresso ristretto coffee capsules pantry tea coffee hot chocolate
83470137cf72dc84fdc5a6ff9e5fcfb4,espresso onyx coffee capsules pantry tea coffee hot chocolate
f2b9e2f834690090c695a6606d25558c,espresso profondo coffee capsules pantry tea coffee hot chocolate
1e21ef97a117d112ab94517f115459f3,espresso colombia coffee capsules pantry tea coffee hot chocolate
6314a52266b6089cf260bfb2b59d361a,colombia coffee beans; drinks tea coffee hot chocolate
8f79c7bbe484642c2a26931fb4718c94,cultured buttermilk; dairy eggs fridge milk
64a1d170350aaa43548520f173bed659,vanilla custard; dairy eggs fridge creams custards
129a84c876d6cbac3bdcb3c319f54dca,custard brandy; dairy eggs fridge creams custards
ea98e8c8683a29b60fbe1c3f12f486d6,short cut bacon; deli chilled meats deli meats
348bf56bd5d4165d928c4cdc616d8c53,cabanossi; deli chilled meats deli meats
890755f3848d004b4f884b6ca08d68ec,pork mince; meat seafood pork
9077ea21605ef04333871df2f110f3cc,fruity filled bars mixed berry; pantry lunch
ea371a68eb22b5523a7c0a889b023f29,brazil single origin coffee beans; drinks tea coffee hot chocolate
bbc38f9adf0262166c602425b5e72fc3,philippine style mango slices; pantry dried fruits nuts jerky
5876ccdf058af66e011483a072773281,malaysian style panang curry sauce; pantry sauces
1dc388bf7915eed8220d6e8d4901d03d,vietnamese style creamy coconut curry sauce; pantry sauces
324894462e913e19bb78e6b2a784cf10,japanese style teriyaki stir fry sauce; pantry sauces
4485d00eb04abea530432360e7fd7713,japanese style sweet chilli sambal stir fry sauce; pantry sauces
11ba721cbe50e6ff62b33cebc73ededd,crushed ginger; pantry herbs spices
395a5eaf9999480717087399830c2bd9,crushed chilli; pantry herbs spices
a8f62b3e49bbb4cc1c5ead4e46bf87c6,wok ready udon noodles; pantry soups noodles
0f0b1bbe542d28f9c0021f6501b7c08b,wok ready singapore style noodles; pantry soups noodles
86d6600bf0c89b1746af516dc96457f7,wok ready hokkien style noodles; pantry soups noodles
9c639c14b054eaea26fef29ea89733e7,fig ginger sweet crispbreads; christmas biscuits cookies
4995d5fe0466e5037a826d6c7e1adc58,pistachio cranberry sweet crispbreads; christmas biscuits cookies
84dee4b0332ce56497d0b8a6d35dbcdb,vegetable pouch soup; pantry soups noodles
05a74ec9ccf529a33b3419ed07b9ddd1,tomato capsicum basil soup; pantry soups noodles
1141e3ab6b5eadbdd47510656c6d374b,creamy pumpkin pouch soup; pantry soups noodles
f37ea32a848c40b2453852f88a8ce618,old fashioned chicken pouch soup; pantry soups noodles
e2482fcf70105fe9c303cfc3c19dd072,speculoos gelato; freezer ice cream snacks
a932759cf39a7c1908df2b9a6b1d0bcd,hazelnut gelato; freezer ice cream snacks
3211c74a904bb31c26a5ea795767371c,lemon gelato; freezer ice cream snacks
8ae348187f227bf0d5d8d0f4eb57e224,forest fruit strudel; freezer frozen desserts
2aac8dcc00e6dbd09f328616371f8664,apple strudel; freezer frozen desserts
1bec002862369b726d23d2d2401f81db,lamb shank; freezer frozen ready meals
1c76a0d823f1230dec43cc7ecb339178,chicken parmigiana; freezer frozen ready meals
a282e1e26bfa73476091537769d3c784,microwave rice pouch coconut chilli lemongrass basmati; pantry pasta rice grains
0f79d0a313986dd550f6c39248e390d7,microwave rice pouch coconut basmati; pantry pasta rice grains
e12d530638981d7fa828b975b4ac8630,fruity filled bars blueberry; pantry lunch
d4638156edbbae920ad2dbde0ad42eee,fruity filled bars apple cinnamon; pantry lunch
1841217ef68a5e38b91c7d104d6ebccd,oat bars golden oats; pantry lunch
58be8d7496b62debdcf85a018c1a0a74,oat bars choc chip; pantry lunch
0187b4eda862ba35901ea1f98e1c4b87,white choc raspberry oat bars; pantry lunch
d291d0f55ee5524ac39fe855226f47f4,protein bars triple choc; pantry lunch
8dbad6193b2ed6c370f1cd72bb602e97,protein bars salted caramel; pantry lunch
8566e4d5f19b534804c6a3c6a31e4c6a,party quiches lorraine; freezer frozen party food snacks
a155b9a7c3551e3825e74608a6818f39,party quiches spinach cheese; freezer frozen party food snacks
0c74a9bd1fdfa237dbd3e095e35a8e8f,premium nut bars almond cashew cranberry; pantry lunch
069999d76b03e10bb5dd86cef16140a8,almond hazelnut vanilla premium nut bars; pantry lunch
5ee67db22855f6a55da56f7efda72e83,woodfired formaggi pizza; freezer frozen pizzas
71a60dae7c84e09de36706c8810be5dd,woodfired beetroot goat cheese pizza; freezer frozen pizzas
7546efc70bf2e7ee3ce1af5718305453,woodfired spinach goat cheese pizza; freezer frozen pizzas
6014e33a31468872182e0e930eb556ac,white hot choc sachets; pantry tea coffee hot chocolate
a919e608ab92ebc765edd6492258ed71,hot chocolate sachets; pantry tea coffee hot chocolate
573134f3ce4545b48cd36ea3d8d36b1e,ground coffee roast; pantry tea coffee hot chocolate
ec075d976899733de29d1d4c38ec9693,ground coffee dark roast; pantry tea coffee hot chocolate
7c1c7f99da6d8d280227ed9b211218c7,toasted coconut flakes; pantry dried fruits nuts jerky
cd4823e1fcf9754eee677f1b254ed2af,natural coconut flakes; pantry dried fruits nuts jerky
a08fc4e9a2ea90fb538579ab6cd327d0,lamb hot pot; freezer frozen ready meals
b62d1855759534d7455693e976df61cb,beef stroganoff; freezer frozen ready meals
be8d044e8f9eb887f44e7961e6f4d264,smokey bbq marinade; pantry sauces
25c678f54fe1daafa88ffca13d02e441,satay marinade; pantry sauces
6b1c3517438151a0b113dfb4dc525496,teriyaki marinade; pantry sauces
4b31258d62610261ca3f26f9dd0374c2,honey soy garlic marinade; pantry sauces
a20d30ebdabb8d87434b7ed7eb86f343,french salad dressing; pantry condiments dressings
74e9351fa3e2804b7c8aa4dd084a7f21,balsamic fat free salad dressing; pantry condiments dressings
4436e1b149548454957826fa006810ae,italian fat free salad dressing; pantry condiments dressings
79eff80e5528e111d153e3e086296b23,thousand island salad dressing; pantry condiments dressings
f4ae3937375e8553799f932f243071af,coleslaw salad dressing; pantry condiments dressings
96826d943126c1f71e45f2fb4e4b335c,vanilla yogurt; dairy eggs fridge yogurt
619437b338a54415a960273561096158,bi carb soda; pantry baking
86539c49c7ec679b40c88ea3d7bc89fe,grains seeds bread original; bakery sliced breads
ff6e06feb97a2c9b36c8275fba085e32,star beef mince; meat seafood beef
7b2350e7286e761aa6e9e3a63f6c86ad,sunny pikelets; bakery muffins cakes
ff5ced1e2fee23cd3bdc9adf429f93d8,light thickened cream; dairy eggs fridge creams custards
3d7a691ac7ac10ee8984f0b44251463b,teriyaki garlic salmon; pantry canned food
d950af2a4fa91a6566bbeeec1fde7ea8,caesar salad dressing; pantry condiments dressings
505bd65ce9b6f1950c2426a714a6a3cc,salt reduced chicken flavour stock cubes; pantry stocks gravy
1179433509111e061e81d9f72cee2b7a,vegetable flavour stock cubes; pantry stocks gravy
6df669dd7ba74200af6db724e35b507c,beef flavour stock cubes; pantry stocks gravy
859a1d28d5a035015bce1c594d02ea8f,chicken flavour stock cubes; pantry stocks gravy
94ff27b79f790bd5cfb529d3195412d1,tuscan meatballs recipe base; pantry sauces
433fe120137668916515b6fe46fc6e4d,honey mustard chicken recipe base; pantry sauces
46d8b0a9420689a43e105d121b05ce7c,curried sausages recipe base; pantry sauces
142dc6bfea7304e587cf7b497035f098,beef stroganoff recipe base; pantry sauces
d7d84983f45a036d9dbe16c2ad1986a6,chunky chicken soup; pantry soups noodles
6eb2f1c02f6eeb6c8b233a0d5d15b992,chunky beef soup; pantry soups noodles
a420f7e60e682f65e5efc08550a0e22d,green tea mint; pantry tea coffee hot chocolate
a2ec2fae67221f8133e7063529baad21,green tea lemon; pantry tea coffee hot chocolate
10eabcc96f73e2a304c62a96a4f1115a,green tea jasmine; pantry tea coffee hot chocolate
cbb2228e9e47c89951dbbbf6d0de499f,pure green tea; pantry tea coffee hot chocolate
a1cf62cb319c0faa53948a651cc8fe6c,smoked oysters oil; pantry canned food
d694049226aa8ba8317d672da3184926,smoked oysters bbq sauce; pantry canned food
7919b9846d09008abefbb7c48567c08b,smoked oysters chilli oil; pantry canned food
b2275793e10620cdfc63feedc55775e7,smoked oysters springwater; pantry canned food
f49a9791cf0f629283605f2e89b54bd7,mexican soft taco kit; pantry meal kits
eab88244c615c6664a561c408c349f3c,mexican burrito kit; pantry meal kits
c90a0cbbfb09782fad07ce2709585ded,natural peanut butter smooth; pantry jams spreads
f0695a0cfba9a8ff3f6770a7ecceaad4,natural peanut butter crunchy; pantry jams spreads
4444fa926c501d544e54cb7550ecce8f,yoghurt coated sultanas snack pack; pantry confectionery
7ff3f667f8d11148955a2e5c05a5f471,soy sauce ginger garlic salmon; pantry canned food
c502a7a3a83c437057d51bdc67de9d54,aioli cracked pepper salmon; pantry canned food
7665492bfac777cbacc7ace372f0ab9a,tomato salsa salmon; pantry canned food
df09ece2a4d5e826435708a2dfd7f4ec,smoked flavoured salmon; pantry canned food
6ecaaa45a96a7600007da709b4699ea5,sweet chilli salmon; pantry canned food
6b86c6af3f7103863ffe9b50b2f80d87,peri peri flavoured mayonnaise; pantry condiments dressings
452e455efb557bb979114f5ffaac68d6,smokey chipotle mayonnaise; pantry condiments dressings
b7509269bcff7f337f3e0a528bb7360d,mild chilli flavoured mayonnaise; pantry condiments dressings
6fafd69bf4a856c0808e6298f1503ecc,gluten free anzac biscuits; pantry biscuit cookies
f318499519d5f804d5b7c330be23d8d1,gluten free chocolate chip biscuits; pantry biscuit cookies
1dc2b3532c9e842b681de17d36b40fd4,mexican salsa tuna; pantry canned food
a59d033b238da49e16dd449b9bfd15e4,seeded mustard tuna; pantry canned food
1fc57e74e5551295d8ac44a9e7bd943a,mild curry tuna; pantry canned food
8ecdf5f1a5dad20af54336b5df17af7f,mango chilli tuna; pantry canned food
1c7e151ace74182a0402e105dcca2d8c,tangy jalapenos tuna; pantry canned food
010be6e6286931ac3640f4e8acc0b904,mayo sweetcorn tuna; pantry canned food
3a2bd7fce117aef860f555af82ec9d4c,lime chilli tuna; pantry canned food
73c97962f45d382435945e775e6578ab,smoke flavour tuna oil; pantry canned food
ea216852c97e73951c3ce7c62c46e6d1,lemon pepper tuna; pantry canned food
42e42647bb16f6659aa4486f9c28770c,tuna sweet chilli onion; pantry canned food
f3922c17509707204356836dbd04a258,tomato onion tuna; pantry canned food
a7fdc9c0c730fb3aa6b6b3a6a07706ac,tomato basil tuna; pantry canned food
10b72b6abe4171a146f39df20d0557ba,ginger soy yellowfin tuna chunks; pantry canned food
14a660a600f024e076ae287452b59145,lite yellowfin tuna chunks; pantry canned food
995ed559eea01fcc60340477bae9ccdc,yellowfin tuna chunks pepper lemon flavour; pantry canned food
ec00ab2f4098d35ab6ce7536c0feb6e4,yellowfin tuna chunks puttanesca; pantry canned food
7ec6a2002d9f18b8db4c546c3c045671,australian extra virgin olive oil robust; pantry oils vinegars
5a91603c208fd212b1835a87f37374c2,australian extra virgin olive oil classic; pantry oils vinegars
14a51b37fc8db65ad3d6bd7294751828,australian extra virgin olive oil light; pantry oils vinegars
82177180e2f8c624df48fc97140e627b,chocolate stampede; dairy eggs fridge desserts
aab6f34f3552afcb72309dfc3441ba1b,sunny crumpets; bakery speciality breads rolls
d974e3fffe5033df13ea6aa7b2069a19,multigrain sandwich sliced bread; bakery sliced breads
22fdd69b0aa88675622b748a4fb14448,wholemeal sandwich sliced bread; bakery sliced breads
ed38cfe555a56973cbf1821abc24e245,white toast sliced bread; bakery sliced breads
31971133fe768bbc215ab0ecf37103f2,white sandwich sliced bread; bakery sliced breads
97debac4e06da5ae756ec876d1098283,plum pudding; bakery muffins cakes
c06241955be4735963bd3b5111919cdc,caramelised fig flavoured finishing vinegar; pantry condiments dressings
4c69b1d54d8abd31cb2249951715667f,silver scoop choc chip; freezer ice cream tubs
c96bbbdb0dc1f5a0b0b9e466612c831b,silver scoop cookies cream; freezer ice cream tubs
20248353e40ab14a76f2a0ed5591a9bf,strawberry flavoured creme wafers; pantry biscuit cookies
981ec1343110ba3677026a22603f97c8,chocolate flavoured creme wafers; pantry biscuit cookies
14f93de3520fe04987361452734f4ad5,vanilla flavoured creme wafers; pantry biscuit cookies
1604eb67a9242bd9d418d78f4b874276,dill cucumbers; deli chilled meats antipasto
c01eed0ea3b35aad60f09aa25d8d26e8,sweet sour pickled cucumbers; deli chilled meats antipasto
56400dd0e1d9278508369975422983a1,european style pickled cucumbers; deli chilled meats antipasto
bb3402435c94a33db4930edde926580b,creamy mushroom simmer sauce; pantry sauces
ddccb26cfd851b5e5221cf8fb9c42859,honey mustard simmer sauce; pantry sauces
778f69de0d6afcf9f48f2accd6ba5c97,thin crispy cheese rice crackers; pantry crackers crisp breads
367a25b52a269d36fd8bd1e894670109,thin crispy salt vinegar rice crackers; pantry crackers crisp breads
8007d4bf716164cd62b60ea4853417bf,thin crispy original rice crackers; pantry crackers crisp breads
51eb4c11481016898a99dfddceab3ed2,light squeeze mayonnaise; pantry condiments dressings
bda2816268780bb1f3b01608cc7dfce5,creamy squeeze mayonnaise; pantry condiments dressings
b9f3ebedc579f5d9a090aa83b3d01b94,snack stack chipssour cream onion flavour; pantry chips corn chips
abcc2d9b4cf580238496955a764b8c68,lamb spinach gozleme; freezer frozen party food snacks
c393f2f16d0bf4e01f549baf7a9ec16f,fetta spinach gozleme; freezer frozen party food snacks
df7fc75924f22d535197360f68b236a7,instant coffee espresso style; pantry tea coffee hot chocolate
384ad3998b5e78a9688cdf1647132264,coffee classic dark roast; pantry tea coffee hot chocolate
fb311ccd7e423289a8ead0ff30c0f442,coffee classic roast; pantry tea coffee hot chocolate
071cc9f3764ed29cb427fbbefae0f4f1,organic white quinoa; pantry pasta rice grains
c316dd2b29e23dcf151083c5ab341441,organic tricolour quinoa; pantry pasta rice grains
49cd04ca4b84d4dee806671a9ac14103,himalayan pink salt whole black pepper grinder; pantry herbs spices
141f2f4a7c6554f796ed01a05ceaed29,himalayan pink rock salt grinder; pantry herbs spices
d6e2f37a50c72cb82db8318b05c5b926,sundried tomato chicken pasta; freezer frozen ready meals
3d64a3515eabbf2acbe22ec2eb3aff35,chicken mushroom risotto; freezer frozen ready meals
47d4c85843386b50a10938aad3f0338b,caramelised classic finishing vinegar; pantry condiments dressings
ba727b985c52db93433acb59e927eb31,caramelised mixed berry flavoured finishing vinegar; pantry condiments dressings
e808df094cee006fc1d61da596a9ce93,port wine jelly; pantry baking
f95551dac2cecda9a2665360c44a4ddb,raspberry jelly; pantry baking
39eba5c5aaf856160d754650dcaa7b81,strawberry jelly; pantry baking
e3ea4dcb3f7186f8bce43a2c1fdda9ea,lime jelly; pantry baking
990ea7bdc1f77c9667f8ab6fb5ed4963,forest fruit flavoured yoghurt fruit bakes; pantry biscuit cookies
375ff222c337203781da5881faa097ad,strawberry flavoured yoghurt fruit bakes; pantry biscuit cookies
86fcaf5520b1517a6e9c54924beaeb0b,strawberry ice cream topping; pantry condiments dressings
f469e446c315567324926b03d19de296,caramel ice cream topping; pantry condiments dressings
5c3088a88f41d3e386ce1e9e59bfb4f1,chocolate ice cream topping; pantry condiments dressings
27fd6c9209a385ca276acf0b9447ad31,cauliflower bake; freezer frozen fruit vegetables
1fb8c06da399c3b50236ced8dc784e23,sundried tomato strips; deli chilled meats antipasto
97f2f3551a1178ce4a13eb0ccfb3e6ba,sundried tomato halves; deli chilled meats antipasto
babb6c62e7f1662cf876cb7c30b5bc49,soy sauce salt reduced; pantry condiments dressings
8afa1b38530a24220b7b00e06afe51df,soy sauce; pantry condiments dressings
89c7f0e6a0f4cf16492075b7b21bb549,sardines tomato sauce; pantry canned food
c102af2c22365330077291134cb96bb6,tuna pate black pepper treats crackers; pantry canned food
1de19ab2cd0975607b245ac2223ab2c0,smoke flavoured tuna pate treats crackers; pantry canned food
c8d9b2f0924d8ff6bd8960b62feeb16b,sundried tomato basil tuna treats crackers; pantry canned food
f55e64b0eb187cef6f6c333fd6c9cdf2,mayo sweetcorn tuna treats crackers; pantry canned food
fe06242434321fe2b5da03099a994d3e,green beans sweetcorn broccoli peas quicksteam vegetables; freezer frozen fruit vegetables
497d991fbb378dc5f5519e7f5f34be5f,carrot sweetcorn broccoli quicksteam vegetables; freezer frozen fruit vegetables
873311feecff6c7b52931e762f1160e5,quicksteam vegetables carrot broccoli cauliflower; freezer frozen fruit vegetables
fe552157c8a3060c9467c438dc76663d,shepherd pie; freezer frozen ready meals
dcafcf4aa3432af031879af9909406b6,tuna mornay; freezer frozen ready meals
cf0d8347200c765d8b12ddd58f7a6fcc,alfredo pasta sauce; pantry pasta rice grains
244381032687083b0f4c9d47f9923d34,macaroni cheese pasta sauce; pantry pasta rice grains
70b43354e46f6e873f3d0be816b5c4b7,carbonara pasta sauce; pantry pasta rice grains
a1235088e50ea905a42709a922ebba38,white vinegar; pantry oils vinegars
eb78c49959e464ed01d4e65b79d8ecaa,corn kernels; freezer frozen fruit vegetables
932bf94c4b170eb60ee312ecac66b9d9,prawn gyoza; freezer frozen party food snacks
d816d8fab8cde6b6e1abf8f3c85e4205,sunflower seeds; pantry dried fruits nuts jerky
ec117a006dc614466c48b53c68e764f7,pepita seeds; pantry dried fruits nuts jerky
aa4fce166dda4ad5c6594aa0d4af15b5,protein oat bars peanut butter; pantry cereals muesli
51ba5f9820af7aacb082b21676406a0a,sour cream chives pasta sauce; pantry pasta rice grains
f28036abb5bf4e9a68280ce8bb1fbad4,persian fetta; dairy eggs fridge cheese
27494f7534539bcd6cffcaa262c2cf09,rspca approved chicken wings bulk; meat seafood poultry
8c6264db2d9210adec2cdbd4f7305565,orange juice; drinks juices cordials
4d0668e7be9151e26eabdc57539fd75c,salted butter; dairy eggs fridge butter margarine
a25de0d3ffddf9516012012f3bf84311,leg shaved ham; deli chilled meats deli meats
47ccb0f9a066642ed5d88818b44afd3f,unsalted butter; dairy eggs fridge butter margarine
bc5daf1a20fed2e64b5d00351e2a3868,iced coffee flavoured milk; dairy eggs fridge milk
ab212091499dd60eda8a8c41d8cf75fb,chocolate flavoured milk; dairy eggs fridge milk
8a177c3e211a12af352fbc054a9da93f,triple smoked half leg bone in; meat seafood pork
b4a9ff1794c175fae69ced5973525515,cocktail frankfurts; deli chilled meats deli meats
a2f8db1632eaa2daea54302bee2529bc,hot dog frankfurts; deli chilled meats deli meats
51c357f159b0fee094323645459da398,greek style added sugar; dairy eggs fridge yogurt
9ec11ea5d18f64af52b09350ea305ad8,pork scotch fillet roast; meat seafood pork
c16110b15068a8751e1539248bcfea04,greek style thick creamy natural yogurt; dairy eggs fridge yogurt
64ac78484e582f3a52d926e3d63857ef,moo chocolate flavoured milk; drinks flavoured milk
0ec08a062e85b4d1dff71e7f871c3f02,moo strawberry flavoured milk; drinks flavoured milk
5923461530cfb75ded5139eb8911d892,boneless chicken kyiv creamy garlic; meat seafood poultry
5f18c34a20a5016af83f8e351a50be16,organic vanilla bean yogurt; dairy eggs fridge yogurt
e8594fd86cf28a2d8c5ba63e2707fe92,organic natural yogurt; dairy eggs fridge yogurt
07753f2c58a94f0dfda2c455083e524f,string cheese streamers; dairy eggs fridge cheese
9c45049e887c0a83e31cfd84956c8cf5,italian style pizza base; bakery speciality breads rolls
b633fe4d3e735d25d297ef1c99e8eafb,banana bread slices; bakery muffins cakes
4d624d5ed73727fbc0392ecdc3fae1a3,shredded chicken breast; deli chilled meats deli meats
f6a158195f02a07092f7961971a54ee6,lactose free light long life milk; dairy eggs fridge long life milk
a3dd041ed9b4e8603303056b3fe08b8d,hot dog rolls; bakery speciality breads rolls
7e0f89eef90d0ac807dc78a33c538052,unsweetened almond milk; dairy eggs fridge long life milk
420e60a5ec77fda73756e5950001f735,original almond milk; dairy eggs fridge long life milk
55c89ac86d2536ce1e88dd57022c2a33,creme caramel; dairy eggs fridge desserts
197835dbd4814444091603eb1c78ebef,automatic dishwashing powder; cleaning household kitchen
155bf7de9c776bc48b6d42e02f1b973e,chicken drumsticks bulk pack; meat seafood poultry
f6099784ee201c7f467adbffd265c671,triple smoked leg ham shaved; deli chilled meats deli meats
025b5a34da916c509e932550ab8a551e,leg ham shaved; deli chilled meats deli meats
0e85391c4827a3795d4668f709231a93,bbq pork scotch fillet steak honey pepper; meat seafood pork
845cf95c5cec6b9f26b9ca010afdae2e,pouring cream; dairy eggs fridge creams custards
d7c9d3085b4b020659d4ee83b97590d5,greek style strained yogurt plain; dairy eggs fridge yogurt
030b988ce26ffbab550afea50c238119,organic full cream long life milk; dairy eggs fridge long life milk
41f1bb534afb717ba74d6e9811b3b549,leg honey ham shaved; deli chilled meats deli meats
a33216ce2ebd5093f6ad212bed9a6e53,sour cream; dairy eggs fridge creams custards
974bbdfe74f8a489243746faa55a16fb,marinated whole rspca approved chicken bbq seasoning; meat seafood poultry
04e0fc607d322becdaef166960e6cd14,cottage cheese; dairy eggs fridge cheese
be9f00b9bdc9e52b60eb8b79a59d3ff9,christmas liquorice; pantry confectionery
6c72435edb56f62c26ab1ac23a28e39e,beef porterhouse steak; meat seafood beef
564d99f7efcd11cedd948bbd1b3b6280,cage eggs; dairy eggs fridge eggs
422f768b57d13252c7c8f127b54f3fc4,disposable gloves; cleaning household cleaning
87d14ed71eddc2478bf3009bf16a2b3b,marinated fetta; dairy eggs fridge cheese
1da0bc4c69be96541771241a72115abf,mild hungarian style salami; deli chilled meats deli meats
f0762c949b7f3f87666623af341d44e2,honey leg ham sliced; deli chilled meats deli meats
55c9dfe9909e6b29f643c5d7d5615f49,dog treat pigs ears; pets dogs puppy
5a7a00a35e306570811777957392624c,bakehouse traditional wholemeal bread; bakery sliced breads
56ee4451bc2246b1376b113558fb0e04,madeira cake; bakery muffins cakes
457b771cf186daff387b57338c90e67f,greek style pot set yogurt; dairy eggs fridge yogurt
75ec28e096b3b68d5c1159c11a3ecd28,leg ham thinly sliced; deli chilled meats deli meats
290ba5176c08f5302dc83653e665d42a,breadcrumbs; pantry baking
cd28d85485deb383d121761f89edaa47,oat milk; dairy eggs fridge milk
b0eb6d375c65ddd3a20096ae2a0d020c,english muffins; bakery sliced breads
a1793ee2b2229fca540cd45c63f623dd,smooth ricotta; dairy eggs fridge cheese
b9c533720a9632fb70ff9750835e24d7,tikka masala simmer sauce; pantry sauces
616952008430c6371db9ba8ca32401f2,korma simmer sauce; pantry sauces
e76cfcbeb73fe267ce92a1c4948c9ee5,butter chicken simmer sauce; pantry sauces
32be97e646873752951675c967e23575,corn fritters; freezer frozen party food snacks
322d9558899042a0ebfce7e3351c8af6,bubble squeak; freezer frozen party food snacks
f6375a8f8200ac81eeede3211c2dbf36,polar bars choc vanilla; freezer ice cream snacks
4ccca9229bdeae1b86149332f1156944,polar bars cookies cream; freezer ice cream snacks
f07e401cd9724aabddb6a5140325c423,brie; dairy eggs fridge cheese
5a5c42ba1c1e9e5c9561c1524dceb047,regular full cream milk powder; dairy eggs fridge long life milk
51f856fba59d998d4ca81d68666efe38,lamb leg rolled boneless; meat seafood lamb
5b27327a24cddcfe7468c8c76278e320,original spread; dairy eggs fridge butter margarine
6a596c6f54f422ec525862bb88995c81,olive spread light; dairy eggs fridge butter margarine
353122b40375c8aa13a3c5b2e158137e,olive spread classic; dairy eggs fridge butter margarine
21777f275b0d1b378e9f56e6f7842d6e,chorizo twin pack; deli chilled meats deli meats
6ec23b53b0a7db0c96603bcf91e0ce80,streaky bacon; deli chilled meats deli meats
84613d68d09c9934ad7a319126dc8a04,pork loin chops; meat seafood pork
9f3ab1c0f6b7e55b909c7666d75bbed4,hommus dip; deli chilled meats dips spreads
27662073065520cc76986f1bc5540ba0,pork fillet; meat seafood pork
5d7dd2dbf6702599a21fa1ef638f3f4d,gravy beef; meat seafood beef
8ae64fd90dfda68351ec58133b0946b1,pork leg roast boneless; meat seafood pork
bdd325e2888071f5f0edb2a623cd6d57,devon sliced; deli chilled meats deli meats
9183304f033cde9f465f209538a29979,speck wedge; deli chilled meats deli meats
755341a0bab97e24676766876144420f,long life grated parmesan cheese; pantry condiments dressings
405b7aa368bed8db7264cdfa772ce9e5,rspca approved chicken breast fillets bulk pack; meat seafood poultry
08efa128657cd0d829b26c971c3fd7ec,orange pulp free juice; drinks juices cordials
df1bc59f6917bdda6786949c452fc478,cloudy apple juice; drinks juices cordials
b0fcc1ae4f5e4d7b9597638c9143437e,orange pulp juice; drinks juices cordials
5cb3432eafb57b13e41368d497eeda36,corned beef silverside; meat seafood beef
4aced974367737a2f2403fcad769f4d7,short cut bacon rindless; deli chilled meats deli meats
f9b566eb547b8975f7c50a281efef968,lactose free milk; dairy eggs fridge milk
3c5fe41145dd266c018c59e67a9131e6,aged cheddar cheese months; dairy eggs fridge cheese
d7edbba6b191e3bccb57553751c47c3b,pork beef meatballs; meat seafood beef
55e055b33a609a9d772a5a0848714448,nuttelex original spread; dairy eggs fridge butter margarine
3c62d5b9c06fefde9d9b51fe1989ba31,thinly sliced turkey; deli chilled meats deli meats
15d576064176d98a16655dc0a4865cb3,spreadable dairy blend; dairy eggs fridge butter margarine
fd72946a031fef047ab8e596b1abcf59,pork ribs; meat seafood pork
1afd8b73c5b06590b7c24f8d22677646,self raising flour; pantry baking
bc23f17e06c15ffd859a4fc9438b3cdb,rspca approved chicken breast diced; meat seafood poultry
58a045bb9fb3695cbc093b3c86182174,pane di casa; bakery sliced breads
994ed1677a0df92cc838809816a03b68,multigrain sourdough; bakery speciality breads rolls
b4f34364da19c4c65ef1fb199c353ed5,white sourdough; bakery speciality breads rolls
dcd3cc2171340210a965d6669436c4ac,plain flour; pantry baking
5927108776d52f77026bc7c91adcfa36,beef scotch fillet steak; meat seafood beef
b41b5b002ba5e991094341554683c186,iced coffee double espresso; dairy eggs fridge milk
53a1f2a61ac1e72f27b339405089a716,herb lemon butterflied pork; meat seafood pork
bf04220b628dbe3b34320175019f2add,beef blade steak; meat seafood beef
c813a7f65353adb10e3b22af928c8b28,spreadable cream cheese; dairy eggs fridge cheese
c992ac3342c4264cbb7f9c54d74e4396,rspca approved chicken enchilada; meat seafood poultry
af0b13f5353d48e2189234a32d9837a7,triple smoked pan bacon; deli chilled meats deli meats
1836b64dbfe0d071d8b869e5b172fe14,chicken pesto penne; dairy eggs fridge ready eat meals
3fbcfbc0f650ad0e23124903061bb230,double smoked leg ham; deli chilled meats deli meats
cb23d8b3bba15150c545e984c45b6455,lamb loin chops; meat seafood lamb
6a81bc5b4a61f6998ec9ffa41a77466a,lamb bbq chops; meat seafood lamb
3283cc4369a69679c955021787c12810,cream cheese block; dairy eggs fridge cheese
7dc8c10fbee974846d446df4fc8e14d4,silverside sliced; deli chilled meats deli meats
0e64b620b926a53b4cd5471b5d0b0e02,pork belly; meat seafood pork
0ce4113642fe84f6338349840c5e66a7,soy milk; dairy eggs fridge milk
72132012de596bb406ab839e39022740,beef sizzle steak; meat seafood beef
000726344cc351eddcfd0264a0a98164,middle bacon rindless; deli chilled meats deli meats
4ba48892fb63891917edd84b0db29fc6,table spread; dairy eggs fridge butter margarine
c28a2cc61e44ddc3516768586719943b,barbeque sauce; pantry sauces
824c0a60465eb0ce8ee6c34f342932d7,cheddar cheese spread; pantry jams spreads
552c66323a42f19f1794da86f4b5a4e3,cream cheese spread; pantry jams spreads
81d7df5b4d8acb06f944db32dda85f61,yellowfin tuna slices springwater; pantry canned food
7af48ede29b5fa62496824713b68223a,yellowfin tuna slices smoke flavoured olive oil; pantry canned food
71a07a38b6ec62104807b3a78d1994e7,yellowfin tuna slices olive oil chilli; pantry canned food
9512f8133dbb3b7a83cb0c0a975111cf,yellowfin tuna slices olive oil; pantry canned food
407ea48b5d2ca7f2adc136c3a8bb0719,marinated honey soy rspca approved chicken drumsticks; meat seafood poultry
10bd14319b6b44ef33128d28a17d572b,rice pudding vanilla bean; dairy eggs fridge desserts
bc771c8c95efd9c47ac1d8828462a4bf,french vanilla yoghurt; dairy eggs fridge yogurt
1329f58c26bc9b61ec63770069575101,mild hungarian sliced salami; deli chilled meats deli meats
c585b208463c01a68e707f3d47304ab3,hot hungarian style salami sliced; deli chilled meats deli meats
6c8f13e280d290438bb166c61c806701,cheesy string sticks; dairy eggs fridge lunch
61ea62e8f7663644d4e45bcfdc942958,colby cheese rice crackers; dairy eggs fridge lunch
3f8161843442105bab472da78a2f73d6,tasty cheese water crackers; dairy eggs fridge lunch
b648e5d7506c8486ee18617ba0ff7ea5,mango yogurt; dairy eggs fridge yogurt
e259fe6aecfa463ef49a949af5d14058,grass fed angus beef sausages; meat seafood sausage
a117de271fb34cd89981555edbfbae1b,garlic bread loaf; dairy eggs fridge ready eat meals
9020252177813faaf9d6fe3d38261746,party mix; pantry confectionery
b0e1e0a95a0402b1eaa7c516f95b4b67,snakes; pantry confectionery
92876f68bb1a4edabf5e0404fbf01356,caterers buttery spread; dairy eggs fridge butter margarine
d192d7afcf6e1abbb3ffdc58de440a11,half lamb leg bone in; meat seafood lamb
4497fd1b7a745092cbb6f2a2e06adebc,organic unsweetened almond milk; dairy eggs fridge long life milk
67c8dab079845390c26a1a64b4542d2f,veal schnitzel; meat seafood beef
4c9785e42ac59d9c8ab8dd09b4827a94,beef bone steak; meat seafood beef
efe77dc1e50cc67e6f320fa0b9faa97c,cooked chicken breast schnitzels; deli chilled meats deli meats
d2513d9e9af16051521428409f7af5ae,marvellicious chocolate mousse; dairy eggs fridge desserts
3e3090264e2ee6edb46eaa2f38c288bb,real fruit yogurt; dairy eggs fridge yogurt
6ae1692b63630007784216daf825d25e,passionfruit yogurt; dairy eggs fridge yogurt
54ae09af4acb96e71e0e89e86eb569a8,beef eye fillet; meat seafood beef
c0c6f9ee5df74a9379b6c551d63b3bd1,rapid kill multi insect spray; cleaning household pest control
622ab091877bd325ec35c47510290657,snack stix mild; deli chilled meats deli meats
489a7075c5a6225577280f3929d623b3,lactose free full cream milk; dairy eggs fridge milk
e213630136f999fdcd6983cfaef2b268,lightly infused pork loin steak; meat seafood pork
e70d95cf960b889f218e952e2319fff4,organic free range eggs; dairy eggs fridge eggs
a6096c89c2e58c0661ae3c8759fd3f4d,spicy chorizo sliced; deli chilled meats deli meats
8d97c5deb5837158fc448552291b80b0,pepperoni sliced twin pack; deli chilled meats deli meats
6d9a140553526cffb04e76e56c1d3082,mini dutch pancakes; dairy eggs fridge desserts
fa64e112d2f6c703f4d4956fdb24793c,mini wholegrain wraps; bakery speciality breads rolls
d44ec4cb3ea5ae33d9e308565b9eef9f,mini white wraps; bakery speciality breads rolls
23e3e531d6ff49a311b0380ec8022c8a,cooked prawn cutlets cocktail sauce; meat seafood seafood
dc65b08f809bbd43715ce07df6da9c1b,mini vanilla cupcakes; bakery muffins cakes
362d181ba2d7ad0662a2aef257f4101f,sweet chilli cream cheese; dairy eggs fridge cheese
75670ad14ed3c76306bd9da6455ca529,apricot almond cream cheese; dairy eggs fridge cheese
40a5deb602275b7ce14012099e0318c9,greek style natural yoghurt; dairy eggs fridge yogurt
59a66109e56ff75746893f53faf617a3,mild milano sliced salami; deli chilled meats deli meats
992847d3dd7dc154e6771d05abe77e90,cooler bag; front store shopping token
ac034a2d8736a6070e6cc099450bd405,melt middle fish cakes salmon hollandaise; meat seafood seafood
80ab17ba9930406f1ca99a1a3bb603e8,heart active milk; dairy eggs fridge milk
da989a28efa04d7f60e840d313125f2b,butter chicken; dairy eggs fridge ready eat meals
b06851ef8c35aabcba02e064ae39102b,lily dan girls rashsuit swimsuit;
41ae28453d28f4b1b90df33ddc04bf8f,traditional ricotta basket; dairy eggs fridge cheese
eff77f9a9707045cca87a57806195b84,marshmallows pink white; pantry confectionery
c1e956fdd8d11e4a9266580f3612fcab,added sugar passionfruit yogurt; dairy eggs fridge yogurt
3b9300b33fe58152702dac239f7760e2,protein yogurt strawberry; dairy eggs fridge yogurt
4ed12b27bdfd66f3ad93b39de5071497,pork loin greek style seasoning; meat seafood pork
1916bddbd24fcccfc6c87b5c62f66eb9,kids strawberry yoghurt; dairy eggs fridge yogurt
4231da9aec286bfdfa60a49901eefe1f,kids vanilla yoghurt; dairy eggs fridge yogurt
ca10d5a51f9f47b0512de26ad08e49fc,organic soy milk; dairy eggs fridge milk
0eeb7e8e7e4fe117dfd0570b3630df74,bakehouse light rye bread; bakery sliced breads
0661af1480102463b20f50f9a3451095,cheese kransky; deli chilled meats deli meats
b5021e36ad215427ced0e37eac3399c8,plain kransky; deli chilled meats deli meats
481e5a112b5988c1d710186e1ed5c736,potato gnocchi mini; pantry pasta rice grains
1a5fe1c467246d2ef443bb84c4d115f4,potato gnocchi; pantry pasta rice grains
5eb907a7e63e96c8a3cb989a9aa4599a,organic bolognese pasta sauce; pantry sauces
f943ccc05fef06cc09ae5a67ff385314,organic basil garlic pasta sauce; pantry sauces
99bdbf2aabce856a6c590fae7ff312da,forest fruit flavoured fruit bakes biscuits; pantry biscuit cookies
fa85fab6518648ec6d59f3d3c6e99c89,apple flavoured fruit bakes biscuits; pantry biscuit cookies
2e8b70943466f2387c71a65adba09984,thai massaman curry paste; pantry sauces
7bd0d1c9713c2d8f26f6245d3dbf0475,fruit mince pies; bakery muffins cakes
44578ea87b3dc894e46314875c8a648b,marinated pork fillet; meat seafood pork
8a3b1faa24ca32f466f655e985e63782,triple choc fudge brownie mix; pantry baking
0f5024d2c7434c5ec131b1add129f626,mozzarella cheese; dairy eggs fridge cheese
b50cafc00512d0af178ec428bfa36cf6,rspca approved chicken thigh fillets; meat seafood poultry
eb15bceccdf9d0b1086632eaf948f8dc,rspca approved chicken mince; meat seafood poultry
ad0c8702cd48643b87598746cee253c8,light fruit cake; bakery muffins cakes
41dcae05590a53d992905c49c38dfaa5,sliced butterkase cheese; dairy eggs fridge cheese
3801502a6d79099fe470f64bf8a6646e,southern style rspca approved chicken portions; meat seafood poultry
b79c1a873df5c734daf84bc68ee3d2ba,greek style yogurt natural pot set; dairy eggs fridge yogurt
a33e3805181913bf597684382eb00a52,beef chuck casserole; meat seafood beef
d9337ba1abd7b6d00f91fc95eb1a9727,viva wholemeal high fibre vitamins minerals sandwich; bakery sliced breads
ff128aa0a4c623a060e630e82da8be45,viva white high fibre vitamins minerals sandwich; bakery sliced breads
86b10764c60d65e452c8ceb52d3911f2,prawn scallop lobster bisque pots; deli chilled meats deli meats
2c289683f5543b3b463bda234c52f1da,protein yogurt salted caramel; dairy eggs fridge yogurt
364d0dc0d7efc2fb2517d829189dcb38,skinless hot dogs; deli chilled meats deli meats
0c288c12ac7372e2f232004577e0e0c9,rainbow smoked trout; limited time
b46ee54e229a77a1e043d523760511ed,best wholemeal sandwich bread; bakery sliced breads
c9f27ed96c7d75659e4b749f809af495,best white sandwich bread; bakery sliced breads
0e2c7d1bcafcc9cddbf10879d98cb489,tasty cheese block; dairy eggs fridge cheese
8421ee39f4601ab3d4122b874fcc4d14,camembert cheese; dairy eggs fridge cheese
b1399a63db66d792baeb8cf378dc99d2,beef scotch fillet aged days; meat seafood beef
1ff995de48abcd5b66b22c2b3b3de462,beef eye fillet steak aged days; meat seafood beef
2e847ac3b2cddc32001b41ffacb4d405,fresh tasmanian salmon fillets skin off; meat seafood seafood
9530a32ac98e2328b58e224af43abd42,precision clean replacement heads;
cff75721fb12c3e4817b4dd9b1cd9013,dog food meatballs chicken rice carrot spinach; pets dogs puppy
869ab6a798706c31e5b6deba38a55594,free range marinated chicken breast; meat seafood poultry
ee7e180a1b8cb749c547ca286abb6b8b,wagyu beef sausages; meat seafood sausage
11fdf33b7326b057f675d398e29f70d6,probiotic milk drink; dairy eggs fridge milk
e544c394843ca0bd3f1c54cd18f6c894,puppy dog food; pets dogs puppy
7d2395031dfcdaad7a89c00b1c024e65,premium dog food meaty lamb loaf style; pets dogs puppy
3a388c62ebfce985c512bc822feb06e1,premium dog food meaty chicken loaf style; pets dogs puppy
211f5213171580e8afc10ae8a649a98b,premium dog food meaty beef loaf style; pets dogs puppy
28d7390394210bf9814f99f24cff7895,parmesan cheese block; dairy eggs fridge cheese
650f060d59cb812791830c24d39061ca,organic raw sugar; pantry baking
8e9b388c0dc822936e022074b7eb82a2,burger buns; bakery speciality breads rolls
0e2c3893f4eb277d4e5686e5d3a3ce15,herb garlic rissoles; meat seafood beef
c01f90150f88513232fd58de01076e17,lower carb higher protein bread; bakery sliced breads
3342e75f80beea101b4e3536ee29740e,bakehouse mixed grain bread; bakery sliced breads
c347165d926a2e5d733f9753b9be00cd,bakehouse traditional white bread; bakery sliced breads
d468adb6a1556e3a4b3cc3dcebc6d185,greek style fetta; dairy eggs fridge cheese
af0f12d07c4d459964cafa5faedd8db5,barista almond milk; dairy eggs fridge long life milk
4e06c8a72bb5575776d24dba4d5fbf8f,rspca approved chicken thigh cutlets skinless bone in; meat seafood poultry
8f5f16a3a813d3a6247fa9a1247427fb,danish style fetta; dairy eggs fridge cheese
62d1113ea642925e4ddac5b3835b865a,mild sopressa sliced salami; deli chilled meats deli meats
c023f7c76e9c038917b27ddc5cddc498,french ovale cheese; dairy eggs fridge cheese
14228250f55cc737b57c7d6459f41881,prosciutto sliced; deli chilled meats deli meats
bb8426238e1621cfed3b4294d4ebe4fe,basa fillets skin off; meat seafood seafood
9fb187a0320381c0a5c3aff58a4d3594,garlic dip; deli chilled meats dips spreads
82e23a5f6083cfc3421766c7d517050d,premium kangaroo chunks chicken cats single serves; pets cat kitten
38ce698b83a8ef4a5fa0cc80d21e7e80,premium kangaroo chunks cats single serves; pets cat kitten
6dff30a1271aeb67fafb17f510682e0c,rspca approved chicken tenderloin; meat seafood poultry
90c08764d28304050463c33c35c24e15,rspca approved chicken breast fillets; meat seafood poultry
7f716fdbe44cffdf1804cb55036a442d,diced pet mince kangaroo beef; pets dogs puppy
068dd8bf80d98fc1da48735967760781,raspberry greek style yogurt honey granola; dairy eggs fridge yogurt
1ab4d20c209566d658f0cc299a4f3bdc,passionfruit greek style yogurt honey granola; dairy eggs fridge yogurt
303a767143c5e8619d727bb92f5a1c3a,dog treat beef liver; pets dogs puppy
5a6b3b0ac4d0e2f88fcdecbd0af3047b,thai green curry paste; pantry sauces
429a1ae4dcfc42088c730c33d246c97d,thai red curry paste; pantry sauces
50ac4a9a59b9f3e7c056f50048890fce,super blend microwave rice pouch; pantry pasta rice grains
6ce28010d23c049706c3fe1d5ff5123d,microwave rice brown red rice; pantry pasta rice grains
14b5a96fa2d9402c2185afa96a04dd50,microwave rice brown rice quinoa; pantry pasta rice grains
867f9e84069e2b166a0b8164d4f6ef32,microwave rice brown rice chia; pantry pasta rice grains
7fccab58a1098ff8ff7b821dc4a63735,protein oat bars choc chip coconut; pantry cereals muesli
db86d793b98478fd5bdb7d074a61724a,rspca approved chicken bites sriracha mayonnaise; meat seafood poultry
6fecd0dab0df74102ae848007c43a9b0,added sugar blueberry yogurt pouch; dairy eggs fridge yogurt
9a6500cabb4b7cc136a983ea2f9a8f1b,mesh sponge scourer non scratch; cleaning household cleaning
c9bea712dd107a316391ea438377884e,christmas pudding; bakery muffins cakes
b6c3252b8648497608388769019a8168,vanilla yogurt squishy pouch; dairy eggs fridge yogurt
d8db30f8bd3e0943c6e1ab18b29adbb0,strawberry yogurt squishy pouch; dairy eggs fridge yogurt
174d4f41659f15e2fba10d4f9f98702f,blueberry yogurt squishy pouch; dairy eggs fridge yogurt
bc9df6d8bc0bdf43eb3bf756b7820f96,banana yogurt squishy pouch; dairy eggs fridge yogurt
d0e411e2ab3ff4fd574a0e8b3eaa98e4,strawberry greek style yogurt x; dairy eggs fridge yogurt
06ea0617ad00919ddcd3b1c3aa93bd9c,dog food meaty bites lamb selected vegetables; pets dogs puppy
a875951e4f70a4f7220604a6832ab353,dark cherry greek style yogurt x; dairy eggs fridge yogurt
bee330cb42f0a6d17187c28d8112f769,vanilla bean greek style yogurt x; dairy eggs fridge yogurt
642efe67b0b59f3b830d8e98520f55c5,chunky pet mince; pets cat kitten
37a0527b58544065f6cd717eed6cbecc,triple action toothpaste; health beauty dental care
0eb3457d8a1779a4510c1a732bb537a7,beef rump steak; meat seafood beef
b7c046375b2936121e9ac418f1e489b8,soy linseed sourdough; bakery speciality breads rolls
360bb33513436312f4a4d22250a00b16,dark rye sourdough; bakery speciality breads rolls
2176bad38b0196391e97aeb8cf830c57,rustic white sourdough loaf; bakery speciality breads rolls
401ddc6d99f3f8488f2b37adb5d96235,wagyu meatballs; meat seafood beef
5bccaebb55e1e5f77a2c341201ee7121,milk chocolate coated liquorice twists; pantry confectionery
b81992efb958f7745262b9fe05a390ed,liquorice twists; pantry confectionery
b0977ad5345564d7ff4832003818ac74,milo pouch; dairy eggs fridge yogurt
94c2249f6df2f0446620b284c51e4eb0,chocolate custard pouch; dairy eggs fridge creams custards
f67af2501e113cb3d1691af0121a3c16,vanilla custard pouch; dairy eggs fridge creams custards
57b620cb42a928cde33a2071a8170e19,cat food pouches mixed selection jelly; pets cat kitten
add08a82adfc6c9381ee466f11953279,cat food pouches beef selection gravy; pets cat kitten
95995e0926db03907f337701a412206a,dog food loaf chicken vegetables rice; pets dogs puppy
7666618326c5a0de7e03c8aac39078c6,stampede chocolate dairy dessert; dairy eggs fridge yogurt
9136c5e81d86a25ac6662ca9a25e783b,barn laid eggs; dairy eggs fridge eggs
f907462cd016bafb2a12040dcd715473,extra tasty cheese artisan crackers; dairy eggs fridge lunch
efa09c6fb8c84fe84d35aae5e87bde30,cabanossi cheese; deli chilled meats lunch
da1800d7c831c64309f214deb7627c4a,rich moisturising body lotion; health beauty sun skin care
94669075b919e5e12f645b178d5701b0,pork beef mince; meat seafood pork
3489206cbbdca58c1b7e3c85a445e0b6,calibre blade razor system; health beauty hair removal
bff0b42d37ac33842f6ee486affabbf2,garlic bread; dairy eggs fridge ready eat meals
e99d8ef8aef88c2ce6abe3dc3a092cdf,baking powder; pantry baking
fd1197d4cfe3f25a241bcf0aef57a08d,sweet chilli chicken tenders; meat seafood poultry
6a4f4053cb7bffc5f99f3a8cea4fed5f,icing mixture; pantry baking
ce41b8f0a270251e2dc0eff85283e6f9,caster sugar; pantry baking
d0eb5715cb6a18486bb97ecdcd830e72,raw sugar; pantry baking
7cbea88edd9041466cca8c23d66d5734,white sugar; pantry baking
502a73225ca5a00b7bf2d9a856f3a435,blissful berry yogurt; dairy eggs fridge yogurt
4e75fa1fe3154e326a7dd0ffa7edd6a4,creamy vanilla yogurt; dairy eggs fridge yogurt
4392a6bf0b81408a5e93451d20032726,disinfectant wipes; cleaning household cleaning
3f6a04775cdd506c14c4c8bf2bf24502,chipotle chicken burrito bowl; dairy eggs fridge ready eat meals
227e86470128fdbeeb4af184a26aebc8,baking paper roll; cleaning household kitchen
521665a882cf7ab11126b2f5e754beca,best white toast bread; bakery sliced breads
c50d64f9f2af9052dedd542a3f0234dc,boneless pork loin roast; meat seafood pork
a03952e3eff3453905ec55cf327599d4,total original active prevention toothpaste; health beauty dental care
16f51ab627eed66ec4c1ec070a6408fd,australian short cut bacon; deli chilled meats deli meats
f17495edf1572707710d886dad0de909,thick sponges; cleaning household cleaning
580feb7e19b35c79e0481ca917cd18ff,french brie; dairy eggs fridge cheese
edd1796bd769be499cec9e2be9640673,added sugar vanilla yogurt pouch; dairy eggs fridge yogurt
17d1ac80c0f4f62acc68dc5cebe8d98c,added sugar strawberry yogurt pouch; dairy eggs fridge yogurt
be2cca3e64c4d5bbecb5165159d5c73f,added sugar raspberry yogurt pouch; dairy eggs fridge yogurt
3f6e82b66516199206ad83027bb709d9,protein oat bars dark choc; pantry cereals muesli
79fc16b01cc45ce5143a1f7004a69a6a,chinese style chicken cashew; freezer frozen ready meals
fb57727edd7d2ae04834ad74987377a6,chicken carbonara; freezer frozen ready meals
a1b58f0d059803516083e4885dc3b465,cheesy beef quesadillas; freezer frozen party food snacks
3e209d43eabe35b5595b8cf8f0ba6f12,chipotle chicken quesadillas; freezer frozen party food snacks
c2030bf4f33397b7936854a861f2bea7,instant gravy mix brown onion flavoured; pantry stocks gravy
4285260a32761da7b4449b7dec9bfd26,instant gravy mix roast meat flavoured; pantry stocks gravy
11ad6b0952d4e6ef2fb338a8ec2b38c3,knackwurst; deli chilled meats deli meats
08fa9cdd7880ecff6266a66a2eb6d3b5,dog food meaty bites chicken eggs parsley; pets dogs puppy
297cb0056f12bcaed4c16de0223cf1d5,shredded parmesan cheese; dairy eggs fridge cheese
033275c95136300f6543ec9a4d8b44ed,chicken sliced; deli chilled meats deli meats
08122a131cd2f82b4ef6eb8cdc4d0ad7,marinated goat cheese; dairy eggs fridge cheese
d3f8f847dd4e1de3fe91e820f0d25d71,barista oat milk; dairy eggs fridge long life milk
6131f173c2bf2c99f98e68917211867f,fresh lasagne sheets; dairy eggs fridge ready eat meals
e33e4c77a0a6de977fd3a8f55b7af90b,fresh tasmanian salmon lemon herb crumb; meat seafood seafood
4d3a6f84773973cfc35cc5ce164095a8,bagels plain; bakery speciality breads rolls
de49ee0096e97970ba33cf7ed1a43bc7,adult dry dog food beef; pets dogs puppy
1b5282778171515418543b06d48f8b65,tasty cheese slices; dairy eggs fridge cheese
de4c96ff47e15a6de78a4d5211ee4569,tasty shredded cheese; dairy eggs fridge cheese
e3baaa671b3953519ebc4f4c560f2c51,lower carb white bread; bakery speciality breads rolls
f063281f5c04377ecbba3f415c689e84,original sandwich slices; dairy eggs fridge cheese
b81ba5ec915a1e9e14fa12c4f972f32b,light sandwich slices; dairy eggs fridge cheese
4922d6936e5345c469d72b78777b9f29,mozzarella shredded cheese; dairy eggs fridge cheese
bdc3393aef36f9e4202abd73f4b735b1,colby cheese slices; dairy eggs fridge cheese
1c10db6277be0c4063f55ade838de26d,light tasty cheese slices; dairy eggs fridge cheese
b2183e0712bcf74d9d48fb00fe026ae8,light tasty shredded cheese; dairy eggs fridge cheese
10e05b8cc9882f4558016e9ae6364a49,colby cheese block; dairy eggs fridge cheese
9dcb5f76f5ef53363a7f129cece9d1eb,light tasty cheese block; dairy eggs fridge cheese
68f4ec06199066b104b455f837aef089,vintage cheese slices; dairy eggs fridge cheese
1d02eeb3f6ef2e52783bcc5ba7e0fa9a,pizza shredded cheese; dairy eggs fridge cheese
510dc9bd749a62b188e20bd87e2c3df8,shredded tasty cheese; dairy eggs fridge cheese
39f04687995d3119c46529800a4192b5,vintage cheese block; dairy eggs fridge cheese
8d449b2486259f8777e0297863d3f530,australian tropical snapper fillets; meat seafood seafood
54ee47da8e5bf5db5e09a0aa86f13d36,advanced whitening tartar control toothpaste; health beauty dental care
f55fb876b13ee58f04d426438f2fa13e,sweetened condensed milk; dairy eggs fridge milk
21cbaae587c9b859b46038b84b6ca8a5,soy light milk; dairy eggs fridge milk
066d92baefae739383b5da183093d93a,potato salad; fruits vegetables salads
f81ba4b3406f2267836d38ade1b196c9,pasta salad; fruits vegetables salads
ffa3b604e50e709c80d995b7c54045c9,coleslaw salad; fruits vegetables salads
d425c7aa4e5552386df8a5e637cd5e14,lentil tabbouleh salad; fruits vegetables salads
a967b296ad1f354e16fe7fe01c4f8b64,creamy pesto pasta premium prepared salad; fruits vegetables salads
7318c51fe6cbbff791a5a9f447efbdc7,christmas fruit cake; bakery muffins cakes
b192cc7fa125f9afc153c762ea507edb,middle bacon; deli chilled meats deli meats
b19e98d7f89cd7445ef90d74141f87a5,full cream lactose free long life milk; dairy eggs fridge long life milk
4faf4d4e02d6843fd42f02d097c8afb4,organic salted butter; dairy eggs fridge butter margarine
8b4c795abedd73e3480e15ee8f886c23,spiced fruit buns; bakery speciality breads rolls
2e95a9e39598fe0920d58c0e87bc5ecc,dark chocolate block; pantry confectionery
122d52e5878e9db5e53a9b2f6f8df14f,lower carb wraps; bakery speciality breads rolls
e3e5a1aeed82aa0e96f4cdbeba45d9ce,high protein chocolate pudding; dairy eggs fridge desserts
32ef2789cc0a032d679dbbb028ef4753,pastrami sliced; deli chilled meats deli meats
09b238fcf50341c6279cb2a30361851e,roast beef sliced; deli chilled meats deli meats
c3bb062486fc4409c81d08792ec0a3ac,creamy style corn relish dip; deli chilled meats dips spreads
d97c26d1f3a1e16013f03278feccc480,triple smoked boneless ham; meat seafood pork
7acd62d928d1dbeafa8e6f7359fb6260,australian quarter portion leg ham bone in; meat seafood pork
f99514ee8277b9e01e3b41288dcab092,australian half leg ham bone in; meat seafood pork
7995965025bff54b377d771673be6eae,dog food loaf kangaroo vegetables rice; pets dogs puppy
5186ecf21efec307b6e235f11538b7bf,date walnut loaf; bakery muffins cakes
c318b3a9ede5fa478caf07fb1155da9b,free range boneless butterflied chicken; meat seafood poultry
da51fb7143b8a1f202e7addfd52a7953,rspca approved chicken necks; meat seafood poultry
a03e69a17abf54630eae1770af5d5db2,adult dry cat food; pets cat kitten
bf8e5a0cbeb6481e42f475d5673c2430,instant gravy mix traditional flavoured; pantry stocks gravy
61cf0d211b2d5ff6d84593f7f3af838c,instant gravy mix chicken flavoured; pantry stocks gravy
445a75473a857f36197733f628d13b00,gluten free spaghetti; pantry pasta rice grains
93b1c4bc43b2e234d8bd440a291dfdd8,gluten free penne; pantry pasta rice grains
3a9af0573b10ec110a71518dd50cbef6,gluten free spirals; pantry pasta rice grains
535841681d0a047755be863b9b1ff8a0,dark instant coffee; drinks tea coffee hot chocolate
700dbb856c4c41daab26008dd67ff3a0,classic instant coffee; drinks tea coffee hot chocolate
e810b69a1cdb2062081e90c8e7c00851,toilet tissue hypoallergenic; cleaning household toilet paper tissues paper towels
947777f9544107ea44233d54cc36f078,baby wipes scented; baby baby nappies wipes
9fb010c3262fc59c1389f5718c680ee7,baby wipes fragrance free; baby baby nappies wipes
a109a1a385cfea4306b6a3a48ade0c91,clumping cat litter; pets cat kitten
cc87826f02c431d4f4867fc1ede27cd4,sweet potato carrot apple months baby food; baby baby food
1b421531b554e75e24f900962f667526,pea apple broccoli spinach months baby food; baby baby food
cd69becae5354a0cea382bbd937f5f30,apricot chicken months baby food; baby baby food
986d35909b994940c804aac6fa301c9f,beef sweet potato parsnip months baby food; baby baby food
0e61a3682c044c21c731bd2ca326c959,banana custard months baby food; baby baby food
c47c4bbcd234f6f96d840d6d2cf9106f,vanilla custard months baby food; baby baby food
1e57b270f5d7ff61ae690b378ffc9ade,chocolate custard months baby food; baby baby food
f2654b562b8ad8306fda70fd5aafdf84,apple oatmeal months baby food; baby baby food
ad5294182356aa8bb4a20f6d681797ee,creamy porridge months baby food; baby baby food
84f7bda157116d141149edaab66a73b6,whiskey; liquor spirits
3fe6dbc8c2f5007932a0b09e33310391,cooking bacon; deli chilled meats deli meats
4b66b5f457761e4099d57be7927b3735,vanilla extract; pantry baking
88c24d3e855e51514d216697c566774a,diced bacon x; deli chilled meats deli meats
fecee2ad787cf7dfa9d76ca0361fba77,turkey mince; meat seafood poultry
435ed4dc9a6e5d80ae935761bd87b9c0,sweet crepes; dairy eggs fridge desserts
ce7e3e970a8ebe9437e91bf740b6cfde,rspca approved chicken breast fillet; meat seafood poultry
7476d42d8fe3c086f1cfa3e1ef01ef1c,mould away; cleaning household cleaning
05cb0756794bcb730a3437a686e2ee99,ham shredded twin pack; deli chilled meats deli meats
84a423542db3c368c82a1adab6c502da,fresh tasmanian salmon fillets skin on; meat seafood seafood
c749a60f91d825df43c514080cdcdf4b,free range eggs; dairy eggs fridge eggs
b9eba93aa4219971aaa3b7bac12a9d50,beef burgers; meat seafood beef
78723c0d285cf225cc992eb861a8a5ed,chupa chups lollipop; pantry confectionery
ca8166463c4a04266a663f3a48ba75e3,light sour cream; dairy eggs fridge creams custards
29e9190d3ba584582c9f32a3a4e3a6ea,evaporated milk; dairy eggs fridge long life milk
da0edbb9054e16b2e833dc1a66e00210,fresh whole rspca approved chicken; meat seafood poultry
13feee81c0af672d7c2552c09be9f0f7,toilet tissue double length ply; cleaning household toilet paper tissues paper towels
f2cc1ee35fdf72eabe232e0672267000,toilet tissue ply; cleaning household toilet paper tissues paper towels
a7e3bae974a724a8d624753644483fd6,paper towels cleaning household toilet paper tissues paper towels
c550637ac0c16d1a434bb20f90e7e437,milk frother;
64e8aea44aed111c9b0e813e8a25f8fd,vitamins glucosamine; health beauty first aid medicinal
859c0f507a6eb6cf5f97c878e29dc4a2,vitamins health beauty first aid medicinal
c8e3756d1befced7abacbba2a5a3eb12,men multi vitamins; health beauty first aid medicinal
e706a14db65b4ca76df04bcac4bd10f6,vitamin health beauty first aid medicinal
afad8324d4c91635dab21064a5de619b,triple strength fish oil mini caps; health beauty first aid medicinal
b4107ed042d4940126f69e293ea6bf29,activated complex vitamins; health beauty first aid medicinal
76afdd9cb6be37c61ba1ce9080a151d7,pool cleaner automatic;
8ce600754216544f493382592a4cf939,women high potency multivitamins; health beauty first aid medicinal
e52893cc0860da3d73b270c00c66a7ab,eucalyptus oil; cleaning household cleaning
084e855671cace147a44037a64b8af51,magnesium infused bath flakes;
c8c4e2b3904d47f05c8764a988ccb804,baby water wipes; baby baby nappies wipes
a8a79ba145f65add69621973f96faac6,nappy pants kg; baby baby nappies wipes
14b5b211af67d0030ff3dc1ca41389c1,nappy pants; baby baby nappies wipes
b454238e7e8cd35f2749f1126e631103,ibuprofen tablets health beauty first aid medicinal
d5b42b43cdc0db211b094c684d3648e8,ibuprofen liquid gel capsules health beauty first aid medicinal
3f03e81fe17622c5b205fd6e1c715c16,apple banana blueberry months baby food; baby baby food
cb489aa29d5756030c87093a1079f744,apple banana peach months baby food; baby baby food
e40f3b1720d8df18d64eeb2a7b428f6b,pear apricot months baby food; baby baby food
bc309321456d6543863b127c05184a35,toilet tissue; cleaning household toilet paper tissues paper towels
c4e6f139fa33476e7788e6542c572a21,premium embossed baby wipes fragrance free; baby baby nappies wipes
032747b25fa9e7e1b9d3c67abf98cdfe,ultra paper towel; cleaning household toilet paper tissues paper towels
62641a57d17f4d6c9c75a6465a921182,aloe vera tissues; cleaning household toilet paper tissues paper towels
5db0279999dabb256333022b79697e1e,skinny cappuccino sachets; drinks tea coffee hot chocolate
9a636125a7e94c688da794939768fab1,strong cappuccino sachets; drinks tea coffee hot chocolate
0ea0f37cd8a790f8bed746c08cecca6f,frothy cappuccino sachets; drinks tea coffee hot chocolate
3c8a89f4fe307d1b50ce8ae12ed49f47,skadoos caramel biscuit bars; pantry biscuit cookies
4d339e2f8f978c38aae0ee96c4b5f1a7,skadoos buttonbix biscuit bars; pantry biscuit cookies
6e0e2cef582c826cb4903c3a14e9bdfb,skadoos milkshake biscuit bars; pantry biscuit cookies
f02e038d3846ad9da7c28e187f045b93,pink gin delightful cream fondants; pantry confectionery
bc32818ec3e66bc31ba4913efa7bd4a8,duo capsicums; fruits vegetables fresh vegetables
00101c4d5245d7bc05f2e02971642625,australian honey; pantry jams spreads
ebf45c8e7ab93acd83038fd476c46167,tasty cheese crackers; dairy eggs fridge lunch
cc262296faab22d131228b4f3d3c3510,bocconcini; dairy eggs fridge cheese
a7dfaeac9c4e7b96af37bfcbd3d2fd62,banana chips; pantry dried fruits nuts jerky
f6ad28624f04c40ea3d4f52c8fb3af2a,paper towel double length ply; cleaning household toilet paper tissues paper towels
69a568648d04abac98ba21cc51e9efcd,chocolate orange; pantry confectionery
451c6787fc5bcc89504bad1b6092b306,black beans; pantry canned food
aaab653e452a99930fd94508a5648d77,finest dark chocolate cocoa; pantry confectionery
aa6de263b261298b29a9bf23035270d6,cherry tomatoes tomato juice; pantry canned food
9ff7a26747fe40b2602e1c6a5e85bf51,authentic italian passata; pantry sauces
bf44e52054227661dc38a552fa2944c2,chick peas; pantry canned food
f4601ccfa95fa1fd561c87f84cfc7f4a,organic italian passata; pantry sauces
d4ef52494de1b8df05d561d377784644,topz original crackers; pantry crackers crisp breads
0653a893cb6408b10b465f0e1b71c016,steak cut chips; freezer chips wedges
f77812870620e41ac48e8ee264d1a9b8,pot set greek style yogurt; dairy eggs fridge yogurt
cd7883c86a1e76e9879de449032cc253,pulled beef penne; dairy eggs fridge ready eat meals
3a3bf64881a999ffb7f75762a7e61901,gold kiwifruit; fruits vegetables fresh fruits
8c8c57104859a936c325c26aec00001f,mini mango ice cream bars; freezer ice cream snacks
42164fa0dbbaf3d267f96b06736b8f81,shredded slaw fine; fruits vegetables salads
a75d803f1d56a0a0d7ee5f6e0ba3f033,bamboo toilet paper double length ply; cleaning household toilet paper tissues paper towels
f87f7d65584aedd5e32f9e9045a0c57e,gluten free corn flakes; pantry cereals muesli
e471d903329497abd808947c842ae9b0,rice bran oil; pantry oils vinegars
6782dcba37f4e103eb46aadb277b2e61,crystal cat litter; pets cat kitten
5a032c5463d351cd720afc8ec2dfb236,ply white toilet tissue; cleaning household toilet paper tissues paper towels
fa73ecca15a12c3879e132c778d5bebc,antibacterial hand face wipes; baby baby nappies wipes
a0c8530bfde5fe0573d571a9f43e3232,mixed berry yoghurt buttons; baby baby food
382958c309874a0edf052a218c05f79d,sorbent toilet paper ply; cleaning household toilet paper tissues paper towels
16d3dbeda873c28594bba0620444c8a0,napkins ply; cleaning household toilet paper tissues paper towels
096529840bfab76abf6a24216672174b,mini sour cream onion potato chips; snacks confectionery chips corn chips
12999f52c5526032c572cd92d8dcf98b,pork scotch fillet steak; meat seafood pork
1993ba283da9c965e829fa98b248b167,chicken bacon macaroni cheese; dairy eggs fridge ready eat meals
523a80427b9b2180b7932b9a6a12c22a,chocolate chip muffins; bakery muffins cakes
0e32dc432eb65ab5caef2ef0ed1411d2,blueberry muffins; bakery muffins cakes
f29ac154c9669630aa26a0c070d3a8f9,buttermilk pancake mix shake; pantry baking
4d3892e52862efea53fa5cbcf0acd8cb,original pancake mix shake; pantry baking
e49298fca823338dba0c0a224ff73088,brioche sliders; bakery muffins cakes
dbda3210e330676fc1efc37056c2d749,pancakes; bakery muffins cakes
a48ba672c67b2e2147c7aff63fc258b5,rspca approved chicken mixed pieces; meat seafood poultry
13760a077e52c1461ed19546fb67ff8e,eton original crackers; pantry crackers crisp breads
1fb858768e7c95877f1819c0a11e4b2f,roasted salted pistachios; pantry dried fruits nuts jerky
7716be29c770f73fb95d0f4e27b7f129,chicken bacon carbonara; dairy eggs fridge ready eat meals
624b59cdbeb4d55521a8e886313c8f66,microwave rice pouch mexican; pantry pasta rice grains
22392d6f2d311a4cc17f2332c7220bee,raw peeled tail prawns; freezer frozen meat seafood
04e9e290da55532e0a5394321eea9763,chicken breast tenders southern style; freezer frozen meat seafood
6fa6058e0bc4edce735ad1990254997d,white wraps; bakery speciality breads rolls
877828ec356d4400143e22462c9b4520,premium fruit nut mix; pantry health foods
b8cc8366a26a54c687e62c56f9ed0968,trail mix; pantry health foods
4201eed21c77193f4c0f95566d27e37a,natural almonds; pantry health foods
6430738fb62b2b06dbfb7812abe7e629,montepulciano abruzzo docg vintage; liquor red wine
3f69215038cd2b3bbc13c3a9fd27f333,red kidney beans; pantry canned food
e8bcd445185c1fb7d364d30490bc0eed,margarita pack; christmas liquor drinks
32a2ae013b8d5b1b51b93f1b6f0179a7,orange mango drink; drinks juices cordials
bc4de9fc5f7673b5a6287d02fe889ffb,sparkling sangria; liquor sparkling champagne
238b89d5a78662e88a4eac3b18c14c12,cornflour; pantry baking
5d24c378c3e537943faa88cbfaa859c3,flame roast smoked salmon; meat seafood seafood
944bd93b265b1b34609dbe0f0d3d8e53,shiraz vintage; liquor red wine
6d8175556b693c987a480403c859e97b,diced peaches juice; pantry lunch
7be482c66d18415123aaa64631c68a26,strawberry delightful cream fondants; pantry confectionery
9ca7efb2667ce12ae3fb838ef8322509,organic coconut chia granola; pantry health foods
409d866c89ea4c88f14f5d027a87a893,pitted kalamata olives; deli chilled meats antipasto
377560c25eff2087ffb8bbb25ea9a79e,whole kalamata olives; deli chilled meats antipasto
4017cce7d107d695ec700398cb0d2a2c,original brioche sliced loaf; bakery sliced breads
b191d3c87648fe02a4884e96c92ff520,chocolate chip brioche sliced loaf; bakery sliced breads
4351a651c7cebf5adc41128429123592,cracked pepper hot smoked salmon; meat seafood seafood
4e06c799d4b849877bed0e9403ce82e8,country cheese; pantry crackers crisp breads
6859f2b7922e508568332b94f374d6b9,dishwasher tablets; cleaning household kitchen
f605e2cf180487d10de073e70a17154c,hawaiian style pizza slices; freezer frozen pizzas
9cb6e91391eb23188f703aeebb973181,tuscan herb garlic lamb loin roast; meat seafood lamb
fdcf114ccbff4f26ca3db9405e91567b,fruit swirl mango blood orange yogurt; dairy eggs fridge yogurt
740c3cc73fefabc6764f49bf9521c4db,pork dumplings; freezer frozen party food snacks
e39dceb29513920a8928371a8ef4fbc3,choc coated; pantry biscuit cookies
d6ff3683a2d2376f55b4a9f9f42ddb32,sea salt pepper tempura barramundi; freezer frozen meat seafood
92674243621dfdf2d10c8536796bddf2,platinum dish capsules; cleaning household kitchen
846de524facabb54a3fc861782100474,wholegrain wraps; bakery speciality breads rolls
997cdaaec0ddae36d50a5b778959892a,halloumi cheese; dairy eggs fridge cheese
cc951f7015eb7dda153a45f48299c57f,slightly salted spreadable; dairy eggs fridge butter margarine
545504b3a5ce9e86cba0efefc8af48a5,paper shopping bag; front store shopping token
d2f8e2f5ec8c1adb3b2c5259f44932e9,flushable wipes; cleaning household toilet paper tissues paper towels
9d5a30642142e9bf0e13412a89123564,pork bao bun meal kit; dairy eggs fridge meal kits
975b14ff9639bdbbf2df2d9e1dc04045,rice crackers original; pantry crackers crisp breads
f10a129c41bc2522ca6fe127e1fbcc97,cyclone; freezer ice cream snacks
92f009c0659127579d1345d1bf32d30b,crispy tempura battered fish fillets; freezer frozen meat seafood
268c18c9e86d445a72d710360833d82d,organic medjool dates; pantry health foods
ef5063c8bafc40b78e977842617fb5b6,ash brie; dairy eggs fridge cheese
0c7188cd0b5a5814d4d2cc64d583cb20,day grain fed scotch fillet; meat seafood beef
c09f8ec93d0912a629f42291ffce5bcf,fruit swirl blueberry yogurt; dairy eggs fridge yogurt
d26dcb5d349902b52f73f5951f54b977,corn kernels x; pantry canned food
6f319eb0012984ea4b373294d462412f,luxe blend premium coffee beans; pantry tea coffee hot chocolate
be00079e1c37a78fd0e7ffa24d10e8f6,garlic prawns; meat seafood seafood
606b0c5736cdad0f2da6f9d43b700a68,raspberries; freezer frozen fruit vegetables
e6d4ac39c19fa58b9512cb9c740a6f43,blueberries; freezer frozen fruit vegetables
5c658923b14e20b32fb638460a3501bc,mango pieces; freezer frozen fruit vegetables
00af2f6d696c7b39da8545a876858441,bakehouse dark rye bread; bakery sliced breads
dbd0c0bb29a05291990f30ac561aeafc,finest dairy; dairy eggs fridge milk
12f794a6d362f148bc0ea25da3706f80,sunset gin; liquor spirits
3b0f610bdbdd9e17a0c374140a58db14,dollop cream; dairy eggs fridge creams custards
3e3368eaf6b05e797c0f5ab4bd34d13d,beef scotch fillet; meat seafood beef
13d8947df3e66f3944e75ee0cb4be213,coco pops family pack; pantry cereals muesli
e88e50234ac1944daad5479120d2ecf6,original beef jerky; pantry dried fruits nuts jerky
631c4ad233aebc980dc89af4d5d6c055,hypo allergenic facial tissues; cleaning household toilet paper tissues paper towels
d9b619035317ef234611ba6ccef811fe,christmas characters; christmas lollies sweets
0cc8f1e7e1a7429efc8cbb12128955df,cheese rings; pantry chips corn chips
b949ad3b10a78cff7f14c4abfcc70184,blue bolt sports drink; drinks sports energy
2f73d089cf66295823ae1431191b7bae,gmax avocado; fruits vegetables fresh vegetables
a35dbf810635c0ae80f4dd132adb5db3,asolo prosecco superiore docg; liquor sparkling champagne
892dca41d8a742b1c33f5c1caee19679,mozartkugeln; christmas chocolate
3a13afdf37f365b3032c25f09bbd8278,avocado dip; deli chilled meats dips spreads
1f1a154d9b7dab87746f717608149ab2,truffle salami; deli chilled meats deli meats
22ec0a40d182c16dd323cd2d8decb9b5,star grass fed beef mince; meat seafood beef
b12c290a8307310a3bc8856b6e1dd701,organic baby food banana raspberry vanilla months; baby baby food
e9e83754f8e73b5da57904e4fea6bf72,organic baby food banana apple mango months; baby baby food
addce8721bca3e5eef7495784aa1c50b,organic baby food banana blueberry quinoa months; baby baby food
e24cfc488a66382d0e7169791c4641f6,choc yogo minis; dairy eggs fridge desserts
cf3ddeaaf85a0b6cd0afcf47283169db,mexican blend shredded cheese; dairy eggs fridge cheese
4e2dfc035882cd19db91b08f88bf1073,panko breadcrumbs; pantry baking
fed02c39fa664dc8a5173f68173a3a71,dog food roll chicken vegetables brown rice; pets dogs puppy
9897457392cc38d525d851d2e95af02a,nz green kiwifruit; fruits vegetables fresh fruits
8fa89982dd0b6727c9e5add62fcd3380,dog food roll chicken; pets dogs puppy
a784047209d0c45b3dca56002290f088,dog food roll beef; pets dogs puppy
5de2fc98c96ce9ef71ee5f37daa471cb,pulled beef brisket; meat seafood beef
4b091778d441b14043d4ce056906cf7b,meat lovers pizza slices; freezer frozen pizzas
4cf886f1efcd7b55dbad5f601450885a,natural hot smoked salmon; meat seafood seafood
2a6f0f5b5e2f053d17d88afbb9e11e82,starmix; pantry confectionery
3fe680d0c010845f6cb1f4f659091728,real mayonnaise; pantry condiments dressings
34f5981422fbcb50faddb72f267f1fa2,family favourites biscuits; pantry biscuit cookies
51df89e3460fc62edee1c45c1a2cca71,bran; pantry cereals muesli
4f6a8bb02c39e4dfddac6f20e836defa,weissbier liquor beer
2847ee42b64af51b4051145ead236652,original sandwich biscuit family pack; pantry biscuit cookies
9d73230e1e82fa2f0bc8b14f8db8df1a,dry dog food chicken rice; pets dogs puppy
f880a0f505ee36c6afff1fd4e0eadadd,dry dog food beef vegetables; pets dogs puppy
32e04dd7c3cca2f762c971dfb2274660,dark hazelnut chocolate block; pantry confectionery
f3315820e3abc21b95abe29eb1eb76f8,tangfastics; pantry confectionery
35a7f8ee562337caa9320c1572bfd4e8,titan milk chocolate nougat caramel; snacks confectionery confectionery
b38512469067181fff91ae0e3e6fac45,dreemy chocolate bar; snacks confectionery confectionery
7c80434baba230200debb85ff62b77b3,caramel chocolate block; pantry confectionery
7a0d0e2afb2598c8aa45a1efad85c18d,dark caramel sea salt chocolate block; pantry confectionery
3bf5749bd438adc716c84dcf25e0001e,choceur chocr filled white dark choc marz; pantry confectionery
dacc2defc0c55957a3fae23de227761e,dark peppermint chocolate block; pantry confectionery
1b33c5d45d63f971bd9519006ca2e63f,white chocolate; snacks confectionery confectionery
48f3726f6afa9965ec232d562e9444d6,milk coconut chocolate block; snacks confectionery confectionery
afe4577847ec1b711497b66b24a1f996,morning break bars strawberry; pantry lunch
08fa53bbc0006cbb09ab268fbffa4850,morning break bars chocolate; pantry lunch
8faec4c44d1c7030b80d1ad2a71f7c8c,hazelnut cocoa paleo bars pack; pantry cereals muesli
baa834c8cf0dbec2d67ab527479e3e1a,cashew date paleo bars; pantry cereals muesli
e2b060f90c6b821f1dc2daa7f767eb4d,date pecan almond paleo bars; pantry cereals muesli
f97d5f643d90dab6bfc456a4edfae125,muesli clusters fruity; pantry cereals muesli
794cf08c8995ee9ceadb8ef572ec4432,pecan maple muesli clusters; pantry cereals muesli
11fb1efcaaa815ca17c59aa6637aa467,enduro shield;
2ae4368265e8a7596b849dc96f0661d8,finest dark orange almond chocolate bars; pantry confectionery
5140d6ef242f5734379153e708eff92c,finest dark roasted hazelnut; pantry confectionery
6a3539cc41b97d8c620f399a257eb097,chocolate milk mini bars; pantry confectionery
949ccd8e2682f88102fb6a216dd2e7d3,cookies milk mini bars; pantry confectionery
142730697f3c64687f56c045670d5acf,mini hazelnut bars; pantry confectionery
bcfd8c79ecc73a2d585940c974e5066b,mini hazelnut creme bars; pantry confectionery
f0382fab39bd1747b1b2e6df2f5901aa,mini dark chocolate bars; pantry confectionery
2f905b51d3932c18cbee0f614c369479,mini marzipan chocolate bars; pantry confectionery
e083073e0bb47ec50d6c283b345b99ee,mini white chocolate bars; pantry confectionery
8e1166be873a9d65c8fd645b20594452,coffee cream chocolate block; snacks confectionery confectionery
15e31985216ab89996e849ba86a4b90d,milk hazelnut chocolate block; pantry confectionery
48e938f1c093bf2e8eab0ea16e700e73,milk almond chocolate block; pantry confectionery
d948f210a6573ff1dc02905744439ccb,dark almond chocolate block; pantry confectionery
e542610b6bd1915f2c43ec2ade4b6822,lemon pepper atlantic salmon fillets; freezer frozen meat seafood
50fed58fb0628e42548811350863c385,natural atlantic salmon fillets; freezer frozen meat seafood
9d61881eef882f023514fa9d98362e14,mixed herb atlantic salmon fillets; freezer frozen meat seafood
263d67e1a10f424ccca407d5a3df88ae,fruit nut chocolate block; pantry confectionery
b69420ba38517bd4abc2c48e1977f1d6,rum raisin nut chocolate block; pantry confectionery
4658821e20bdab0839f77115b50ab4ac,salted pretzel chocolate block; pantry confectionery
3cedde4404a5a57b08348c41db6d93ba,crunchy salted caramel chocolate block; pantry confectionery
653f2d0a774c880d00a01bd03d5da929,yogurt coated rice cakes; pantry biscuit cookies
6231a562815f93f28d7bdd219db3f49a,milk chocolate coated rice cakes; pantry biscuit cookies
55141611dd0584c64298de5046c23528,dark chocolate coated rice cakes; pantry biscuit cookies
d0b3bb09ab9aaec44c740f62219de450,premium napoletana sauce; pantry sauces
7219ab2fc6d9131ed9091c9b10300f10,premium basilico sauce; pantry sauces
31803840ceb132763b59ce10acac9a59,palazzo dark chocolate biscuits; pantry biscuit cookies
e4346de8f18857dc7a0b0485267da642,palazzo milk chocolate biscuits; pantry biscuit cookies
bd187d86cace03010c71fd61863dbcd4,premium strawberry jam; pantry jams spreads
90be2d9034228a1f85326375ae5b380a,raspberry jam; pantry jams spreads
c21fa8787e2bfa1adfcf2745adca6c59,orange marmalade; pantry jams spreads
6ee6d0b0c1cbf4c037a1208d371aee6a,apricot jam; pantry jams spreads
c0d246efea8bdcbf24e466d4c06c880b,organic italian diced tomatoes; pantry canned food
a7a3dcc47b3c0a4f19579803cae2f5aa,white wine vinegar; pantry oils vinegars
25b938bbfe93aa34d90bc5fe14ba7e31,balsamic vinegar modena; pantry oils vinegars
8b1d1cd8621bacf0b1c481c4928e11a7,red wine vinegar; pantry oils vinegars
340fd649e08599ffff4e465802ae052e,fig glaze balsamic vinegar modena; pantry oils vinegars
1e78d705a230e449c8e237052b5970c3,classic glaze balsamic vinegar modena; pantry oils vinegars
c3ef4d41251fef248ff2681a3cadfadd,stollen bites; christmas cakes puddings pies
9a8395eaae5dfbc99015beec417ef9a2,apple stollen bites; christmas cakes puddings pies
6db393fcaf8ca615b14fbd5a38ed79ff,marzipan mini stollen; christmas cakes puddings pies
8ed3e4e58939ef0c727df36548a00bc4,apple mini stollen; christmas cakes puddings pies
4213c650e9217b288e5527de5519ef6b,peach iced tea; drinks iced tea kombucha
33ff35a003780b1238eeb5c7e8b73df9,lemon ice tea; drinks iced tea kombucha
624319833c0620dbc30d68393ad90a32,valletta coffee capsules; drinks tea coffee hot chocolate
f994ef0218393f24b709eafc2b0f1086,milano coffee capsules; drinks tea coffee hot chocolate
728bfffde624d616a78fa40a2fb1a4ef,decaffi coffee capsules; drinks tea coffee hot chocolate
235356d3207dd8597a76be1444fe7925,magnetic tiles set; christmas gift wrapping gifts
5b2cc701564082c28a52a8f1256ba28b,bellini; liquor sparkling champagne
145e562665a00862a001c645c3343bb5,beef bulgogi style strips; meat seafood beef
56042a10e048fd035bb7db995d9f23b0,milk chocolate fine marzipan bar; christmas chocolate
29d1b81b574e536aae1f82740127498e,dark chocolate fine marzipan bar; christmas chocolate
7cd127629ea91f0c4103ff0fab770269,vitamins effervescent tablets; health beauty vitamins sports nutrition
e1b54be596c99f8b8fbcb5e371c6c64b,pflaume madeira finest marzipan; christmas chocolate
3941275e3663cfff51906ca31a80de50,orange finest marzipan; christmas chocolate
05ae313ecf28701ceb9f7084369deb78,cherry finest marzipan; christmas chocolate
d9e3149597dca46abf8eb668869ee916,dark chocolate gingerbread hearts; christmas biscuits cookies
576926920db5d2999730655e68f6f409,milk chocolate gingerbread hearts; christmas biscuits cookies
bc3e1bd2dca37c025c78c2b8999b433b,grilled artichokes; deli chilled meats antipasto
d3a946528b7bbd65b017c493676178db,grilled peppers; deli chilled meats antipasto
b7351a6ce39a3fd9b6479506e5c1d0ad,herring fillets mango pepper sauce; pantry canned food
a02609fd712c954896c5c6c925daf238,herring fillets mustard sauce; pantry canned food
26843982c306a4fbac150f75d3da09c0,herring fillets tomato sauce; pantry canned food
fdfce1157f95986ed36c504173f0135d,herring fillets curry pineapple sauce; pantry canned food
72f0b546d53daf3f147d970b5efaa124,tuna chunks brine; pantry canned food
3a65c5f045c4afd70e81fbcdf40e5357,collagen code face care; health beauty sun skin care
f47d6d19c67e151b5a797682a84493a3,merci variety mix; pantry confectionery
fec2d726d8e34b460ea798bde6e60850,merci dark chocolate mix; pantry confectionery
9d711d4adab16b39f7290db720f1e671,merci milk chocolate mix; pantry confectionery
35885256a6bad7d3f3b2dd83e39f1699,knoppers wafers; pantry biscuit cookies
4ebd27a278dd408f0b64314f2b569639,ginger beer; drinks soft drinks
ba2f7998fdbe31f73f1aba31587ac9d8,pork chipolatas; meat seafood sausage
92d236ac605c382952a7fe5542e7c355,lemonade vodka;
21ec9500e452368ef3cd5b26fa2e73a6,espresso concentrate; pantry tea coffee hot chocolate
f4cd35b0e8dc06abdb384c83ff950325,pork sizzle steaks mi; meat seafood pork
d471da72bb0bea803afd4ec2903ee95c,chill lime beer;
f3661b8795eb3d662e5630fd54512764,whiskey gift pack; christmas liquor drinks
541206ff7f863a9277a7f7d0d787585e,rum mixed coca cola
369f4c0839a9fa6c4933b64c87789cde,soft drink; drinks soft drinks
c7ad94d5fe4b644b77171d6056308896,pork spare ribs; meat seafood pork
cd0ba196746b6748857681a354958d8c,rspca approved chicken tenderloins bulk pack; meat seafood poultry
dbd22fcd1021f1cca18453679a63ce2b,rspca approved chicken breast mince; meat seafood poultry
ca710724bda2b7f4a4c53a6a41c6510b,pork schnitty dippers;
1e60eb88bd2655cac713ef8b7a9c2ea9,baileys salted caramel custard; dairy eggs fridge creams custards
f6aeb507117b1e22da556388b3eaa345,chocolate coated macadamia medley; christmas chocolate
331cf36dba92bbe360c25eee83a28c7f,chocolate coated almond; christmas chocolate
bf69c421c588fc227e8b67e5be02882f,lamb souvlaki strips; meat seafood lamb
1a297a4b029c3f69b4057aee18cc6f7f,chilled brewed; drinks tea coffee hot chocolate
1a49ccb43b6f46556539c0f3e5505fbe,oat latte; drinks tea coffee hot chocolate
e01b56215b08bfadf0817c60a4e9af6f,marinated prawns smokey bbq; limited time
d9e2d8909f062fd2bf89aedb0e0b34e2,blazing chicken burgers; meat seafood poultry
ecb29f472faea4de174514c751196c36,chicken bites honey sauce; meat seafood poultry
75c2d8d4bf713f4c05d45d07c39fc51b,grape watermelon sour flavour chews; snacks confectionery confectionery
c810dd7c335c4ef2baacc898bbf3a710,premium supplements bundle;
1310f96825823eba9bc360882c2f7786,black doris plum icecream; freezer ice cream tubs
2efd48da53e5c6019171fb9b98668d75,vanilla flavoured frosting; pantry baking
dcb402290ffd873eb81045072d7f1586,passionfruit kamahi honey ice cream; freezer ice cream tubs
88aa83f6e8847fe3228332e887ae060c,bbq sauce; pantry condiments dressings
3239d27838250a70772abf1a4961b0d4,protein caramel yogurt chocolate bits; dairy eggs fridge yogurt
47a70d713dbb4df6a0d5adb0cc3481f9,organic sauvignon blanc; liquor white wine
a5ebc726632034c28d48b89e0557ae6b,lemon lime spritz; liquor sparkling champagne
5de974b64df8b86adfa987c16a533499,refresh blackcurrant yuzu; drinks sports energy
450dfabe91627995d29f5319eca688a3,italian style rspca approved chicken sausage rolls; meat seafood poultry
3cf71e0f94cb8c839201288d5a9598db,skim milk; dairy eggs fridge milk
0de22588920b607c5e487af06db60cb3,calabrese espresso; drinks tea coffee hot chocolate
ce83b30612b8922d08ade256f18b2dbb,lactose free thickened cream; dairy eggs fridge creams custards
60be4913cd8973052c1ebb8fc411a547,lemon digestive tops; pantry biscuit cookies
805166bbd2cc6f935350118c9be1dd93,raspberry digestive tops; pantry biscuit cookies
8b4040f95967919371a300fc652595d1,thin crispy cheese flavoured rice crackers; pantry crackers crisp breads
2512a6b4b821f46057c71edf2bdbabff,push pops; snacks confectionery confectionery
4f20f3681566050ea138a3ad6a3b938a,splice boysenberry; freezer ice cream snacks
ed4556c8563ce88c20397d50210ff494,milk choc melts; pantry confectionery
f8235d8d28523daa49772a3eb49d4c1f,collagen powder;
665a054df925101e7ed2cd803c4c8f71,freeze dried banana mango yellow peach; snacks confectionery dried fruits nuts jerky
697724288bf6dcf77ee2f223904538a6,christmas pudding cheesecake custard; dairy eggs fridge desserts
0d0c4ca23c1ef45075e721a20d8a25b7,free range maryland fillet; meat seafood poultry
d63a78a73f6d4950809965b8cf224256,lebanese bread wholemeal; bakery speciality breads rolls
45faa35e07f0ae08e787dfa45c8d0bec,lebanese bread white; bakery speciality breads rolls
152fa4bbc7f6799d81b807f46c2a5d32,crumbed pork schnitzel; meat seafood pork
9a0ab89ed5ece30d11b5f323606f15f5,soy ginger garlic dipping sauce; pantry condiments dressings
e751e69dafc4cad1c872385c95dc671e,grazing platter; deli chilled meats deli meats
a9111eedb6ebfe39fa0c8e3e820a2b4a,sweet chilli sour cream dipping sauce; pantry sauces
e3b6efdbd3ba78037caa4bb43b0b2573,chicken parmi balls; meat seafood poultry
3c8169af217668a3606650d737105db5,horseradish cream; pantry condiments dressings
26b778f8df872a41d923a0d75e8eaf91,nutella; pantry jams spreads
a5ee42514955a74787a4daaa8f21049f,nelson boysenberry ice cream; freezer ice cream snacks
4833c81b89de387506574f1eb68c82fb,shrewsbury biscuit; pantry biscuit cookies
4b6892e104a108a27f27dfa0ad16d806,chef blend extra virgin olive oil; pantry oils vinegars
e3ead1236cb8444ea3d09a54563f77ae,iced coffee syrup original; drinks tea coffee hot chocolate
f29c7d96c3b36b592947239a8ec3f7f2,motorised deluxe pool lounger;
0edaf3b6febc647b92e97b8a6486ca42,nomad hot chocolate trio gift pack; pantry tea coffee hot chocolate
c10338d35d6bf4ba8cc2b3c587448b8b,epsom salt pouch;
b730e832a74b3febd8b72e427f3dfb14,duo coffee machine;
da93f97155ce08f7f994dcf7546cea91,roses stem; front store flowers
d22dc70ac14ca2dea0c6af5b40868e37,chrysanthemums bunch; front store flowers
32db08f22a90182b233e7240d78ce87d,wildflower bouquet; front store flowers
2a95b31510a15ada6316f8358d0f8a15,asiatic stem; front store flowers
90523c6b08a718fb5dfe15cb0b36740e,sliced black olives; deli chilled meats antipasto
899acd44d8ab1bc01af8c76889a56761,boost mango magic yoghurt pouch; dairy eggs fridge yogurt
ad750fdcb26ee3695adf2770cf24ccbe,clear lock box; christmas gift wrapping gifts
88541450b116e2213a1c7d41b2fa4a07,salt pepper butterflied beef; meat seafood beef
7dffb9c2001e340d9adfaf0c3a10ba7a,rum cola style glazed pork ribs; meat seafood pork
6652a856476b4adf14a41b430bec10f2,slow cooked pork belly bites; limited time
9ff387b9241869d3291c2fdb23be506a,mixed grill bbq pack; limited time
71db6aabddd30471909eae185b58994f,herb garlic butter beef rump; meat seafood beef
b9c4b8f2df9d4aa622f64fbc56aaaaf6,tropicaldi xpa; christmas liquor drinks
59910151e7e3b68ccadf466afe1622e9,hollandaise sauce; pantry condiments dressings
fcda484d3b3b3aa137140d51b75e727b,beef enchilada meal kit; limited time
37c1c96e39488af16cbec99a49f5da6c,apple beetroot carrot celery juice; drinks juices cordials
31f7b316ef72d95b022353c5564bf7d5,mango passionfruit protein yoghurt; dairy eggs fridge yogurt
8b015b4f791bea5e0fc2833ca3f55d67,chimichurri; christmas nibbles
0078934cc520bddb27e2042dc98e3da9,original fine dijon mustard; pantry condiments dressings
804f8435bf9a3f4a6ced80823da35468,portable beach shower;
fb80b41764bb5a707e601cb780068190,jam sampler; pantry jams spreads
a2b226b33ed883658dfab24db08acfb1,red rind; dairy eggs fridge cheese
204a4d15316201197e17f9d418400f84,banana boat sport sunscreen lotion
c7e99eba12d9abdb36c7e59919696ef3,greenside vodka; liquor spirits
4698f5921a681f3597c9cb4f05106d9a,power bank;
b7ca5c2d01c4ce7d18cb5ffdef5d570d,pineapple juice; drinks juices cordials
4e7451ffe3b3a93840bebaf8317a7eea,inflatable movie screen;
bb5d015c97c4f977a9543439c7d8249b,high protein oat milk; dairy eggs fridge long life milk
3df084eeee64efd83d58fc2cdd611671,solar shower;
992cb12840281dd5d3f8f7acace0a56c,watermelon crush juice; drinks juices cordials
78cc464267dd21216685023c3efdd26d,upright freezer;
82a19f90fbbf8da380ab01d629bcfce6,upright refrigerator;
33d346a112a1db104d2e05b1a5392573,cranberry sauce; pantry sauces
bbe05d7da9f9cd47ce3f530ce5199d7a,ultra hd webos tv;
ff55126b8eead1a1643a9fc88b8219e6,splash table;
6c878baf7df8c209ccb5abcdd76a52c7,solar panel kit
51c3ddb606d8ef5afdea99d3ca4fa47d,la casa burrata; dairy eggs fridge cheese
93b10a2ebcd185254728d16bb7d06513,free range marinated chicken wings; meat seafood poultry
0dd6289fbb4def583e3ad2515bfc98e6,natural cashews; pantry health foods
8254559579149f534a2709d4e8ee4134,dry roasted cashews; pantry health foods
379d595f3e58abd38a8ed0464f17d4eb,christmas stocking; pantry confectionery
5bd6e1d11f1d30df5b822c1c065d7fc8,chicken breast tenders sweet chilli; freezer frozen meat seafood
07f9b38c139a4676e27dc54b7cbe7df8,lemon pepper crumbed hoki; freezer frozen meat seafood
acecec9359dc936e32882c85fa547b62,white chocolate candy cane pretzels; pantry confectionery
a6519fc270442c792096dca3d5ee15ad,place stainless steel dishwasher;
35e6e15b9ac97e5a52749e2d52f1a479,lurpak salted butter; dairy eggs fridge butter margarine
8242e0e4fe7c1cdd11889a207f0e001f,ho ho holly; christmas lollies sweets
79afbd46570bb7ceb47652e3633a9cce,slot track case;
4badcf5aa507dd0c6c31a3d4ba7b3ac3,homestarter pack;
956d403e6ff32d99c1d46bca5f1467a5,tota one laundry hamper;
4ad08808249b53de66b49b3097105ecd,espresso martini quick pour cocktail kit; christmas liquor drinks
b5f07ff6485f7cc14827472f03f4e197,skin science glycolic radiance body scrub;
9293b39b740a4fb5b71292261a03d56d,pepper steak sauce; pantry sauces
d7d4d092369ebde2e73809e431d489a9,inflatable water park;
5c219651d6d53658bcf560d51f2425ba,luxury australian wagyu beef biltong; meat seafood beef
924ffd891df176131dc81870131f3db7,beef bolognese macaroni; baby baby food
3ccbd261d42448418aaa50011cc129da,beef hearty vegetable lasagne; baby baby food
675a8896b8edd64805a31bb2f6b86c38,damora specialy cracker hazelnut cranberry; limited time
452120747ae3beb4b921dbf04cedd785,mixed sherbert fizz stix lollies; pantry confectionery
e54fbaab1be38926dbfe4adbbed9abcc,combi zone air fryer;
b26f3c940046ee0771ac9dde0e624b8e,cooling pillow protector;
747529ef05ff45c94202972915dca4cf,shortbread mr mrs claus; pantry biscuit cookies
afd49902124677b10088dd2a6b8bb31f,lush lychee moscato; liquor white wine
de69ada53f22ebfe2bb4ad87701c33c5,mini bacon flavoured bites; pantry crackers crisp breads
2431aae0e0c9ebdfd4e8548638ebecd6,mini cheddar flavoured bites; pantry crackers crisp breads
06469c49685d881c7050c39c73523b36,eggplant sweet peppers; pantry canned food
8d8b2259332d6e118da5fb151ce7073f,luxury biscuit selection; pantry biscuit cookies
e06e19d108eb4e3c2596ad6899a07717,kitkat christmas cabin kit; christmas chocolate
a3fc28ed4205cc466b973ba09006c1f3,crumbed chicken breast alphabites; freezer frozen party food snacks
d13310cd0ef46e53fbe19dde85413906,pork prawn wontons; freezer frozen party food snacks
4574691b58d7d9d5a51899283c97b1d4,pool cover reel;
f535452f03e507fb6abc85afd7fb3b73,three cheese potato bake; pantry meal kits
e5b6c8914deedc769aa30d677f40dca5,grinch plush;
d4cd36d1db19da64d0c1e94429664303,premium acacia cutting board; christmas kitchen tableware
7c5b3c76b8ac105e6ee8ec19feda7f59,electric golf trolley;
ee34c6ac445e7d8d8f57582c8d794839,ice cream frozen treat maker;
275dbf6b0e695c65e0152180531dcee1,christmas bag; pantry confectionery
477b2a77cccaa3ad8057a3754532a2d5,affogato ice cream; freezer ice cream snacks
88942cba762e32b9481af070da507165,marlborough salted caramel macadamia ice cream; freezer ice cream snacks
0929d88c67a847f6472d646eb0b62a01,plus protein chocolate added sugar flavoured milk; dairy eggs fridge milk
123cf2843be81b6ffc74aab6a2ed6103,coconut water; drinks water
f020a18b5e8adcaa677599c6a14d9948,christmas train set; christmas decorations
43ca4fdc0f22a52dccb9d9543e67b9ed,claw machine;
460609a71249bf0c151e19a69c710473,pool lights;
a85eb18ae3d54779fdb3e15a0115e57f,telescopic pool pole;
05e83f51452fbcdbc2358f377486427e,extendable led torch;
8fe38f736519bbdd4c98267eb826189d,air circulator fan;
e94317bf2eb4310e0e9a4bdf1e69e664,sticky tape dispenser; christmas gift wrapping gifts
86b4c18021a0b1be0419ec7f0855b05b,pedestal fan remote;
fda61718c9e1973af8bfc44995bdc0f5,pool cover;
6f8a1f344c35f3384c9785aa08aa0347,strapz meaty medley; pets dogs puppy
b42f5872b0c1b0160773c27925b1f86d,ultimate everything salad kit; fruits vegetables salads
11d1e386c247d9ce50cba08c4c508ec7,calorie control chicken tikka; limited time
0de7d95312534eb0b53215e6f8e301aa,led solar acrylic look reindeer light; christmas lighting
cea9c107489925ce17b1f92216c8abd0,digital water tester;
8203e95998ae1a03dfe29e228368a1c6,leaf rake;
99e4f6df4142f280de15f189826ce4de,wheaten cracker rosemary; pantry crackers crisp breads
c6dd759f9051f34a0b062090683bab27,wheaten cracker sea salt; pantry crackers crisp breads
2ee1d2297c6af8485c37707f5b6e95df,limone italiano gin; christmas liquor drinks
4e103352d1233a496d2dcf005dda5e6c,smokey bbq sauce; pantry sauces
674a1a9e4f2359b320643e946b17d3f7,nerissimo primitivo rose vintage; liquor rose
ac79b7ca17c70c7277fe708bdea6cffa,moscato asti vintage; limited time
617ff7b270d73635a88e7ec7279f8c0a,rspca approved chicken maryland fillets; meat seafood poultry
e5d3a81a9bb5a4734e595f1380e9be39,chicken breast tempura nuggets; freezer frozen meat seafood
2a80beef2d7621ce2df9cf7417dee10f,chicken breast tenders original crumb; freezer frozen meat seafood
fc50c8369df1f4c8d46a0c9cb7ad6d33,pumpkin mint cous cous salad; fruits vegetables salads
214c0817ee69800d3325e5db617ca770,chicken breast tenders; freezer frozen meat seafood
fe95596a13c773647c0ad2536cb02727,burger rings party bag; pantry chips corn chips
18c29cc129a9a96e5b4e617ed59d0717,mixed berry kombucha drinks iced tea kombucha
77730db1b7975c71960a64eadeb69a7e,gold edition family pan;
efc48bd8a6965714a0580f96c91be9d5,nizas languedoc rose vintage; liquor rose
09f46b70a6ad55c12148c7a8f51f9f10,limited release tasmania pinot noir; liquor red wine
193837b85fb72166800c6a26d80d6a07,limited release tasmania pinot gris; liquor white wine
5aabfaddaaa9dd90fd8485b4a5a0ccfa,compact portable ice maker;
e9ad51bf2ff22ced3812d06fce6ace06,slushie maker;
e544166b7c9e142022e528efcd110237,bladeless fan;
618701b9beca14f2bdedb0210143b86e,favourites; pantry confectionery
5f6bca2fa10350908b20b6f11c886bfc,aldi mini collectables;
cc0358038d86f2af6de266318acda530,toblerone; pantry confectionery
d0e80ae6de5373b1e5129393923e074e,first christmas tree;
017241f707697453bc678e2e6892d733,dashcam;
c63c536f9bdc93faab7da29472cf58e5,comtesse de fleurvel blanc de blanc brut; limited time
5e1e1af87b0fdc2df052216e3279ce81,spirograph;
93d8fe739813e44e51d39d01ad5ce10e,turkey breast strips; meat seafood poultry
19d6965d5a85ea2d7b1eca89a92fc71f,marinara mix tomato sauce; meat seafood seafood
8176d4d2597ac7ee8dd5684218e02c28,clare valley coonawarra cabernet sauvignon; liquor red wine
d473237d10ace0090b0c946eee99a734,high protein lasagne; limited time
c42f3c0ec0aaa8a176ac898c83486f65,multipro compact one food processor;
f6dfc9d684e6ebe46803bfb20abbe2fd,portable monitor;
9dffe69d694943ac31ba8dd1b8602e37,potato egg homestyle bacon salad; fruits vegetables salads
b554473c042d06a50391c750136bfa4a,full hd webos smart tv;
2aede8a54b598025a1a776351756d0fb,bubble ball;
8145ebcf13514c49b77c1d477211dacd,chicken teriyaki kebabs; meat seafood poultry
e809b073b8ada349d1cc35c04660ddd6,italian blend coffee pods; pantry tea coffee hot chocolate
c5b4d092daf2b43f744af3edd82b2bdb,chicken breast pub schnitzel; limited time
be11e8ef0383eda108cf7eef52118dce,mexican style superfood bowl; dairy eggs fridge ready eat meals
e8b002818d08676daecf71ffb3fb28d3,tomato basil marinated chicken breast steaks; meat seafood poultry
fe747982df2f161bf7a53630d1d12a31,beef burrito family bake; dairy eggs fridge ready eat meals
d8ad3096f392044dbe33d73fb4fed63e,cooling pressure relief tpe pillow;
5e9e72be6c58088d2d444171bff23362,bungee cord set;
9ee2a475a0583263ab3d98686ea55714,high pressure washer
34388fd619541ccfb45ff8b998100d6f,soave classico doc; liquor white wine
76916c9dfc3ff3e10e7f5333f4ed1ff2,winbot neo mini robotic window cleaner;
68bbfd24fa4a48db29c15853bd912740,portable air conditioner;
c990e32fd3efecf1073057151ccec27e,stella artois lager;
3ca0ee4dbeceb437ff633eaa17509e24,dairy milk chocolate; snacks confectionery confectionery
8f8f79211f5e26568f1396c5a89aabb5,christmas mixed pack; pantry biscuit cookies
1f59ce5bb84dc86d3754c37fa5d18a5f,butter festive selection; pantry biscuit cookies
ccba9fff6c45f977e47928fe2e843125,hot honey style chicken wing nibbles; freezer frozen meat seafood
4dbd6b1b180eff04d1c893323934465e,filo prawn rolls; freezer frozen meat seafood
b8b62aad70b12fdc77e12e7d29d47f6d,methylated spirits; cleaning household cleaning
838708c61d58ca857aad0e0113994073,stackerz tropical; freezer ice cream snacks
6b6537540046235383d9880556f34053,stackerz rainbow; freezer ice cream snacks
a3b1a1e46080b12b0b9ecdb615a7416c,skittles cloudz; snacks confectionery confectionery
1557467db746f20eca7a712fb8af9a5d,macadamia shortbread; christmas biscuits cookies
3b69b208fb7cdb1327750a58fafeecd4,dropover greenhouse;
af73e38f64d796944b41b13d09bdb056,bluey advent calendar; christmas advent calendars
dbe102a690e7f131a1c7982393d015c3,luxury pre lit christmas tree christmas trees
d1b99d9f3dbada2385ebbec35a70d2f4,yuzu flavoured soft drink sugar; drinks soft drinks
2e68a8fb7d0e1f48e9747103860867a3,margherita potato baskets; freezer frozen party food snacks
12f00c64f83af1d1843530f87c3d2197,pine lime sugar; drinks soft drinks
28f3a571e963bd7436a0b414601a53c4,pineapple flavoured soft drink sugar; drinks soft drinks
6adb0c94031a7092bb73735c835d12ba,deebot neo omni station;
d8969efd457e3dcdc7ce00bf80c30ea7,hampton drink trolley;
8019e9d69cb833cfc5b178a2f975e733,beef brisket smokey american; meat seafood beef
a978643442669d0159d47828555ecd01,chicken fetta spinach sausage rolls; dairy eggs fridge ready eat meals
1996f6683b7fe5e4b9eae2ff0f4fc97d,garden storage box;
aafc71b2e8c4bf0672fc177e97e1b4d5,boneless drumstick fillets bulk pack; meat seafood poultry
02931445095c3b4133c34ffaa61fec5a,rump steak bulk; meat seafood beef
f9e4c44c91652d2fc09c948515ba829a,stone baked cheese pizza; freezer frozen pizzas
d030e3810e3bfa0cd6ca61f000ad1726,munich lager liquor beer
2f81a4fe884524069fc306009f1c69fa,hefeweizen liquor beer
20dcce97006b3603f09ce3ae1bb2cbad,super crisp lager; liquor beer
5c4ecab28627726b8a16e06244f1275e,lightly sparkling spring water drinks water
970697ff2dc5a1a80407e3d675e5f6c0,crackling ham; deli chilled meats deli meats
a3b16e579ae3fed838218f287a40f89a,natural australian spring water drinks water
d0821adb5ce67336859fcb2ebdf2f39c,single bonnell mattress;
63f9938cedcb53efbe6795fa7a1aa446,henley pre lit christmas tree christmas trees
c546bcd28fd9921654a13d517b3f5f20,zimtsterne german cinnamon stars; christmas biscuits cookies
85474db63d0ac9507e9fbdc62539e0f7,white chocolate snowballs; pantry confectionery
e151743b2158fd97282506c00abe96b5,premium lager; christmas liquor drinks
47102424adad502d2ddd326d6931cf5b,salami pork belly; deli chilled meats deli meats
4c59c90fdd0e5f72c7a8098439ebbbbf,festive shortbread tin; pantry biscuit cookies
dbe9511f03628a755cd47c264c8951f8,peaches cream yogurt; dairy eggs fridge yogurt
2fd37275047ff6284d0b393c13c98533,egg nog; dairy eggs fridge desserts
5cab543210bd458a2568f44bb2de28b5,laser solar light projector; christmas lighting
ff9fa8d25d518bbf6230be91886576d7,decoy security camera light;
ad9e927bd2bccf5402368735ff78b4ba,milo; pantry tea coffee hot chocolate
d8875e61cf3944a1b819121bef09516a,induction cooking plate;
4b81aa2adb660f3b18b9195d45f7b268,year old scotch whisky;
edd8ce235c1d6b6e0dd9401988180488,candle advent calendar; christmas advent calendars
2078a3abd66b204133b41efc6cf6565b,brie cranberry bites; freezer frozen party food snacks
29bdc6e04e5a7fe58deb10cfe5071504,jalapeno cheese croquettes; freezer frozen party food snacks
5eb76cbe51b1ac1c26a3c5870f6e920e,energy drink sugar; drinks sports energy
5318fb58efb0901b517091354a8acc2f,energy drink; drinks sports energy
13bfbbff0dca65394801332aef412658,gaming chair;
f20e464225e6ee7698fcd34ed48bf9cb,wholegrain mustard; pantry sauces
a194a70732a3272aee87d0178acc1b6b,dijon mustard; pantry sauces
a18c7beb596621caebc27375847bb91e,air fryer;
52752a9892dae4931453ac28194f0feb,almond meal; pantry health foods
fc1dedbe2516d424ebcdd06d85978a19,baby bedtime bath; baby baby nappies wipes
73b6b521eb8b5be1f7b05b3a7279c4e4,hemp seeds; pantry dried fruits nuts jerky
9f20770b14f281916f735e98935f2adf,traditional fruit panettone; christmas cakes puddings pies
f54e6d62d9bf9270623b1783fd2a7311,chocolate chip panettone; christmas cakes puddings pies
c7dae29823aad155a1fbb59687522ccf,hand cream; health beauty sun skin care
7a3a4399fe6fc2757f1355dae93bd67b,baby powder; baby baby nappies wipes
eddd6ef533952256c6f38b0e51f708ef,argan hair oil; health beauty hair care
763358b4e16540f891a7018386c203e9,peking duck breast; meat seafood poultry
4c8d0fdebd7814cdcaeb8fa20e4a7418,beef stroganoff; dairy eggs fridge ready eat meals
466ed5d823db7f69231b9e92e712c9be,cake mug; pantry baking
ce292c63fb94fa169ad8ff5a80264c0b,mini whirlz; freezer ice cream snacks
26b6bc540c642cddb0589899496e5d8d,butter chicken naanwich; dairy eggs fridge ready eat meals
db07cb395850f4cc3dbe1022edfe7e40,kokos flocken; christmas chocolate
62b814b2fc3332fcd387a7f83350d4c9,bourbon;
dd2a07487ab649908b0a07d62f034dd6,balla stixx lollies; pantry confectionery
4ea222b363ff8711f50ec001e3cf404b,fish sauce; pantry sauces
95be103fd8611de6fc8c7b431eb3e35c,greenshell mussels original; meat seafood seafood
7177bc907a274bd9bb157c12123cd2fe,diced beef; meat seafood beef
9bae73617c8aead2c22dde5397626966,four cheese ravioli; dairy eggs fridge ready eat meals
02ae9a5c5725c51e2cb341445c7238fb,truffle gnocchi; dairy eggs fridge ready eat meals
67850d0075338d49255f3ade052edf0e,creamy tomato chicken gnocchi meal kit; meat seafood poultry
f067cc0c145171e7a8261abdb35ec964,prawn laksa spring roll cones; freezer frozen party food snacks
5a44b63b576d9f5db537a45ad4458d6a,white chocolate dipped mango; limited time
dfffdceae72826325d7f8486bf02a71f,lamington fingers; bakery muffins cakes
9a7c0fdcc0ec4294b4af2c1ca017cd3c,tandoori spiced naan bites; freezer frozen party food snacks
6269a6b16c4922b840823f33a40b577a,dental floss; health beauty dental care
45889807f5cba05a2014d938956186fb,calibre blade system kit; health beauty hair removal
b584ec7456e588390f4e98ea4cd2d22e,limoncello;
48320adcf0539dbb2fe840db5510c614,coffee capsules torino; pantry tea coffee hot chocolate
50993714135cfa3d67850fd00ff5527c,coffee capsules abruzzo; pantry tea coffee hot chocolate
776a80a39d3b5919956a63d7eccaf263,coffee capsules renzo; pantry tea coffee hot chocolate
32cdd87d373987c824780d24dcaa44af,southern blue whiting fillets; freezer frozen meat seafood
d1ca9aee7a94b7ee48fa715de695104b,crispy roast potatoes hot honey sauce; fruits vegetables prepared vegetables
e468c9133c2101ecb5cc0abc6b8611bf,lashes pale ale liquor beer
6801c4ca641a3ddcb6f7c68b990ac131,cosmic flavour zooper dooper; freezer ice cream snacks
37c54a5b6a6f9690c96e857499dbe8a7,pale ale liquor beer
a084e7038323bfa7175271e56c9287a1,milkybar; pantry confectionery
6943a65fef74d6032c8fa7ae40ae5184,marinated rspca approved chicken breast steaks; meat seafood poultry
97a753db289b1ff740829e526c3adf27,lager beer liquor beer
bf36ad715801e9c9a3a692e6353a213d,midstrength beer liquor beer
c7f5bc4c2bd9cf0f95b5714a74d04947,spring roll pastry; freezer frozen party food snacks
a00bc04febfae7c1125e3caee4ed07bf,lamb yiros; meat seafood lamb
5a83bb342478bf84ac731fe2f43fe703,light lactose free sour cream; dairy eggs fridge creams custards
d1d601ceaa83187beb83e0ce90c72ec6,beetroot fetta salad kit; fruits vegetables salads
64cc06b064673510874c8b9b811bca1c,sweet soy sauce; pantry sauces
e7e3e544cc885e5cc141a229072299b3,soup dumplings; freezer frozen party food snacks
2f8e8ef3696f0193c803d28a8d462160,sauced pizza base; dairy eggs fridge ready eat meals
af044e23cff971f2182d30ae91c68fda,pimple patches; health beauty sun skin care
4122379b618b391c644249b86e69a50b,cheesy cauliflower pies; freezer frozen party food snacks
e05987d539486e711be34ab28fa27155,beef dim sims; freezer frozen party food snacks
4821019de906ebaff611c50c0ae47fd9,sensitive laundry liquid; cleaning household laundry
7848c18d6e2ffb0ae501f8e756a1f4db,champagne leg ham; deli chilled meats deli meats
da22ec7b11ecc8235a050f59799cb952,salted caramel liqueur; christmas liquor drinks
54ed779752bbff5d1b4606ad54855909,mini spirit level set;
5a1f70b89e728d0c76006f31fa2a7f30,instant noodles spicy singapore; pantry soups noodles
40f6b7217fe617f1150097b901de1e3a,hair removal cream; health beauty hair removal
d7dffb28e1ab9073b8d1993eac264681,chargrilled tomahawk steak flavoured deli style chips; pantry chips corn chips
3463c5f9699769d8b924d2d85d8ffcde,wax strips; health beauty hair removal
f0074e9814ba4d2589713a958760e83c,oyster sauce; pantry sauces
0bf8a4e20ea42f6107d6b5047990947d,coconut vanilla yogurt; dairy eggs fridge yogurt
ac31c0f01eb7e4b6e08835f60aecc7d6,hair gel; health beauty hair care
e45f245d2e6da2f2d995759dc929b98c,disposable razor; health beauty hair removal
45c304fa3be9856f6a1e79f4616deeed,shave gel silk sensitive; health beauty hair removal
7d085434c15b18df02cfc2ff57b6ad92,coconut natural yogurt; dairy eggs fridge yogurt
4507e9e12a71f7116e889b8e19236af8,screwdriver bit set;
3328b93f692025cee3154eefcdaf5d79,english style leg ham; deli chilled meats deli meats
1f0f2808b804bf11ceaadf6b8f738d93,bbq pork ribs; freezer frozen meat seafood
4d4f5c5fcd8cbab09e6c141c6066988d,dried blueberries; snacks confectionery dried fruits nuts jerky
9fed358958da80458591d69e603d8219,delightful cherry liqueurs; christmas chocolate
522f48193cedcb4acfd8568ca706f898,delightful chocolate mint thins; christmas chocolate
5e91423b6f47baaae0c2a589e03d80d7,truffle brie; dairy eggs fridge cheese
27c0417a4c6c15fc45a648856e9110d7,medley tomatoes; fruits vegetables fresh vegetables
483e6a5a2dad512a2f34d1b6f8c79d8b,cauliflower; freezer frozen fruit vegetables
34ced1a376477c11c3aa649294e24a72,condoms original; health beauty personal care hygiene
9c6bd806513d5184683558ba18f1c1df,silky smooth water based lubricant; health beauty personal care hygiene
9d5a8bbddd84d66b3cbb55cc399f90dd,pork crackling; snacks confectionery chips corn chips
64e28ea8bc4d24fd198771d681c07cd8,barbie snack cake; bakery muffins cakes
d99311d4adc4095e704a87e0395622a6,sweet salty popcorn; pantry chips corn chips
bf291791e12c41ea664bf6da6515b131,butter popcorn; pantry chips corn chips
9ac441be65a0f1286e7d6877ebbbb397,baby broccoli bunch; fruits vegetables fresh vegetables
f440bceec7e976f7bcc067996b0c51a3,microwave butter popcorn; pantry chips corn chips
1db4dfd97b7e667b5e507b0f841de5d1,arborio rice; pantry pasta rice grains
7c09ba3f74be15d60dc8837a21164e84,kitkat; snacks confectionery confectionery
1e9e3648fac15d5811af57190c1a3ce3,lemon pepper chicken; dairy eggs fridge ready eat meals
d19f29ca8cd0c5464a5bcd940b18de3d,blood orange spritz; liquor sparkling champagne
9e090c647e3893c83ef148d09e71fdfe,utopia mini variety; freezer ice cream snacks
8446b3f91412c29bd843c8f09e5fa9ca,portuguese style chicken breast slices; deli chilled meats deli meats
14630af8cfe8eb38e5d96dbc28fee463,cauliflower rice; freezer frozen fruit vegetables
e2c61557484b781e6d6e049ea8260dc4,energy drink white sugar free; drinks sports energy
d7ff89c01565e3d8b6b20302fb087c35,mashed potato; freezer frozen fruit vegetables
45ee8fb6e15766abc56240675cba9130,nerve stimulator device;
d0decb0e779d066b78adfbcb26836048,high protein almond milk; dairy eggs fridge long life milk
710e13fc1462f12f62faa059d25af5d9,light beer; liquor beer
f48d60abad95ab351bcae6bd42b3a81b,prosciutto cotto fungi pizza; limited time
0a3912b5c1dc7aac75213c5c0b73f33f,beef massaman curry; dairy eggs fridge ready eat meals
c76ebc5a200ba4dfe9440cfc0dfc47d7,liquorice chocolate coated bullets; pantry confectionery
a6088e8f2937f5eb2ed0fa4c1ff606a5,grains seeds wholemeal loaf; bakery sliced breads
11fd7889782e8452003d5882784fd37c,beer batter shoestring fries; freezer chips wedges
33d4366fadbbe2c8de398b939c9ad196,sour cream cives flavoured rice cakes; pantry crackers crisp breads
c7fe367b573553211d1076c2d67ee711,sea salt balsamic vinegar flavoured rice cakes; pantry crackers crisp breads
155f65abe5ea57899b130b0167bab428,turkish rolls; bakery speciality breads rolls
b38fdadc788d045099e3b6c8c6e61eb5,mixed berries yoghurt; dairy eggs fridge yogurt
0191e87d116e344c2eb76512489f450a,apple sauce; pantry sauces
0978f5409ba73d212e7847bad04fbe35,potato wedges; freezer chips wedges
1c3f705506a7cce0d659123f190ede87,filo pastry; freezer frozen party food snacks
796eb098ca7637884e0fb953bfbb9945,golden syrup; pantry jams spreads
a8d1055ecdf5e1275f6a8352a6d2c6c2,living herbs dill; fruits vegetables fresh herbs
731235ae43da9e6db5c757d5641f77a9,living herbs chives; fruits vegetables fresh herbs
bc9ffde97a33e09892871ac3bb339b31,aloe vera gel; health beauty sun skin care
b4e64b0285dc77da52f9fcb7d7e860d7,daily defence mineral sunscreen sensitive health beauty sun skin care
a98ac2421acb14a4d010c410395ad75e,mini black bean tacos; freezer frozen party food snacks
35a9ae5bbfbd3b43e96ba6fd6304f0be,tiramisu latte capsules; drinks tea coffee hot chocolate
42bb7c6fbb86ac3bad910ad34378c3ba,fruit salad syrup; pantry canned food
fdfb55819952f055f559da656927110b,hot honey mozzarella chips; freezer frozen party food snacks
8b66e12403554e541a4d07f0cfc3cc2a,spicy mango prawns; freezer frozen meat seafood
0553c84bef77fe60a227a66c4efd11b6,corned beef; pantry canned food
b4811e066854be8f71c82ee6fad70e64,potato gravy bites; freezer frozen party food snacks
d46731f3328ba1d04b4eff361b2ed077,doggy dessert; pets dogs puppy
4ab31a5798f3d72e025d6e64d8861e65,seeded crackers sea salt; pantry crackers crisp breads
16f9be39c0ffd0f0acefe09188a84160,seeded crackers rustic herbs; pantry crackers crisp breads
571c9c307907ecef624c8dca1e96860e,speculoos cremes; pantry biscuit cookies
a1a43054fc1b2d230097c9f2320269b5,original thin brown rice cakes; pantry crackers crisp breads
701e301a6bc1523241d729d6ab3f500f,nasal spray; health beauty first aid medicinal
0df6ed8161e9f034956d45055f7a4a39,energy drink pine lime sugar free; drinks sports energy
d6477237e5bfe59531fcc7146c9e6785,roasted garlic wraps; bakery speciality breads rolls
2194904c065051d446020694bac4ddd5,plat pops banana; freezer ice cream snacks
e954f555c2579ecd7530e596519acd80,sweet potato chips; freezer chips wedges
26792b0ffb12f8a68d3f25e61750f0b3,cough cold flu tablets; health beauty first aid medicinal
40877fe50eb63dbde49c09d184572454,mini sesame milk rolls; bakery speciality breads rolls
b6a290b264d5e03ab31e87816190b2a8,crusty white bread mix; pantry baking
a61be4061360d512361c7da8971176c7,hash browns; freezer chips wedges
951e0c9da81bef50217ea56a59e625d2,diavola pizza; dairy eggs fridge ready eat meals
034e9216594888b333b4c3c56c2e984b,freshly cut watermelon; fruits vegetables fresh fruits
f987137bd2c59f65ff3ad369cb4f210c,hydration sport drink berry burst; drinks sports energy
a0044099009475d4149564e35b256ea8,frozen straight cut chips; freezer chips wedges
a00807837cb09f9207f50d93ab51c167,crinkle cut chips; freezer chips wedges
3b57c647e61ed80de261e27aabdf28e1,french fries; freezer chips wedges
a727fe46a705272d37bd066e04b84dfe,hydration sport drink arctic chill; drinks sports energy
7bb53b6ad64bf799b70bff2230b90e13,antacid tablets; health beauty first aid medicinal
e8200694fbea3282679222ce0fdf0c5a,baby cucumbers; fruits vegetables fresh vegetables
78d76a5d053c35fb5e4d1f1682322df7,aluminium foil; cleaning household kitchen
548075ad8c0c913ce020ac2ecf464810,crusty rolls; bakery speciality breads rolls
954f37ec9f2a77cca2f89bb47418389f,cotton balls; health beauty personal care hygiene
4fa9b9c8c39b770eadf8c464aacf7f35,light lactose free milk; dairy eggs fridge long life milk
117881f5a4c8357d8a805f558c6d1d45,wholemeal loaf; bakery sliced breads
1928c6436c7c1b21f2bb1a932ae86dc7,frozen banana; freezer frozen fruit vegetables
fbab30842917fe9176ce7439b41aa980,peas corn; freezer frozen fruit vegetables
acd261e65ede920b725dd04e84857413,cooking cream; dairy eggs fridge creams custards
15c80b93ae5a22ec42aa4b4d8e2cabae,dry yeast sachets; pantry baking
c993570bfd80aaabcd7cc00e307f91c8,custard powder; pantry baking
92171ed1e55cd614ae926b3c4083992a,classic falafel balls; deli chilled meats vegetarian vegan
4d9824ce76ab6dcf14b7c170dd7c9600,christmas brownies; bakery muffins cakes
950ddd76755a9d40dda18dfeb4403745,resealable sandwich bag; cleaning household kitchen
55ee7a87a40b357642e595f0be346468,meatballs italian style herb sauce; freezer frozen ready meals
72d126579f097878d7d1ca8faa2bd113,hoisin sauce; pantry sauces
53f04af442d50e8cc5a857a77fa62fcb,slider bags; cleaning household kitchen
28345667671d78ee93c747c468b83231,liquid bleach; cleaning household cleaning
5a2a1fdd3be482b8aac7bcb6c78efd4b,glass cleaner; cleaning household cleaning
eee7198cb948875826df89e0c0f691df,extra beer liquor beer
092fc5b90bc3b18122b7265e2b43c970,chai flavoured latte sachets; pantry tea coffee hot chocolate
0b3f70864b5606f6901feb553fe0d9e7,crispetts original crispbread; pantry crackers crisp breads
971dded67d2bd34880fbeddffbdb6652,turkish pide; bakery speciality breads rolls
ae5768c50ee3c288b8c67145bcfb0c5d,rocher tree; pantry confectionery
db6ad1bdc1c51a6881d10a103bbfd1b5,maria biscuits; pantry biscuit cookies
f3e191b07f57953821ca4ba6a09b9f92,sliced ham bone; deli chilled meats deli meats
4cdd5dda69fb603dc2597059ac9c9474,middle bacon rind on; deli chilled meats deli meats
e400d2f836c3ffc4ac1f9a204d0eb2d0,mixed berries protein yogurt pouch; dairy eggs fridge yogurt
e4b85b43dda7ea3bb5625221c67ecd97,vanilla protein yogurt pouch; dairy eggs fridge yogurt
2a75fa274e3679d6560beb1e75d07e45,ceramide cream; health beauty sun skin care
8590e6b2ffee32cbdcd8126fbcabbe71,bath shower cleaner; cleaning household bathroom
5088c480ce9c21eeaf063daf4e17d028,banana yogurt; dairy eggs fridge yogurt
e335210fffcfdf3f5f219ee95633e139,greek style added sugar tropical yogurt pouch; dairy eggs fridge yogurt
8989e2546b8396551ada6a6330c00d53,silver scoop neapolitan; freezer ice cream tubs
3b300652b87e4da50622816cc64f9a5c,radish; fruits vegetables fresh vegetables
b91503455caa9f66d0c76862897a2e00,peas corn carrots; pantry canned food
8207cdbe47f04216b0437dddd23086b7,chocolate peanut florentines; pantry biscuit cookies
38f852be7681b3e062ef639728188676,drain cleaner gel; cleaning household cleaning
a6c645084dc3a6451039827e00a57c25,kids chewable tablet; health beauty first aid medicinal
f872f736ee8c2bc6775cda8ffbf58eff,mint sauce; pantry condiments dressings
7676435c9fa725bcdf7926b612459d43,sesame sea salt grissini; pantry biscuit cookies
da2fe2c9631c68c5aee49b7c588db9fb,rosemary sea salt grissini; pantry biscuit cookies
a206d8b51c0db580050f436109d61382,whole champignons; pantry canned food
5ee45245e8ed6ed199b3bfee9c69d05f,rabbit guinea pig food; pets pets
e1fee4bb1a35c4ff06c286c325b486e5,gluten free sweet potato wraps; bakery speciality breads rolls
787bd6df033332d4a4bdb0b185d45baa,white loaf; bakery sliced breads
3dc8c43e305ee7bf9b1fc755a30eb5a9,gochujang; pantry condiments dressings
92751d7da2a065802397ecd5ea3506b2,gingerbread cookie; pantry biscuit cookies
62f219d49ff4db2aa134127e3beaa914,organic psyllium husk; pantry health foods
beede0ea0e1d48919181847bd6361735,hooroos; pantry cereals muesli
920c25ad87278a422e53bfa0bb1d3213,tonic water; drinks water
3fe797bb57f069afc29b87f37718d640,oven cleaner kit; cleaning household cleaning
5aefb4738f48f0021e59fd7f720fd4cc,free range chicken wing nibbles; meat seafood poultry
e746f33c1c82f34e7381c7ccb56fb72d,cookie cups; pantry biscuit cookies
98ca92a6fbbaddc9db49d07fa8d94a6b,honey soy chicken crinkle cut rice cracker; pantry crackers crisp breads
59f0d2974bd0c8e6b5dbbfb6ddcba79f,damora crisps sweet chilli; limited time
fc6eda2b076d7c6f8fddda43b5753b6d,damora crisps sea salt; limited time
5d40c676900b55af8eaa972f1f5aeb13,fruity rings; pantry cereals muesli
916c349dfc67a5208e4d4f341928e9ca,fish food flakes; pets fish
1eebf84d008c1c730097848228339603,serrano ham; deli chilled meats deli meats
2f90bed977154f217616920e32a96258,camphor; health beauty personal care hygiene
73c14274c08c523ac90d62ae0eb6843e,gingerbread cookie dough; dairy eggs fridge desserts
9230160a5618b8602a153eb48bec60fa,twisted coolers; freezer ice cream snacks
58f737fe87e3f0ea3078d7d6fd8cdfc3,daily intimate wash; health beauty personal care hygiene
dd79bac86a8bed4c49700aed8ec58c7e,ice bag; limited time
b43c811b5a3798d1a073fa9ecb69aa9c,recycled paper cat litter; pets cat kitten
8f02d967f37d657bbe0b590e9f6df12f,organic raw honey; pantry jams spreads
67db3c8595929b4c5a385d238ec11968,beef fillet steak; meat seafood beef
9a49c2ae09add760f47338e8cc72a733,coffee mate; drinks tea coffee hot chocolate
c9ee7a2b27bd0f152dc3cd403120f382,baby capers; pantry canned food
780b1688436683881689afb1ab64a594,corn cobs; freezer frozen fruit vegetables
48e624aba2c9dbbfe1e08f5c2504d997,led fountain light;
d81049a07e4219faa295e443d85b264f,vanilla protein yogurt tub; dairy eggs fridge yogurt
44e6e6a63b1dbda970e6260a5b389fb7,amalfi; liquor sparkling champagne
d0b1dacd4e215b2f43d7c6cbaa02e679,singapore noodles; pantry pasta rice grains
73ec37748d8eec85eaf2d9d623ca475c,free range chicken breast fillets; meat seafood poultry
bb84704c7447dbc55d394177ae313206,free range chicken thigh fillets; meat seafood poultry
0aec8b1199016ddfd832b7b9338e967f,free range chicken tenderloins; meat seafood poultry
99acfee2a27f9039793c126e309d2745,bran sultanas; pantry cereals muesli
45ea71adfa0693886794dca1271f63eb,fruity bursts; pantry cereals muesli
7eee5c64ee8570d70cabf7ea580dbbcf,free range chicken thigh fillet bulk pack; meat seafood poultry
3a7e15a1bcd41b585bb20e779ec595e2,malt vinegar; pantry oils vinegars
3d2426cda474ca0a8277918a0c293b9d,slot car set;
977a077e13b95be89c01dbc2538f4581,fresh hokkien noodles; pantry pasta rice grains
1a62f6391a628951ec84bf3501d8cced,deli selection plate; deli chilled meats deli meats
8b88cebbd4c27d52835ec6e2e7d7180e,free range chicken breast bulk pack; meat seafood poultry
a38f31407cda964384498b924c3e7fd2,vegetarian sausages; deli chilled meats vegetarian vegan
79a1e30f2246fd2ae835208693e0837c,mini brown rice cakes chicken; snacks confectionery biscuit cookies
09b9fc6bf5a6d23b759dbe036ba53c17,mix bix; freezer ice cream snacks
4a43c8796004665709b7623777c2c988,brown rice; pantry pasta rice grains
bbcc308e53c0587fff4a4f62ca046d73,ice cream cup cones; limited time
99ccd348dd5bfa1a307e0343054d06f1,marinara mix; freezer frozen meat seafood
859bfa7fc5c78984b772e9d0501145c0,sparkling cuvee nv; liquor sparkling champagne
fc1c23294d05d67ee20f70e4defc5467,beef wagyu burger; meat seafood beef
40616c941b4d398fa8430779db4c2b33,slow cooked beef ragu; meat seafood beef
1be81e0817d8e71ee56179a4f5c9ae66,espresso ristretto coffee capsules; pantry tea coffee hot chocolate
50e41418a1c4848f254ffca56767b462,water natural spring; drinks water
0ba1b946627e40761001e067cb0fbd23,coca cola classic soft drink multipack drinks soft drinks
8e34a431c57fa9c596ebeee041829b44,coca cola zero sugar soft drink multipack drinks soft drinks
6b59660f6a2b2ac972c3cc1096ea179c,pepsi max drinks soft drinks
dafde49fabb2a8fbfb781012f5700bb7,salted popcorn multipack; pantry chips corn chips
752d8d160adcfcdf9321546f8fa9d68c,corn chips cheese extreme; pantry chips corn chips
fce6cc0323cfcb628862836cab1e2d6d,corn chips toasted; pantry chips corn chips
fed642c78e2a7103a3e3a18895f5228b,corn chips nacho cheese; pantry chips corn chips
82bec7c39a760da0330c3364e511e7ce,bananas; pantry confectionery
1f5c4fc4b3f76f0aa3177557a3444cbb,diet ginger beer drinks soft drinks
516511ffb6c76a504583dea0827ebaad,original ginger beer drinks soft drinks
d77a4feaaaf39140debb0701adda06da,jim beam cola; liquor premixed
69606e70906016ce2156ca0e350070f4,coke zero sugar; drinks soft drinks
5d2c290d3f88a19b365addb0055ebac8,american whiskey cola; christmas liquor drinks
7cfee36d3a6c2ddf8c0ce7f5093b4fbe,coke classic; drinks soft drinks
01c9eeca399fba21bf4d0c56079be3c4,lemon lime bitters drinks soft drinks
a6b6dbd7d86f9a639489d043215499bf,sugar cola soft drink drinks soft drinks
88f70ba4b9ca690a8f3fd8fddb91232e,cola soft drink drinks soft drinks
f53946789f75be31e411c313dceafcb3,apple cider liquor cider
db2858824c47eae1ceb120fde1264559,watermelon vodka crush liquor premixed
40a8d13fe6eabfa94f28f79f2a6965ed,energy drink drinks sports energy
6d03b61d470c52bc78963ad5c980e4d3,guava vodka crush liquor premixed
d3c851c9c76908343e3a0d159b0c2db0,lemon lime vodka crush liquor premixed
89d11135f5d1e5a06302587dc7537a03,variety pack; drinks soft drinks
4f0e779b713c597cabe68011ed379bb7,mango passionfruit kombucha drinks iced tea kombucha
bffd5de4610b10de86fab60848e45966,espresso supremo coffee capsules; pantry tea coffee hot chocolate
77bea5c86d1a63e2603091d48ba87d24,lungo crema coffee capsules; pantry tea coffee hot chocolate
aa72094741a1c9ee670cf4f456c90b4c,drinks sports energy
5242e5f859e589995ef3110e52120f77,red lentils; pantry health foods
9968ede5db459507fc7faa7815bed42e,apricot delights; pantry dried fruits nuts jerky
5f18d000449dea6915db44d086276459,glaze bake ham; deli chilled meats deli meats
dd7e69d88624fd3b9e18fa110f902668,fruits chewy lollies bag; snacks confectionery confectionery
9558479ca733e7d6df8eb43b905019be,roasted salted sunflower seeds; pantry health foods
88da5d31fda5cbf3d5eaacfcddbd16f2,organic tomato paste; pantry canned food
f090497d4ac0984c8f94a3c67543e560,italian diced tomatoes basil oregano; pantry canned food
3746095afab5eb84dd5f3608c238fb00,bean sprouts; fruits vegetables prepared vegetables
6976d674f6e4aab35bfe89ea1f9b953f,beauty cream cleansing bar; health beauty sun skin care
e04097c6f854eee73757f3c26e366f86,yarra valley pinot noir; liquor red wine
47ceafd3a8de406c14d0fcc58a99a30c,mini vanilla cupcakes buttercream; bakery muffins cakes
5ab4fb5c8dce4df065c579e9b208f8d7,sultanas; pantry dried fruits nuts jerky
09c2374694e08aabb2a22fae4dd601dc,long capsicums each; fruits vegetables fresh vegetables
152bafb8af70538e5ef4b7048ded89d7,smoked havarti; dairy eggs fridge cheese
e305d7ed275d915a03f63111783a07fc,milk chocolate balls; snacks confectionery confectionery
dfcfd65f34f2dbdcf41b2d4fd00d55c6,triple cream blue cheese; dairy eggs fridge cheese
b939c70edbbca600f0456653607f1630,spiced ginger beer; drinks soft drinks
bfe4cdb0956232ec45be231321b950b9,heathcote shiraz; liquor red wine
a9b88ee44fc35fbde2ed625884e7c617,coke zero sugar drinks soft drinks
f0f2b11fbe1879c386e204b68c4cde71,fresh fast stir fry; fruits vegetables salads
b00d793f2fb1a125219957e065bc2e1c,delle venezie pinot grigio; liquor white wine
f7936057cd8aa021f70f4916ba37d8f9,organic corn chips; pantry chips corn chips
d32d4e512dd1ed5fb0b6f58544c596c5,tortilla strips white corn; pantry chips corn chips
c4d06071ba6fc574cb3c05778bf44088,apple raspberry drink; drinks juices cordials
84cf033bb1ed683f66780598ed456d8a,tropical drink; drinks juices cordials
994ba8d580dfa528ab22177dc04c74d7,almond spread; pantry jams spreads
759586affd3e9b1fdee10f43661716bf,chicken franks; meat seafood sausage
b0b755576ae8325b6218565148eab8b2,pralines; pantry confectionery
a4b1c4c8fc185504bf77aa3d91626eb8,dippits cheddar cheese crackers; pantry crackers crisp breads
4588cf84c66037e833d50576e07938c3,pizza dough; dairy eggs fridge ready eat meals
a9e1ab3793efed0d46bdb0e78aca232f,dried fruit platter; pantry dried fruits nuts jerky
67176929c03f4ac6bd65231639f53f7b,chicken wrapped rawhide sticks; pets dogs puppy
c65da585db18b238aa5b759e788eda15,dried apple slices; pantry dried fruits nuts jerky
be754ef2864631d457993d00c39027e5,grains wholegrain chips; pantry health foods
56722a5bc2a05998a3c2fb7a5715ea0d,lamb mince; meat seafood lamb
6ec41170a8f8a2c97e5550d222212772,atlantic salmon fillets; meat seafood seafood
aa0116832c8211afc975fa00b95ec6c9,dentitex advanced whitening toothpaste; health beauty dental care
46ca4ce67e107ca1b7334f996bd0ff97,uncrystallised ginger; pantry dried fruits nuts jerky
c0e654f5b118bcecea6ad62b11c6c725,vodka soda double lemon; liquor premixed
add97b3392f38b9a796cf4c453c905f9,classic dry craft gin; liquor spirits
be9b8a8a8288a6e6a286ef57e1bbce05,premium burger buns; bakery speciality breads rolls
851b1374190f7c6a0685961d0c97e835,pork beef spaghetti meatballs; dairy eggs fridge ready eat meals
f0d7b1f45ed9f417d1dc270baf8f40c9,brussels sprouts; freezer frozen fruit vegetables
5220cade6f17f35484ed523a4a546268,fusilli spirals; pantry pasta rice grains
a47275a119d11156d692ea76dda7eee1,linguine; pantry pasta rice grains
91dd08c314e4f0508dce25a4110da83e,rigatoni pasta; pantry pasta rice grains
e714cfe0baf04342e5a0fb3de705d0ce,thai chilli lime extra crunch flavoured deli style potato chips; pantry chips corn chips
5a9698f188f1d5f48fe06b88d04a1b08,crushed garlic; pantry herbs spices
5178bd939e191cdc627d9972772e5487,aussie classics; freezer ice cream snacks
82889e85dabad6029f917c0fe77283fd,bites banana; freezer ice cream snacks
da53f3c4be2ae634f7a15249384aa383,bravo apples; fruits vegetables fresh fruits
9bfd8c3e5cd6aeab982a5ab9d75bd561,peach sliced juice; pantry canned food
085f93f95e1ecfaec4652e8ce299a94a,beef porterhouse steak garlic herb butter; meat seafood beef
fa213bcb35e7f549f0567ace15862b17,brazil coffee pods; pantry tea coffee hot chocolate
f812993f19d8d2d4f3d87b252643ccb4,free range chicken drumsticks; meat seafood poultry
99e9d36c2338a4378ac35091f40a4967,mixed blossom honey; pantry jams spreads
7f82e8f12b28508aa7477fec153216a0,free range fresh whole chicken; meat seafood poultry
312a647d7341d57ee22fdefc0e898159,beef lasagne; dairy eggs fridge ready eat meals
f88830ab3a259256332b51819239ebe9,hazelnut cremes; pantry biscuit cookies
c695889499189335c9490bb1001ad3ea,caesar salad bagged; fruits vegetables salads
50d9d9aaf5c090a0757e08e9178848e7,streaky bacon maple flavoured; deli chilled meats deli meats
df3e39f1ecc573e31a23a6bb472f734c,milk frother; pantry tea coffee hot chocolate
90b3197e7cfeb50dd5214b68617fba8e,peanut milk chocolate snack share bag; snacks confectionery confectionery
a6833d5f0d20c9eeaa68a772df2e5efc,american whisky; liquor spirits
8879ff01b393d5ba97e82c430f8b42ab,deluxe prawn selection; freezer frozen meat seafood
b629b3885e4aa8a83710d2d773b46a07,butter beans; pantry canned food
5427d42537bd017473e68827ef6c053d,caesar salad bowl; fruits vegetables salads
3f1e71c520a165fb055bd53863bcea32,chocolate liquid breakfast drinks flavoured milk
818a2bf27cc35a949001ca2f924e9e07,belgian style mini waffles; bakery muffins cakes
c28217ef50005d7b408285327bf228dc,reserve central otago pinot noir; liquor red wine
956748a9f7a6d2d14b45d618c38305e4,boneless pork shoulder roast; meat seafood pork
ba2cb9a0967a5269019263f935ee2b80,spaghetti bolognese; dairy eggs fridge ready eat meals
ac42c347c5b15ad53852e29c872886d6,honey soy chicken dumplings; freezer frozen party food snacks
5c78999f6e0e1ae1bebcd671e24063b4,stone baked bbq chicken bacon pizza; dairy eggs fridge ready eat meals
043130d9dde2f5ac2df0ed017b547c86,aloe vera facial tissues; cleaning household toilet paper tissues paper towels
13ec26c813de1ca39bfeb9198674ee6b,protein pancakes; bakery muffins cakes
60b6e9c1684d01b93369a765fd3a5c18,plat pops chocolate; freezer ice cream snacks
8d984504240805d36b5c562a54958717,plat pops rainbow; freezer ice cream snacks
d475151bab28dc13ec601e97214afc47,cheese chive dip; deli chilled meats dips spreads
46680dbfdb0ca8878362e0ba3f3f150f,vanilla liquid breakfast drinks flavoured milk
30ce074dde8b81efb2396edebbe27dc9,milo cereal; pantry cereals muesli
d3a2dc0b1afe6f1ea9309c3f77104136,choco pillows; pantry cereals muesli
4c280861959c02557ff31aa761c79297,corn flakes; pantry cereals muesli
56d62cda745fe8cc8d340c2e1c33942e,cat food jumbo pack; pets cat kitten
6bd2eb5f8b0bff348fe791c4d58c7267,fresh cooked aussie tiger prawns; meat seafood seafood
27974651401ebf7269a32864a5aafa3c,kaleslaw salad kit; fruits vegetables salads
1fc88b4612701b79b253a3400e3824b9,tasty mix chips; pantry chips corn chips
bb48e15a02ec8b49e9d7c3dc94d71d85,rspca approved chicken patties; meat seafood poultry
5a328c586b65c1d82556305f96ea2f4f,mini rice cakes cheese; pantry crackers crisp breads
65e94573f5cb7b242a86af3976343872,cocktail frankfurts; pantry canned food
f59eafdd0ba8a87839f9939647974223,golf putting mat;
4b3cf0665613dbabd5688f6c2136806a,strawberries; freezer frozen fruit vegetables
4ee9da2569ddad7a163b2636d134cc82,free range lightly smoked ham portion; deli chilled meats deli meats
04648a44bf5ec8bf7e590dadef160acb,cat food grilled collection poulty seafood gravy; pets cat kitten
8b83aaf00b60a538f73fff15b09c0b8e,premium lobster tails garlic butter glaze; freezer frozen meat seafood
1ed4d957cc39d997994a1496fd32e523,whole australian turkey; freezer frozen meat seafood
466fe8ba574f956fe17be16af06d564d,turducken roast; freezer frozen meat seafood
7b8c51163ef7dd1cd4f91d114e6a1cf7,australian turkey breast roast; freezer frozen meat seafood
88a94afa5f81ab247ee3f5e0574ede95,beans; fruits vegetables fresh vegetables
c0be5637d4a3b65cc56668f1ae792c25,double time; pantry confectionery
467fd95ec7128c6f11c27d48b134b3b0,wheat biscuits value pack; pantry cereals muesli
d659f3bef767945ff3f4ac9d36c71796,rspca approved chicken burger bulk pack; meat seafood poultry
38087e7f9b43ba034ea9ebb622002c78,coconut cookies; pantry biscuit cookies
71ef2dac92a68bacd1aa4529c0df13ab,milky sticks; pets dogs puppy
fc0cb87520fc6fe826c7467484211c25,spicy chicken noodles; pantry soups noodles
19d1b7758c041538c592577835c142f2,southern blue whiting fillets classic crumb; freezer frozen meat seafood
22ca9d330e092e1e8b20a4cc6cba8854,sesame wheat; pantry crackers crisp breads
8c900a4bc8ecaca7acd3b0fce2d79bfd,creamed corn; pantry canned food
d1d90c2bc3aaed45dd3f9f9104d1c1cb,beef noodles; pantry soups noodles
f1e66bff684d3a01b5dfc8d0c6766b5d,chicken noodles; pantry soups noodles
51c2b255ba8434ac28f0436074ba5347,honey soy chicken flavoured deli style potato chips; pantry chips corn chips
17502001a098b64016ffb3420c66fa43,sea salt balsamic vinegar flavoured deli style potato chips; pantry chips corn chips
e04645d497e8b6d84bba11b16ae6af2b,sea salt flavoured deli style potato chips; pantry chips corn chips
5f5feb790a637ad8679bdce13169f028,truffle olive oil flavoured deli style potato chips; pantry chips corn chips
ada0bc8266a6334847a6f58cc734f062,chilli flavoured deli style potato chips; pantry chips corn chips
3df561c506e8827cadec10b36dcc8077,sweet chilli sour cream flavoured deli style potato chips; pantry chips corn chips
eeed77c9ad5b17b25c057f28f6c33b8d,chicken tikka pita kit; meat seafood poultry
43599717c73dfb84fb48e4482a739343,chicken pad thai kit; dairy eggs fridge meal kits
24ae35068e2c23b23a956b1dbdaf51e2,lamb koftas; meat seafood lamb
4db57e5e94f66c296fdffc190fd5372d,condensed tomato soup; pantry soups noodles
78a3af897cc28a73d17db89308dcd798,chocolate milk; drinks flavoured milk
b50e48e148f4269ad97a7a30d098dd4e,almond flour; pantry health foods
becfd072c5053e45aeb27bc7f887fb17,lasagne pasta sheets; pantry pasta rice grains
0a90452d9dcff29e3333b97eed1af784,rspca approved chicken cheese schnitzel; meat seafood poultry
ec2f2e09dfbd9ebd25a72724ead525ac,atlantic salmon side tuscan style herb crust; freezer frozen meat seafood
9f1df9a91693d654dd5d47439026ce01,purpose seasoning; pantry herbs spices
96a52a8ea45e63a3696bc9c185d7c80b,moroccan seasoning; pantry herbs spices
23a9b0adac4740287b50e89e64fd0a20,french onion dip; deli chilled meats dips spreads
3c006220cd525bb4712dd2941709ac51,green juice; drinks juices cordials
a8189c9a7f73f07cbd29df0c30b6573d,mascarpone; dairy eggs fridge cheese
4bcdb361a8d87696a453ed66e07d0cfc,australian tiger prawns; freezer frozen meat seafood
33a342e310d7b18040ca8690aa052eff,sweet chilli sauce; pantry condiments dressings
75b1683ff4e6a8150b4538b0ad61ea0c,heineken lager;
8ceb89de3517075a8c1f913b096fbaf8,butter croissants; bakery muffins cakes
6840da767d753d9d41c930bd5e4a8840,titan; pantry confectionery
18bb7c7e82d419c3efa6492cb6a8775d,portuguese tarts; freezer frozen desserts
78863454911a2787679ef3a8ca57eb4a,lactose free greek style yogurt; dairy eggs fridge yogurt
3c6950b56ab90fd421ff94f0d1add455,sushi rice; pantry pasta rice grains
40a8464ef4416267e5e11f87f85b4d99,strong hold hair spray; health beauty hair care
fa5444f858aab0bc2f86e86ed4a54cd5,cotton tips; health beauty sun skin care
f2700604e18960d333d79baad589b337,makeup rounds; health beauty personal care hygiene
a648035375d2b9a46c91e0cdcbf299ba,nori seaweed sheets; pantry health foods
75f7b5550d5cb559b94145457f8af070,vietnamese rice paper; pantry pasta rice grains
f4896115f4e7468337aef02466a6e6b0,irish whiskey; liquor spirits
f6a2a53bb6b454e266c5aece26e42b8a,milk buns; bakery speciality breads rolls
bbf2f330d3566e86cffee222061aad10,choc hazelnut spread; pantry jams spreads
ca829ae3da5f3b97e3d353fa9e6fe7fc,passionfruit mini cans; drinks soft drinks
0df91129b8835bf11e5ddceb6f47842b,nutri grain breakfast cereal; pantry cereals muesli
061d490bfec33b1c80cb6c60e12bcb08,high protein buns; bakery speciality breads rolls
f0e64efd7fc6768f73ae393c21c6fb5b,fresh australian barramundi fillets; meat seafood seafood
186def87f354bfb9722817db9cf86a5b,stuffed turkey breast roast cranberry apple; freezer frozen meat seafood
3a4729f2bc7591af412349c5bc59da4e,sensitive total caretoothpaste; health beauty dental care
e99b54c2b0098c84249f6bf9a5eb78c5,natural fine wafer crackers; pantry crackers crisp breads
7b04ff75d835f1be9652d06ae976f1d1,pepper chive fine wafer crackers; pantry crackers crisp breads
a762fa75a4ea42ad2bc4866dba6de572,beef stir fry; meat seafood beef
3f3c6bc17bea7ec7502538fee4637ef3,marinated bbq roast beef; meat seafood beef
ee0e664457925ed6cf2ffea141f3fa2c,beef koftas; meat seafood beef
8459fc8003b4055b7fc3aa959b3525ba,sugar free hot chocolate sachets; pantry tea coffee hot chocolate
054a5c2cd951e819c90711b52904f0a0,gluten free shortbread cream biscuits; pantry biscuit cookies
ac2e96db7e0f3515308d767d95d322e2,southern style rspca approved chicken thigh fillet burger; meat seafood poultry
d850b1d3de49988a775c3ebb23ed39d5,parmesan proscuitto flavoured deli style potato chips pantry chips corn chips
218f492fd1c1e03e98bafc600984d43e,bay leaves; pantry herbs spices
dbab0d338a9c5b75ff8a397edf06e391,thin crispy pizza base; bakery speciality breads rolls
35e10be2a16e993a9acc38529c3231a8,cookies creme biscuits; pantry biscuit cookies
7ed7f41d65124e850d7929f22e3665bb,cut watermelon loose; fruits vegetables fresh fruits
4440173a51fcd6364a29b4b421efcb7b,brown sugar; pantry baking
1e1aeec2e5a7f37ae26bae11e32adb88,french stick; bakery speciality breads rolls
707dffe782f599bd8c748472b95fa259,garlic naan; bakery speciality breads rolls
a12ef48c628f3fcde6622f68ff25fcb5,anchovy fillets oil; pantry canned food
ca3749845c0feb94d6016ed5a3254272,dishwasher rinse aid; cleaning household kitchen
fdfb933b31570a26d2c22efb1f8fc21d,dishwasher cleaner; cleaning household kitchen
c06f727f37939c2551eb95eaa4faa094,choco rice cereal; pantry cereals muesli
4f26d79fa6e3c4320a844c6f9956beb0,breakfast bubbles; pantry cereals muesli
cefc056e9b2eb395c19c86f3f5600c2e,laundry capsules; cleaning household laundry
7d91d875c8f78b3b9481c06edbd79513,parsley flakes; pantry herbs spices
047844fa81949c60613cd4da73cc93a5,mashed potato; fruits vegetables prepared vegetables
d4470a488593af301b3d0b2d0a87444f,month matured christmas pudding; bakery muffins cakes
c4b77cc50132e7c7f19f032ddc4ce69c,crispy fried noodles; limited time
4506d5e47d1572bbadc2ba172828086f,thick facial tissues; cleaning household toilet paper tissues paper towels
5c4c32e3b612bdbe6e0577efee3b6905,mousse biscoff spread; dairy eggs fridge desserts
8ddcac41e77caace914df952ef79b15c,croissant prawn puffs; freezer frozen meat seafood
6d11832e08fa10a3fd405ec97c459b3e,garlic herb butterflied prawns; freezer frozen meat seafood
9a530d48dbfba6ffde9ed44068ebc188,barbecue seasoning; pantry herbs spices
3e597ab20d83c4bfde7f9ff15530daa4,paprika smoked; pantry herbs spices
fc0c8462a4a137c6b8c28bfc80e15011,coriander seeds ground; pantry herbs spices
4348b3787dfb076c6c66770e752ce882,salmon wellington cheese dill sauce; freezer frozen meat seafood
1f5a6c20cd224001d55d137b7375c345,nutmeg ground; pantry herbs spices
52e4e185da8e9016ae14e0020a6dd598,premium extra maple bacon scallops; freezer frozen meat seafood
606eccffcff0fa2185277387f020f15e,cocktail onions; deli chilled meats antipasto
ec6d2a33e25cc17effa322838f3ff95d,sanz crackers; pantry crackers crisp breads
44cb830e336dccc12df7baadcfb7e180,gluten free scotch finger biscuits; pantry biscuit cookies
06fc6a1335ea1c734a41d398846e8f0b,lager liquor beer
b85a5ea80a6de3b04623dfef78d98a4a,roasted salted cashews; pantry dried fruits nuts jerky
afb94cdb74c55d4837f5b4ccac0ac88f,pork sausages; meat seafood pork
bc2c96472c535c52030de94dec2becbe,thin sausages; meat seafood sausage
288aca172570961ff59a2f41cf5d03c2,gummi advent calendar; pantry confectionery
d7223ec33537f50f5ee639b08214486b,honey beef sausages; meat seafood beef
07110fb14d8124807daf1d6988c41d17,vegetable garden bed;
e8bc439874be15735c3e14cdd5d547f9,turmeric ground; pantry herbs spices
c194a2a5010e20c3decbe44ec324d4e1,paprika ground; pantry herbs spices
c14877b25e8d5f4b98aa690fb5c29bf2,thyme leaves; pantry herbs spices
d5f93a723691de179cb4cfa3c0a33993,sesame seeds; pantry herbs spices
9de4be037d7be55567059aad1e4b19fe,rosemary leaves; pantry herbs spices
1522f74577356598c82dcc9653cbb5fe,ground ginger; pantry herbs spices
1ec0f387038663060c7fc7a8c4826f9b,oregano leaves; pantry herbs spices
2a34eb13842f1c6693565559586fcea0,onion powder; pantry herbs spices
ef9f32c1dad3e87113dc39ab30ecf543,mixed herbs; pantry herbs spices
3df88e19037278acb069bf048b48b053,italian herbs; pantry herbs spices
e70cdacbe9d65cd408bdbdc3c0de6804,chicken flavoured salt; pantry herbs spices
a69ced62d997317256db00c5c944442f,ground garlic; pantry herbs spices
52a66711c642d1cd37918723bc1279d5,cumin ground; pantry herbs spices
c799a599f050f93c58991b10dff58dbf,cinnamon ground; pantry herbs spices
50405c29f394221a48552183e44e7b4a,garlic salt; pantry herbs spices
79e0b5a5034748b37b4c2af2d422bf56,chilli ground; pantry herbs spices
4d7fa31f4eb4c32413c74a768f868150,chilli flakes; pantry herbs spices
d27bcc2bbc11fd372ed95744e04574df,organic decaffeinated ground coffee; drinks tea coffee hot chocolate
fd23ce55ccefcd6012f0587e109640b1,roasted salted macadamias; pantry health foods
bbc2e5b1a139013d4cc37ede96353c25,natural macadamias; pantry health foods
157f8b5779f0d205c71ca8b8999230f3,solo; drinks soft drinks
e554a5b2b1450144f2b5d8dd66641905,nintendo mario kart slot car set;
c6919145734f21744574363f5adff0d7,mixed biscuit tray; snacks confectionery biscuit cookies
a05dc33296af5c532a61929db5541046,passionfruit protein yogurt; dairy eggs fridge yogurt
efdeb3d37187aa6b829bbafabf9427a9,triple choc cookies; bakery muffins cakes
d285d12a1cd92c604ac39adf008e433b,mini choc chip muffins; bakery muffins cakes
cb12a2127eab8f86bd0f3ed4e0f1826b,olive oil; pantry oils vinegars
93971afb622483b9869a3d193c3dbee6,extra virgin olive oil; pantry oils vinegars
d9293d17ef097a593ff7652f83d6d659,mediterranean extra virgin olive oil; pantry oils vinegars
ed0784061a5ad87154e5328bac0ccd0f,bean boozled spinner giftbox; pantry confectionery
71163e72ff0dabd646aa872b6c1913b0,carbon steel roaster rack; christmas kitchen tableware
ef4351f56959b3f3437e1146e8328633,telfast health beauty first aid medicinal
0a5fdf864faaa9730cc7d2a120439561,durif; liquor red wine
be8557710387705544eef5f2190fe3c0,grass fed ghee butter; pantry baking
528cca0ba44251c5afb56c7681a34f6a,banana bread mix; pantry baking
882cb35a3870b2dffc46050b5887a36d,prosciutto di parma; deli chilled meats deli meats
a42ca75746e518a8ba078035d2fdd797,korean seaweed snack; snacks confectionery chips corn chips
a8a59cc5fc5811e2ea65ede8df2665e9,iced christmas cake; bakery muffins cakes
71fdf7ace8cc1fa7045fdaa5cc3cb3ea,tomato juice; drinks juices cordials
a99c1beee5ceefab5739e1079eac1989,dairy milk chocolate bar; snacks confectionery confectionery
2dafaa1669d4fa350ceaed487a8b8dc0,german beer tasting pack; christmas liquor drinks
14a9ca7178dcc8e579c485038581ab0f,green goddess salad mini kit; fruits vegetables salads
900143bb796415f7e1faf58b06eb451d,vanilla fudge brownie ice cream; freezer ice cream snacks
f6fb878b97b57a922a309ff753479766,asian style salad kit mini; fruits vegetables salads
c0326a706e6570cdcfffe22c5182ce95,mini pappadums plain; pantry chips corn chips
f0a45c9e23bddee24aea32e53db97c6c,laundry liquid; cleaning household laundry
6f7741e626a2d888e47c1d423d5757cd,strawberry milk; drinks flavoured milk
eafb88988239e34130ced1a8c5756c56,laundry powder; cleaning household laundry
70a6de6067ba85a35a18b3f8e294e16a,dare espresso; drinks tea coffee hot chocolate
f8743d21cedb64eafca6146d41145993,layer nacho dip; deli chilled meats dips spreads
b1aa79f9bd4f9cf7eecbba74dbe16a18,vanilla flavoured cake mix; pantry baking
2e9c92559400171efcc2aa24342699ff,gold label bourbon; liquor spirits
7e293a7fcf062d2d50fbe8a7ee0a740b,lime mojito; liquor premixed
30caa5b924f94d15d6d8dc2aae74e42b,vanilla bean gourmet ice cream; freezer ice cream tubs
2bce5e585e24f1e2211ec20bf166b520,white chocolate raspberry ice cream; freezer ice cream tubs
ce7785f08efac351e63ee9f4b5092bd5,yellowfin tuna chunks oil; pantry canned food
65e27b84d6b70bad1f4e10dc8318ba9a,crinkle cut potato chips chicken; pantry chips corn chips
c6992340ba4b7da5e58263636f0f9232,crinkle cut original potato chips; pantry chips corn chips
49c09f7ceec273b9036073ada1201443,thin cut chips original; pantry chips corn chips
9256f663c2f8ce140bdcb9ef9daa47c4,coffee capsule machine; drinks tea coffee hot chocolate
8d2164fb45f6dff5e405bf53ba09114e,dog treat chicken tenders; pets dogs puppy
5b2ecfb8768cb4f17ca7705ccf87cfa5,pink lady apple juice; drinks juices cordials
0bbcf514147dc59f7c45b50c7a3bd707,ham steaks; deli chilled meats deli meats
719d5e80ac731df7d23c2302635b0b35,poultry beef grilled collection cat food; pets cat kitten
53690a39f2fb8b8db8c13ebdca8c1f7e,infused beef brisket; meat seafood beef
c44e1edafa3c9d67ed742f2c8db7c426,breakfast juice; drinks juices cordials
5b5c2a7b77ab713d8149c30f9b4ae848,lemonade fruit drink; drinks juices cordials
de2e5f1c528d24ce5147b9b11a3bc949,louisiana style chicken breast burgers; freezer frozen ready meals
34704af4c5217f16ff15e929eaab41e2,spicy jalapeno dip; deli chilled meats dips spreads
5607d18ec74304f2bff1636ea233e8fe,lamb shoulder lemon myrtle thyme mint; meat seafood lamb
eaa1b3ffafd2fa5a2883d68fbb26e4d5,california chardonnay; liquor white wine
107d68c0b797c67c36297e105eab4cf5,bakehouse gluten free seeded bread; bakery sliced breads
738fa2f960b205108efe0ada03ed0e30,bakehouse gluten free white bread; bakery sliced breads
abcac5f8063e71d82d10e78f00c98fca,gluten free wholemeal loaf; bakery sliced breads
ab8cbb67b758f93e07c151accb0b42f6,wholemeal rolls; bakery speciality breads rolls
b257eead11ec7906dfcac9da7222f989,red onions; fruits vegetables fresh vegetables
aa9cb640e4c4c888e6a8f9da6b618c95,cheese jalapeno wing nibbles; limited time
b21503e10812c120b492e763eb7222a0,salami cheese crackers; deli chilled meats deli meats
c68c3ac016bc1547f2f9bb0422b67540,lime juice; pantry condiments dressings
d63d68f18b1ce78b6cf92561e7eebca2,lemon juice; pantry condiments dressings
019bd673553657f6ddd2047502b5d5ae,ginger beer liquor premixed
ac1a20376a1d35a7975c5ef530bad3a2,power grain; pantry cereals muesli
685008187617494ca7fe04eddf304604,rosemary garlic roast potatoes; freezer frozen fruit vegetables
8af0a6c1793e1f366b0181794abf8134,columbia coffee capsules; pantry tea coffee hot chocolate
5f3ebd3f8b3315b43d05ca0b45ac740e,vegetable liquid stock; pantry stocks gravy
28a92b3cc5c82ce4d3ad5bd6d883b706,beef liquid stock; pantry stocks gravy
862e0d91490f9c2a12bf235e268998ab,garlic naan bread; dairy eggs fridge ready eat meals
447c52a207d27a6e10e8f50bee236527,peanut butter whiskey; christmas liquor drinks
21b776de5629c8ef5cb17f819bedd461,dog treat baked bones; pets dogs puppy
ab8d66d5fdbc4b05ea3db8d6df6678de,buffalo style glazed chicken wing nibbles; freezer frozen meat seafood
0f0c5bc947f12d2f3547bd5d26318bef,blade razor system kit;
dffdf34387c4c19676aff55e7e486335,black chia seeds; pantry dried fruits nuts jerky
cf8ac49a8f45abaa2366434e8db0834c,espresso coffee capsules; drinks tea coffee hot chocolate
331d087e75437aeae88cf9dccf195c9e,mountain grown coffee capsules; drinks tea coffee hot chocolate
305deb175307c3fd7a9286376129d75c,herb garlic beef sausages; meat seafood sausage
e6855a3109f591e539a4e07afb7bd171,jumbo raw prawn cutlets; meat seafood seafood
d86f983be62e91b3f744b4a747a839f2,sparkling water lime; drinks water
4831f6f7838983f31bfa5cec3d813100,sparkling water passionfruit; drinks water
99c6e377d1fda104aaa92969dba86d74,sparkling water raspberry; drinks water
92d3e9c1c55aaa2403e4be788b43695b,stuffed turkey breast roast onion sage; freezer frozen meat seafood
f589b26d5fba61e839c61b1acbded338,solar pool light thermometer;
24030b59a79522fc13329943a9e9d206,watermelon flavoured soft drink sugar; drinks soft drinks
a0648f709999e2ec1b3c31f13b62ecad,raspberry flavoured soft drink sugar; drinks soft drinks
e385be9e2b81ed8bba99505b08d9077b,passionfruit flavoured soft drink sugar; drinks soft drinks
da8bc493c498041ee52d206ad5c70ab3,insect bomb cleaning household pest control
158bd1f0e8e38f33b614655560e4bbd8,automatic insect control system; cleaning household pest control
44b91c097438abf3e914a78569771561,automatic insect spray refill; cleaning household pest control
730b06dc5f5449b43f864e73e54fdac3,peppermint candy cane flavour share pack; pantry confectionery
c395412c82199e557c6f5526d937a46d,light rye vienna sourdough; bakery speciality breads rolls
1db1db61eccd73996f386348be893136,croccantini milk dark chocolate; christmas biscuits cookies
98336b8317e4eaada045abd26522f16c,monastrell; liquor red wine
cb0206f1df7fb3f5ec6a37fd3aa5e239,mini digestives; pantry biscuit cookies
e463d722f4d9917611cedff0166608b1,florentines; christmas biscuits cookies
e92cb1843f9f2b556da3f45074425217,crunchy corn taco shells; pantry chips corn chips
c439789da9776dc246d4330a0d5c8e1e,beef bresaola sliced; deli chilled meats deli meats
25d2e9d7ff86e4e98d21b5cf6ab044f7,sour advent calendar; pantry confectionery
690bdb7f43c7787824f9a7b21312b931,gourmet biscuit selection; christmas biscuits cookies
5de5865e8c4b441edd917b3763cc95e5,vanilla bean ice cream; freezer ice cream tubs
c6f5492c8b9f176b008f403e5f8993e5,bowties pasta; pantry pasta rice grains
c28e251d3667b68adff13577c50b5f50,jatz original crackers value pack; pantry crackers crisp breads
b5a881946ff7104a65b12751fa830b36,peas carrots super sweet corn; freezer frozen fruit vegetables
dd07c746469f436ab2aad8cf8020cd0e,red seedless grapes loose; fruits vegetables fresh fruits
22f68b25243035de4b404ac72420ed7f,lemon each; fruits vegetables fresh fruits
e56c514a7471f488a7f2fa7effecb939,le recycle; front store shopping token
dd1bef4c8327aeb6f4b55dc06e67cb05,grana padano wedge; dairy eggs fridge cheese
705fd36f9ffff88391dd7971b377c015,grana padano grated cheese; dairy eggs fridge cheese
c3f5bd3c5445f7eca5d4cba4544ad3f4,grana padano flaked; dairy eggs fridge cheese
e837f07da4f8f2653849f4fff987d0c7,tea cup bags; pantry tea coffee hot chocolate
45e83a83f8713dd616ac711701ca7594,pure maple syrup; pantry jams spreads
7b2d08c4e4356fd474a4346b7d0a6775,potato bake; freezer frozen fruit vegetables
9d652bb1dad341757d69200d0e2f2cdf,pitted dates; pantry dried fruits nuts jerky
4eab15736d611a5071a174f966a29153,garden peas; freezer frozen fruit vegetables
b647fe8df1bfae3f7865b9a44d3143c2,dried turkish apricots; pantry dried fruits nuts jerky
f1ed28a41fb71fd9996d635a2a4eeacb,mixed vegetables; freezer frozen fruit vegetables
95d14f69ad9fd7f7635bcdc08a2a905e,sweetened dried cranberries; pantry dried fruits nuts jerky
c1553ee65092468d66981c7c64918a86,weet bix; pantry cereals muesli
a59e6538e6560e6e49b105759d19621d,bourbon; liquor spirits
1f72164b67857021617d65c9a6d9ddf7,soft dry red cask; liquor red wine
deb5818a64d61f02a473f75fd00b0b90,fresh dry white cask; liquor white wine
22b954d26a35037b631fe16b37a63330,soft fruity white cask; liquor white wine
d2ed1e2f56734555e19548c940141a0c,silver scoop creamy vanilla; freezer ice cream tubs
3f08b1a8539b832b183389cec843a794,player barossa shiraz; liquor red wine
aaa3bcd898bc66d00996ae1f632e4148,deli style flavoured potato chips; pantry chips corn chips
641750a4bb56f58c4b941dda0a3e796b,drizzle stars; christmas biscuits cookies
89563f367e41a018871168f11fc46ba6,quadruple distilled vodka; liquor spirits
7e517fa20bcdeaa5bdb4938108e08dac,fish fingers; freezer frozen meat seafood
32e75d7faa84bd92713177839a5918af,blue ribbon classic vanilla; freezer ice cream tubs
3a9036fbe909145331e4dc7be8de4165,sugar cola soft drink; drinks soft drinks
47cf315719fe2e9020d339b88477e503,super crunch chips; freezer chips wedges
42693ad10a071e6c09a16e52d19b47fb,coke coca cola soft drink; drinks soft drinks
7999ad22c342fd925885a8d0f66a22de,mi goreng noodles; pantry soups noodles
f1fe74b02ef8afa11481dc6c2ab3419b,beer batter steak cut chips; freezer chips wedges
633446f4d238c0ad9839a00976a3f145,green beans; freezer frozen fruit vegetables
48f1aabe448d904b201b46d3f53a62e1,winter vegetables; freezer frozen fruit vegetables
3780bac2ad9bff16e87d26ed920242f5,italian mineral water; drinks water
52c536a61efd665b251d9733af432516,pink moscato; liquor rose
0228bdced5f1ec784df6903d0621fc35,spiced cookies; christmas biscuits cookies
7284a9406c941d6a862d45bf8e8a23ed,gorgonzola dolce cheese; dairy eggs fridge cheese
2d81e1adf12941515db12e97b948b393,raw prawn cutlets; freezer frozen meat seafood
8b14b7b3f227cb51eb39de8526068689,decaffeinated instant coffee; drinks tea coffee hot chocolate
6dbb7e7be1c677744590e0f57c66d1f3,whole baby beetroot; pantry canned food
f93f94c0e4883eb23adeab144cbc3c32,cooked peeled prawn cutlets; freezer frozen meat seafood
45088b837275710845e2956bb65ad0e2,stir fry vegetables; freezer frozen fruit vegetables
f9b6f6f9c6e7db6f376bd1fd0212ae27,aaa batteries; cleaning household home essentials
499ef9e9a88f4588bf023c39fad60a44,batteries; cleaning household home essentials
2261a7d891af539f898252bd50c7e24d,prosecco rose doc millesimato; liquor sparkling champagne
9a629f6f524a26f2b041cb0559f99d16,aa batteries; cleaning household home essentials
432ac7b8eefd3b06400f7852c7c47769,baby core batteries; cleaning household home essentials
19ea1a30f3a754522da0fd7753741608,champagne brut; liquor sparkling champagne
c04c237a11f514e4400d972e5c645e3d,sliced brioche burger buns sesame seeds; bakery speciality breads rolls
fd818e5512ae5f2a3f039154c8f234e3,sliced brioche burger buns; bakery speciality breads rolls
9d9101c1fc28c453017b887cafe9f80c,brioche hot dog rolls; bakery speciality breads rolls
8f6dc181984dac2f3d9bd863b963d243,bordeaux; liquor red wine
8741b6d016a93d3ec1ba9faa57a727a8,smoked salmon; meat seafood seafood
809cc2d28acd688d3f06969968a41c7c,sparkling wine; liquor sparkling champagne
e916618d27e6486efd77a44e680ecaf5,aroma classic instant coffee; pantry tea coffee hot chocolate
9df05818ec3faefd91359842ff28ccc5,nappies; baby baby nappies wipes
cff78f0a82772b230ac1ef4a47196f0a,maoam joystixx; pantry confectionery
db603bd3675f4757f79d7af2338e6833,atlantic salmon portions; freezer frozen meat seafood
a897e4576cb62910ba8abf1619254e85,prosecco spumante doc; liquor sparkling champagne
bc9c46c456bc41aa6dc9882f53b130a4,goat cheese original; dairy eggs fridge cheese
5c849bf7d017b2b38181c8a47487ef01,maasdam cheese slices; dairy eggs fridge cheese
c8aa7f1c328550334331aef931a6b98e,gouda slices; dairy eggs fridge cheese
9045ccc4a3f579d8dc73729c9e233d41,swiss cheese slices; dairy eggs fridge cheese
a3403931d3886155de2da1c66a3ee74b,goats milk cheese slices; dairy eggs fridge cheese
8afdaa466011be38bc2969de813241ca,havarti slices; dairy eggs fridge cheese
470363ff282ab945358097b2852b1fe4,goat cheese barrel spreadable; dairy eggs fridge cheese
f2bab90431fcb87a8f1f8d5f1fd4ba72,irish cream salted caramel liqueur; liquor spirits
9bf6d9f66f00624eb362657222b0333c,nappies newborn to; baby baby nappies wipes
e21dee81af7d58cb85b8676b20c46dc9,irish country cream; liquor spirits
cc3f6527ab570087993e16463bcf3fee,rioja reserva tempranillo graciano; liquor red wine
2fa6844ce44cd720c7e95d39df614a9a,jaffa cakes; snacks confectionery biscuit cookies
fd828edbf24037f3b5ad94867f30c125,smoked cheese; dairy eggs fridge cheese
9ab824ced1f2878677d21c2fcffb0d1e,smooth blue vein cheese; dairy eggs fridge cheese
074c8ace9995b2f13f586132bb823002,double cream camembert; dairy eggs fridge cheese
36ccf4241d3949080fe8eec7e01482f8,triple cream brie cheese; dairy eggs fridge cheese
9a1b6dbf8916c8edf3956d8c96cf6593,cling wrap; cleaning household kitchen
6fe9163506e4dfbab58c09433f86c8f2,peach slices syrup; pantry canned food
834c0eba617caff80fe7790a0aac5b1f,basa fillets; freezer frozen meat seafood
b5aa4f2f4e1faf79052e6ece730625a7,salt pepper squid; freezer frozen meat seafood
409123c110ffce18e41cfc8a3f1bf87c,crumbed calamari rings; freezer frozen meat seafood
ea1b87d908149aa4248b40765c808ffd,italian diced tomatoes; pantry canned food
9b4568fbf1757a53a6128e53e3f0854a,authentic mayonnaise squeeze; pantry condiments dressings
947881c555e6ac04171d3cec9ccfe80e,irish whiskey; christmas liquor drinks
6e34a9bd16c0d5b10d1626fc2e6446e7,sundried tomato pesto; pantry condiments dressings
564fdf4fa41ee081b1e12122a9d43a18,basil pesto; pantry condiments dressings
6ceb7659759a65291624a012d31b3ae4,diy gingerbread house; pantry biscuit cookies
f3973d8510aaee9b9b6f29bed5bc2f36,diy gingerbread train; pantry biscuit cookies
52e7378051969bcc4930ba89296a0125,marzipan stollen; christmas cakes puddings pies
cbf81173c61fdc7a659f40128d06c99c,jamaica rum kugeln; christmas lollies sweets
f0318a48db75e8f76553adf42f1d6c6f,pfeffernusse soft gingerbread cookies; christmas biscuits cookies
b73732d7adad8217104c6246f8114ea1,soft gingerbread; christmas biscuits cookies
03b643ffc379b289f23265c43f2832b9,pitted prunes; pantry dried fruits nuts jerky
a5b46985ba7dd9c98ad5e24a4ba3600e,danish butter cookies; christmas biscuits cookies
04ad1541b2b0c46f3b49367bfa032fb4,long grain rice; pantry pasta rice grains
4ce57c6bb9efbc8f8fe9b188b12fcee9,basmati rice; pantry pasta rice grains
23d13e09f78dc11696b3ba401af5f12f,jasmine rice; pantry pasta rice grains
22b9d05752e92339c48d9a7036154fa4,pains au chocolat; bakery muffins cakes
55e3fce697bb476ff9135df19fc706da,pure canadian maple syrup; pantry baking
2b562f1eec4d43f3dfda1d5fe406e0e5,baked beans tomato sauce; pantry canned food
6122113b949423864c5bc0426945d6ea,spanish stuffed green olives; deli chilled meats antipasto
9ec2405a3f8ad4ef02b639816e74485f,chocolate chip brioche milk rolls; bakery speciality breads rolls
2883155bec690f76228ec502d52d7b15,sunflower oil; pantry oils vinegars
3b1e189b9006c125b7e7428207bf4541,german holiday selection; christmas chocolate
f025781a35e419322605fe5eaa6f7131,christmas mixed slices; bakery muffins cakes
1059dba1c90baea9d946e71954743025,david williams books;
6bb047ab58d08bedf44f0549ffa3b71e,men grooming kit; christmas gift wrapping gifts
877dc64e7cacff18cc58d214bca4621a,chilli lovers gift pack; pantry sauces
0b849b138f44f5e09dc85a25753a0abe,smokey bbq lovers gift pack; pantry sauces
d9dc29176def0717f0beb33116a0293d,retro cassette player;
0724a825135e76c26d7542a8f1f3e7ff,trio spice pack; pantry herbs spices
9c498050ba23e729396dcdb2331e81d5,passion martini mixer; liquor premixed
9fd1f36cfe9d994a72954def57bc78a5,mojito mixer; liquor premixed
7f1803346d3a63a672c7320c60d856d0,acrylic tableware assortment;
22d122d32488221eab15006558927a69,tea towel; christmas gift wrapping gifts
e453b8acd2f650755a8b0f7ab47b2caa,wooden lawn games;
a8b0eeb572eb4d80b87acbb4d6169b10,mobile phone cross body strap; christmas gift wrapping gifts
ab5cb689f78f37391307affb562a804f,bamboo sheet set;
ce4fe16ec08b1ed16be79f71c9cf6d4a,kebab makers; christmas gift wrapping gifts
ed89852b2808862a8451587565b0a4d2,bluetooth karaoke microphone; christmas gift wrapping gifts
8e184a6aa01567e76ff9376dd9d0129c,snackle platter ice set;
854a71f77f3e327ed5f8bd7f9fe4c5d9,knit shorts;
c8cb7a82968e8f10e15c7aec7b02b2cb,knit shirt;
ee13ab17089c8536b8cff4aafe986f30,cocktail lemon salt; pantry herbs spices
89c44850778cf21a916dbc999d87cf73,cocktail chilli salt; pantry herbs spices
a515da1d0ede809a612770474a6292ba,travel adaptor powerbank;
0b31446f0e8c40bdaaa2e9ef9248869e,caramel mixed slices; bakery muffins cakes
becf68d433400257d8a7c712343db402,food throw;
ec11081dca51dad9f83258e43fe648d6,queen air mattress;
6266954bd41c4e5fcb8f1864fb146480,rugs;
37d78bd81ae58268b03cd1e9e20b87b9,bbq apron; christmas gift wrapping gifts
5797c2ec26241b8488d6ecd2b9db5f8e,french vanilla cashews; snacks confectionery dried fruits nuts jerky
3157fcaaaddc6ab1dadda8470d04bea3,savoury nut mix; snacks confectionery dried fruits nuts jerky
fc0a5c9f7d365ddebfb9407bd108e693,creme brulee peanuts; snacks confectionery dried fruits nuts jerky
a25919fd9b77e04a52d41bfd24ea99a9,coir mat;
acc5a4eeb35f4af626b24d0e3c2c135c,children licensed sandals;
79d5083d232495e113e7689d0cc01503,chilli lime margarita mixer; christmas liquor drinks
f683079578071efb8096ef22905a0d62,cosmopolitan mixer; christmas liquor drinks
d3b32af099c5b289667b2c3d16c59e82,limoncello spritz mixer; christmas liquor drinks
216fa59cbf4a4509fba6806759ed604e,glider rocket stomper;
57e86d9816a86306f18a216562de57df,write draw books;
6492940b7cddfe44cb090b2f3a9c546a,futon cushion;
7411be0348cddd99cb0a018b3aa92afc,gas lighter; christmas gift wrapping gifts
c6a1deed4fc73a0698e490c3846cbcb8,sticker books;
b3e6efd2470abf2979283318ab4942ad,pocket pal books;
bfdbf811a2714223415492cc03d0dc2d,smoked brisling sardines; pantry canned food
0da054415566db1ca8a909270d3c29de,olive oil brisling sardines; pantry canned food
eb823beaa04a9595c165a76df21ffde2,zap activity extra books;
6e1d41a0f7614c5e737ffebd88dc4eea,chilli cornichons; pantry canned food
c39f27449b6fec611f695c2018747f57,honey cornichons; pantry canned food
bbd65c02136297d321aec517cc81e897,summer touch body mist roller gift set; christmas gift wrapping gifts
55147d9ab1b09076ea1399c73c5746bc,mini back rolling art desk;
2093180a76982c6b814d440c7a6d7ef2,mug salt pepper shakers; christmas gift wrapping gifts
422cbc09987f6a686db3060b51d7af5a,pet lovers kitchen gadgets; christmas gift wrapping gifts
dd068c800d27e5d0c3900ed71a8dc05f,beach dress;
8abafe8c4afd0c33e644c3406dc71a75,beach tank dress;
5fa48d45b4142d59bddaa68620b8ad80,convertible skirt;
7d19922d53de8d509860492867bb7b0d,beach pants;
bb880fcffff7ea573e27227da656695b,tankini swimsuit;
fd9927333909d4890980fca96973a0fa,square multipurpose flexible tub;
6bf9fa5a40983af77534fe79e991e082,cocktail shaker bar tools set; christmas liquor drinks
048356845e7bc68b4fab4c6792505248,adult clogs;
8ae3f0ffcc797b9d37be287535bc088e,makeup brush set silicone holder; christmas gift wrapping gifts
732fd60e50278c7e488ecd890135ad15,broderie beach cover up;
54572e6869cbfcf52bc561105a839d39,longline beach cover up;
6118a549ef8a9d10cb748ad43b8ac44b,sweat shorts;
5f89af0aec304afd176a5b01364d8a2f,vacuum storage vacuum hanging garment bags;
eb8b4bda3dfb481bff2c630a5c857f44,eva tote;
d8e48a82f350ad93bebe91371790e7f7,children licensed pj set;
5381e7e385068443a69088e3a42a834d,bubble machine assortment;
4d1a7637e7d3863d3fbae01d62b1d555,adult slides;
dbe81e8e0af9cb2a44a19686a5dabca5,pull chino pants;
1b32590f3bfe9bef1f8bf1429ecb3b8a,cargo shorts;
f39f1e88e4176aa1e0ddbe301bd41cbb,bruschetta collection gift pack; christmas nibbles
6cf7f448402f0f9ed0b822d15326774d,tapenade delights gift pack; christmas nibbles
11dfb2aeac779061a2cd0ea5adfa8230,hazelnut choc mousse; dairy eggs fridge desserts
34e1e3ee75523b02af77ca3cde84ba4d,speaker led mirror wireless charging; christmas gift wrapping gifts
f1739001716d3126c6e28a68d5522bd0,lifestyle recliner chair;
4396947cf94e3a7de82a15983a68b266,men manicure kit; christmas gift wrapping gifts
b828230affa282c5211a2be8667574be,golden caramel chocolate; pantry confectionery
0ba5b2dc41b6daa2103c023d36557479,dog toy gift set; christmas gift wrapping gifts
7bb12ecc07730257ffdb96148489d858,trestle table tablecloth;
7ade393bf792a6c1f3148d1960072a38,chocolate wafer baskets; pantry biscuit cookies
4511383730038dd212cb07ed20d2faec,natural wafer baskets; pantry biscuit cookies
cf75fcd5f8dcbb5f655ad0243886d182,active noise cancelling wireless headphones;
87e7e75a58bc735bd0e00928452ab32f,colouring set mix;
469b234009e7f94f20b42941d99c6256,print outdoor tablecloth;
fa3fc6387c92e64268bdde176174cc5d,kite;
85b453e03a9dd7d94c467a06dbbdaa62,bbq grill accessories;
32b2327ab674672264afe9bb88f371e7,sun hat;
31b35bd080ae9f3c149a2c53e1367e53,interactive pet treat ball dispenser; christmas gift wrapping gifts
8905281c4728ea7075b0cd8fc8977e8b,glass cleaning household wipes; cleaning household cleaning
7134e79e547d856747f56f098bb3a643,brandy crumble fruit mince tarts; bakery muffins cakes
7cedfb20f32548ce1a2efba4d307d5ad,apple crumble fruit mince tarts; bakery muffins cakes
741fe23791ce46161226208154513770,takeaway containers;
1d40d0ba49f5b4064e698ef1e6c508b6,licensed night light assortment;
ee0667fd6130bdc061ba38f3bdfbd2fd,mini dark chocolate filled waffle cones; snacks confectionery confectionery
0c205183d6d861657bdb07d239e4ff08,mini milk chocolate filled waffle cones; snacks confectionery confectionery
c999d9120d6a684ecaba1d70d194fc3c,spring blossom carpet sanitiser deodoriser; cleaning household cleaning
9dd192ea018d9ba3a9858301139315ba,easy tie garbage vanilla scented; cleaning household kitchen
66e9b663576d24d5aa84fbd745f5d7f1,strawberries cream chocolate truffles; pantry confectionery
bad3613d9548e08541d91f3367547454,original chocolate truffles; pantry confectionery
ad6c25f7018c279a15fb5dbf53e6fa96,retro turntable briefcase;
5f0d071408cfb514df522910d11483c2,ceramic plant pot;
5c381c222875a2758e15c01e5e4220ff,water bottle dog bowl base; christmas gift wrapping gifts
1465e3d03b95d24260b4107cd0399648,slime bath bomb kit;
f460c0f6adcc4d0ef8d26b9c1c41c90d,roasted mixed nuts; snacks confectionery dried fruits nuts jerky
5eb5327e64956428c75ae06144065d18,salted nuts snacks; snacks confectionery dried fruits nuts jerky
61854eccdceee539d785051038fdbe40,licensed pinball air hockey assortment;
ed1113a82ad60e1a423671d7979dba6e,licensed kids gifts assortment;
cdca914649e1ef7e589e5775960febeb,roasted nuts fruit; christmas nibbles
0173a1b62466a1a3762e69fa4d0daac4,honey macadamia; christmas nibbles
3209c13050574fb9cec76d0247cc0d56,classic picture books;
803e12b9bd54fd74110879b535c6d08a,games;
0918a3cd4f74b90574e5925713dea4bb,inflatable assortment;
cbbc8d3587c1a2e1a78b9d5cf766500e,steak serving boards steak knife; christmas gift wrapping gifts
0c21b3af33ec73b9f4f8d4352b38dfbb,australian cotton bath mat;
3167f7ac8cdb4cc064c11e11fbe13037,premium beach umbrella;
0e05738e931f90765d460ee896fdca74,knives; christmas gift wrapping gifts
45e499562297dae48bf97d6e35f3afd8,kaleidoscope coloring;
4c1c153f04a77d61425aae4c7c13d387,christmas outdoor dinnerware;
e43c4f6a4d682dbef939c29369821607,green cocktail onions; pantry canned food
dd3617a55246a07443b51ba19b7a354e,red cocktail onions; pantry canned food
fe21ed2cdfe4e303571a1cfda6168885,mens lifestyle jogger;
11013c6e7e471ef1687098b91aa4cafa,retro cooler;
6f75ca66c3fe9e83d997efa7156e4c90,inflatables;
e64aff7a18ca24adbe1354a10a9f70e2,cables accessories; christmas gift wrapping gifts
cf86945a152d14688893cc4d2ac7e827,sesh snacks nippers mix; pantry dried fruits nuts jerky
74d7bee3189c6f393a4631bd3f465cba,sesh snacks drovers mix; pantry dried fruits nuts jerky
31f8f7027b652d16d88039d0caa55714,white cocktail onions; pantry canned food
f7ce08b8fc1a5a92d60718929ae37e6d,licensed hooded towel assortment;
df054de0127a1320218e14d85f02e4a3,licensed children tableware assortment;
c6e436042e826652ae6c8d2e8abac583,nancy tilman acorn wood books;
f3a30112c79e784984dd64c6748a441e,pistachio panettone; bakery muffins cakes
4dcf8dea206a33baa4df4f566e4083ab,tiramisu panettone; bakery muffins cakes
41741cb23393917e2e8565352df7638f,coarse minced pork liverwurst; pantry canned food
0fa3aaa1a18190ef25e5e5b48a372b61,finely minced pork liverwurst; pantry canned food
c0bc6bb72c6038547d4dd3daf1e362b0,licensed children mugs assortment;
7e85a7f4344e3d09f6f112dd5e00e6c9,australian cotton bath sheet;
27428b93a658dcfcfea46f061edaf785,plush toys;
86a5f33dd0d4bb11c1633e0b78630370,bluey hardcover books;
22179425ea17621044a4bf2597b0def5,lift flap books;
0ac720859d3d2f59473439438439c97c,zip storage bags;
c700276868f77820a1d9f98539f363cf,truffle salsa; pantry canned food
6dd7d7e1f5cc7b737e26f342c85c4fdd,truffle whole; pantry canned food
cc136550fa8229ba103853cf6ab4a34e,eye face palette christmas gift wrapping gifts
45a9bde1d172ed2858121d53568ebd06,kitkat milo bar; pantry confectionery
08017368fc4ebe84cdcb1642ef918fa0,licensed kids lunch set assortment;
0db2a91c500615159b07fb287926dd8d,cocktail glasses gift set; christmas liquor drinks
79f023486b9ab45081571d2cf5edbeaa,pop matic games floor puzzle;
a1f1e71047524699e9be0e2797a43264,freeze dried strawberries; snacks confectionery dried fruits nuts jerky
c95bd34d996961df4c5b3cc05e7ffa9b,freeze dried blueberries raspberries; snacks confectionery dried fruits nuts jerky
2dad89116352ec1f26c0781a27fe844c,hopper ball bowling set;
b1864d9cde9dd39adc6db5c46f52b23f,australian cotton beach towel;
12034105d041c5e7196ad0eb0f83873b,vinyl record assortment;
0610726313b7834ef0bbdaaa1ec3973a,nescafe blend pantry tea coffee hot chocolate
c1325591e6f9e0223075c007d52eb6ac,swim set;
35b46e6d1e8cd99423eab915fcf55b9b,licensed stainless steel drink bottle assortment;
6c8ad05871fa847be334f07e80f0fc4f,children moon chair tent;
d0ac6409e1311936a91cdac2ff69807c,walkie talkie projector;
089cb5f3fd0a612e63958f53a0756de6,sour cream onion potato chips; snacks confectionery chips corn chips
cee1d9bd735e0cb715710569e4f3e9fa,original potato chips; snacks confectionery chips corn chips
0221baf7e1d1509ddc308884cc9c2850,malt teevee biscuits; pantry biscuit cookies
07b3b7c1a707cf71a883a816733552ef,caskmates ipa edition irish whiskey;
116a00518fa44b76d9d5fa2c72d0a811,limited release muscat nv; christmas liquor drinks
abc5e224d393115eb1b86693f6befd42,sparkling shiraz nv;
34b79f0fbed91e8444aaa5e1f9a29bf4,cashews roasted salted; snacks confectionery dried fruits nuts jerky
1c909eae1c62483acf83626ee355d95c,belgian butters waffle crisps; pantry biscuit cookies
b8e1f1702e9fbba8a21c21ffd15aa781,truffle gift box; pantry oils vinegars
71b66244360a69e333cdcda7892ceb2f,cheeseboard cracker assortment; snacks confectionery biscuit cookies
63fa861e120c813c6e256b6a7b01aa0b,green sliced jalapenos; deli chilled meats antipasto
3ae78367677b984795d99453418640db,sparkling white grape juice; drinks
504a286f2afbf895d16ef0b8dc9d26e3,sparkling red grape juice; drinks
1515e69781ea9ace836a83e0eee454d8,millefoglie puff pastry; pantry biscuit cookies
8742279545c4e0579546a326e3d31ab6,apricots loose; fruits vegetables fresh fruits
91f862d92041e010c0bbfcca37e06e22,black seedless grapes loose; fruits vegetables fresh fruits
d5f67980b2a96008b1053df94a9d9e9d,dolls;
d7e34751f0f7eb35bc2d63902c5499f8,premium strawberries; fruits vegetables fresh fruits
b914213b9c5585aa1aef1c7feee8bbb7,pomegranate each; fruits vegetables fresh fruits
c51c2529c771c96a03f9d991ff5917a1,usa green kiwifruit; fruits vegetables fresh fruits
b6e6dedb1661902eb6f72deb85386109,kid games;
46f8392f6400008bcd5d5fd178aa030d,petcare sets;
0afb1b12605e637d372f660caba9463b,sticker treasury books;
b852f0f8c22ad8052a2650f74e859edd,magnetic play books;
48b6228039f847f0a2c9be217d79940e,travel card games;
65fd66d93b8f6fd7a5a3f9ea32eee154,snakes alive bulk share pack; snacks confectionery confectionery
5f1a7a93b8a11d83a962fc7c620ad573,party mix bulk share pack; snacks confectionery confectionery
bc3dfcd0c5338427d53bde4500e88ab3,yellow flesh peaches; fruits vegetables fresh fruits
d08dbdaad86e148aa0070fedb238f872,yellow flesh nectarines; fruits vegetables fresh fruits
9568880b73bee0d31444fe232a937706,white flesh nectarines; fruits vegetables fresh fruits
9d58ac9f234aba3cef2dbbbb6095bfa7,brandy snaps; bakery muffins cakes
9cb62e372986f75c71420a6704b80018,brandy baskets; bakery muffins cakes
18ddd13309fe44b3de3620aed885257f,dried citrus blend garnish; snacks confectionery dried fruits nuts jerky
982c596d55f7a5591b2e57e9a16ced4e,dried orange garnish; snacks confectionery dried fruits nuts jerky
21346cde4b14671c3dad931c83610af4,olive oil oregano sardines; pantry canned food
a8d125fa7ffce5a86c8a3f9021484306,spiced olive oil pickles sardines; pantry canned food
c5640441e3074ecae4e7ccdf03faa0da,olive oil lemon sardines; pantry canned food
5a2cd5d3e2213210cadf128d6fcc3dc2,passionfruit curd; pantry jams spreads
58b02989768e45b180dd9845fa6b79d7,lemon curd; pantry jams spreads
8847179023d70cb9d0e95e94261a7b20,tropical fruit compote pouches; pantry canned food
f50cce00fb96ec1831f583d20d324656,mixed berry fruit compote pouches; pantry canned food
bdd4c375d79166381b21fd9577fe4ccd,sweetened dried mango slices; pantry dried fruits nuts jerky
6decc9db9427c9e24723a1f247cd1588,pavlova base; pantry confectionery
dba8845f2f5af403680d1e2907f5818b,maltesers; pantry confectionery
d8e0f62a31ed25e580f0158fd1c91b35,jam sponge roll; bakery muffins cakes
c5bdeb165d4fc210e1392a87233c1ca3,pavlovas mini; pantry confectionery
c3ed7ff47b216f017d437491dd0c9831,chicken mince rice carrot spinach premium puppy food; pets dogs puppy
08db082348e511f486a577e2393f9cb4,chicken mini kyivs basil pesto; meat seafood poultry
172a369dfee22959d153172654349022,organic full cream milk; dairy eggs fridge milk
1bb9d0ce030562fbf045252639e4dc95,bamboo mattress protector;
e923a4e5c8e835987bf2d1d28e252b16,wahu pool pack;
a77e096e264f3b838f471d00a49855ac,nut nougat liviano wafer bars; pantry confectionery
9522cb2bfdb87fddeb52cb18d244d38c,liviano wafer bars hazelnut cocoa; pantry confectionery
525eaa4933c6ac2d6b068922ca83b877,liviano wafer bars hazelnut; pantry confectionery
ae0e31985583c8671e6a8c81101a8f25,lemon pandoro filling mix; bakery muffins cakes
33d222d527045bdd3e85470500708c09,chocolate pandoro filling mix; bakery muffins cakes
04c68f79089e70dd29116a86ebdcee7b,cream candies pack; pantry confectionery
47639c0188270a4480f465a18eabfac0,chocolate cream candies; pantry confectionery
e332aea565c07a147902ae6ffa200634,orange cans; liquor premixed
105d2611cb44c95998db7db4cf4817e2,super crisp lager;
c2e7ca7651e6e3eea6f7368037148331,sparkling ale; christmas liquor drinks
a9ecb534f484a569b09b91da267f85e8,crush mango peach;
cad14eafc1d6ca3119f648cc31b5fea6,vb; liquor beer
d52cf04e44c449882f069f445ed8986e,turkey shanks red wine sauce; meat seafood poultry
75fc5c5bf8d717f6117babaa30a72400,xpa; liquor beer
1259fa98a045f042f27ba79dfef2134d,super dry beer; liquor beer
e9b5cfcf9f3ab0bb576991f58b50dcbf,whiskey giftpack; liquor
087dc42c298e7ccebd8662f1d3090a79,cadbury favourites; pantry confectionery
059775e3f5d21277d45cb49588e15b36,cheds crackers; pantry crackers crisp breads
8a1813e0f440cbf8ff4393482761edb3,pressed pretzels sea salt; snacks confectionery chips corn chips
7ab1ffcc8764b28b1d5b6fd09a863fa0,speculoos topping; pantry condiments dressings
b1772a97f98a64061185e394eaf2722e,drinking chocolate; pantry tea coffee hot chocolate
f70da409969131b179a910fde248add7,pokemon triple whammy tin game;
467639c8f34484f8c6687399e33579f3,rspca approved chicken drumsticks maple butter flavoured glaze; meat seafood poultry
b98a9ccd1c6566337c36d0506b7f3189,whole split rspca approved chicken; meat seafood poultry
eb85e89c8dc3b85e631cc3c6b564dc84,margarita premium mixer; christmas liquor drinks
995bf3144ab2c631349404019429d9e6,espresso martini premium mixer; christmas liquor drinks
9777e4dff09eadaad165581f6a650674,squirms; pantry confectionery
7f5da85b9174c6510b6a10e3e00f61c4,pickle ball;
472e490b2db99c4c84678d12f7ad4f3b,multi purpose table;
1a83ebbf41c9563bf52ecb64878eedeb,deep duo kit; christmas gift wrapping gifts
f3ca4434fc5da42bcff3406138ed18d9,sweet lovers gift box; snacks confectionery confectionery
6125ea0843be4b6e467777cb8f35b04d,gentle follow formula stage baby baby formula
8a00a01e56f41ce0d99b3551f9d0ce44,beauty blending sponges; christmas gift wrapping gifts
872f01c33e848fd9ee8e733ad5b3cc1a,cookie cream pretzels; snacks confectionery biscuit cookies
9c002f6c86c912e5b4a88811280dbf7f,pavina outdoor double wall tumblers;
e3fcb8d907c8554486c3f1a3fbc6ba05,premium cordless hair clippers; christmas gift wrapping gifts
872a1e7e56165b0da874757236bbf9a1,raspberry vodka; christmas liquor drinks
ec3b0cb2cd9829d2a7304217be421356,butter snacking mix; snacks confectionery chips corn chips
6eb3056e4c1ae99f61c8834f337a0540,portable vlogging kit; christmas gift wrapping gifts
30da8f751b99fcfd2bc1f0839a632190,bamboo pillow;
731f34e60993409c2e6f80aed7fe9ab1,premium wet dry shaver; christmas gift wrapping gifts
a70bf461a8794d1331f8539db1c21808,peeled prawn platter rich tartare tangy cocktail aromatic herb sauces; meat seafood seafood
3a4869b509ad5036cf682adabe9bbf4b,roasted red pepper strips; pantry canned food
73d41eb840f720191b984df146051ef9,gentle nutritional supplement stage baby baby formula
418a87de61fc05dd96b244952d2fbadd,gentle newborn formula stage baby baby formula
bc47e8ec78c8cbb2cc67de462a24bdbf,axe throw;
46e3dd99ffe3093c9ac893c192cbdc21,cutting board stainless steel surface; christmas gift wrapping gifts
070adc6111eb697dd864e87eea8ebc74,lip balm trio; christmas gift wrapping gifts
153a699d2d10320efa76835d49d0f8d3,sundried tomatoes; pantry canned food
ba22cb589391aa5372c52cea6521835a,dubai inspired chocolate pralines; snacks confectionery confectionery
98e3d99faa00e8f1e17c12cc8dd0494b,grill tool set; christmas gift wrapping gifts
098e48b150f3685a71eae401d9ba977c,quartered marinated artichoke; pantry canned food
ccae517174ce9c2cae1c57d43516090f,platinum plus stain removal tropical dishwasher tablets;
c7ddcf6f9be6bd3e98c2265ebfd6033e,victoria biscuit selection; snacks confectionery biscuit cookies
f1717f986211bad996f5057a86100936,queen bamboo quilt;
3a57f5a8254f649ec21ce5ddc93fa410,aluminium roasting tray;
17c4dddca2abc02fed7a7054054d35fd,aluminium round tray;
8dab1e0d30b11b8ddf035424d7e7bc66,stacking chair;
c53a9c99825f2bfeae82885f1cdc092d,portable air conditioner
c2e00a99d69429608ece2dc18de793be,meringue nests; pantry confectionery
47456eaab2c6fb7257ead2a207ff39d5,cookie crush; snacks confectionery confectionery
763a6ada4be6a351a0c14bf573581341,bluetooth selfie stick;
37ab88ee8b853d096ee401a1304d451d,pistachios roasted salted; snacks confectionery dried fruits nuts jerky
3313a5200d53c707e177ea62a7922b20,bbq caddy;
8ac70fcc02ea11042245d89fd322bd7f,yuzu white strawberry gin; christmas liquor drinks
5ea5b101f0f878177e90b9273798d2a1,aluminium scooter;
5b5491e011c15b49101ad04ed74f0ea7,boho hanging chair;
f6a5675d7a8c11977bd4fdc0ea92c599,head shaver; christmas gift wrapping gifts
334f6337dee3b8b064cadf2255a12b4e,igoplay touchscreen display;
219b56216c57e764a46c8c33d3652b79,alkaline vodka; christmas liquor drinks
b25c88438ba2c8a2fd8cff4dad366e17,sponge fingers; pantry biscuit cookies
a6a383da566bcd724f58989f62cd3eb4,heated hair roller set; christmas gift wrapping gifts
68511e82b995dcfe6609fac881389cfb,chocolate coconut water; drinks juices cordials
a9666be17f2e31a174919e1b9a7168da,rainbow; snacks confectionery confectionery
30af1ad267c545743730718540118219,celebrations gift box; snacks confectionery confectionery
1c3910144a98cb31d61a5b68fcbfecc6,food covers goliath ezy;
32f3ec47a85d2924e07172a7a2765bcc,interactive pet talking buttons; christmas gift wrapping gifts
1ab79e550a6ca24fa84e8fe3aab32f3c,limoncello panettone; bakery muffins cakes
4a368c2f947b31bad7a41ebd7f98a0e9,mini chocolate chip muffins; bakery muffins cakes
fa7f917025a5ca87023a7bb34ede8948,pistachio bombs; pantry confectionery
b9b884546f72a2c1f6b815e33ac915f9,joey pops; freezer ice cream snacks
b00264f1819b560b9907a99787c5949a,milk tin; snacks confectionery confectionery
92874066ba2c814f77f0f20d71f24e18,creamy cat treats; christmas gift wrapping gifts
4dcff84a17126827ee0d595ec1d9015e,musical cookie tin; snacks confectionery biscuit cookies
142ece64a6deb28b0dee47121c5f0ce5,dipped pretzels; pantry confectionery
9ecfc91f48d1f598202c8cbf7c5aee62,japanese premium beer; christmas liquor drinks
75e181cf495ac95192df625172aa043a,coke variety mini; drinks soft drinks
e818f484fc2de9a670fd7c858ff6fd50,brewed mix up; christmas liquor drinks
c792bcdab1087f4f7d6842e8e08d0048,speculoos biscuits; pantry biscuit cookies
4ec61aabe2b05d9052bab45fa3e9cdea,guava; drinks soft drinks
5d01762d4c7ada0d2859e8c5b347daa4,crustini; pantry crackers crisp breads
2362c4771cd83ac3da923f87e792e7d4,crushed apple cider; christmas liquor drinks
da933e09b0f005f353b1525907ad34e5,pandoro; bakery muffins cakes
3aad152147b7c8ce4b2bc45b3610e3de,raspberry lemonade kombucha x; drinks iced tea kombucha
bdb191a311ded90716743b305ffe589b,ultra sensitive body wash; health beauty shower bath care
852583037edbc082bb4e61b87dabce17,cling wrap;
817b94cf016d29cf4127b2ea7db5843b,caviar collagen pro luxury anti wrinkle gift set; christmas gift wrapping gifts
c91a350bf42b00584fb49f2fd4631fe4,pork knuckle; meat seafood pork
8a49227c6901f5bb0790da15eefaaf4f,on; snacks confectionery confectionery
4190dba41d99c8d511ae27f53efc9263,salted caramel espresso martini; christmas liquor drinks
61e55900ab550945ebad515ef4c12d51,fruity blast; freezer ice cream snacks
b70a3f4ff3c2f89922dcde9027b06ff9,party tub; snacks confectionery confectionery
35bfe0c4d4c470fc53c6c7054c325de0,chocolate party tub; snacks confectionery confectionery
85fa531284f10203263dadb0a52dc987,mini stroopwafels; pantry biscuit cookies
ef483c72057ffcc4ca9a72d2b26f534a,allsorts; pantry confectionery
92e44669fdf7be99f2d6c3a6387ffdee,bourbon; christmas liquor drinks
dd65359e3e5c3afb069048f37d4883ae,caramel crowns; pantry biscuit cookies
f3337d8e64e4301aaf508fceac6a82b7,smashed burger kit; christmas gift wrapping gifts
87f68a860b3ae79bdae644a208aa7c63,chocolate mint; snacks confectionery confectionery
23bd37fb82a21fc0adfcdbe9c9b62274,brioche bauble chocolate chips; bakery muffins cakes
ec942ec21f2e43d98ebab907d4875b43,dog treats christmas pack; christmas gift wrapping gifts
e47d2d13af674d1b16dd693b4a711d98,pretzel mix; snacks confectionery chips corn chips
41b9a7a917cf9097a56d42f7e0b4d6e8,sun protect moisture suncreen spray
1a6a58e96a1a1638d3724bcade25a64a,flying power energy drink cola; drinks sports energy
8c50caa4922875994a50b051d68786be,flying power energy drink pine lime; drinks sports energy
8ba7345bae06e6ee49e604456aaf141a,organic coffee capsules; pantry tea coffee hot chocolate
ee5324236900c6b783013650da234641,hard seltzer berry; christmas liquor drinks
b23782d1f54c4af305a6add2e9f5fd3d,bake take set;
fa1b09bf7c1b1224838b76c402d131b9,lavosh original crackers; snacks confectionery biscuit cookies
c6fe048606de1d21c2e710d59d992da1,cheese box; pantry crackers crisp breads
5d68323dcd10617bc3f96f316927123a,hanwood tawny gift tin; christmas liquor drinks
e2135ea440291d9fe8aa0a676d5b6964,stainless steel marinating tray plastic lid; christmas gift wrapping gifts
50b6bdbc80245077e11942da13604044,white bake home rolls; bakery speciality breads rolls
5bc6c514af3e4329f1ab58ff61756b4b,stuffed cheese olives; pantry canned food
0733b6000f24bad4e8abbdcf3a7e75f0,premium fig jam; pantry jams spreads
7f4098c62f6bbef1910f43750eda58f4,aluminium foil;
e793561111c5503e8f265ef4af9dd9fa,zero carb lager; christmas liquor drinks
eaf34c739422c9559553ae1506583a04,lychees; fruits vegetables fresh fruits
23daab7e0b52cca52473ddb9df42ba95,italian style pork beef sausages; meat seafood sausage
5b35c5f1ef5059edcdb42bc072c7613f,festive bon bons cocktail mixers; christmas liquor drinks
19a601027a67149e74b56a77cba190d4,elderflower; christmas liquor drinks
e6242865e7b27f5a774534edec5699dd,wild raspberry tonic; christmas liquor drinks
2f0569190ad4b8925275591bc023325a,top tie kitchen tidy bags; cleaning household kitchen
cb27439401772ad7a1f4013b8295eddb,handle tie garbage bags; cleaning household kitchen
272acd7a42ffeb36a25109ac7a13eefc,drawstring garbage bags; cleaning household kitchen
fdcff9ee3805aaf6b2c996aeb251bcf3,milk chocolate royals; pantry biscuit cookies
e2be65cb3747a8980eac7e236ec37241,sweet tooth blend; pantry dried fruits nuts jerky
77773b99f0f276a73ca7d3c76750ac3e,entertainers party blend; pantry dried fruits nuts jerky
5cf7c1e8cef4153d798c797912a32a45,original backyard bbq mix; pantry dried fruits nuts jerky
8f3a3f335ccd6d397c881a07632495c3,premium plum jam; pantry jams spreads
dec82319526bc4b15b4301553c0f6022,meaty lamb loaf style premium dog food; pets dogs puppy
8b0ab8da7174e867cf9e5ef39fe8cb35,meaty chicken loaf style premium dog food; pets dogs puppy
4e79dcf46515a91c5aa99b8d6c85302f,meaty beef loaf style premium dog food; pets dogs puppy
e65be5daebdc956279ab9c368cbe310f,microfibre cloth roll;
46a406153ec2a10dfc0f1c8b2c61ab9d,manuka honey; pantry jams spreads
f28c2c3a19e22e3a7971ec8db1727772,dog poo bags;
237dbe71bde2019b9f3776a8b18132f7,cat litter liners;
3a22914ddd9ce5274b5e8c6be5ad3353,mexican cola; drinks soft drinks
d506c5fe1285823475e0e2355cfee8d4,bbq trays; cleaning household kitchen
4bb1d5132ad92f8c7fa4232ac65d9072,lemon; christmas liquor drinks
62315913e948607bd415506a85b113dc,africa duo gift set; christmas gift wrapping gifts
04f01e66649949e055613b6bb8deba5b,stuffed cheese peppers; pantry canned food
37578fee51635d595a6dc27f3f1bfa09,country cream choc cherry; christmas liquor drinks
28bb0522b29469acb4d4f30d51712dc5,london gin;
3f4f0c019c4222709f63dc1de7882cfd,original teevee biscuits; pantry biscuit cookies
06ab870cbb79786470f998ab2669905f,pina colada ready serve cocktail; christmas liquor drinks
061089031bddae6b18cf6e71c21f2241,blended scotch whisky;
9dbd76183d53eb0a97e091fed7f3b5a0,pure maple syrup; pantry baking
9985ad64b8c4c14de6699d9019fd4adb,summer treat makers;
432d99fb0caa73dd2fe61879e4dd1bb9,air mat assortment;
5b973a5213899c0dacaf56f7ae620291,indulgent apple delight greek yogurt; dairy eggs fridge yogurt
52de882a1544a7864379805cfd2b1933,indulgent caramel delight greek yogurt; dairy eggs fridge yogurt
cd2301113bb08260e1146ba570eccc37,air mattress assorted;
814d60a4b12c638a280bf003d51c3302,wireless sports earbuds;
578f80e7f8176fedf5765fc11aa4ce8a,licensed beach bucket basketball set assortment;
8486e9503825340033299cab2a56adad,deluxe sleeping bag;
ea0a4e8f81557accfecf33cae5bdcd60,dubai style choc mousse; limited time
a51e1ad22888b5201391e82517e8a8c2,camp stretcher tyre table;
029cbd2d9be60a6b8dd19e8d731f2ff4,camping accessories;
e2ce0fd2fbbce248afb1022a80fe1d51,camping fan light assortment;
f7311a93ed9145d7fab4fb67454289c6,portable hammock;
3cb51166217bb2f34dc05378d2138879,cotton tee;
5a46ea20583f38a0e7002181f1cefee4,rolo novelty tube; pantry confectionery
8b9025ef8f0968877322646a522cc21a,jellytots novelty tube; pantry confectionery
c1100fd30f6abf98404e693c7995f87b,aero novelty tube; pantry confectionery
9e7055ac7d2b1a8d5bac716f1f333a31,camp accessories;
d9fef6f97a59e67d740659acca39800a,gazebo wall sand bags;
ebf50f0ce396fab2e9b2882fb92f7479,collapsible accessories;
25a2565ee1a31eeff50c3694aaa8941c,heated butter knife heated ice cream scoop;
72b7813bae9ea12f31dffebd6f4f2975,duty tarps;
ed27b524bffdd8dfbb3a68ba30fa88fb,electric wine set salt pepper mills;
0646982efc8e43a1f78534b11f801dae,vacuum food sealer refills;
6b10af0854f014a37fef2a4f0a6fbb4c,retractable eyeliner black; health beauty cosmetics
b3b43d9e394391bbf1e2ad0dea99f418,electric knife electric knife sharpener;
8f4ce4c140a68283399faf4c3f49fb7d,mclaren vale organic shiraz; liquor red wine
7eb902caa6b2d409de9f5bb32b7c3936,premium camp chair;
3daa80e2fa6868ebd91168925902b25d,shawarma wrap meal kit; limited time
323fbae8a62975844e9a3f19cf87e853,peri peri flavoured wrap meal kit; limited time
9150914fdd75df1005e7682c537a7300,cellulose sponge scourers; cleaning household cleaning
1dd657427a6e0ff63d590d166faa77fa,premium tropical mix; pantry dried fruits nuts jerky
0689bef8a333f7f726abc351c1382234,premium trail mix; pantry dried fruits nuts jerky
07588f9455e3ecf35bed4e182606eb45,creamy mushroom croutons soup cup; pantry soups noodles
fac6c302e8426836f4e4692bff365d95,asian style laksa noodles soup cup; pantry soups noodles
afbd3bdf9fadaed0deca982b08d84c1d,homestyle pumpkin croutons soup cup; pantry soups noodles
eea840765ca9b3a6178f3bba71148de5,pea ham flavoured croutons soup cup; pantry soups noodles
b01f684858f76a3587bf226a68c1d2fe,carmenere; liquor red wine
6ef6c7dc1601b3cb88eb3c31f1b035d6,energy food drink; pantry tea coffee hot chocolate
4f817717c2052b6fa5ac2d8a3e5ac912,fig date balsamic chutney; pantry condiments dressings
447eca8c440f7fc3fe01f512210d6762,classic tomato chutney; pantry condiments dressings
a47f86b73c0db4da3a549031c33eff91,caramelised onion relish; pantry condiments dressings
f14bb195142156e2d8e6513534539a8d,plums loose; fruits vegetables fresh fruits
c3de488347c52f5cc324c625d4f6d3fd,white potatoes; fruits vegetables fresh vegetables
9cd7935ebdc3187d6d351bdf2b15fc00,frozen pineapple chunks; freezer frozen fruit vegetables
58bea572e3e16c277acab7c756eb95b9,cappuccino latte coffee sachets; pantry tea coffee hot chocolate
45a9bde1d172ed2858121d53568ebd06,kitkat milo bar; snacks confectionery confectionery
b54624c3d34b3dfcd170ee2aa93b0547,paracetamol tablet; health beauty first aid medicinal
89ac3f4182086c96e6e78c75fbeda537,camping tarp mesh mat;
09d1f01d7b3811ad06321cccb7e059fe,maltesers giftbox; pantry confectionery
6201146785faea167a224e51a5130c3f,butterkase slices; dairy eggs fridge cheese
29a8e8781ba2fbfedc2ce5bd9c5ab895,petite pavlovas; pantry confectionery
eb538291897bf0f98ab63db4d2278751,camping led strip kit;
874f6ee7393caf0cf653c88f49889618,burger slices; dairy eggs fridge cheese
a266d7620d3db5917707c2e7e5d4c7f1,natural dry dog food; pets dogs puppy
1f66861843c81359d366eedd66ee1d0b,dry dog food beef; pets dogs puppy
285cac2e772edb79253a19c1a4f9fd35,diced chicken pet mince; pets cat kitten
3b47ecf6025d9c06a7a746e1aaa3a16f,canadian club dry; liquor premixed
742a0c878174e732bc6ab32ef5cc1670,easy carve pork roast apple onion stuffing;
a9ecb534f484a569b09b91da267f85e8,crush mango peach; christmas liquor drinks
fc091dae5ac34c9fcf9c77b4b10a1f70,lactose free kids yogurt vanilla; dairy eggs fridge yogurt
ca710724bda2b7f4a4c53a6a41c6510b,pork schnitty dippers; meat seafood pork
8de785f917a875fb0952e0e238f574e4,chicken burrito; dairy eggs fridge ready eat meals
065fbaa1eb8f2a94fbc862c74621cf0e,gazebo tent;
80c57bcaab4eb34bb552a68ec173394d,universal light;
dafe7af4a0b80b9e929a9e78f6142305,multifunctional egg cooker;
64f6b1ad87fff9e1032ef173543fd3df,garlic parsley beef sausages; meat seafood sausage
ada948dda4854464f78b3953774d4bfb,coffee bean spice grinder;
11678dbe89b2e30c10d6bbb832bd68c6,chicken biryani; dairy eggs fridge ready eat meals
bce6513f72f9ebebaef9230ea12d521a,fresh cooked australian black tiger prawns; meat seafood seafood
9ca34a5f261814f8ea9212315018de9a,la numero uno margherita pizza; freezer frozen pizzas
b1b3da87ce46d52df3f32d14b4eb5d66,fresh turkey breast roast; meat seafood poultry
5407948434a917a2da9483f228f3d44e,fresh turducken roast; meat seafood poultry
989aef528e99a7cc69f649cee7c5a45f,food slicer;
f2655f591d564625bf97432d1bf4465f,gazebo x;
1798da555275b2952ac7b3ca67713233,mini air pump;
9eea9ff29ab872184ffddc23f14c7285,sparkling apple juice; drinks juices cordials
0ef460a488fd9753cf41127c6ddd05a7,christmas wishes bouquet;
5229f7b2db24436d44631e6502487763,santa bouquet;
4a0a0d4282a388bb577025b7c24333e2,holly jolly christmas bouquet;
2eca8c83ffc6269f82727bf384c14cc8,multifunction air fryer oven;
2cbfa0a49bf39b147976c8a8e3d0cc94,ice cube maker;
f4f20f2644bdd7585dcf968d10642557,collapsible stool;
ea665e2a4fb50234f4aa583ca03ae5bd,saline nasal spray; health beauty first aid medicinal
348c47a92e1643ae288e586b0846ec68,cafe style raisin loaf; bakery sliced breads
499458256b90cbb3dd6c14cdf5d3912c,raisin toast; bakery sliced breads
4c545f8cc403e44859a34da90054c1d2,baking paper; cleaning household kitchen
f28c2c3a19e22e3a7971ec8db1727772,dog poo bags; pets dogs puppy
237dbe71bde2019b9f3776a8b18132f7,cat litter liners; pets cat kitten
1fb01acff2df7815aa3f89b5246f3867,spiced ham; pantry canned food
54824299685195533bf7f4accfc0dc96,vacuum food sealer;
fef6497d5eeac353227e1c130dba46b6,rechargeable bug zapper;
1d0eaf7568e12f88f5be1c464962943b,limited edition tin panettone designs; bakery muffins cakes
a4eda3f823b805485eb920b182d3a231,handwrapped panettone; bakery muffins cakes
4b2bff35c779c1741adc72d6df85afee,veuve premier cru champagne nv; liquor sparkling champagne
08e1e7b777220a445d1dd84e804d048e,mini treat makers;
cd2add3dac0ec9e87033dd906a22a196,potatoes table fruits vegetables imported vegetables
d74022d46a5a6a9cfd9efd96a1ded156,rewa life uht milk; food milk
29eb765a5847fc9cc7241da4697987f7,onions table fruits vegetables imported vegetables
3a353de67c101f766f1b14d5884ca4da,sunbell tuna; food canned fish
7cba76f1eb8d881851ae9bf7edd6f45b,garlic packed; fruits vegetables imported vegetables prepack
db486b3a4cee0378a5b50fe9f3b6f984,pure sugars fiji; food sugar
3dccd936ec5828af15b521dc0b2d3d10,pac ocean tuna red; food canned fish
939665acf012245c9cb69bf9cae3e9f6,premium island mackerel sauce; food canned fish
f483e3f2dadb242993707de8121c48df,hibiscus safety matches singles; non food lighters
4f11c205f33f83f6f3a58287efa96f2e,orange each; fruits vegetables imported fruits
c69ec5435aa991b60a58119bef0f9560,candles tower non food lighters
181a7d3847464f662eb9e1c25f1deee2,punjas diwali candle non food lighters
136f1d2a35504fd20d6282ac5cce922c,pears brown bosc each; fruits vegetables imported fruits
d5b046a0e4814e44c8bf3dc450229a36,grapes red globe kg; fruits vegetables imported fruits
55098303a797241007cd50e15f2bf1d4,water lilly candles; non food lighters
933703428659ff70b89244143a44e566,pears green pakham each; fruits vegetables imported fruits
62e0d51d6c5329a5348a6ae444d63d41,pears brown bosc; fruits vegetables imported fruits
af22d648a28324e8e34bb627dcdacc10,kiwifruit each; fruits vegetables imported fruits
7adb372d0c6716866f03954867632111,apples gala fruits vegetables imported fruits
bb5c654c61da1836b57ace8a481083c5,mandarines imported kg; fruits vegetables imported fruits
6dfc20fea961e104eb67037533a81c1f,pears green pakham fruits vegetables imported fruits
b3a9cdebb360aeeb75208d8e95a356c7,apple green lge fruits vegetables imported fruits
4a5c136e53732d7ed1469e098c5bf3f2,adora black seedless globe grapes; fruits vegetables imported fruits
39e1a1852c3a6ad8df198e796e57852e,kiwi fruit green; fruits vegetables imported fruits
6087a33de81e51ad59c70163f349599f,plums red kg; fruits vegetables imported fruits
d284951ff6adba9ff44877cdd45728bc,pears brown bosc fruits vegetables imported fruits
724d85ffab510e0a381de2be91520acc,grapes green kg; fruits vegetables imported fruits
4e983e1d0c2fd21ba94f5f14a484627d,grapes red seedless flame kg; fruits vegetables imported fruits
781ebe3b3e2d9cc224f9b9fe63a0bde3,bic gas lighters mh logo; non food lighters
4197b5be102672b25fa5d8598c5aadae,star matches singles; non food lighters
f2ea58bb5f290ceaaad7ee544cbe5dbe,orange navel fruits vegetables imported fruits
a268a74d54d9b9e5b46dcd2402cbb1ca,kiwi fruit gold kg; fruits vegetables imported fruits
4e8151a631d9827e4a482600f67fec91,crest chicken sizzlers original kg; frozen chicken
c8d7a6f64a43976e62aae3ef1e09db5f,imported chicken drumstick kg; frozen chicken
34a5eec66185760345c389df1cb4c149,crest fresh chicken nibbles kg; frozen chicken
12aaea221e63c1694bf9357a2239f9da,crest fresh chicken thighs kg; frozen chicken
5fe1e5cf0ba5c571179ff7bbe6d4bb6a,crest chicken fresh rosemary drumstickg; frozen chicken
43dff4675582ce36e7c0bfb6535e2744,lamb fores semisq cut kg; frozen lamb
ceb9cabba6853eaff6fbc879d4d89e3f,crest chicken fresh jalapeno wings kg; frozen chicken
bbc4c51c9f80623de036540d34447022,crest fresh chicken wings kg; frozen chicken
502b021fae60f0a2985e3190a7c097df,impt chicken neck; frozen chicken
973bfccc9999bf616b243c7f3dc8051c,lamb necks sliced kg; frozen lamb
5f8c5a3240324502af9f3a915736e35e,lamb bbq chops kg; frozen lamb
917ddfec1731f0e38c8047317f0d9ce9,lamb curry kg; frozen lamb
172d6edc9f8e3c9eaa68e4835c0d5eb2,crest fresh drumstick thighs kg; frozen chicken
51c86edce941f718f24ddf7df6bf6bd5,lamb pre cooked sausage; frozen lamb
d779f5967b714ef795eb06f0980c68b7,lamb shank bulk kg; frozen lamb
ea0a8fed3987a5c6b4f1b2e2be63fff4,lamb shoulder chops kg; frozen lamb
e7d3eca7b825ce5dabb2bc2ee2e13abb,aust square cut lamb fores; frozen lamb
cd1d4f1a1928065b73ee973ad32de0af,americana mixed vegetable; frozen frozen vegetables
3879c52f2521bfba21ab1367f87e4010,imported chicken nibbles kg; frozen chicken
8687b3240e3fb732c69201637639d28c,crest fresh chicken stick kg; frozen chicken
51ba90e3fd701c2c423a93aae6e69dcc,gldn harvest garden peas; frozen frozen vegetables
c0cba3a4d5d4946ed727ec823630b2f7,watties mix veg; frozen frozen vegetables
e930e3e773a72d2687c606aede35d042,chillfill shoesstring fries frozen frozen easy meals
d93f4e49ea82fa45664fe12ce8081af3,chef mixed vegetables; frozen frozen vegetables
76a6ea1feb3a151a9ad595db32dd2bc4,agrina classic fries; frozen frozen easy meals
2ed8636071dc558db0ae3ef1292f00b6,tegel panko crumbed tenders; frozen frozen easy meals
f2ecb97afa50a685e1b87229018d210d,ingham chicken nuggets; frozen frozen easy meals
3adb2a9060a2b5e9a650ed57b6ffdbde,harvest french fries frozen frozen easy meals
ef3cdf0d0cc19612bf33283397ff93ea,tegel bat chicken breast nuggets; frozen frozen easy meals
c1f85ed6ae0df913ea0e8006389f483c,mccain superfries shoestring; frozen frozen easy meals
d7392702543dd17e8fd54d9c4b050cad,top notch chicken nuggets; frozen frozen easy meals
006795faf44ca7a877169c416d2cc443,takeouts louisiana style portions; frozen frozen easy meals
89c0cd5848f38c63110bd51339f10146,lutasa fries straight cut; frozen frozen easy meals
30479ed4ac679651ae130e364b70d795,grand chef straight cut fries frozen frozen easy meals
88f5142435b958ae373da19fb9f34175,golden harvest fries frozen frozen easy meals
60fc0646bdb0c6b047356ebff3e42724,chillfill straight cut fries frozen frozen easy meals
d3be3e8588241cf62ff696184dab655a,bravi fries frozen frozen easy meals
f18d6ba036d70d97c6dc371a79511361,grand chef french fries crinkle; frozen frozen easy meals
738cf464d0bf6d7741ab42d3de81b03c,samosa; frozen frozen easy meals
d6d1e9956fd57e43c815d8b794b1fe7d,hungritos french fries; frozen frozen easy meals
07b0a1c19dd5fddd43a4d177e5b0135b,smart chef veg roll frozen frozen easy meals
9171fbdf0a127c185178d9a847e7ada5,spicy jacket wedges; frozen frozen easy meals
524eb6d0a91a1e2d69b632439fbea2d5,hungritos straight cut fries; frozen frozen easy meals
69861832df17eab297bf48efd9ea00dd,golden harvest french fries frozen frozen easy meals
e0cf8282a4f822842589bab1a82b98e5,spring roll; frozen frozen easy meals
87f36f551bf4803dfe4a8b89a11e00f5,panadol tablets non food personal care
16e7efe762827ee147de67597448f096,bouquet flowers; uncategorized
382001e05fe03b187c4f7f769a37f884,gldn harvest mix veg; frozen frozen vegetables
4b70433141eca0c2e71f3f29abc1ee24,leylands lamb chicken luncheon; uncategorized
2156302ae39f9a0f00d2eb57d1739701,pineapple kg; uncategorized
e16f2f04774c286316cbc68bfea7e9fb,guava taiwan kg; uncategorized
0d61ace3ba81bffe37b0006b61b1343c,watties garden peas; frozen frozen vegetables
ae14d792692501f8a6b5ebe2ddea1809,egg plant kg; uncategorized
0da75ea6fe314e729226dc60b89add77,leylands ham chick luncheon; uncategorized
37638e27c4ec58b27b18b14192f4e142,premier lamb sausage; uncategorized
279e04108cee0229e412fcf2aa6937d8,cabbage chinese bundle; uncategorized
a3f85c558e468314035ccb4cf013daea,pokchoy cabbage bundle; uncategorized
db0b123c791c8e472cc8810ba1711d92,fiji times monday sunday; uncategorized
c32478858a1591f494c73bc7f8661bf1,rewa yog combo; dairy local imported cultured products
8d326b8fb5b1175e6d29f4089d8e70f2,pumpkin local kg; uncategorized
b60c99f3a436a239f54f6f5c734e4339,lemon local kg; uncategorized
11bad83c9bc816fbe6c633ab3691aa6d,rewa sour cream; dairy local imported cultured products
f681e10a8328018b04addf8f510711f7,rewa fresh yoghurt berry combo; dairy local imported cultured products
0e9ef98d898441d98c7ca44b2b47c105,pawpaw kg; uncategorized
812880c274aca1351875f823684d34fb,coconut dry each; uncategorized
606fd8674b65791bf84ada5366098ab9,tiffin greek yoghurt mango; dairy local imported cultured products
136043b1be8d1b78a0e6511139d93f4c,rewa mozzarella block cheese; dairy cheese
5471084769efa29a461a238eb2981a53,rewa mixed fruit yogurt; dairy local imported cultured products
875c6c55402791e6eb556435c5004417,country soft spread; dairy cheese
a22fa3a9441fc4f2487043eab3625271,tiffin greek yoghurt raspberry; dairy local imported cultured products
b14ce90a1c0d08e8f11fdcce23e83568,rewa greek style yoghurt; dairy local imported cultured products
8cf9e3340ba46f56ca37a585c9bd356e,lemnos cheese slices reduced fat dairy cheese
40797885cf677a03e9efff0192d92ced,anchor cream cheese; dairy cheese
5cc47b25758aae7467d314dd2b6a91ed,obela butter; dairy local imported cultured products
6f18bf1a0ac1a6bfad9984d55dcb950e,silverdale pizza block cheese; dairy cheese
11b159fd00ef0ea38478d5289d089f0b,rewa cheese pizza; dairy cheese
a2d4d1dd5f3edfce55c45bb09161f861,tiffin greek yoghurt vanilla; dairy local imported cultured products
3570f81e5216b462810c3ae33c04a1e0,rewa apricot yog; dairy local imported cultured products
1e74cf208024d27dfff89efcfb7f673f,silverdale mozzarella block cheese; dairy cheese
521305fbbcfc4cc7f885ec1ec98a31bc,bega coloured burger slice cheese; dairy cheese
63e425137bbe745e22d12143c79c8538,tiffin paneer cheese; dairy cheese
160904b03e5e56356e49d182c28eec73,rewa vanilla yogurt; dairy local imported cultured products
1d782e5e1b40227974d290a4a1bcb33e,meadow fresh whipping cream; dairy local imported cultured products
173e487ea6ffb647fefe5b7de01783b0,rewa dairy plain yoghurts; dairy cheese
af8a8b9e565249dc19a534c8d4fe9e74,anchor uht whip crm dairy local imported cultured products
d1660402dac063026730fe4e1ff8bea0,anchor hi calcium cheddar slices dairy cheese
a05cbba02599a311e5773c7b4baded98,lemnos cheese slices dairy cheese
9b717a220ef66253934d031753a4c8cc,chesdale cheese slice; dairy cheese
306b048b7d5f7337c4342e87fa657435,rewa cheese tasty; dairy cheese
1eddef4af936a3af1eb7ae33795b5de8,country soft; dairy cheese
39ee3b1e7cbc568ca800644191d58546,rewa cheese mild; dairy cheese
80f5dfdb09b59b11b31977d4b8533ed4,miracle spread; dairy local imported cultured products
4e1008816bffda1a6b3640b6efae97cd,tiffin greek yoghurt strawberry; dairy local imported cultured products
a4928500ae8d14a4546dc5079ecbcf68,silverdale tasty block cheese; dairy cheese
f2ae8b2cddfc9cd99d19e2eb6f1780f5,anchor cheddar sliced; dairy cheese
f343c1caec0e76af345769c2fe2e01b5,kraft cheese single; dairy cheese
da83e3623e8be5e0e2f658293fb489f9,silverdale mild block cheese; dairy cheese
db73d705bb3699e2767329305c56ac38,miracle spread mag; dairy spreads
85ece264693e295989149f53536ead8e,flora margarine; dairy spreads
ca71580bf17ccea324d1f41a1eebaaa2,rama dairy spreads
a805580605e77af3179d93f4984f3a60,flora magarine; dairy spreads
992518fcae015d326913f88adb8ee260,tablelands margarine; dairy spreads
3f8b9896a37a2ad8cfb3c0555703d45b,abest lychee juice; beverage beverage cold
d32f9b4da70db69ac41cd0401bf41da1,rama spread dairy spreads
286c8086741f885f108eedfe1ed0b8f9,golden margarine; dairy spreads
78bddc96e4a8317e72ee105ab906272c,meadowlea marg; dairy spreads
1f4d2a0dd91f3348bec0ee59a93413e3,pran bisk club chocolate cream biscuits; beverage beverage cold
83cc1ffe64fe47531635346d05d9fbfa,marigold fruit drink apple less sugar; beverage beverage cold
8e609ba3b33e48a8fc1fd5862244c23c,marigold fruit drink mango less sugar; beverage beverage cold
f271dccdacfb27d6c8a30d4ff4414cef,tropical punch; beverage beverage cold
e2baca3085f997c68798a279f5da525a,powerade berry ice; beverage beverage cold
7da48fa92e51d30b42fcc7183c346723,mother frosty berry energy drink; beverage beverage cold
232c1890db575c4850132c80e3a6dc9c,nutri party drink red apple; beverage beverage cold
2528d9d9aa341b6010e748f0eda29185,cola; beverage beverage cold
aee0af1161d595a94af01642c673bb5a,pran eclairs toffee beverage beverage cold
b62b1fb1a5c84136aa1421eb3047e4e4,circle punch beverage beverage cold
3cac65b831d4fca87f6c5cec214e1a06,rasna lemon powdered drink; beverage beverage cold
24882252d3012c8310e6d3e158d5d447,rasna pineapple drink; beverage beverage cold
6fa0dd09fc908878e5881fd66dbb2255,crush lemonade; beverage beverage cold
f4ef681998b5af8e90dbfb48d907d30c,nutri party drink melon; beverage beverage cold
baeb55ec35764188a79e23bbee9a3677,energy drink; beverage beverage cold
76284cb0c96c4a669b8a94edc77ff26b,ovaltine beverage beverage hot chocolate
a8d607d5df54367c904e0df8f86b84f9,sunquick orange; beverage beverage cold
48e33514915e16be3bf3143935cdbd50,golden harvest cocoa; beverage beverage hot chocolate
f7ef1305f7cd9abd537414acb1e27e52,milo soft pack; beverage beverage hot chocolate
37020c5918843990a15fc426f40a95b0,nestle cocoa; beverage beverage hot chocolate
1f65184e058f4e853ba28f2642dad377,nestle milo uht; beverage beverage hot chocolate
97010fbd6dbb12be2fe88c9ff6a31404,nescafe beverage beverage hot coffee
c2581cc23127604032e9ed29d57522b2,vico malt drink beverage beverage hot chocolate
a833130c8176804690a31de267e07567,nestle milo soft pack; beverage beverage hot chocolate
1fad6b14d1c44a88738a9f8eff239b3a,noble cafe cappuccino beverage beverage hot coffee
ddfa364e056ef7fa4a06c2e252e3350f,marigold juice apple; beverage beverage hot chocolate
82a4346a2a45f468dd1b61b982c4340f,nescafe mocha rtd; beverage beverage hot coffee
2cf87d2a382156373e5ec2bba1cfa88e,noble brazil inst coffee; beverage beverage hot coffee
e469e3e2432090ce38fad406b976663e,noble classic inst coffee; beverage beverage hot coffee
b1c0343cff39d906ff6a87de2a23b8b6,nescafe kopi latte rtd; beverage beverage hot coffee
1cc89e70388e8bd8527333d6fbef363a,coco malt; beverage beverage hot coffee
08c73c38187304bbc238fa8919238ad8,nescafe latte mocha; beverage beverage hot coffee
42f7d3c8b632ce8f23a980a3c56fecff,nescafe classic inst coffee; beverage beverage hot coffee
8a03ba29fb8852671b8177d66c530843,premix coffee; beverage beverage hot coffee
9bd9a1d818565a1cbf80cf3b9179153e,nescafe latte caramel; beverage beverage hot coffee
ec652c0d038c01e989a0f6cf9cf00886,nivean men everyday active fresh spray non food personal care
0f71735968249ead1e9d2a5725932295,drypers baby wipes oat non food baby care
e7f7576afa7014dbdbcb7813bceac015,nescafe coffee gold; beverage beverage hot coffee
41880ae63d4beeb7fce4adaa05ff1b20,mitu baby oil; non food baby care
371e3dc37dc70073d6fb0daa0121a511,dermi soothe icy cool talc; non food baby care
a8d1997bd6e1361b812001384084b45c,jb wipes fragrance free non food baby care
8b6f0f335447e14b04784dbb9fefb906,drypers wwd xxl non food baby care
ca8f54ba6a2856cbb195724b21e55e73,jb wipes flip top fragnance free non food baby care
8e29963c90d49ef64e81e760ca3b5fee,soft love soft comfort lrg diaper non food baby care
dc7f0f4e7506ae3dbf806df6a240a2fd,drypers wwd non food baby care
a567a16ab3cf61a749a3cb8448da20df,drypers touch med non food baby care
745777ab99b50900a31113ad5d810e17,soft love soft comfort diaper non food baby care
b0da80bc54961d106cd9a8c61d2c1826,mitu baby powder classic non food baby care
69a715feefb3e35b3c0f1283eadeb673,drypers touch non food baby care
174b5f96cb50cf7a26d8a4672f89eca7,mini stars baby wipes aloe vera non food baby care
dbcefd13747d5c43b6609ce4d63e0cab,drypers baby head toe; non food baby care
d4091941b257ad1e6ddf27bfa4fdd52d,huggies nat baby wipes refil; non food baby care
3396bbf8b12766be6345cf4b63bb48d9,drypers baby bath; non food baby care
9e719770c817e3022aaef1c828c99bfe,mitu baby powder floral non food baby care
9951dc33a64faf4c7dd2065c277d0fa0,stelow handy wipes; non food baby care
bf92ee4719ddff96b0ac4e98011afb3f,nappy time diaper non food baby care
0faa17c5d2c9b1d5d1d1f59137ddc8b4,jhns baby bedtime lotion; non food baby care
e992ace9f0a17a5d3c60fdb64b16ae4e,tushy baby diaper non food baby care
4148ae77a6502dededae50c4c840596b,huggies dry convenience non food baby care
5721088d4d3fb15c024d160d0c8918ac,value baby wipes scented; non food baby care
5afa33d5df5bb35029668af072a985c2,drypers touch xxl non food baby care
f948335379a3c296f038d4ac15d38f19,better living liners non food sanitary toilet paper
2e4710e0bb6087ef7b2f47452f111792,jb essential baby pack; non food baby care
872a16e321651e23260bb3096b6c50f7,drypers classic non food baby care
c5a63e6f8da2ebdaeefa010ae692e784,kiddicare frag free baby wipes non food baby care
275ba71a29dc1ec744746b8bd1d205b5,mitu babycologne bottle pink; non food baby care
3cf2704a6c79a62b3da1b20c56bc09e0,cj baby powder grapeberry; non food baby care
c694f5288eb1a9dbda1c92f8628cf55c,stayfree nights wgs non food sanitary toilet paper
e58b7003a75be8186ccd3afb18d78c4a,libra extra super wings non food sanitary toilet paper
28d7c77c8e483bf532fb8c3216ff3769,carefree frsh scented liners non food sanitary toilet paper
df92c4c9d04f4eae0b3386a6a88658ff,better living extra regular non food sanitary toilet paper
324f9f4153f29da6bccfd7172d582592,staysafe rf non wings pad; non food sanitary toilet paper
e6470b078769a7ae43fecf95555dc29d,trupal adult diapers day non food sanitary toilet paper
e1f53ccc9227a73676d043f7b4530ce8,meadows toilet tissues twin pack; non food sanitary toilet paper
5766bc3c316def997aba12f007918659,veva bathroom tissue family pack; non food sanitary toilet paper
cdf27d16704be869283ae237d6c8b284,trupal adult pants non food sanitary toilet paper
577dec7ba132853d4c0a0cb3f551f8bb,better living ultra thin overnight non food sanitary toilet paper
889b79f8b7686834459363410c23dd9e,meadows toilet tissues non food sanitary toilet paper
114d3213fb59dfc911bece5007552b2c,fmf rollux toilet tissue non food sanitary toilet paper
80448f33ae2ca4fdf450f97f4f7f8c39,orchid luxury; non food sanitary toilet paper
487d2514a262367e81bbc1c5ba9f1e00,better living extra overnight non food sanitary toilet paper
1d7755ce91169f8c7cc0eaed2aed7b10,fmf calrose rice; food rice
660030186d188623d6185c26ed557f77,angel instant yeast; food cake mix essentials
7a9d7aa7274047f53cddf719d8c8e749,fmf raising flour; food baking products
534eae6918ebe98ead3984c7207bec14,fmf jasmine rice; food rice
4a0c476c30e348d71434c1a875a1c372,fmf flour; food flour sharp
6328c555c3098b1f6e4e45b5fe425ba7,fmf split peas; food dried legumes
f476117646a71460866199744cb4d443,fmf thumbs dalo chips chicken; food snacks savouries
10de118ce6165655c0de38073e4bc354,fmf pizza base mix; food cake mix essentials
bc30d5b41208f34b05219706e9abdeff,jasons windo zesty tomato; food snacks savouries
00fbed82cffaa90aabd5f5f673bd7199,twisties sour cream chives; food snacks savouries
8cf9b2894d317c0a0c612afaeaca9e59,fmf coarse besan; food spices
c558d56ed4a4a2deae0ac8909b789a2f,edmonds acto baking powder; food baking products
718f09e42ff282a80dc1e1194b75506d,twisties extra cheese; food snacks savouries
bd7b7eda491735ee750a83f914c72f1a,fmf thumbs dalo chips; food snacks savouries
7ce5b9e30e3289c36ad148278716df3c,bakers fresh corn flour; food baking products
c5e3d5dfa0f9fe06947154b6b20e376a,gldn hrvst maz flour; food baking products
2ec0050cbf5dc44e9b7706f2febebf92,weikfield custard powder vanilla; food baking products
43d2b4b93f24947861f82ccd05fb3e48,baking powder; food baking products
0e44c2fc9a0b46705eea177a60377cee,gldn hrvst baking powder; food baking products
af4f075c9356d06eceb482617b8ac4bd,weikfield baking powder; food baking products
a03127a4bfb0c991ff66cd46df7d721f,edmonds custard powd; food baking products
f1b7bf1ece153e69a6a721487bad1645,bakers fresh self raising flour; food baking products
252af82610dea7083cff93b2b8f5b8e2,edmonds baking soda; food baking products
dd7b616eb6df93affe1846eaa667781c,sunshine corn flour; food baking products
a72a54fe12512dd240d1a2c4489d0172,golden harvest baking soda; food baking products
bdf37a95a666841969d392eb87bc3b3f,custard pdr; food baking products
4d89290604473962d4f0758ff8a8387d,gldn hrvst powd; food baking products
71cd63d14d1781c4690fa7665186e988,golden harvest bakin pwd; food baking products
3669de39c011690978dfd4b4a75d4609,bakers fresh baking powder; food baking products
e28db28a277924eaef94a34032cf3529,farmers best maize corn flour; food baking products
5602c20f48baa0c2b0cf2fa1ef67cafe,custard powder; food baking products
b56137f96d44f940721d943fc847882c,bakers fresh purpose flour; food baking products
8dfcb5b25487f94f7635aad214dd34ff,sunshine jelly food desserts
b63eb9b06a5d4b00daca4f5e712614ac,laxmi corn chevda; food snacks savouries
508b6c2130a08cd4d836e4b7d8de0626,ufos; food snacks savouries
bce2c87df3bbda9702839a8824318119,gangas corn mix; food snacks savouries
22c5b360c50fe1ab1799533576d7c6eb,ganga hot mix bhuja; food snacks savouries
77c15526515b17331c614a4c3113ef08,cones home food desserts
0c93382d056e3555de62ce0862f73614,rishi appalam papad; food desserts
0ddf060de928efce3d7484fbfbc9998c,chip chop cheese flavour; food snacks savouries
df695e3c8b8d756e7cf2b2cc35037cbc,ganesh moong sao; food snacks savouries
2b40313ce01cd5b3d301184250faf14a,ice block sticks; food desserts
f20e796db916af50911cd734c925d89f,cones cup joy food desserts
88796f40582fce3dd2cb794b7fc606b0,yumos extra cheesy; food snacks savouries
8044f972c5df9846ba1d0047b32546ec,pringles smoky bbq chips; food snacks savouries
8b419acfabdc8f956eee3d53b5271839,ganesh bhuja; food snacks savouries
3c412b8543e9471316ba1f49b317cb16,popcorn cheese; food snacks savouries
a204784a5bba1344abd136fc3ff191ea,miaow miaow hot spicy prawn; food snacks savouries
3d24fd3f47a7b35f6c875dec33796be5,ganesh peanuts; food snacks savouries
8576fa892410c30c7a47be03fb814e3d,laxmi sao; food snacks savouries
23eabc0b3c477442bcfd78eb275709c3,twisties chicken; food snacks savouries
cf2f6623daf984d36e61be9ba9b033fa,eta ripple cut chicken; food snacks savouries
7f6f24301343bdd82ba8c29721071d1f,curlies cheese snack; food snacks savouries
4f25a92a394fbc669f3aaecbcca9626a,jasons bongo cheese snacks food snacks savouries
76cdd347d265adfbcc4d92745cb8e1e9,pringles pizza chips; food snacks savouries
71ce75d00131498d124b2c45694d516b,ganga potato chevra; food snacks savouries
47f8454383f8af7e0d2c39f00fbd62e3,harvest orange jelly; food desserts
08253c3bb1354057f51b58c04a6eb481,soneri dipsticks tangy apple; food confectionery
0153bdf5bbb8ef252c38c0773f0dc0e3,jason whls chick; food snacks savouries
9803b683ff20279f62f0db031bfdc3b5,pran jelly food desserts
fb27dfb17a3a6a88528ee6a7272f2c40,queen green colour; food essences colours syrups
8fc20e966d9ff4829f06325038d03d55,tiffin ghee; food oil
0d6e8004cfb5aeb8dff0fc6e568bd669,tiffany eclairs; food confectionery
6e81e7eed491133113729b105da8d40e,punjas coconut oil; food oil
82b4de47cb7cb2eec156f077ee53d497,punjas vanaspati; food oil
a5b8c55f9874828a1dd658e08be3fa55,punjas ghee; food oil
901a3e5b2704f26eda827636a26ee8cc,jasons supa blo spearmint bubblegum; food confectionery
71076e51565841a8207ff2b06736729b,allowrie pure ghee; food oil
3a27fe72a14ea543440410c318ed9364,golden coconut oil; food oil
7a2172ae5eb4a25f9a96ad0497cc11f9,alfa one rice bran oil; food oil
cbf354e393760f3115de590205870e8c,wringleys hubba bubba strawberry food confectionery
25bae6e0e85b6ca597e29f5ce7326e3a,fiji virgin coconut oil; food oil
7f3a1fc69a0c22df552862c748be555b,punjas vanaspati oil; food oil
04aa78563feb6fcebc3811d269e8f910,simply soya bean oil; food oil
eca1c96cebb781a1f3c4f1c7af142473,simply soya bean oil food oil
90dbb50df518ce67877c0052546a8b91,simply canola oil food oil
287eea3666a7ab31ba1236fea5192591,jasons supa blo tutti frutti bubblegum; food confectionery
ba4f0d5edcadbd36ff03424478463190,bbc hot mix bhuja; food confectionery
9cfb6101ee397041c606fac618168963,tango milk bar; food chocolates
bfb1b481b99dd2a0bd64d33bfbb95d20,wrigleys hubba bubba strawberry; food confectionery
fb3a1f4e7c489f83c64cfd8ca6b2adec,punjas sunflower oil; food oil
c9cb1ce8cdc99e597fa5edc7aeede48b,jasons supa blo cherry kola bubblegum; food confectionery
5054a8df5541d9981567b03589cd6ec6,kit kat fwp; food chocolates
5a7cd8ba4d6bad54a7ffe7e7612bf564,kit kat chunky; food chocolates
27bf5c9cd2fbcec0b14669c9f3345b66,tango max crunch bar; food chocolates
4a7e68212d7652d87046c0d62ed22e23,cad picnic bar choc; food chocolates
612e8173cbf7e2e0b41ae4d617964396,whittakers roasted almond gold; food chocolates
9a73312d91ef18ec40e419b26358e2d6,tango fruit nut bar; food chocolates
ac92ebe329833eb3cf4a9403ebfbc9bd,crispy bar orange; food chocolates
1fe9ecb584129fc373703654ab07d60d,pran chocolate; food chocolates
8553e2ffd0018ba87191745405912518,tango almond bar; food chocolates
9d1d2292af509fa92b9e94bc4b9bf74f,tango mocha chips chunkies; food chocolates
0a2ce689ee5b43aa34a0979088186f8d,crispy bar original; food chocolates
3c0ddde42adda3853a3dac2f7de093f7,crispy bar strawberry; food chocolates
31f47f682e71d329addf2a1ab149e7e9,pran wonder kids egg; food chocolates
57609004918b281fd85d6fa23c1a182e,tango; food chocolates
7d5f2f4f6d0ff368b2f08fe3a28d2390,pran treat bar chocolate food chocolates
064597c5e796110b9ccf54a3769ee7ed,nestle milo nuggets; food chocolates
41b54f55e9e9140b0042b6fa7c8dea12,nabati wafers cheese; food biscuit
916f431667f17a921fed390776f32762,whittakers creamy milk; food chocolates
7e87141b43a7d249a49bad136e3d382b,crispy bar; food chocolates
4d1c48fab1522655ea1c0f714a9582f3,cadbury dairy milk sharepack; food chocolates
516e49bcc82045e488eb27177ffbe4d8,oxford vege crackers; food biscuit
9e85c388ae947c65b3b6ff5817b9299e,oxford sugar crackers; food biscuit
c4737aad3b16e83014de707796c1682d,brights strawberry cream; food biscuit
19937158ffadc3e7d7eb65041eb20be6,pran bisk club orange; food biscuit
35769d1de9286193730e142c5f581538,nabati ship corn stick cheese; food biscuit
5cc3b97a82d5d9ac1fbd1abfe63c9205,parle hide seek fab strawberry; food biscuit
74037ac9622cc7a543621fa3c63f4ca0,nabati wafers strawbeery; food biscuit
894f13a6a6d4b466a1cd71007608c7e4,bakesmith marie; food biscuit
4731d70146daa640c0a144dc467ee0f5,oreo red velvet; food biscuit
56af76abf3693169d59a8cd35cf5788f,brights lemon cream; food biscuit
9052d4447037e65ecc1c092d9479c9e5,oxford premium cheese; food biscuit
c2dc380fdffdf412d130d5828c3a3383,americana oyster sauce; food biscuit
b35383f3cf58a095ed95014006d2b379,fine fare cream biscuit berry; food biscuit
3f7dd0b3724781a7b307a3199d4c7858,parle hide seek fab orange; food biscuit
099ac76124a439ef792927e532281b36,oxford corn crackers; food biscuit
a2e70adc24a93bb35040eea70bceecf4,brights chocolate cream; food biscuit
2bad79b3f613c0e2c522a9f1aece8a30,oxford wheat crackers; food biscuit
425dcfc639cf435682dea3e9a2361243,fmf peanut cookies; food biscuit
11e9b6ae2c20c5092a51aa6dafe34dfb,fine fare cream biscuit mocha; food biscuit
4f7c9938fec39690ce59dbd2c3f1ca1c,better living wafer chocolate; food biscuit
64f7512b2f530984018259752c37a2d2,pran coconut cookies; food biscuit
fbc1fdd57edfc24303e1b015a108688c,fmf sungrown rice; food rice
79f606df6437a2b94d0df0acb00b1e05,ritz crackers; food biscuit
699cb8cae11da0946c605489d9f83368,oxford original milk marie; food biscuit
10de7c8c66d1ed6617784f2bdfcdf783,punjas zeera bites; food biscuit
fffc49d540e96d8960ae0fc15c9087e2,griffins arrowroot; food biscuit
c348b1704f6835ccf15dc75383c9f5c1,dukes waffy wafer strawberry; food sugar
a896374b10d69dbbbdff7043e70ddefb,fmf kremo choc bis; food biscuit
e575d5ffb520ea0a822b81ddea38f25f,chelsea caster sugar; food sugar
40f7ec71f886f3cfaa923bbce093c974,farmers best icing sugar; food sugar
e33945f81bcf5ccfd397f37f18db6db4,pacific taste pure honey; food sugar
9384b3b5ca62f99a6bae48758477fdaf,bakers fresh icing sugar; food sugar
beaf9e58cee50986311a4a1433a88e41,farmers best caster sugar; food sugar
9fb1e0a2c1bf6f47aacac0275fee7988,dukes waffy wafer hazelnut; food sugar
ecfb10ef296e7612be1c39c5a671e1b2,punjas sugar candy; food sugar
2fb6e01b6f00141c63dec8a4fa7f2b97,dukes waffy wafer chocolate; food sugar
679c4f727340ca2d383746fd3a4dbdd3,chelsea white sugar food sugar
ad840e5834802e4aa80c2c1995204d95,chelsea icing sugar; food sugar
888bca8eeadcb80298ca0702881f0852,dukes waffy wafer orange; food sugar
de09784a7ccfdc01d6898b27f3e91a9e,royal pacific raw sugar; food sugar
524ba0a0072dd0c79509b00c08ae21ed,punjas calrose rice; food rice
b3a02e300943eba8e1cea0262cce9819,indian gate basmati rice premium; food rice
fc110f2866fe35245ae99c53c1b3ec0f,parle hide seek fab vanilla; food biscuit
ae62852338b0058998778815f94c414b,punjas jasmine rice; food rice
b1ca9ed39b2693f33a6db5d6835a5ab1,punja calrose rice; food rice
b716013327cc29db5e328279b6fc9ec9,indian gate basmati rice rozana; food rice
243e45806cd6b0f69e9ef6b00f9bc533,punjas long grain rice; food rice
e1fe56306923e0a30193bf55d29895bc,kohinoor basmati extra flavour rice; food rice
f5f1deb439bbcbaab865757b1f1b3565,fortune jasmine fragrant rice; food rice
4c6f373dfff31982ab08c9eb64f6bfb5,punja jasmine rice; food rice
b05a5ca74f968994d2054e8f4202a4d5,punjas pre long grain rice; food rice
383520985f36471fff1d4f840a87834a,punjas prem rice; food rice
efa62bb0835c35004a00cc0d709c5dd0,fielders long grain rice; food rice
527304bd51e2f79336ea9bcaa59f56e0,oxford premium lemon; food biscuit
97102b2d415e27dc5bd0d4592646eed4,oxford premium chocolate; food biscuit
fd65904b98b1f65393e02326eda738de,nabati wafers chocolate; food biscuit
41dc32219169ae6ab174e2b5d51c1a10,griffins snax; food biscuit
073c50fd481d48eaa4d42895f11015ab,nabati wafers coconut; food biscuit
2ce20dad927901986d24b5a02d0acef0,griffin lemon treats; food biscuit
f22272db463c8b9f1cfc7b558dcb9fdd,cadbury peppermint; food chocolates
fa99d6611222867e5ccdfd70fa4b56be,tango almond chips chunkies; food chocolates
8119dd418f4d217ca7b3e262dff4f6ec,jasons fruit harvest; food confectionery
e4c75f2489536a0ebe1fb0727a6370bf,tncc squirms; food confectionery
144dd16488b1aa5ca70387fe7246feb4,lays sour cream onion; food confectionery
a3b8a3d62dce89ca7d16b5a4443d8483,extra professional white bottle; food confectionery
d2bac1202db723dc95f818c96df0dada,lays bbq; food confectionery
786b4c624184e3e5cb4534ef347ed226,bbc papari; food confectionery
bd7e5e8ab55f47ff74693394576e8204,jasons black x; food confectionery
408addfcfa823f4d5b420ad3f10ef147,cadbury freddo sharepack; food confectionery
791846ebcd020a8530ca9b92f94b0170,florestal happy bol grape; food confectionery
b9c165d71da8094532a01a5d0525c3de,jasons clear mint; food confectionery
c6ea5b74b26fb2897744b91a7def26ea,pringles original; food confectionery
2de3a082273dadfbcd80c860a5ba113b,florestal emoji cherry lollipop; food confectionery
d3461a51ce09ec150dd31a1b078b655a,pran lolliland blu ted pops food confectionery
7f468cd72732c997ba61aa7f1fec9e53,wrigleys sugar free; food confectionery
7d38a303d84182dc5e140bf396de9a7b,pun hot masala ikg; food spices
3904e30c0b2c7f7dbc1ff26451390b72,blue food colour; food essences colours syrups
7f71be544bd3c7d011c3d6f707bc7480,gangas palau masala; food spices
a9eaaf208d2ea9685af2d3f94b6a3923,national spice mix biryani; food spices
911778ebf33fa4ad65a819cb5aa75648,pran garlic ginger paste; food spices
404ff08923e46d8fca8af8a36ea27234,pran garlic paste; food spices
227ef7052c375b1fa89b16b5c62b5036,punjas meat masala; food spices
4fe892267b66043183be7d718686ab98,bombay biryani mix; food spices
b3d9573738d8c5880a9cc577080049b2,gangas mustard seeds; food spices
02b710f16ea8ff060dc67c06a1410952,national butter chicken; food spices
ce1dbc759f8af64fab9e107116f495ab,gangas hot masala; food spices
cab9ddd58b7c3f21fd8c479b561a111d,gangas pea besan; food spices
adee218b76d21e99392995bc3957aa1d,national spice mix mutton biryani; food spices
8e2b707df27f26dcbf53fc6921556edd,gangas sego seeds; food spices
c11567c662d1564f3ae24023247dd594,hansells black pepper ground; food spices
29819e9cb4f0c85df1b8ddbe3d33b890,bombaywala palau masala; food spices
0b8373cce63c59599374df61869d7d02,rran tandoori chckn bbq mix; food spices
d903b55c0fa0bcde0f288eb41f9fda96,ganga femingo; food spices
d0f7ec60f3206a0155e334dbafcaa58f,ganga masoor dhal; food spices
483ab5d76288305eac41d15a96fef3e0,bombaywala curry powder; food spices
38982050cf5021e26428d33b6edfa788,pran butter chicken masala; food spices
69b26d0a8a847758e168084c3bf23bc9,national spice mix chicken biryani; food spices
ee30680ce96c186b0e3ca8e606b9a76b,bombaywala meat masala; food spices
2d94556ea9fa56f0a7497b4ec4adab04,national spice mix bombay biryani; food spices
51764f12916a5eced9e17311ba0a6c74,punjas coarse pea flour; food spices
2a5746c54b6a24589dfdfaed275a80e6,bombaywala masala; food spices
d124592ebdc4ee7732a3bab4b1e87da4,gangas haldi; food spices
55cd40aab17b4b6445b79bb62b5999ca,gangas chilli powder; food spices
b273d757d8d347d4cb0b0c2c4d136c70,punjas icicle berry; food essences colours syrups
8eb17d508fe59fa47476dba3ba6fd3cc,red food colour; food essences colours syrups
d15bed7ea1c19874a44da17875edd343,vanilla essence; food essences colours syrups
1a220f5dc3b9379001eef6c07f3b7641,queen vanilla ess; food essences colours syrups
0afa38b26de0fd1a0661009e54b5c5b3,green food colour; food essences colours syrups
76a0873049004c5209b5496020658c66,orange food colour; food essences colours syrups
e5888dc35e9799f79a6f6ac99410de93,pink food colour; food essences colours syrups
f73536056953915f1195296dbce97392,parle hide seek blk brbon choco; food confectionery
db181bda4490dce41e1dd0721f5fc39e,wrigleys fruit; food confectionery
7b3072f92e1036cb7b270037ea42e7b6,lays classic; food confectionery
3dc8b0478cd43baf2defe50f20070169,florestal bruxolita tongue coloring; food confectionery
302d2233d809db43fa95569ef33f8c35,pringles hot spicy chips; food snacks savouries
6fdabf1f58667cd20c73c828d4e4fd05,chip chop original flavour; food snacks savouries
7fd89917a2ed7ea7dcf5e630cfddebb0,chip chop bbq flavour; food snacks savouries
da60f25fb73eb3d2ec21f05de176d060,corn bits snack bbq; food snacks savouries
d355e5bc791833b75e266f808a5d59ee,sunshine custard powd; food baking products
815b7f64c0b8fc028c266a9c687a17af,fmf semolina food flour sharp
83bbe349138290693cb9a062582c5fd6,fsc sugar; food sugar
609b21cf0905e7583942eee30281b2e4,ganesh fine sao; food snacks savouries
fafb655a33dc8b357ea1c84766c60b0a,nestle cerelac rice; food infant food
4f2949c0560bf31f15daeea531168afa,laxmi rice bhuja; food snacks savouries
e330745124b2d47da7405b7eb59e848d,watties fruit salad food infant food
b9a71bc039c94cff4823fd1dd8ddd852,heinz cus vanila food infant food
32d40d7937d6e899cfb042f657a2f52e,hnz jnr pear banana food infant food
cca798830074b2ebdfca77697abe4500,heinz custard banana; food infant food
92c4729420d86b71013a7de705b454b8,sunshine glucose; food infant food
115026cb67d79c72c2c8ef0933868051,punjas mustard oil; food edible oil
49de524adc93f4c217cf98eeac40b50e,heinz cust banana; food infant food
50f171864dcb88200a0bc0688d435526,hnz jnr banana porig food infant food
f32f1c22cf284be4c20fa6fdb7470906,punjas soya bean oil; food edible oil
31434d4b3432cf721fa307359bfa29ca,tradekey soyabean oil; food edible oil
6e891a0b0a8b4a71b2e13ebf953895a8,punjas soyabean oil; food edible oil
2002fa8f34a5d0b8acbd8638c3db7e80,tradekey canola oil; food edible oil
739bfaf93a7c83d9882ca675146757ab,fmf atta flour; food flour sharp
5ab5cc922557235d6411d8716dcf9ec7,punjas sunflower oil; food edible oil
cac2d0edd972f7a093202a1cfcc2d7b3,fmf blue premium soya bean oil; food edible oil
78e93b6819e6ed110046dfa44e962f4f,fmf blue premium canola oil; food edible oil
66e6bd85439e5828ab0501b2211f465b,punjas canola oil; food edible oil
6638e0ca7afa4489f0eae02bfd09119b,golden mustard oil; food edible oil
949a4c527c254a54411055f06e43a629,volt milk drink powder; food milk
7be11fc25b1da8ff7cfbbf5412f149a0,punjas cooking coconut oil; food edible oil
77f20b60ae71e46e80c8462ef0fc3c86,crush orange; beverage beverage cold
7cc4010deaaf0eadaa1ec87b1edece87,marigold juice apple; beverage beverage cold
66ed4da6bc2ea72475e19a88f87e361c,doritos salsa chips; food snacks savouries
23edaf7aae028a57f8e302746cc09f3e,punjas condensed milk; food milk
7bc41f0a0341103d1d8b4637cccd0d27,tiffany cream toffee; food milk
29514bbfdf29e813bd192a3010bf9c25,meadow fresh berry milk; food milk
8bdc26f9c8adf1cac0499d8bc51ecf88,rewa skim milk; food milk
c06872aaf78960ad848b8cfdb1302f51,farmers best full cream milk powder; food milk
0b4da606b3f826ff6eda43a9e841bcfe,meadow fresh low fat milk food milk
e0432c65ca6164e47fca2ead94c0b411,good regular; food milk
b23206d8d4d22518df6c9935664d0505,golden harvest fresh milk powder; food milk
fa91fd83d88b61526d6f70c4660e16f3,red cow full cream milk powder; food milk
994279c7bd5fa97780bafba3d3844e11,anchor regular; food milk
eceb89d611fe08356fe757e1788416f3,rewa cream powder milk; food milk
8131ab02f4189c3158069b985a5f9ff9,rewa life uht food milk
7e5cd3e96af4d023c2b472705668ccb8,devondale skim milk; food milk
4818a368624de0a341a0bdaf37fb31c8,anchor regular milk; food milk
0103718ebe5e40d73407da8ebc908522,anchor milk berry; food milk
e4b8a71263387aa6cd59cdb5d56d793e,anchor milk choc; food milk
c91dd89f2f3d61c738690bd16be6384f,meadow fresh choc milk; food milk
7171ef2f1d629fbac5fee4dd36301cfe,golden harvest red kidney beans; food dried fruits
b18a7644e443f6ab781b544e4856644c,rewa fun flavour bubble gum; food milk
9b76f7236ed9a3c59898a108e196b153,snax stax bbq potato chips; food snacks savouries
bbfa680cab4d87dfca18f640d21b3dfc,farmers pride tomato puree; food canned vegetables
4e96c732305ba20299d86cc4034df48a,ananda premium fresh pitted dates; food dried fruits
6a9bcad19389519464c2c62566abe9d8,golden harvest four bean mix; food dried fruits
a977f3dd8d9f7c7554e4e4d99cadf089,gldw hrvst pitted dates; food dried fruits
c22cf9d441e8eb480bc4135b83e40c3e,farmers pride whole peeled tomatoes; food canned vegetables
32408fae751ced42853c98a27b636bc9,savante chopped tomatoes; food canned vegetables
d8b626446d82ca49cebb53b20ab5b13e,americana cream style corn; food canned vegetables
33a4234773dc7a599ca9b4c6f9232678,pacific crown tomato puree; food canned vegetables
6e3af6bc8bb57a2f0ee5224c99c92cfa,gh young baby corn; food canned vegetables
95031d54f5261c564721f2e35185bfab,valley fresh tomato puree; food canned vegetables
07cb944f014522aa74c05d0712be8f37,gldn hvst whole kernel corn; food canned vegetables
f238880b9d5169e41606850236c24347,gldn hvst cream style corn; food canned vegetables
927cf653f7f5ae01318526bf3ed8ba66,bis chopped tomatoes; food canned vegetables
6257e7a6c4a6d3e40972b2c8e924a98d,farmers pride chopped tomatoes; food canned vegetables
d68047cdee173fb40e4413379b562ee5,watties tomato puree; food canned vegetables
fec0b0a04af5732af8050284e8534e7e,watties tomato paste; food canned vegetables
6a067008dae006db5094162246a6a404,coles sliced green beans; food canned vegetables
6dbabe5b438c343c2db417094d6f568e,watties whl kernal corn; food canned vegetables
09a6315357640a55e38acc0582792701,savante whole peeled tomatoes; food canned vegetables
ab7021f1d19d5436cfd6ef1ebbcecf48,amiko tomatoes; food canned vegetables
44021fae83528720a2f0d26a44cf50b0,davia tomato; food canned vegetables
290272e5a94ddbc47ed6a558b7282887,premium isl whole peeled tomatoes; food canned vegetables
24baa09edaffc1e9b8683f5bac978fb7,bis whole peeled tomatoes; food canned vegetables
fe3a8813a986557ce5ed475543eadab6,perfect choice palusami; food canned vegetables
8726e1d5b0287c90b2c4e2b761816e22,savante baked beans; food canned vegetables
c1ee88b27391511987acdc4249b2eb7b,pacific whole kernel corn; food canned vegetables
512b10b6a915ade6b257f4ebddf87ca0,palusami; food canned vegetables
395feda7d72ed6e199b418bbc78e5ba1,pacific crown tomato sauce refill; food sauce
4ef6c27180c35b733c737b81741ddf44,good tamarind candy; food dried fruits
d70e5b4118e22ec3f58c748b4f17a071,golden harvest black beans; food dried fruits
8f8abc10d895700de7f3d5121c2d91d9,yakin garlic chili sauce; food sauce
7281f2e248c69deb55b156af80628893,pearl soy sauce dark; food sauce
338a414b58671d255868b0429d0cf9b3,yakin plum sauce; food sauce
3d6b7c8389e55574f3adc085d38bc74e,sweet chilli sce; food sauce
f2abae7019889d5c8afb4ee036b9cdba,americana mushroom soy sauce; food sauce
aed18a79c1bac355b5026bc125b87a54,button mushroom; food canned vegetables
4c9b91152a3b23ae447273ce77abc075,yakin salty soy sauce; food sauce
c6944a5289d180e8e14577841873c8ec,yakin hot bbq sauce; food sauce
a0ba9b9281d7befd7ba87fbf192187c6,chilli garlic; food sauce
c4209dcac728df956e66acc9196fa369,red ribbon tomato sauce; food sauce
e34a68bfaf81d6cd6632c0aecc7690d9,yakin lemon sauce; food sauce
0d1bc80012a5702cd79ea573946190f1,yakin thick caramel sauce; food sauce
50792fc5ff931f025bfb4c735a0af3e6,chilli sauce; food sauce
93ea99b57e3aad9d57149bdf8d5165f1,pearl room sce; food sauce
4d38965448234627d9964c3da2bd20cf,yakin extra hot chili sauce; food sauce
a7e24a7989746598bbef910f1babc687,yakin sweet sour sauce; food sauce
c1d91784e92510f0083afc2440700c78,yakin bbq sauce; food sauce
73f2dc945b99246d5af7583028a72c0a,coles hot english mustard; food sauce
fc051cfd4b9b0cf3a6051e6e6e546732,premier lamb sausage; frozen sausages
dea3589218a1aebba07dfa3d13efe4c1,yakin sweet soy sauce; food sauce
16c113e9801d9819c6791d6ff805a423,yakin extra hot bbq sauce; food sauce
6604acf17ddecb0db8afe83b871c4fca,crest chicken sizzlers onion; frozen sausages
925bd51be3f780e3ea2249b9e6e3a49a,crest chicken supreme mince; frozen sausages
515b140903e66b73d023399e0195755e,wallson lamb sausage; frozen sausages
a2f26fd4ed9d35dc0709ea44d2569e87,perfect choice lamb sausages; frozen sausages
7e45cb92cfb047373eada6449459fda1,crest chicken sizzlers smokey; frozen sausages
cc51c3d19392b598cb2fedf67313db20,wallson chicken sausage; frozen sausages
00169c295efdbee8c9d167571a19a50b,crest chicken frankfurters; frozen sausages
bab2ac5c507d3b631221370162edb077,crest chicken patties; frozen sausages
776f087ea95bcc062bc6240d41249018,first choice chicken patties; frozen sausages
8f8d9c6547191927ad3398066320556e,zabihah halal premium lamb sausage; frozen sausages
679b0260aaa7a14443314b50ef15242d,farmers bbq sau; frozen sausages
a5034f7563203535db063792edd6f919,premier chicken sausage; frozen sausages
ffaeb032a435581b5af81e641b60184e,country kitchen lamb chicken mince frozen sausages
a8deea66b2db6da584c513201844a7b7,crest chicken frozen frozen poultry
dfea90e6859e766859bb2927a357321b,rooster chicken frozen poultry
0092dfbede91e9aa585e78c51ab05a98,crest chicken drumstick; frozen poultry
faa774aa0a368adaca462bafd4ec6d36,crest table eggs frozen poultry
303f77d85b4da4e46b51545f203595d9,crest table eggs jumbo frozen poultry
6c546870e913af698353270934ccaccd,crest chicken breast barrel; frozen poultry
53c8b43e9944857f452522a1f1412ba8,crest chicken wings; frozen poultry
b341503b8467cb6e27a4e92c7a8b9321,memphis meltdown bigbikkie; frozen icecream deserts
562bdf97dea2e755f3ad4cc72095473f,crest chicken feet; frozen poultry
d0ebbbdfad198a6f8e4e86d839c7f864,tuckers shake chocolate; frozen icecream deserts
94f56b6b5602b0d41ae504018c45969d,tuckers blitz ice cream; frozen icecream deserts
4e0e5613b14bca2b84bec81d0f0e11e9,tip top naepolitan frozen icecream deserts
aa4ce83e42d3ed4a4327cfd047f6d415,tuckers shake lime; frozen icecream deserts
0a517b13533646db265ad4c9553ec16f,tuckers shake strawberry; frozen icecream deserts
d335e4e9e630151f25c9c4ec5d515dc9,tuckers choco latte ice cream; frozen icecream deserts
c4e29ff7991317d53a7965cbf2a722d3,tuckers shake vanilla; frozen icecream deserts
e4ba7e455dbbcc969408a50706823fce,tuckers neapolitan ice cream; frozen icecream deserts
11e330c79ca57edb06cab093717a3bd1,tuckers vanilla ice cream; frozen icecream deserts
2050d2c517cfd0987766a8a72e29531d,tuckers passionfruit ice cream; frozen icecream deserts
27ef85068127b3dd7e59771be6536d77,tip top french vanill imp; frozen icecream deserts
440e5e830be46f632c3e2339167663cb,tuckers choclate ice cream; frozen icecream deserts
4ee12bcbfdccc820b0082f4a830ce347,blitz; frozen icecream deserts
a5e03a97f335a37412577794e18b134d,tuckers bula pop; frozen icecream deserts
052cda01f723866160acc4d1c9031562,toppa passionfruit ice cream; frozen icecream deserts
314d7e81a1f47b2ede99cc65ce39f221,tip top vanilla imp; frozen icecream deserts
694c218409981ebf3fd97e88ee7ba5e7,toppa chocolate ice cream; frozen icecream deserts
4b81237e64573a8d0c90bf4767e7f471,tuckers blitz cream; frozen icecream deserts
68c69f233a3d7e6762e64fb1cf301662,toppa orange ice cream; frozen icecream deserts
5855a37779a743d916cfa7ebe9973ac7,tip top chocolate imp; frozen icecream deserts
e16aa8575ca84c9d59957dd9b00ab0b5,tip top boysenberry imp; frozen icecream deserts
62f5f2be7c4f0fbc88582674ba5edbf7,tuckers tripple ripple ice cream; frozen icecream deserts
6bfeaa3bd379602c49f3c19a051debd9,tip top orange choc chip imp; frozen icecream deserts
11ec1023121cba8e762a4959808f7011,toppa strawberry ice cream; frozen icecream deserts
143770c6e463b2ba10051736b61a870a,tuckers choc attack; frozen icecream deserts
83bc76fa5fe74b88f896c53b23950df0,tip top hokey pokey imp; frozen icecream deserts
f2163ba8081b6a850d1d7d2536cbfc30,ram sami eggs frozen poultry
97ea00923792b5dec4521e6d9be823df,scoops ice cream strawberry; frozen icecream deserts
4a634744ded288cc8aec0970af3366be,crest chicken portion pack; frozen poultry
954b9e82f99cca8bc04af59759c6ece5,crest table eggs med frozen poultry
b460ced90432f11df9691dd1310b96c5,crest chick giblet; frozen poultry
8f8cb4662b69cf15cf941ab579ab2b1f,lilly dale free range eggs; frozen poultry
236d816cc101fbdde3797b17df0005e5,chicken drumstick; frozen poultry
9dcd317c0593eb816d95f1c1c0053d13,rooster mix portion pack; frozen poultry
d8158202bcb4fcde8bc117795f8fa7f2,crest chick froz frozen poultry
fbe603524db2c78b5d893f40cf6aac4d,country lamb delights sausage; frozen sausages
510178b983d022f1b86c8bba9c0269e6,wallson lamb sausage rosemary; frozen sausages
14766e1a2d3b39090d8a270a03f229cd,durex lubes play sweet; non food personal care
8a3a70225c5b4921a1c25d6335f8bac4,coles asia oyster sauce; food sauce
470ea00e9850bae7cb935aa596bd3fd9,lifebuoy hand sanitizer total non food personal care
e1a18c747aa038ea82c0929656a42492,lynx deo spray australia; non food personal care
6bad5a0f95910af60fea92ea2daeb093,medx antibtl soap sanitizer; non food personal care
6c63c4365f1b2e00d45c9b27385feb3d,malumu facial tissues non food personal care
4c81a0fd4c33cc903d1ad78b72b51b29,bic flex titanium shaver non food personal care
ea3719dbc8b81b0ab8bc9e4761e5155f,medx antibacterial soap citrus care; non food personal care
6618b9194f65d6f2862f997b809c89a9,pams facial wipes normal skin non food personal care
6200cc7c27e6c2d05e58a7a15903958f,nivea aloe hydration lotion; non food personal care
dd30de63cd70fc86f63a37ba42d86244,bic click soleil shaver non food personal care
516bfcde2fd481ecb3203617678ac3a4,bodyguard antibacterial hand wash; non food personal care
a73db89ae81d067e5025bedcfee482e4,nivea men deep roll amazonia; non food personal care
8fce23ca3fc2c866868dbab6e39ace6a,stella air freshener spray rose; non food personal care
df1b28dcab82ac8711f50d431ae94920,nivea ladies int protect com dual pro; non food personal care
884b04142762e320ae8dffb61746a3ec,impulse spray glamour; non food personal care
a31409dc3a23102f3326b8cb7e686b78,nivea men deep spray amazonia; non food personal care
eb6ad504ffa642644cbc4d90c825525b,nivea men deo fresh; non food personal care
4527c7059857723e314dcde9edf0c91b,rexona essential; non food personal care
5ae7821029e9538cf734c36d5e0e87ea,nivea mens spray intense protection; non food personal care
b3e9cedaac21fd02d3e4d4b2f0ec8a9b,palmolive wash milk honey; non food personal care
9565dcdb43be2ab8e93cfe3313c4fb4f,rexona spray shower freshanti; non food personal care
6317e5b7dcb5699c1f712e4a9c24075e,park avenue aerosol neo; non food personal care
6083ae86d63a6fb1764eb38b8023c99b,rexona men ap sprt fresh; non food personal care
c2288a9dcc1a172d213950cda795a33a,rexona men spray; non food personal care
fd25cfbd8258bb0cda47c8af66ffb75e,rexona roll shower fresh; non food personal care
a50be665c941888c220b1dd2258f76e1,iman spray blue formula non food personal care
309928e90290839b56e025f34ef89c41,bic hybrid flex shaver; non food personal care
79b2807bc5b9706c8336ded4968529c2,sixth scents spray seduce; non food personal care
e3c4661cb864044c1d7595fb62808f82,rexona bright bouquest roll on; non food personal care
921c64e233c33a61d6550bdf2c67644b,medx antibacterial soap active care; non food personal care
df29033245a385bc9c8c438767ae6fa1,bodyguard bath soap women; non food personal care
a905d050c6a1f3e11d1b7ea6e1413e23,schick twin disposable non food personal care
caa4acc76c7e738a09cea31da7041640,nivea mens spray intense pro sport; non food personal care
5697fc243139dbffa903816f4899f290,palm hand sanitizer lemon; non food personal care
48abb4679333f0c3d34c3f5d59079ee6,chomel hand sanitizer; non food personal care
f7f946a33fd64a5b2182fe747f90c09c,nivea pearl beauty fine ladies roll; non food personal care
71d8518aefd6ad3dc53e22a276f7d7fe,monday shampoo; non food hair care
ed56a37ce6d7786246e2b1da305edff9,ajax multi purpose clner lav; non food hair care
e9adb81403297ce40f9e8d18b2f6c17c,palm cond silky straight; non food hair care
6100119ea3a9a12d183b0e3d5d2de977,godrej pwd dye nat blk; non food hair care
60dcc8e7b14ef2adf2d7966104185583,palmolive conditioner active nourishment; non food hair care
a8d218898d02a1d6f5de7696b1bb2dab,energiser aaa free; non food electrical
6eaae80f314a1803f3152dc2ee4e0271,palmolive merry berry non food hair care
87d18264e2ebda5232c5428181d734d5,monday conditioner; non food hair care
3f0b08cd851f799b89097e6423e749f0,palmolive shampoo intensive moist; non food hair care
b1ba498c999508b26e0a2d2c5045e17e,palmolive anti dandruff shmp co; non food hair care
ed91733b401cb7f2d8fd3985f423d983,monday conditioner volume; non food hair care
aea02d418c8713dfbe7f2faaa8d51fb1,nat hyp blue batt aa non food electrical
9f3b8b017e246d07997d5a7eb35a244f,palmolive conditioner intensive moist; non food hair care
8e9a510c3adefa78cc651287ebb168ac,modyl leb bulb lumen non food electrical
8a8e5200e1c85e2c60042af5dc5628ee,palmolive shamp cond danruff; non food hair care
0a435ae0e013606275fba5b5bfcf4b1b,eveready battery black aa non food electrical
a060ae2cf91c274cbc3e3a7e420717d1,eveready batt aaa non food electrical
9ba7c9355c08f6fa5379845daeb15bcc,nat black neo size; non food electrical
f8494602ed1671a0c8a6721f24e7f505,panasonic hyp blue batt pk; non food electrical
701c07d9a565b4eb079d9f7ad28cb92d,nat neo blk batt aa non food electrical
97e996e260db287cbd6f5d86050aab5a,eveready battery black non food electrical
99aef3c7867d62b0039625503d223509,abc alkaline aaa non food electrical
f6603a88023e07d2773de040d88eea44,energizer aa non food electrical
38d3ace3965a9ec609c62f19d775d67a,nat neo blk batt non food electrical
c7ef35490397befc1b481f5e0917e9d4,nat top red batt non food electrical
90345f3026a74b580e5c4924a1983039,pan neo blk spk; non food electrical
46daadedea48d1e2a16e80ea9924705f,pan alka batt aaa non food electrical
5c0be1377c17c1e9ed053339283d3d95,panasonic aaa black non food electrical
4b1166d40f3f4533eb4ece030aeabb63,panasonic hyper blue batt pk; non food electrical
529863d3d343b4c8538750cd0cb682ac,nat top red batt aa non food electrical
7f2e56249fd693e08c11b6b90405d512,party ware pp cups non food disposable products
ea3f0a66b97124b67ec2f9b1d168d78e,partyware round plate; non food disposable products
4e302e00dda2e7452d131da221b1e657,topwrap cling film x; non food disposable products
85b3a41f3ec59eacfafdfc78fe9e10ab,nzotc econo ware white spork non food disposable products
e6d15db4be027d3bc1fa55eb8cb60545,prime lunch wrapper x; non food disposable products
74887b251b8af68e3b95936b6ef09259,morning fresh strawberry guava; non food dishwashing
5999fde7b03b7cdaa88775fe083a16f2,mega goods aluminium tray; non food disposable products
56f0592539f35a88514f6cd21cb75edc,hot plastic bowl non food disposable products
3e79fa17731ce1ce7c260943fab78237,winn cling wrap x; non food disposable products
0a4b3adb71f9f111da27dcd4ba9322e3,hot plastic plates white; non food disposable products
6e4dd7c383ab91d920dc6150663b099d,nzotc aluminium tray rect lrg; non food disposable products
983ef99d151b56a34a6812f40733b4a8,morning fresh soft hand cucumber; non food dishwashing
9640256c35c1c72b8b50f356737d865d,nzotc aluminium tray rect med; non food disposable products
62dcdaab535bb3ea9a6e0be9690c34f6,palmolive dish liq cucumber; non food dishwashing
d78d544cdb5cea8696e0a2c7aa0fd227,winn scour pads; non food dishwashing
babd53062896c2f5746896ae860822d0,cliopak alum foil x; non food disposable products
7a47c518f17e16a7095d557833d807fc,axion dishwashing liq kalamansi; non food dishwashing
3e43edd0ed4c58e9cd1709a78632f8fd,winn double scourer pads non food dishwashing
aed65271a3a0dce3adc93cabf5fa70a8,kuat dishwash paste vingar; non food dishwashing
d4323a0c210264312f47bf60f6737f9b,axion paste antiodour; non food dishwashing
d08188811763485b2c99d2a94fcf7702,morning fresh lemon anti bacterial; non food dishwashing
a8d0d5cd5205fec7539a539756a6dcee,axion past antiodour; non food dishwashing
4d9c0c1ec59f181b9285555b40c2571d,morning fresh original ar; non food dishwashing
56a93ca6d6a30eca91f4d37109a31a81,stelow scourer sponge non food dishwashing
f868518d764b7c4b31c6efca77530177,wonder drop washing gel lemon; non food dishwashing
1491aae3a965a30fdd807f206dc49037,sunlight dishwashing paste lemon; non food dishwashing
f71d4f65cd34a018ebcddefa1d2d6c1c,axion wash paste lem; non food dishwashing
2209463af83b69d894afa32d89136ae3,bright shine dish wash paste lemon; non food dishwashing
2880d1cdb99e982bbc090dae209e511d,palmolive orig dishwasing liq; non food dishwashing
cbe40f44df0ee1b0a44d998a691aa5fb,axis garbage non food home kitchen care
5c72d062edbda0368390f4e374063025,axion wash paste lemon; non food dishwashing
512717684ca679baac9441f5e64f51a7,stelow steelwool pads non food dishwashing
076099a9d53b0bee32130b3d9151c40b,coffee cup lid non food disposable products
3aeaa6a6940da7a9456874cd9dc6ef53,morning fresh plum cherry blossom; non food dishwashing
7bacbb52ea67d11ff1932145bdc72217,wonder drop washing gel lime; non food dishwashing
9ab5f16bdd785294b24f07613b7b4214,pine cleen disinf lemon; non food home kitchen care
b685a6825c161751bfe8f5a6d33ddd49,nzotc aluminium tray round; non food disposable products
69e54dadbef2befb59a33fc7eeeaeb72,topwrap alunminium foil x; non food disposable products
a68840330315f8908e82448b81c4ef09,ocean deo green; non food home kitchen care
e514422de03d36c421fbb8d248b87aca,pine cleen disinf pine; non food home kitchen care
358fd921ed9aca8179cecacc464882c7,ocean block blue; non food home kitchen care
88ddee4a53cb10344601dced901e5990,ocean deo blk red; non food home kitchen care
1bc2d3077e3bc538263ef4e2aa46e597,klin maid lav fresh cleaner; non food home kitchen care
cc01c790b7da415dc3ecd2e246d8c100,orchid luncheon serviettes non food home kitchen care
791048387c686c55bf8b352f3a03e992,winn scouring pad non food home kitchen care
ad3e725c27a594228b15352f5b14248a,fabuloso ocean paradise; non food home kitchen care
e828d9b76cddeede218450ffc680af81,white king bathroom cleaner; non food home kitchen care
750129ecdf637d4c043737939af71c13,klin maid disinfectant cleaner; non food home kitchen care
017835146334c2a5c230517ecf36a012,godrej aer power pocket lemon tangy; non food home kitchen care
58f444a7807debf889e376a894693557,sanifresh ultrashine free; non food home kitchen care
2fbc075a16711c0d31dd9cae2ca23b37,orchid kitchen towel non food home kitchen care
92eeca4ec760c8c382ee0bdb74679648,fabuloso lavender; non food home kitchen care
4645ab1cd9750fa517bba444e655a4ca,pine cleen disinf eucal; non food home kitchen care
f1ad72c8e38b40b1e581da0c30a3b23f,godrej aer spray freshner petal; non food home kitchen care
bc5d538db4badcdfe12cf89822b54b6c,harpic fp marine disinfectant; non food home kitchen care
7b398200915edd6900a24566e300695b,fabuloso passion fruits; non food home kitchen care
52398b0da8a929e8b7ec900fa43930f4,fabuloso refreshing lemon; non food home kitchen care
a554a8a6bc320bc897c742cfd8e635dd,hercules kitchen towel twin pack; non food home kitchen care
ea3318689e40396cf4399d79bc06ac91,ajax spray wipe citrus trigger; non food home kitchen care
bd2e04e24e7ada15ce20cdb1704f20a8,godrej aer spray freshner cool; non food home kitchen care
7e9441613372b6b9322736f308c1043d,godrej aer spray freshner fresh; non food home kitchen care
e495472b635fdc760006d0a008870eeb,special lubes lubes
ec6e02aac1cfd4c520b1de168d6bc034,jif cream cleaner lemon; non food home kitchen care
1d71eefc72bf670cd76cf60e80c9d33b,harpic fp tropical disinfectant; non food home kitchen care
1f769a08c8da9a6ea76ec2debc078e3b,pine cleen disinf pourri; non food home kitchen care
c1030878bb422af524bd89ee724b765a,atf; lubes lubes
4698a177b3045ab0739b706f8a865999,hd gear oil; lubes lubes
4d166e635b110a281a433e9242070c61,mobil coolant; lubes lubes
d5abd5d3ab850b98f5ea695bbfb815f0,super lubes lubes
defe0ba554a8d4c4def789c76e420964,royal dutch pre lager alcoholic beverage beer
3c9401384c09f6047c479dd4b8bd9b10,odonil air frshnr lav; non food home kitchen care
9ba37ceda95706299a4408e9e45b0a1b,mobil delvac mx lubes lubes
f01ba50ef05a0b6e18c240288b4915c6,fiji bitter stubbies; alcoholic beverage beer
fa8c2c48c56d15c5d48c001e5627af9b,db export alcoholic beverage beer
6b7e93008854d242a07f6f941b6f7da0,breda royal lager beer alcoholic beverage beer
89de7afe285f1ad5862af51019d14cf1,fiji gold beer; alcoholic beverage beer
bbb0f957c5f550330be5952343b13730,tribe bourbon cola can; alcoholic beverage local rtd
78bf93d3a6afbe46f5ff03be577d2fbf,xxxx ultra zero carb beer alcoholic beverage beer
7f5fa371111de3baaa39cffa8fc73ad1,jack daniels american serve can; alcoholic beverage beer
0e33adb448fda988d987bbde6bf03c2c,jack daniels cola; alcoholic beverage beer
a00372d2ecdecff38d3a1ce87c44f4ee,joskes brew cola; alcoholic beverage local rtd
c972b2decf3a5bbff0e6030e4d6a2a20,bourbon bluez whiskey cola alcoholic beverage local rtd
f47a7658a90b1916e6a31f90c3d90c8a,bounty rum cola alcoholic beverage local rtd
3ccffba4cd9f0405901c6dfe85b86ede,tribe vodka rasberry; alcoholic beverage local rtd
37cf135738c95e8b28476e171dd20d1c,lion lager beer can; alcoholic beverage beer
fd9c51f014d78618a8723c90c0d504f7,bounty rum cola can; alcoholic beverage local rtd
f69e99512d6ffaf70948225634440445,gold stone rum cola alcoholic beverage local rtd
04dfa581e0d652bda1b9d2f5b06849e6,db export gold btl; alcoholic beverage beer
86661c120ccfa156c5c673717b2f70b6,panadol non food personal care
16378d9e565bff07f31b3d6cd5715074,gopal hot mix bhuja; food snacks savouries
538bd0c9cc2054e11254409d63729b91,fiji gold can; alcoholic beverage beer
6ddac5b1e3ef0bb07d7284eda9f5786d,vonu export low carb can; alcoholic beverage beer
ef6d2395c8c5edec4848cba516d293dd,puredays adult diaper xtra large; non food adult diaper
b1d9c165c9cf5973277fc6de57093110,bounty rum cola btl; alcoholic beverage local rtd
1bd6253904511beaaf136932dcb65df1,heineken beer bott; alcoholic beverage beer
ca787377e6b7cec38333ffe00338da36,puredays adult diaper large; non food adult diaper
0849bcb3b9dc733e138f983def73a4ad,trupal adult diaper premium night non food adult diaper
75479e06088c5cbdb1d79b4110e7708e,pure days adult diaper non food adult diaper
58372a5e1cc623b0f194dea678085488,dr adult diapers non food adult diaper
2d4ab88e20550361e6acbfd219efbd7a,dr adult pants non food adult diaper
4c0bf610610ab8e65bcf7302a5c238bd,pure days adult pants non food adult diaper
652e11e6ff787a0fd03dca2712f4fe9f,lite ultra adult diaper non food adult diaper
b116d132b051020b99e96f286e84e421,inkk prepay non food epay
4c0140ab923e09ac733276e66ec26d51,nivea mens spray active; non food personal care
50b582ce6841183002c383d95eb8a515,epay quickdial recharge; non food epay
2044fa267dbcceb6dedc6ff7293a75c7,digicel topup non food epay
14d62c4a29fe62294de84e9b343acbdb,epay inkk recharge; non food epay
20df24911bf42fba7c1954896b773755,nunbell handy hair remover; non food pet accessories
c66afaa4e266ad81ab003e0351171575,vodafone prepay non food epay
e2f80bada5a9a89feebbd9f7eaa842c1,inkkprepay non food epay
25e8e8cd7170465218ce5b8865e9e646,epay quickdail cards; non food epay
6ab4a27ecbc71fda83d065c3a27d11b2,epay vodafone recharge; non food epay
2aaa15378e0975ee18fb03c7fb653199,pay quick dial non food epay
0f7a8fd36f527d9579a33304a64fcfc1,tick clamp; non food pet accessories
b81cb68d1b08fec3bbffda39e26c570a,pet leash light; non food pet accessories
8f2f75055c2f2f55950829c5e0ed6e1e,pet towel blue non food pet accessories
ed602473abc9b4867fdb45c897a2744f,boblush pet foot care; non food pet care
294bec0680c81a180233d0bc517f1771,purifying air magic box; non food pet care
b4fc020087ee01f63cd7fb0202c61bbd,pet collar rope s; non food pet accessories
b1a2176b532b9df3a70539d6c25f17bf,pet collar non food pet accessories
51b2254918d09bfbfab22bf48fdf08a7,nunbell female dog diaper non food pet care
99893169ac33c8966646923843eed510,nunbell pu dog muzzle; non food pet accessories
78365ff5d4a764f1fae87a14e7418c48,pet massage brush; non food pet accessories
39631c5ba4f0c756c62755f234d36518,boblush pet nose cream; non food pet care
943e081287dab91851194dff9bb7f23e,nunbell female dog; non food pet care
97fa278fd44acc00601bf81dd8b82b95,nunbell cat litter clay litter; non food pet care
c4f55459933e2ec8e1fedf4a56006988,nunbell degradable garbage; non food pet care
96d88c6abbe97e75a882d07adff6a6b7,nunbell dog muzzle; non food pet accessories
d70a2fa3e384c7355cfeb4fe2c845e93,pet towel yellow gray; non food pet accessories
f2f1aa35748f847fd54333970ed6caeb,nunbell pet nursing; non food pet care
fa4cc6ed8e3915070e6d473488d91c99,pet collar light; non food pet accessories
5b11a5b44f0a4b986225be7d55a90552,jellico pet deodorant; non food pet care
e73efd60eb624d425568491ccbfaff3e,nunbell net cloth dog; non food pet accessories
16f3421156559b1ab58e184dffcf6144,chondroitin colostrum; non food pharmaceuticals
f7aeb7fc1d8aefd7781ecd02c1ed8f27,youmile probiotic chews; non food pharmaceuticals
47efc459781a4e4e8f69fed824c04807,kantch fish oil capsules; non food pharmaceuticals
305cbb689e829b520df50597289f5ff5,youmile allergy chews; non food pharmaceuticals
5da6d44d9e250feba7f4e6eade6d7565,jb milk oats bath; non food baby care
f0391cef9384bbec2293ad5dfd6f90a7,nunbell given medicine kit non food pharmaceuticals
247c762d78e6e5a1e9dcb166ec537cf6,youmile calming chews; non food pharmaceuticals
2b77128d70c274a0507aafce94ff6fbb,kantch styptic powder; non food pharmaceuticals
e9db6a0c7db7a2aed53eb31b652fbb18,pet ear wash; non food pharmaceuticals
aea881b5cc8ccdff1f0bc39d44b72f12,better living jumbo nappies walker non food baby care
eb66ab44cc930c244e43c7dcb5b0f610,jb milk oats lotion; non food baby care
a9739eb0bfe19159c1b522ba131fbf46,better living jumbo nappies junior non food baby care
a5222ff8ed3679ec1b4b266d8bffa64e,youmile glucosaminehips; non food pharmaceuticals
983ab70217dfca15e13a830286ef093b,boblush pet repellent; non food pharmaceuticals
e4de6b49f1bc295655d234a04d28a41a,pet eye cleanser; non food pharmaceuticals
b0cbdc1ee97a8599db81d08c9390dd6e,nunbell pet given; non food pharmaceuticals
7529eadae75ebdef0efb9d516f4a6d93,youmile multivitamin; non food pharmaceuticals
82501bb8259cd77f8f1db251250cef7a,cj baby powder cherry; non food baby care
ea88e13c14f6152a1f8401dfd57ec427,pet ear cleanser; non food pharmaceuticals
3f5beddf9d7fafaae3141598357bc2d6,petkero multivitamin; non food pharmaceuticals
0efa5bdde4eafb88466ce7c92a80bb7b,youmile hip joint; non food pharmaceuticals
7d567502b0942cfaa3325a892760ea59,tylenol non food pharmaceuticals
0547b31360cb5809af7b66aca24143fd,nappy time diaper xxl non food baby care
b323ae78bb5c6846a40bf1d0cd40a18d,rotatable cat mint; non food pet care
34f19661572e5df96422f6d1f0a7965a,buds non food baby care
7c0590684c6a80156b0f366337d63eca,cat litter spatula non food pet accessories
779b84cd13295c16b29b96d6994f9f0b,libresse maxi w; non food sanitary toilet paper
0189548a64c6b9ab7b4d215267883d85,baby pwdr; non food baby care
38f64f38df3bb7007ca8ef091e2cf397,nunbell tpr dog muzzle; non food pet accessories
9747de25084959b095588e8dd1905a9b,modess slim spirit wings non food sanitary toilet paper
644e88fa044d496434caa2242ac6b9ac,libra extra regular wngs non food sanitary toilet paper
afeaa8ef94b5a06b2b4fcc4ca25f2f7d,modess reg wgs non food sanitary toilet paper
ec4d1f2792c51c8be9b81c4e94d85907,libresse maxi wings; non food sanitary toilet paper
63a20e776841ba9d6628f78cce15ac8f,libra goodnite wings non food sanitary toilet paper
f757e7feb3453a9f2309158be067da43,modess night wings non food sanitary toilet paper
9e84b3c058608753f657096c5849602b,pet collar rope m; non food pet accessories
ac2e70ab72e1893e190d77a65055a2dc,rexona men spray quantum ap; non food personal care
42d6059701244e403b7c701c2920998e,free cot reg non food sanitary toilet paper
d8077208bbd224d2bfbcc9b0622513c2,inkk topup non food epay
26dd513547fb9be3e1b8ceb60e63925f,vodafone topup non food epay
afada4250d759cd70e637ee260034d61,transport non food epay
8b0729936ec69fd103475cde11d17c17,tribe blue lagoon; alcoholic beverage local rtd
24b3dc5b61289537932c42e40755da28,tribe ice vodka lemon soda; alcoholic beverage local rtd
1160f89039580f4ffd4ab314cb6e6df5,tribe fusion vodka lime soda; alcoholic beverage local rtd
2124f7d8c3b5e831ddc679085fa1b2df,hahn superdry gluten free; alcoholic beverage beer
8023b1360b95d426641e33c34694d84c,db export ultra low carb alcoholic beverage beer
433c889e0f5fdca83d9b9cc4bd1083b4,tiger crystal ultra bottle; alcoholic beverage beer
d96be2ee95a0e4bef02f1b0caf882448,vailima lager beer alcoholic beverage beer
41996ac6113f6d7648762a11fb88d683,vonu pure lager beer; alcoholic beverage beer
cc62035fd4eb0646ea19c74d125dc933,pure blonde bottle; alcoholic beverage beer
fd273d012cf3112abd8ab1c00d485e39,speights summit ultra btl alcoholic beverage beer
54c49d2caf32758195f35bb9f00dcd9c,captain cab sauv; alcoholic beverage imported wines
541e1fee39202d76550d388eceefb0a8,berton vineyard res cab sauv; alcoholic beverage imported wines
ac8eda2795510f9acdc734f96c295b3f,sweet moscato; alcoholic beverage imported wines
427517a3c526d0965dcbfc9d9140e73c,accomplice moscato; alcoholic beverage imported wines
fe541907506383f0f942c379570c1ac3,metal label black shiraz; alcoholic beverage imported wines
488a1188c9977bb5a4898dec2f32b509,fiji gold quarts; alcoholic beverage imported wines
b770190947b32ee2f2bc8687f24e0b16,vodka cruiser juicy melon; alcoholic beverage imported wines
4a449d9fffcc65bc9d219714fc878cc8,fiji bitter quarts; alcoholic beverage imported wines
346ab251dd9e5b33c1250df946522830,crest chicken wings kg; frozen frozen chicken
b35f18c2df7c3bd5d7444307810b8268,captain sauvignon blanc; alcoholic beverage imported wines
988b5c52713ddd5f8fe3c74efd579c0a,vina maria vino blanco; alcoholic beverage imported wines
577d6375e38074dbe28539794f62c4eb,vodka cruiser zesty lemon lime; alcoholic beverage imported wines
fbdb3f3b6366bedec811067fd3abce2c,accomplice shiraz; alcoholic beverage imported wines
c95850ef1a9f34327dd32de5f6428c0c,bounty op rum; alcoholic beverage imported wines
f5f81613718f602f363ec1f75b48c1fa,sweet pink moscato; alcoholic beverage imported wines
ed84b003c42479f57dbb5f9a4c9590c4,crest chic sticks kg; frozen frozen chicken
53b45c4c981c9dbbf122e2dfc8ba7ba0,crest chicken thighs kg; frozen frozen chicken
5251c0fa31334dd794513cd2a1a3d96a,crest chicken supreme cut kg; frozen frozen chicken
59c2b274cbbd3a2b22a63ce07b6806b8,crest chicken nibbles kg; frozen frozen chicken
a308d109389f864c22ce3e29e9aa2740,crest chicken stick thigh kg; frozen frozen chicken
60e573ca03799bd6649c9b748fdfbd2d,crest chicken barrel breast; frozen frozen chicken
fd43956d8353cd44519a51d68e1dd861,headlines shiraz; alcoholic beverage imported wines
b8c3d65a5fef5605e829162572031cc8,heineken beer cans; alcoholic beverage imported wines
f45a75e4aebd51e3d48c352d8fcc46fe,vodka cruiser bold berry alcoholic beverage imported wines
04da63acf6cf1b94cc306ce3bac11d7e,foundstone sauvignon blanc; alcoholic beverage imported wines
9986923b5fcbbbba53d427414f894772,vodka cruiser pineapple alcoholic beverage imported wines
985e72e62d6b20fc36f1b8108ecd5aa6,foundstone shiraz; alcoholic beverage imported wines
3f26bfcbb41a4108d80ac86aa6d2cf65,frontera sauv blanc; alcoholic beverage imported wines
2ae838675aef2fc021b6e891999eddd7,czarina vodka; alcoholic beverage imported wines
2cc3beae2028fd1f11cb9ee80d7e5555,broken shackle classic white wine; alcoholic beverage imported wines
a43d7a78c7ebe31c9c5005c253c7ea17,foundstone merlot; alcoholic beverage imported wines
e237b5649c4d7156d5069497e8511593,steinlager classic bottle; alcoholic beverage beer
c99b4aa1f28e5c888e0d2a3cbaa363c0,atlas super strong beer alcoholic beverage beer
0e44434b88f3ae5851c494988d0a56b6,toohey ultre dry zero carb beer alcoholic beverage beer
384f6a601a32d79da8d3cfef1ed8fe62,swahill beer extra strong alcoholic beverage beer
432569b19636c219f6294cddd4f4b496,fabuloso soda citrus; non food home kitchen care
b7ab90e05e2550a6fa493faaac35ce62,harpic fp summer disinfectant; non food home kitchen care
14f56fed5045ea3187bf92b08f7a9116,mr kuat toilet bowl cleaner pine; non food home kitchen care
e19c42361de92e9be714feb55f8edd29,ezy clean dish washing liq; non food dishwashing
daaafe5278e9fd4eb0150f37acbc8c73,morning fresh ltd edn summer berries; non food dishwashing
0667ff6474aed749d5ed70c4c072a8b8,palmolive dish liq lemon lime; non food dishwashing
dbd5a71a5d33d1102842fb7eccbb60d6,easy brown paper non food disposable products
d61ec69c5996c3435a3956623fa38f9d,partyware round; non food disposable products
1461bf71bff3534dc51d790e494f81a2,domestos multi purpose disinfectant; non food home kitchen care
3e4a7de5b3fe5be3b57e54530a13402f,easy quick lock non food disposable products
2ac6caf3ac5f6dcdd70ec0e6a1010827,sunlight dishwashing paste lime; non food dishwashing
d7fdbc499d17eeed57661aad445b41cf,morning fresh soft hand vanilla; non food dishwashing
cb998d18c1ea8d421718729a3a857198,plus packaging paper plate non food disposable products
b143024c6bab6a9ee90748ad37e15aa7,bakewell non stick baking paper x; non food disposable products
a6c17b63e599c78ebe7225aa985a39e0,party rippled coffee; non food disposable products
7a55afdf852e3a1203bdde07d253cf69,hot plastic cup; non food disposable products
00486d0c1a80886eba1c7c6928279764,kitchen mate cling wrap x; non food disposable products
e4a24bcbf1a485beb9aa9fa2978a49f9,monday conditioner repair; non food hair care
0042b8973e771e4925a40c3bdfa673c2,palm men sham cond charcoal; non food hair care
eb6c7b17addc01427f676384882ef63b,reach superb clean hard; non food oral care
fb0c9f28db6d7ae3a6865f457e87c688,eveready battery red aa ab; non food electrical
b844e0463e80b51e3b5b170acc234b78,colgate medium; non food oral care
3010d43148a3f3adc8f1d5bc69890b8d,orafresh toothpaste advanced whitening; non food oral care
f311596863733a9bb4a5a2d460c58366,colgate deg soft toothbrush; non food oral care
ab87db415b35ec426eb0d5dc22f6f3f6,colgate tp max fresh peach; non food oral care
b4ea7c50ff53799f930d133a35cd3984,colgate toothpaste herbal white; non food oral care
76b6a63b46164bb0f9622fe0da1ea382,colgate senstive pro relief whiteneing; non food oral care
a32ed3853098b10f9cd78ba6a3eb5323,colg dental rib tartar; non food oral care
0597dfa3206a9ff2d774f50191caef65,colgate tp max fr watermelon; non food oral care
ce70c835f6d26bb174dbf20ef5d646de,colgate slimsoft charcoal soft; non food oral care
183f70e8b9e2405c6784fe448262ec79,colgate total wash pro shield; non food oral care
578a98e15a983af219bc09e861356aaf,colgate batman barbie btry pwrd sonic; non food oral care
8a5895d05ec75eb047d9da954fd090eb,reach cleanburst floss spearmint; non food oral care
d0fc1657109d48dc7cca978f7b3bc9d8,colg brush first; non food oral care
5792de2306b1ef00ed9e8e30674f76b8,orafresh toothpaste xtra fresh icy mint; non food oral care
0bd33cdc7792797cb8fa4e6dbb23b981,oral satin mint floss; non food oral care
28cf87432f3cab1108ae62e9b50eeef9,colgate reg; non food oral care
fd389b3f4062f1e1e43ae3698cb49fe3,listerine fresh burst; non food oral care
5278899464209d86c460a8c0fda632f9,rexona men; non food personal care
7de31d55729b75110521d92532ea06ca,reach teeth defence soft; non food oral care
5f8eff66e34537b3f43378ca8f147526,colgate tp max fresh rainbow; non food oral care
65acbafeddce1229efb5bf7fbddff094,rexona roll sport; non food personal care
88028cff63cdf1c916de81bd0cd932db,panadol rapid non food personal care
38e5a45d3462be3db0655d3018f0bcce,reach teeth defence medium; non food oral care
bedc64468eaa6df3ea92c5cf8de06d63,colgate total foaming clean soft; non food oral care
748a14a90ff66f53873a47516b975e32,protex herbal; non food personal care
7af17d168c72852d5aa8a41b3f83abea,norsca spray clear; non food personal care
1b2cd8ec28e7bec1ea7253ee688adae4,orafresh toothpaste day night antibac; non food oral care
7413e139370c1c3e35be2a98272139ea,orafresh toothpaste herbal; non food oral care
87cecacfe4dfd0ffc725a4d4bb1a2074,orchid facial tissue non food personal care
58795899e2bdfd87860eac6e1fa9567d,dove go fresh cucu grn tea on; non food personal care
bd41702b5786203e1d0d77218a929527,colgate great regular; non food oral care
77706fb53756d0f12daf1427b6db42f8,orafresh toothpaste triaction; non food oral care
9fa7ecb19373ba645b35a3ebe7fb7cbd,colgate toothpaste herbal; non food oral care
f48aab6cd264054bdd3fed1d1b41fc0d,colgate maxfresh mouthwash; non food oral care
30a62a61798619e2a501e4fbb8bae25a,colgate plax freshmint; non food oral care
91d88bef17e44fe747011bc01fcf3d37,eveready aa blue batt; non food electrical
599c1458e665a082dd0cdb70727b0327,shine hair food; non food hair care
a5371bbb0301d56bfffcf2c6e7ab33f8,head shoulders shampoo apple; non food hair care
8530d791f6faa6821e1aab715b696d6a,stayfee maternity csoft non food hair care
98ec0ec4bf7b3150ff198f4c86ece51b,klin mist citrus gel air freshner; non food home kitchen care
1616bf1687e306f017dfa1d96b471348,palmolive lumi shamp ccnt oil frangipani; non food hair care
c95294b2023321b0a4d80f9bed4cf2ed,pantene shampoo total damage care; non food hair care
9631c58f10d9834185ce98780250e725,palmolive kids funny honey; non food hair care
ba730d42b999ee06327452b2a07dda91,living lndry pwder rose fragrance; non food fabric care
d28c94857ca3ea4faf0f66751e89e9bf,pantene hair fall control cond; non food hair care
adb45dac25d26524115dc71b2b7412e1,sudso det powder lemon; non food fabric care
7fd9cb6330fd80214a02f93334aeb0e0,boom det powder; non food fabric care
d374d15d7078dfebd03320466edb0077,coral oxy bleach; non food fabric care
c7506b012d690e98ba6914ea580d5d6e,ariel laun powd floral pass; non food fabric care
bfe594e4b6d5bec7c11cff5b3de68c31,omo det powder; non food fabric care
4870a50353449524f317bb1523e1024a,bright shine showwhite bleach; non food fabric care
b6bc39c5e9421e906ef7a7ae03a8a584,sudso orange; non food fabric care
521530f02cb2d5b0c3d12e478c7c83c4,bright shine det powder lem fresh; non food fabric care
7e00c4a3c13458fdf692ba3e8702f15e,bright shine det powder comfort floral; non food fabric care
5a9fef1051fdab60cc93f4836c6e5567,living lndry pwder lemon fragrance; non food fabric care
1d5724879e72c014f8ca839823eb213b,sudso orange detergent powder; non food fabric care
7f35e6427666d75b00449483135c6999,coral laundary powder strawberry; non food fabric care
ebccce4ba141e00ac493ba083bd6d158,sudso lemon; non food fabric care
e664691cd57f9ce48a5a2d11bf069842,sudso floral; non food fabric care
5c7661617cac1a29ef50c8adc1a1c7a6,ariel laun powd sunrise frs; non food fabric care
3c0d18a0654439308d6d3ec5e905ec2d,ava fabric softner flora; non food fabric care
9e8f4dcccd4d265cee39b1e7de5155fa,ava fabric softner lavender; non food fabric care
0cc36cfd582ceea14fe43b168cd111b6,softlan fabric softner floral fantasy non food fabric care
7f2540502b8c6976fa2df8988897fedc,omo laundry liquid detergent; non food fabric care
67ef26719e1edf2a242ecd016300e44d,omo laundry detergent; non food fabric care
7a04600c73f65a610a061b4c7bb10c58,victory soap blue; non food fabric care
148a8b3bc1ba51cf4ea83385f84c9c86,coral laundary powder lemon; non food fabric care
5e77d6a13dd928f7a7825ce1bc105032,victory soap white; non food fabric care
a4c1f5a967fc23c36308d2e6ac11e689,sudso tropical; non food fabric care
e99da72e0151b7003aac4a1146ec104d,de power brite laundry powder; non food fabric care
db9e4f437161acd2da20bc436bc85df3,softlan sftner lav; non food fabric care
4bfdfd4210c8bc17d2ebcb6e2846c0ac,ocean soap powder; non food fabric care
6379e625044c242c00c2ca2522ac738e,black top insect spray mosq; non food repellants
9e9104dffdb59897f4266485c76213e2,victory soap orange; non food fabric care
62d706b1f8d6359707eafbb9037dc3dc,palmolive shampoo active nourishment; non food hair care
2a04809cb374e4b6aeef612c729af860,goodknight gold flash combi; non food repellants
19ef9bbdc86139b3a0baf590a60f514e,mortein plus hpss; non food repellants
63dcbda48ede6ba5b4f67ef991bb24b9,goodknight adv hp char jumbo coil; non food repellants
15436857c7f78d59b7b9c28e3ce25455,blacktop mats non food repellants
7d1a40ba879f5f4d5997d8bd9a3b3e0d,blacktop mosquito jumbo coils non food repellants
f76c8c6e21498a89021174eb263e6beb,goodknight gold flash refill; non food repellants
9dcd5842600b4212405e9e53c9c62c77,goodknight silver power mats non food repellants
40a9012665f0a521d435b1621e2471c7,goodknight turbo combo pack; non food repellants
3e81952b3987546d9119800ec241255e,hovex multi insect killer; non food repellants
497ea9dd25bfc23cef8404582883bf3a,mortein spray; non food repellants
4b1b25062ca49498ef4789fd833168af,goodknight heater shakti machine; non food repellants
e4c99dbb2fb43b1ba3effa357abe788b,black top insect spray cockroach; non food repellants
79e57e395f3cbce9c03ba7796bcb0702,hit rat bait; non food repellants
d4f79df5e891e54b5354966b930e9a34,hit spray mosq flies; non food repellants
d5852d545ca1cc67b975cdc6304f8632,zap black coil jumbo non food repellants
a4bad4363a00daf610a74c414ba1247e,good day mosquito coil non food repellants
79a15b78573890563740f1d9093ebc1e,onz climax control strwbry condoms non food repellants
4bbc9d4509333972a73ebfd1cbdb170e,nite expert ref non food repellants
233aa14247bbd3afb0e642709766cc90,hit spray roach; non food repellants
397d9b5e6340f59be58e16732b680a13,mortein spray red; non food repellants
981a0bf618613708e6d54b73ea948205,hit line chalk; non food repellants
a19b83fe3242204c2bf69e4dd78f4a8d,fiji gas regulator hose; non food cooking requirements
0eef6e2d0a8ca9b548ed8d85930b3160,blue gas refill; non food cooking requirements
9652f18e0a45c5bddb9794d3b1a78d28,fiji gas refill; non food cooking requirements
26fd58638e214d7f8a71cb138365c645,blue gas refil; non food cooking requirements
b2eba77eda8ab9eb26581904186edc5f,godrej renew crm burgundy; non food hair care
d3c868fff8af95a2787b945351b9e941,stayfree maxi soft non food hair care
26f963a1183b473bf9d459d3c6f942c0,pantene conditioner total damage care; non food hair care
5294adfdfcde998ca6242eefe58b068d,tresemme shamp colour revitalise; non food hair care
947266b744b19a504b97bf74b2e8a01b,palmolive shampoo cool fresh; non food hair care
692ff100e55bfa643be0af247e4461b6,palm wash antibact; non food personal care
7ba060221a3c552571c0a8c923fe6877,nivea body lotion exp hydration; non food personal care
a36caa34981e4c9e75ee659edbd32c6b,chef king superior light soy sauce; food sauce
43daabb5eab8b1bd1a34e58b476af3b4,yakin thai chili sauce; food sauce
1c43f919e5d17083c5d6525fa5272a4f,yakin black pepper sauce; food sauce
e30218c116ccb6f622ea1b0bd365603d,tops sauce green chilli; food sauce
b63259137ed68ca0d019d0191805abdf,guddie garlic paste; food sauce
7bec3a2daf6f0213a7130b1517d0ea09,daia floor clnr apple; non food home kitchen care
9a96cf08f7a9cd75c115717098b180ed,rewa skim milk powder; food milk
865cfac0ae18483a87101337611e960d,cocotop soya bean oil; food edible oil
9e119c93a175f061af5a63b2a1c0446b,hr parsnip carrot potato; food infant food
ecca077577f84965fed7adea743ca2f1,farmers best milk; food milk
8ee4fa49558c9afefa74b60d6ef53222,heinz cust egg; food infant food
088772e4d0a4e8b0dac138f9913aeb79,watt swt corn pumpkin food infant food
4be5006ebda5657a07e958a3d1ce8a1e,hnz str beef pum pot food infant food
d697eccef7242f636c139bc57fbeb417,nestle cerelac banana; food infant food
912ad971226811acbcaa78086136979c,woodwards gripe water; food infant food
f1c62c919036919c96917c65ec103c2a,heinz pears; food infant food
0c70f11ff2de8ebfea8e327e4b332c07,sunrise mix bhuja; food snacks savouries
ad4a31bd5903e3caa277c274a71e73c6,twisties cheese; food snacks savouries
b03638e400cfcb4685c9722b3aabb0ad,jasons wheels smoked chicken; food snacks savouries
7b8f8740a863a2506e3f803b2e0880e4,pran puffed rice; food snacks savouries
492d122fac238946b817eeec1ec270b6,coles dijon mustard; food sauce
536683442e06e7e11c7b232c245161ec,fmf chow noodles chckn; food noodles
923fc4b0c7e4b557c27f4a0886732efe,fmf wholemeal flour; food flour sharp
9cafb4a82fefb4e06af17a191ef6ff09,fmf sunwhite calrose rice; food rice
f74a2d04304401cacd4d551b0dd49f0d,punjas split peas; food dried legumes
e46f73e7ae9ece061b79d3d7f7505e15,fmf chow noodles curry; food noodles
faad61d7ac227905abe914d6ee62281f,fmf assort family biscuits; food biscuit
67c1aa7a29222f626e1ab6cff264d660,fmf normal flour; food flour sharp
5757e150c502f890076697526cb40e7c,crocker choc fudge mix; food cake mix essentials
86e4604be5ecc86fffcbd264e3c42194,crocker lemon cake mix; food cake mix essentials
8a355454250c43d92339d6bf39ad7ddb,betty crocker tripple choclate cake; food cake mix essentials
fd8b5731dbfc10e2d7cd858b38c0b149,bakers fresh rich chocolate cake mix food cake mix essentials
8f700b6d287277476739b98e5615da5d,golden harvest food cake mix essentials
c2892e0e8b32a4f64ebf38c68f78c745,betty crocker vanilla cake; food cake mix essentials
8e5ae476f1ddd91c4dec89e7c07b14f8,bc cake mix devils food; food cake mix essentials
7b5110964f1103d25cda8f9c644a6765,bakers fresh choc lava cup cake mix; food cake mix essentials
a35d42ba941b5c61acefffe14fece9a1,angel yeast; food cake mix essentials
0dc6b4d6f2548779de5606117980a457,crown coconut cream; food cake mix essentials
deeb9f03327bef0223b05a93d3be2fcc,banana cake mix; food cake mix essentials
c749604b9e3bcd34c6b5bd5d523c6b09,bakers fresh moist vanilla cake mix; food cake mix essentials
27b20d8b53361159d89a4453a68b87c8,crocker vanilla cake mix; food cake mix essentials
5848479ce4de84f93335fae975946600,bread crumb; food cake mix essentials
57a7cb9f4245285bbfae5b9ef3754bff,betty crocker chocolate fudge cake; food cake mix essentials
b71ab05e7ca7b1aa27c6fe05265e5f82,mauripan instant dry yeast; food cake mix essentials
67a7e2adf0f8441a0282696dabde28bd,bakers fresh luscious lemon cake mix food cake mix essentials
d2e6653daa2477182eac7d412e22b2d6,crocker devils foodcake mix; food cake mix essentials
cf7e435316284e329848637b001012c0,farmers best desiccated coconut; food cake mix essentials
fa22d9d82bb936c39928e83863eab206,desicated coconut; food cake mix essentials
9da9df21975077769e49eabdea374814,betty crocker cake mix strawberry; food cake mix essentials
fdb784734dd97a1927d418e23f2734ed,punjas par boiled rice; food rice
710c827d2833b114d20f8cd1a1da3671,rexona men spray invisible ant;
7dd4d1ca60fc883e80dc1afb4b6322f7,sanmarco macaroni spiral; food pasta
6e12d85970f0bceb9b60f6f91f8fbf41,punjas moong dhal washed; food dried legumes
ad4483f82b1a1d66b43fc5668ae6e043,punjas blue peas; food dried legumes
901c1d070bb7762f52553b752372307f,hansells imitation vanilla; food essences colours syrups
2b2496e016ca6886bc5ee98e16d1ae24,punjas chana dhal; food dried legumes
f7261be9dc0c7425d45ebd881f9936d4,punjas peas besan; food dried legumes
508cbb6063ebd763128c17dfb6d5d47e,punjas moong whole; food dried legumes
c25972c8ad1efa76dc6be3d6ef1b5dad,punjas urdi dhal wskin; food dried legumes
66d886f3b568ca2f9604f83d4750b310,punjas toor dhal; food dried legumes
44d1d9ec85e0c9f1b139de52436faf6c,punjas moong skin; food dried legumes
2ab3601304129179aa09f79c11819678,punjas urdi dhal washed; food dried legumes
2e53955354428607eec0a649b267f5cc,gangas moong dhal skin; food dried legumes
0fd0c2bddd8472c7eb306aa8175240a8,punjas dhal soup mix; food dried legumes
4b87e07359c98d164ae0003d18f087a3,gangas chana dhal; food dried legumes
7047264edf73d55c73eae296b74008b6,punjas chana whole; food dried legumes
391ea58bee17b58b3260b07e3e0fbd10,gangas dhal soup mix; food dried legumes
9eecea0a97e8f8616ac93b4f490894ac,gangas moong whole; food dried legumes
3f5af8f0089735f778e9c9f42e12804e,punjas masoor dhal; food dried legumes
607ad4964b783ad649ab54d27ff62650,gangas toor dhal; food dried legumes
e1da4ffbd51eb6ccd36d5a138c34835b,sanmarco macaroni penne regati; food pasta
ba9bf24fcd32e533fcd1c41cd3c3511a,shells food pasta
864d765bb1fdce0dd859cd119f0a9e22,balducci spiral food pasta
1b8347044edebecbf16c1d8ae14dd413,balducci rigati food pasta
2b555cbacff93de25b86f1bb7928baa5,cicina matese italian pasta fuslil; food pasta
092d458056bddd057eca3b51de5a873d,balducci spaghettii food pasta
865eaf74f5ae37a33e138f2f5124c9e4,gangas urdi whole; food dried legumes
834a8ccc437f9562fbe570f31abf6720,cucina matese pasta fusilli; food pasta
f085705112a9f8d59103b4b3c46f2b15,cucina matese italian pasta penne; food pasta
eb3b7378e116c822e594bc665b800890,long life egg noodles thick; food noodles
e58c0e84e5b2288994f5abc2b00cbacc,americana white vinegar; food vinegar
cd6e5ffc9f6c74aa6fcc3fc95e136294,dyc malt vinegar; food vinegar
ef7eee44e44f7ceeda3dbfde711c12ab,tops vinegar plain; food vinegar
09f883f1b5af7b3dec60d21f9404f180,delight ginger dark vinegar; food vinegar
4940d256d83b1004b4e7515ca4660326,dyc white vinegar; food vinegar
0f3c72a1a49e6e4c2c75790e2b3d87e0,brown vinegar; food vinegar
b4eadeac444464d62c3de0d4f4812dde,punjas cummin seeds; food salad dressings
468e1cbb1a28092aa44506da178e8573,punjas sesame seed black; food salad dressings
82aa7b1004e52d0c8ae3352f2498a656,punjas mustard seed; food salad dressings
6109381e1cbb4090cdb77a68032951d7,punjas cassia whole; food salad dressings
35ab1d23f7082dfe9dd898152a548c1e,punjas nutmeg; food salad dressings
4f7e19a6fab78cde316c31c2a1c65d0b,foodchem monosodium salt; food seasoning
88ffdcf784307ad7d766aae83ddc933b,punjas sesame seed whit; food salad dressings
ddbd0620394d8cd279450a7905869d0d,veban monosodium glutamate food seasoning
0c497b0d6e649145a466576fba8ec9b1,premium foods jack mack sauce; food canned seafood
c579454d6f5e2c6ec9c9ec48c815efa3,punjas methi seeds; food salad dressings
78c13115b0a13f0d93c13502e9a861d6,angel gold sauce; food canned seafood
77ff744a5c0f1a8a2048d547e9b7e047,angel gold oil; food canned seafood
ccd1139a4487e932278f3ee6c6fe184a,premium foods mackerel sauce; food canned seafood
7df6eab3edfc4974f683c021c8ede7a0,punjas sultanas; food salad dressings
1664cf105590f1e41019a0a0a396d252,punjas almond; food salad dressings
38e62d0b3b8f3eeb5da63bc0389c14a9,premium foods mackerel brine; food canned seafood
20a8df3adaff836b1b602a68d35bf1e1,punjas black pepper; food salad dressings
88573b7faf217dbede3298a8c8b71704,premium foods tuna vegetable oil; food canned seafood
3ec0cce21cf3d5e9a311affc84d305f2,watties beans s; food baked bean spaghetti
e2d23561d870faff3dd21516068a81b1,harvest butter smth; food spread
60c95533db867c0e958132889c9fe388,coles seafood sauce; food salad dressings
cae8abb743eb9cccb68a9d6436fb767a,punjas sago seeds; food salad dressings
116b9a07ee0e11ff2e75e59ccb4be03a,premium island peanut butter creamy; food spread
defd9c7599db4a835b2407d2202ccdb5,craigs red plum; food spread
b8fc421e08aed1681b56b855b1a83ccf,coles prem cherry jam; food spread
4cdaf831bcb903ead3b9350f22b1ff42,americana peanut butter creamy; food spread
09f5f5ffd628c5cec6bc09b97123b940,americana orange marmalade jam; food spread
31fc1a5a966919202ec7960f028a7d2d,coles prem raspberry jam; food spread
4bfd6bfbfe7f28e82ad2ef669458c8ce,fruto fruit jam; food spread
b37011370daefb492ebd9091d30cd14f,coles prem starwberry jam; food spread
41b2725c716cfa2f2a2f8688201a0665,malas strawberry jam; food spread
f3fc144c842aaace7f2fe5c5dd47e37e,craigs apricot jam; food spread
384d1509669d97a5befbc0f627f28540,king blackcurrant jam; food spread
f77850468b58ddad13884528c58aa6f1,americana strawberry jam; food spread
d47d77da47a2eeb27c45251975bf7adb,americana raspberry jam; food spread
974095ccee7b787b00e1e43f09ad5681,americana butter creamy; food spread
4e43b727c3861fef44647007da57a63e,americana butter crunchy; food spread
01c8cedf072e6b01a9ebadd6eb012792,premium island peanut butter crunchy food spread
89180b1aedee3952c4508100d7a52337,fruto berry jam; food spread
edfe0dd09cf3f9f8b32bfd5e75597376,americana peanut butter crunchy; food spread
4efb77d55970359960a270f44d05d05c,americana mixed fruit jam; food spread
2bbcec371e633e19889bf5f0e5abc4a3,king pineapple jam; food spread
ee4c4410e8574ebb16a3cfbc93c6aeb2,craig blk doris jam; food spread
899c2d1b9acbdcac0aaa222e383f8a43,farm select strawberry jam; food spread
57b2a562dc0a2b5c5c8b8351b4ddabd3,palm halal corned beef; food canned meat
2b68e66284c61043ae92cefc32dd86bc,fruto jam raspberry; food spread
abd0ecb7c11f99c93c7fa92f7de90287,farmers pride baked beans; food baked bean spaghetti
e7547a559235b37cc1070aad429514a0,baked bean s; food baked bean spaghetti
786a22ac12366ac91344c999a627fb81,premium island baked beans sce; food baked bean spaghetti
37586ec76749e271db7cd95174996f9b,watties spaghet s; food baked bean spaghetti
f6e3fc89f604a70576d900d0f32b954f,canterbury mutton; food canned meat
c7b1784c83405e9112f61d6a4953426e,gold country mutt; food canned meat
984c8c1fb5f8e1d35ef3bd379e592442,beef; food canned meat
7a084f62a3cfcff651140418b8ed0396,oxford beef; food canned meat
ae575e1b4519f53498f5ab5103605f9c,farmers beef; food canned meat
322b3b07c5f1d296940ddcc5ee5dbc0c,salisbury halal mutton; food canned meat
34c6fc8b6981d0c6c5e9952fa42e8f88,farmers style beef; food canned meat
834d31fc41de395f13ed3c8ac0ad6833,tuna flaked basil; food canned meat
260420e8baad87c59934ed32d5c0b935,brunswick flake tuna spicy thai; food canned meat
60b40c06c58579e884f7b272f6beda7a,country style halal corned mutton; food canned meat
b92ae67b74c1555bea2c220dd2bba1ff,cd beef food canned meat
dbff68af8a40deaea885dd217aa72193,brunswick flake tuna lem pep; food canned meat
3374f681c5d397abf49adf51de8a9586,farmers style mutton; food canned meat
ef39dbcb831603d04614c19b9e768a34,bury cd mutton food canned meat
28bf77c1585c2e5a947db7528e5f9fe1,punjas cloves; food salad dressings
458145c58302e731873d0a2fd9c186ef,punjas elachi whole; food salad dressings
1cf5532ed4b6109e4c05ffbe4c5fb157,coles balsamic dressing; food salad dressings
89216dfd17cfc182fdce0051f3be7cb2,punjas methi seed; food salad dressings
8fb44561cca90b80524e7958589a48bd,coles italian dressing; food salad dressings
1c05a1ef8dbfa41906403b171baa5a02,punjas ajwaine; food salad dressings
7d53fdd3872d1d86c17dc13e515d600d,punjas badia; food salad dressings
454c818a8201a17184d5e80ab2a40c8d,premium foods white vinegar; food vinegar
c1de4bf9c96d39dd554cde4e32cf3b03,pran white vinegar; food vinegar
69f3750b1c1c23e241adf6fc5633eaaf,americana apple cider vinegar; food vinegar
879b299c6ce2ec215eff5ca01318a95d,dyc vinegar cider; food vinegar
6ce5f82d7fb352d0a2260100775a9b46,better living instant noodle chicken; food noodles
0c4444804e90795ccbc449011d20fb70,pran mr noodles chicke flavour; food noodles
e25ffc50212830f985dc562ef7567382,wah dart chop suey noodles thin; food noodles
12a03e613690f4af5c2dc3284f2c12f7,maggi chicken cubes x; food noodles
ed4b2028907d3c117d2fca33b03c0f51,fmf chow chicken cup noodles; food noodles
7fbb7e8aadf95377e00f3fa050daae64,long life thin noodles; food noodles
9a56d8cc7244282243110bb192b83e13,pran mr noodles curry flavour; food noodles
826baa886818ead70c3dd1dd4ee148a6,maggi spicy curry noodles; food noodles
955540867230f7b22ecda4ebd1b36336,premium foods noodles thin; food noodles
7cfcc1a1e369e4ea9d22a7dfab1c0021,better living instant noodle beef food noodles
3f8aa73cc3ad75128d047977652a2f66,maggi savoury stew flavour noodles; food noodles
bf0869d8aabe82231839cfcbd331ca5c,chow rua; food noodles
6153639181c2bb2be2b0ba9800ee262c,better living instant noodle mi gerong; food noodles
810dba548a999cf9c15d5ebd70723595,better living instant cup noodle beef; food noodles
dfc7358bb1e715591b6341345bea107f,long life egg noodles thin; food noodles
c7192d9046ec86339066a1fd83002898,long life thick noodles; food noodles
ac76738f7ae6ed9b20bf5de473205d21,pran mr noodles vege flavour; food noodles
9f762dc3fc5e3dacf62caf0debee53b0,fmf chow cup noodles tomatoe; food noodles
358fc5cf5f7228eeaac685deb9560b8e,fmf chow noodles tomato; food noodles
3cef9275f419e6694c42736e19c20d05,premium island salted peanut; food spread
eee152b7dc49f6a1b334462bafd28a61,chocolate mix; food cake mix essentials
ed7745d6580b74c6243a485d5a194d2c,gopal hot chana; food snacks savouries
138e3878da487f23765269e64b5d22ce,puredays fem pad wings non food sanitary toilet paper
f75990deffd3096f220a92030db74502,trupal adult diapers night non food sanitary toilet paper
6c2836d365b6f5b32aeb6ae2b2c031ed,nivea men spray sensitive protect; non food personal care
4e2829e165a47597b1c58b77bb637547,better living ultra thin regular non food sanitary toilet paper
40cd9272f0fe0ce624cbad438e2ec85b,better living extra super non food sanitary toilet paper
5303b9d2d1666f51af8f39e8e1658880,libra liners non food sanitary toilet paper
73582fb58aae394cbd334c2790497224,better living ultra thin super non food sanitary toilet paper
aaed6c80b1021230ee65af36770aef36,baby oil reg; non food baby care
e312a4bb1f75ee181ecfb3ce16ea8134,sunsilk hairfall solution cond; non food personal care
d6e292260dd3823ab30a3c13509ddd6b,bic flex titanium sensitive shaver non food personal care
3dd200afaf8f8b92e6bea97b69651738,nivea men evrydy active spray; non food personal care
f37f8b869f05ef5cc7079763de016d6f,noble gold blend inst coffee; beverage beverage hot coffee
aaf3845473b086b415db7d89d50ced8f,moccona classic med roast coffee; beverage beverage hot coffee
f5ccbe83cbbe3ee109a82c7751f13446,nescafe inst coff; beverage beverage hot coffee
9844ba3a777a250cfe7a376a9354459b,parle hide seek bourbon; food biscuit
9f52fcf600cea4a289490813624ef259,bounty rum cola can; alcoholic beverage imported spirits
480ebf7be433d5d82366fbf3da0a9dc1,nescafe classic pack; beverage beverage hot coffee
47fb7b86e292b33cf44cd7059019c66a,noble inst coffee vanilla; beverage beverage hot coffee
cbfd4c4552e1611ec9ad3e769eccf5b1,pams baby wipes scented non food baby care
e1f290b7c60d7a35a5a1e70629f12bc6,nescafe original rtd; beverage beverage hot coffee
32c9716fd19135038272f74c9240e7e0,broken shackle classic red wine; alcoholic beverage imported spirits
133ef7b84071880ba8e9c4d21d1ed738,regal whisky; alcoholic beverage imported spirits
91af1da8485dc112e3334230ea29e1aa,fiji bitter green cans; alcoholic beverage imported spirits
ed54f649c2221929eaa4adf47ffbaaa6,foundstone nv brut cuvee; alcoholic beverage imported spirits
53b7f384f9aa57587c2d69bd33fc97f2,delux regal whisky; alcoholic beverage imported spirits
4d44ac22a1e5049b1e8bb542babb9746,sunquick manderin; beverage beverage cold
2be661a63a11e936c203b095c4fe6363,nestle milo rtd; beverage beverage hot chocolate
f7a08229ac006e650ddca3b6063e4ec3,nescafe coffee beverage beverage hot coffee
43c0788718a7d623bd82e3e9398c7743,milo beverage beverage hot coffee
fc46380be78ab51d62714f9aa16d05b5,nescafe classic coffee; beverage beverage hot coffee
64e8115fb120afd712706ec049628e0a,moccona classic roast coffee; beverage beverage hot coffee
7f49e08b7aa47401b6365dcb399ade05,pran drinko float litchi; beverage beverage cold
fb3857f393111529a8aeb23f79025c65,sunquick mango; beverage beverage cold
db450800939f7dc3afcb9f86651a3e95,royal tea earl grey tea beverage beverage hot tea
0ec190eb92fe8894b0a2d82d0c192488,noble inst coffee hazelnut; beverage beverage hot coffee
e5411aade27f4ba27a1a0e6954739dfd,ovaltine; beverage beverage hot chocolate
a0f2a38c3aed2f03fb947ee7423a02ee,cocoa powder; beverage beverage hot chocolate
8a25021d20c224373a794f57ebf0d4e2,royal masala beverage beverage hot tea
ad5d8479908884eddd2cd18120a5726a,lipton quality black tea beverage beverage hot tea
632a62e9d64868addeb85cbd537cc2f9,royal tea; beverage beverage hot tea
5199cbd3724d60bd2a5b67eb3a0eccab,punjas classic ginger tea beverage beverage hot tea
5880913e3be78c6255ca56f25039edc2,punjas tea food
b33117205a8110d2f780f2bd9d01b9b4,fmf finest premium ceylon tea; beverage beverage hot tea
96d0825e850dc779bb6f3519240bec84,punjas classic jasmine greentea beverage beverage hot tea
b4711d5190517b37b240eca4cb0db027,royal slim tea pomegranate flavour; beverage beverage hot tea
93c806f6f7b9b0097ffbc38223e0b1d6,royal ginger beverage beverage hot tea
f22bbbbcbe819e586fbc0728f97d4002,royal tea beverage beverage hot tea
3aeaa422bb2ece0a5858bab1e4fadab7,bushells tea; beverage beverage hot tea
fafba7aa3b2ebb2e33c31efd0d543e28,novel ceylon tea beverage beverage hot tea
87e74908f9242caa776d37696070a788,punjas classic masala chai tea beverage beverage hot tea
40a6120fe4727ea8c8803041763079a3,novel tea food
db3ca22646e06e5de1a1ed683c060f27,novel masala tea food
97422936b417ba45caef7023f1e209dc,bushells tea; food
ab7ecac797254bcf55d6a2ee0367a845,punjas ceylon tea; food
0b27c43e1ac888242bf7573f03670392,punjas classic lemon tea beverage beverage hot tea
c29de9b60654c1a4f645d40326b5a28b,tea leaf; beverage beverage hot tea
07e013db835bd0317494642e06de7584,royal tea ginger beverage beverage hot tea
752d02aa7b94ecb889031bb0b8d03ab4,royal green tea beverage beverage hot tea
b796f6db4a881eda6607f93a4338ade1,sunquick tropical; beverage beverage cold
c00b9993f86c9c8bfff116925b2f58fa,milo; beverage beverage hot chocolate
d911f84df18e632c1459a190ada2430e,farmers best cocoa powder pouch; beverage beverage hot chocolate
056959e4a28bb6b5eefd214e21603af8,cover brown laminted rolls school office covers tapes
5be61f7d278aa6c24d700b4d080acf58,sprite; beverage beverage cold
e254d68c2ec929ba4c37937ce4889bed,mother energy drink; beverage beverage cold
5c4b00adcb709fcb042df2c9d01f16ab,tang litro org mango; beverage beverage cold
8f008e46afccc0c6317b462c61a3d260,fanta rasberry; beverage beverage cold
d81d13b07361bd143f7328c911b2fe0e,pepsi raspberry; beverage beverage cold
9e3a8450cade436dd42cb004c7aa1367,frubu orange juice; beverage beverage cold
b5493a5953439baabfc90e079fa69f26,frubu mango juice; beverage beverage cold
76014ed24443c31010d806fdb970a3cb,marigold fruit drink orange sugar; beverage beverage cold
7d239dde7cd562aa1e1196b888b7d6c6,frubu orange; beverage beverage cold
1773bbdcabd06b4a9b834a81c1f3e8c8,marigold fruit drink mango sugar; beverage beverage cold
ea88e12a54403f374012df38a0f245aa,pran bisk club sherio biscuit; beverage beverage cold
3dcc4af22f4321dd03d1f31a13ba3003,rasna mango powdered drink; beverage beverage cold
69305cacc9467a91d7893287b1e2ada6,fan apple juice; beverage beverage cold
0f704a58c256979bc5c31cb793864481,fan peach nector; beverage beverage cold
7b3de85a716a849f68feb6bb10a4c2d8,rasna orange powdered drink; beverage beverage cold
efba7ce8a261fa816ba1c57f85baece3,rasna strawberry powdered drink; beverage beverage cold
d4358108d3d458f1367e1e5b2c3368f3,guarana energy drink; beverage beverage cold
e1225f0eab774f9d5f37b1eddf198684,crush raspberry beverage beverage cold
b142ca49ffa345f11a2cd3afe36de768,schweppes traditional lemon line bitters; beverage beverage cold
f5faaa2b7569210dc90783c7a8ada629,kato fruit drink watermelon; beverage beverage cold
8bec7b47cc823c6c3d682adf24e4c9d7,meadowlea margarine; dairy spreads
2e32a5abcfc90db794d4315724c278e7,rama; dairy spreads
7eed20d27be1325f43dc0eedc9987309,abels magarine; dairy spreads
18f27f2ed26512a822bf2f742c567b19,anchor cheddar slices dairy cheese
7c79c08a6446813abd550ac671713d2d,rewa butter; dairy local imported cultured products
2a2efa2f9116e9fc05ac5feffb18427d,anchor uht wipped crm; dairy local imported cultured products
bdb35e0cd2c5c13dd7a83dabfe6032f5,leylands chicken luncheon; uncategorized
29ee15bd28853b65edb5b05597b270bd,rewa berry yog; dairy local imported cultured products
5b0b0d6b561c6fd2e92abe180aca577b,dairy delight plain yogurt; uncategorized
67cbf6343bd15b0165662252b586ebe7,banana kg; uncategorized
db75f046fb5da57c3a02e0dadbb46330,royal mug tea beverage beverage hot tea
605d399fa34ad6c8a8c227407be7c877,wallson lamb breakfast sausage; frozen sausages
a284641450ff2bfbf85a60b32bb56e36,bhaji bundle; uncategorized
5401c8baacb52b387e821a4ed93947a8,ginger local kg; uncategorized
84782e54ad661cb15bbede5e08fa9117,cabbage mustard bundle; uncategorized
e1dbed9520255b02f858172f6b04ba39,tiffin greek style natural yogurt; uncategorized
6a086b6d076e12acc205449641456c73,dhania bundle; uncategorized
a1c121aa1238978665bde0197740a7cd,dragon fruit local kg; uncategorized
c922e1440e10b77d09c779dd8ae2ec77,rourou bundle; uncategorized
9751b38c28323390925d73a07889c52e,spring onion local bundle; uncategorized
fd902259ca06dccd535ab9cddc828b50,oxford school office writing postage materials
34c2e30807a21dfdbb853dfec7b87e88,watermelon local; uncategorized
8080db98d0c7df5eb4e4b2265ea399d5,ritz cracker biscut; food biscuit
e777155b2505b2037e26e5a05525c1a8,bic soleil twilight shaver non food personal care
905e3f1338e0533b9fba76c48326a214,nivea men deep spray espresso; non food personal care
a74617251580e9919fc6a9b1cff1cd19,ivola maths book school office writing postage materials
fb8be90b7e32597498256eb6d90779e7,delivery charges; delivery charges
c7eae45f322f0c4e1671fae8a3fed5ae,oxford maths school office writing postage materials
18ab63c080db4fbc108eabceac67654b,delivery charge; delivery charges
da01220d2227ec036aa536743b6e4c6b,palm hand sanitizer cherry blossom; non food personal care
ea66aeebd3e2394e729ec821cd4cfb44,nivea pearl beauty spray; non food personal care
7b3b94fb8686a9433b378d82531b7563,panadol optizorb caplets non food personal care
cd21f0f0e919e34d43e59ab32cc0ede7,smart chef mixed veg; frozen frozen vegetables
181671a002c00db73f2e0a4b1819080d,gldn hvst mix veg; frozen frozen vegetables
3a247fa23fa1e7fa32614256132cf036,frozen dalo pack; frozen frozen vegetables
9894fd41a49430ec65144d0ab7ef5b6f,frozen cassava; frozen frozen vegetables
cbba480065aecefcf6f0491ec758a101,watties mixed vege; frozen frozen vegetables
e1b12fe4af03e4b630e46a2dc3fdb046,tuckers ice cream triamisu; frozen icecream deserts
38b26526510d9a48664c973eb2eb2adf,smart chef cocktail samosa frozen frozen easy meals
6d981c390b00f7e23daf18c9ef6be7b4,lamb shoulder cut pieces; frozen lamb
93f43159c7aa81ac399a5a96ea0e5634,frozen chicken kg; frozen chicken
3d9b9d624efdc400b443240e4d45660a,crest chicken fresh rosemary thighs kg; frozen chicken
56c0c37da4c6dd95f057b22f709dbb9f,crest fresh chkn supreme cuts; frozen chicken
4100eaa00b456529b8d53ace8b3e097c,crest honey soy roast chicken frozen chicken
4fc386d0e1c5a023816e6001d48135ca,cara cara orange kg; fruits vegetables imported fruits
efa77ab1290ec192c3ad56920dbe00ec,deepawali candle non food lighters
37f726e15db9f4a63302df34ce183a41,bic mini gas lighter non food lighters
e8de86994a2f3fb3d1af0cfcfeb635b5,goodknight incense stick mosquito; non food repellants
c9974fc7ed620c7592ab6596ef159a2c,soltuna premium chilli tuna; food canned fish
6f9ce8d865eb1d8fecd572665ff005e9,brunswick flaked tuna water; food canned fish
1cd06c1f6c305d9e4b54647ee7e14d6a,brunswick sardine soya oil; food canned fish
3e54261cb68d17c34c9787669c2938f8,skipper yellow fin tuna flakes; food canned fish
0ec0d8116eb88d61f2d07c32e39dfe58,solomon blue tuna flakes white; food canned fish
fb0172297a35a6e368ef9819cb057dd0,sunbell tuna chunk yellow oil; food canned fish
93d0929aa7d32f2a052a8c760a4f7973,sardine sce; food canned fish
211c0b6163d43e0e4c210c5610a63520,brunswick chunk tuna oil; food canned fish
6fb09f0dda2636998635cc71d12e6e81,mackerel sce chilli; food canned fish
e8959c59d7bd7bcb71bc140edeb9463b,ocean blue mack oil; food canned fish
40b84d3ca3409c995b260113f3c123b7,pac ocn mack s; food canned fish
a719f84b39790d2f601e974cabb271d5,koro sea flakes; food canned fish
fd6210be1f6460d6bf8abaa010a3245e,lilly mackeral tomato sauce; food canned fish
c537e35cedf319d58642554ac65d68d3,sardine sce chilli; food canned fish
87ceac5cd4d0cba6a57464da0f5b62a4,pac ocean mackerel oil; food canned fish
abf245e0da8d2f0f65eae2055817ccc2,mackerel sce; food canned fish
8ec4cbc6e62261c316d315f7e3846835,colorado mackerel brine; food canned fish
2d7f94202e8afd70cf31386337664c50,solomon blue light tuna flakes natura; food canned fish
70996cce0d382f0ce0e05ffd5802d326,soituna skipjack tuna; food canned fish
bb40512bf94e9b96ddd6e442dd5e6723,bakers fresh premium white sugar; food sugar
5369124dc000fac873c8dc251c417af9,dukes waffy wafer vanilla; food sugar
0d4a04fcbb6f00daf28c6a47a3040a81,natural goodness icing sugar; food sugar
83ded0629ea30a115f3b110e0556edf7,pran bombay biryani mix masala; food spices
95f47f8e21bd965db6537e591799b0c0,chillies bongo kg; uncategorized
38817e44b57a1f29cfd37376b7889367,brunswick tuna flaked oil; food canned fish
9b341730d0be2d3f041c94df1f1438f1,old capital specials tuna; food canned fish
08e3efd35e5976253b68f77ad3c753fb,ovalau tuna flakes oil; food canned fish
f744b45d05707f77c9cddf083bf883e2,skipper blue tuna flakes veg oil; food canned fish
35ef7fa5f10908b6244fb0f7a595ab84,prepacked carrots; fruits vegetables imported vegetables
d41b2b604a2ae89659a1aa068cdc0de1,cabbage red imp kg; fruits vegetables imported vegetables
d734e67d22b173f060d589f5ea349c1b,tomatoes imp kg; fruits vegetables imported vegetables
56ed644729807f7d6dc619d8302b84f0,carrots table inches kg; fruits vegetables imported vegetables
db4448e942c560f38f7c230cf2ee1ad1,green coral lettuce local; fruits vegetables imported vegetables
8bf5fa2dd999bbc7a62e70802001a2db,beetroot kg; fruits vegetables imported vegetables
7f63c4d370fd26db2d4539c0e2a97a7b,cabbage eng imp kg; fruits vegetables imported vegetables
e5ee3bc86a50cf402bcff776033304a1,capsicum imp green kg; fruits vegetables imported vegetables
550825553ad58cb23f0a6d7dfa16bc28,capsicum yellow kg; fruits vegetables imported vegetables
52503579377cf8d4ca81bb6b7911360c,capsicum red imported kg; fruits vegetables imported vegetables
5a7b0ff1590da1cc21c6e85fd5213c36,onions red ipmt kg; fruits vegetables imported vegetables
40be43aedd827efdab0306bb8ea597b3,anchor low fat; food milk
d7ca98068997edb3f13ba5afde2cee83,pauls australian pure milk; food milk
09dae7233ba4d66a303d8d8220227d8b,red cow milk powder; food milk
ba8e153cc10efdd2f3311cfd73be5eba,crushed apple; food canned fruits
407c708d3ba4c24f1e84206fcf0d0ce6,sani good milk reg; food milk
b8e7c616e02145421d5d3b7660252ace,tomato truss kg; fruits vegetables imported vegetables
0f2dbf622ae37f4665c1de925fdfd56d,tomatoes roma kg; fruits vegetables imported vegetables
178648dfc1b53552256b0123ed4c812f,premium island pear halves; food canned fruits
c1c924b9795e39102ca84e9b13e72a2d,pineapple slice; food canned fruits
53c87b6c61dd6a8ff516d938ce3bf5f7,americana fruit salad; food canned fruits
1013bd5e1dc0467715be6fafdf9361d6,pear halves syrup; food canned fruits
50e0700f1d388bd0a23ba6832bdd4a12,tops corn flakes; food breakfast
c286db59dc8d8068d59650f6d276aca2,americana peach halves; food canned fruits
9decaee0f7e542992a8bc24d4b9af476,americana pear halves; food canned fruits
62b119af3a3d11fd985ee5e368a69d5c,farm select pear halves; food canned fruits
55bf7751f981519b819032f52cb221d1,fruit salad; food canned fruits
6d4223de446e172f6e7cbc389f303ae2,americana pineapple pieces; food canned fruits
039bff8e7d6c2b68d85a84799451040b,peach syrup; food canned fruits
6b24527a6f51c0de02c78621627538f3,nestle milo balls; food breakfast
5ffdce8f04105427b97504d8ad947b00,sanitarium go vanilla ice; food breakfast
6ffda22ef162cba4efa4a692df95ca9a,tops choco flakes; food breakfast
d0599b1e34b41281116eaeb77422bee6,sanitarium go choc ice; food breakfast
d3b6cd4da05359c7f0d9995b7c1c114d,nestle milo cereal food breakfast
d553f3cc6afa937a8f9548f869462c8d,fmf bilo cheesy tomato; food breakfast
845330b4f674f2938b5e33fc10f5cfa5,coles cornflakes; food breakfast
43d78e1a4afd81e0b7f56dac35356922,kelloggs cornflakes; food breakfast
1c4783c83d1b382f4c52a5bdc6ab95f1,nestle koko crunch; food breakfast
d1e543b2bdd3e66959f5d4fc17756599,rolled oats; food breakfast
6c7e66412ce9cc0ad25477207cf1f6f2,nestle gold corn flakes; food breakfast
7ce356e51f46cd2ad4e8e9c048a2e552,coles joyful choc chip museli bar; food breakfast
9cb29564661b52d3378c67b09743ee0c,americana instant rolled oats; food breakfast
374753d23477dfd05442b67192d288a8,shine roll oats food breakfast
edfe118a61f1f39e0bf1f1404759d1cc,good almond unsweetened; food breakfast
49109b6ecefa0ada6360a9acbf7cdc07,kelloggs corn flakes; food breakfast
5f48746ea44dbe037aa7c98de53c6a6d,nestle milo ball; food breakfast
1528b1ceb6f4e81f4c9acc23358c463f,fmf funtastix cheesy tomato; food breakfast
a8714a46c400f3a220e077ce128f327c,kelloggs coco pops; food breakfast
25f82d37183b9567dfe39a69e9d0487f,sanitarium ricies; food breakfast
522161821916ed851a6ef8ffe0957206,shantis corn flakes; food breakfast
be0076034f4cb303ab48db9ad4ea8823,nestle fun cerl; food breakfast
79f72bf4b8b02304d74ffd30e0a81a6a,sanitarium weetbix; food breakfast
f804f614589f6bf60d7087a236f9f7ad,sani weetbix wild berry bites; food breakfast
378ebc4ed39434c47a38a88fcd1a0a4e,farm select apricot halves; food canned fruits
53113bcfd53e6d6e36fdbf0e70912e39,pacific crown pineapple light; food canned fruits
461dcbff171538726bc48d4c744e9e5b,farm select fruit salad; food canned fruits
a85652369d51cf7941628522c2d5196f,farm selected peach slices light; food canned fruits
afc92676562bd4ee21e7f12a153f03d3,premium island peach halves; food canned fruits
293a32df271593daf9ab4639350255b4,premium island fruit cocktail; food canned fruits
e635ba063663fcc5caa1a5894fe220ae,peach halves slice; food canned fruits
f0e1a054a115e510dfd5ad7f6269cf8d,americana pineapple slices; food canned fruits
3e7c44a3fb4d091b4e660eac4c2327b2,broccoli kg; fruits vegetables imported vegetables
e4e907be7c0b9ae2850b6cfde1d6505e,celery kg; fruits vegetables imported vegetables
dcc93c5f8b224334b2f5ce656d23f757,cucumbertele kg; uncategorized
36e6cf83deab749bd04a5c97e4c0686b,maggi chicken noodles; food noodles
8f69ebdfceed24b6e2a54b97bc6dffa1,premium island mackerel oil; food canned fish
60a45fc1392c0d1ee02063aba66ae4c3,viti twin jumbo toilet paper sheets; non food sanitary toilet paper
47871420cd0c0b8c3d911ea723b38b6c,maggi chicken noodle; food noodles
c04b81187211796d63933f1c688f4bb6,better living instant cup noodle chicken; food noodles
219e354bcfdfd1ea1915bec0c354e3f1,tang litro orange; beverage beverage cold
352dfb2d947e4d66b1e581df373910ca,apple each; fruits vegetables imported fruits
a9c902a607cbe21d6704bbacda522dd8,fmf fast cracker; food biscuit
1449b0bfe2129af8d50c5f7581b9a52b,rewa full cream milk powder; food milk
71473c6ad8f36a6a391d65800ff8772f,fmf chow noodles chckn x; food noodles
b050dd7b754f85f3fa85d2412f004699,lamb chicken luncheon; frozen sausages
089ca768ae85de684c0833defae5327d,wallson hot spicy lamb sausage; frozen sausages
ff3d8d448354094009a55b1f12223f5e,premier tomato sauce; food sauce
d9a5e9a4aea3d12ba98c335ae9f91d3b,boom sticks chocolate spread with; food confectionery
d408da3c3abc953dae01fdf32caaf866,tiffany butter toffee; food confectionery
cbad3686cf901a5e4397da7acdce86b1,ley ex white free gum; food confectionery
f8809b44e1b7a20c202e81a7a921c0a8,rewa natural yog; dairy local imported cultured products
209623e45900ee0020c0b6b4b78e2293,rewa dairy mango yogurt; dairy local imported cultured products
6b2916d2c3b6867c53216bbe860079d8,yumos cheese; food snacks savouries
c69ea0bee47d5f01b66ba5706b608f7e,parle hide seek fab chocolate; food biscuit
d78722c36d10e875dc97d230b52fd00b,punjas snack crackers; food biscuit
7d9ec8d1dabf49d638b1af6f4ca0a691,arrow square puff crackers; food biscuit
e0a1807eba2539962c8fc5830b5d7154,ppran crunchy chocolate wafer; food biscuit
caf71d07db9a6381e7aaac033a4a99e0,punjas hot masala; food spices
8d25c9924afa19a0c7864f090524b8f7,art choc mint slice; food biscuit
904ac661425ec1b4c8346fa5aa072ded,dcl instant yeast; food cake mix essentials
1356aeab669e2c25e6378c898cc4cae1,gld har lemon mix; food cake mix essentials
4f9568da3966515f777dfab002e06976,har vanilla mix; food cake mix essentials
c4b29c4c3656a02915568caa5ef8c1b4,cont spring veg pkt soup; food soups
ce0449064a3912e4dbd00fd2bc3f12a2,cont chick noodle food soups
f65483eedfd3b2af4da67b4bed6fed9a,taste india dhal soup; food soups
0d1a1e3a633fd64584f7340db6eb590a,san remo shells food pasta
f6d06ddf250359b64fb79d7530f57145,san remo tomato onion garlic; uncategorized
f9cca39ad029b240905c524fa6a9e9ef,maid pulpy apple drink; beverage beverage cold
1a3d21e3c21fc8664e2b8f81093f0670,powerade mountain blast zero sugar; beverage beverage cold
a2fad0643d6a5617bbdf67e348267f5b,pran premium pineapple juice; beverage beverage cold
e9c35e28e906a4e63fe872161d7882db,mountain dew can; beverage beverage cold
0d26e77d9fe423c5fc88f67d9bf0275e,crush natural artesian water; beverage water
85ad38c576d11a0eec31ce965e2a1cd8,fiji natural water beverage water
17fcece810c5996e574226069b132e6b,island chill artesian water; beverage water
2c22d6bb4f8a9438bffb19d103763f8f,fiji nat water; beverage water
dc94fb18a3645e16426d6c2b660cf7dc,eveready blk; non food electrical
14c4a2d69f63fcd0a9f9daeac3610cbd,fmf fun tastix cheesy tomato; food snacks savouries
e4413f7f2c15a339240a2d8fbda0c174,fmf quick wash laundary pder floral; non food fabric care
4f4af57804d45edb7f9722a63b862964,fmf wholemeal breakfast crackers; food biscuit
d912b681b870617692066304b6e1ce01,banfi le rime pinot gri wine; alcoholic beverage imported wines
16ed34cea58e7bc89be5d1b6b5b8d2b9,winn scouring pads non food dishwashing
da475698e22881053b37de5efd2d62f0,fmf quick wash laundary pder lemon; non food fabric care
999fd7ac96327c4e0d81543225534deb,fmf sunwhite premium basmati rice; food rice
028f1f886ef8ca44831415cbfebda6ee,fmf quickwash detergent floral; non food fabric care
02d721bc04038f3c271d30fa8afdeb69,fielders jasmine rice; food rice
bb01e28da65f49757739b8396dd87c5d,crest chicken sizzlers herb garlic; frozen sausages
6bb663a449e374b1747718cd6d5b8d09,kuat dishwash paste baking soda; non food dishwashing
58df3ee621386240f2f936addec39675,bright shine dish wash paste lime; non food dishwashing
365aa9f2c50c74709661fd9047f5f6f4,kuat dishwashing paste vinegar; non food dishwashing
38181730fba9fc751c733fd0889c268a,eveready battery red non food electrical
c4dae3a5fa0b0865312061f334ea815f,pampers baby diapers non food baby care
5986ac9df2e7f54efd2c78b257101647,pampers baby diapers new born non food baby care
18834bbc8754fe2e79b9619bcf999f2d,jb blossom powder; non food baby care
362e5108fd05014c5a6ee430e2b85b37,jb reg oil; non food baby care
627b2704f1c284aa8b5e3b965e3bb78b,tender care talc classic; non food baby care
8bf35186498afa711ad7bc192f6ae71a,jb bedtime powder; non food baby care
16d0005b888b6e4df8c3a9c2ddbb154f,pampers baby diapers xxl non food baby care
41aea326de7012834f766d97a988af2d,tushy baby diaper xl; non food baby care
4e6dc949d9809b7b5cce9e9b101ca776,kantch astaxanthin non food pharmaceuticals
e4e9d7dbe735ac0f60cd2cce1b1a3d28,libresse maxi night wings; non food sanitary toilet paper
d0c465ecbca1542aa7d8f10820efe93b,stayfree maxi heavy flow wings non food sanitary toilet paper
86438affd6e6f038a6842fa0160f9ce0,jb milk complete care powder; non food baby care
b5aa9f9886cd3abaef2e926026a7b1e5,staysafe wings pad; non food sanitary toilet paper
73b16acc284c618101387955f6d128ad,malumu scented tissue; non food sanitary toilet paper
d6d36db63c65b7167b1d61efffbec52b,malumu twin sheets roll; non food sanitary toilet paper
c705e1ecfc0fb3d6a336802175f9edb9,malumu twin scented tissue non food sanitary toilet paper
89771adeb57e89543ce9255da69604d6,libresse maxi night fit; non food sanitary toilet paper
514fbf04121d2e931bc44ebf73cd1b38,nivea men derma control defend; non food personal care
7700eda1985f474761cbab73f2702028,staysafe rf wings pad; non food sanitary toilet paper
8cfa18be91605e9dceff336b91fc640c,mitu babycologne bottle green; non food baby care
9fd008a1e5daf10a013f654ec16f3473,chillies green kg; uncategorized
e40deb26c7f17218d4bfe16c18c7d91a,punjas canola oil; food export png
014d9ad35f8fbcbf9d36c4946653f6b1,perfect choice coconut cream; food coconut cream
07e1e7bfe6810b2caf6a9cf5dd84fa6c,kara coconut cream fat; food coconut cream
089dc9cd8eefb6a2fc1ed3525180d27a,kara uht coconut cream; food coconut cream
0a0e9f5b5e97fe3014fe5571670a81e3,old capital sunbell red ovalau; food canned fish
b2b6eb16b40e65b0e02d6b3a533ba380,soltuna premium yellow fin tuna chunk; food canned fish
4ca08e7844075444215ea5acaba9c046,kara coconut milk fat; food coconut milk
a52ac6281d4d218599e86fbbd5e51d7e,brunswick boneless; food canned fish
66e2085efe098fea1a9915770a96396c,soltuna premium yellow fin chilli tuna; food canned fish
17e49ef6f1dc194f7b8b17621bd3eb61,soltuna premium yellow fin tuna; food canned fish
05ee3e93d8b29f38ea7a9c26305ff1f2,brunswick mackerel natural oil; food canned fish
e3689eaf86ec20793398404330a96881,brunswick chunk tuna water; food canned fish
9609938e9f34c0e924bdca674b3d9c1c,brunswick sardines sce; food canned fish
8dd192870db8904325cab938bf0283e4,skipper tuna flakes witlemon pepper; food canned fish
6c30092113b78809e8d83a30c58b8737,sunbell yellow sunbell red old; food canned fish
dd7a8289e1802be1345f119b7495f772,red sea tuna flakes; food canned fish
9526964a81d78c035bf2b996cc216321,angel yellow mack oil; food canned fish
ac061d90901513c9e2f3d5f8d6a704dc,sunbell red koro sea old; food canned fish
ded89a98d9fad7cf54884a939d743f2f,true choice mackeral sce; food canned fish
1f22042143e90f0645e5d0af2aeebb33,sea king mackerel sauce; food canned fish
bfaf7f5ade5aac4dd1e7af8cd9fcf3fb,old capital special tuna food canned fish
590770da034da17c443fe2515d5dd914,sea king mackerel nat oil; food canned fish
c66b78a5effa3c9194a7e1c2b37a5469,skipper tuna flakes chillies; food canned fish
a1da00d666b129c473fb7294e274ba33,skipper albacore tuna flakes oil; food canned fish
28cebde73540136312b66dc9a79b0db2,colorado mackerel sauce; food canned fish
ebabd666289e2f11677d3030cb558cd3,indocafe original blend; beverage beverage hot coffee
1506a9de0e4c036e1862490a24ddab0c,kofeena coffee; beverage beverage hot coffee
b20fe2b1627962ffe1fbd80da9659f8c,ocean jasmine soap; non food personal care
470568c50ebf782dedefa7e9d0f4845a,lady speed stick roll powder; non food personal care
53ccf2a3fce22f269a458a67e89d59cd,bea fruity soap orange; non food personal care
e79c72a25ca2231cdeaea104bc55c990,bea fruity soap strawberry; non food personal care
f7290360e39f1523fed61a20a2b3d3f9,medx antibacterial soap deo care; non food personal care
4c84339695350fa3daaa683c096d7003,nivea silky smooth roll on; non food personal care
78a8c47e7717d423e8a1cefbfa884cac,pams facial wipes dry sensitive; non food personal care
9acf492ec82a872f883ffea42227fd7f,basilini coconut oil petroleumjelly; non food personal care
b92975ec08aabb1bd19d052a22f903da,nivea men deep roll espresso; non food personal care
fbcfa5212d921a315d72d59aa29ef30c,stella air freshener spray apple; non food personal care
3f8b20bf8db315105c0e309bed778352,orchid towel; non food personal care
9142c84ea33c4eecb9be28b7c5ba5335,bea fruity soap blackcurrant; non food personal care
4151a3af3144ebf4ddd7db874cf536a3,bea fruity soap lemon; non food personal care
fa29d3025e596a3221d8d10209a178ea,nappy time coconut oil baby wipes non food personal care
1e9a8e70da4d0b653c0463208e84e0f8,stella air freshener spray lemon; non food personal care
8b8ed58654b7b5cdb15e9b6cdc690ab6,iman formula gold spray; non food personal care
d4c9b2a29e410d257e65aaa6ce9e3394,nappy time lightly scented baby; non food personal care
64e84ff82113251d26c44c7380b870a6,giv bathing soap blue; non food personal care
88cc64d3c14b379074da674468fa6548,bea fruity soap apple; non food personal care
37aa1223f42bc221392d390963c56a6b,pearl naturals turmeric body soap; non food personal care
5064e7d2453bc5d5b9a7c63195ec61f2,glow lovely advance multivitamin; non food personal care
9b3bbc6556acda88b28982b1bae23c2a,palmolive sensual aroma therapy; non food personal care
7af06dc843d32dd1f2056d686a528473,nappy time fragrance free baby wipes non food personal care
d55e1ab9c1fcd6d75615589d454220d4,mitu baby powder floral non food personal care
a469d188f2331347c53e73a37a32e6b7,dettol anitbacterial soap original; non food personal care
2d0c762cfc14b53949acec55f93fe4f2,nivea men fresh sensation; non food personal care
7b4b5982ed8114e952e09898d556ff0e,nivea pearl beauty fragrance ladies; non food personal care
728f179e50a00f70ad842dafebbcc72b,dove cream bar cucumber tea; non food personal care
39804fffd9626fa97bd6eb72b8bdcd61,pacific washing powder lemon with; non food personal care
441348760af3df45a033b0a99b7faa73,nappy time lightly scented baby non food personal care
cd7fed4a7c8338514692d9dd169e9d1a,dove cream bar regular white; non food personal care
90f467e8b11f6b3e6d28dec1f98f906a,dove cream bar relaxing coconut; non food personal care
26a8311c2c49be8b6a7fcaf9a3716024,pacific washing powder floral with; non food personal care
59d00c94ba27ea4616fe074a491e003a,palmolive japanese cherry blossom; non food personal care
bd15c09fba94332b67615c3384c3ddcc,nivea women fresh sensation; non food personal care
f1435e1ff941052d5b73c78744aa21fe,panadol tabs non food personal care
c57b433e07b0b94289f3caecb89bfe1f,nivea men deep extreme; non food personal care
d4f918b572f44a13115fe598df62b8da,protex handwash propolis; non food personal care
11214b3fa467ce8fbedc275f15d5a5fd,herbitus chesty cough relief; non food personal care
5eaf78404043c5e94094dd844177f56b,man styling hair gel wax; non food personal care
0b78d956ab59daeaa530f8b9eaee4d5c,nutri party drink strawberry; beverage beverage cold
0eeb461a9f8625a5791ea3ac2a905c90,protex soap macadamia oil; non food personal care
c45917f889734a94273b8b1dd6298e5a,pran orange juice; beverage beverage cold
042e644de2bd1b2440b71ed0f6e5a8b0,abest tamarind juice; beverage beverage cold
931f07a489fe50d55f599d34c84e850a,coca cola sugar; beverage beverage cold
6842fd925a39bd691bfd5abf85809eb4,crush pineapple; beverage beverage cold
0113b156302fcd3d55bc20d63cdec024,crush strawberry; beverage beverage cold
cc8b8017360f41bc5cf6a1938c4a3905,fanta orange; beverage beverage cold
05a84f08299458de937f1836f570bc34,powerade blackcurrant; beverage beverage cold
ee0a2864b09f6e9eac0c33349046fe36,coca cola vanilla zero sugar; beverage beverage cold
5edabad3f6f84dfcd58e64de20428e3d,nivea ladies intense protection fresh r; non food personal care
f4f3379edb070924410024cc8aa34264,crush cola; beverage beverage cold
62d2ee541b48c791b972de4b7f405b01,coca cola can; beverage beverage cold
a570e485a409de6d000ac676cb81f519,crush fruit cocktail; beverage beverage cold
a73dd30416ec6af5879988a0ebc0bcc5,palmolive lhw milk honey refill; non food personal care
50f741789f357946762be99b09b4e424,fanta can; beverage beverage cold
887a27acc72181c6e69d1d9405af62a0,protex shower cream icy cool; non food personal care
305c7b0a40019e540b6f8c74a70098fe,sprite can; beverage beverage cold
4edb9f1fad41579ec41897da420ee89c,nivea men deep spray; non food personal care
ac986b6f87d7ad002ed5d892e66405f5,nivea men deep roll on; non food personal care
e2b9c588459bfdb64712906157f63455,pepsi max; beverage beverage cold
0cd9e6ea30f4cffa943b06d34b328c63,coca cola botl; beverage beverage cold
ef368f9e45b9d7ed90e7fb4254b215c8,juice apple; beverage beverage cold
7b41b1b4b3c8fda63dba32b1da7e0d40,juicy papple beverage beverage cold
54cb61a8d6024ce500022c4e5150e53c,sprite zero sugar; beverage beverage cold
30a2790edda76d3549ddad5cf9c48683,juicy orange; beverage beverage cold
d567e12758007e33c4f6bbeef1d25af5,juicy fruit cocktail; beverage beverage cold
1d61e04912b400c941dbdc34e996deeb,pran frooto mango juice pet bott; beverage beverage cold
3235712233f5fb83c0114c2318e87cb6,pran drinko float pineapple; beverage beverage cold
c5cf3728a31f676d6502ee2d0d19e4dd,jucy; beverage beverage cold
6e3530d6adfda1aa51fe31d9199a56f1,crush ice cream soda beverage beverage cold
14648749fc45cabbee4f5d950c24d4f0,pran ice lolly drink beverage beverage cold
43dfbf26da548390a752f15aaf8abe17,pran premium mango juice; beverage beverage cold
d189ead6ac11f5063e75824c75bf1703,pran barbeque chanachur; beverage beverage cold
4521cd32aa06226bd8e4bf5c52619b47,pran frooto mango juice pet bottl; beverage beverage cold
0ff0833d1039677711aca382ad1a8122,schweppes orange mango; beverage beverage cold
35329ceada1e0b732b62efc0c2ffa931,pran apple juice; beverage beverage cold
928ce9f5bb1c487cf226f56eae99c5e4,pran premium fruitcocktail juice; beverage beverage cold
c3d90d2e8f4d68b008fc5a9caa682260,dove men hamper a; non food personal care
58bf208fc36a1cd37145368c75fb9951,pepsi max cans; beverage beverage cold
01d502f60d355df14bb4fe7e447fa61b,nivea ladies intense protect spray; non food personal care
5f250c266a1ebcc2c767bb496a8dc1dc,jucy fruit cocktail; beverage beverage cold
4c5543ca9032ea63a22599002a85f9f1,nivea ladies everyday active fresh spray; non food personal care
44269b9873599f2a819afaf04fc97201,jucy pineapple; beverage beverage cold
ce650248ba688f722768d0337b285f98,nivea men everday active fresh on; non food personal care
4f13c3b4a337199a79114969afc1aa7a,jucy orange; beverage beverage cold
f11befc1ed2045c184db6f712c93a86d,schweppes soda water; beverage beverage cold
1f77112c09b6b55e15df044c5b6f2ffc,godrej fairglow soap; non food personal care
930e2a40b74ec8ed3941b64ee0520db6,fanta pineapple; beverage beverage cold
b7e6df4252df5c7907ff3fa85c640305,circle orange juice; beverage beverage cold
5b0f02fc74cf519840950b6323fe46da,coca cola; beverage beverage cold
79cc33596ff1034a5a69eb45c8d08252,crush mango passionfruit beverage beverage cold
85de019e9cd0394e5c8880e58e0d3b58,frubu tropical; beverage beverage cold
a3869cdb3159cff04dc00625a24f97f1,fanta raspberry; beverage beverage cold
2cf629de14e67640d494f723db097440,sunquick lemon; beverage beverage cold
8d5843c670eee86d9d5bd970cf2c0206,juice mango; beverage beverage cold
1cdc100f91ebfc84628d882a0339beca,rexona men ice cool ap spray; non food personal care
5c86e8480acb16dded09bd505d9a1ef1,dove pomegrante lemon; non food personal care
dc71a33b0b3685bcde7e449059ca3597,golden circle golden pash juice; beverage beverage cold
08518b1592b4e77c9e659dbeca52c362,boon boon fruit drink lychee beverage beverage cold
df04fdd49683374d4046d9ca1509240c,boon boon fruit drink grapefuit beverage beverage cold
0b518b3643c8823160aef74c5977146f,circle orange beverage beverage cold
9379df58000fbffd79632f9aac05922d,speed stick active spray; non food personal care
e422ad8056457390e604992ad78e22c4,speed stick water proof spray; non food personal care
3c27667f9b429f0f7fccc900e5e1ac7f,crcle apple beverage beverage cold
c917249caceff4a4aa919ccecb980ef4,boon boon fruit drink melon beverage beverage cold
56013ad808c81918563e2c94f03d6ea9,punjas berry cordial beverage beverage cold
066d5891e88356d9726ccef998410718,punjas orange cordial; beverage beverage cold
fa0eb7178f14b5b06b38a9107f296845,boon boon fruit drink orange beverage beverage cold
00ad3bbd6ee6a1305044d2e3f74393c3,speed stick extreme spray; non food personal care
2096a77113ea412fba6188fc857acb71,schweppes tonic water; beverage beverage cold
364211cacb271909d8c4a33323d5a298,nutri party drink soursop; beverage beverage cold
7fb8da949030ca86ef2cde3553e16627,pepsi orange; beverage beverage cold
4c963c99d8d4565d1d098eef64573403,lady speed stick invisible spray; non food personal care
76af1219308155baab7085f5d9a9286b,lady speed stick pro spray; non food personal care
089599bb911309473d9ea792dbf38c4c,pepsi mountain dew; beverage beverage cold
4f1d3744ca90161d1c9209074ed13152,powerade lemon lime; beverage beverage cold
7890f2ea5cc6eb730b1962c06dc0820f,mountain dew beverage beverage cold
a560032f1dc79ac890801efec6fe959b,pepsi beverage beverage cold
a08d5a8de54d29d24b5f96054c6f22b5,lady speed stick active fresh spray; non food personal care
697dfbcbd092e2e26ec78fa54d09baf6,pepsi cola; beverage beverage cold
c365a1c0e864935dabcde3ae533c97fc,mirinda raspberry beverage beverage cold
c9132e98090777eb957e2bf539d224c1,boon boon fruit drink strawberry beverage beverage cold
932e89b71dbc96cb608921fdc1a385c0,kato fruit drink mango; beverage beverage cold
b051ab00e903c504fa2f4878bd45d6d9,powerade mountain blast; beverage beverage cold
9b6a7face08a98e7a6a24ff6e7c76b86,juice fiji original health juice; beverage beverage cold
475446140d16518928af6dd5bb1ec96b,marigold fruit drink apple sugar; beverage beverage cold
8562dc870b9043554a8d7647c30bc29b,kato fruit drink orange; beverage beverage cold
cf1c121f40109476f983b7d5151f6df0,schweppes trad lemon lime bitters; beverage beverage cold
8bdc44a3ae7dca95bad0ad72da2f1716,kato fruit drink pineapple; beverage beverage cold
6afb8a34eab5647816ba5cc0f353ce31,kato fruit drink strawberry; beverage beverage cold
58131f08acd7add2a6c6798d839e0e42,fanta apple; beverage beverage cold
7d18a68b9f2fa92ee2aef536417c7cad,fan mango nector; beverage beverage cold
3eafbb55343b505376326213513aeb93,abest orange juice; beverage beverage cold
4f6fd58af97d5d3e8d3bb59430d39784,fan orange juice; beverage beverage cold
abd2eb95079a909ea471ed5a847bab55,abest soursop juice; beverage beverage cold
08d68a40c904e496c74322190e10051a,abest mixed fruit juice; beverage beverage cold
d65882e94a2383762a6262c4ccee1b38,fanta orange beverage beverage cold
fcff0ae41c8b0ca287eb739bf5522ffe,pepsi cola beverage beverage cold
bcc74c72890f4bbfd31eecf8c607038d,mirinda orange beverage beverage cold
3d1e32ddcba881d848d8c33c0dff8665,fanta pineapple beverage beverage cold
62df8919d66663a6864ad298c37ec783,coca cola beverage beverage cold
4329f94ab3b182307e0e75f1f24b2ee0,beverage beverage cold
62bd53602957ada2e75b440790447f15,sprite beverage beverage cold
4e5a35a922dfd4ce2b507de9bfbdece9,abest passion juice; beverage beverage cold
dcee0662a3127408ff3f8bb304970ba1,nutri party tropical mix; beverage beverage cold
b82408635e6748f52b0e486653dd66da,nivea ladies deo fresh; non food personal care
b703aa281848f5d16d117b80935a95a4,maid pulpy apple drink beverage beverage cold
c0787b26c1016c0de8debcdf46e964fe,nivea men deo spray fresh; non food personal care
3db0972379a238aedaf2a5102220c060,maid pulpy orange drink beverage beverage cold
6dbef53b34e519ef50b656f68eb69d32,abest mango juice; beverage beverage cold
8407ade81e1166e26619f5865784dedb,nivea ladies deo spray fresh; non food personal care
7e6a827b90ed693b8894dc9c337f28c3,abest pineapple juice; beverage beverage cold
6ba5fa6ad325a006e708cacf0d3635b1,cinthol women pep spray; non food personal care
3d5ffb58981af379c6881618532accd7,abest guava juice; beverage beverage cold
8818990a1a54a4f1c2a43a3b0aa22eb8,maid pulpy tropical drink beverage beverage cold
49b4154f9ce7699a6ddf3b266b82403d,energy drink glass; beverage beverage cold
764f1e275436eea768665b39b4bcc8fa,lady speed stick poder fresh spray; non food personal care
26198504b6d1be2f4530eea8a96fec51,nivea lotion cocoa butter; non food personal care
d56d08452a877d226f06dad976ab1d73,frubu mango; beverage beverage cold
16a7346430db3cb3b5157fe857f4cbe6,maid pulpy orange drink; beverage beverage cold
4c194fad8282c34e1ec1b886da8270ae,wonder drop washing gel lime; non food personal care
0bf8a82020e3274bafaa3a75ac75ae23,speed active; non food personal care
c639b03cbcc7fda7d81b27ba3d548d8d,maid pulpy tropical drink; beverage beverage cold
68ea0ede006c53222d752bf55cd98d76,nutri party drink passion fruit; beverage beverage cold
c1c1d49b6ed63128f86acf56cb550380,pepsi up; beverage beverage cold
6111646c4a92a5bdc5890bb9d7c1b7aa,speed stick xtreme ultra; non food personal care
abc562563680ac3c7648a516fa50d77b,punjas berry cordial; beverage beverage cold
9cb8595799d324ee4cf39f89155fbef1,sixth sents scandal; non food personal care
2a372a7b6cb74aac7e566e795ce8820c,mountain dew; beverage beverage cold
bd0c4cbb4365de4c2a21182c9ff51492,sixth sents mystique; non food personal care
0e2563f36df08f7cf9e658a3f8f9b0c8,tang litro mango; beverage beverage cold
d1c909409f05476eabc1cf3d7792b859,fiji natural water; beverage water
b679e2e37e06152d6828b2159bef5a75,tang litro pineapple; beverage beverage cold
d3ec7cc02f4fcdc513e189fbed2a06cd,energy drink blue guarana; beverage energy drink
4eedd6808c3447647e23fb2d2677c9eb,rewa sour cream; uncategorized
801fca1d05f2357685b6345c0dbf8d6c,yoplait strawberry; uncategorized
451ce6e6c1e6beb8ff4fc9633f6242e1,vodka cruiser mango raspberry; alcoholic beverage imported rtd
c0f21c7514de642f643e78fc21e1b460,vodka cruiser raspberry; alcoholic beverage imported rtd
29eb110f3c93996d732f0594587871a2,vodka cruiser double raspberry alcoholic beverage imported rtd
73bb5485ccc93a0f5ba69d558babd074,smirnoff ice black; alcoholic beverage imported rtd
a2083dafb8d7fe9bebf8b46589a484d9,vodka cruiser cool lime; alcoholic beverage imported rtd
def319e6509a08688323c24226ca9940,woodstock cola; alcoholic beverage imported rtd
4fa53107bd9ee7ffb755b53ab7d232bc,sacred hill shiraz; alcoholic beverage imported wines
5ddbef264a556dba0ba50970ab23c166,sacred hill moscato; alcoholic beverage imported wines
64b8b627fcb4c19c7901ae49f3be8755,sacred hill tawny port; alcoholic beverage imported wines
897f27b6529ca28f253b76de0129df33,delux regal whisky; alcoholic beverage local spirits
caf3782ebe5fd208b609c0debbc78b68,bounty op rum; alcoholic beverage local spirits
79c9171d04c859a8cbca609d7e9c87bb,sacred hill cab merlot; alcoholic beverage imported wines
547b0b6ab65ebbdb47f47f43c6a4b087,captain pinot noir; alcoholic beverage imported wines
03cb68a674f68d0870b70a814cb446c1,regal whisky; alcoholic beverage local spirits
77f26ca0a4fde65b44a0720295228de8,regal gin; alcoholic beverage local spirits
171754277a57708dd475dd833c06f008,accomplice sweet juicy red; alcoholic beverage imported wines
670ad95b8c07dedf57d8c689cb4d2cef,vina maria vino tinto; alcoholic beverage imported wines
bad85dc92da3ce0b49cfcef66cd1a5b6,vina elegancia vino tinto; alcoholic beverage imported wines
99b8d53fb5ef448c162b85dd7b82db1f,vina elegancia vino blanco; alcoholic beverage imported wines
58e4fd242f1a8531f03a0ae0ec53893c,woodstock cola berry; alcoholic beverage imported rtd
d04618e7ae0873bcc7b513ce1443b49f,vodka cruiser blueberry; alcoholic beverage imported rtd
41996ac6113f6d7648762a11fb88d683,vonu pure lager bottle beer; alcoholic beverage beer
4551136c0a8d78f9e16dbda60681bcc2,mark vodka lime cocktail alcoholic beverage imported rtd
769188aae6d67284c93e983dcb79ddc2,wallson lamb breakfast sausages; frozen sausages
86598978f6f818d01adfdb2258114e69,wallson masala lamb sausage pre cooked; frozen sausages
e0db4d54c19cca893df02551e4b814b6,tresemme cond cleanse replenish; non food hair care
4fff51b463bee7912a7fa52675700189,tresemme cond colour revitalise; non food hair care
4cb1e8d31996244be18a3cc949fca757,biore brightening clay mask; non food hair care
65cf6b30b05c2ef3779f43d04c80f930,tresemme cond moisture rich; non food hair care
421fb1001675bf742d7e09fe7f524edf,tresemme shamp moisture rich; non food hair care
34b8a1b2f54e714f336beeeeeb325fbf,biore brightening exfoliating scrub; non food hair care
d0ec4fe23117045c93c51fa572899dfd,biore brightening jelly cleanser; non food hair care
3e0bb9d311f543e1f6ac495f756b270a,pantene pro shamp fall cont; non food hair care
75bdd90f4c56535bd53ad7fb77ac12c4,biore rose quartz charcoal daily; non food hair care
ab5767a11c3e22eee024086b11b69fd6,pantene pro shamp smth silky; non food hair care
05ac100fea45b4e653017f74e74cb50d,head shoulders shamp anti fall; non food hair care
e6e065aead0e015a7e74e08fbf23c764,monday conditioner gentle; non food hair care
d9205c38b05c9b42c984bc28a71e4a97,dove shampoo daily moisture; non food hair care
f49c398065228653ab216bc215aceccb,pantene smooth silky cond; non food hair care
fbfee1247936ba49bbca90f51d930262,basilini aloe vera; non food hair care
1239f3d007c69f8ed8849721022cf5be,head shoulders shamp smth silky; non food hair care
1fb61d7c564450474ac6953a7b8f86d9,sunsilk cond clean fresh; non food hair care
7b49adb19ed25c70119dba4b72ba3f9d,palmolive conditioner active nour; non food hair care
6a95da0b51ef5ff64d1f9ac1cd044f01,head shoulders shamp cool ment; non food hair care
cd61d4a37fc299b81a9c00a88c4accd6,palmolive shampoo active nour; non food hair care
d65381f938503abbe4bd9595a0f81829,head shoulders shamp cln bal; non food hair care
400dbe223682e6038ed1dcfca690c0c2,sunsilk perfect straight shampoo; non food hair care
fceb8bd925bafcc6f5410e00d0dd20e3,tresemme shamp cleanse replenish; non food hair care
5f9ddbc8ebf6b3d4006fe3f369111d0f,palmolive shampoo vibrant colour; non food hair care
9bfc51f099bfd83b18ae161c5aeab8b1,palmolive cond intensive moist; non food hair care
09d545474843db094eb6c7d175d5f864,palm cond hlthy smth; non food hair care
de3e8faa28a50002276868457d86494a,palm shamp cond silky straight; non food hair care
be98d93ce3afff5b25e45f731e894982,palm shamp luminous oils camellia; non food hair care
6e2df22ffb160548e7fcb3c5b042bcd7,palmolive conditioner vibrant colour; non food hair care
ade67812f9dd6cb6ab598704d4854ab0,love hair oil; non food hair care
e2b3d46c5452c7a61d980d07b223f6ed,quack duck frozen poultry
0acdf44c2e6fe925339b1a9196f3e6ae,wallson chicken frozen poultry
d5a25fbf713cf49d1006d34558df2476,chicken wings; frozen poultry
f1fb1aa35088f68acd406eb3c4c3fbf5,crest chicken pack; frozen poultry
fb8f404b48b76584cbf4d967fc46ace7,chicken supreme; frozen poultry
213ac8aec478f8c846c96f83dc136de6,tegel mixed portion; frozen poultry
5e7a6333d24253018bcce86d20450e3c,crest chicken liver; frozen poultry
af13babc698a7672e89bb205076e06ba,ingham chicken no; frozen poultry
8f64daf8356809c4599e63d737a7fa15,crest chicken thighs; frozen poultry
d0c7c8b3cad8ab92b832756c598ee310,chicken mixed portion; frozen poultry
90bba88812ee17d8355f5ad0df2d3799,rooster quick easy soup pack; frozen poultry
604afb50dcc0b7de16c01dc534d5dfb0,rooster ckn liver; frozen poultry
0b88fad099c06e55b55296e3192c35cd,palmolive lumi cond ccnt oil frangipani; non food hair care
d729fbb06acc35b6473698d09b88ddd1,rooster ckn giblets; frozen poultry
bca7ed8de24885bf3c4c7ffd3f39d5e1,sunsilk smth manageable cond; non food hair care
5aad731c3aadad3e4bd23b59d413a590,sunsilk hairfall solution shampoo; non food hair care
2cfb1eecccbaa222e7065bb0469f3454,sunsilk soft smooth conditoner; non food hair care
eeeab8a6dc2e7ef3aa3aa65b6ca09d51,ingham chicken; frozen poultry
0407a2fbb1b73cf8a1e4f2cc3ea62336,sunsilk soft smooth shampoo; non food hair care
97615adb6afb9a427b6f07e894a696e0,palmolive shampoo smooth shine; non food hair care
e2d4b3e892b2dd0d699fde2542cbad93,palmolive conditioner smooth shine; non food hair care
314a7fd0fd298feb09bfc583092d3a97,palm cond luminous oils camellia; non food hair care
53ededb9080c051bfd2b8e81b1c96189,godrej expert burgundy non food hair care
e67d59a5f050b47eb2e9b7cfff254dc5,palm cond int moist; non food hair care
0fe34c9829002b8fc8fcb6bb2d5fe8ef,palm shamp cond int moist; non food hair care
db855465e8264016933bac76affa28c3,godrej expert dark brown non food hair care
81befec34d6e408d369c4b18b62dade7,zimo hair gel blue; non food hair care
05d19868cc532798e4ca0d8ac8063355,zimo hair gel red; non food hair care
f4a22a406aa5c0b2386b5cdc78ecab74,godrej expert natural black non food hair care
f47f242d8552f35be361833fdfe2d5cc,palm shamp cond hlthy smth; non food hair care
2d8db7bf8cb89924b010701160162421,shine hair spray; non food hair care
f57f86c896594f8fdf3a50148eb8f24d,godrej expert natural brown non food hair care
16e77e17967eb6e73b946ea5b9cecf9c,basilini petroleum jelly; non food hair care
47b27d7974f54eb552cec058216b7474,lords incense sticks non food pooja requirements
90ea2e04871d4347ba8c6ff31a1a5d06,poojawale hexagon incense; non food pooja requirements
840126b5809c3f04b2773847fae5e2ed,pooja clay diya non food pooja requirements
15f7cb4d51bc9118f010712330ce56ed,colgate twister tooth brush med; non food oral care
822e29ddf4fb814cfe67d1be3e62c493,colg twister tooth brush soft; non food oral care
f9919661b414c0a540d3378fadd222bc,colgate classic clean soft toothbrush; non food oral care
d385bd6a26d512129db529ff7c961e9a,colgate classic clean toothbrush; non food oral care
4ca0e9e91d6ef5a5cee67bdd2123d662,colgate twin toothbrush extra clean med; non food oral care
733af56d612497a9fac276c9105aaa9c,listerine total care; non food oral care
6f82f2e50f0630a1a76f5cd69b333447,colgate triple action; non food oral care
b6889bfb894320ee2e2de619fda86e9f,colgate herbal; non food oral care
f8fd4142b92fd0eab2dd7488b3fceaa1,colgate total foaming clean medium; non food oral care
e7fa03dddeaf8fdb1410be02961a2f94,colagte charcoal med brush; non food oral care
1d36184dce00d05dd008f0f707e7430d,colg extra clean toothbrush med non food oral care
c068da5688c255920cd8058b8b37a463,listerine coolmint; non food oral care
9f4c4050d005ddfaeab003cdc303500a,colgate tripple action; non food oral care
5b8f20e5e6f3104a59812b6ce0be43f7,colgate optic white purple toothpaste; non food oral care
3a1c9a8b746e0804c4c5d576075ecbd6,brut splash on; non food personal care
e3627e3d74cb7e7d6ad3f208f67265be,colgate total whitening; non food oral care
bda065ea785cc4801fc5584e3511ac30,colgate bluey mild mint; non food oral care
069f53f0a1a45d76e5378102157342ae,colgate reg flav; non food oral care
f34823289536f22a9be9b0f7cb1829fe,colgate total mouthwash clean; non food oral care
36f8d2a0543d87c769f027c6d6ad2edf,colgate herbal paste; non food oral care
85b415b0ee42d51af3393257b62040c9,colgate total gum care; non food oral care
080172ad3ca0d479ff76d4449f442fde,colg total paste; non food oral care
0d5d52a418f41407c2d5d54184b77fc8,colgate total active fresh; non food oral care
30fb95e393098385c232469ddda6a4d2,reach superb clean med; non food oral care
bfb9b1ea78b885b70c727a206f726e11,listerine teeth defence; non food oral care
0182d317986fd2488cefda0d0ef9b9b4,reach superb clean soft; non food oral care
f132b5a79eb248dc2e3fa136880466e2,colgate kids toothbrush; non food oral care
81ca6f7b7c6912c4824d3a9ce161bfde,tek toothbrush soft; non food oral care
e691916bfb02bcf8ae015c140440088c,colgate zigzag soft; non food oral care
c409b0752cf290e9236a4891e8b36981,epay inkk recharge; non food oral care
836e1755c7d43a03ad681bd0e670f299,colgate bluey manual toothbrush; non food oral care
1bc454612da6e0ad3d85e38ee36d071d,tek toothbrush hard; non food oral care
7bde1a9c4d5c20b65186051c2a3b9445,tek toothbrush medium; non food oral care
ba3a45d379db974299f544dc4aff0304,colgate zig zag brush med; non food oral care
8f6cadcdb546171578121db726970642,rexona class; non food personal care
da10d8a6f81a6b19884ed9761e3a0553,colg maxfrsh cool m; non food oral care
dc3ff61cdc2fd847b2d97038f3401e17,colgate plax peppermint; non food oral care
e1731db73bf3aab4e3fd330a19517dfe,fairplus herbal crm; non food personal care
69044435b681d2d6a12b8eea5a59e006,colgate minion paste yrs; non food oral care
13e2f0cafe3a0270e89ea7e0e2bf8603,colgate brush minions; non food oral care
22299a2055989c49acb8731ff7a6bc5f,fairplus herbal cream; non food personal care
f7debc9341594842d450faaf0999500c,coral lemon zest sachet; non food fabric care
08cbe7d2ab1995ef7b910c8badd5f164,coral oxy bleach sachet; non food fabric care
357b08b8f898a38372587c3cae0739a0,coral strawberry sachet; non food fabric care
9b087e6d77a6dba959bfa46d4980c34e,bluesky detergent powder; non food fabric care
734cef57b67dde930e5bd06e59339b19,boom detergent lemon; non food fabric care
e9af7c7693c2725addae1b38f844cbae,ava fabric softner rose; non food fabric care
9d809810c134bf01754f852dc01b0a97,sudso lotus fresh; non food fabric care
9513d6c31d5c5ec8bbd4f157ee4c8f75,fine fare cream biscuit vanilla; food biscuit
88363c7e422742b06beb5ffca7e2f7cd,fine fare cream biscuit orange; food biscuit
ee3c042d5281ed4c3186d94e0b90e1d9,cadbury dream; food chocolates
7ae145d09b83ede82699eab26cfcd637,parle namkeen tasty peanuts; food biscuit
d7ad0e53ad8655bd89d07ab4c661f650,punjas biscuit cookies; food biscuit
226f18e62de7a8855a8362469504bbce,cadbury turkish delight; food chocolates
5b18b63522d949392793fcea9d07e342,natural snakes; food confectionery
fe0889fd07679a51ece210c183e9dcca,pran vampire blood pops; food confectionery
8532e613fb1f7a446bef0cc98801d312,florestal happy bol strawberry; food confectionery
57ca7ae165a0d9c976848962559e2265,florestal happy bol tutti frutti; food confectionery
762563e64913019008abf147cb6c6a8f,boom tip dip biscuit sticks with; food confectionery
6c5703ce9e130d4b48f903b01e941813,florestal flopito chewing gum giga; food confectionery
151959c1f4d848fdc7bfe379a401cc46,chocolate; food confectionery
f76f5728e5da969cef08d18b879266d2,love heart chocolate beans; food confectionery
3dfc77d4d0b2c2e6a17c543075908074,pair glasses chocolate beans; food confectionery
12df4da1403cddf092048c0966af1bad,gum center filled bubble gum; food confectionery
ca9c5998ba435eaec25dea57efc565d5,florestal flopito chewing gum tutti; food confectionery
f2f8c20229ccbbfc3f9605a2f3070aa4,florestal zolle unicorns chewing; food confectionery
fd1b80df004b83dbd58fbd9eea2c29f2,monster blood gum; food confectionery
dde389563a4fbe6726be7627ab71979c,florestal flopito chewing gum sour; food confectionery
2fc61283dbdf9b7abac953c886f94703,ocean stars bubble gum food confectionery
7c8dc215f44d09a65ca7e338768a3da9,mentos fruits; food confectionery
cf9613dcd8eb3552e3b25b4803bc7388,boom goma tutti frutti bubble gum; food confectionery
a2e6b0ee74834505eacc4abb140daa80,florestal flopito fruits lollipop; food confectionery
c2580b487a7e4e368254003919b77a08,boom goma strawberry bubble gum; food confectionery
444005895185a7a528c0e0279b72bd17,florestal sonhare chocolate hard candy; food confectionery
6e4e5179c9dbafd83280e802e9412416,bbc mixed bhuja; food confectionery
66c35359be952da2b6ccb83959fdd257,florestal sonhare condensed milk hard; food confectionery
0bff6c76595afa6d11568bb4e8920782,florestal sonhare coconut hard candy; food confectionery
9d39337f3ea73f47e34f76cdafee7993,bbc dhal; food confectionery
345210d79f7ad8eb1b5e580fbf4f2f22,bbc peanut; food confectionery
53088cd3b46a3f5d33c04605ec89f60b,florestal sonhare peanut hard candy; food confectionery
4de0fb00246e20adbd39564106c59b16,florestal gomas bananas; food confectionery
b7cb341beb7d97f2e992b4152fefcaef,chupa chups lolly pop; food confectionery
2676e165995bde9da8754c56a1f2f831,mentos rainbow; food confectionery
0fbf1c4e1d2dbe546314c08adcfe0539,mentos mint; food confectionery
eb0b9b22e689eff82866f7b9d231a7c3,jasons cough drops; food confectionery
0fec1fb5f1411d82a06ab8e442039b0b,jasons clear mints; food confectionery
0fa1e3d0b16a01b4883f0551e02ba594,florestal picole chocolate lollipop; food confectionery
4a13269d3954776bd3d5661b591474a0,parle namkeen bhujia sev; food biscuit
ecf02ae993d975474b924aa6101ce0bd,parle namkeen hot spicy; food biscuit
1f191108726e68404e42c1f64d5cf85b,fine fare deliciou shortbread cream; food biscuit
fedca6ec62a10092d22748656cddf188,florestal picole strawberry lollipop; food confectionery
67a25fede864fb7384de9d69a1f9c340,parle namkeen salted peanuts; food biscuit
6dae3764ec7da45fefc2686e179d7f16,parle hide seek murano; food biscuit
47aee2cdd0e49d2876fd513f0ceae86e,florestal picole flakes lollipop; food confectionery
b25f87d856c7d6170bb55383e228f165,parle kream bourbon; food biscuit
16b3ddd23082928b7859d76fe69de898,florestal picole napolitano lollipop; food confectionery
3d5863fb0be23d243f99dd1cf4a3d74f,tiffany cream vanilla; food biscuit
5640a766c95287ea782741cb038ae12c,bakers fresh choc chip cookies; food biscuit
82b662573e6b2f4b7fd54a2208932fd2,florestal pop tattoo dino raspberry; food confectionery
3f853cdc0ee09f16701ca6ba83a9df20,florestal pop tattoo princess; food confectionery
7d7d3a4efa030f264685a0050530e148,bakers fresh breakfast crackers; food biscuit
2124bc98bc2339a6b67a1d76b7b9de41,fmf choc biscuit; food biscuit
280d88a111953582bba38d101270f5b8,cadbury snack; food chocolates
e7e68536e8d74e2ced8a1a7784c77247,oreo strawberry; food biscuit
f31ae47b3cc4d438d6561a807ac55d91,cadbury top deck; food chocolates
94b307f299f615690253efdb71391342,nabati ship corn stick roasted; food biscuit
076475d6f158cced7b207a6b7e183af1,cadbury fruit nut; food chocolates
dbd8e1629f6e1def7dc1aa958bd71c3c,cadbury hazelnut; food chocolates
29309700758caab39d801527be3fe974,oreo double stuff; food biscuit
83deb7173f925dc6052b83f61bf585ea,fmf chunky choc chip cookies; food biscuit
1beb9702ad1b77b15c04cb2354e9aeff,florestal pop kiss selinho strawberry; food confectionery
23fdd088831d293a9983d4f4177f966a,florestal love pops strawberry lollipop; food confectionery
b9cfc52e9d8f733eda9daabddea7f5f7,bakers fresh breakfast cracker; food biscuit
e7b2e6f7d3e674f6031627cdddd0c31e,fmf tymo orange; food biscuit
849f0613caa14286a7ccc9f34e4567f2,cadbury roast almond; food chocolates
34cb9d8a0c98603b8f51de83dfef2780,coles dog food casserole with; uncategorized
7e417735efd0247206e1c3edd794a987,bakers fresh sweet crackers; food biscuit
c4dff0309d012d56283345a84fd41492,cat pro plus salmon tuna; uncategorized
4d02ea00ea35c9d237387d5b348d730f,cadbury dairy milk; food chocolates
d31934bd32d16895f6b54aa003718eb4,catpro plus salmon tuna; uncategorized
01764d3918a983e6cc55b70220616c08,pran potato spicy biscuit; food biscuit
cd04838cb673718c0d035e3ba8b8def4,florestal pop tattoo mini unicorns; food confectionery
e016b1ab5d761dda199d6f1a05a11534,florestal fofs party mallow pink; food confectionery
c098492c2c065f5f2fc0e67081028b4e,bakers fresh choc crunch cookies; food biscuit
abb248362d33ab182a1e0f3407b0853c,supervite gold label adult chicken; uncategorized
f9a3febcfd9c60530eb86393d08178f5,nestle milky bar; food chocolates
ff1736583fe7e0431d6f1cbf05b5668c,cadbury boost choc; food chocolates
c0bb7bea5f363c78093fc6b52fc4a27c,catpro plus chicken beef; uncategorized
bb9c3f278869909f82951d1b4ff8b20f,florestal fofs party mallow white; food confectionery
4294e495780213b8ea9e3910d5feb4da,cadbury crunchie; food chocolates
8cd419e8087c1aab8803052ed146c1ea,gangas badia; food spices
e0de24e9e2660fea56ea25fd60f16e4d,gangas curry powder; food spices
d76a8904072a53bf588ab949494406c9,gangas methi seeds; food spices
0785e5a3648d8e7009e53f1f1516a72a,gangas meat masala; food spices
68011a2ce539f94b7fe3105f04f2e29d,gangas cummins seeds; food spices
a5ef7fcc5ce73b92d16978f7d4f2f89c,gangas masala; food spices
e4fd0ec003e9083bd752b5f5f5d1b957,gangas red chilly powder; food spices
7c09069501ff935d76cfb1195eca7a97,ganga rice flour; food spices
0fde6a97d7c6f1616ff0eaead0e2ca38,gangas sarso; food spices
7c3b80c2c3a33280a341581ffc4aff72,gangas ajwain; food spices
a878009ceb2b32db9068891fc1d28385,bombaywala methi; food spices
d2cd5e7779e66119e67a94f56e47e914,gangas jeera; food spices
988e190969db4a79e0bde12c12324f1a,gangas saumph; food spices
bf52bdfa719590b7645133c5d235625b,gangas methi; food spices
24b6326b2d714490f52784f6dae4c465,gangas dhalchini; food spices
a73cc41711902070f7390c97dc782685,bombaywala haldi; food spices
8778db1091112b4d8a1c431f4a7badec,gangas golmirch; food spices
946875f3ae595dfc87c93a4a7c4e65e2,hansells white pepper ground; food spices
2dea421c7a4566ab5507343947ebb9a8,gangas elachi seeds; food spices
3f363f1061249f66302798b05b0d0312,gangas elachi whole; food spices
1a1cbb71bbe2f14eee7f615d7ab33bbd,punjas palau masala; food spices
96f2cec2e432dfb59a3a27651ce16d17,punjas cinnamon powder; food spices
3c2c42f651af2b3b003d3e3c57c49cce,gangas tea masala; food spices
b0b0f2b73913ebd9b88bcfca5ffff6f8,harvest sultana; food spices
68ed28975907d1d95003f9fb6040525b,florestal happy iogurte chewing; food confectionery
48490c5b5d45e830c9edd0043ab6713b,bakers fresh sprinkle cookies; food biscuit
2358dbb736595f1c47a9e203f8ae320a,punjas elachi seeds; food spices
a3919f71079d17fa2a85e3b6ed340cc5,fmf oaties cookies; food biscuit
8cb453337e0dd93ad652b4f8430bdc1a,bakers fresh rainbow cookies; food biscuit
fb83c6b44c2713f52f60f429bd4ced87,punjas haldi pwd; food spices
04888134cbb957e01fbd966c5b17d73b,cliss watermelon chewing gum; food confectionery
ba2cb46dd9fb467e3e8e97dbe0d92499,cliss mint chewing gum; food confectionery
33174fe087659c2841fae48807bc6750,punjas pea besan; food spices
e8863d4b483caf3ff10b134ce238e032,better living wafer strawberry; food biscuit
9d73b0e6eb1d0f9adda8f322b7cb2c4c,punjas chick pea chana besan; food spices
0eee2308410bd9e7155d7c8d68a38605,soneri donut lollipop; food confectionery
c5453973173ffb014094079f09b7bc14,soneri eyeball lollipop; food confectionery
e85350a4c60059eac465945ebada2579,navjeevan hing pdr; food spices
48e382aee6cc25af479de963db817bad,fmf orange cream; food biscuit
a193d4e155b9cba467800cd919ebbcf0,fmf mocha cream; food biscuit
10ca0d3130e3df5b15dde71a9db78c1c,ganga chana besan; food spices
65809c5325cc84c7a391230fdaf87332,pran crunchy milk wafer; food biscuit
2bb72983dbf28589724c92d8aecdef1f,soneri conix cone strawberry; food confectionery
8fb666982a713471b777b0a72df34332,soneri conix cone chocolate; food confectionery
91edabbf9e5fc4f558c3a35a871019ec,pran crunchy orange wafer; food biscuit
a2b54526b7c57cbd691a42219b38f813,ganga pea besan; food spices
dcdac2aedaaae6653b5337bfaff47bba,ganga urdi besan; food spices
df9c111c4ed6de65e3ecfb927a7f51a1,pran crunchy strawberry wafer; food biscuit
22fb244188946c79e08196e4e564d1b4,soneri goodtime chocolate; food confectionery
fa40ede1e2b05ca086d5a5a65ba46199,fmf vanilla cream; food biscuit
d08ef379e5efeda193ce2543137dc875,rexona men spray sport anti pe; non food personal care
49bd4f8a25fbed0465ca47d7d16f885a,oxfordcream crackers; food biscuit
5b74d6b1a4b6fea599716293729365db,rexona men spray xtra cool an; non food personal care
49c66c28a3ee4d89a0886bcc4139c51b,oxford cream crackers; food biscuit
a9c1367d6daf8c3dbc2877ebcecb8c8b,fmf chocolate cream; food biscuit
23e7970e17d331caca8028ebdf9d6cb7,rexona men spray original ap; non food personal care
007c53040567b579fdd8ca5b30bf3412,oreo peanut butter choco; food biscuit
a6f3de2c4868f59f2817cdf1ff99122a,pran peanut cookies; food biscuit
0e806f3425ec503cfa81f971d282dd8c,fmf tymo coconut; food biscuit
cc9c2f5e66b62b601737713f11f82d60,boom chocolate filled biscuits; food confectionery
07ea66258c967a1ab54ade93acdc36f2,boom vanilla cream filled biscuits; food confectionery
2a0a5fe41cf6ef64a894612809e59d0c,fmf tymo mint; food biscuit
f33fc0739855108f388e896159655fb2,orchid toilet tissue non food sanitary toilet paper
9cc16b2781729748be691bc7d30e0305,viti toilet tissue non food sanitary toilet paper
ec60b7ec948c6e0e32e204d86b4fcaed,orchid tissue non food sanitary toilet paper
eff31f8982c14ce692e1d3126bde1231,tushy baby diaper m; non food baby care
cbf421645170e7e355f20a1896ee833a,mirinda raspberry; juices water energy drink
6fc7d61a411124cb570daf9f53316b72,mountain dew; juices water energy drink
09a0a55be6f9fe5fc5a7f09b764ee2f2,mirinda orange; juices water energy drink
dcc13842bf30df4179c89fc088043eb0,americana peanut butter crunchy; breakfast needs
f42a138929e0df7e109d011975aa7170,americana peanut butter creamy; breakfast needs
ac56df375af9541357f9041dbbe37713,crest chicken frozen goods
1f5ea24968cf890baa069fdce9037103,suhana jaljeera masala; lentils spices masala mix pickles
d2195b811c62a0db17c5d0f87466ae7f,mothers energy drink; drinks juices water energy drink
d90fe899e2df4b44f7ccbd12fba4686d,schweppes ginger ale; drinks juices water energy drink
3d2ac7d74ab59cf231a179a9f70acdb5,fanta pineapple flavour; drinks juices water energy drink
437d3412f056d8d29a4b8e4c2573921b,sunshine rolled oats; breakfast needs
19f464a49196d68424ae1a51fe4cc1df,eggs dozen; breakfast needs
57bed765a2211649d72a69f5fe038b9a,flora margarine; freezer fruits veg frozen goods
694d995c9759ba004bcbb3794ff81e74,crest chicken patties; frozen goods
a22a714a77e5077bfca8d500fc231e54,golden harvest garden peas; frozen goods
c5f33fde52a2cb33c70007aaff42a93c,punjas hot masala; grocery shopping lentils spices masala mix pickles
730d12cc5e0e043c36b1f5a01decf9bb,punjas ceylon tea drinks milk tea coffee food beverage
6904c6f700bc7c1926ca88a87d264c3e,devondale milk full cream; drinks milk tea coffee food beverage
d0741b86105f374def8cb83c130c1748,bushells tea drinks milk tea coffee food beverage
eed5e7c4c40d60414a4b7d121edb023d,fynbo raspberry jam; breakfast needs
7b45015b89f1b15908873921df93263d,watties baked beans; breakfast needs
8343bded70d234da27c0ac22e73332e0,golden harvest garden peas; freezer fruits veg frozen goods
7c94f6ff1c5171737a7761c176566fda,rooster premium halal chicken freezer fruits veg frozen goods
d5650c5bcd28cec83332e994aa0a0da2,rewa yoghurt strawberry; frozen goods
51e0ae7f93f8b1f84b65dbe454e98459,gangas chana besan; grocery shopping lentils spices masala mix pickles
bea98514d9db212aea48a88df54ffb27,fiji water; drinks juices water energy drink
425d4cce67b8efd8ba0f03c64365a69f,nescafe cafe soluble coffee; drinks milk tea coffee food beverage
4698eb980f710bad8b2ba994936cdd93,nestle milo pouch; drinks milk tea coffee food beverage
5d9711b918a646bd267b191784e302b3,viva fruity woo bag; breakfast needs
ae7cec31af18d1308ff34e5e38680707,campagna red kidney beans; breakfast needs
8050d65fc7afac916e1e196f2756ac88,nz halal lamb chops; freezer fruits veg frozen goods
72fc89639c15b677fae890edf18b65eb,crest chicken mixed portions; freezer fruits veg frozen goods
17ecbd32f31f7253fc8f940ac19e1842,rewa yoghurt plain; frozen goods
020dd278b8f1b84f7d3d1656209be861,queen flavour essence orange; baking products grocery shopping
56c4e75574ee7fea9c1c2b684b965981,golden white sugar; baking products grocery shopping
9ba2b97cf87446e152f2a7474ecba08f,nestle milo active pouch; drinks milk tea coffee food beverage
9adad70219e7322093c5510f2471af33,sunshine cornflour; baking products grocery shopping
529d5a41287bf03ac36ccf417f520788,viva choco woo bag; breakfast needs
fb70f2f999c2d33cb4d3aaaa92d7e814,betty crocker cake mix dark chocolate; baking products grocery shopping
39fe4d75c683e538ea5efec81f64c4e2,rooster premium halal chicken freezer fruits veg
27e435ffe399d2a571d4c0116d46ccc7,meadowlea margarine; freezer fruits veg frozen goods
e9669e213e7fdc488467bfb9e8ee598a,queen food colouring yellow; baking products grocery shopping
9c52527d10e5e7f848f06081f70c066d,punjas chick pea flour; grocery shopping lentils spices masala mix pickles
f4a2262beb59378d821273baf85cc044,nestle milo active tin; drinks milk tea coffee food beverage
7524d270d5313240b6c910f37b487f34,betty crocker cake mix devils food; baking products grocery shopping
98f8ce81cad9dadaeac319427025e169,viva choco woo cup; breakfast needs
c1c205c083cf549ddac222b910b8f14f,golden harvest dessicated coconut; baking products grocery shopping
677caba05cfa5f05444d8506ac9781a0,golden margarine; freezer fruits veg frozen goods
ecf9d16bfc3de3bd477f26f6c3fd02dc,ocean blue mackerel sauce; canned vegetables meat grocery shopping
d548a315122ec922e68c3f5a2910c2a7,pepsi pepsi max soft drink; drinks juices water energy drink
eea98cf1ff399b54c55f73ffec9e787a,nestle drinking cocoa; drinks milk tea coffee food beverage
89c1986ac179f76ad5d3da5c4a9469dc,fmf calrose rice; basic essentials grocery shopping
7e60742e4543c45ec49386f2ebd6ee97,fmf normal flour; basic essentials grocery shopping
e86bd8b74e6f96ae6685098587dfc4d7,chelsea icing sugar; baking products grocery shopping
383cb5167e22f19d9b86ff68a0a3b515,queen food colouring pillar red; baking products grocery shopping
2482804dea6189cff68149f4da01414d,crest whole chicken freezer fruits veg
fa44224497aa0a0dbadc97cc8c2f719d,fmf self raising flour; baking products grocery shopping
2aaf6b4cd8662925d2da36eaae8781c9,queen flavouring essence almond; baking products grocery shopping
2f73f9217f24d1f1dbb924d4a270c290,top taste lamb sausages; freezer fruits veg frozen goods
26c75c1156b2c88fbafcbafc06c374cf,viva choco woo box; breakfast needs
2f02a1edfcdd688419b5272b629ca867,indomie instant noodles special chicken; basic essentials
4b7418942024f9d42f354532cb5147cb,punjas soyabean oil; basic essentials
18744a345b364b55def04447e02d25e6,rewa yoghurt plain; freezer fruits veg frozen goods
059c76da575456ce5aa76245355b9786,golden harvest baking powder; baking products grocery shopping
43d8eb53f37c6bbcb368775ca8fd97cf,farmers best caster sugar; baking products grocery shopping
be9d9f87b8eaf2983c433d510c29522f,golden harvest baking soda; baking products grocery shopping
cbe1d67b36bdec9ac4744f9a4b24f06e,punjas black lentil flour; grocery shopping lentils spices masala mix pickles
ed189b962eed61e61c157f0308fa6047,brown pear; freezer fruits veg fresh fruits vegetables
7ddd457735da40918b0fcdb0596cbf5e,viva corn flakes cup; breakfast needs
21b284662fcb7b61cb522c2e1131cdb0,fmf normal flour; basic essentials
945f4d74ce768587549c7a58d700ed46,punjas pure new zealand ghee; basic essentials
99fb22f22385a345ce5ec886106fdfe6,indomie instant noodles hot spicy; basic essentials
a3599b5240fa5e02b94aa6ea8b974dfc,fmf jasmine rice; basic essentials
fe8eaa778e232de744e5d4ccdcdcf6b7,onions; basic essentials
8624376d8666755fb4bbe7168a5086a6,fmf semolina; basic essentials
265779e710eb3cd600273bd32846c3c3,red capsicum; fresh fruits vegetables
54bb96965b7426719ac38d6340845ed5,indomie instant noodles mie goreng; basic essentials
0dcd9cee77ad6ae56ea811dda4129980,alba canola oil; basic essentials grocery shopping
325cff14912db940b10a16d9e8abd788,maggi noodles chicken; basic essentials
42333d364972f6808c511d47eed348d5,chow noodles chicken; basic essentials
818a8af0428032e502bf192217c43047,punjas canola oil; basic essentials
0f16fc3873c831889c36d443297692e7,sugar; basic essentials
f2e3ee6eeb805c54819e6fa1b8ea7e4c,indomie popmie cup noodles; basic essentials
af535c6ef3b0c57c8c9288616094c636,imported tomatoes kg; fresh fruits vegetables
c8605999f86286a6e99458df5aae4328,green capsicum; fresh fruits vegetables
19378192bc715635f4260f4bd3654387,beetroot kg; fresh fruits vegetables
bf8f1d1c2289c77c03117bdeb0f09a93,gala apples; fresh fruits vegetables
da96bf2cfa9b6dceec6068ebcd3df911,chow noodles tomato; basic essentials
7081e7c6684bddd508cfa61a0aaae0af,alba sunflower oil; basic essentials
2e9690790d0ffcce7763ce43be1bd539,super chef iodised salt; basic essentials
52ef8b79c117e48cc5bb42f9823a20d9,potatoes; basic essentials
7c0a8de561ca67dad987f16580d1450b,garlic; basic essentials
20f0aa7070ddf0fc7d1447ec86bf7de2,herman mayonnaise; grocery shopping spreads sauces dressings
579f70285dcd5316f1ac370d5dc469f0,fmf wholemeal flour; basic essentials
4b48f0067a5b5e2de587703f7a8cdd9f,indomie migoreng stir fry cup noodles; basic essentials
94793ea0d9c497749b6ad2807e8158c2,zeeba premium basmati rice; basic essentials
bcd0eb2a6f51c5d0714a7f69440aac55,tegel chicken mixed portion; freezer fruits veg frozen goods
25af95a2656ae05a4183fc6c66ff9a1a,celery; freezer fruits veg fresh fruits vegetables
d853b71adc1912038041807cfb090d93,red grapes; freezer fruits veg fresh fruits vegetables
f2248a3a04e9cc75179b0f3b953832b6,moro extra virgin olive oil; basic essentials
4867440b1f4262a010059eab5a7a4d84,orchid luxury toilet paper grocery shopping paper foils disposables
0a72ddf520928f4f6a4486c4626718be,long life noodles thin; basic essentials
55e27f6ab646b97e18feb4af693a5a42,fynbo orange jam; breakfast needs
5d14b39748788e3ca326761b963b98ff,navjeevan hing powder; basic essentials
786295a4cb0fddab46fd158e5b966ab8,fanta orange flavour; drinks juices water energy drink
91c5d8f2d8edf66efe4840d69165f11f,ovaltine jar; drinks milk tea coffee food beverage
a46d17a71da72ae716a79b90fc9353fd,rewa powdered milk; drinks milk tea coffee food beverage
0e376bb6f297ea676805a1fe050905c5,moro traditional olive oil; basic essentials
5415ca559583cf9ab08670a515f4a09b,orchid toilet paper luxury grocery shopping paper foils disposables
0ffe0eaf733282d877cb1566d0aff1d6,long life broad noodles thick; basic essentials
468e3ad528778ac0ba4c0dca06eab946,island chill water drinks juices water energy drink
bf14ed2c89132ebbb79432345ec182ac,punjas rice flour; grocery shopping lentils spices masala mix pickles
04f080506054363ad4bc32fa9238139d,bic cigarette lighter; basic essentials
a14ca3ae56073d54673d8da51ee971fb,queen vanilla essence; baking products grocery shopping
9956fa7c56ef33c851edd8866d3e3122,sunshine custard powder; baking products grocery shopping
c117ba4527055fb8412b369004fb8a8d,fmf split peas; grocery shopping lentils spices masala mix pickles
32a7778b7337b6424b920bf0e53f68b2,punjas jasmine rice; basic essentials
54f4ccd3860c2e5d51c8a50295232324,ocean blue mackerel natural oil; canned vegetables meat grocery shopping
ce44abf771c550d81f58f3c89990dc9a,wah dart chopsuey noodles; basic essentials
387061ad1891c8c2c217b665097235db,betty crocker cake mix chocolate fudge; baking products grocery shopping
9d1079e984f45b9b49e99a47f634dbcf,angel yeast; baking products grocery shopping
a06f4a396c751cbfda6d873bd56d8847,punjas tumeric powder; grocery shopping lentils spices masala mix pickles
9fe7753773b43580e23b403e85b8ac3c,queen food colour green; baking products grocery shopping
8f857ead889e7780dbc1dd34a09100e1,first choice chicken patties; frozen goods
cbac23a1041ff569884e6ddf217dac33,punjas premium quality calrose rice; basic essentials grocery shopping
7a425ad68e1cd33055c09cd6fafc7151,seaking mackerel sauce; canned vegetables meat
eb5e7a6f8efedc0fbb68c4a49b325f99,farmers style corned beef; canned vegetables meat
e8a7c84548b587ce9c9ba6dc53ad3a11,rewa yoghurt berry combo; frozen goods
353350f23d064337bc3eea06f0e6e72e,australian lamb neck; frozen goods
ac403cdeb9d96bd8b0ed74d6ea7982a7,crest chicken sizzlers herb garlic flavour; frozen goods
2223965ae3ce685434569007e4fa9d49,orange; freezer fruits veg fresh fruits vegetables
e677e384ccf01e7fb1f1fb610f63053d,green pear; freezer fruits veg fresh fruits vegetables
23505aba7a2320b5c33487fcf1422c30,crest whole chicken frozen goods
75cb23bc7856715a803c248bf1509811,cake mix lemon; baking products grocery shopping
9111becfb766291f99df651e14075abe,brunswick flaked tuna spicy thai chilli; canned vegetables meat
456554f9cc3801655f86299784efdd2c,domee mackerel tomato sauce; canned vegetables meat
08e63d5f30de2724cd539f398d8e635e,golden country corned beef; canned vegetables meat
6772d39c5563125c7ba823293777819a,brunswick sardine soya oil; canned vegetables meat
836cd3ca955ade5d97458dc86356ebdb,farmers style corned mutton; canned vegetables meat
f25885969a37b1b24e0da4ba5cecf38a,canterbury corned mutton; canned vegetables meat
0cdf7d9cbe3e9a311dda943fa7f6cea5,skipper tuna flakes vegetable oil; canned vegetables meat
cb50922c830434aed925fd67873bc6b7,cake mix chocolate; baking products grocery shopping
3589c56c6d1af95c89b2e7eef3b6e7d8,campagna chopped tomatoes; canned vegetables meat
f5b668fdfdafbe08f8d0e32126ac84da,campagna whole peeled tomatoes; canned vegetables meat
4bb7641be32ddaa80b392caf2ba34a40,campagna green peas; canned vegetables meat grocery shopping
048d5669a0070302b0edf8611a4153aa,oxford corned beef; canned vegetables meat
5c2b585b01d03ac877284e80ba71f726,old capital tuna flakes veg oil; canned vegetables meat
d00c53da3805f9fa12ca046dd4b2e85d,domee mackerel oil; canned vegetables meat
3fed13590694821e17b3d9af48538bba,brunswick tuna flakes veg oil; canned vegetables meat
8020cb01fe86ac53ba46f535210155aa,cake mix banana; baking products grocery shopping
e759750ddf38866249a8b4094b343b9d,angel gold mackerel sauce; canned vegetables meat
035d57eaf875ad1193109a499f09e6c6,domee cream corn; canned vegetables meat
6f49b2a2a6daa35d00b4cc899b60303b,domee mackerel sauce; canned vegetables meat
839e6f9aa87a5ea32fca46a66a4896b0,angel gold mackerel oil; canned vegetables meat
6aeffc3383909e7a770b35daff3d2b7a,sunbell tuna flakes veg oil; canned vegetables meat
291e8441f01ea693fe1f5ba055c3ddd2,brunswick tuna sundried tomato basil; canned vegetables meat
81c3913bcf6ab99d11efacaba4a8afcd,brunswick flaked tuna water; canned vegetables meat
832ba52eb93c431917d76a59ab597ed1,pacific ocean mackerel sauce; canned vegetables meat
afc4c3c814bc3fc05bfb3de2555ec916,betty crocker moist red velvet cake mix; baking products grocery shopping
21cf0ec74f265edcb9d34d30662e5625,green land tomatoes; canned vegetables meat
4f880739e2cf33be41b7fd20e49f0e92,country style halal corned mutton; canned vegetables meat
614e895dd00937af0d909f46be8706e0,seaking mackerel oil; canned vegetables meat
b8be8fc7d439f9314106e6ea519c40a3,rewa yoghurt apricot; frozen goods
becbf2de51be341bdc1d350492a49bfa,carrots; freezer fruits veg fresh fruits vegetables
f1b1b9eb6e44e18b6652b2e1442f7d16,viva corn flakes bag; breakfast needs
b1f99a1b269d4557f04146ebe039c344,brunswick tuna chunk water; canned vegetables meat
41ae80deb8d6de6989c2c2d470c5863c,viva corn flakes honey cup; breakfast needs
495ec3ba136841a9ce5986e5ed6d9f86,betty crocker super moist vanilla cake mix; baking products grocery shopping
1f1d2b60bc2d893d6ec33485b2166b99,skipper tuna flakes veg oil; canned vegetables meat
fff30eae1ab9dc364d7518222c0a889b,watties spaghetti; breakfast needs
9df0f72142238f5d2a67498764c1ec81,campagna chick peas; breakfast needs
d058de58e9183ba0d65511ba3c70ad83,ram sami eggs x; breakfast needs
4d75aa3da5429178cc2621a71e53aba3,fynbo apricot jam; breakfast needs
3bfd65ddc60c56edeb49fea006bae94b,farm select fruit salad; canned vegetables meat
18ab868738fe8f8b41eaa07c6c70933f,viva fruity woo cup; breakfast needs
758d44ef6db5e6a27d74454a541c87d2,betty crocker moist strawberry cake mix; baking products grocery shopping
813303616ba872f64b4c2c0e71ea2e72,golden harvest peach slice; canned vegetables meat
2b706aade339888f55ca9699b76945d4,indo condensed milk; drinks milk tea coffee food beverage
442c11db37d0ba456b9db5054e58be9f,sunquick concentrated juice orange; drinks juices water energy drink
3659bbffa80b494d09eb376b80aab59e,golden harvest baked beans; breakfast needs
d7e73bb1ebaedef846c1d9b53faa1590,diet coke can; drinks juices water energy drink
1312513d1bf3e8f29a927326e9b6796a,fanta raspberry flavour; drinks juices water energy drink
a74213a39b31773bd6957d5860447b35,farm select peach slices; canned vegetables meat
8730446c25f48cd237a40b75fcd3d865,schweppes orange mango flavour; drinks juices water energy drink
36b8e5b2ec513a00bd6e1946f63598ee,betty crocker devils food cake mix; baking products grocery shopping
ee8f2b1de958ce5b5674a5a7f8ed9e5a,golden harvest fruit salad; canned vegetables meat
83d550bdddda2bc2a728ba675d8ca33a,nescafe classic coffee jar; drinks milk tea coffee food beverage
9af12656ea1cb60b8e0e77d0e8a90aba,royal tea classic british blend drinks milk tea coffee food beverage
b10b43a9adfa82b5f6fca529ec9ac8a1,sanitarium weetbix; breakfast needs
434043fac121151376a7201d560cafb5,coca cola soft drink; drinks juices water energy drink
0c6728292f004a4f21207e1373dc2661,vico pouch; drinks milk tea coffee food beverage
98e2e809ee8d04368eabb720cc9acbdc,farm select pear halves; canned vegetables meat
7a10ee1d5826ef498c10253f773a2eed,island chill water; drinks juices water energy drink
32b26dd6f28f8beb06e68fa82fa654fb,blue gas new issue; grocery shopping
0c9fa6d5c47d88ee5fceaaf729d89852,schweppes soda water; drinks juices water energy drink
4800cc74f5b71622c57db255e5809a93,nestle condensed milk; drinks milk tea coffee food beverage
c4c6ffaf3abf6e3c729d3d963c89db05,punjas ceylon tea leaf; drinks milk tea coffee food beverage
f874b0e3736a49af36777a546fbefe8b,craigs strawberry fruit jam; breakfast needs
d54d3291cc33613f335fc445575b151b,lipton tea drinks milk tea coffee food beverage
fc8dbc890720f2e53cfec2de69ab4675,sprite soft drink; drinks juices water energy drink
dd6e1a5600590fb4856ff165b9438a77,rewa life milk ctn drinks milk tea coffee food beverage
38927d714e80e3ada15d96614953625d,sunquick concentrated juice tropical; drinks juices water energy drink
34792ec21347da4421595d87ea5f7228,blue gas refill; grocery shopping
975e6c4aa3cdfac3328ac59c6b78838b,schweppes tonic water; drinks juices water energy drink
4e5f21e2b9ce311af49cdcef238d2644,schweppes ginger drink; drinks juices water energy drink
a068d4b48567f73ea7f46e3a5f4291d2,red bull energy drink; drinks juices water energy drink
f39db44cc2a4ff7e445449bc70e4270b,craigs red plum fruit jam; breakfast needs
3a0bd150b302fb08fdc84f5ee566830a,punjas pea besan; grocery shopping lentils spices masala mix pickles
9eee251608b86484db0586e7547ec57b,punjas curry powder; grocery shopping lentils spices masala mix pickles
74a217f1588d7fd00b52ae4d10971ae2,punjas cinnamon; grocery shopping lentils spices masala mix pickles
1e3fa848dafd5779a2912e1af2eda232,suhana chicken biryani masala; lentils spices masala mix pickles
13bf9da9bf4300a79519a0b5fb40d093,herman dressings ranch; grocery shopping spreads sauces dressings
8877a1dad75c01ba3fd100cd3ac53d9c,coca cola can; drinks juices water energy drink
04ad5969c34b7b3335f73054eeb6ce9b,suhana chicken tandoori masala; lentils spices masala mix pickles
54e7f6f256aa6874e825483d7ac3e7d2,craigs boysenberry fruit jam; breakfast needs
b5439d747c7b7ec65d95f665bc195b08,punjas toor arhar dhal; grocery shopping lentils spices masala mix pickles
f78b30225f46b23e6ec29410d618f9a7,punjas palau masala; grocery shopping lentils spices masala mix pickles
91b0ea61685258408082a294e966c591,punjas chilli powder; grocery shopping lentils spices masala mix pickles
bddef88f2873729ae60a0bfacba69240,punjas dhal soup mix; grocery shopping lentils spices masala mix pickles
faa73950e9cf396e9a4b688c75f78786,herman dressings island; grocery shopping spreads sauces dressings
db0668f10428d86215662ff89d243a4a,punjas moong dhal; grocery shopping lentils spices masala mix pickles
f2e02fbbf949b4ab6c8f1bb0f5f677dc,punjas mustard; grocery shopping lentils spices masala mix pickles
3859684d6a9c352f300a5beff0fdbfed,punjas fenugreek seeds; grocery shopping lentils spices masala mix pickles
bb3718575a37ba731bf5f0eb479bf0ea,punjas cloves; grocery shopping lentils spices masala mix pickles
00f1469980f7ae7bf20d0e2bb893b9f4,punjas chana dhal; grocery shopping lentils spices masala mix pickles
c3b7311c2e617ee6e549f970662fba99,golden harvest pitted dates; grocery shopping lentils spices masala mix pickles
783286c48011afd9a7758992c59522e0,royal tea leaves; drinks milk tea coffee food beverage
adfa0a2e0a28fe2c3a043e361a5b5cf9,punjas urdi dhal; grocery shopping lentils spices masala mix pickles
1a8b82579f55d103132cb7da9ce20ce2,punjas masoor dhal; grocery shopping lentils spices masala mix pickles
f8b0fccef8d0c530bd74a6efdb0be79c,golden harvest sultana; grocery shopping lentils spices masala mix pickles
8629e03f6bfc7cf70ce44919651ba2b1,suhana extra hot chilli powder; lentils spices masala mix pickles
550474cebbe822f8279aa13a5566f49f,punjas cumin; grocery shopping lentils spices masala mix pickles
f013407544c980a3b09d4daf4555b3aa,suhana chat masala; lentils spices masala mix pickles
bc9cedc715776b754a09f92832f509fc,betty crocker rich creamy frosting chocolate; baking products grocery shopping
cde65b53140612f5e7dd8ba8af2a884e,suhana butter chicken mix; grocery shopping lentils spices masala mix pickles
68129aa47606e2cdbcf73b5fc8da57cf,punjas tea leaf; drinks milk tea coffee food beverage
27a5c234cced25ddfd68906dac9ab1a7,punjas moong dhal skin; grocery shopping lentils spices masala mix pickles
00b83ea22b5eb54121e54221b530954b,suhana hot chilli powder; lentils spices masala mix pickles
5443d1b0b2b976c278ee66f7a02fb465,betty crocker cake mix vanilla; baking products grocery shopping
051299de4b0b49400762445d3a9024ec,crest soup pack; freezer fruits veg frozen goods
d01bf366762d277eb7433fdefa8e3c99,lamb shanks; freezer fruits veg frozen goods
99a799a3e982dab1a274e7bd6c201fbe,punjas toor arhar dhal; lentils spices masala mix pickles
70dcb50f886889a7be3a499e1f890b18,betty crocker rich creamy frosting vanilla; baking products grocery shopping
59a21fe2ed1c30d5a81fd534b4f01eff,suhana chicken biryani mix; grocery shopping lentils spices masala mix pickles
febe4e8b73ae7a0558e40c7b4451de8f,rewa life full cream milk; drinks milk tea coffee food beverage
f1c3ecccc951d580828b19be30f91164,anchor smoked slice cheese frozen goods
e3c27fc867e426ec5499c0fae839539e,rewa butter; freezer fruits veg frozen goods
0dae45275dab572d86090226cf32bd95,crest chicken patties; freezer fruits veg frozen goods
5e43dfee7af0fec894d6d815036fe636,watties mixed vegetables; frozen goods
a3eaa816b4f654ef6842903a95dd0aca,mccain shoestring fries; freezer fruits veg frozen goods
65eb5bae71bff55adf5dd66de3122367,punjas cardamom whole; grocery shopping lentils spices masala mix pickles
ec59391806d289bb562398507e5c38ab,tuckers ice cream neapolitan; frozen goods
84b867a9542de9c7200fb256810be0a9,suhana chicken tikka masala mix; grocery shopping lentils spices masala mix pickles
ff6fec4c269a0590528f36d853ab49b3,lipton english breakfast tea bags; drinks milk tea coffee food beverage
f8e1db7ae703128b9ed74388b80cea0b,anchor edam slice cheese frozen goods
4307ecab5f0fcf6e425dd78f1dc95f9f,tuckers ice cream triple ripple; frozen goods
b7a33c2d7aee38123af8781a333c2150,kraft cheddar slice cheese singles freezer fruits veg frozen goods
6dcbe0da195d8143bc3294f096b73eda,tuckers ice cream vanilla; frozen goods
f42a279458a1a6fbd4d3755165e601d7,tuckers ice cream strawberry; frozen goods
604e4e9a68f9abdcec7eccb3f5061042,fiji gas; grocery shopping
d3bcba28f75cdcae88e3c77beb4243f6,tuckers ice cream passion fruit; frozen goods
9bbb5b0599f173abc2ae2f7e69d3f102,suhana sindhi biryani masala; grocery shopping lentils spices masala mix pickles
49ef58d57cadc197d523f16dbf104798,anchor lite milk; drinks milk tea coffee food beverage
f6f8bb1ee17de90829bbe6e035c79873,crest chicken sizzlers original flavour; frozen goods
708349650726f9223573bb36c6959e3e,rewa yoghurt mix fruit; frozen goods
b8c6fe39520249d250dab30dec6b2e92,anchor tasty slice cheese frozen goods
1231d3e3d02b1f8cea6adc61ff2afd41,watties mix vegetables; frozen goods
819a9cdf613b6c42309fe72d16e9fb30,kraft cheddar cheese block; freezer fruits veg frozen goods
421e80900509528226cb2679141c1c09,crest soup pack; frozen goods
d88269fc3594424f99e17ba6ad79b14d,anchor colby slice cheese frozen goods
b2674712988d3b4179294cd00a881e5f,anchor full cream milk; drinks milk tea coffee food beverage
873a9a8df71a8943fa024cc6ebadc528,fynbo strawberry jam; breakfast needs
3195128cefb0352d385cb5c4c0f03410,viva corn flakes box; breakfast needs
77455defac95d4884962593d86619d10,campagna borlotti beans; breakfast needs
d0e388f8942e61f7f3ec7ee5cb810632,nestle school pack; breakfast needs
916ece59beeb3d3fac32d054a1854474,viva corn flakes honey; breakfast needs
37637460d9031b7f92e7c510190191e2,domee baked beans tomato sauce; breakfast needs
de10e6fa883c1d1fab7c3b0ac249a3ac,nescafe classic coffee; drinks milk tea coffee food beverage
fede2a0fa22b1d8ff20676865b14ba38,lamb bbq chops; frozen goods
99c37d8262cb855eaec9634b369fec32,nestle corn flakes; breakfast needs
746604513c944ebcdb5182229ef89aa5,campagna butter beans; breakfast needs
ef8c79c85bced3a8d8cebde5315cfc95,fynbo blackcurrant jam; breakfast needs
5c6bddad615840e4a6f989f50b5a436c,aqua safe water refill; drinks juices water energy drink
b9f46c47a99e6b42b9cf70700e05b8f5,pulpy juice tropical; drinks juices water energy drink
bc9fd83fdb5bfe4248683e88be3e1c8d,aqua safe water x; drinks juices water energy drink
14c8a6c0aee5b10496b5643cee4f367d,max fly cosmos energy drink; juices water energy drink
56a3ab801bbe6551d14cc2ebb92fecfd,minute maid pulpy orange fruit drink; drinks juices water energy drink
58eb4b4f19db8748028d946268dfa72b,max fly blue energy drink; juices water energy drink
97c6ea64acb52f496432c195694a76dd,suhana kesar milk masala; lentils spices masala mix pickles
c0095c895bf3429f870749e375a42cd2,suhana mild chilli powder; lentils spices masala mix pickles
ed448c6469d9d10b4ae905433666482d,nescafe gold coffee; drinks milk tea coffee food beverage
476cf8121640826caf2d90b1bea2a063,tang orange instant drink mix; drinks juices water energy drink
c5546801201231cf403a6cbad8381248,suhana panipuri masala; lentils spices masala mix pickles
6eb43446c524a81962a9acb076bddb1c,sprint jumbo juice cola; drinks juices water energy drink
c6b29b99987e312617c033cc5d9dd863,max fly orange juice; juices water energy drink
399ed650d52070b970ba63999e6be9ae,minute maid apple fruit drink; drinks juices water energy drink
bd919917eb41ef7e8cc828a6948a40d3,max fly mojito energy drink; juices water energy drink
641333f177d77ba2dbb4533edad93979,suhana pavbhaji masala; lentils spices masala mix pickles
c3e82136a9e392b52e9ccb1374514c00,suhana piri piri spice mix; lentils spices masala mix pickles
e8fc45649b65d440c8bfa8b858e9d335,suhana rajma masala; lentils spices masala mix pickles
e7f13655b5f98dd68e0cd948b09f3da6,tang orange mango instant drink mix; drinks juices water energy drink
5c9adcdc9252aae6e57bac50a16da783,sprint jumbo juice fruit cocktail; drinks juices water energy drink
9d6febe5340ba293d4b45cf54f5e01de,max fly lemon lime juice; juices water energy drink
f75c71c2f526c908d780646962780a98,tang pineapple instant drink mix; drinks juices water energy drink
906a1dff399eb9650464943b75e4e7aa,sprint jumbo juice orange; drinks juices water energy drink
101752c9c5d5447353852a62ac449bac,max fly cola juice; juices water energy drink
0380b313b34806f886ced6c8cfa5eb7b,tang strawberry instant drink mix; drinks juices water energy drink
de821234aadea6f4588b0ebe07ad1d85,nutri party tropical fruit; juices water energy drink
d3ba2856fd11d5443937ccffb7a9000d,nestle milo drink; drinks milk tea coffee food beverage
5ec456aa9f44d85fab7480aeff9b8519,nutri party soursop; juices water energy drink
01fc55c5c62cd4875222a66441be3e54,devondale full cream milk ctn; milk tea coffee food beverage
c2354941756b74766bcc066f4dc5fd23,nutri party orange; juices water energy drink
ad51267c5aca5a558a621bf1aa6f73d7,fmf full cream instant milk powder; milk tea coffee food beverage
a54d1cbdb8c1948e9ea9f6ea75ec208a,punjas full cream powder milk; milk tea coffee food beverage
2f4c8d270dbd258839da1b47a299d3fe,red cow milk powder; milk tea coffee food beverage
8cabe9515e4248b5cc9018b840b1fc5b,farmers best powdered milk; drinks milk tea coffee food beverage
f29581b749a068afc07e930beca6a871,airwick air freshner sparkling citrus; detergent cleaners household
44b71be244236ede652e8ed77006cb3e,pacific laundry soap green; detergent cleaners household
ca1a73531302a34314488cb5e866ae97,pacific laundry soap blue; detergent cleaners household
858a99fd21c043745492092cc1dc37c5,axion dishwashing paste lime; detergent cleaners household
c91741787c166ef3882db77c13505485,mortein insect killer spray; detergent cleaners household
c25e990121a8b74a31ee7a4a8b8bafae,sudso detergent powder; detergent cleaners household
22f4c54c0ff0d83150ba5964ab35de33,dash bleach regular; detergent cleaners household
d1e8664e497e12083ee87f23f38149ed,blackdeer insect killer spray; detergent cleaners household
b43a91e385e757022858484628ff8b05,stelow scour sponge; detergent cleaners household
f75a55a71dc29916a872f44ec7a95300,fabuloso disinfectant liquid lavender; detergent cleaners household
2c700dc2cdb32833fd513169be2f1fb2,stelow steelowool detergent cleaners household
5155a4e53430d5d4795c42e7f76de9c5,homebright heavy duty bbq grill cleaner; detergent cleaners household
41406604bb2eb4a1b9a3690d7a96ecd1,eveready battery; batteries light bulbs detergent cleaners household
37d3385cb38c072c4d8ec22fbe265142,axion antibacterial lemon; detergent cleaners household
a573802ddbe51e4dcedb11ebb0dd5458,axion kalamansi dishwashing liquid; detergent cleaners household
2f1d26c75fa44b196354ed9d9dc084b8,homebright orange splash dish detergent; detergent cleaners household
b27b5fd850b2f2e636f100bef9dd83bd,homebright lavender lime dish detergent; detergent cleaners household
6bc3f54ddb53ead189d72acf99325100,hercules polyrope detergent cleaners household
943e1665214aa57d775b5f19ba872758,brilliant copy paper; detergent cleaners household
9bc22cb9b1f1ded7f36fb1402bc0662a,fabuloso multi purpose passion fruit; detergent cleaners household
266777cf757eeace825c022a9f4ca9f9,dettol anti bacterial surface cleaner; detergent cleaners household
6ba631f6d871edef43ee6dc2d4e636a5,dettol kitchen surface spray; detergent cleaners household
dfc69162c7ca22a0b26b611a8a4718b6,axion dishwashing liquid lime kalamansi; detergent cleaners household
06354a5918c1e2f598c8992b27833b8f,dettol multi use disinfectant; detergent cleaners household
46c1a0902f6c4643b55d3463b86dd342,dettol antiseptic disinfectant; detergent cleaners household
185d74c97a0ec8bd829d0985db7c8613,cif liquid ocean floor cleaner; detergent cleaners household
f3b2ac1c5fdb5fe89b80b89bd38b9cbb,cif liquid floor cleaner wild orchid; detergent cleaners household
04b689fade873cdafddeb742f7a13848,homebright freshner asst; detergent cleaners household
06590ce3164d14074ca66e6b87a109ef,godrej aer spray cool blue; detergent cleaners household
101beb83f47e7db591b717b4577b3d90,godrej aer spray fresh green; detergent cleaners household
31501b247e9015f3457effddd9c8c753,godrej aer voilet spray; detergent cleaners household
cbf744b0ae546225b31ce98b8db48f10,godrej aer spray petal pink; detergent cleaners household
edb17f7fcbebd0c44971d88d436f87c1,godrej aer spray musk smoke; detergent cleaners household
7ac54b7bd9d763af5be0b6aa4033eb13,victory laundry blue soap; detergent cleaners household
1bfd98e4c65e7a85ba3bad2f5b89d195,victory laundry green soap; detergent cleaners household
e0ff74cc3f76082ca09dde384e813278,victory laundry orange soap; detergent cleaners household
ff6a0bd08515034c13c61d78dbee4f48,fom dishwashing paste lemon; detergent cleaners household
31e165c2107f17a6a9c66ec1bea738e3,pine cleen lemon lime; detergent cleaners household
12eb7b6a354db685eb9a1ad883d389bb,hero steelwool sm pads; detergent cleaners household
9c9c3de41c90b78c4963566f1de3678b,janola bleach lavender; detergent cleaners household
128e4b9b005f91b58e1303f3585a3508,pine cleen pine fresh; detergent cleaners household
9e49acc12b17415251aada45e7db78df,pine cleen pot pourri; detergent cleaners household
faf4966cab401ef0bfa21f0cef0ad90c,victory laundry white soap; detergent cleaners household
2836c226957df126da1b2d84bf91671f,axion dishwashing paste aloe lemongrass; detergent cleaners household
244b8c331b1a054b21eb0c90d142bbad,homebright stainless steel cleaner; detergent cleaners household
7a1aeaa184432508777d2da70e4d04a8,autobright leather vinyl protectant; detergent cleaners household
b3c8744640b1678d3716ec6869858e1f,xtracare hand wash lavender; detergent cleaners household
e8ce53875919ab8ba6718c903f3a9c63,pacific laundry soap orange; detergent cleaners household
ec1a18efa59092bcc7415d2f5387e72a,autobright carpet upholstery cleaner; detergent cleaners household
05be98445e549f7116044c53cc19814f,xtracare hand wash cherry berry; detergent cleaners household
351c4f1f8ab38dc676beb5a9806f2d1d,xtracare hand wash ocean mist scent; detergent cleaners household
a47976e3289c3fdeb6f8424198bc40cd,sparkle floral fresh laundry powder; detergent cleaners household
2e0f6ff82cff79d902c30365c53c4ef4,pine cleen eucalyptus; detergent cleaners household
61d5ab898ea1951615fb9889ef5081df,fom dishwashing paste lime; detergent cleaners household
41611bf9b888551ff64b6c4b37058407,homebright oven cleaner; detergent cleaners household
94a12da52fe1ec33168e0c55428b9929,goldeer mosquito coil detergent cleaners household
f8dd3619d885eec3d73cd790b60e4bfb,xtracare hand wash warm vanilla; detergent cleaners household
8aecfa9aa4aec6f07389ca76405bdfb7,fom detergent powder; detergent cleaners household
b33ee87455e18496b89d8cbb4c9cad32,tat brand pickled hot peppers jar; spreads sauces dressings
128b1d36a187ceb8a5e8d57d52980b9f,tat brand pickled jalapenos jar; spreads sauces dressings
04b2d4fad3234a9abdd4f2a0b5f42a67,tat brand tomato paste; spreads sauces dressings
59edc0fd9630a3e6be59b1eb057fdc6a,tat brand ranch sauce; spreads sauces dressings
b8547868886779a7067b04e00d29a647,tat brand bbq sauce; spreads sauces dressings
ccd145224e50c8f15b479138ac9b3c6a,tat brand tomato passata jar; spreads sauces dressings
df2b5ad6e0aaed779a31cb95ce713366,campagna marinara sauce; spreads sauces dressings
7b2a87ba4a8e21717188ea975831b3b8,campagna mushroom sauce; spreads sauces dressings
b6a1db78548b6aa0b26dae52933536de,ameen cordial tropical; juices water energy drink
721b11db3bc0da0f1dbf1577c0e044fb,red top tomato sauce; spreads sauces dressings
0f0c1009af02454401ad189684f14886,pearl river superior dark soy sauce; spreads sauces dressings
55df598d9a399115d8a307a7f78f5360,watties tomato puree; spreads sauces dressings
1baac4c0d376dbf0f5ece20f06df7ac2,pearl river sweet sour sauce; spreads sauces dressings
2e4576005ab0f2c164ed2d5c36f76359,pacific crown chilli garlic sauce; spreads sauces dressings
4cb28228df01e62effbf2e5a30c86ff2,royal tomato sauce; spreads sauces dressings
23cdbb4cc9705f1dda79317dbbbdc54c,pacific crown tomato sauce; spreads sauces dressings
4b622dc44de60db23dd4f6f919af6dbd,ameen cordial grape; juices water energy drink
3d4dda063144b6459cdd327bdb61fd06,valley fresh tomato sauce; spreads sauces dressings
a0e6e0b41cba291168c5d2e108db15b4,fontana juice orange; juices water energy drink
fbf4aa5f110bfd27b677d155ad1363bf,fontana active orange carrot; juices water energy drink
e865a537b5001978193082ec0e8c12d2,fontana juice pink guava; juices water energy drink
e87ec6208226cb8abf9d1a13277a9565,herman mustard dressing; spreads sauces dressings
9080a3edd9b616f1b5b40b4ceba77b08,fontana cranberry juice; juices water energy drink
8c437653c6a501ca14f4656d84a671f5,fontana apple grape; juices water energy drink
27eb7bfe10777f6ebb56ff3ebb2f3647,fontana juice apple; juices water energy drink
69de404ed70835385a1b105f4bfe748b,fontana orange juice; juices water energy drink
6c23e136db4ed6fa2c033f545984a91e,ameen cordial mango; juices water energy drink
f2ff007edc31c8ef18822c823cf2c5b8,fontana red grape juice; juices water energy drink
c64568200b23a19c1059d27914eda383,fmf sungrown rice; basic essentials
652b895014327439b94919ff0c539fcf,unat sunflower oil; basic essentials
823a672b929080fee4200cfc40edd54e,fontana mango juice; juices water energy drink
c29998a4a88e4a3a6780b3a0c7b39ad1,ameen cordial orange; juices water energy drink
a2d40a326a11a70e5880ded37ce82af2,pearl river mushroom sauce; spreads sauces dressings
995fd8a94f8c0ca85cf83765517678fd,aster chilli sauce; spreads sauces dressings
039d2f85ffe965ff729b8417260b1fb6,kinus peanut butter crunchy; spreads sauces dressings
691a909bafd3c2c62ae1aba74c9e6db0,kinus peanut butter creamy; spreads sauces dressings
aead204506c99ff13e96367443227516,tiffins mayonnaise; spreads sauces dressings
e570906a48374693a1acbcae3fbbb993,kraft vegemite; spreads sauces dressings
a04680ee7c838375a6504180cddb65b8,aster extra hot chilli sauce; spreads sauces dressings
ff74ad139e32a75a409e41a1fae5b514,watties tomato sauce; spreads sauces dressings
3473a0bbddf0ed741ec08a66886d96a4,praise mayonnaise; spreads sauces dressings
92700186efbf718ae9082f2b580cf89e,ameen cordial lychees; juices water energy drink
563cf49f65c308b327807cfdc32ba077,mortein powerguard easy reach surface spray; detergent cleaners household
7d0e404f0f5a55622a07cb966531e2a8,mortein fast knockdown crawl spray; detergent cleaners household
5d777622bd5d17936667f9d7a82f3639,mortein spray red; detergent cleaners household
a16e6e52046e0056416939cade76a0a2,campagna pizza sauce; spreads sauces dressings
50cd79815e6231a3b4bd7709c5fb62e1,homebright fresh berry blend air freshner; detergent cleaners household
98c305b0ce3b7d481ad3c23f41e1f6b8,homebright fresh linen air freshner; detergent cleaners household
559d426e45e150e84ba8d65d8f44fd11,homebright french vanilla air freshner; detergent cleaners household
eab95a9f6628fa6f6fd75ab7cdb80041,airwick vanilla air freshner; detergent cleaners household
923279a42fdca0ba2e05aab154e776cb,airwick lavender air freshner; detergent cleaners household
94c726ba31005a4d6599b10971e09e62,homebright fresh citrus air freshner; detergent cleaners household
6faeb4091272afab61a78ebc94d8de3d,homebright fresh rose bouquet air freshner; detergent cleaners household
74157335ada08a69aa49e2ecb82349f3,greggs red ribbon roast; milk tea coffee food beverage
26dafcdd10af24e0869bdb0b14934756,greggs decaf coffee; milk tea coffee food beverage
fc6bee591057659de5debfb800406cdf,drinks
fd5c8b7360f2ffb035be67677efaa897,anchor cheese slices colby; dairy
9b932b0ddb63c08f35f22bb72b9a1569,anchor cheese slices edam; dairy
492f9757213c89bd9cf0e39399d3baeb,anchor cheese slices tasty; dairy
f07c550b5f134f7b5fe6bb48751950ec,anchor cream cheese; dairy
708ba8ddb99c04c587edc5c6c334059d,anchor soft spread butter; dairy
d865f12d212b0882de821794382b81ec,bbq steak; beef meat
d0974da357749d8c61031d27a6745891,beef topside steak; beef meat
46f957130297871cddce2c285a38cc65,mirinda; drinks
72ec5d96c8fc0a5557b2934d698f63c1,nz country soft margarine; dairy
c8b1924b59e15932a27fc9a4a6982006,cheese mainland mild block; dairy
a7902b63d5866be3422a5b5eb7ba2c4b,cheese mainland tasty block; dairy
dbf68fe4628dc957a81882498fb337ae,reserve haloumi cheese; dairy
de3788c19eda5c927d28af9db1e8ecf3,mini white sliced bread; bakery
8a261433505e7ad34f1d5667dad09136,whole turkey; meat poultry
a29f230d579deeb56209bbca6c60d6f8,lamb rack frenched; lamb meat
34862e36b29f21be1c4efe7e8720621d,pepsi; drinks
cac15e5eaaacdb19d5df40ef992f691b,hot roast chicken; meat poultry ready eat
833ec05b1de8df62a819d2a9ca88395a,ilimo full cream milk; dairy
d30d27a5006b55083d1e44cb5080e5b6,whipping cream; dairy
bb0fd0b96dcf2cea27d8932045d35876,cheese mainland colby block; dairy
824887cb15a9dc53beb92311794f2899,white sliced bread; bakery
c8c13e5bc6ef8a73407faec88484a25e,tablebird chicken wings tray pack; meat poultry
974a17522bd6a04a5de9403a18de9ea0,lamb leg bone in; lamb meat
38d5883aa6297cc9632b6d8dde522e7c,vita juice asst; drinks
773457773d9ce5b8417f89bfc510df31,whole duck meat poultry
327d2f26c3021eda90e7431403cdf6f1,gold spot asst; drinks
0f1765e8a1d97c159544e4a88637bed1,lamb leg roast; lamb meat
6ea0161f68c73bd3793196c8488b1e95,chicken maryland; meat poultry
027277b454818aa0ffdbd5691ffaf306,pork collar butt; meat pork
d033c16271b9bfcca650c66f1f560257,pies; bakery
6f2dec86f5a7224d869d9564db5f939a,lamington chocolate; bakery cakes
c4c7a7e98978a1f0908e7140087d7633,premium streaky bacon; ham bacon meat pork smallgoods
73be2b60c1647aa2170674456848162f,chicken diced; meat poultry
53b2ea85774a26b520608208227f2757,chicken breast mince; meat poultry
7b580c0314e177a3a3dc370b855da026,manuka smoked cob xmas ham large; ham bacon meat pork
d62a8b446b965f16b96db8e88c9a169d,french cutlets; lamb meat
b1bb47adc082457893d08d4299463720,whole chicken tablebird meat poultry
2c1428fed4e7188270c9d008fe8fa69a,pork roast shoulder; meat pork
89a14c71dff2aac54cdb5cbfc8ca227e,wholemeal sliced; bakery
fb2d9b6d3c50e953ad4a7865996c47e9,fruit english scone; bakery
6ad62bab4b1d466c239e8948a704a0f5,gourmet pork toulouse sausages; sausages smallgoods
af47830c20b155cd0bfe73ea393dce3c,chicken thigh fillet; meat poultry
e7da3093219142b5b7bc62e4635479c7,thick beef sausage; beef sausages smallgoods
73b5a747b89be338c0c5eaa679ec3a27,pork roast leg; meat pork
7c78fea70fe33387bd70f2446f3f0cd4,pizza toppings; ham bacon smallgoods
6c7a394f448cad82ea0d45495837d1ae,pork medallion steaks; meat pork
b170f4c2bd32fa7fc7ccccf5b51803e8,thick pork sausage; pork sausages smallgoods
b5fc36fde6db807ca0ac1424b9e152fa,fruit bun; bakery
75d54ce2c4196bb6e886a523b89a86ef,premium chicken bacon; ham bacon smallgoods
9a6b166ae1c1070b0997bdbfd27a070a,gourmet tomato onion beef sausages; beef sausages smallgoods
1a60f7473985b1386446582a97c6b42f,gourmet chorizo sausages; sausages smallgoods
6c2eedce5d727b9a5f0097df2928ea4a,gourmet apple cider sausages; sausages smallgoods
84bf2ef2b054fbc72026896e4f7599ab,gourmet lamb mint rosemary sausages; sausages smallgoods
f3aa015f874aa846f23028a5ed7f750c,pork loin chops; meat pork
35c884148075583e3711df7cd1c83566,saveloy sausages bag; sausages smallgoods
42eab01fa6599571b071f2f7a0757a68,sourdough sandwich loaf; bakery
46af903c80dfc9b670ce944077104d62,ensaymada; bakery
27fcc4da777d7927a0aa411986f442e6,champagne ham sliced; ham bacon smallgoods
ada968ba6125f7030f2600dadcaec692,thin pork sausage; sausages smallgoods
51e413470b8fb681d26d1e5d1c1fe24e,pork rack; meat pork
9708c6f86b3381abeee84581495030fe,premium shortback bacon; ham bacon meat pork smallgoods
bcae5545d6ef2eb957c725d9702d2626,gourmet beef herb garlic sausages; sausages smallgoods
96254348e0be7c1a66d02f9420c74d73,pork cutlets; pork
686378328c7bad0b83b44308b5ea57a8,gourmet chipotle spicy sausages; sausages smallgoods
7602a002b0ea10ffa2a53333c6e5eb7f,gourmet chicken sausages; sausages
b721712d6e70de7c148e54e4dbdae2e7,pandesal rolls; bakery
a34be3dd0c40f43947271e1b177b2c9c,english scone; bakery
fb75330ea86928b90144d9164abe2985,gourmet english pork sausages; pork sausages smallgoods
de8b9fe888e9f2ae7d0e6614b2d05512,garlic roll; ready eat sausages smallgoods
cc1e44a3ada25217ad1d7db4c40a8da2,rump steaks; beef meat
6fb7b721819d931915bd6b9a100c0d31,premium shortback bacon; ham bacon smallgoods
6a2566e98962d1d24464192f5048e536,porterhouse sirloin steaks; beef meat
9062c79df3745b7c2b88beb114ff90d8,gourmet herb red wine sausages; sausages smallgoods
1698a4bb2e6a12aeda70160ad6c20447,pepperoni salami sliced; ham bacon smallgoods
06eea49279f19016e5b28a1318f1e379,dinner roll white; bakery
4674584f9c1cf4d5a8f3b92cea794edf,tablebird chicken thigh bone tray pack; meat poultry
7f952d5d0c0a90822ea5f46a36267cf1,rump steak; beef meat
518a08f904b69389fbde5edfb3ffdcd0,premium streaky bacon; ham bacon smallgoods
3ab261778bf7e1f9e2b80b66c13a8003,eye fillet tenderloin steaks; beef meat
b59e6f55df8c02ce5964c7bc3826deaa,bockwurst sausage; sausages smallgoods
4378da92888d5e7fe9d791e01302ef5a,pork belly; pork
94ad0b5815361f9e2132f1cb76ddf054,gourmet boerewors sausage; sausages
73d0b6a0ad8294aef85d19e0bbe204ea,pizza loaf; bakery
6d2fb6feb4414c31cfb29a41bcfe506a,pork shoulder chops; meat pork
f726e12934fcfc168abce4dd080b5752,tablebird kwik kai; meat poultry
0fce22211e9e59b9aa9e6752959a837b,black forest gateau small; bakery cakes
761b8e3241f804a4787a96f501001d7d,multigrain sliced mega; bakery
c2a6c8f4e423c94304c5adc4d0fcb7b7,corn silverside sliced; beef smallgoods
346de1d79a9ff52c8f0aeb56fa02a027,knot roll white; bakery
62cb2aad9aba0d419ffa47b290e2944f,white roll long; bakery
5be2f5bcf17a618958685ba9ed940ea3,wholemeal sliced bread; bakery
6e61639dc059fd751e9fdb6217948e4f,hamburger rolls; bakery
d5c843c06586d1f8d531614af6f4f20c,cream buns; bakery
499bbd8d1d20d13782ab14eb619621ef,chocolate bar cake; bakery cakes
37089b3a74c62ca867b88f2de5a110b8,lamb shoulder roast; lamb meat
4334f4de5569bd0d32d991f4293bc8e1,lamb rump whole boneless; lamb meat
e83da5d2c4d459cf4eb5e3436ca6058f,garlic bread twin pack; bakery
7775d5e4e4a45e3b9e96f1fe88816177,white rolls round; bakery
50292211162382d07b1ec8f245481ef0,frzn party pies bakery
9453d33f53c4a4508030ec7729abe740,pastrami beef sliced; beef smallgoods
a7c0f0df27876b1ba4d68fafde6ab743,chocolate gaytime bar cake; bakery cakes
7593fd2e27d64573136bc2aa6c06f4cf,lean beef mince; beef meat
bd7a1f0ff31e797d880ba485800260c8,whole lamb carcass; lamb meat
2dfd2c8eaab59310742f046ae29de7f5,lamb shanks; lamb meat
112427ca88a8d174f7e5713a74cf5c03,manuka smoked cob xmas ham medium; ham bacon meat pork
bd3d9a933444731f903f3c68893532c7,thin beef sausage; beef sausages smallgoods
b6da1171a07241d39c9bcb151445126a,frzn mini sausage rolls bakery
a243ee9afeabe2009c402188424d1fcb,multigrain roll round; bakery
d27d30347eb2bf8d2846cdc672d71cff,nz anchor butter; dairy
c5eb4585b9ba0587a86127f3a66e2456,chocolate banana bar cake; bakery cakes
09b014cd33904400a12996c95e1b793a,parmesan block; dairy
ec5e246cf15c2035ab6d9d315b82cc1f,culinary cream; dairy
88468bbc1b8e6863ae4a38f64e868a3a,cheese mainland edam block; dairy
899a32edb188be650124afcc29cb8f2f,pepsi max; drinks
a00fecdf702ea8a428c17c7e0a79ccd4,joi water; drinks
c5c44c43cec345d84a11bf9da2c9ffe0,mountain dew; drinks
e60960ddfc0cb8a1231a4f65d9172bb1,beef stir fry strips; beef meat
0e42838694957b027c8634f3d3631c92,sourdough vienna loaf; bakery
e0b5933c34772f27801b732564277a82,eggs dozen; dairy
14c928cb59d539af3ae2e1abf3080587,lamb flaps; lamb meat
c644e731b9eb1b70642eeac4aac4b9f1,beef steak mince; beef meat
63c562bb7578fff8d2d1e0153dae648a,beef short ribs; beef meat
d7203dcbf06315b113588e5b069983f2,chicken breast fillet; meat poultry
3a63dc27f3e37e96429c8636e55a3cac,multigrain sliced; bakery
67fe6af8ca033b710468e62d20b92e10,lamb foreshanks; lamb meat
57339ac8390effce4a2182001835bc4e,manuka smoked cob xmas ham small; ham bacon meat pork
f616b7a34638d5a409df92d3daa16551,tablebird chicken drumsticks; meat poultry
2eade6ad6462e9897c2d6fe955f09497,oysters half shell frozen dozen; ready eat seafood
2dfb485caffccd7ff633857b0bfc031b,mumu kakaruk; poultry
cc33f7d09906746260fac2c9856c42fe,mettwurst sausage; ready eat sausages smallgoods
1b084c811fb5eff76fae7ff0d429a02b,luncheon roll; ready eat sausages smallgoods
10824a3959c1fe04e18f5ffd2a5712a9,chicken roll; ready eat smallgoods
7cfed7bc249735a672d15adab096a706,pork leg chops; meat pork
118ad0aa421800a5c3b142039c5252da,chicken stir fry strips; meat poultry
3b9130e18ff28bb7b0c58bc99ee7f5e4,sausage rolls; bakery
5d985dea61c36978c02834859ed74757,pork spare ribs; meat pork
62256d285bfc6ecafde40784a660974a,diced beef; beef meat
456a35f9d66e361631e88159344258b4,diced lamb; lamb
724e206fa9dcc68f23ec2ed7d717c114,school luncheon slice; ready eat smallgoods
ffa88ae397d156cfbe307e2ddb914d7c,whole turkey; christmas meat poultry
112427ca88a8d174f7e5713a74cf5c03,manuka smoked cob xmas ham medium; christmas ham bacon meat pork
7b580c0314e177a3a3dc370b855da026,manuka smoked cob xmas ham large; christmas ham bacon meat pork
652b50d3804bb2c83cef766c4d0b3085,christmas pudding small; bakery christmas
57339ac8390effce4a2182001835bc4e,manuka smoked cob xmas ham small; christmas ham bacon meat pork
19ae7aa6f38b04bb0b29b4315dbf14ec,chicken roll; ready eat sausages smallgoods
9ce0ae8db47a4c01094df15f8add15e9,luncheon roll; ready eat smallgoods
df37f081439ca8513ed4087d2effaf39,macro organic unsweetened oat milk; beverage milk macro organic unsweetened oat milk
f65b19431e6439827db448019a833453,bel normande sparkling white grape; beverage sparkling water bel normande sparkling white grape
ea54470e04eef63f25e8f70e6defc1c1,vitafresh sweet navel orange; beverage drink mix powder vitafresh sweet navel orange
50250bf73733e7048435fd8b107d5f78,nescafe latte; beverage coffee nescafe latte
b1d1823bef28c604afe7e336137f8396,woolworths passion fruit flavored; beverage soda woolworths passion fruit flavored ltr
1fc540ccf56e07ea0bd64bc073743d27,ribena blackcurrant fruit drink; beverage juice nectar ribena blackcurrant fruit drink
316d7a73f64eb4f8fbb52523262024b7,anchor calciyum milk banana; beverage milk anchor calciyum milk banana ml
e9d0e197f438e8dd4d23abbf861d0c6b,rockstar tropical guava; beverage energy drink rockstar tropical guava
2a736dd3a86990e25224aa7f008acafa,powerade mountain berryblast; beverage energy drink powerade mountain berryblast
2bc5c8ab6a876b8ef81bfd7fb10ab148,pocasville horchata original; beverage milk pocasville horchata original
960c4d1614b24df6ce926c3777024270,liquid death sparkling water; beverage sparkling water liquid death sparkling water
a38969910e30bd36480faa52ecff1ff4,nestle rich milk chocolate flavor; beverage drink mix powder nestle rich milk chocolate flavor
18e868fcdf4ff8816e2f2c7a8b0bff5a,nescafe mocha; beverage coffee nescafe mocha
35b37e4e01866d5f3b8b4566d85d0f80,squirt grape fruit soda; beverage soda squirt grape fruit soda
e9c365e0f220266871110b0e2b5f55f6,yogo aloe vera peach; beverage juice nectar yogo aloe vera peach
258603c6745d16f031b657dbfffca7e0,yogo aloe vera melon; beverage juice nectar yogo aloe vera melon
bd55cd96e2b5af3daf4326dc4e8950ac,jumex strawberry nectar; beverage juice nectar jumex strawberry nectar ml
59e67280df2d50e11e568cfa347dc70c,jumex pineapple nectar; beverage juice nectar jumex pineapple nectar ml
c7a414dd591edaf36d900201ec8e2b8b,jumex mango nectar; beverage juice nectar jumex mango nectar ml
6785bde41e6af0c8332c66acb8722586,mccoy cranberry juice; beverage juice nectar mccoy cranberry juice ltr
e8b6f5ed60c6217e312058e1473dc70a,mccoy tomato juice; beverage juice nectar mccoy tomato juice ltr
5f9934af5b878c82ba9f2b50eb583a5c,mccoy dark grape; beverage juice nectar mccoy dark grape ltr
b4a39f00c12406b986d882b1cd31e88e,mccoy orange juice; beverage juice nectar mccoy orange juice ltr
cd23c8a4a3f11a5f04942d1bf49b87df,mccoy pineapple juice; beverage juice nectar mccoy pineapple juice ltr
a575dfadb6e5290dd45a5a8df48c13a1,juice apple; beverage juice nectar juice apple
950b3d8656efe0322ff45f211a5888b4,langers mongo mango; beverage juice nectar langers mongo mango
af35c17af39301a91f12030a8a0a2485,yogo aloe vera strawberry; beverage juice nectar yogo aloe vera strawberry
41e532be8b4e27fa8fc4abda57bbff06,yogo aloe vera mango; beverage juice nectar yogo aloe vera mango
9d9b3662ed2c9c98c3c502f257639aa7,california gold prune juice; beverage juice nectar california gold prune juice ml
344294324bf46dd91e9033ef6284c3cc,fresh apple sum ahh fruits; beverage juice nectar fresh apple sum ahh fruits
f08eb5febf4fad3a2b0a88b4e5419568,fresh harvest red apple; beverage juice nectar fresh harvest red apple
166f90f00afbc63b35aef54f5bd1ff85,kern guava nectar; beverage juice nectar kern guava nectar
2005c57ede9e91fb591eb92fceeb875a,keri juice co pulpy pineapple fruit; beverage juice nectar keri juice co pulpy pineapple fruit
c72213d17234efb82f2898bfa865deb6,keri juice co apple juice; beverage juice nectar keri juice co apple juice
dfbc82236428da10908a2f4d9c497315,gabriela chia seed strawberry fl oz; beverage juice nectar gabriela chia seed strawberry fl oz ml
778d401fffbd4bac75302796409185aa,gabriela chia seed mango; beverage juice nectar gabriela chia seed mango ml
c76f9ada852d16151512c7d5b7808240,well aloe vera drink original; beverage juice nectar well aloe vera drink original
6c0fca6ef5decfa85cab976c65aba153,well aloe vera drink original; beverage juice nectar well aloe vera drink original ml
18190ee2f6fb2c1148f1e9f43a3b0b64,juice orange apple apple base; beverage juice nectar juice orange apple apple base
0ae52b7adcfd13e53b26ea5200230278,juice tropical apple base; beverage juice nectar juice tropical apple base
358fbe9a6455722800359f221f1f72a2,arizona natural lemonade; beverage juice nectar arizona natural lemonade ml
266e0317d39aaa63bc76c35cfbff0e67,arizona natural fruit punch; beverage juice nectar arizona natural fruit punch ml
8d8e04a12dda72dc08a2ba73a79b6be5,arizona diet green tea ginseng; beverage juice nectar arizona diet green tea ginseng ml
9cf8c70fa21b8d8291b8bf5b7d6069cd,hi fru bu tropical fruit flavoured drink; beverage juice nectar hi fru bu tropical fruit flavoured drink
6dcc61f77f2b145a919e4dbd7da2ad05,dr pepper cherry; beverage soda dr pepper cherry ml
c6f478a83320777be99d4cafc5a67ace,root beer; beverage soda root beer
092b1b0d426757adf3d7c8acd819e82b,lemon lime flavored soda; beverage soda lemon lime flavored soda
6d53265b0399c5aacf3e9fd05f7411a6,squirt thirst quencher grapefruit soda; beverage soda squirt thirst quencher grapefruit soda
614dbb0cb61595b20532325f62f8d246,dr pepper; beverage soda dr pepper
37a4f241c2e88cb1f8d4d3be947b3f9f,fanta raspberry flavour; beverage soda fanta raspberry flavour
6daad4ec568bf7feb585fe7d6cbf6121,coca cola classic; beverage soda coca cola classic
9d8c683288a6e603ac34556e9b15bf1f,fanta orange; beverage soda fanta orange
d8e6be103eb627084975f33143fc19e2,fanta orange; beverage soda fanta orange ml
4fb00793c067c63d1d6da097dcf07a1f,sprite natural flavour; beverage soda sprite natural flavour
17417ffcd2af25acd5eb502a2d7b0a84,seara chicken franks; meat seafood poultry seara chicken franks
e5f29f2ac2421e705720738f24730555,shore mariner cooked vannamei whole prawns; meat seafood shrimp shore mariner cooked vannamei whole prawns
b45e056c55cfe2e5bf070d8cc7d0558f,chicken leg quarter; meat seafood poultry chicken leg quarter puha moa
bb105575056d8b49b3cd488cb11cf87c,westpac green shell mussels; meat seafood mussel westpac green shell mussels
e5d2212a512a63747db9dfe1cc1a7585,aqua dew pure water bottle pack; beverage water aqua dew pure water bottle
dd102ea10d652dc6b26bf3fd8a5ab381,maggi flavoured noodles; grocery instant food maggi flavoured noodles
ae7cf5eac7d50fd81a0fbd29f6156a4d,sprite; beverage soda sprite
e569d0c59813738535a254be2e66c6b5,sprite can; beverage soda sprite ml
73d137ecc830582d3cf94959d9293b03,fanta pineapple flavour; beverage soda fanta pineapple flavour
8e5d3013679461e6eb38949a8a9a27b8,punjas breakfast crackers; grocery punjas breakfast crackers
972cf8fedbab633f69b620d4e91d6f8b,hellers chunky cheese; meat seafood sausage hellers chunky cheese
8d4521a4d439c43d2745ca3709e368ab,colgate toothpaste maximum cavity protection; personal care oral care colgate toothpaste maximum cavity protection
ba25d36c88d8ac1a8e8d26260f7e37af,sea breeze frozen raw oysters; meat seafood mussel sea breeze frozen raw oysters
efde5741cdba429eff1412a0aa971bf7,fiji water bottle box; beverage water fiji water bottle
1bd457fc68e78f92bd1c840ef4c43c10,maruchan fire yakisoba spicy beef flavor; grocery instant food maruchan fire yakisoba spicy beef flavor
d6c6d9c023e5b9592077bc1b586c9241,wattie spaghetti tomato sauce; grocery canned food wattie spaghetti tomato sauce
14e2c92175dd808122b07032267b7a0a,welch gelatin concord grape; grocery instant food welch gelatin concord grape
133e1167e4954290a21f91981f8c01f5,maggie minute noodle chicken flavour; grocery instant food maggie minute noodle chicken flavour
29762d0933256a3126b184784855acc7,sb chunky vegetable medley; grocery sb chunky vegetable medley
55824b6988f3108e8a72b0c291d7f971,hellers breakfast sausage; meat seafood sausage hellers breakfast sausage
658664e8275bfe77007b0b73121e1876,colgate anticavity toothpaste; personal care oral care colgate anticavity toothpaste
d69af282a445004492fe9619ea816e8d,colgate max fresh peppermint ice; personal care oral care colgate max fresh peppermint ice
cebe7b7f1a1b909333d84c34a16bcd72,lukcy super soft mouthwash winter green; personal care oral care lukcy super soft mouthwash winter green
cd0824cca703ab6943b8a4dc2e06dcea,lucky super soft mouth wash original; personal care oral care lucky super soft mouth wash original
a3b28bf52a92a7ae32e8321f8cee51c0,hormel spam classic; grocery canned food hormel spam classic
4a9b281a3b8389a77098964097c952ac,pams apples sliced; grocery canned food pams apples sliced
e62fe98346e9a8f9537275d156083cba,woolsworths pineapple crushed juice; grocery canned food woolsworths pineapple crushed juice
de84af6cdbe3cc557537757c3ed78c8c,best foods mayonnaise; grocery best foods mayonnaise
8245976c2f26a5e38cd93292df8a96bc,golden harvest baking powder; grocery baking golden harvest baking powder
3f38c2c675f8e414e88e08642c738f87,gregg lemon grass powder; grocery herbs gregg lemon grass powder
572c96c1bdbd737fc5a0c0c084e295e3,woolsworths pineapple juice; grocery canned food woolsworths pineapple juice
ed209586f3d001c22e3ed45cdb0f9e97,woolsworths pineapple slices juice; grocery canned food woolsworths pineapple slices juice
b51b6d30e2c1bd133010e991bdda7db0,pams diced tomatoes chilli herb; grocery canned food pams diced tomatoes chilli herb
f5f50196a5f973997e5e1e7830c3f903,kara coconut cream; grocery canned food kara coconut cream
9db36b3ee918314f7a037280e3169e2d,pams halved apricots juice; grocery canned food pams halved apricots juice
cc01cf17c81d054a2d021967122e2929,sun bell tuna chunks oil added; grocery canned food sun bell tuna chunks oil added
0853249cae94f9ce94983d4d99513176,old capital special tuna flakes; grocery canned food old capital special tuna flakes
06630c0f422a11646509a90a8f97b915,spice time food colors; grocery baking spice time food colors
54c68d5acdb43b7c0421f32e95e0c165,spice supreme dill seeds; grocery herbs spice supreme dill seeds
923ae8fbd36b22cb005ced9d65c8cacf,spice supreme pure ground sage; grocery herbs spice supreme pure ground sage
405fd776a3c1f54956acf852238c5cc1,spice supreme oregano leaves; grocery herbs spice supreme oregano leaves
fd98b86a7ec9a1234e4aade4edc3ad2d,pams moroccan capers; grocery herbs pams moroccan capers
47c6a78b1a47f01125adcbeaeb959425,olay body wash shea butter; personal care body wash olay body wash shea butter
94ce17d9bb9906221ce162966e0b1942,bolis icesticks; grocery bolis icesticks
c7ee4f9997d21ab1f2c4537a6c030649,bake fresh baking cups cups; grocery baking bake fresh baking cups cups
08b074ec25400f6e15e6ec3a04231203,cadbury baking cocoa; grocery baking cadbury baking cocoa
3f2f2949983e7dad2ee8c7249d51ca91,pams cocoa powder; grocery baking pams cocoa powder
07b090472b7fe439641b4ac3f891c520,edmonds fielder cornflour; grocery baking edmonds fielder cornflour
25ea6a72982ee90544a610b9c42028b1,pams dark compound chocolate drops; grocery baking pams dark compound chocolate drops
87823bf562c48348a1805949f1f48007,pillsbury traditional chocolate cake mix; grocery baking pillsbury traditional chocolate cake mix
c6e2ccd5a08038dbe34e8d2e30d1e08a,arm hammer baking soda; grocery baking arm hammer baking soda
61400be18b18881ac0b7daa8d37ef917,pams plum jam; grocery spread pams plum jam
78d084fcafe9da711c073cdcae2e3799,palmolive luminous oil argan oil; personal care hair care palmolive luminous oil argan oil
1a24c18b60823ea3c2950fbf71d73392,olay body wash ultra moisture; personal care body wash olay body wash ultra moisture
70045b51b2a271b9e9a77f7fb05e42e0,dove showergel talco; personal care body wash dove showergel talco
1b42611320bce720194896061980972e,sun bell tuna chunks; grocery canned food sun bell tuna chunks
8f71f5dcfdaabfc16039f1eedb4f8516,ocean queen mackerel tomato sauce; grocery canned food ocean queen mackerel tomato sauce
f65d9f5158e3a4e90d734ed65c0133b4,ocean queen mackerel natural oil; grocery canned food ocean queen mackerel natural oil
8224e410573b8b7c31244468ac731058,wattie chicken corn soup; grocery canned food wattie chicken corn soup
89c6016cedf5294920af2f3508c850dc,pams apricot jam; grocery spread pams apricot jam
f8fbd37ef700eeaecddebfc3887e452c,head shoulders shampoo anti hairfall; personal care hair care head shoulders shampoo anti hairfall
818c75dc4b2c8aa43e61dbc08e1c3660,palmolive intensive moisture conditioner; personal care hair care palmolive intensive moisture conditioner
475d8aa29733f2510bd54233c7a08fae,palmolive actve nourishment shampoo; personal care hair care palmolive actve nourishment shampoo
390e697e9cee31cf3f513c3f9f3ff44b,conditioner herbal escapes ocean refresh; personal care hair care conditioner herbal escapes ocean refresh
14d22204541c24484210f359b9736bef,punjas classic masala chai tea; beverage tea punjas classic masala chai tea
8a86c6f2a74f5a3a71516260d9f465e8,del monte ketchup; grocery sauce del monte ketchup
37e8009cf48dbe8ac5a08588cc4a9550,nestle coffee mate original; beverage coffee creamer nestle coffee mate original
c5d1254d900a4aa50a0965cb7a87f127,nestle koko krunch; grocery cereal nestle koko krunch
1a6ae8f10960545bddaeb01bd22f7de9,head shoulders conditioner supreme smooth; personal care hair care head shoulders conditioner supreme smooth
b921c465746186c1ef63ee5ec8b96cd5,suave shampoo sun ripened strawberry; personal care hair care suave shampoo sun ripened strawberry
27b92676c620880fde6f6f05c28ccf7b,garnier fructis elastic curls hair comb; personal care hair care garnier fructis elastic curls hair comb
6bbd7023362ac476ed2e6da8d271a777,garnier fructis liso coco; personal care hair care garnier fructis liso coco
e9589baf75b5356aae36a9d71f8b8a08,suave shampoo wild cherry; personal care hair care suave shampoo wild cherry
4b880eeccfefdb06cf8117560846d79f,naturate lemon grass; beverage tea naturate lemon grass
3bdc9c19dd64ba27c40a6a78e39a6b91,woolworths sauce; grocery sauce woolworths sauce
c35e7f7d936c18e52ef701fd8a834bca,langers juice; beverage juice nectar langers juice
0297453e01f8bfaa3e01556580cc13e7,ricies oven popped rice; grocery cereal ricies oven popped rice
15b1ce4010bbcf0b9bcf9d7dd7782267,cheerios multi grain; grocery cereal cheerios multi grain
a19ab79d7171cd3b4763c719b3436805,kellogg cereal krave double chocolate brownie batter; grocery cereal kellogg cereal krave double chocolate brownie batter
cd3ac0917f3f949b94cb91f592122c48,kellogg cereal krave chocolate; grocery cereal kellogg cereal krave chocolate
69b51d66e81b5151f330244ca5bf33a4,kellogg cereal raisin bran crunch; grocery cereal kellogg cereal raisin bran crunch
79f31438f80cac18eeffe9a33cf90e8e,woolworths barbecue sauce; grocery woolworths barbecue sauce
0667014bdc7a06aed0a5f38822d1a025,san remo alfredo pasta sauce; grocery sauce san remo alfredo pasta sauce
b615bbe6aa46e8e735a763910ebc13cf,americana mushroom soy sauce; grocery sauce americana mushroom soy sauce
037e563e284d59e0bed46a08ac556c55,americana light soy sauce; grocery sauce americana light soy sauce
a4015df3c202ba8efd2623805f935687,dyc white vinegar; grocery sauce dyc white vinegar
d26e5797bab3df54240b88574eff0bd3,madame wont sweet chilli; grocery sauce madame wont sweet chilli
fd48418e7e69221b65dc9417c49b15ce,madame wong hot chilli sriracha sauce; grocery sauce madame wong hot chilli sriracha sauce
202d2e127e1d60fcb46d0d3d19f33ba5,allegra macaroni penne rigate; grocery pasta allegra macaroni penne rigate
fefa457af5b36e9d997a8e3ca3488697,pams sweet sour simmer sauce; grocery sauce pams sweet sour simmer sauce
e53f1595db3522bcab67367661362777,del monte sloppy joe; grocery sauce del monte sloppy joe
4753804a7211dcb5fb273d37af368e50,wattie tomato sauce; grocery sauce wattie tomato sauce
d1fff6d2d29a3a12193d6d6058f64e15,hunts pasta sauce roasted garlic onion; grocery sauce hunts pasta sauce roasted garlic onion
e5f5e5bc826ac910782a33ff4ea5eb44,royal lemon blend; grocery sauce royal lemon blend
83d423e43ef6232461a58dec798b3c20,tabasco; grocery sauce tabasco
92760149dc43e25ff8d4d5b2a2babe1a,naturate seven blossoms; beverage tea naturate seven blossoms
c9cb3330d52efde640a9eacdb464b985,grand harvest brand green tea; beverage tea grand harvest brand green tea
2da1691a70064ac6dd7b63d7900ce3a4,kraft macaroni cheese original; grocery pasta kraft macaroni cheese original
3487f12214bf07600b1ba5243865eecf,allegra rotini num grocery pasta allegra rotini num
bc70b9a4cc6435e8a30311228acee500,twinings pure green tea; beverage tea twinings pure green tea
a04dd750dcf12e8071f509acc3dcda40,twinings morning tea; beverage tea twinings morning tea
65a0752bd4f044bc07055ecf2572080e,twinings pure peppermint; beverage tea twinings pure peppermint
ec84ad7d1c1f5951f684dfdbbedb6ce9,twinings lemon ginger; beverage tea twinings lemon ginger
047b5ad62c37a5becf2fdf434b0b438e,twinings english breakfast; beverage tea twinings english breakfast
27bfe7153312a97c709df612f9dc04f3,twinings new zealand breakfast; beverage tea twinings new zealand breakfast
89916f76687463416dc01a99f5c14e8f,punjas pure ceylon tea; beverage tea punjas pure ceylon tea
bbcc67a6c012c6d8426bb9f572f0cd8a,lipton black tea; beverage tea lipton black tea
6068fb061ab9c8d058d562a9fe30cc6d,naturate hibicus jamaica; beverage tea naturate hibicus jamaica
a2e394f248796eb1c5e4f871e61016b2,twinings london lady grey; beverage tea twinings london lady grey
ffa3e3dea6e6bb054fc68f85b431d24a,twinings earl grey; beverage tea twinings earl grey
4e6876d7b015950aab80a7402a17adbd,twinings london green tea jasmine; beverage tea twinings london green tea jasmine
82e39f13d9cd337b9760cc8ed99792a7,tresemme shampoo damage repair; personal care hair care tresemme shampoo damage repair
f28b433e56c37ca1dd5c3fc6b205dce4,tresemme shampoo macadamia oil; personal care hair care tresemme shampoo macadamia oil
31d841acb79630be3ffa20e7c1233bdf,tresemme shampoo coconut milk; personal care hair care tresemme shampoo coconut milk
8186e75acd9ba05cbe56ff87419d0453,tresemme botanique shampoo; personal care hair care tresemme botanique shampoo
bb78f648c7515f5f0b5a91c7ad94f763,tresemme shampoo shea butter; personal care hair care tresemme shampoo shea butter
de0cd7451cc6fe9eab7341a866d6d7ea,pams blackcurrant jam; grocery spread pams blackcurrant jam
65a4007272bf5bdba59b04623237a615,value creamed clover blend honey; grocery spread value creamed clover blend honey
7fb3ad1886c1a9d616e6fdc29db5c9f3,pams creamed clover honey; grocery spread pams creamed clover honey
765e699f236948a545cff187c79b54ac,pams creamed manuka honey; grocery spread pams creamed manuka honey
353756cf194b7ab359d0709299d7d24f,pams squeezable liquid honey; grocery spread pams squeezable liquid honey
c5cc542e042cefcaa480848b1cc23616,vegemite spread; grocery spread vegemite spread
4db4cddcd86a2fbf7f0c8edeae011a2d,palm corned beef; grocery canned food palm corned beef
bdbcf267226328018aeb137209c8c636,listerine fresh burst; personal care oral care listerine fresh burst
21c0d82cca314bb5b101ae439b8e1f21,hellers trusty bbq precooked sausages; meat seafood sausage hellers trusty bbq precooked sausages
0e27122fcea8f4db6df9d88301ae1bc7,hellers chinese honey sausage; meat seafood sausage hellers chinese honey sausage
60ccf8321bf801fe7ed6d38aae5c50a0,seara chicken sausage ctn; meat seafood sausage seara chicken sausage ctn
401f0ae41660bc27882575a25b4d5450,mccormick himalayan pink salt; grocery seasoning mccormick himalayan pink salt
ae437d977a1fca5c3b7cee18cb2fa3fa,sunvista red kidney beans; grocery beans sunvista red kidney beans
b21edbad7468275a3ac3faaf1e2ae0ed,pams icing sugar; grocery baking pams icing sugar
8281ccb42944fb0cd88dcd1bea6647b3,coles penne rigate; grocery pasta coles penne rigate
737ff583183c69febe659b80c35e926f,sal bahia iodized sea salt; grocery seasoning sal bahia iodized sea salt
3ec84aeef6e75503c658820e2b4c0f4f,armour treet original; grocery canned food armour treet original
161eb53c716ad40c4590ffacfba02f1e,sunvista garbanzos chick peas; grocery beans sunvista garbanzos chick peas
e4843b1ffdb46c03aa0e49fd4e8a4259,coles spirals; grocery pasta coles spirals
efc9cfb7873c83b81b85e5ef0098f8d6,kellogg corn flakes family size; grocery cereal kellogg corn flakes family
066a0fe0e1a96c0fc04c379e182ae6bf,spice supreme cajun spice seasoning; grocery seasoning spice supreme cajun spice seasoning
1af7f25df7c0c6099dd3d2373b7aa285,four bean mix brine; grocery beans four bean mix brine
a002a63ef326dadd635327935b15b3d0,pams black beans brine; grocery beans pams black beans brine
ab6df0a3bbe269607e63b27da1c43055,spice supreme pure ground cumin; grocery seasoning spice supreme pure ground cumin
b3329a420f98c583d29468f198e8e9a4,spice supreme chili powder; grocery seasoning spice supreme chili powder
881bde9772f051fb66258362cabe09a8,spice supreme onion salt; grocery seasoning spice supreme onion salt
920abcc7cee42a26815182b763625ac5,spice supreme adobo pimento; grocery seasoning spice supreme adobo pimento
fac5c5a53b567947bb2c0b2a341ff6fe,spice supreme french fry seasoning; grocery seasoning spice supreme french fry seasoning
03b4f871f430cf1ba7e56c473d8a4799,spice supreme basil leaves; grocery seasoning spice supreme basil leaves
ff020ec1ae96ae5c658d2a38af377e45,spice supreme pure ground cinnamon; grocery seasoning spice supreme pure ground cinnamon
e836c8741130852d61765f9d441c7a93,spice supreme cebolla picada; grocery seasoning spice supreme cebolla picada
75655ce4bc130edc5d89585d83acd900,spice supreme seafood seasoning; grocery seasoning spice supreme seafood seasoning
a10dae4d5892d69eba9762990eeb72fa,spice supreme ground cinnamon; grocery seasoning spice supreme ground cinnamon
654a432b1a6aa6b80e71af627ef70ed1,spice supreme parsley flakes; grocery seasoning spice supreme parsley flakes
14a24051f5dd5c7f65a80c455b0ada69,spice supreme onion powder; grocery seasoning spice supreme onion powder
6bac1cd01f654acfdd54e1284a6cddf5,spice supreme adobo; grocery seasoning spice supreme adobo
b70c73e022be7ffa33fede231f64cb65,spice time chili powder; grocery seasoning spice time chili powder
b369885a576bf95f73b6a09898d28b8a,spice time onion salt; grocery seasoning spice time onion salt
49bf2ad145b3d9a71d0558e625df3c07,pams ground white pepper; grocery seasoning pams ground white pepper
905100773449bfef71d8bfecec91c38f,cerebos iodised table salt; grocery seasoning cerebos iodised table salt
cadeedec3fd219702fcb888c134d41ea,gabriela italian dressing; grocery dressing gabriela italian dressing
d5755bcc0f4b610b380d6841eaea8db8,salisbury corned beef; grocery canned food salisbury corned beef
3a001ad0f92f753e34d5fc023e474f9b,sanitarium weetbix; grocery cereal sanitarium weetbix
f682c769ddbd4d2e8a7d8826b4968612,pams crushed garlic; grocery herbs pams crushed garlic
11d10a5ac34e306c2846dfb029ea1e8b,jif extra creamy peanut butter; grocery jif extra creamy peanut butter
c958f0437364115fb37896ba146e4f7a,smucker goober strawberry; grocery spread smucker goober strawberry
eec5c20285248f31e61a7af12a0b6100,chelsea icing sugar; grocery baking chelsea icing sugar
407659fdef69b5996f2d897c496de900,jif extra crunchy peanut butter; grocery jif extra crunchy peanut butter
f7f6664d1926a0317dc8b5a71addd119,sunvista pinto beans; grocery beans sunvista pinto beans
efcd9acfb3f712a79ec446a7b99df10c,peace river rolled oats; grocery muesli oats peace river rolled oats
9cd3cf082330ba33f10385135e2caefd,del monte pasta sauce mushroom; grocery sauce del monte pasta sauce mushroom
dd2e6a9ac46805d166ce85a6addcd120,sw white beans; grocery beans sw white beans
2751049b7c617b9d4d4fd74c89517a7c,kellogg raisin bran; grocery cereal kellogg raisin bran
ebd05dd7f4587863a5065347b7548efe,rm beef patties pounders; meat seafood beef rm beef patties pounders
fbb5c157723f31ae91328d7d6aa7fc81,nivea deodorant silver protection; personal care deodorant nivea deodorant silver protection
8443d6bf39bb140c72f88eb710677c53,nutella hazelnut spread cocoa; grocery spread nutella hazelnut spread cocoa
cd1d965c453055e4ed524185ddab31a9,allegra tri color rotini; grocery pasta allegra tri color rotini
ce6910d6c5ce83fbb1dcd5c3ce8dcdfc,pams coloured peppercorn grinder; grocery seasoning pams coloured peppercorn grinder
451441ead030e172f6b8284812c72c41,del monte pasta sauce cheese; grocery sauce del monte pasta sauce cheese
8309a2bd6b6b6b5efb0d34f77ef7b927,black samyang stir fried ramen; grocery instant food black samyang stir fried ramen
edb8e2169bcb470ba95e37fa0290c600,red samyang spicy ramen; grocery instant food red samyang spicy ramen
1eb94018f5c2be105b2d699f101c0224,samyang buldak habanero lime; grocery instant food samyang buldak habanero lime
9d4511842f8df863755641d165d1a814,pepperoni; meat seafood pork pepperoni
752e4ec18c107cf9adb7d9db63a63258,huggies baby wipe pure water; baby maternity baby wipes huggies baby wipe pure water
9b4bb8b5ca5b5849dd34d637e64ca5ab,nivea anti presp fresh natural; personal care deodorant nivea anti presp fresh natural
ff7d486d542758bb192fc92bcb65bd4c,suave deodorant tropical paradise; personal care deodorant suave deodorant tropical paradise
b3a919f2997ceca0f20c62ba2e0c3d55,tag deodorant endurance; personal care deodorant tag deodorant endurance
be5ef511fda87138b68c04b7c9a3853b,avon deodorant black suede; personal care deodorant avon deodorant black suede
e8f13fb3894a4c5f1a6d8aa8c56ccaeb,suave deodorant coconut kiss; personal care deodorant suave deodorant coconut kiss
a118bfec828ef06e326a148c2df47ca9,old spice deodorant bearglove; personal care deodorant old spice deodorant bearglove
feffaedcd8c7898576d44b9c9825f37b,speed stick active fresh; personal care deodorant speed stick active fresh
b8f0214c0f374312034d8c7ccd12c43e,bar chopped ham; meat seafood pork bar chopped ham
e2e92ec53958e5852319f5cde04d3c66,pams extra thick fragrance free baby wipes baby maternity baby wipes pams extra thick fragrance free baby wipes
a78821c98e1e09361407c4cdd15c4a01,pams thick fragrance free baby wipes baby maternity baby wipes pams thick fragrance free baby wipes
883fd224738b4973d386fbbaae82b81c,pams thick fragrance free baby wipes count; baby maternity baby wipes pams thick fragrance free baby wipes count
d6f5943de9344bf6da1af39d0ae3f5b4,disney huggies thick baby wipes cucumber aloe count; baby maternity baby wipes disney huggies thick baby wipes cucumber aloe count
c8f6fa0535c882d8bec53ab741e60ad5,huggies baby wipe clean; baby maternity baby wipes huggies baby wipe clean
516f5821a38ca20b9720c6a313ef777d,bars naturally hardwood smoked bacon; meat seafood pork bars naturally hardwood smoked bacon
837ff5672900f4cbacd5c49064bb5de8,pigs streaky bacon; meat seafood pork pigs streaky bacon
8a947728b485cd8ac3d9b297ab3194b5,speed stick regular light; personal care deodorant speed stick regular light
7d1e6badc22a999e4f1509249aa69703,nivea deodorant fresh energy; personal care deodorant nivea deodorant fresh energy
f6392a99a1cb7fd7c4ee4593901d51c3,garnier obao soft freshness; personal care deodorant garnier obao soft freshness
3cc494c3f4b634900cf982ffdeef0e21,garnier obao deodorant citrus; personal care deodorant garnier obao deodorant citrus
0a1d2f198b6834ee1e8213867fcab947,garnier obao oceanic; personal care deodorant garnier obao oceanic
095d071fdbd8db73711451b512d6343d,brut deoderant oceans; personal care deodorant brut deoderant oceans
ffedaa9a4d6ee9eb73af8415018fc627,nongshim udon noodles spicy seafood; grocery instant food nongshim udon noodles spicy seafood
355c5dec686babc622c2c05c8372d710,jongga kimchi ramen noodle soup; grocery instant food jongga kimchi ramen noodle soup
04217d84264a30751d45a62e2e9f8c26,maruchan yakisoba spicy chicken flavor; grocery instant food maruchan yakisoba spicy chicken flavor
47c6271e754c2742450d8900461c1ad1,maruchan noodle soup beef; grocery instant food maruchan noodle soup beef
4c24f1d183788af3fc5e17164a26d734,maruchan ramen bowl hot spicy; grocery instant food maruchan ramen bowl hot spicy
7e6fa0dc7431cb70ff8751c8d980a262,longkou vermicelli; grocery instant food longkou vermicelli
7557304fe00b6db511abf0d4b1a5cec5,pure drop bottle box; beverage water pure drop bottle
9aa2825516855985120a31d11e336895,water refill; beverage water water refill
6be0ebe5e22fe64988384ccb7b6044ee,new water bottle; beverage water new water bottle
921f251601e58bc9e37ad800f094b196,shore mariner cooked peeled shrimp; meat seafood shrimp shore mariner cooked peeled shrimp
ca1830bc9e4c6125b2c9c7982e7828cf,fmf chow instant noodle tomato flavour; grocery instant food fmf chow instant noodle tomato flavour
f30e0c3384270cd0f4c614713a661488,sun bell tuna flakes; grocery canned food sun bell tuna flakes
5a59ee7958300887aeb8980ab66aa0b0,pop mie noodle; grocery instant food pop mie noodle
613d1a3676a32f5f19976866f92fa56a,supreme noodle of; grocery instant food supreme noodle
8b335a889f5fbdfd2d22315606163367,foster farm chicken liver; meat seafood poultry foster farm chicken liver
62f7c02a6922aee87fa5e5de3d24f9cb,sun land chicken pieces; meat seafood poultry sun land chicken
547429d4b0a08fe4b908f55fd080ae83,tegel tenderbasted turkey; meat seafood poultry tegel tenderbasted turkey
a0bff0bb6b77eddf6fcc7c9cdb4ea2d6,top notch chicken nuggets; meat seafood poultry top notch chicken nuggets
e1106ad83508a17b0530e7e4b4592663,turkey tail; meat seafood poultry turkey tail
693a649b5568ebeb634676bf99150bc2,fanta pineapple flavour; beverage soda fanta pineapple flavour ml
2838b9d2802df6cf25a2624855a853bd,nescafe taster choice decaf; beverage coffee nescafe taster choice decaf
b015f724e6c638340018a408f5cb6fa2,nescafe taster choice; beverage coffee nescafe taster choice
53ee185ef9ce37943e00f6f6c7de67e9,woolworths coffee beans italian roast; beverage coffee woolworths coffee beans italian roast
71bad04c508e35bf72ff2947815cb64d,moccona instant coffee; beverage coffee moccona instant coffee
ae1eb5e019f6dc720557db2f30f60e94,nestle milo; beverage coffee nestle milo
7548b5f03b765df419a2f0907308bdcb,nescafe original extraforte; beverage coffee nescafe original extraforte
dcc7d3bb327c4aed0989e5000caacbc0,nescafe clasico decaf; beverage coffee nescafe clasico decaf
67d7533e7198994c6364e35f2e0170b6,nescafe cafe soluble; beverage coffee nescafe cafe soluble
b58cf901359164820348c513c4acc444,nescafe classic; beverage coffee nescafe classic
c4ab25b55254f284ed625bfa9f9c38b7,nescafe origina extraforte; beverage coffee nescafe origina extraforte
f6c430992f991b234994a16262f18f51,woolworths instant drinking chocolate; beverage drink mix powder woolworths instant drinking chocolate
a8fd8d84f0676020de927e10bd3c529b,nestle milo; beverage drink mix powder nestle milo
0ad8518727223b89ae3b40edc7d64348,vitafresh orange mango; beverage drink mix powder vitafresh orange mango
5e572f49cd1a04555257d28997152dda,vitafresh passion fruit; beverage drink mix powder vitafresh passion fruit
b139c12ed124c45b955e7a854df92619,vitafresh jamaican lime; beverage drink mix powder vitafresh jamaican lime
4e49568ef6c7c18e9eab65ce6b7adce3,tang strawberry; beverage drink mix powder tang strawberry
635e6e967b39ed2edf4c52c86ad5da0f,tang orange; beverage drink mix powder tang orange
8c6b633c0129c28dcb0e0304ce4157d1,fiesta michelada mix; beverage drink mix powder fiesta michelada mix ml
ca2fc0c5f29a9cef84bfd0b51a8295f2,sunquick orange syrup; beverage drink mix powder sunquick orange syrup
772b12bdc7c2d65563a4789a73072e46,liquid death mountain water; beverage sparkling water liquid death mountain water
de1917713f2c0421320590219bd64ad4,lindauer sparkling grape; beverage sparkling water lindauer sparkling grape pink
cb5a957edb27de96649385a7750907be,bel normande sparkling red grape; beverage sparkling water bel normande sparkling red grape
5e7796be7b3d0f2f31cb7694d2c47b70,martinellis sparkling cider; beverage sparkling water martinellis sparkling cider
7ce1bab6d14acd0c64af9ce692f26aea,martinellis sparkling blush; beverage sparkling water martinellis sparkling blush
c21b05e7ea493ba0499e72c7a4092356,bundaberg lemon lime bitters; beverage sparkling water bundaberg lemon lime bitters
e03d4d1e4610c198df4d1bb2bf44d471,bundaberg tropical mango sparkling drink; beverage sparkling water bundaberg tropical mango sparkling drink
7f62682f68dd4d4443aa8cd77f3f7fe1,bundaberg peach sparkling drink; beverage sparkling water bundaberg peach sparkling drink
3f40c90d1858e1ce3f255ff1ca97856f,bundaberg guava sparkling drink; beverage sparkling water bundaberg guava sparkling drink
95a5551943bf50f0c9e8c59a3cd73649,powerade fruit punch; beverage energy drink powerade fruit punch
e83928c6159e9c227eafc48c8e7e30e3,monster energy ultra fantasy ruby red; beverage energy drink monster energy ultra fantasy ruby red ml
99f514705a75cc8468480fe781d3b773,gatorade thirst quencher lime cucumber; beverage energy drink gatorade thirst quencher lime cucumber ml
4c489c1f2a82ac6f68683127c5405fb2,original guarana energy drink; beverage energy drink original guarana energy drink
862fc85084199cf5a50d8192c6656734,monster energy zero ultra; beverage energy drink monster energy zero ultra ml
98d635beba17765db26336d548c6b3c3,powerade isotonic mountain blast; beverage energy drink powerade isotonic mountain blast
61b92190ad078b547f7150b836071f49,nestle carnation condensed; beverage milk nestle carnation condensed
6c1c88d334185900446b894d2ff63ff5,punjas sweetened condensed milk; beverage milk punjas sweetened condensed milk
a1a0aafb2422779339970e66cda9a1c6,woolworths sweetened condensed milk; beverage milk woolworths sweetened condensed milk
1716f617034fe831513fb1af1b128a21,anchor strawberry flavored drink; beverage milk anchor strawberry flavored drink
0fe266eb127f635fe76d20dd3cb6234c,anchor chocolate flavored drink; beverage milk anchor chocolate flavored drink
8ffa83bd4a1d5a7ffb8250da0504892e,macro organic soy milk; beverage milk macro organic soy milk
70a2d3a0c1d17ebc1c55be7bad4665dc,rewa instant full cream milk powder; beverage milk rewa instant full cream milk powder
d8f09224c148072c7d4f4507f21d6587,punjas milk powder instant full cream; beverage milk punjas milk powder instant full cream
6570f0a4ad6c5829928b45b4a6e1f874,anchor calciyum milk strawberry; beverage milk anchor calciyum milk strawberry ml
3eb1c375db81ff2aa3bfc35ca9a063bc,coca cola cherry; beverage soda coca cola cherry ml
9ad24c13f4feb4b7bda3fe2050742aa2,brown onions
35454809a8e6c77991f013c7fadb3c19,teouma valley farms butter lettuce minimum
1d15f30e1af0e8db15cf5c952bac6bd4,local tahitian limes
bb41653a4a03b2a99acb8ee1bfc48cba,tatua cooking cream
32132479d827f41ebe881490a80a9767,edam block cheese
4c30db7fc84f0a7b581f38edd241db59,spinach leaf ball
5f821f2aa7486e5a23ce8c031c6e77ca,chef world udon noodles
e3aefc67b0ee801cddc5850dcddb62dc,tasty grated cheese
282d659771d33d2b67006f508aa8782c,south pacific soap co conditioner
35fa4697b5e35b94e00a14f0b06ae466,south pacific soap co body wash
f29e29053c4960dd92ef5849ea2a0f86,colby grated cheese
456993d55209a60472835deb6bbf6e34,carrot
8383797c9f3f5c77f08369545ed019ce,frozen sb pumpkin
cf4d89ebce9059ac73f035467ece65b8,swiss cheese slices
9d88c9dcc8980cabe99933840a97ddaf,freyas rye bread
988cd76fd96ae41209b3c6badafdd668,cabbage red
9266fdfc4087ed647d302cdc5ae81866,local pak choy
ce0bdc0ce2a89a88f950a6f83b5b9639,gaston tablet milk
546a5ab8af5310fde5a074b198cb8b75,earth choice purpose spray clean
02fee25fd404f06be187ba0efe8d61f2,tlb whole champagne ham
959365a2ca72c7c3995b6714a565d528,jade dried mushrooms
26bbc61322c6d3b62edd53b35d215a91,giesser vegetable paring knife
7c419d6d591d01e6011743402cd11427,frozen yoghurt raspberry
6498074b4d8e9fbc896ec0e776545aed,sausage beef fresh
db6d9aedd66dd15d2b29e14911d31edf,continental beef booster
5856f7faeef769cab4e4dc33f31a8926,local raspberries
25de3348acfaf27b929a4c4ee77fa4f7,lf tagabe flavoured yoghurt
0a6e70697da308e8cd38753259c765d5,lemon meringue pie
a15d3d9a5c15ba510e469dbb81ca3f30,tlb half champagne ham
88f3b7bb8e94869b775df81702a58ac1,gk choc bite pineapple
b98268775e47b7e98136a5a86612fb83,sandhurst sundried tomato halves
c09c38a06e7cb2c954f4e1def8afa952,lamb leg
3bdc8bd08c006358d495719557bea04d,squid fish sauce
eb7027249c638593afa5f65808ce82b7,roasted seaweed
ad55099c203f89ce0e9aa6453f2459b8,saucy tomato sauce pcus
4cb93a5936aedc3b5dc8c3b40195a5b6,mozzarella grated cheese
376621a0974e8a84c24b736e22be9a9b,farm frites french fries
57b2eae0a1ef540344f3dd453eaeebaa,nature valley bar protein salt caramel
74bcf6c57a973d7d9a6d0bd6ab9fd083,samboy chips salt vinegar
8ecb765e0569104c9d0f42e615887f0c,repack farm nature star anise
7026a28943ba76d8049a915bbf9decc7,teouma valley farms rosemary
eedc82ddbf50559cff24de5a2cfd2286,goofy slab slices gluten free banoffee cakes
832498c7821d30516902de94e53ad28c,switi specialty ice cream coffee
e8c64964b17c1208b7d8b22ede8a7a57,heineken bottle malt lager
d43e4d20291803643719b955ef88bb02,lettuce romaine
8f8ee0562e08fd3110e0d788e25f47c8,sandhurst sweet spiced gherkins
5ae6e1103ba871b113b0d28a3584a95f,chang noodles long life
e525f6ab73197d8c0b21152b0d165aaa,cinnamon
e45e59a4359254daa88311b877d6933f,local green pepper
e803b776b0d438940aea806bf81b8843,sm vegetable samosa
0a2875385a0cea0a04a55612a0f7c172,heineken btl
129b828edd9fd4ad08ec56cf305e5677,french bakery plain bagel
f2270fddd75f6deb079e43f48eefe687,sm vegetable spring roll
b4a561784fd0cf0feae3a4c46397072a,farm frites seasoned wedges
bcd22370aac352e5033cdf7442d13c37,teouma valley farms thyme
ebddbf5463dd7eb15f5590808a32cd9a,teouma valley farms silverbeet
275b59d5a7d69f1ecfe6801a398981db,fish crumbed fillet sbw lemon
f167cc5a481824986df30d957dc5450e,luncheon
ca3f18c7d823663afc924cd57b25f059,tanna coffee expresso roast ground
0d235e2706ef8954b9131ac3b22ffc0d,wild chef black bean burger patties gf df vegan
0975b7496fb854919833958cf53a96af,frozen passionfruit pulp
7d19c8067660e08408cc749412d8ce1f,mississippi mud cake
ea37109c5bb0930d7769e0ae769482c3,ntov manioc frozen chips
44688e4f45ef3b0b61b310ed6af2481b,local banana
10dc9246101f09333f1c6d14211156ad,gilmour pineapple pizza cut syrup
b24f6e499f6a99f941b53bfdddc0c3e9,mushroom button
f169f5eafa057af0ce117d09029421c9,beef rump portions
51826cf8d39dfb60520d0a504ce24657,beef bone steak portions
f321f2ed4907e2413ef3bb2b834ee3bb,switi sorbet passion fruit flavor
eea8e5077c5b5ca6ca7878f30e6235e5,mazza double concentrate tomato paste
31d7e9ec8d9d7d1bc53d9b51ec5d6aab,biopak green craft stripe bio cups
47a7b6c62440765c58a49189292e3a14,comm co vinegar white wine
991d2bba4a079fd7e558d4e90d0e02b9,switi sorbet lemon flavor
9c7a16529f56eeb734bd5754db522c73,gilmours vanilla essence imitation
a0c4f05b16d5504171722817de5557c5,beef regular mince
8b058c6cfd34c5715992d064ccfc687f,chicken maryland
db03882acee8905ad46f0b2fded6b3bf,beef rump whole
f09e68811f853ad7fc85ff5e60cf348a,lkk oyster sauce
87cb2568b75888697c540cbeac0ccb70,mazza lasagne sheets
d2efe10e49b29602fe07f41ddc3cf6d9,parmesan cheese packet
f1a8b6c706ba8865b128242f8a6166e1,brinks chicken whole bird
0c857f6c7af3b1ad844bc747ee30baed,soyfresh milk soya natural
befd3118f256b48f1a49b10e663954f4,switi supreme ice cream chocolate flavor
9aabfbe36b348d3f49d766f4a4cfd14f,rana spinach ricotta tortellini
c731e2719ed6659ffdc0237bd1f9c404,breakfast sausage beef
dafcb6114091cf1785ab2d6782e1c044,burger patties
dc67e7d491264e670ec46f18da6676e0,beef cheeks
dd62cc51945bb98e391972e8aca6a36c,talleys seasoned potato wedges
f9f8937ecdfad110e4370d7bbb112b64,fresh garlic
4b11e1a6c14274119daf7b1946b15ad2,lamb rack cutlets
fbc4406d2ff1256e0b4f7a9f20ad700f,frozen falcon avocado halves
97849396408fb712a7a7a93f3b55df1a,knorr chicken booster
ec925936cf36f91b1563e68f9f201c42,freyas soy linseed
baa40138ecb0d9fcb909704c0a18c691,teouma valley farms dill
6211ae7886baafd0816fc838a5766d05,moo moo danish combi feta
608b678b4492db2e60aae374aaed2af3,talleys baby beans
37e6e9c7a41f2efe23d9377fab83538d,vogels seed bread
df0b4f97d011f74928bf6ac2dcfe6bde,teouma valley farms flat leaf parsley
63041a8fa40c5a6f739d34c1d98e4f51,quilton toilet tissue unscented
551e83aff8981dd98ce0525eeae4acea,brinks chicken thigh
0b18f2f69154769dd84d353e319aab0c,cafe de sol drinking chocolate
661d583c2552f2d5fbf8c39229306417,apple
13fe2b299b764d8173e8f456e9f9745e,mommas pesto chicken pizza
fb0f763379b0d8b0f5759c34d48767ac,teouma valley farms iceburg romaine lettuce
eb13bfe01082ef048f26795ea14226bc,beef diced stew
708b79edcef469bf74c6cf3923374869,tatua creme fraiche
15574c3e014b6b2d2c5d1ca583a4da43,broccoli
bcb91624a9ba7f614834bfe44a01cb86,farm frites hashbrown triangles
16ad44cb170acec9c9bcfc7b26d97cf8,farm nature quick cook oats
95dd8e2e2a0145e5a70e20bac1303de0,pork spare ribs
f4b0e9b9389ba35126079d5feb61bde7,vogels soy linseed
7aa9ac6be58cbddc9438403d4aa70d66,atlantic salmon cold smoked slices
7197ace9a02e53d4dffdb9748a14cffc,lemon
614f6be4bbed2519b533da2485a1ef67,half shell mussels
9f2445b5f9ac327f77368154e08e6f21,mandarins
b8643f3d572cf240e365c89494b4aed7,red onion
530dfeaeaeb388595397089726918d80,rana basil pine nut pesto tortellini
ead087de1c77e9361707b8682825bfed,south pacific soap co body balm
154f9c49bf339f1f9deff312b4915829,container hinged plastic pet salad per sleeve
41dfef986156d88ab9fea756a523bf80,biopak wooden biocutlery knife
d3f7a91775d611a18e5ee9389d484521,biopak wooden biocutlery fork
88a0802a16d3b573976caf9c7036d3f1,biopak bioboard lunch
755e36ffc461aa4a47712a57a7520166,biopak bionapkins
84d1ae3259e2b6ffcd56e35af43c366c,biopak art series bio cups
6a879855394c27860b848d92ed05de2a,biopak clear containers
6ddca16e0be2358084abc4fc581ccf21,whitestone fuschia creek feta
6e7cef66dcfd290ffb7cfd3d60374601,cafe style raw sugar sticks
37f0a0ddd35241c49670b142c9327cbe,toast portioned raspberry jam
155ec1008c9b94c9f4cc2b2b280960f0,gaston tablet dark candied orange
b18d61a1b50b1ee4da0da8d472aba8a3,eco store ultra conc laundry liquid geranium orange
250efade246e534b12c4b7a76a4f8736,pams clingwrap refill
a8d0cf205f1a6f56a943326a4083f84b,biopak wooden knife
fe66df796d4e3b5d745fcb29c5f837b0,biopak wooden spoon
1a5b743590ab9685b7fcac931082626b,local fresh ginger
bba0f7026413903f2f35575f539c9668,teouma valley farms mint
423b8dc7713ca40753c17870bf74d653,beef lean mince
da2fd6d2ba8e236be6cd6ed034c38f5c,supreme leg ham
24d8c7cf995d6e51d4425009c1234f4f,colby cheese slices
c35bc860679e4220d23922cc47d298f7,export gold classic lagger
b9485ab4e4682cfec406ff1aeb04a031,beef round steak
ea2f465ea7d744b31805fd478fb39cbe,tatua whipped cream
2f04fb1a4bf9f10b5d846bbf3cfe9e4f,knotted bamboo cocktail picks
da0b61e63caa4792edc2a15064163ef3,farm nature jumbo oats
7d558473550db53cf4e186294e7a7213,dads pies steak cheese pies
343c021ea6db178cb2c4c9653fd8488e,aust full cream milk
72110deb99e19b586b8e77f80f3adc81,sm squid tubes
0f6128f79c6dc88adde94be7911d2005,sm dusted fish bites
7fc458d99ea179006010efc1e0c1e49e,orange
41635edcc5788f7ae4d522b321eca925,cocoa farm dark compound
e35a95d660667d35e6052568faaa0362,frozen asparagus spears
52792afbf4ff14673d907c8d24986078,beetroot red
c593bbddc3fe376413dee20c98f40560,farm nature natural whole almonds
604b8c9ce8893b46ae08448558c0142c,frozen broccoli florets
13b9c550ea39e124142f05e0d9ce151b,local streaky bacon
30e89aca36c5df64a18dff036f25d9d0,eclipse salted butter
13d1ce8710b207b4e6719b0e53b9b175,sb seafood marinara mix
4db386519f3b815fb32a2cc5964a25fb,tatua whipping cream
4156acd9ebbd32deaba6acd598a6f02c,talleys corn kernels
b43a505874c59e29909386731039c0c3,grated caterers cheese packet
6f1931a9cafe193d7d9a094cd9c88576,farm nature walnuts halves
dd479729e6da1087be49502327db546c,wrapped toothpicks
b65c1295d7c7c1f7f4d83c8e8f886f1d,riviana red wine vinegar
6a2f6c8058c836c59c2d2f6f417615f4,south pacific soap co shampoo
c433f82f6d4193445a26c0733ba0996d,cottee ice magic honeycomb
05f03bcde4776ffdffd5fc99972e4649,ism salt portions ctn
27ef90b22c44398ecc5359454f1138a0,schick quattro women disposable sensitive skin
84e7156d5e8a46827e76717906e7d244,much moore premium ice cream chocolate cookies fudge
0088eff33bafa333344689afe789db61,much moore premium ice cream boysenberry stracciatella
e35999185ab05e8171c0c104befbd41e,ks tomato sauce
6feacdc07fac5c0cb48362fe296f4918,french bakery garlic bread foil wrapped
8c4f66193f850e2d1551233934eda821,rana porcini mushroom ravioli
2c3315af0abce40333f6fecc2e376ab9,beef scotch fillet portions
5c4221bc3fef1449d12769df4860f654,fat pigs streaky bacon
3a10c866b30d0b29a2e5048670369f5c,canola oil
f8d03fe855b28ada9236f237e52ac491,tlb snoopee pet food
386af79cea8823ffca740fa62e4914bf,mueloliva pomace olive oil
6fed22a2e163716665a1b1ef00050256,farm nature premium sunflower seeds
9e7abc93261ed4f330b2c1764ed3fb2a,blueberries
b03d563affc10e5a4438ee2f81036ae3,taverna halloumi
f3e08f9aeca2aacad7bd9b3340676934,abc sweet soy sauce kecap manis
69ef7d0624740c3d0b5ec6f0af805073,tatua cream cheese mascarpone
f3a2416e5069f32466dccf3971445458,whitestone highland blue cheese
257319c0a71af8570e401699852ef1e9,shallot
fa42ec3c82da60432cb8dffec1320f04,much moore premium ice cream salted caramel seduction
4de965f64872140484d8615fb8e7540c,sm crumbed squid rings
d90683fb689a2128e2f3033c1983504b,local cucumber
852894a4021c0c3aea0e8d260ff18329,fish crumbed fillet sbw
937ade765839d44eb3162731f8e0ee1a,little chef spring roll pastry
59d9e9c524af4bf90898eb1362e6bf26,sm surimi crabstick
782258bf5e784eefbaf9e340774879c7,diced ham
c5c62c3d7f7b32d69958b733bd508b32,tatua sour cream
0b5d39df6ce98652f82913e3b8157bd2,poultry chicken breast kiev
d3fd18c3aea48702cea74be2cccc40c2,farm nature blanched peanuts
fd1f9ff333d1831e6a79b0b6f245235e,farm nature pumpkin kernels
78ef82a492435a996b54e402c3fef0a1,mollenberg original toast
7f12d20aebdedfd06d4e434dc4ae2ecf,local standard tomatoes
90fd97b90e2c0a5221c8be1c3f79c58d,cascade sparkling water
b9bb39311482a9186b4b35ffafcd94e7,farm nature brown rice
b97862a9e9d751a4435af9d0e4df1da3,colgate toothpaste sensitive enamel pro relief
4edcf62cb83fb32512224d6c61b9874c,simple daily cleanser purifying facial wash
7124621fca53ff0745f7c881040e800d,schick hydro sense razor
c24fbd4aaa73c830650fb91c398e63e3,earth choice laundry liquid concentrate top
c3add8e5078439e9e8bc402b65eead74,community co ultra thin pads overnight
a69d27c578b2765ca846059e312597a2,porters earl grey tea
e8ddd52352bff8f351085e2630002e2e,beef blade whole
da68f9f3a2af846f5b852dbeb7bff0a8,frozen sb mushroom sliced button
82ced8a608d3bca433fc8f95500a681b,pork belly bone skin
c642e5323532aae7bb1289c5a1aefc42,farm nature bircher muesli
3a5ffa0299f655ef8a965264fe967083,farm nature baking soda
3309aa32be75b8c8a1447d7c70782abe,beef eye fillet
0041ba4f0d67c560f05ec33c2e3c583b,apple red
26c060107ab5bad5a193eb3ad30c5d9c,southern style battered fish fillets
7775d6874d340eaeb5b184382fb50d13,crumpets
5bbca098cf1be660261db4e79c04905e,cocoa farm cocoa powder
a4657270e9f2acfb8afba7edf8950d27,talleys corn cobs
32f772dad87816567ad10b11ab17b919,farm nature maize cornflour
58d36131f4700ef5b8e43cffb640eaae,rana four cheese ravioli
509ec377a34850d72aafb476dfc81d3b,cauliflower
aa36d8db2c93d5d27ab34dc2943b555c,tlb pepperoni
7b9adfc5ca88d7263a5e12543330e444,frozen mixed berries
2910f4dc224cf97e3814898127e8134e,farm nature raw sugar
c2a140a8aa6ead9c45e7125751047956,mommas meatlovers pizza
2c3808c20bc8bbc1616b86e3fa938c97,farm nature white quinoa
17825c1a101f233d3ee52f0fe0ba4812,colby block cheese
2f346c11455cb68b260b63704f60792e,dads pies mince cheese pies
c6d556487ca5242abc6caf3ec62d59e4,goofy slabs chocolate cake
a61bdd8bf3284c18c393743a58b7c20f,much moore premium ice cream awesome foursome family classic
60a134358c8f68c1f472e46639d16768,aust barista almond milk
635c5f09e4ee70b59e10240afd066633,delsey toilet tissue
367358fdb2e7b002eab0bce1963d7c18,feather flake pastry roll
58cf6289692e68e6838f92460686e023,beef diced lean
4c0ab3e759930ddaeae6a0e5cbdd9b00,farm nature castor sugar
f6c7279dc251bd77f9b0f8b6122c3451,goma wakame seaweed salad
90a4ff97cef2567f15bf878eeec586fb,frozen talley mixed vegetables
ee4410ad245209fd5cf045353af8125f,qp japanese mayonnaise
d6727b76d6d89c5c7c717be235dc4135,champagne ham
15056086867119676f1d69625d7eafe5,waxworks candle citronella bucket
f5e35741265f2c11e1d30b0b5e9f2e69,atlantic salmon fillet ctn
b6fe55d14022d99d048262b1a992ff8f,osso bucco
0b443992105b3cdb64e93e32e00cdec7,switi ice cream strawberry flavor
979c5bbcb687fbe5da1120ff10f64bbb,tlb boneless leg ham
8c172acf9985c8c4b89d05ffc76d11dd,venison nz back strap
0b4cba19c59b448812d99210e228b167,frozen sb cauliflower
fbba4e925b012e511883918d0b999a76,fish barramundi fillets
413e7ecda2bc3353fa7114834a9395a8,beef short spare ribs
08a5971f4d2c359a3942c982b8254ba0,southern pride prawn meat
42fe7e2f8159563688b086b219eb33ef,farm nature sultanas raisins
9a83d5014a761110f1021153e957c984,local eggplant
1d43d71e9a76c73fb9579fd25d98c21e,yamasa dark soy sauce
69cd13c57282b7b8fb9e671e13e462e3,danish blue cheese
d25357c6699ee49f054e512fa8bcf677,goofy slabs carrot cake
afee1d9b644bf19ae1df6c315e9b050d,beef eye fillet whole
91949058e69a9a694f150e6e99d28865,golden cockerel chicken wings grade
84107e94aa272e92b5f152c0d20dc4a2,cabbage green
415b4d2f33bad9b5dec5bc38ae7eaa2f,new zealand grade eggs
af46af0c1faf648deaeba3da75b719ef,whitestone creamy havarti cheese
cd672914eb5c7c25f72e56f3754afa0d,mazza whole peeled tomatoes
5ce7f5f94222bf5407c6b2360a22799c,vanuatu water
4124854eec4eb37ae2056e49012bcf39,farm nature white panko breadcrumbs
011378a8aaf4aef1e21aba1f3d25c61f,farm nature sesame seeds
9c6a223c7ce0989296305ffbc39ce190,mazza penne rigate
988a9ad9bfb50e4dadd9a01b911f7041,ks bbq sauce
e2a01871986eb2cbec61b0c67c36202a,farm nature sea salt
d324c23d4352a0234350a3ca43f3ffd6,emborg french goat cheese natural
c069f833b8bb6b0eef13c8bf286c4929,mission flour tortilla
91bb7cbf48fb70bd16c25ae65a595aff,ks mayonnaise
318e987770f9ca1ee94d74f842848ae7,pear green
8cd5322ba45d54a8ec7c68adb0755aad,mae ploy red curry paste
40f06d81e6406f875e0a60a671c2fc2d,sm baby octopus
baaaad9d9adf9542bafa02d77985e7c6,farm nature cashew
2e3403eca39a8afed0b49847d2bd08ad,beef stir fry
f3b5c616626d0a13c179cc082aad1f84,much moore marvels groovy gumdrops
d7b7729d25a098060a7af79f48e482b6,much moore marvels hokey pokey
654bd93956fce7df939262bd0a971879,much moore dinner mint
fa986ac4bfb32ac7dbeedbf1fdfcb09b,coconut chips flakes
d23e1948366803018fb4b80cb5d5253b,farm nature coarse bulghur wheat
50702136c2e501de55f9dbda8d774c11,schick hydro sensitive shave gel moisturizer
efd6338d7032557c1deed8c8ecc06274,veal bone
70d781df53ea8cb28cedd03c9277108b,gilmours natural corn chips
2793db012b1d525248ab146b1096b02e,colonial diced ham
47b8499089489b0b3d6df1e8b48644ef,lamb bone shoulder chops
cbc5a22101dfef6783a7b60298a6088a,yeo pure sesame oil
47f9a76e4caed40489f44e6b893e9124,teouma valley farms garlic chives
90589ac68021ae3b9e4193e7c68e50d4,food snob bulgarian feta goat
114a21e637f6e6d74f6b51ac016aa0fb,emborg danablue
524a687bc38fd43f60e32b8351c868ea,beef roast
bf67ab722bf4e27d50c985e03cc3eafa,middle eye bacon smoked
cfb5ec16b57ac1e58fb17091b2dfd390,natural yoghurt la ferme de tagabe
6feac85d27e25c2c480d0f1b49ef4df8,mae ploy green curry paste
af44eeb252fe031469f7f978999be3ed,pork shoulder boneless skinless
e8fa603936a6129634c7470b106b9948,raspberries
9d8d1dfdf7f36db90aa62f79b484aad5,celery
f43ede2be22205eb2f9ce98431d9acb0,mazza potatoes gnocchi
8244abe7352ebafd06d04a497c128ed7,local pumpkin
12b6edc276d266bb5ef382d3ad0e3333,devondale full cream uht milk
d9fa04b20ca0c0681aa6bcea32352590,chefs world jasmine rice
4e90823527a2e10fb2f3c769b33b2b15,ox tail
eef7efb8add0b46bd5ad2a232abcd7a8,farm nature brown sugar
d07da43c060e1cab0175b3319e828e47,mazza classic tomato sauce
b2e0d61f4a4a06e17b2284792d7623ba,raw prawn cutlets
dcdda4a0fa0bc5902772458a5f555162,farm nature blanched almonds
7df8a72434ed7c8e2f9094e1d520376a,frozen sb mushroom sliced shiitake
61d231fc2a87726fb8320d199b84d607,tanna coffee roast ground
fa694ba2780a19db695835e530d83701,honey toasted muesli
2f28ac71e5d1171f359bd16030ce7d0f,goofy slabs banana cake
b8381b97ded945e99fe4cff16f552067,beef scotch fillet entrecote whole
4725464704d5d5b71ec71a4c4c8ea1f5,community co tampon super
b7313eef5e319cd862c5e0211d74ee04,supreme milkshake thickener powder
02dd886de5093d326c11f13cfc75f45d,san remo fettucine pasta
7694f2fee21a7ffc8c86398ff8e1da3e,farm nature cumin
0097d510fe0eb0f5c34b6dc4478faee0,gilmours milkshake syrup strawberry
4914b14e4b0ba2a2f8b9e25bf4be9cb6,mazza pomace olive oil
85c4ea0f06b27331987c8f372d94c17c,gilmours crushed garlic oil
cbf9afa02b93d4c1435f8fb1a5afc5ce,farm nature natural whole hazelnuts
a3cc1ff617fbed901235a230dd84e04c,valcom rice paper
2764811e66d8db5afe8f937af244772a,sandhurst maraschino cherries
f839c3d70896f31c5df4fdaca90496b1,teouma valley farms curley parsley
44ca08bd65767070f0b2a0c65878a87c,farm nature milk powder skim
cbcc4ce6008fcbd60a38b7e1f02395b7,sm fish ball
bfab04e5fa0b85c31ccb2151ab2facb4,community co ultra thin pads super
81eebb668669f65d73c25813b65e7c5a,white bao bun ctn
3f5c177096bec2da456e0d6f8fccf1e8,simple refreshing facial wash gel
ff102d208f9b0cf991ae80e2c55fa451,riviana black bean sauce
c6c17999b93580846c6c2995d42ae3af,multix aluminum foil
d9ffb04108670132e7e59f1554609c99,tlb sliced pastrami
9653c0d7132aead88e59cac64e2bd4e5,fanta pineapple
169a6e9e10f7ace90883e84cce48367b,gilmour couscous
6daa1a456ebd72290b47befe276858bf,gilmour coconut
52b6b48243bbb95ff3ac624756c3eb3f,community co tampon regular
9662198546b5600e7e6210e704910a94,mini pavlovas
a6ddb83eddcfe64e5720ca9464ba1f14,kraft vegemite portions
4f4a7eec114910c9de454b6d8d97aa2f,kellogg coco pops
fab227bc82438c36426d2a003133f610,farm nature celery salt
a294b1bd33ca64a19dae3cd330b7f275,farm nature garlic salt
da88fc47fca306f2c3e83a3d1fb442ca,south pacific soap co pleatwrapped soap
8a7a464c00eee5df988b2dbbb0e35f90,yolo beetroot sliced
4e395937a031c711e52440f236a7088b,farm nature macadamia
c36a07eac28ce470facb91e92b7f0adf,eco store citrus fabric softener
f21ce66aa990c4a10d95a93d5301bf6f,beef skirt steak
f7dfe1b0d43d84ba0d2dfb0702076dda,biopak wooden spoon sale
ab8403cbbd51a9db81b90466e52c9281,south pacific soap co body soap
e3f0c11385feeed717bb245e473e0b2d,eco store lemongrass hand wash bulk
25ceb5a84731457da1b91c4877aad250,farm nature flakey salt
a68cd67bff8dc0f11e98d714aae6ba99,farm nature new york cut black pepper
a93461f7867ff47579839e1530120d7d,farm nature oregano
7a842144e19cfddc2c983355cca5d721,knorr beef booster
91d0332ac08738231382afb75661f3f7,sm scallop roe
fe3cc96cd613a4b9e739c7c554a00b25,cottee ice magic choc mint
2484fbd2f271c6a3d3dfac5bfbf4ad8a,community co body wash coconut honey
b7bb9eabc1c58535eb0da53db5d7110c,continental gravy rich brown gf
59bfbb4ba17e17546d739b8aedba3a21,islands agricole rum vintage abv
3a0115a6f33c92a6c76892a4f49f365e,food snob creamy blue cheese
6658ea79b53facdf1167deedde5f3b6e,culley louisana habanero chilli sauce
36e4765d84eee32fbe7f734a14d59686,pams cling wrap refill
de103ec8ce8037488a2c3ad5afb6a0c9,supawrap premium clingwrap
c18a875d3c4b7840249522ce81ce2c73,tanna coffee dark roasted ground
bbefca78811d99e08ac07134a9ff860d,teouma valley farms red chilli
07f0d27311fdddee381470ad07f5b24e,tegel tenderbasted turkey
bdf4b1f4c9f7f7eedf4bc912df04e0bb,bakels improver
63fce4a85d5aef9d9e9c39d49ae457d0,plum pudding muffins
9dc521045ebe680f1a3f5e21e7c00d6d,gilmours self raising flour
a98f0ef38c7aec07e4871b02c24feffa,golden cockerel chicken breast chunks bulk
aaa89b49a3cea4c854d9ec5e1fc12585,gilmours caramel dessert topping
bdc88a3036c57eddc85cb12f7682576b,dilmah pure green tea
fe4e2f0902f9e86a28463f045aa87935,queen professional natural orange extract
3bf1db4fe11e21061977a508252b94c2,sani safe knife net sheath
7b83b21c518300c6f5d5b9942b65c091,steel dmd med fine round white
b76e64f843e818a0e8178a282978986e,tempus slaughter knife
307e7b67a7578a1517c7fba075f07519,tempus boner knife wide blade
498c5bb200009327f31a0d81e142fa6d,tempus filleting knife skinny
148a2be3a706f4d56251c8933bd36359,giesser boner knife curved safegrip black
9b01ef4388f567b037593cada19916f9,giesser bread knife universal black
0d94b8b108bbf43f08d94873275d30ef,giesser tomato wavy edge knife
055e4bfa5391652d7d7418da067a8150,giesser kitchen knife black
eaa901e45b4a6e9208c878e061036cca,dilmah premium ceylon tea enveloped
74698d5112b5877e971903c57f66ce95,pork middle boneless rind
5c9201e5506b3d419d321fff1c2569d3,bakers flour
cbf0c59597125ae281f65c859a6150b1,gilmours worcester sauce
807bd3f7bb967d4106d84ff0d3ea555b,mazza tomato puree bottle
86a77d9b4e6cb66650b620ce0ded809f,gilmours peach slices
1afebe63092ecfe111869effc95ce129,wild chef corn patties mini gf df vegan
84be72ee5ab36191c9b3837b3211d218,wild chef falafel mini gf df vegan
10cdd2f5906107e253495aa12e1f7d74,antica napoli red kidney beans
56018774a2b6afdbd1bdc1ec62e97eb0,gilmours extra olive virgin oil
54cb3e709a9b46a5b1ecb08ed66295db,cafe de sol pcu creamer sachets
86e7f50178137b1335ac4c98a6780f8d,mazza extra virgin olive oil bottle
68a449c7d82165d89dcb1ea46dc8b33d,gilmours sugar sachets
18c7379df7de0f8ffca5fdc6bda46a14,ism raw sugar sticks
ce354bcdc189760d518a02c55926a470,switi supreme ice cream cappuccino flavor
2f51b7c49d1d955167a0b4185931ed3d,dark choc couverture slab
289ad4b425d7d9676774fecfc39d941a,coca cola zero sugar
2d6c0545b96ef462341e063f24f32d14,beef nz wagyu striploin
a65f8719bd57055ed7bc3275e171cfd8,fresh coriander leaves
1328461c8e7621e07ed5603f7f1641bd,gilmours white vinegar
d6cfb8f699e4f46027ae9f04a2bfc369,culley chipotle mexican chilli sauce
6baf2e995e1820d6923f991a697c35a3,tlb bbq rib plate whole
ba018b113319c8074960b4957170e788,fanta orange
67bbc1d456f51f3ace6a02298f84c8ba,food snob bell pepper cream cheese
20747dedb47b538e39401935901bde4b,farm nature fennel seeds
bc9ada2aa4a72b6d7bb83a6082e639a4,vogels white bread
f14cf1be33370f2c401a86d25ef65f0d,gift voucher vt vat inclusive
f1f6b22579cfc594d5934d3dc781ebbb,gusto capers vinegar
e4c4032bea7b9c6fac22e40340a6e4d0,kangaroo rump frozen
8a445dc9fdd3b1d24d03463e962e5e43,toast portioned apricot jam
1d0ee7e0c026c08060d14d8dab849f3d,saffron
66770f5a0c66fdd526ca582edfd2bfe8,sm seafood mix ball
e52ba21666b05cb6e83ebcf30b0b4f1a,gilmours tapioca pearls
c4613d5e93a3e85d479f9e2ab274a0d9,white compound
a9799031aec7d5f1e8fa4a60ea6fcdb9,bone beef ribeye
af0ccacd21b4cf29da10a19a5786fcea,farm nature allspice mixed spice
bbd78c293c857a3d1169df72faf56a12,farm nature five spice ground
833d72a38b4a1a5c15cc29427a6a5859,farm nature hot chilli powder
82022c626be5552d6134e3c54ca3cd50,champion flour wholemeal
d9eee31fc074a5a047e75a5e0ffeb6d0,mazza balsamic vinegar marasca bottle
1df47718cf9737ff72a081a208deb939,mazza breadsticks torinesi
3ea3df0b7a353f791841063cff41d3f3,mazza capers vinegar
7a4c79274cdaac11dca3cad4f54573db,mazza confit semi dried cherry tomatoes
3237d67e58cbe02aed36c4dbf0bcc292,riviana fruit salad juice
6189e769a9f43d5ad4447144abb07729,mazza crushed tomato
574a11c4707d30165f1819dee4a31695,guanciale
41ac4533442ce31e3059d8de20e62de3,provolone piccante
a62a9adca6e1daa6b2add357853e8c31,mazza double concentrated tomato paste
0c18426903b80af1548a6a8e0fbbf215,mazza funghi porcini trifolati gran cuoco
376a773bc5ec59b3df12cae88553cda1,mazza green pitted jumbo olives
45f20dea4d9d143229ac7e56a1db6ecb,mazza grilled zucchini
4c42e1b3a023ff39f704c8cb50e813c7,mazza maggiorana liof barattolo da
d354be0485bce7a153aa20e5a081285b,switi ice cream vanilla flavor
8a962cf3bcb1e30fa20aa5f63592dd43,mazza peperoni lombardi
4367092152805e2c948f009740924477,mazza siciliana tomato sauce
ef21e796dbcd4c2f2e8be8f4d56e756b,mazza tomato puree
ef824a92d8f78b0cd958c2f0446ecc49,earth choice laundry liquid
fad46c59716201caeefaf96ccf9bc7a2,tlb half leg ham bone
31343b1d3fd7ebc7395f39e0b547b2cf,lamb neck bone
d9bd92fa4735090b4c0debf0cd18e798,beef topside steak
b69f277b4bc276fce26beea5ab1a7c1e,french bakery gourmet brioche burger bun
5f88e0137bf97f69b33cbdd7b5264160,mazza fettucine
50805fa65daad39731041961ed2a6a71,mazza tuna sunflower oil chiara tris
ebfa4b1f055156043da5688063a3feb9,san remo lasagne sheet pasta
425d05660eb074d526618fe0e5f7ac0a,mazza white truffle evo bottle
737a81c0f664641519e8ebde7cb9f961,farm nature black peppercorns
d4f50199f88d1d3f2b05b3434dd9737c,farm nature smoked paprika
537bce5e46e94af78fda1ff87fb9275b,duck whole bird
0651c5f5418275387aa29672488a35ec,farm nature paprika
d2f862633fe1d50b0c23e7d3aa2b2d51,sandhurst artichoke hearts cut quartered marinated
f6f97e040d061aed8e109871f546c7d4,much moore marvels wildberry ambrosia
ab40c8d310192dda9651c28b59106fbc,fruzio blackberries
e129f330ecc9375e01292296f9ca2d2b,gilmours apricots dessert
4c599a825b50e588e99ec8dbc0291e62,eco store body shine shampoo
878bfd0be5ed41d315041a4197d4d0c6,farm nature arborio rice
f9775a8d4e238350d991f9fe6ea1300c,ntov island taro frozen chips
256f89b9962f0bc4730d61a821b85a99,besos margarita ligera
c1bc0ba878e55dc43fe0624becc0ed73,farm nature mild curry powder
2be0ea77584f431ed74598ef266636ee,mazza gherkins vinegar
a2e45ab993f6f92ac7a04bff3f5a10d4,mazza cappuccino cream
be73bc86ff766edbd95a379172288c58,mazza lemon cream
f449713da11a3d79222eb616c409f68e,buckwheat flour
af5f0267225463c2324a010f5d1e6cac,besos margarita classica
1f24b1c9c3d495295d3a89dcd4ecb4c2,wild chef gratin gf per
b4c51582ba6b28756a72281b1133690a,mazza pitted black olives
cb95f160a2de7c2482ae1e865bce45ad,farm nature cumin seed
8615e6df9a5657415830cef6a7b28e6e,sandhurst baby cucumber cornichons
db33f244cc0c9080eb51008aec7ea6e4,mars bar
a1026b3c54cc2cb1623516f0a1cc6f76,vodka cruiser blueberry
1eeeb7739793293c3a567373b9df6152,vodka cruiser cool lime
eba8746b31aa4d0a27039bd5f611ab74,vodka cruiser raspberry
6585a4fa81b5b22d1289678c1589a0d3,biopak kraft green stripe biocup
d6522b3eb25ced5aed7d0b84b78070aa,clown cone ice cream
79a08c0d005dee5d4567e98c116480a2,cornetto vanilla ice cream
401c38f4046be93fb92c02f92774399c,eskimo chocolate ice cream
dbae13c9aa200711fb0f6fa709e00a95,mae ploy yellow curry paste
029e0164d4c5616b7a72afeef87ea77d,eskimo vanilla ice cream
53560a1c6f89ff93ebd6cce469f54046,eskimo strawberry ice cream
3624b26af6dda9a83fe14666aaffb2ae,inghams whole chicken
28e316643747f4aaa82b1f334fb379d0,grove cranberry juice chilled
4a1b60cad53ddbb212c29ec8150f4539,apple green
879373b22e9a3292a409c82f5ff3853d,cocoa farm drinking chocolate
fd30084f8b3c3df737bedf93bb259c05,culley smoked hickory chilli sauce
1c4c5c165947ae302fdeebd7e4d35b98,tanna coffee roast beans
9817addff5a30824928034ecb82dffdd,switi ice cream neapolitan flavor
d865cf06c17cfe80d0c419e26afb3777,sandhurst sliced spanish black olives
fdf4261e216c8ae4581abcd017683065,vogels gluten free white burger bun
c3b3d1a60932b1343145bf68d3e532d4,vogels gluten free burger bun
6d96f0c0ecb5a7396bb253f52ed9d36c,chicken
17c6694b39af21440bc3a6d2bf8b68bd,duck legs
3adfb09aa0c1f9c90add8f8709c33a3f,local watermelon
ec784f210c98ecaf94a7d4e98fb73da4,wood stock
9a2078868197f2fac6246baf003b4b5a,antica napoli cannellini beans
4629706e55a2b8b1d4faa8f1c6c341b1,maasdam emmental sell whole cheese
54af9297e252af74a8758766560870ff,farm nature pitted prunes
1985393c4f0c7aa0473d40d2fd3f174e,lamb leg chump bone
8c90b2b9af5481b3cf26b76d40009301,pork belly boneless skinless
51c2d3015cb57cf597d97c83a98e0dfe,local pineapple
be2bfbb1a6f676f2cc94c9dfa7015832,much moore ice cream passionfruit white chocolate
1b47994adfa16058d1361640ba9387de,dmd beef spice mix
bde04cf6d9a359e19f43992d477537c7,sandhurst whole red peppers
191952fe8ea759e2c31a2c442b9da1c7,veal round
f587eccb1835893220fdcc8b7d087546,barker cranberry sauce
5f4a43d82e67544b77e88ad1febdbe6a,sugar icing
090a3734f9f96459316496e17173a961,san remo penne rigati pasta
0ef6db5a1effd85718d5f85098629d56,sandhurst black beans
08c08c64f042a6943c5b6354a4bd950e,aquaponics mint
dcb7e85c6a8de286604b2595a984bcbf,easywrap
b2b4baa6521c5f93f4190df5a39f6bee,allens peaches cream
0f797bfab87e29789ee5fb2f2428118c,allens spearmint leaves
77e0c398cee0c49d64135fa640103e50,anticol regular
da734c615a9e8429786331bb8789f1f3,cad choc caramilk
5177500024fc51534137eb977b755bce,cad choc dream
5b3a3409b2cdfa57893f0154acc5d74e,cad choc picnic med
fefd83f00056a00658c7e949cdc1981d,nestle kit kat chunky chocolate
5383ad2546412602c5fabc99a544e820,pickled ginger
4a1380af4beb5519d2660802c80cca36,wild chef kumara rosti
10a3111de3ce53b702cbf03ab5c15381,coca cola
2dd62da33fc3916345a0e1d244aa3335,local zuchinni
d6b5b3a24b49d26003aae58b2e273fb0,tatua culinary whipping cream
37e4c4c090d75ebc7daec2d8101e35ce,pams extra virgin oil
9bf20a1b399d66321c1aac74fcc67e7b,sealord hoki nz fish fillets skin ctn
2ffab136289d85585d1005ac3f6f8126,lf tagabe grec yoghurt
410acc3ef9020722db3f6bc3b3f3684e,gilmours vanilla milkshake syrup
d4f5773595d280bb250f8ee69796d52e,beef kebabs plain
f58f0a88bd129f2a7b80267eeae5608e,pork diced
257e5481df1a51e0fc7c339f850041f8,lamb shoulder boneless
c4757c6890982438e2dbf1d071d1f2d4,slider roll
5b8a17594d018f19ccc4d8656997f36e,pork loin chops
e925ce4ca0faa25079933fb7654ce0be,sundown gin tonic lemon btl
f50af49593ad3ea70e52e4e95bace318,brinks economy chicken drumsticks
28dfdf15dad2f304975f7b0d442693a9,frozen talley baby peas
24f5056e3ff0b96d5423e455928ca352,comm co salt grinder pink
d505e789f06d7ae1acd6f707951aa1f2,aelan chocolate bar malekula
b9b12bbfb0c12decc19c846f3c0827b2,aelan chocolate bar malo
1a09b572096813b55e9c45ed56e83049,aelan chocolate coconut
3ca851fccbc60e9b7f261adc6273f11b,aelan chocolate roasted nangai
466439f1eeb5a574c1de358f761b60c3,aelan chocolate coffee
1cdac1d378b73bce41f3d63611f1505a,rana burrata arrabbiata ravioli
36f5a222fda9eafcdddf66c5e16048f2,comm co jam apricot
4eded2ca400293fe02046b734da48262,beef chuck roll whole
518e7382a4ac6662120fc4bdc3a5528f,cooked ham bone
23c08ccc26ce5620a49fe241e8e92897,veal stew
4ce214e75815aa5bffabd02ec10ab294,whitestone chefs brie
80da79b8f6aa8f1321245193534b4d9d,pams flour pure plain
59f74bbc537c3d70129fb2b050e90f1b,banana chips
fa5f445d23bb6612ce4ce2497d62e966,mazza kalamata pitted olives
d9e39e6a74a8c5b3ff188691af5f4f74,devondale uht extra light milk
f430e5b65e0cbc17e78406c28a36b78a,mp sweet chilli sauce
02b79a1fb1d38f290a07ae3192de2979,farm nature ground black pepper
05fbc0b8de19902f6d8bd1bacaa8de54,supafoil catering foil
1608bbefc7c7c84484556a2083638cf7,tanna coffee expresso roast beans
3e69f7b00069de2a3e2ad7355d0c612a,nestle milo
15a6b95a1cfd2574e0c4cb666962942d,tegel chicken grade wings
5371ca26f47a7e93e4ee32efe29afdf9,sm salt pepper squid
ced4eee1c2596ddbd390fce6088b4221,french bakery focaccia loaf
50329ca07f9f07cd8ba52028cfd63e12,huntley palmers original water crackers
d0a1b963fde94249c3c12e519849cfcd,mazza spaghetti
372775ad211738a93672019d77cd984d,mazza tuna olive oil chiara tris
2b5a7842511fdbed8f68c92713033122,grove pineapple juice chilled
f63dfed9caa066a7bfe22e9acb52a95c,whitestone cheese platter
a8aeec586f83d20bd065eacc3be8a83e,sealord hoki nz fish fillets skin
be7d0e340b50739b1777d91ccdaa8995,pams uht milk standard
2705d86412de12c7a25712ead64cb8dc,talleys frozen beans broad
04b172febbcb90f3a177e17b086a46c2,butter mainland salted
7ec3f1df15c85eae03de4fa58136bdd2,pizza blend cheese packet
8936ffeca6f40397feace86ca1df372e,culley verde green chilli sauce
c684c4a5476d499ced70961cf053a256,supreme chocolate milkshake syrup
a827fdffaa4b92db274a0c06cfebf2dc,ecostore starter bottles
18944ddcbdf26e886ffb699ea0b1c0db,double phoenix bean vermicelli
1512956b4db69a0a6980897139fb9d38,soup meat
a27d90542c502710a951bac7219e7d3b,aelan chocolate cocoa nibs
79f8784cd7952c36c0eb2a4da6823602,aelan vanilla beans pouch
e1c3dd52d10db3e7b35b746bb929920b,aelan tamanu oil spray glass bottle
c61e23e490bfb18d95b1cf95e1b93a17,aelan nangai oil spray glass bottle
7c12b6558d2612b46f493f2c3c5aba44,south pacific soap co conditioner ea
2bc201944e80ee3896e89c8cacd007b4,south pacific soap co shampoo ea
4550370937da0f8295234a45cc0facca,meredith goat cheese
baeaaca9f48e5c67ffde0076a37af58c,mazza tomato sauce basil
61ae533ff99e9fd0e2047a78a4287d17,lamb shoulder rack
246593884872255dd26f6e13c1976751,schweppes tonic
37ea8edeb54b7861b8f717765df46ea1,mama san shelled edamame soybeans
b2d0b8b853bf3789b8162409e829a613,king salmon portions
262e64d3769abdddb621324165473629,sandhurst anchovy fillets
89e01cb00aebd5d4d94a735a7d16c7f2,duck breast
1303f874addb4c94ebe1308f2d5a4e66,leggo alfredo pasta sauce
f113a5ee304c19297ccd11e979a24965,local chocolate sapote
87638cfae6f79cd5159385cf348f6d3d,soup bones
0788a99a69c30d78ee7261d9bc4e868a,sprite
a64d8c6442e6b7690bde0a4f2cdc712a,cocoa farm chocolate dark budlets
b49126ecb295b5d5f5506d55ef1e81d7,veal osso bucco
fd5d57fcc49f6e22177520fb94ccd17a,pams butter salted
4657b4a0519e099884aab7fe969872ae,tlb sausage chorizo
cc17f0404f3d7735a1262595a7989c5c,valcom tom yum paste
6e4adc84e4c9557731348c61452661cd,farm nature fine semolina
f09f962ff099d8d6357e2b86b4f89708,yc grilled eel
b3e9bb2d0bff77ae9b3a193b0543bb54,beef schnitzel
37c3b1799977acda800af8c6d52fb00c,tlb sliced leg ham
89088b31be2fab3b16454948987a5bbf,switi specialty ice cream chocolate
4b7c7f74a765f4a6e2d1fa2405beb20f,riviana crushed ginger
9a066545a44de1d53bf1bf66bc38d9a2,gilmours maple flavoured syrup
9e8e21e7eecefdcf577e42617c802a9a,rana pasta tom mozzarella filled gnocchi meal kit
eb42d758da1c3325a75718499709f065,french bakery thin pizza bases
6b3440a76723cd134211110f1a0b8ba6,pork belly slices
b7ad1269b26682d6380133546ea6a845,mazza cherry tomatoes
5a507de49658c4d9ce2e2780e20581f3,mazza chickpeas
ca4067e848d5271269cc226de7fcc4fe,mazza chopped tomatoes
3ee5f0ff627e5ad9ee937856e499fe47,pams malt vinegar
8db57e89113e84a5ebcb27a0361f4053,canary unsalted butter ingot
2701d7347eac6a05165545869aa9600f,reaktor
9315ec92104a926eac65dd9c90e99b2b,sandhurst sliced jalapenos
5cea25602750c85a015d37adbd5e97f5,antica napoli chopped tomato tomato juice
baa653c3a1cebe369751783cea56fc68,sharpener stone norton crys water
4f7703ab1a905a3fad7f1cba9d08626a,monteith phoenix ipa
d3f70665b0cbbc0ac4474a0ad4df97c9,mazza marinara tomato sauce
860177fe1bd76b933cad478801c5f482,waxworks citronella incense coil
95dda3e0b747b41112ecef5addf17738,fruzio lemon juice
579209cf229cbc98073ac048727d87ee,edinburgh gin seaside london dry gin
1e6a9a46e748d835516073cefbdc71df,masterfoods garlic salt
5e9f0a21a3bd92428b8b4e19df0fff5f,canary butter sheets
145dd5dad88a6e258da8cb34401a9668,prosciutto filo sliced
f340ea2a9dafe43251789123edb0f0eb,mazza pizza vsv
c78e46a8638eb802c809bccb44f3e476,brinks economy chicken wings
b521567d6c144efd1ac8581467eef603,mazza spinach potatoes gnocchi
6e178121f8e02d6c766365d39a07581e,mazza anchovy fillets sunflower oil
ac2621053472dd74ea938701c56aee31,local capsicum green
73579a06ee84665a835ef4d00438fe9f,farm nature pitted dates
dd5a3863c68e4e1abe1e443627e68b48,farm nature raisins
5bd7595306b7fe7b6368f09aacf429c3,cabbage wombok
8fbd853d1f56d59f5cfc1c56985ae365,obap kimchi
8562b1ff67c024db46a2f4603809ce59,teouma valley farms spring onion
1b4ebf7f12cd4af1004baadb65406048,local mango
689d5579a9bd1a14ed98b6e74eb990cb,farm nature jasmine rice
4af287137d0b7b0a849d457a6026de36,champion dover flour
a7411f631ba7b2d10f2393a9d6197c08,toast portioned strawberry jam
0cbc3cc36fc8e7da16937ff2af268292,supabake baking paper
01e07b9b0c34d95039f92101fa8af971,emborg emmental slices
c44a01df9650195d61fce5a2b7824ace,verkerks pizza salami
8a7bf25c5b9981b4a74ecd1094b59128,beef porterhouse whole
78406b5f337975310689cb71416bbbe0,beef cut blade palerone
af6116720c7d9a31a06f46875f0c3013,monteith west coast hazy
3bee0fa2070a9abf651ac81106ba0f2e,monteith gold dust hazy
3b26ad390fbc9b1263046f19bb4026b1,oak pear slices juice
4a670f787880113258b4287fab95dcea,beef rib plate whole
30d57702a8c57e2e4b0c073440f4ce4c,sandhurst balsamic vinegar
c551d31717f01abba9822b9777285e9d,gilmours whole peeled tomatoes juice
838891210db8a9e53bc49ac477dd4128,french maid creamy aioli
d360ff5e002fe34e4270404922b9cfdf,chicken thigh
c850ec6f8f653ba3016ca9bb44004eef,switi sorbet raspberry flavor
ee2591c09ef102c2c0923fd14288bfd9,ham smoked boneless
9c7c81352c92a99cc1a0408f816b391b,tlb beef marrow
b4ea10d9f886796e84d1653e2da53806,beef flat brisket
7b48aa626527c943de26b5d82e041d43,frozen talley sliced beans
f22a840041640efb25e222b446e50ce4,farm nature white sugar
99d9bc5319eeb1a4581822e48b477501,fruzio lime juice
85ca8124a917d838d239c6ae17e44026,pol remy brut
40403bb8271f507b72227052517f9639,aquaponics basil
4b5c0e2e1f30f9579d3c569b9f444d50,masterfoods chicken seasoning
72c77b5f747b6bbfbec9c189f7641d8d,pams pastry flakey
377e8711fb05070de699223f6394cf98,vanuatu whole black pepper
99017e7910cb82b6134d72cefe4ff05c,french bakery turkish pocket
1151dd824255b5fa4b081472b1d5fb0c,lamb leg steaks
cd161f5691cb6dc06a36c4406bf41b3e,sm shrimp cutlets
a13b2a30840210177e88ab4d0fd9a8a8,allens strawberries cream
001549bb8716bf0281fe8f964c0a10a3,farm nature black sesame seeds
2daed73f9e8933a58697bc6a89104528,cad choc roll milk
490d0a91b06477c33d318b1abfdb4d3a,cad choc twirl big
857097c7dbe4aacbb14cb77e95befd66,aquaponics oregano
1f3959f8d7501ec97bb7ac95a49f9067,tlb sausage bbq chicken
7f92728ca37f33866ea36b1269ac1d38,local cherry tomatoes
b9743b9c401c92958554c1e8c1e80eaa,corte buona mortadella italiana
e9758d029396a6fe1c5881bfa6a8232d,champion premix sweet muffin mix
5aaa623dc2041396a6816af4be389a5a,comm co cf bath shower cleaner
c036df39d0484dfca95608ad6896b06c,gilmours pomace olive oil
1ff513241ddcec0112f52cfd67361694,black gold curry powder
3933f8827f6e6105093c637ce0aabe91,turkey rolled roast apple cranberry stuffing
41d08bcbf1c2fd178df9089d3ef22dc9,beef porterhouse portions
b6c31156d4120c472673b339c7431fe4,french maid garlic aioli
ce8e8e975a6392d1d2ed319bd46fcfbe,french maid butter chicken sauce
46a0683ed2ae30bbae45ce0d3d8239f7,mazza squeeze balsamic glaze da
89609bd87478f91ca0e8b7cf4e906da8,brinks nz chicken breast
7937562daf5e8378f97eb53f75efd1a5,supreme caramel milkshake syrup
23442fd9881a26a59718b2cb92f6eb91,french maid wholegrain mustard
9d79cffb74ff1615a8ec288890b21ade,farm nature moroccan seasoning
418eb6d9d4d4083db5056e3f0432d6ee,plum pudding log
54cc271dfc64a9fc42c4a0c344ca2d77,mazza whole artichokes sunflower oil
23589274f9580887fec5c464cd482877,chia seed
91ad42efcf8ceccad79cc76dacff93d3,muvuten local ground turmeric
ba4c5eff4ca63b466cebb8d09bafc7fd,mazza grilled pepper
e47f95501b38058891594abcb95f0631,cafe de sol supreme coffee sachets
f376342a3ee0c30051db7f9f20003b7a,mazza jalapeno sliced
29a9a52d39ec2929e467cb90492e9d7f,french maid coriander ginger lime
36da8f8a741441224f4b6ff62a6c969a,french maid smokey bbq sauce
666e46a17fa91fd85dd4da29d5415b02,french maid caesar dressing
728f33a1ac664cc16bef4001055f5f9b,american mustard
210f475afaf58f797be1fa1a62826317,french maid toasted sesame dressing
37ebf0d8aac22dfdfb85e792ca361ae5,culley carolina reaper chilli sauce
9cdbbcb9dcf37b62874dfb91a8bb152e,squid tubes pineapple cut
c21d359fa26fb6fce303e14526c44bc0,sm scallop roe less
11c605c26f0216c27b94a2120307e376,tlb marinated teriyaki chicken wings
dc049b18b8e20fb9052000e2aed9964d,tlb marinated korean bbq chicken wings
ea2b95308747bbc44ccb65afd7c63924,tlb marinated butter chicken wings
d98cf9284d8cc2367e20e8c3d37ee0b4,muvuten black pepper powder
d0bbc051f3b8e5c7944c1c886dffd254,muvuten ground chilli powder
6cf2b175de92ad8376df9c843e3c6418,sm basa fish fillets
5e4fbbf186af88ca5907f307a3553461,french maid dijon mustard
ae2251fe1390254a86c466b88b44ed7e,mixed lettuce leaves
44f628f2c70eb0554163a796693834b1,pork skin
bf518d0df5c19154ce9f097e260e10f8,much moore marvels mango passionfruit smoothie
3b0542acbbf3f7d79d9671681cfe9a1e,mazza zeta sunflower oil pet
dae36cb233433aafc4be803a53197da6,lk dumpling pork cabbage
452ddbb81fc290dcc2cd8243e31e3ff0,filo pastry roll
630caf7f5e80acfb4f8726c2c56f1850,pork spareribs bulk ctn
f0c7c4ff77d5371949e3d710d6d61592,farm frites crisp coat extra
27579a537de5b4f40f77c99555944cbc,tlb wagyu meat tray
1c540c132fc1d3e55e707f65da75742c,rana prosciutto di parma ravioli
5cf8e8e88c1202758c4629d9c018b3df,bacon mince
135a62db8f92409c44f624290d7ae936,whitestone chefs brie sliced repacked
11ef596270acb66934c97ef5f3eb45d1,tegel chicken whole bird
445d6767e5865edefb20db7b31da9b47,mazza extra virgin olive oil tin
ab64212e901f4344cb027973c48c6c0a,champion self raising flour
9031062acc7ff9fb3fc9ad56b46a5087,wild chef pce falafel mini gf df vegan
135ddff280ec8b69a2c623ea431f9acd,half shell mussels green lip
b2050f94cde33ff1a0d37187c95b73ae,sm natural raw squid rings
929a6d0ea25aae0227f16011909522e7,seasoned fish roe
ee06f8073cede7332fe1142134e8e205,gaston tablet dark milk peanut
b96df6f54f3fd65c1ae635fe3b625cc1,gaston tablet dark raw chocolate
00ac3d5ce324dfb64d80b02782bf0b75,gaston tablet caramelized nangae nuts sea salt
51b32e13f155cf1702f42ec08dec2ac9,gaston tablet milk chocolate olive oil
913b9f2b0b3102b35622419d9ccca808,pams vinegar white
df17f297b8e6265ad8018a50dbdee481,gherkins vinegar
0133b5b541b9a93bb559e563551d2318,mazza extra virgin olive oil marasca
328ced2eee29665ce53f958791b57c14,farm frites crisp coat
00627821357d92ed7c8991b6df644720,sm scallop peru
2b5347d4a770da808d5d981783503aab,baby star battered onion rings
67358ffcdc422d522963def1c398c4f6,french maid korean bbq sauce
c45b0bd08c6c8accc526060c141e57ec,wild chef corn patties gf df vegan
e9c7794c3849192a9adc6fa0cfaa6afd,beef tenderloin eye fillet imported
99b65ad119a7f1d73eb57b3f741b3755,sharwood mango chutney green label
936cfaae9ed71de4524aad38fe1a634f,banana wild caught prawns iqf
671bb40f9fd6c14f9687fd77908808b3,vogels fruit spice extra thick
ed87ef93f858d862d6e6b11ce802ef0d,nobbys porky bits bbq
56217316c060fb964ea325370ff09ca9,scallop roe
02ab142e3efc70b885a5c8b4f842a895,cadbury dairy milk chocolate bar
aa36c738dcce8875568ca1b806cc6615,cupa soup chicken noodle serves
94ee1fb9c30537f8f31e07d4b70d9d82,cupa soup pea ham serves
643105d6f1dcb92bdd8c4fe3bf33016b,frozen whole egg pulp
3bab61341bf828c935723af68de7050f,passage india vindaloo
973b90ca67f3518bf09f6d23095247ea,pizza blend shredded di rossi
eba6ba7346d5ea1c50d85c2d55a4ed09,pork sirloin steaks
3c21e9290b5ab5e2d3da8f09dccd16c7,aust milk full cream
c5ce3d81f3966dd120b7a2ae13e592f5,knorr demi glace gf
8200330dd22784be5d6f23e778f7f55a,farm frites mash
cbe740d022aa7cffd90704ad3ebdcb48,farm frites sweet potato fries
60b6c31fd904ec92ac6ab36e03f45ccd,aust skim milk
844f2f5df0f16106ec8371ae2b1785ad,passage india extra spicy butter chicken
f8f4e3bc5226a59a3c0e7f7ffa184643,tanna island honey
c2cb8b3028c2ad85c28479564898c7f4,passage india tikka masala
616b26fe58354ae2d6d12b13fe7192b0,bakels improver repack
bea3276bca608558f5c97053aff23d5e,passage india bali curry
c2a400ac9b610968469c266cb66cebe2,lk dumpling pork prawn
85e741763c6e6ca10d61b4c57d09bb84,allens snakes alive
e70397d46b886cb13617ff06ac82bbe3,repack farm nature whole milk powder
5db5b6096d97b60b3da95a7376e71822,knorr jus gluten free
91eda98eb48cc10befdf6bcf56827302,repack farm nature milk powder skim
e732e402e8fcf257ad85b15d7549e803,cottees strawberry syrup topping
7404e3e4bb14038cbf3c27eb43fc5f0e,sm basa fish fillets repack
00850aef08ebfa530ccf4b92bf98e8fd,tuatara regenerate hoppy pilsner
347145bff5a674d97a0abd7ce422bfef,samboy chips atomic tomato
3c97b9a8949063a2f8685d5934d616ea,tuatara hazy pale ale
3d3e145c49d6829f5182cdb28890b8fe,allens ripe raspberries
4eb0449617d3f89fc8bce7bf36ca653e,cocoa farm dark compound block
5ff929ab09377f69a9f4f6819df99990,toast portioned orange marmalade jam
4640f4bbbfcdb7cccf91c7430a8f2d94,farm nature coconut
7b5417a427916f837669a5743389bdf9,farm nature figs
c87badb0a75172eeaff4e2adbffa4baf,goofy slabs red velvet cakes
c2ec337a50710604e454831dff2d996e,goofy round cake chocolate happy birthday cake
e513741c1382ed5d928c1187aa448f45,samboy chips chicken
92022d0919589993016a965876eba092,mega muffin blueberry
959f3e4617d5c0c56d96eddd6a5176f0,vitasoy baristas choice almond milk
c15f4ac715a70d763b500ffed3de8170,goofy slab slice cookie caramel cakes
ba61240ace95d113e9759eeef7faa5b9,sandhurst five bean mix
5971447bd469eb172add24de8d80b077,farm nature coriander seeds
ccca5c73f7dc0fd1da6b3cfc64a565ab,pepper
96fa4f9f9e89c45f43c0e1a0feabe51f,samboy bbq potato chips
be78a4aaf73211c55305dbca0d462ca8,nz sea salt sachets
f10db19631da7bc95fe0d495ec518ae9,toast portioned peanut butter
e6d8c5509b835546e0826d7b9ee60029,gaston tablet dark coconut
c7311010c7ab6b6d86b25623467ca9dd,eco store glass cleaner trigger
1197377316b756f4cd122b20445a111f,biopak fsc paper straws
0a4394b83d445a5a87cb92f100525257,knotted red bamboo cocktail picks
1ce52a1202f827e6f97e13f2a937a8cf,riviana white wine vinegar
6b2db0644c9eb95de5991ebe80e5d225,chicken breast mince bulk
9bab30b2b6ee940a8923f3dba919021f,community co cordial fruit cup
f388caeffe6c626506af47276cc738a6,lamb rack
aef6f454a9496a6a9c23ec5359936d63,riviana plum sauce
dafa722265513fbb98a5e2b6dbdafad7,ism pepper portions ctn
9a70dd8aed2d1390242b9f90ab6fe8ec,earth choice multi purpose spray clean
eb2dcdc1c0c04599f431571cee1f3067,nobbys porky bits orig
f7e3f66c8117ec97a101ba1e62bde08b,cottees chocolate flavoured topping
3d0b9382d15f5e0e6cd525d15c449387,simple kind skin light moisturiser hydrating
2d1c3c7f26f28051cb3bf72e22e03536,dyc extra strength white vinegar
5e881b5a748f453095b057c2f4f493c5,beef topside whole
a597588af6aae14fb6c19f5f6eb9a930,beef blade roasts
3a6e487a62b27c3479698c0560c40106,nestle sweetened condensed milk
f76c00cacd18fe1726283cfc1a95e8f5,allens pineapple
813a097d330ec1af000dfa109ad5d432,mazza pistachio cream
ea99a5d1097220c982a79594d1e38309,glad kitchen tidy wrap top bio
32d30461ad9af8df0dfbcbc469281ec6,sm squid tubes super tender
324b5acbac205daccd81da875933c778,golden circle pine unsweetened
a9a945436a00d417ab62d639d1a2c661,nature valley bar protein peanut chocolate
d4453ba1f7155c38e0dad9803de3d60e,switi ice cream chocolate cup
4aa962eb765c9b7ab8ab2d7d7d754f00,switi ice cream strawberry cup
417e0022304d7e4b9f9a0729d461a4f5,switi ice cream vanilla cup
2acdd2a8f3dcb0ffd93df2541041e2ac,switi supreme ice cream coffee flavor
73c91a505ef717a958f9a9bd8d24a11b,prawn whole van ckd
6e4a0a5ab2ef6af8af8a6c355610419a,beef nz wagyu rump
7f5c05f0dfdc07a5dd2c5680ae7fc6b8,gilmours brown lentils
da3ba201a56ff28236b561e1dd4c8383,veal topside
bd1c6e3fb9e733d0eedbcc5f6d2fb187,eco store rose geranium body wash bulk
fa02a1f2add5108b0f484a51a628d99e,farm nature white rice
0d2e35978128e150f97cf2c4d292d56e,beef silverside whole
96e3166f92941a2ef619f293b8d67734,mixed herbs
07caffaf812b3c5b4c62255b1f60dab6,rock salt
3594fd2d760ecbb5638cc65d867b1dc0,arm nature turmeric
8e8f4bd1d00d8d53406def7a3b5a4881,porters premium blend tea
5b8c3a57c973357b15ceedc9cd830823,masterfoods lemon pepper seasoning
93f17bc294df0d901d72057736e46d57,cranberries
32e6a397fbbb3cc1159a2a2c6d001a03,tlb boneless mini ham
b8e2f1e8c4163d46bb328482942dee85,grove orange nectar chilled
544f0cd6a979122ed41b7707b25a6806,dilmah english breakfast tea
688286425926462c710e9b6d87ea8dec,dilmah earl grey tea
7f353a72769da7f67773c8abbe857874,farm nature coriander ground
1eedec73168256a36c8e3271acbee208,gelatine sheets
3e1505dee22c58acc2d370654db477dd,breadcrumbs
ee322ee62ebafec5efef9e4ae4f78eb9,wild chef potato herb rosti gf df vegan
a48a0e8e56398dc5ee28f5d76e7e0da0,mazza linguine
eb5c3253148c1e94bfa29e2ef85eef9f,mazza green pesto genovese
b962aa0798e1aa24f6a9ce5a0f09e97f,mazza lentils
5fc8e516356e0a3c6c092bc0d9197f77,mazza red kidney beans
5a73035cb5325e5e92347df264181d3e,biopak lids hot cups
f0083c24da42810f20c4db88b6f80858,cafe style sugar sticks
74a1d334950ee937c46c19cee56819e3,chris cider
4f6427a6d361f8d99a174b7dc84155f1,sandhurst bread butter cucumbers
66841adcbdaac25e5f72c9aa38b6cec4,wild chef vegetable rosti gf df vegan
1718fb90b018b52ab054a77699f3eef0,reggia pasta penne
0ef5ebad472763e6a7570bc17ef1a8ce,chevre goat cheese log
382e91e984d972a69141141329cd0b9b,food snob pitted mixed olive oil
0dec7dd439e9e1480c85a43dc0352051,gift voucher vat inclusive
bc43658bbff05dcf209f95bd6e1fbe12,pantai tamarind paste
fa583e7f968c808ff7ca5aa9158119c4,tegel chicken thigh fillet skinless
fd50dd01da1174aa1a7d79a5f9f67015,mommas vegan season pizza
7e3fd23bb1336e28caba04065fb9f944,french maid teriyaki sauce
755cab9ba5949e59236639f11048c7bc,sandhurst chickpeas brine
f0fddc31e7f139b9c043e081015d6619,mazza arrabbiata tomato sauce
9dcafcd6fd60539a00702a0c4c498adb,mazza artichoke hearts water
4336053c07aac2320238845b34159ce2,mazza capers vinegar glass
186ca9757dd33f99b86d30e494f7a909,marinated goat cheese
61d90695cc8ba9800d6c200eb453a289,coppa emiliana
63532764ce9acd59f6b1e65ca2ebe252,mazza freeze dry oregano
f27281743014ba43bff44a250da3c75c,mazza grilled eggplants aubergines
06268357da6e46b1d04d2024bd02b38d,mazza peppers alla casalinga
9270441cf9b95446ed6a3745be8eaf89,mazza pitted greek olives kalamata pet
ad772e0ca7b7bce8f6890d07296673de,mazza pitted green olives
539624b8d1a31ef7f1fc293a20620433,mazza pizza sauce classic
9c2ba663bd9867fed50696fc3b9be8af,farm nature baking powder
f4c75d3a194b9ab30176012320d0e05d,mazza red pesto
0937e90c85a6ecfefe9fce197a48db4e,mazza sliced black olives
d62ba1345d498869fc8edf381e64e9e8,mazza sliced mushrooms champignons
c951811c0b114966c78ad4130c34147b,chicken nuggets crumbed
f69e41b2a170b09bf9729179649586a4,aquaponics fruit hot pepper bell
0d2d5cf3693aabcee29003473b674dde,sm crumbed prawns
492a236470b46573e6e2319f06ba2cbb,parmareggio pecorino romano
064f4b82b571e327c83907b9eb177e90,culley king pin bbq smoky chicken rub
a2e0272d0a350c779e2ebdf9dbdef54e,tanna coffee dark roasted beans
1b425047f811ce4f91e1d7cb46208fcd,riviana sundried tomato strips
3c48db43a913a48402e02f3003f87e0e,nestle nesquik instant drink chocolate tin
d21b3e902d8e16090f0d8a0efb9dfcc1,dads pies beef sausage roll
363296091c2dcf2365b5a04d9134a5b8,boneless rolled pork sirloin roast
18db50be76367096961ea2fe4edb6a8e,snickers bar
735840a750d7b5e200cfaa693c478ab9,rana pasta gnocchi sorrentina meal kit
a326b0420c098404ac228cdc60b7493c,bounty chocolate
53eafdfe06ee0ab02e55feb9b848a3c4,aquaponics spinach silverbeet
5cd9b56eb9ce115e9611d36023c10196,ntov manioc frozen whole
a487100f99e4042a6db337d706a81a23,eskimo coconut ice cream
0117bb3ccfb9520382f9b7882bf580a1,switi ice cream vanilla
5dc952ca60fa72b9a97bf5f89af930d5,pork leg boneless
bda6ee8d47133dd56ab61d61e97ea36e,langs jamaican rum mango ginger
c8d7d6992a0e8dc4bb91ee8d56060fa5,riviana hoisin sauce
16f6e9afa0d060e73c8df715c2a0d70c,anchor uht milk trim
ff47a69d693abf4e12a29caffa8d3a49,veal steak
188bada95ff835bfe7fa2aadb4d0a191,lamb rump chump cap
19215d9338d884c3057253c96e962b79,cad choc boost bar
fa54d960b734035555b72263a7b5a1e6,beef corned silverside
2684245c974fbaf5905bff075f7e8a96,tlb corned beef silverside fresh
9ab9a0fe2dcf292997dc5bd1707a1c16,harvest sunflower oil
50a65ceb55d8894bd1f781f19cb29248,lapita pawpaw ginger jam
b9eb318c1967d4b664f36b6f80798c61,aelan chocolate bar epi
4eabc850cf4e19006fd5e8d38cf8ea45,gaston tablet caramelised nangae sea salt
898c51a64174a4e6ad3e07a8d826428b,aelan chocolate kava
6577ac8e5e5055c7676bc9c5a03177cd,maggi beef booster
6a7a01cfb10f7792374975488b1b22fd,obento wasabi paste
8eb14e834175c8c18c25560d6cd50548,value soda water
8fe1a36f050b4f22c9d20036486ba805,tusker lemon bottle
40601d98b47ea66426f6235d180c2f5e,kikkoman gluten free soy sauce
667792134e164b30c93713d97f4bb0c4,kikkoman soy sauce cooking sauce
65d39747b179b58e25d5a0ac9a648ff2,french maid buttermilk ranch dressing
a1f3d73dcdb4fb10bfb3c667a6591789,maasdam emmental portions
ec0272612eaab38c145da6be051097d4,mazza black beans
e09306bbf9ae34afaf7aeb6f8169d9e0,beef girello roast
769ac59e4524c599676bfd57a1774a61,beef nz wagyu scotch fillet
a9d40adf3ec38a4b7e060f96101ab6d5,beef shin whole
99376683fea71b80d153f6815b9b701e,tusker premium bottle
2ee9d30afb4d68a6d204f05478c18cdc,switi ice cream coconut flavor
5ad176701b8ca1ea04e02ac3fb4360fb,mazza cannellini beans
c76e9494475aac8d68cca9d134cba5a5,much moore awesome hokey pokey
2727d2b1a97deda82abba53920b2124c,french maid hollandaise sauce
83f86049de282b23dcda01c6b7f51dca,tlb marinated bbq chicken wings
8b5f49bb3b688d82f533ca76a38e4a98,muvuten ground ginger
c3b60233390058d02f0976679d5715d4,baked lemon lime cheesecake gf
96d070258e1026ab51f084dc983f59c5,grove squeezed orange nectar
1762171c41eb53f12790f60cde4971be,gk choc bite strawberry
6c9227cd98ac88c659ef997fae07dddb,lamb shoulder oyster cut
4a7c746cf23d70d227e90dcae75faf7b,lk dumpling vegetable
f2e952415fd5c46acd2a8e1fd6c86a39,lk dumpling chicken
0695de1290ab916db8b8d55c202a8899,frozen whole red chillies
0cbc6d17078ad40339764bbdd9f4e247,mazza whole red roasted peppers water
4e86ef7e1427a21a1cc58661d0ac3bd3,mustard pickles
bbe2895607325c366fbc5ebba4ef07a7,aust smooth oat
3ac98c5d7e17057e46662382d6ea8045,branston pickles
1ccf9aa7b0abed708f55941328768c1e,passage india korma simmer sauce
cf5387ccf82077b8a015c7f33ec86552,tatua chocolate mousse
a27fd2610e72e46c3273ef5654975c6d,emborg natural yoghurt
f37000a5128fb043c59304f95ee35e79,sausage chicken
56b338a2c8b67c074af94917e6ce195c,french maid american mustard
661e638764b74b7a7981970443e56431,supreme banana milkshake syrup
05e56f940928db0ea7d9c6ce790b7e52,cracked pepper sachet
b75a5d776d5d01420edf27064e6669fc,lamb foreshanks
62dfd9665583d70ddca0bd870099f113,mini mix danish pastry pre proved ready bake
3e5cde92ea397f8fca7f90fe97fe7b32,comm co cf glass window cleaner
fb1625d83e5dc6c8c641a13fd3fcc346,earth choice kitchen cleaner
0e1827266808505560bb30bc1ead2555,colonial sandwich ham whole
44df2c8ed46e97b907d1986a59dfd61a,sm falafel butlers
d4acd8aaaef4d7c57b66e719fdcf2869,porters english breakfast tea
c0395bc0491d438f2665a8cb2cad0c5c,potato
f9c6f6554f3371d39585d4266fac999e,mum dry antiperspirant roll deodorant active day
49801af5f2197a78c75376799412051b,masterfoods roast chicken seasoning
2bf87665b2f378c196a1b52b280aacf0,porters green tea
6db77d65eaef9dc8c66ebe6479e9c54b,pavlova whole
0b1ebccf3a0c492b55352ebf0d3de616,community co ultra thin pads regular
e08bebd4b2066a22948a8d26dda1a64f,orchard thieves apple cider btl
01d06b2191738e1461e761c6a1ea31b1,brinks economy chicken nibbles
79c93313b87dcf08c9229faa66c88c7f,tlb whole ham bone
c0f67f6ef7d5a4e9044da53e1fba6211,pacific oysters
94536276a5447367d1c0ba1083f2831f,mae ploy massaman curry paste
178ed0afbaee3cbeda01d926e5ae2c6b,lea perrins worcestershire sauce
599c83d11751ed0568036d619a2f8f28,san remo spaghetti dry pasta
4bb2f6eb66213b84b74b5c6810749a54,nestle kit kat
b4e349142f0c9201caf79a8598a1e73e,duck maryland legs
539cf45d72eba41ac22f48c474aa7ee6,pinenuts grade count
9384d8890a0aeba3b6efb393e850789a,castaway heavy duty wipes
4df6ce726d8e060d2484459a8d507ddb,riviana tuna pouch
906963ec9e7d7ca01225c567ad34fc02,cottee ice magic chocolate
6bece21a9b90933e34d69cf545be1e3c,black gold aluminum foil
a65c15f0fb9828aebeb6df134bff8a96,allens frogs alive
48804dbb5d1e91e3d71a2e91dc457ec2,glad bake cook paper
1c0fe6c2d8f41d04b041105065385192,lamb rump steaks vp rw
2fc35919c8c38b5e3defe153a1d31314,aelan extra virgin coconut oil spray glass bottle
6664bc0eac5401bc7fbc6cfb98869a6d,mission yellow corn tortilla
556abc37c563c368afc90826c50109b8,tlb sausage beef bacon
922fe4e9ee4e7e23110bd6dda3c468a7,tlb sausage spicy sicilian
18fcc14580737dc496a4b43ee162f250,vanuatu sparkling water
31f7c96adb63e7ca9a4f1c936619995b,farm nature fine polenta
1198fe0548cef43ec95116687291fa7c,dads pies classic mince pies
6e0af2403250c0a5e1505b9dd78f6aa2,beef nz ribeye wagyu roll
99a6c686b937742f04f87c2f05e6fadf,mazza baked beans tomato sauce
53e2eb3ad5ff998c4de959364164723b,sm peeled garlic
e0d37b23347852f864aba058306e8be7,farm nature cayenne pepper
c955e5af5473c05ec10ee8db663f4a99,cumin seed
30d3a30d78a0aece4c1b4da080e14fb4,riviana blended soy sesame oil
bb95e87c172ad8417de571084238f290,beef point end brisket
da8391c437e3d2dc888cdaf7261fae31,sm lemon pepper squid
f55f36dab6bcd4d8e6ce99c739dea0fa,eco store normal hydrating shampoo bulk
a30e0e6c59ae94cadf4075bb5370da56,farm nature milk powder whole
7837981e81b45a7b910235006628c3e0,masterfoods garlic steak seasoning
942ad49a713c434f5c3bbdfc8740de81,farm nature star anise whole
a33bd00fc1e1aa2bb1912b1c93748b4a,farm nature coarse polenta
459b82e3b6373114d0297fa904d4ac1e,tau tanna sugar coated
b538081145f2457844e0d519fb9c9c76,comm co marmalade orange
4fe9d5a419e37f66547b7a053cf855a1,rana traditional potato gnocchi
88be5d3d43fe0755471610ac6ea1c5ca,craig butter pcu
19fc3cf2d8a86876104b30dfc22a671c,tegel chicken grade mixed cuts
07cd287fe2b8964a8897e4ec17643daa,farm nature garlic powder
78d69e5b7bbc42994b3e1328f9e78327,gilmours bakers flour
3d62d373f3fcea0969a50b9115654446,wild chef polenta chips gf df vegan
dd5a775b4eaee6242d8a6fcc34e37c7d,switi specialty ice cream cappuccino
166d136d948f81b691e65645a1daf524,pams desiccated coconut
3869a48d845180fc081d4c4d111b688f,switi specialty ice cream passion fruit
7d753966ed6300c98470ece9e7f8f4b3,beef long spare ribs
77ca9b6927e4d042714af15890bcc814,farm nature chilli flakes
399f16906a039de095040d37331c9785,soybean paste red
a620e228b1c981107f03ab65d7ed2f5c,teouma valley farms rocket
1d474231eb3159de4f25350fe45c7f03,mama san edamame beans
a15a738a1581c04af5a55709615c1f60,fiji water
fb902ca32545d2762c2441afe6be86a7,talleys frozen peas
edfde7e087ed5621bfc639a2cdf9fe6c,chaokoh coconut cream
1aa6487df9dee0cbf433d6b9d309fee7,sunburst orange nectar juice chilled
a2d4c918eaf1ab7699918579ac4dd5bb,maggi chicken booster
f3fa84c4c04ab83fc824081a4c32ec8b,pams sauce apple
04e67e68a0ebc1283a8f10d7c555d3c6,pams flour self raising
5c38aa1ca1a184ffda8f85223f6a07c8,triple chocolate chunk cheesecake
cd770d02b443be0190ec6acd6025674e,mazza hazelnut cream
7be290e4c5ef9f8a30062d685b0e65b2,mazza tidbits pineapple light syrup
336feebca09699d0d6fd2a9edd290a94,mazza stuffed green olives anchovies
92312dcc5503582780ff71d53bbd2410,mazza sundried tomatoes
78f9e2bead2f8a97c75f84571277a08a,mazza sweet red peppers water
9dad759e1b438226485c2c063f3bffc0,mazza white asparagus water
9faecbb38911036337ec8d184520701f,mf capers brine
7cc10c7759660665babd21161d0a5ff8,grove tomato juice chilled
2744090ca0e058bb974e1352048b2b19,farm nature hot curry powder
fa4513517443ccd49fc58e9e982a5401,gilmours crushed tomatoes
f9b555dcd4cd85a48e7bdd601a4d3d93,aquaponics sage
825200d7031c8c389525afe4e17f13c9,dilmah tea fragrant jasmine green
e215f7efca496ead90cb3b3a0ed48811,cornetto chocolate ice cream
e4750964c6fae379a62f022d3fb9e8fa,dads pies butter chicken pies
110ddb27c0b0d9f23dc756f88642c4c2,square ham
ee95e6e86f07ff9269f18a7dd0276189,liddells lactose free milk
863607ca3e82cc0f2cf8ff64cba1b664,teouma valley farms coriander
e2e44e0078305b05112d0218492fa8a3,vogels original mixed grain toast bread
2a39e81ab56ad448efe0a3fd0bcf0f79,buffalo mozzarella
85e7f8855fa30954248cd6eb350ce2bd,tasty block cheese
01948e89b4c0e5ba74500ffa5c41eae2,farm frites french fries shoestring
9bc065813bd78bc18cc31a6200575e7a,kiwifruit
bcf85dc4811cdff1a7aedaa0978186f9,teouma valley farms basil
6775c6eb0af970f86b0a06e7cd0abdb2,frozen sb sliced capsicum
d743ef8d4456b5439410892823a4e70f,strawberries
59ef5e692914db5c5dae258da57630ef,quality bakers english muffin splits
9fa143c53f637bb76ae2b5453c55c501,frozen diced mango
3a0f6077a119423ad3a95bb0f49116cc,frozen sb mix vegetable
772f2280a4326d22ab1e782b8bdb32d6,eclipse unsalted butter
0d0c7b66f016b94596c34a55c92951a5,goofy slabs lemon cakes
760f743e05720ebec3218c14fd89e368,simple rich moisturiser replenishing
66295a42f3eb14aabdd95e33c27bf366,carrot pre
4edfb510c8f776c8f161c59f8398b842,pear asian nashi white
2df0604541a474819547eaba6e99ee08,special cocoa farm chocolate dark budlets
9afe395c087318a056f4ac10e016ffc0,mushroom flat
68a23728b1b9707ebf3d018dc1e6d053,fresh mozzarella loaf
7159be43ce6765d9b4ebc3074f541515,south pacific soap co boxed soap
158e852ce04f47e339769b99d656f3ea,comm co vinegar red wine
ce8873d43c8a3567dd0a8476fd9d516a,farmer brown nz grade eggs
798f60d9b4361a97a3b1b04060bd96f4,parmareggio grana padano
0cfe08af8796926a9f5b7dfa63f2f250,corte buona jamon serrano
7048280dba6aeea472945466b8f9259f,isb fruit mince tarts
caced9c12f06d8daee4ab034ebeb28a1,marathon dim sim
fe99a08c212197b98e0b1d41813a9b6a,edam grated cheese
3e7fac43c8c13196c832ed2bf0f465bf,spanish chorizo oro
d676740029b8a86c782e9f02a8f3cc80,switi specialty ice cream banana chocolate
4640f4bbbfcdb7cccf91c7430a8f2d94,farm nature fine coconut
adf460adbeecc19a281c9bfa1f9e4664,local potato sweet
dccaedb4c7cb64f93aa1b9247e445b2a,mauri flour
4c2684634882453481d9e533a98d543c,sunfield self raising flour
83ac414e9e2030c7dd9e7a42519ddd9f,victory premium bakers flour
8c26ba01c33ff2d9e71fa29bfff4d224,lamb mince
5562993772060b6e2625985c81cdc681,canary squeeze salted butter spreadable
b3c73e4371b19d660a81516336a7c277,aelan cacao tea
c35bc860679e4220d23922cc47d298f7,export gold
3e94bf6737ad3b1fe57317bf6c65c21b,local fresh turmeric
e2a9941a5ba813ba5c8a797df67e8f82,chorizo pamplona
c593bbddc3fe376413dee20c98f40560,almonds
0b5d39df6ce98652f82913e3b8157bd2,poultry chicken breast
a5b332e2dc08b712b44909505b6dc07a,lamb leg bone
28e316643747f4aaa82b1f334fb379d0,grove cranberry nectar chilled
06ba57d5d1e6276edf0c1248a0d28b10,oak smoked ham
0a17d48da8c75f145f4ed3903d064dae,grove apple juice
c7e82833a43e447e4377be081b9c2516,inghams turkey
28694aa4dfaad9f31896cc1723770ece,half shell pacific oysters dozen
d45a7257126fc0e053a8bbb7bb472d0d,norwegian smoked salmon presliced
477dc0701591cdaff800b20b0130b6fa,pacific west crumbed prawn cutlets
ce4eb91d62e4c9e886c2c9bc56a0f87b,golden cockerel wholebird chicken whole
9175bd5f8c35d10718c0392c86ebdf35,chicken drumstick
857aca642e609ae2f948b12a43a35977,farmer choice chicken breast fillet
f5032bcd524bf1cc0f9531f61627abce,value chicken wings
c951811c0b114966c78ad4130c34147b,crumbed chicken nuggets
6c9227cd98ac88c659ef997fae07dddb,lamb shoulder
c09c38a06e7cb2c954f4e1def8afa952,lamb leg boneless
33f78fa7943c0b1465fd0393a0be5ce5,chefs choice corned beef apa pisupo
36b103bfdc9e214c10706a6100352ed5,hatari cream crackers
5ea9b8a737bebe0392860cca70c69dd9,indocafe coffee
c383bca68818e78305e5cba010a36d5a,hello angel diapers nappies
a4ba6b8f4361ea244c155e70972081aa,chefs choice maligi pork luncheon
a2abe920bf11c9f34cd94149eea41958,chefs choice ham block
43a6507be8be71edbe44991b83703d20,joi beauty soap
82dd21cb1bd825dbc0b7e90cb9527eeb,colgate toothbrush classic clean
06f9d73d3e2d0c06b4f0f9d86160f677,longkou vermicelli lialia regular
37f43f35ab601ed2a704050b880efdfa,sanitarium skippy cornflakes
ffda76a9c68bb47a9fcdfe80c43f6541,bushells coffee powder
4450d2636cb59992d01ad25ed483cc85,samoa taula beer original
2576bd9165d157af9abce20ef16bbe4a,mushroom soy sauce
1955c43420b5e5b6bf01cc06489a1455,anchor strawberry milk
3a8c021764794a0debbf368432f0a5f1,pedigree dog food adult real beef
f88887d135401bede0fbf496c0d16604,pedigree dog food adult chicken
69c4a0d89457c952b96628d508084a1a,meow cat food mix original choice
febf0c44d2e4fb870eaf112f96214eda,meow cat food mix original
3e8bb6fab5c2cec294086e60f8f513f5,chicken leg quarter pusamoa pusa moa lapo
f6189bfa945d30875a9fe44052ab5fe3,skyflakes crackers
8c30d5875596cad6618912b4121364b2,miliket cup noodles
af67b96afa9a53088b81ea1c71b2eff2,lerosa bleach
1b50245677575e5f53766f5338d814fb,kelloggs fruit loops
3b2d71d5a434d850403b7584f5fcd8b9,tek toothbrush
4180e539b7a5203bcdcc732a077a938c,huggies nappy walker essential
6486ac60fa77ccc7668172bd37d7eb39,huggies baby wipes cucumber aloe
43c37ceb8cd6ef0ea32342f35318b1e0,huggies baby wipes coconut fragrance
1570a584be1908f7df5d813d1d41f8ec,glen spray country disinfectant original
304eeb81e4976c8e80180a85631499ac,fritos corn chips reg
f15a9d920bec51ec0573635ba7495940,fmf breakfast crackers
1a0253753a9e150d26632d9c42fce5b4,eveready battery
802e09f1ec127656b03d310af8c66d45,doritos cool ranch
a35bb17ceeda2f85ea6acb4276557e95,chefs choice salt edible iodised
02bf5dfa18ffeafa7b9d98597fef6d25,bluebird potato chips salt vinegar
94a8aad48f0b118adf2070e942b4f365,bluebird potato chips ready salted
7764b202f0fe5fbbeb761a71793dbb62,anchor milk lite
7a9b00662eacde2695be96dc9a83c5cd,clorox purpose cleaning spray
cf58cc3dbd939f29a759a5b4b61abe68,chefs choice bonito tuna
07893f676679ce99c961468ab524c834,anchor skim milk
b2f9367aee0d3926da2610c875b88c86,airwick air freshner
33cc56bf21d7e53613b76575466c1286,nz green shell half shell mussels
998a726bf5ad863200b2513fb0eb381d,supersaver ocean best mackerel natural oil
eff8662e37ba25271dcc65e18383c09c,frozen turkey tails
be69a7d69d03b68e2d88ca759c105fc4,krissy snacks
0b1a9a40a908cdc4ec8a062538054a59,sungold white rice short grain
09446f48518edd1a56b0cec97bfb8149,solo white ssp paper hot drink cup
300b945c592c0e31b9baf690605a384b,protex talc fresh powder
6fa381698aa06101bc622d64e1930f87,dimes classic juice flavour
464f2e644425f50ab8ff4aa039604b43,skippy peanut butter creamy
8037978e1033dfe4fb6f2365f1af5146,hansells vanilla essence
b717b7e2cf8f176a129bab87532c7c00,mico gold cooking oil
d1d0ba95b4f317db5040c90122bbcfe9,good almond milk
12c30eed45547779e0f2c0bdec48dc89,doritos nachos
0f7a58099d3f816b79b37c649d8d0a3f,watties tomato paste
a2d8c89e844f0daf78fcf5dda30bb035,palm corned beef
a7b099e6301bb2b28a39bd540e607eb3,dinos bubble gum
d1a40e4cce2891987b55dfbcce603477,watties baked beans
5dcfcf750393f8ce0f037280547f6781,golden food cooking oil
caebd24695763c44b2bf8561886cf861,kraft mayonaise
9d86765f2f947ed832ef423b859740cf,lerosa washing powder
f1333f42b4bf04511b057ab4c54d30f8,hatari vanilla cream roll
2a9b6883a0c764c1dde143c92255b7d3,lix washing powder pail paelo
580b328e2e4203981a71d7343017594e,samoa taula beer original lager
afc9812b1ca7828b946cf404fc7260d3,colgate regular toothpaste
4b43640c9a4fcb6f1a5374134c356988,mortein mosquito coils
ca4448499b3d222a08eb84e3bc8c6920,fresh oranges
79886fa9b69547c2003bd75abb990d6b,sonoma fruity soap
42512c4c181bb284fc4c930f4db3a758,chefs choice tuna oil
2fb871a50f2395580ebe4839f239906c,collins mint candy
86311adfde036bf9c08677a33ca672b5,collins candy coffee
36f6392cb14d2f65547ae982043a4ed9,pacific corned beef
afc73fb2b6cb6c7dc5e6a211e99e4537,collins butternut candy
b538c3ca81f13e1285f758989fc54307,pams rolled oats porridge polesi
24dd5eee3821fb2a979a9e1ecae9017c,farley golden infant formula
7436e360a267a6d3b08e3420ab569511,tip top vanilla ice cream
8dd80da78ea5624753a8f84de4a6b244,softlove comfort diaper nappies
3c58ae78ba626b94743a13d01dae279e,ringo cheese snacks full
399a72ad1152ccac3f467aaa009d6853,chefs choice mackerel natural oil
33012a6b41fa764a91a23543ca554190,fmf breakfast crackers paelo
4c88468824ed03b2af854315c1baf9a3,us chicken breast nuggets
bdc2d9f418ddb95d209c4d4d267e3de1,arnotts sao biscuits pepa masi
35c583d4d646edc4f2cee84a1fed35a9,garlic
4418094d47557daa8a74579696fa3f47,nz apples
b9ea908539c112a16e35e75a83e3a1f8,downy liquid asstd
978a083dc733ae7935aee91ab3474b2f,bell tea
bab971f7093af0d1ae64461a1da94ad0,longkou vermicelli lialia fai sapasui
78e2b3a112b997e131eb6ff8289d987b,hatari peanut jam roll biscuits masi
c53f6c6cfe681ee9b58b4de347b76b27,kelloggs coco pops cereal
a63a95050cae7c6c926348bb88418904,krissy snacks chips
e92ceb239582c7f03b2a26a50f45bb6a,kraft mayonnaise
7264b60d0e94cf2fa60d8aceb8fdb4ba,fmf bakers flour
8ad785189f98693b8b3b89ea18af435b,seaboat three star sauce
9b880c77fc815df8dae4a757f80dc17e,fiji thai raw brown sugar
2377e1752dd4e052237fd0db30cf5271,king pacific natural oil pusa elegi
528235778bddd2002e10203a2c228d35,island sun rice green
a5e7ab539c9f077ae4659b95db256d67,fritos scoops
3dd1ba6afa6ce84543c091c7a0723962,sabrina sania bakers shortening fat
408fa931009637939f54c30ff0fbad6b,fruto jam
37114c2ddc91d3e73ca3708def23147c,spc baked beans
771685ceaa61def45711c8775b52aa6f,golden circle fruit drink
28c83e9924fb754983cc65c8c409332c,balducci spirali
25e3ae0b5c27e6cb67c4eb6126806665,go energize drinks
8948bae6a4c950ae5b13ef14ab9d5477,joi soap sweet summer
c31b169a360c774d406ce19c7e35e2c0,huggies diaper pants walker boy
a2bf8283fc6a5feb3e674407741a70c0,karicare stage toddler months
cfdbfe6e50814797fe53937fee4c07c7,chefs choice best aluminium foil
d6bffa38f505a17c1ee01f3c6cb1456e,preserved red prune lollies
1e4d3f2b3798a495deec77495a76777b,indonesian black tea repack
652b3037de849fb5e0281b42c57d3806,cocoa koko repack
da2c632f8b7de87936efdb44eff1df88,pop fruit powder drink mix vai lanu
3782692a2e9594897c9aee3bf33d0067,anchor chocolate milk
349f288c2b37d3107f967f43eab156ad,eva toilet paper smaller roll pick ah liki wholesale
eb99d45525b7cfdfe2053c23bee1c814,axion dishwashing paste asstd
a21f0402f63e3c7b7e6044eb02008070,protex soap
cb42a3ce01229a401066fb0a38d3f484,bushtail baby diaper
62d587062f4455ca93500221500655b8,huggies diaper pants walker girls
eeed5d8df759bb8bc8612fd2a17f9aee,abc battery
e242fd8a38f6cc1cbf8c04e146dc873c,huggies crawler essential
80344ba11c35231b0bfc0cedc945da3c,eveready batteries aa
1bea5993b1a21524b255a00fb23cae69,anchor whipping cream
e786c6b6ba38d978cc8702df874f766e,sanitarium weet bix
40f20353497fda7ff2e36593b6aa1913,huggies nappy essential infant
fa53135408ad21070b54ffedd33a0978,beach cliff oil sardines
c4f26eed2e4074996e537a82afcc130e,huggies nappy essential toddler
c30b2fc271b3910168b67d4d5f5487c6,coast bar soap
4ac9c97c8cb4ce8190294f72823cff64,unisoft adult diaper
4f4899785362f55a659537d3e9a9048a,pure days adult diaper
c5dc43a3f6e1acc2f460733e2a1db12d,karicare stage follow formula months
675a3d57d69570fd7bb68e67aa5a2ff0,abc aa battery
a328ab36b327301de7f76c351c5b34e9,devondale uht moo strawberry milk
73f8599c6f21164444adeae10ad7fe29,clear plate compartment
7350f2c3ff4170fed5100c90840804d6,kikkoman soy sauce
eebb47789ef838296791533298c48c82,gilmours pineapple
aa625ff040b3136a0ed6540ec7d862e1,mortein black fly spray
6b2c49bc336daa2a44678786a72c25b6,petal napkins tissue
6b81f8a7b55068fe2c8f8a341d880e17,watties tomato sauce refill full
98e781fa035702c0cdd997778a6fea8f,anchor butter
ed6f3143baeb4558a759cdf6c34fd337,fmf peanut cookies
caa4d9a8e6adf4a3b03335c9800d2d66,avi one baby oil
6395a8e325889a23b9828a6feda3505b,karicare stage infant formula months
2301e8f9456afe925b2ee3e325c7116d,devondale uht moo chocolate milk
a7a76187dcebb60640b8bf579cbe80b0,hello angel diaper nappies
4723ba514009e9642ac7ff38ca768e60,pams jams siamu flavours
86cbfed41895489190f2432b13d11e79,lazy susan plates special plate mo fa alavelave
8c385fa9be9aad978bd681cc8f4a0bf8,eveready batteries
b3b67fba47033560c8a66a4d213d6097,pineocleen disinfectant cleaning liquid
acbd93ca4fe01fb3b116210af091120d,riva detergent washing powder
3b9a18438757fb64ded6c1275b86ca2b,sanitarium go
eee19e5d7cecbf351f918e22a143ac8a,anchor block cheddar cheese
5063c24fcfc9a93bf1d759c570a4f4b0,lix washing powder
d25d7c4b0ec1da4b88f844638913e134,mortein red fly spray
157791f6a9472f049a9fca8df45e3c06,natural samoa water
d8886fe31c3e171d66f54801fa01364a,fmf chow noodles saimigi
99e51f3717dc58e20839af5a0ce96b06,nz potatoes taga pakeka
19e77597f72e7516edb6efa3c4310633,protex soap full
b1cd4bc98a1b8d1394382b80fe080e26,anchor regular milk packet milk pepa susi laitiiti
d1f7ad4b6898ce86781bfa2b5beb2e39,food club fruit loops frenzy cereal
eef8e399bb1d42b0f2647e32de7096a4,supersaver food club coco loco breakfast cereal
ca55a3e0f9aadf05154463523c3dd789,samoa taula strong lager beer
a8e401692708a107735d7d050890a0ac,supersaver armour chicken vienna sausages
9f2944a018b34ce82b874630a8e8b733,watties spaghetti
29f3497a6490688188eb15f68a8838d3,mountain water bottle
1015931e30a1c9c7aea34aec9edfcb2d,fmf choc chip cookies
27c7221c688c31e28fafa14d77392d3e,nz apples queen royal gala repack
4784235c556ecf24817adeed9383b7a7,longkou vermicelli lialia sapasui
c1f4f627f7bb0f0a160d6f466f81e36c,sin sing coffee kofe packet premix
0dc1de7a834867263fa5a4fd9c236e40,zap mosquito coil classic double coil
03a0f9e2a8c952730eba816fbf54c6b1,nz onions
7b4a95a3bf7248a2a56f803550208831,curry powder
896a46d025d00e288779aa3293b85863,supersaver taxi apa igu
d661731e992e3a91ed5d7788b554fa69,white sugar suka pa epa chelsea mirphol
45504ff4ecbef8c53cdb44014fa600dc,turkey wings tauau pipi
fb306a68a0b334f39fdabff1f75e829d,soft gentle toilet paper rolls
d4bfa1be5928845c23c58e70eeab5a79,fmf normal flour taga falaoa mata
66be9233ed24eb382297c4ad8c970fe1,tanumapua fresh eggs
8010e57c628d7f47d8551ec342cb09a2,nongshim bowl noodles
84ddf5c06c92e40eac37ab9fa03bdf83,cheetos crunchy cheese
9129107296063a40478b64ea8045930f,supermax bubble gum
b60bb5b25a691bc18bf3da838468dc77,anchor country soft margarine
1b89f1106f71301ab1af688d7c2b4346,frozen lamb rack caps pusa pa mamoe
e63fa9d36e6100e907add131631691e3,le rosa bar soap multipurpose
9c4bd08127c9810ed799359c8aeac67b,anchor country soft spread
0b901d924938a8281a44d6b2e50c2c7d,natural samoa water bottle
6edc2740c15ef6b6d0535a580dbc8285,kelloggs nutri grain breakfast cereal
bb670bd174cfba8310704637bb2314ba,tako chips snacks
58909b5d7da18bf8a5e9cfcaf24fe388,softlove diaper nappies
2f3f10e4bfb3d12da5e4dd0e92dbc66b,tapioca sago
d0c59b4e1ced25e8b12a5b4328df802d,nz green cabbage round
c4f1c776b27e8af522f6c8653b26113d,watties tomato sauce refill
aab8da648fa0bb1c141014fc3044a447,seara chicken frankfurts sausages
87b5ac17b5a17ece4931fdd6cd6406e8,shrimp crackers chips
759336fe10d627cf561201fc966b7f3a,farm frites potato fries per
f5a7df9740f2f8a136e57ece948998e1,tai yo premium mackerel elegi natural oil
bc216d170c99b9f7e56c0b8609f63b29,nz carrots
86f11ad9fceddd5b7252afc47d6e25d8,atb marie susu biscuits pepa masi
a1c447390b96a6033d6c9d4694268713,lime fresh soap
834194bcf2eaba492b110a9be0671764,long bar bubble gum
622610f5c5b2e357e331b843998ed495,fmf scotch finger cookies
390420354c8ac0a4797e227c731507e1,us fresh oranges
2c8a371965a3de97f951d66c315cf401,watties frozen mixed veges
423797095d66165ec23d5c1e32df883f,sanitarium weet bix breakfast cereal
f29fe566388bb5e136b58b26e4c1a9f6,trents milk malt biscuits
d075b43a9e29bce66163972dc40e0ba0,spring fresh soap
e22f9c2338353dacbabd9095846d0574,palmolive conditioner
174edb0195fbe5cc25e9a302021cc67f,trents biscuits
1fe3e18a651e548e53e4e87b1dcf1802,le aute bar soap multipurpose
bedee1c34fb4113ac9eb25e701195add,nongshim cup noodles
a6f6b199eb1becc3ce2307617da4c5c7,tanumapua sun choice eggs
8ebbc2581b2b268505ba7843fb0f0ea1,onion rings snacks
1755b4ff9c4322001141a450d4a241a5,palmolive shampoo
91759238ee147cbb6586c140626704c5,smiki msg salt masima saina
fc52adc1bf2b6911cf288032830fd621,trents nice biscuit
69322d2db3f3f99c579ff5c23c82c0f8,fmf coconut cookies
ed2809e905f5260bb37cc2d885f24c8a,palmolive body wash
5fde15b980acad7246d4e168ee4e7a39,fmf milk arrowroot biscuits
1c0bc1383a1c32f023d5cd903a87c995,food club apple loons cereal
a734522e3edf78d679ebb00cce0f6789,lorraine soap
2b4c8236a4453dd7e142e1d55e3b90e2,eva toilet paper bigger roll
0388a095857e8841f1383add1a87b37c,lamb pure flap frozen pusa mamoe
8354cad4eff531ec4ed13ff9b3ee39c1,supersaver chefs choice ham block
85a79bcac4f173f9947372041f8106c6,top chef precooked sausages
4801b1f998cddb2c3aa2b8bd9464fbc1,supersaver chicken leg quarter pusamoa
0cfc98132c9914ffdcb5248b72826fa0,supersaver island sun rice yellow
3e8a20c4a40117e230c21ff80d3a2acd,taxi apa igu
d0629f7dd765309988b6aecdd8ade5bb,paelo chefs choice povi masima pail
130842ed9b7df2a35a56432e44aab614,chefs choice corned beef
5a052e39e29b5dd719afc8340b4e485a,chefs choice corned beef pisupo
24d752373866e5805251766f5b88d7c2,king pacific elegi natural oil suau
5d43e5fded66cc0d24c74eea0a917f36,sea boat tomato sauce
fafbc55c1b06fc73324a230b1cac5583,chicken leg quarter frozen
0d0d0f4b0d7416ed1b4481c2a0cf5e3e,chefs choice povi masima pail
74bcd055f749e107cab2d90143372926,hoffy chicken franks sausages
42588a9d4ef697c3c88ca55c780a0bd8,supersaver miliket packet noodles
a8e25bc4c4a11c9d2ae0549c3f206d02,supersaver fmf breakfast crackers paelo masi lapo
3bcce7cb5e645f6edbbafad2b37d23cd,food club fruit puffz cereal
944710905dd634a1d7e0611e82a816f6,anchor uht regular milk
a4ba6b8f4361ea244c155e70972081aa,flash sale chefs choice maligi pork luncheon
9b880c77fc815df8dae4a757f80dc17e,flash sale fiji thai brown sugar family
0d0d0f4b0d7416ed1b4481c2a0cf5e3e,flash sale chefs choice povi masima pail
758ba607967aee02792af7cf42fe17dc,pre christmas combo
998a726bf5ad863200b2513fb0eb381d,ocean best mackerel natural oil
9b880c77fc815df8dae4a757f80dc17e,fiji thai brown sugar family
eef8e399bb1d42b0f2647e32de7096a4,food club coco loco breakfast cereal
a8e401692708a107735d7d050890a0ac,armour chicken vienna sausages
4801b1f998cddb2c3aa2b8bd9464fbc1,pre christmas special sale chicken leg quarter pusamoa
0cfc98132c9914ffdcb5248b72826fa0,island sun rice yellow
42588a9d4ef697c3c88ca55c780a0bd8,miliket packet noodles
a8e25bc4c4a11c9d2ae0549c3f206d02,fmf breakfast crackers paelo masi lapo
33f78fa7943c0b1465fd0393a0be5ce5,days christmas supersavers chefs choice corned beef apa pisupo
081ba93ac027d6e3cde11c37f2df3ca2,days christmas supersavers island sun rice yellow
998a726bf5ad863200b2513fb0eb381d,days christmas supersavers ocean best mackerel natural oil
c5a0eee73a00b8ed73238411560e7587,christmas family chicken leg qrtr choice corned beef
015de2c3f480f3f84e59b48a754ea94e,christmas family chicken leg qrtr seaboat sauce
e60ab237ac435511ed758b14d6f479c2,christmas family chicken leg qrtr miliket noodles
669711ed0a8e988c8900dc089be4b7e8,christmas family chicken leg qrtr king pac natural oil
9b880c77fc815df8dae4a757f80dc17e,days christmas supersavers fiji thai brown sugar family
99e51f3717dc58e20839af5a0ce96b06,days christmas supersavers nz potatoes taga pakeka
d4bfa1be5928845c23c58e70eeab5a79,days christmas supersavers fmf normal flour taga falaoa mata
66be9233ed24eb382297c4ad8c970fe1,days christmas supersavers tanumapua fresh eggs
8010e57c628d7f47d8551ec342cb09a2,days christmas supersavers nongshim bowl noodles
0388a095857e8841f1383add1a87b37c,days christmas supersavers lamb pure flap frozen pusa mamoe
85a79bcac4f173f9947372041f8106c6,days christmas supersavers top chef precooked sausages
4801b1f998cddb2c3aa2b8bd9464fbc1,special offer pre christmas sale chicken leg quarter pusamoa
0d0d0f4b0d7416ed1b4481c2a0cf5e3e,days christmas supersavers chefs choice povi masima pail
a8e25bc4c4a11c9d2ae0549c3f206d02,days christmas supersavers fmf breakfast crackers paelo masi lapo
0fe7c306e39ec546c593d05aaed5c007,christmas family chicken leg qrtr rice yellow
9766f9ace919f35a6689ec44cdc5952e,christmas family chicken leg qrtr top chef precooked sausages
0e41e1b03fe0da95386405ffc4843a71,christmas family chicken leg qrtr povi masima
