date,ym,economic_growth_absolute,economic_growth_framing,public_debt_absolute,public_debt_framing,fiscal_policy_absolute,fiscal_policy_framing,monetary_policy_absolute,monetary_policy_framing,exchange_rate_absolute,exchange_rate_framing,financial_stability_absolute,financial_stability_framing,trade_absolute,trade_framing,capital_flows_absolute,capital_flows_framing,labor_market_absolute,labor_market_framing,inflation_prices_absolute,inflation_prices_framing,energy_absolute,energy_framing,food_security_absolute,food_security_framing,housing_real_estate_absolute,housing_real_estate_framing,inequality_poverty_absolute,inequality_poverty_framing,climate_environment_absolute,climate_environment_framing,infrastructure_absolute,infrastructure_framing,political_stability_absolute,political_stability_framing,corruption_governance_absolute,corruption_governance_framing,external_shocks_absolute,external_shocks_framing,gender_equality_absolute,gender_equality_framing,covid_pandemic_absolute,covid_pandemic_framing,us_china_trade_war_absolute,us_china_trade_war_framing
2015-01-01,2015-1,164.8161068929213,157.4624620795103,120.1378338046067,109.03043040882774,264.31716335620723,261.5323085579622,104.17354057236454,101.78267719201361,160.31646805410608,151.56975665878255,158.3665088650648,149.91248506642233,121.50627146313907,111.4325403217948,199.53461542714902,180.79466206369065,103.123138041501,99.22344447391443,52.982949551865794,50.12404596186384,155.96340550233867,145.89945434217594,96.66743409924045,92.62555725562758,86.23076995776412,79.97159877331141,89.5385301754641,80.05839317551772,101.16892498922198,92.95764736733148,112.51918532465962,99.43920118690413,81.42923542058031,75.87702989574717,56.91479751007547,49.76286152154559,0.0,0.0,0.0,0.0,0.0,0.0,0.0,0.0
2015-02-01,2015-2,70.70811695574163,66.16247667615718,164.82586493367225,137.5155848048159,41.646462313833574,38.3187384595571,62.81500041144404,59.38409013083423,128.42165692340515,115.69968302538861,120.58793438488982,119.52098387770941,65.00742403282922,58.729438761128414,74.33446895410185,58.27454127018168,33.944879388067356,23.488449101034483,96.81447969430457,86.42067755978425,140.113138175726,128.38998336094642,118.65738880728185,113.24766531209767,105.4833165299555,95.53638017896365,45.88311253638786,35.341573991506166,55.806287932514586,56.9477235570942,61.954365865489734,54.17459940896473,81.13513792695211,78.68775660089543,73.85366478961379,65.07221303219963,115.57411790683051,92.74118382554641,0.0,0.0,0.0,0.0,0.0,0.0
2015-03-01,2015-3,91.39474210882413,89.36644422674497,81.62154598835883,79.67559169923774,55.7129337440015,53.4952555500679,146.3329242740664,155.2655144606565,95.01573054947885,96.52789913075901,163.79970556340285,164.98732016941202,95.91392830911728,86.09717024550517,54.99807463856436,60.15175161175659,63.39625300284667,60.33399334628246,59.53150388720881,55.48529567304668,114.28687042772285,106.8136494665747,37.70607546517785,36.516289852754646,100.86225736834221,92.77843656726621,67.89536223051635,58.94241131332892,120.36407996668086,106.8541521865814,108.28067769677588,93.90551984210725,99.00516702721187,87.25571273846283,114.07202071712986,100.10616474488293,0.0,0.0,0.0,0.0,3.2437611192625067,4.454576512025635,0.0,0.0
2015-04-01,2015-4,77.60711702074231,85.77736298224136,178.44943218067635,190.6200729565722,101.36985119644338,106.77579804181613,94.42171684382367,118.75338983316938,111.90014721140608,125.32350326245619,129.19681917464644,132.09408862566383,74.38950271247566,67.38698077967089,163.62403985901307,167.67864737640514,62.53877253044307,64.85813433302212,103.52829625796261,101.19234886933177,133.87289597402028,124.73903192002388,50.184106714250134,49.93408970375918,91.68259947547003,83.95850449134736,86.94642653649169,80.56738876001475,54.88256047587684,63.100727938797284,58.99442217031047,59.05469378407786,67.78507980481938,57.38742219956234,38.87445092000671,35.751478511917824,248.2905471139656,368.55198652851885,248.25100538405104,214.21138049753537,4.195506984270037,5.147897846074969,0.0,0.0
2015-05-01,2015-5,89.11119456091133,77.04261787658689,485.7782310348133,380.3726071345264,113.11845337292591,78.16977044167763,168.78270280602885,125.4468925328563,85.73938783213544,70.18695039894244,145.83604177699567,126.8882325524321,105.47253676390692,72.41678321495615,112.03309561223021,71.03397831095815,176.35096084733172,125.01948071548,206.68955310237448,148.99576798754796,139.96872751049168,112.11832789539969,153.37703463404955,107.98280781560675,169.89242304146273,131.4843802769036,150.95573467143785,101.16856606559998,97.54941467565114,84.95745433255408,114.02691507395501,82.40158194546524,147.41235510218047,96.53867490772974,160.90570501516473,114.87894372361527,0.0,0.0,0.0,0.0,0.0,0.0,0.0,0.0
2015-06-01,2015-6,86.0686905329447,72.56265626972105,337.40527872420006,280.31983485077103,90.48008792481207,77.36439398759703,207.38299602783061,171.19607509412114,163.20202302196142,133.43192512721274,245.58830186021098,209.83600987504343,100.19410602660648,79.13817650689418,219.4422601160998,171.82277513745808,58.06253548058047,44.52916740936977,71.99512198377201,55.493553203601195,145.5855738501733,119.31301116203137,150.98022820568573,123.43057090320632,90.45561582810204,72.89925420353882,114.31500623592957,90.02733115733417,133.2485164857765,110.22553354503752,100.58931377161227,77.68528458205682,56.23929255514401,44.811499479030786,76.38352281337521,61.30131948971888,467.19155927972577,396.767303770035,497.91319601898255,406.0482201432138,0.0,0.0,0.0,0.0
2015-07-01,2015-7,124.86042106066235,108.93079549837263,446.0614374063355,399.6082187588496,113.09060798811862,104.47036901439763,155.80446103195885,130.257817577146,210.23787424430583,179.6587796438599,383.497357413373,359.39695626185954,95.37733754562585,78.61424126944246,254.39081101882317,198.51148921078226,80.2884783602824,69.37658188305743,195.8475601273874,154.71605976907608,129.2070851060884,113.6392873501573,43.18125105961187,37.94191952173752,91.24762585183784,74.25450965193532,86.52905771228379,69.01018245584358,110.72696797427986,95.41558039946409,52.11379641355298,40.823417944085385,195.14503319125757,154.8165882407951,193.9207866496797,155.86102238450883,0.0,0.0,0.0,0.0,0.0,0.0,0.0,0.0
2015-08-01,2015-8,221.3243517814037,160.14812471252807,64.77665430838339,49.18319970559618,88.08317997026164,66.61421029729432,398.9843734312313,294.93382801618424,487.6930270399071,351.7948212728674,688.0407976378905,547.7827464012731,151.78955449544776,107.36644480034214,319.8643408415227,217.66967856849672,27.755193516679647,20.134895158396308,153.67924574295702,109.97191004642578,173.27638459045124,123.08606992127974,69.55748930040414,50.36780866934193,84.88721886099772,62.75944539523769,58.9026678871342,41.943719736134334,93.84364557557385,71.99335585674726,51.642380487056904,35.907224880122605,221.45218201667072,154.09317769115904,347.0408486931793,243.70459239001644,90.12878742117032,72.56981344368911,0.0,0.0,0.0,0.0,0.0,0.0
2015-09-01,2015-9,228.6147141555298,178.41238010992382,441.5833276910209,385.4791895438979,51.039979366560075,41.235580601038905,382.1373722749593,298.91600190484695,337.0726155809199,262.9901363801107,401.4469972018405,348.6893667643019,185.13532822693293,141.7994479586196,169.87261133299845,127.60984478311516,141.61730081989464,109.10283358942135,161.46397273549584,123.90129122110328,168.45499098094618,127.99484518830512,123.51454546957804,96.59167482971148,119.2975008583428,91.34588310544515,54.00742310138131,38.13944070239836,99.78338294256336,76.82317344176026,68.69702515651663,50.08953523228204,201.79468978828547,157.1547824760581,324.11361690161874,245.4228914377374,735.2376826914252,589.0998252768962,0.0,0.0,24.427635549229013,27.69125057296575,0.0,0.0
2015-10-01,2015-10,164.6522143410083,167.28136863594617,183.8333079934267,199.3634454694787,275.889177898196,296.2877131700554,201.42826719370507,195.84321606006188,199.8683954534272,207.05233010229162,148.03600153129585,163.84149580498465,66.677102741938,66.78292897362394,132.00229801715415,126.62348193471053,94.24797452394192,97.98027871004663,265.66912927094097,242.162924773431,101.57968675198978,102.27332903877112,51.69817708713749,53.19955379806995,95.59643510218936,95.89579713211384,95.55765956040023,93.05862906376126,105.9568456497688,92.66806936161935,106.97406802497214,105.02983532535912,106.60925040143552,108.06676835218107,125.03068778675554,121.04833817562374,0.0,0.0,0.0,0.0,0.0,0.0,0.0,0.0
2015-11-01,2015-11,74.22815955067033,80.98755097443652,105.38619478766913,108.99313069561865,94.58146537785528,107.97346104819337,218.78756806862742,238.25622796721152,149.4297438759686,162.31432177855075,292.28445979689354,349.21989677657933,123.91530872163162,134.95195631763463,0.0,0.0,71.86414880969708,78.63196077773493,55.37377543661113,58.38645877180999,120.9420789872744,129.16150763944273,154.95165533433288,173.0915324589468,91.32678817604315,98.18091186486403,35.14845811276604,32.48593492595282,89.78320737744316,102.96490517171524,63.10823230649179,64.48344687382435,92.14827811481247,101.6164276475425,103.11704255987813,112.08484544847356,0.0,0.0,265.5620911561577,302.8700480476862,0.0,0.0,0.0,0.0
2015-12-01,2015-12,62.84702609224363,87.30389316947426,96.17167782067122,126.44516957406739,67.84505282804011,79.09876765807608,164.17970118933314,209.13178916592665,119.53564538941379,151.86398799927707,122.78069320389848,165.52684630618222,102.65588206561026,117.7375311044707,88.7948267404805,105.30346599057016,60.61905310450567,76.15787212540396,216.42441459288472,237.53497961368785,94.3885701075194,112.04919900260491,101.36267988583184,118.41772713997398,81.78836112414166,96.13883774456372,98.76951095967988,111.67733357293325,44.14817853866052,52.004255613613466,95.68736713658441,107.96339219845805,58.94233711772061,65.12398312373479,60.53164965411605,68.81294624144863,0.0,0.0,0.0,0.0,5.107468824439142,8.178660749014707,0.0,0.0
2016-01-01,2016-1,112.6356828705347,107.03421480675266,143.35973106107124,147.8314831336649,215.6906454225556,201.4126670556278,120.14545531884657,134.94787888836302,150.13535100894865,139.95650697481994,158.13629144478793,172.97799686377627,80.6788629795408,72.00442847646904,64.65350254412988,79.5109548849401,157.55234190552983,143.4048663077817,240.25189781739292,191.63597018018015,158.14862625523983,142.6890722105614,108.05486870741217,94.15023975294208,115.63896714937816,103.80033723925398,145.51026023116287,125.64140411439176,112.8429637382571,91.38880653749375,145.64152672854078,119.71267104608278,128.14786694681604,106.34275403226918,149.19661797850034,125.83373314789377,100.522296469739,126.53793444620567,0.0,0.0,0.0,0.0,0.0,0.0
2016-02-01,2016-2,157.7664398623705,160.39384010054886,0.0,0.0,90.9519842100585,98.45808284851415,85.83822110851189,89.86144719434462,190.93317121560844,196.8949290373679,51.52517151282214,56.53563174679399,165.6872338302349,167.9639765283223,329.3419355229879,327.3199250850725,150.66788158850676,155.40131592814626,164.35628812832468,160.0386023265562,108.46930453852104,110.20988903531132,91.8683945780603,93.75392748268902,101.88033472400751,103.10223529871111,16.1368075496884,16.951932148504277,179.62153479791672,181.79299564047466,160.5532999832646,159.02956572969936,21.905540271934203,21.801654494777537,122.45022241801709,123.73707222421804,0.0,0.0,212.99030924368688,286.9639314056463,0.0,0.0,0.0,0.0
2016-03-01,2016-3,134.95312865071025,159.87256699990996,105.27979782170479,115.23030859961695,96.41770096379521,120.96342422753249,93.71538305934456,111.42063562593992,74.04231563975085,82.45625253014566,92.63937664109335,100.959981628749,51.27622226666797,61.53819394154528,273.86645373574123,322.2915896087831,157.20158964512552,189.49298316632704,89.23392340202805,102.12900424687007,86.28584523872878,101.1212514835995,92.62973374165419,109.2029444408136,86.07754799982601,100.72636706773697,57.8025170987324,73.79456224040922,130.32805283609832,153.12017628660325,75.41120434238056,86.08435649316962,82.78705643429876,103.27888044345428,63.16013284433013,72.26915651657256,0.0,0.0,0.0,0.0,4.48353775148898,8.106488627240585,0.0,0.0
2016-04-01,2016-4,75.33086720940418,88.80378154392407,245.42159458197855,286.00312055535426,83.96699059815624,105.07965161441807,106.55158558548756,125.89820268630017,132.46303911102834,152.97759618421506,227.6285985944344,275.35107836695636,76.87903529424129,88.85366827504615,142.38020183161726,152.7446874494787,23.52426820308244,26.506192707244402,78.23600811117576,88.31302843205734,98.1496240085504,113.9140601101299,72.07876289977914,90.77554142041944,61.78469346057023,70.19634965475531,15.259433151997452,19.466720547739826,53.241699419986155,64.51030203856972,109.74097673620328,128.97310398357854,75.35242680710418,90.98297536648106,101.89111230488554,102.22723237525472,93.39571574986945,92.58583883475808,0.0,0.0,4.734482028624557,8.553841580674625,0.0,0.0
2016-05-01,2016-5,59.51699442504977,85.74847536543639,86.65416980836646,122.43516974971881,52.043613337518956,78.15090101942371,41.91703583131477,61.22091681215917,85.4292770602296,122.21214000631613,63.26941513877356,91.95117180946414,50.76496594384054,71.84585778936838,0.0,0.0,27.9565265266452,41.89392477975079,43.93471597791636,58.72330108239569,50.80046825139844,73.7210817178385,76.31590416349404,111.13252806700527,96.29210331956288,135.41341477127614,44.4974558442703,65.45304901460372,43.303873417801455,66.97491224164403,110.5501247546951,152.28152584712586,62.62228385522498,88.76198179847924,46.111310709948654,56.613477152420955,0.0,0.0,0.0,0.0,0.0,0.0,0.0,0.0
2016-06-01,2016-6,69.38542918601999,59.724463109053474,89.14847960029171,74.79576771822214,38.923730672343574,32.35613990148522,134.44690379834083,117.12131869279568,119.66735557863606,100.63012347270796,97.44739260527344,90.98737301794874,142.23841588062427,123.95236259625912,40.04657247136403,27.73949113950836,70.5728046092473,58.699648793250546,110.22071071549541,93.77548291926126,128.01404792728295,109.64910353936125,126.1297332085558,110.27147590990239,99.90443679166738,80.3092419379063,183.11319782396944,174.6851251468738,84.03560351535315,77.64223513152224,95.59715857144599,77.06891358285492,194.4151837838101,176.21707122132082,98.32095395064955,79.26245250029818,0.0,0.0,0.0,0.0,23.672410143122782,31.982550325273078,0.0,0.0
2016-07-01,2016-7,136.1593342081476,127.96753696020377,174.2974813945568,164.22017617629442,75.07257653718396,69.17639951151038,246.14872166145213,232.79136015031267,84.69144359693294,79.47647428971824,18.254647416222642,13.04706236300187,90.028950231457,82.37839460708413,91.80392610088917,84.31901331357818,94.75186060948904,87.54343793046439,122.93344429385816,112.67791985568262,116.09977874829443,107.65676351892623,48.810869347771636,50.468337105037634,130.5780565525595,121.76192900497342,153.17495204418844,156.4483489689212,102.81206171284451,101.14488183849595,93.26829026260408,83.83262893802647,216.83881378027814,211.02564760403274,164.42127289914563,151.73003382989242,104.16787321447984,82.07015668007966,0.0,0.0,21.12220757598019,30.553212068460713,0.0,0.0
2016-08-01,2016-8,114.305539562558,113.41209465376751,65.03158198528325,41.9699244801911,43.49727209593987,40.351591188729884,59.95438024580219,52.27596760168402,95.22664032506495,84.26342933485199,64.43718143564843,43.26242204300023,61.4560260174245,56.47530943547834,19.70812433270696,14.249785799956978,64.30745666290943,58.476175228851716,96.51458596226547,91.99173056268634,88.60805740314458,87.04933038260809,51.303630214526436,53.483665012543845,137.9093740911702,138.86458806391823,81.55240733714882,86.13280834978367,105.88382468124799,111.67873289348285,127.1220960386413,127.3843341933038,82.67658710719849,85.07922309241535,114.0943658820001,105.74265629586024,0.0,0.0,275.7331471133453,338.0562096775666,9.31992474889787,16.248238815410982,0.0,0.0
2016-09-01,2016-9,123.38109861265114,135.2884865177875,223.93446824332656,255.1856385386879,57.2717416211671,63.33249696193749,369.5012553075361,406.3181199798256,66.30330652348496,69.67906565812777,108.36473534528331,126.59843236750599,58.418052657835865,62.20791873730724,91.5318338480709,97.24834366918284,62.487571635290664,62.95936626912217,54.521873397770605,57.13566222172818,82.54544670011201,88.58174556913825,50.80900020944254,55.95953928273198,157.90536372834958,171.30095415904435,84.84498101110617,99.35355699073308,97.86676809368285,106.7525410895933,82.90843424625704,82.71137446841986,82.52595817039256,89.09230078822941,105.36602995783753,114.8525149635199,0.0,0.0,0.0,0.0,5.264901177059674,8.731358575689121,0.0,0.0
2016-10-01,2016-10,126.44630216048037,148.86663832693802,87.28734223911651,99.68442955809441,224.0083246167752,280.414599317998,72.04405194607881,85.55012405750702,64.43722746913444,72.33993928985197,48.07565285086609,44.06718317616061,57.0755171971504,64.34621774016928,60.98670079517542,72.9069561029858,93.4351605636982,116.5556262743039,165.11417269902026,188.2883795422317,90.13964938771447,104.23839949547639,83.173085005794,100.17942216036427,110.73362968142429,129.83771890103705,132.37180771550987,146.3538376410737,88.64943495459212,102.30515332162787,77.96951764209598,88.32555595604342,95.17820583988198,114.92033925854808,60.18317555184126,63.21093342527137,846.587702393263,1115.5218632015747,0.0,0.0,4.635641067692938,8.295721077123554,0.0,0.0
2016-11-01,2016-11,124.9803794075598,119.04267172970039,19.835204875011982,11.682824505478054,90.93044196030492,83.17673573379713,143.94438878423523,139.17334809678167,212.76423104568954,203.32919627335573,146.3856359795132,154.90485548579113,130.10847373637304,131.54935947444886,54.10036242650908,35.6993666114677,65.87990033901119,38.37114171715509,179.12844598143687,168.21562533365088,95.76815912187745,90.32284982125815,107.80098111555107,114.11587508200165,97.52073151981654,87.9374872324413,102.10863253523769,109.06679936131592,107.48749815952318,107.2895943959404,119.4261565359609,109.49667838015772,144.54276955022704,155.4383710230848,88.55022064878473,84.61382056849158,0.0,0.0,0.0,0.0,0.0,0.0,0.0,0.0
2016-12-01,2016-12,90.07800559987346,99.09767485547154,165.2626237196919,155.03901736732217,87.22776886245087,99.61988051973637,124.25441695977554,135.48418774360638,120.37418075170027,125.63677618445674,156.02965913152804,165.4570071593972,105.7304617205262,116.74499726386364,63.956330836786826,54.78558684060069,119.65554296110709,121.02922206950728,107.35967771580873,114.63062514078163,82.73252632545146,89.58085344268488,125.38850315171123,147.69455308628582,95.2157707302596,103.81075436345974,104.46400963550107,115.68142138582392,53.40777054688036,60.15477446984558,102.35980072912639,108.90656897625865,67.3786302973377,73.44400059235863,72.9109146997113,73.98025342342784,0.0,0.0,0.0,0.0,0.0,0.0,13.761740138734703,10.517849340259358
2017-01-01,2017-1,140.32240167381602,129.2093592034978,66.4516179290223,67.68876616358696,114.42288422343545,108.76044742158025,118.06922959897692,99.86034178833103,164.82582314716228,144.2791069088655,81.01402890260285,49.00110646604108,133.81623280302733,125.9299561063023,264.27772880381326,246.7122074380798,135.8629302852604,133.97508029006164,203.44058198162028,180.25794547126262,100.32150450935053,93.65554191766381,62.432553957585945,60.867046310598,118.3902444391891,109.52367594671524,112.23867101366758,112.0584457196886,148.97808712971477,143.8019301135959,150.30161169937276,149.61479758073398,107.05096951913305,112.19920028817143,71.20289286116522,74.385728048977,612.9032951906364,620.7270258607351,398.7808006314517,355.6142418381085,0.0,0.0,12.79587658282351,7.436614386764514
2017-02-01,2017-2,74.6613718191854,86.03847877101109,0.0,0.0,18.334506117787374,23.513291787588773,40.66170704530905,47.33337924364337,186.5167234403097,225.96192718538413,0.0,0.0,135.46378889765526,163.96447191873415,272.37883152344085,320.50292256614284,41.92392866855108,53.12145074727777,65.88500531264846,74.4610814710257,51.56706518287972,58.04960899717229,111.63542651528033,140.5581638079163,90.66801240330012,106.11165919521399,66.72889648752266,82.99439448005596,101.35168556666503,111.28043947184847,37.27980476358138,44.6204953301879,95.5717708603414,116.15446836120493,40.895314199109485,51.13919380935008,0.0,0.0,0.0,0.0,6.901234099222742,12.156146190202202,0.0,0.0
2017-03-01,2017-3,128.07219280990765,121.73492159675091,45.9329980596442,22.659356770043335,105.28521990178717,94.54225544437935,111.16055325729474,74.0867898745032,166.73056269196616,146.51954812114448,50.80914633893634,60.229833514805875,141.2766157442433,142.97074943459128,85.83335391978632,94.28990673283695,133.5779732294599,157.9647726134832,125.82201320887563,120.71044824718079,111.7233969211901,117.91518399758236,49.65518869577946,45.386208962763426,68.79686775949675,70.17233167787973,150.05318218854615,181.28692980774065,94.98508848378755,103.79903814254259,100.8202714226841,113.98477544348388,138.62312006151225,119.00689587531944,32.97936989816597,27.5917061441274,97.39319774694556,55.09650002260958,0.0,0.0,0.0,0.0,13.47870268174016,6.646467220404135
2017-04-01,2017-4,128.40854143359192,113.8083666089409,194.10944235186633,140.0846947308087,75.94793891538008,70.26484171437887,194.51799850065584,162.61664111708805,167.86434892108682,133.9903266144974,143.39435822106935,82.68943511002759,130.11679188575263,111.10316619559897,131.57157610556732,81.70879132006314,216.1154093652255,190.13349257244323,154.99900682064393,115.4604669742968,108.27709318913317,94.34534847578678,112.0575232150596,109.94542886397711,120.41794619511059,108.33524882824582,100.26863955568204,109.93685115014576,78.54235059056575,72.46675326558388,82.24414943264662,73.6923514996062,134.86439544529625,109.57571699874305,94.26899209606827,73.77684169024657,0.0,0.0,306.79940361823475,335.0218027976702,0.0,0.0,0.0,0.0
2017-05-01,2017-5,85.69432465273891,95.12257518719271,0.0,0.0,34.95278666303095,41.00615444050639,23.32579072229006,32.96237607519977,97.89533540640224,112.79302095668221,18.80239862467023,20.45919412010244,87.96705428649096,96.00551163463311,46.00573787892157,53.91082978413492,163.6771720379737,182.78063410455655,119.0316616205952,125.22926656054997,78.61177499515443,88.76064623096696,130.1160488843448,146.89562704102124,107.54909258666402,119.25598113148064,112.71621860242064,120.80411139182905,70.52083509987504,76.61434352369815,149.62040040356786,159.83684500648715,138.0903817176825,150.51424923990183,112.95168990288951,117.70270556729814,0.0,0.0,0.0,0.0,0.0,0.0,0.0,0.0
2017-06-01,2017-6,86.14152515154451,133.04534518708124,27.935586041007408,28.32042857041337,22.637857503135354,36.71821974809223,48.26039559977187,74.81967811035184,59.93074959677774,87.90279446782604,82.56252279772343,124.06743166458519,108.9143943752319,174.39094524139935,79.00643591856397,129.06394715032025,84.5609678455852,139.97645785211523,65.71288148290466,100.64019216587033,84.50152844260613,129.93407834229157,41.63280032604051,72.7735386801413,83.94617215337621,131.03293537995503,96.77720281658966,167.10587312563743,84.98210934776358,130.20443040524646,132.7593002895856,197.76255613034155,41.58244391388079,70.16170420138823,37.85062739048496,56.066801104728036,0.0,0.0,0.0,0.0,10.499225705928698,21.094256726393883,0.0,0.0
2017-07-01,2017-7,71.40737015253568,104.65614962683433,25.223889960103765,29.675423977074487,49.25177655331007,77.84508000177664,43.57577844448266,64.87190909918301,65.70626309695596,98.55623830045523,37.05820348575092,65.12813229514906,64.2124593094788,94.25588184955153,236.94459166593884,344.34627362920526,82.35057417036819,130.15869090331427,25.883394944254754,36.489051978725904,66.00492316571062,93.71017353208524,95.08225260117437,147.10968925949388,86.8314774083531,126.37694275983999,147.32538349453438,215.62810276525073,49.77091701934444,68.16510148465561,91.8237455475848,132.8063929175568,75.09210567598252,113.8411194106149,48.1980488775219,75.1810475027395,106.9660334229274,144.31230457392252,0.0,0.0,10.844796441635738,23.828085299452955,0.0,0.0
2017-08-01,2017-8,52.09258812694174,95.3901137233511,0.0,0.0,5.965529193448908,12.119862517377948,22.98793980054295,51.432310270382786,56.99553621997917,101.22389510288374,55.163339929840966,99.1551125942358,57.30201737785884,93.44655928941724,68.00908565746434,126.17833669206824,48.84378050370418,80.61789268318952,22.441792171099756,46.7402215633055,33.64856129930801,56.11800062214961,24.773651853636657,40.631072512080856,26.556803215077107,42.013768125812625,69.10488012829745,111.95867571598775,85.6931153535785,130.9201805376963,75.98605379555538,120.32288710470996,49.48737441048457,78.34565537640113,57.60729024816999,91.79901236076833,0.0,0.0,0.0,0.0,0.0,0.0,0.0,0.0
2017-09-01,2017-9,52.58047754994536,78.83939232253549,57.05265287987008,97.31013526754171,15.911334709098012,25.31385024923951,25.68510873196201,46.599540069849446,51.941691792239936,80.08163955007299,0.0,0.0,75.3936357815802,112.92502209387543,0.0,0.0,29.75827859000853,43.954411422808676,94.1243106081627,134.3606543208268,71.160334282352,103.51740662515243,27.68033791063786,43.23473526723365,46.89470732246653,71.9350704044436,96.51617192564808,148.91631595534315,106.74203948510909,151.38743596554596,107.15621242823744,157.7180047475175,55.29371503585498,83.36609053402394,37.748535340881496,54.14756037617606,0.0,0.0,0.0,0.0,0.0,0.0,0.0,0.0
2017-10-01,2017-10,96.3534246164752,114.56653846609657,46.87093789523534,53.21863133104747,132.9380253715033,166.73372133555287,27.00724351212398,41.4293014838053,26.78434586401176,33.26716053355541,0.0,0.0,32.03587719466738,37.2904465339499,66.2793639952105,72.73782215672026,125.16031522683679,145.04133291480593,158.35093889042005,172.16969911945654,69.422842973289,79.29809365406595,30.13038965231637,35.727212965778,148.20096596900666,168.57058915135843,81.18745488697455,94.17747983950383,89.7892481885518,97.04950291967926,90.13764210497796,100.8162632240698,68.55417347735917,78.8300064118074,69.07056984024086,78.77972805966246,0.0,0.0,0.0,0.0,0.0,0.0,0.0,0.0
2017-11-01,2017-11,90.56971546252497,104.15069375479165,65.7919623696433,78.62559291631732,135.61212283673763,167.00439218591936,52.21807067878127,62.11084693342458,86.96745581860453,100.18542688269815,48.12588864276878,46.995628966098174,80.69782432905477,91.20077194924069,61.050427755253985,68.98148097950882,107.62790790922587,128.3682944641809,85.88142757762809,95.05395577917805,78.44060010401812,87.42394430447297,117.95960092378142,142.61739351247854,160.93644748781577,181.26079874443258,141.0374476265384,160.5404423063177,231.07911642537928,251.52723351604644,98.67467957620319,108.53976007268707,32.13188847890788,37.49969197998433,75.74498828669182,77.38174041369123,0.0,0.0,274.58065747023835,326.61062509084337,0.0,0.0,0.0,0.0
2017-12-01,2017-12,57.4392417112904,68.65557062086481,72.02219364552579,84.99027926031472,72.0747722922742,84.4782626032263,58.074019337122216,74.06895967822555,30.35225088079081,42.837854271649626,53.111943209614466,63.9636145416526,110.0081435375173,117.3025347933168,111.55019679246664,125.33509729734716,76.92886777858685,85.32906631797725,70.87742676635146,79.19906935387505,90.55541650533439,98.19259618356988,83.48332011921315,88.96877257333401,166.885156624464,175.97584299097372,66.53502985042934,70.0436906432401,85.86311943589219,89.30378615901813,81.2704988805553,88.28367930924126,141.69777858096663,148.55350191671135,158.7494320047005,166.7754979267196,0.0,0.0,0.0,0.0,5.160888021905677,7.694447454807951,0.0,0.0
2018-01-01,2018-1,46.38780383254763,55.91533051395223,20.856502652523957,21.386855699817467,57.62534136368455,72.20558745005233,67.25466740118641,80.0190786041787,86.95594916692593,103.99451092085792,46.14116823005881,58.67946260117586,58.548937135233395,68.0308953704446,214.8808309575706,246.8394767895343,58.17319656546085,68.09731790049521,40.17317039182311,47.82096166211643,78.67030378883416,91.14902307060444,63.99026980050758,77.15374555624153,71.79705199135908,83.42691509429307,43.3518878240493,52.63723354371262,63.447016519607445,71.25013844863572,123.85048625124404,142.0756526198827,132.36858179238348,155.83844070240303,68.1118031155518,80.32529724377895,0.0,0.0,265.29398202828685,320.813643316238,4.4835377514889805,7.70974847173503,0.0,0.0
2018-02-01,2018-2,92.14501810293658,107.81263130324103,46.73838433783932,52.646950547563314,72.32320630175712,87.41166137236766,107.67421973755643,137.9358885929931,43.12269574242582,55.119134408030575,103.80011602149656,126.44263093585356,87.36178493541335,99.99761801804368,66.09192235495256,72.41126235704395,105.40196699285815,122.43438625242263,104.04796427832467,129.92571319278062,83.45589377510449,96.07784016316205,92.87316995809036,108.87881898070653,115.55891080447063,131.67777015095882,80.95785235618558,93.75466571009336,111.24733359489939,121.23963855210023,107.39877608231954,119.95736548647326,57.97552276454534,65.60698117121224,61.43288873573595,69.7034576648714,99.10088390653567,128.01169695465282,297.2553045237761,342.84981021321624,0.0,0.0,0.0,0.0
2018-03-01,2018-3,66.50072337304857,81.5087820293342,40.26971905911302,41.293724309296685,62.313561764866755,82.1969205921466,44.06561072944075,56.37027275487281,78.29029511400479,97.4494964240765,14.963117424018753,15.962024154099309,73.7956599850442,88.86692886284158,0.0,0.0,126.68416760949492,163.28471181121645,94.72646365810526,112.02348743692217,55.865792859547035,69.46854419974221,80.01937840443654,104.03017662320481,93.2468949944601,113.42291412286376,41.8518956040164,53.74772352076396,82.27410358852981,94.66581007715833,80.59582458373893,95.82913549135581,166.70705588314297,205.61049517261796,46.51816761267918,56.772030155130736,0.0,0.0,512.2294136433101,655.1637250590188,0.0,0.0,145.87134159442735,172.87401070245195
2018-04-01,2018-4,84.94355488908406,114.446213217453,0.0,0.0,67.1978429969383,98.10976040312605,29.573770380046327,44.00618070894191,76.0741492654824,103.15436306063046,54.17478758555146,74.636570911266,78.1129139297928,103.37871276630328,68.50674520927043,90.37128205847705,79.42403178351631,112.42013731683717,116.04543216361854,152.1053502995969,93.75844928129766,124.24316623526657,83.55795747871315,117.68700364196827,64.3209381347916,86.17402971554891,50.80159111472444,72.30674299966353,65.55919633947225,86.1577607028029,80.91986144369864,108.19934979779057,214.48271134087705,292.2235594256148,18.99867372092448,23.645163671298913,0.0,0.0,0.0,0.0,0.0,0.0,75.30492585233091,82.90544643012333
2018-05-01,2018-5,103.28915362589393,112.23339488437757,201.5187443164108,259.84778967163555,129.21930608983232,152.4972257627526,66.37831478442936,73.00508040883994,146.21260052942245,162.9730621207517,144.81682809327424,181.97667327830519,52.55380597679851,57.083178630138704,184.59661274260066,199.52298320187492,143.52643774207527,168.46224751633557,214.6117939738558,227.40772887735525,137.9827831712557,147.33352324803076,59.97608040879945,69.6872036166284,108.15162578731022,116.89823065486563,52.88835943674912,55.71064863694321,59.75816732946218,64.50242407651001,151.3276340952962,165.57318154342707,231.33243784656972,252.54257058424926,204.9665270060246,222.6341604444961,0.0,0.0,0.0,0.0,0.0,0.0,85.34590701016121,94.26694744900162
2018-06-01,2018-6,56.79335720694913,76.62142241980303,51.10625648356221,72.68218397790669,59.9176917567355,85.8069752149628,75.3097049874444,100.95228818313686,63.16406800582371,84.83636156152761,49.27056599810065,76.31940321267464,47.072014799065485,62.65628939298502,15.245002020348812,21.1625925570895,50.75717185211871,69.5396945188089,101.12461616110336,130.41560774751704,130.47601900690222,165.63382296959296,66.63951480759081,92.2460129824241,47.19923232448804,63.06144725455213,74.70194195525687,97.51767039424905,46.737225534941544,61.76353270960263,73.19722763178599,94.77435670299944,82.33018962611895,110.14583941821301,169.62114986172398,226.98471143163277,71.10810176410516,101.03780366777953,0.0,0.0,3.6046624536118785,6.98064409982476,0.0,0.0
2018-07-01,2018-7,61.02126496483886,72.38743098155636,65.73999517694467,75.43520019575722,116.06697522688387,142.65503326208076,22.459325618808766,29.085938643205225,86.58378141242768,101.06105752225005,12.069306978807578,12.035436270515035,115.9901312653893,132.18933581393904,91.86361534870763,104.71930586512885,41.43731656789911,45.2090496868909,136.1479583074586,151.22273618216107,125.56902862636748,140.7752141549889,111.04931377182747,132.80985280758705,84.32556820559674,96.25084333392249,83.60545659233495,94.90256209880305,79.58420684122365,88.81423809892415,99.38501638488938,111.74856008511857,79.74118995234163,92.95426795916754,234.25164017283396,261.18516613546393,68.87199793504523,75.70670798932402,0.0,0.0,0.0,0.0,57.18911821804376,54.79645561615665
2018-08-01,2018-8,45.279858310536206,71.78176703002985,34.3939366751412,65.11474672423772,42.38655258858302,73.50422119846566,87.04527450251534,138.89337746764045,69.70371237577126,107.89650429017316,87.08248865044408,123.5906800168653,55.933462071885955,84.7618452571925,283.3104262407313,444.66784276343043,32.900058656356855,57.40202835449615,71.85870010545429,110.02520659385702,72.19843570637562,112.20986555159669,41.717419838898316,72.32594089185328,75.54624366128309,117.43358409012166,34.91060560139905,59.78810842187635,38.25385841609886,61.8248365246463,70.68617880892866,110.67984136656041,50.00035329156886,83.67620477951638,108.33746154778167,181.72141101552057,0.0,0.0,213.6371456902586,364.3968270840005,0.0,0.0,131.53503214480304,199.8298493833472
2018-09-01,2018-9,36.99191462443048,55.57084595097421,0.0,0.0,24.183085828440902,39.31345355874978,88.59485338394093,133.28037174636336,56.78425683080269,86.04268096568238,27.566456543896457,47.46457174120048,109.73051040937875,162.11015418868226,17.058894177175056,26.04863345446657,69.04801069111404,105.35733488017169,49.76598618939756,72.48391577702535,79.48358920662035,114.93150931749705,80.0498184929435,122.79772522135467,71.72793838759861,104.20677493544987,57.58955122227904,81.54159695495899,74.51198045627049,106.4513812344823,93.49412913583893,135.46199011335327,63.22492798976033,93.98639524976517,74.74769536571681,108.8941922274631,0.0,0.0,0.0,0.0,8.067110159581896,17.365611822336394,168.9702776226687,238.96475680594
2018-10-01,2018-10,100.74076006719244,122.89574920828663,86.46736297047977,111.9957547533253,97.16821672054739,130.9248679006971,41.43672772768961,58.347356560366194,71.74475047884049,89.58522652680728,25.459632631912502,33.12343534736698,72.9960646756853,90.72192497828453,64.01915576355537,78.23237147204496,44.73971492240898,56.09968159923218,38.13366518326659,51.99064924933985,78.25841005484024,92.7427806984293,124.13744763096575,155.18887281902877,113.8617961411855,134.2049776878759,83.0791360497639,102.2553452998949,171.39334444308528,188.37951437336991,92.40663681815163,109.88872493863005,75.60590480481505,92.18510566660026,92.83760847516956,110.45528059245818,72.64111224989846,104.17845232539517,0.0,0.0,0.0,0.0,248.19899913081665,292.67488709448634
2018-11-01,2018-11,107.57288880443348,137.32153109003264,72.58791134120973,91.95761383188285,307.5222729263659,417.2876784741778,84.67268539558937,108.3247587922379,48.88987888906342,62.79350319688011,39.67259299641775,54.31750413795225,108.24873201428946,136.0167291323674,0.0,0.0,151.13670409403167,197.5133414687266,92.00738046590556,110.88942559975432,67.75862196365861,85.59776382801648,108.4698558330006,143.58438414719475,112.20871026146739,141.11510946363043,67.46479530581844,82.50705943351194,57.5049188120523,75.0991589344135,81.53022452437712,98.60204145904103,70.25229927937094,89.98229457913177,77.1495193311076,96.8707978191462,352.0099908388655,486.8673477314305,0.0,0.0,11.56495870533811,21.723907983732847,193.06298163996016,226.1699018529469
2018-12-01,2018-12,50.26143555086334,63.339687007078126,0.0,0.0,31.00984129065408,40.791090872853815,53.76627767267301,70.97878032919168,67.50274367507514,80.44967710933672,0.0,0.0,43.37951339879908,51.171046053159955,57.39219976599023,65.35256978722913,78.27732295931267,92.69405991641855,74.64720162462807,85.2973332503863,113.2163734318971,129.79175827241727,56.33339324128079,68.50338258695739,49.40272500635007,59.80830999708279,76.34523005137804,87.27143463089128,94.27023880001308,110.05611726542313,46.13105041850808,52.75358535782079,89.5684884033467,105.66579495564902,134.1884933595725,156.13960207417605,398.3452941516435,499.9675223793575,0.0,0.0,4.362420572544042,7.436144911361919,206.56626894598116,232.77825221145838
2019-01-01,2019-1,70.2367471028508,83.53628077005374,39.51848865990066,49.338940659087875,42.297660844402955,51.93834294469491,91.11904117302097,106.01558383681068,52.61199484371888,63.91682432362248,57.03408277339232,71.65707271494944,109.76078019911014,124.18874865648988,72.12246786627539,81.6256501024721,170.65504216880845,197.0624196948906,76.7758301651472,86.87116194790933,99.66223572516257,105.81755308313585,107.14132521181475,124.02827570534647,67.71573776544615,74.71179098831787,66.85356514046524,75.50470725264125,51.08995203634054,55.7174454252212,118.56757640721464,130.30769302703456,95.7503262472827,105.67230696292978,158.33634245581828,177.12164729208416,81.83576027405654,111.28892755435947,245.46818234378148,276.1118538016994,8.296953092666667,13.270962673973232,151.13319900804086,165.56884304604125
2019-02-01,2019-2,80.32952753589933,93.7069065796442,67.26806408947506,81.72257602258914,30.490331528167488,37.91774465308006,35.60858890845321,44.21928756307439,47.349133896172155,54.57530399069361,48.827806764821844,60.84984211233966,112.67889276709906,128.8201294209478,0.0,0.0,61.56041794667624,70.81635847568265,149.1307186238304,167.1394585803144,83.25099989619684,94.95931023010301,67.71619897158413,81.02460492352611,120.26237192482951,138.56269935205668,128.9097105577176,149.28267173461296,101.98095586938638,113.00619081184705,67.80266588884791,78.14299697298858,65.70559246648472,78.94874021425647,101.98213668933512,118.2182460319868,93.59527924506146,98.65434778638577,0.0,0.0,4.744598443215636,8.26238061365306,332.747955143152,371.53113248193245
2019-03-01,2019-3,56.673832035109434,81.42324986272166,76.53467591211879,131.5714504046627,15.1430987096957,22.894801749755295,25.841937754070333,36.80239492179497,37.46429388998781,52.74830153564542,41.34131807496449,63.59259099732978,110.91288826780145,161.66368692008908,16.98945498785141,20.063760409251948,76.52519158417147,112.82989822994436,41.60036201810901,56.82564393778366,96.75116828799227,136.55634880716497,85.18301047355017,129.32784259838854,54.91042698050906,77.89251475339364,96.19732318900955,137.95472223655963,92.03440932311544,131.84787564694318,82.03331899113918,115.3347901283168,74.17510574235452,112.71793442657541,86.34579822814806,125.19659508403832,0.0,0.0,0.0,0.0,16.06854506684698,35.389487166850714,146.34833969978087,201.72603161692385
2019-04-01,2019-4,67.07264743407829,89.13228950500618,74.59524876456167,97.33761694487363,25.45847485313539,35.96200594449185,44.578674076354744,60.9868916048576,23.6506809193238,31.016238113064293,108.92950153241122,146.10145639637852,75.06155814374758,98.95497778264634,50.263628427483674,60.04814844388072,67.81611041116552,93.33648294506493,137.90114019030437,174.7458185959548,85.58633356563716,110.6906121129022,51.15735443320593,70.65477367963062,91.12763349790546,119.15782028684298,89.37862451027233,124.3384033401156,85.60847734024381,111.12334512247949,92.28000524612193,121.74378862805989,64.00580461498778,87.00865418280029,76.29566256303534,106.71291378060188,0.0,0.0,0.0,0.0,0.0,0.0,133.5093634932047,170.43394029943315
2019-05-01,2019-5,95.32616435754312,109.82199937608549,99.40269131083316,120.65852296036194,69.70594546203792,84.09901476241997,101.10074375646259,121.26059882018059,76.22298792692202,84.47514794605868,100.4760759598992,124.99523523819705,129.11615755769986,143.2295453053546,145.81133494022245,163.52775431210893,67.14785198035436,76.61954882857967,131.8095869989663,137.33011938355884,81.28781011788627,87.90063106568711,48.45366043611419,53.427460686598685,97.76090125743245,106.28224131603896,108.12727702794041,117.77523703930886,126.38433988018033,132.75127345391016,119.85513743524389,128.59867600215665,66.74275386691569,73.6937061440645,161.74885955415968,176.09031031149618,0.0,0.0,0.0,0.0,12.580578308356474,19.406788060873794,401.0800786621312,423.8367489073263
2019-06-01,2019-6,120.09639802416639,109.46420941084746,186.61160076086628,186.6550905070927,78.52415764922578,77.21578652375621,76.55929202922184,79.49140804773337,32.62831474431236,31.64190948330428,50.69642499375845,51.15218093680602,149.67621168527526,138.16768132217598,0.0,0.0,59.85146555343898,58.148877916775085,70.54409470663774,61.13107240719891,127.69747260607518,113.66766814990945,172.7617634617012,165.91049834466787,139.24692833645298,127.00377557973385,111.1408076273048,105.99050512726352,133.01342575380087,115.07454109470902,176.27583253585817,160.43725178033085,56.85009664321473,52.978064928018945,155.11271367227195,146.5178999413681,0.0,0.0,291.48495751416317,276.8534564733902,4.9261720941207265,6.6533034283590435,524.9475047721552,466.6243023358329
2019-07-01,2019-7,47.48372909437355,58.632692071879966,99.02864543572183,130.50791879515538,31.49707549119209,41.7353414440069,35.83350540874851,59.331456394266176,19.110147714063288,28.010854593965398,57.43648693218859,76.04432862709244,118.73566323491205,142.90871921681475,35.3374270725677,48.51907579749197,62.274027021142025,76.36123087829809,71.48716016356666,83.89088724727364,125.37498793782711,146.77924063998967,94.2660263370542,117.31985033423005,76.69471586823103,90.91012173801971,121.1854512409807,146.94447606817437,87.07968625550349,95.59069092884822,71.2253032039661,83.33297658380255,76.13419451536718,91.5478730911943,148.65041535609282,176.0982671812821,381.48213494484764,482.36202848251804,247.20008391252875,298.53261375953474,4.177746136265131,7.174293895059984,338.6156709904904,396.6846212254735
2019-08-01,2019-8,98.76586408293078,94.84627500394927,40.846991354078064,33.23000800201008,59.42359737444451,59.63268030122522,84.6873516417449,83.52168419521563,90.88867277578979,87.16373994519023,45.18322010071502,46.05125073141117,126.84562661306819,118.15727036737529,55.7049208771223,50.7706949466507,83.63677636806877,80.00534362201189,60.29661466381159,56.01561225714059,91.01764440931319,86.13299671616012,99.06553237398776,95.97814394217738,135.56294057193804,126.09655637816782,90.9864483330464,83.58403594881129,108.64707435934037,102.27866211742162,128.17867063663607,116.37933768854981,78.95276138556376,74.186627144547,89.52115722943414,81.01467505907529,0.0,0.0,0.0,0.0,4.3904539227383435,6.074496327279207,379.82861531126235,336.6191107751162
2019-09-01,2019-9,85.54166152177254,86.39259883686485,0.0,0.0,106.12498346776869,116.08590170424293,54.25776772142329,53.487405107467836,30.49707179056256,32.592325494335256,47.384994434290554,52.74989878760332,94.41181490448588,96.27962433633093,19.47313892075659,20.03193956862537,55.9420385655005,60.028009861510604,43.95749188044508,42.07105105342525,73.39007972483464,72.5910729655895,144.57986165119306,153.68466162288948,91.2485700930695,91.803207809883,74.20087245502131,78.15405798435397,158.13531171397193,150.19863993677572,49.21747955249894,49.17040491273231,81.69081131483685,83.35311975525758,105.78985340901963,107.42173585250842,0.0,0.0,0.0,0.0,0.0,0.0,532.6981176443265,530.2964730334395
2019-10-01,2019-10,96.93105452281395,114.60151047849419,172.77209674160113,231.60442907402663,197.00941564706275,254.62244066078424,21.662315883473422,32.54376727464929,70.80812719124185,86.0336406502848,0.0,0.0,119.50072137908883,143.8095568719984,106.32440284218028,124.51921677746272,113.79951905697953,140.992816800744,121.37277315194409,138.06721806847494,88.47581813415125,104.22524889236558,130.73229656521,163.82558070522504,92.9518445415396,111.38999973307104,135.83820352608817,163.2940795680312,144.03862107044293,164.4742868219067,100.47743821474329,118.15052095796483,37.30690600462827,45.127399493697155,118.31196776002099,140.75716689465085,0.0,0.0,239.10253794269164,294.78418446532254,12.12268646819791,21.252636504298053,478.5363307826918,559.5903837844337
2019-11-01,2019-11,111.01155392994986,123.52581198722662,107.25160478672674,131.53539927015802,41.09750891203357,49.62476794638106,29.10673681826261,32.86445841514291,51.469297623362046,57.50440288599443,0.0,0.0,87.8577157203749,95.42428327428641,59.52649960446058,67.33849223633541,77.45477307276266,90.92883503437608,55.82511542998136,60.20730160487931,69.20983218676322,75.21968815711024,91.63759624647952,105.22325003381178,82.8640562508153,90.76002416378223,131.24822686618697,156.93603069972403,131.0005175032988,142.27075357094628,52.697853225115985,59.44782506342787,72.0128133928311,81.75862045212025,87.1395188315462,104.75864847934065,0.0,0.0,267.7266318889639,318.83147084820706,0.0,0.0,201.89543425856706,206.59363510270555
2019-12-01,2019-12,72.11166032813296,68.57255411302887,115.99719019082347,119.91299472154031,75.89658987055175,76.89060426955228,20.986785812396512,21.5125113353498,118.5970897551668,114.24446195203394,50.3612420185931,51.082344665158494,156.6244946684184,146.92423214879955,64.38045108735875,60.65839097311851,143.22639776015623,142.8166369107974,170.34399796510326,154.48796700643902,134.7189813362138,124.10752013396198,115.07691830179472,113.49250726132225,92.43536530397654,86.29723559414332,180.2749685639058,172.10930870168878,208.3148628018525,192.4634874272874,86.9944703175692,80.12125272658076,77.88493261164045,74.34085690897649,130.49322985352208,130.66116848034616,0.0,0.0,0.0,0.0,34.25521652886925,48.314123038205494,619.5963710378556,571.9656301307821
2020-01-01,2020-1,128.3458497494368,132.25412377722134,46.008202403940906,52.082046284826134,69.53095635753486,75.72343616043398,49.16945797542817,61.14380727929742,55.368588412149364,56.64856901123265,49.70399905587085,59.31221609235866,138.91188771828342,143.20848097184108,63.540249441846726,61.558138099738834,88.01973278372795,91.82605317541515,151.8068000346985,149.23406082536675,107.1534185228768,108.25438896902158,107.01178405774853,112.69847561413867,67.51299000263371,70.75337913409446,115.65648807553026,119.31339476329978,118.95985569309964,120.32598158159452,116.0205224451123,118.99470050192679,122.6218560875343,122.70212735869366,78.70513364828616,81.03288612586312,441.01741103466344,470.9389376456785,285.77888983036223,291.46289233999744,161.77996639974288,236.4477284705944,585.1392284854851,576.8948902577451
2020-02-01,2020-2,221.56590875466586,125.58336433138525,44.57802119117352,27.986193376958163,239.40559238424493,143.1074316389044,172.9806971934606,103.14005413439708,90.75855389867243,55.69753639166881,112.12240720920259,72.31613254519351,171.9417603597207,99.26306565342001,325.4250868318137,188.13171108508965,65.89339907461566,38.5197282776351,51.206191629723925,28.22398541576613,221.97740957173093,119.76227774172685,105.5898693322325,62.68805755605213,107.64391691375343,61.92061062729669,75.41279397562492,42.82802406812148,167.88651355716772,99.32272609135157,188.25029871904601,104.55905542342317,224.56444643153716,127.19720404377529,105.75332913051923,60.126068776470206,0.0,0.0,0.0,0.0,391.7199167042679,322.1541735617115,315.4141126994362,174.28747448593717
2020-03-01,2020-3,131.3258637938608,77.58851495276014,98.76534586313512,62.54637379318322,280.23115806642704,175.87014926521982,154.89280067051473,100.2129162800513,96.10291963735953,55.51972871789427,203.03121906995779,132.2045120760957,209.57097867136272,117.02859279925062,60.55458968693944,35.24330261047825,170.1907299947055,101.63404435040643,114.34041378025408,63.186772469977406,123.03413553681928,68.81569433663171,350.36017154622186,204.25017766813852,89.3649391389093,49.64808262245999,202.07079948103916,114.29245286606178,101.24700888953366,60.19959596983331,211.24499421888547,118.14104229411669,134.98930977603314,76.87762678367596,109.67381284357111,62.30446192033557,704.8127060910773,426.37281656753464,412.1940222729695,232.19671538563986,722.4956598763273,591.1055967178239,304.60511695413413,164.22435571265578
2020-04-01,2020-4,158.99469615391735,87.51003970688319,109.54833925663094,66.4071209403835,237.03832371168488,139.16850340183234,219.38134941273432,124.44622995155603,101.20304153729509,57.69896117559302,304.4078384329589,190.62397399503126,168.90114182157106,93.0198272391707,101.65334382214537,53.51073306156169,288.0082533117693,163.69280905348657,58.44950036569302,34.59574773843785,70.62479974251283,43.66282485386571,368.1179339722325,212.56348839315777,125.95387803224521,70.67967690579562,309.54829450773053,170.81902897184546,109.78814104394083,61.706899451673756,154.97232168945683,84.22291583097115,0.0,0.0,44.43362201555649,23.700484766374146,76.21155404382561,51.38680852262255,228.59825071684912,126.68018811815287,881.5606627471162,699.0845664461832,119.65193859387313,63.68360976270515
2020-05-01,2020-5,104.23494734506524,65.35418079753721,19.452321918385103,12.285390092203937,102.83743908162585,67.00665209653752,56.02207881541298,40.91766176607969,61.230864194451875,40.88979599336731,72.27946552280245,47.4889820848982,118.57681237065263,71.73082668531896,110.02873702783062,63.82459807236059,232.07804885647576,144.96402773834777,77.39032598096993,47.26939084285533,82.65670895958374,52.00526226578154,273.97786154492394,171.43241154249668,141.32527322239855,85.25984160250697,181.0039835827606,109.85844557611198,147.30304440829258,91.02573163858943,115.512153137342,68.9265301221569,66.5542150141843,40.66471099850182,65.10277330893665,38.9946938879209,0.0,0.0,247.43285235312436,151.09701601490582,742.0370434484535,646.2299277347653,22.83256697217566,14.414256038487721
2020-06-01,2020-6,230.12652033243012,173.13081573707046,79.22198897083084,67.67197997190556,184.2168389972213,149.0829829802459,178.2064514234555,137.97425400439886,100.77421250263471,77.43097468923143,128.37872789852034,108.31535601882251,155.6176704661752,117.95708536789813,126.9965928957171,94.77991006584678,344.44579056885215,270.4378652873984,45.50063282453933,33.35434775868531,107.91598141729519,80.21285713082565,151.4791176765005,118.96420125434425,141.6355296675111,107.95569921374052,139.78107272956075,105.84818526773854,97.4902427960505,73.40044507868204,136.37243594806534,101.71976018887241,142.95988365471598,108.51283714300057,57.0090892454797,43.27827058523931,0.0,0.0,492.0855602977867,378.7076818203365,517.512359487854,563.2679210700189,11.352147062008687,8.521308015353586
2020-07-01,2020-7,77.08372138821777,75.04159826848164,44.54397452263788,46.15251023698603,84.2576881345819,87.04688525751914,50.49672804532196,51.244970275417685,40.12411878871068,38.87533386941368,96.99927937433303,103.45967792828336,62.07698529734563,59.43653706574722,41.333752643634995,37.21055322708831,119.70088333399586,116.60261267415943,38.76360155254808,37.00519651668337,55.03214665974234,51.4713588458766,78.15158915929085,76.8120881163977,95.20190419903207,89.40572780979137,120.09355265736066,112.26068249956832,59.71929981028058,51.70551702117814,64.51834725648983,59.807254773737625,50.00394506194815,47.583679524955585,43.074430360220944,40.66480522509293,0.0,0.0,0.0,0.0,371.9583192886054,532.9493891009279,8.577356252016466,8.606068956772665
2020-08-01,2020-8,88.7214227988553,96.31896618276251,0.0,0.0,65.19431777184286,72.63556223881716,69.17851201316506,74.01556318405413,45.61287662778517,44.607463762602514,28.27270469030204,32.63438161962727,49.825050813785346,56.60334456703519,122.10450566123656,132.07884522676278,74.32934544998405,83.75480681911932,16.947835074088065,17.831174000212165,50.93773888467495,53.26620211363237,58.255377716368514,68.84468081421842,42.292326283020905,43.75243687800252,56.933369928163586,61.93977276642412,54.641234330536555,58.552637199691596,46.83730114804575,54.58494286335331,57.06814217317942,69.12750667642341,44.76917438267808,55.79692732294147,0.0,0.0,0.0,0.0,355.7214625081098,553.9843789410622,7.500212225317213,4.757277841964736
2020-09-01,2020-9,27.45570343360527,23.33208844431661,75.83724310204421,71.84267176787125,60.02042052071203,53.06143988424596,29.861185323928094,26.406372074563418,28.452407042661626,23.945001732640517,18.34736597196682,13.770086362063598,60.52629879246538,50.28891024564205,34.91201635003171,28.30470655188332,74.73299757611025,63.60860193123647,3.7034209369098985,3.3602387421209934,123.14205765035682,99.5084551675053,78.27441998051724,66.9380422724064,98.95071995145972,80.8569176978898,51.31765149652923,43.977108771439056,83.42871367875819,67.14190579403189,73.91192473053195,60.7282176039472,91.87396855188182,76.93498038950241,33.451495614297734,26.44386367266535,0.0,0.0,157.02042975740548,134.01593831639607,373.81643529576564,468.1567216409503,149.88444619232973,121.62690988923801
2020-10-01,2020-10,113.83257744470063,56.83568982690224,33.260912830295105,17.513860491824406,224.11912785471154,119.99378944763498,42.7363334149168,21.985332679803275,37.83402297552144,19.327453908748478,32.06621094012679,19.228134884385863,97.9581445897157,49.64582457055785,9.921734014299915,4.519045090792597,132.1348879488859,68.7698222788959,36.86908416056664,17.83328289800904,107.42628022919796,57.742612082407504,118.94456413941113,62.18681311850587,103.88065815782014,51.710832299162476,162.0354025026311,83.91155967695641,112.24913927464256,73.56613384833499,85.92524946687702,42.76727580183148,204.0638987090907,104.49513004085205,78.2290276362766,40.04266333603182,46.27848989613182,21.575541343415676,0.0,0.0,897.2636566107763,789.6094170163731,6.404697866996978,2.602726638582123
2020-11-01,2020-11,121.44449079270399,62.81690328567762,58.38460903947439,32.97848079037598,328.42158899631073,179.7277915846285,75.22681632014344,42.93238581217432,61.08406542241155,32.53113619360288,75.84849312055645,44.46698876332527,67.16623807088432,34.716782212978444,0.0,0.0,178.86231151219846,95.05445838081326,6.8748474075637445,4.354033855794399,74.85926022082452,38.70204290844481,144.3022923569619,76.78277271811221,170.19026897890453,85.87736324657806,173.53617284909342,89.15726753950078,151.9533536767501,77.36511899516485,114.74862549184991,57.92307147798622,123.28996198555895,63.7699162269991,65.74663865381932,32.94580778141367,449.8230831351893,246.02728094336436,0.0,0.0,783.7961087615291,675.6994577732186,0.0,0.0
2020-12-01,2020-12,98.44449272070291,56.83446780699577,177.95838674536748,112.83996020844785,188.6118529416598,114.12215089909385,43.037157125150785,28.920531041058457,127.71629302472547,91.68385262065772,64.1568673147623,41.86885003226799,88.43963890644554,48.48726637339271,70.45554339677788,36.349380524571906,102.01820837660726,62.08214993107523,49.55593982019299,30.64764267658155,54.48701436224535,32.8606014232893,116.10922732566142,67.79808539868051,139.6526518722441,80.80037635170946,184.94604578684388,103.08326615504377,128.42341767339124,70.49770381074191,151.94632157081952,98.15011451822744,79.69913228440967,44.51910378241955,64.47931445079558,36.160005206141264,244.50739188807535,139.04204364161103,316.88114464759485,172.10552348567296,723.0791479288494,671.5794601080164,75.62002433007652,39.04883116777591
2021-01-01,2021-1,82.75201378521743,42.25569203873527,93.4353557822388,53.03411658572358,104.40122048639668,58.1579959168746,47.57637111114966,30.556236786737966,41.38951287092347,22.151536607092687,33.91001700023131,21.580128073393507,95.9891283382573,45.300474825525306,97.34839104989402,43.47005565893433,59.93456950449902,28.81961140545856,15.215870812142935,8.116323313063665,100.40860252491056,52.059210499330305,114.99980903225136,56.867446908444805,195.08386637703765,88.43051436782414,71.54686735304777,33.7697789325123,140.93452888095663,65.53806070633543,123.79050708435533,58.36165551115216,136.03543880376628,64.33941043425995,45.70797700508425,22.926092715932857,0.0,0.0,0.0,0.0,890.356443566168,799.6336778015652,0.0,0.0
2021-02-01,2021-2,106.2006249705611,49.382373208140024,27.04859689338786,16.457940329020413,85.69328763667932,42.7095358926755,101.23464980308947,47.07083177468257,34.971605923905365,18.108082950116273,29.9200177622738,15.981003035562237,93.66633655494786,39.51802554793339,114.7468268971091,46.39445817690704,108.36840824284086,49.04964858391607,109.31753062466032,47.039793276760946,106.64572269797505,54.88992223978275,158.476025771696,69.44585613718463,161.91743598345442,69.66307436465125,149.9270525336679,64.07396530084036,94.8490738756301,41.35052460927018,85.21216042638386,38.4634721910914,66.40313821235912,29.218682067207776,58.184121943984245,26.012785205926054,0.0,0.0,0.0,0.0,878.2793004576453,725.8493683302265,82.10527682581466,33.22659769026549
2021-03-01,2021-3,60.66961227483066,41.859454872661956,49.6532184394644,33.62177211151832,62.31472545843051,39.3580202002878,50.27069024977991,36.543738829812135,36.68982791708555,24.108463415552237,62.651298556801486,44.86764664437315,66.84102298385586,41.68694476793687,67.35374813907704,46.417178280977126,25.89878353813536,17.01339846461503,0.0,0.0,43.97456437808152,26.493502977856544,103.44465981306432,65.22759070510268,101.9130755071021,59.633304553878176,92.39837515393764,56.59753187547162,86.71973506406717,52.96456399139815,84.1716411325374,50.18567686420363,102.26011221896565,61.208381237688286,84.09712635715464,51.80905462799794,0.0,0.0,154.20991150177116,94.07751465474229,569.5098303271554,561.8981780486878,0.0,0.0
2021-04-01,2021-4,93.63103735103755,66.8044112019623,26.39909024051399,19.28698764758544,25.17142277513944,19.803153427686574,22.270553850877562,20.18164292949994,48.56045665096712,34.368884824468594,28.519704918485647,26.69444858652672,70.89526856999187,49.56993259034969,72.91764038911458,45.592334934195065,92.5923647676564,62.34242852129822,26.4567868447359,15.888410028252332,44.08719831220502,29.33899729493379,83.25261069878115,55.69965264045181,105.05861048360723,72.58636105435426,114.8615194868973,87.21334345276966,46.42629808377714,42.33841566943489,47.246488178356294,31.5068017357218,57.56670940589364,37.177337143322546,47.25003365109046,35.67761703804964,0.0,0.0,327.95468230766687,215.8686766471707,657.4835602716126,701.125167275903,0.0,0.0
2021-05-01,2021-5,70.79641791601175,41.1024239335589,0.0,0.0,70.9600315088762,40.35482304644821,42.894930773662,26.720758288998866,36.857171381492606,21.492318268725942,43.04627835828717,29.060287033761426,121.07066417611422,60.63607114672588,32.91563907705807,15.393105044702228,80.82646761490034,41.7190034432977,24.441534966440003,22.189926087448953,55.99425923047076,33.469407416936264,157.1236919014938,80.51711537249363,85.3307929254401,43.27717192263465,76.0410351428717,39.20167166830745,64.87916829188504,35.24089410803056,58.27937232726911,28.77179906200995,34.648132140073066,16.73599028595361,24.12563975603593,13.142417848322616,0.0,0.0,148.0415150417003,72.88262863235222,964.3206441865524,812.0915995769814,0.0,0.0
2021-06-01,2021-6,77.48909003587248,47.09092337023986,105.66306862494139,69.9325876766373,63.5257658550134,41.80943526447841,94.00114561367921,61.01749301672748,18.202971397370447,11.88673435252035,25.43284759703575,17.743664951834113,102.02917440619082,59.79073766509368,97.53799559562282,54.63590907777505,124.87541697890148,75.85165541264813,15.24550662062513,9.47784468736836,82.54286455421494,59.31873965244879,198.53473456066408,120.80322225805493,105.93140498813129,61.776139962884876,71.68621851372426,42.44398916370141,84.21752569199244,60.37829312467061,81.6157267652876,48.11262432662338,10.812584430275813,7.331750920055682,54.05102070637414,32.52866132297511,225.66249830070845,139.32724289951858,0.0,0.0,811.3231950831897,869.9935705839669,0.0,0.0
2021-07-01,2021-7,74.64172738844675,37.57312054282818,90.86165708124277,48.83505913357961,81.80606973540316,41.68570553968348,77.10194446887668,40.78653220918101,38.68204455450289,19.36176438102875,32.97595766077045,18.420492658205678,89.76487823811779,43.363851444095985,10.14412232733985,6.223851893778178,105.954764618318,53.071028528796546,54.43237969513704,28.91423734491343,83.89561707419232,54.678457770525874,123.89391157358648,61.927255731007534,165.09519278760482,77.41966336725808,54.114738361336904,26.14820241967736,74.1249865200778,37.1464642814578,59.9155032678082,28.543992444556267,33.21654579996203,15.683833157062509,69.38646054598506,33.31360103856251,219.01998889893224,110.35859324003457,243.96224331524078,154.00739681319223,917.2489939394857,864.2625454568422,0.0,0.0
2021-08-01,2021-8,58.85852151792376,32.42875186970163,101.59258123008009,59.74259310101624,44.188219800734736,23.04059713370902,40.737561328651715,27.467428961077268,22.370828423233288,12.55739675748693,24.45309102828959,16.360890160717076,84.10655000600991,43.298072528605424,0.0,0.0,62.32687636074665,33.493350815850725,11.342161829504892,5.211726310294733,74.53527597090562,41.49858162329701,99.80320256919774,53.53879572056595,167.74653328693438,87.60424516752958,68.92463064160647,34.85397155992147,118.68523880913993,66.0238121904658,70.18687771856041,36.21173747034188,60.3268039981208,29.80983781696051,44.03275152362451,24.17177982491698,433.9384798784089,228.82428618161515,140.5958743707962,70.80937989704668,933.3031226802761,844.9534825859605,0.0,0.0
2021-09-01,2021-9,70.4201396486002,41.61219157998138,41.24254653709351,23.729309006006513,71.42164132504338,39.49332149761335,45.22620353133391,26.45696370890718,46.611995027750396,26.38630119283053,66.6608984140206,41.360187913426806,58.75011293182917,31.116487381436702,0.0,0.0,80.68863933265388,45.222217171292804,30.999513223511535,14.660959427549539,55.484585596891925,30.727082495394214,92.98547548838442,50.07999633508149,108.01522967347655,54.857724096884596,79.74629976687523,43.59809831187287,114.33546118960749,58.587174849931934,145.97769113019226,90.3560311669096,14.989138325281425,7.623382641999626,61.80581400572978,36.19464731279474,0.0,0.0,128.08856407458836,66.39728591208615,838.7080061621651,787.3356562227391,0.0,0.0
2021-10-01,2021-10,86.14453932419696,63.62889501428622,54.95559911154912,44.98847222593948,101.71245692288225,81.29134293706774,21.117170230863355,18.858128498346982,29.608688022888312,22.5359753561521,31.87417677312268,28.946164282562773,61.19106234511561,44.41354477256555,0.0,0.0,60.81385117109658,44.82684222500131,24.008979488916477,22.986902158778438,69.14028712084273,50.104068056680454,64.29121553872504,45.931564021243446,75.68749389497272,54.47684876899943,74.72382300482178,52.73506173398781,72.62073815543418,49.43649650272157,35.08594595754829,25.589832152982837,74.91569509099588,51.66359931483148,61.88524640711889,46.15339969682685,0.0,0.0,0.0,0.0,598.9037988303996,676.865410400332,0.0,0.0
2021-11-01,2021-11,77.00795122020432,57.095371655910334,66.59808401904242,52.4324955352499,91.27596048091078,72.02592943621075,65.94282625766276,48.87615436638864,43.02779542356631,31.684587770238053,16.366906691943754,13.21221819035522,41.01299712250905,29.69146307897448,10.011643117841011,8.703686491141289,78.42827026551802,58.796077792082805,63.10653100882763,44.03876466632697,79.51221737839033,54.80781706018646,92.67038033798528,70.2298290851392,92.4650687134049,66.16157640739303,109.02539231543778,78.17892289465705,112.26796290609893,79.78011689804954,67.92933915046231,48.15954522553143,87.42066033920355,62.54808736268242,56.17437214779998,40.143843393338535,216.15965322301338,165.0438112467763,140.07126289926336,102.14518856581415,471.0003935890904,491.9474986466607,0.0,0.0
2021-12-01,2021-12,61.634446863674754,42.916260639289575,66.829636597873,49.66658467524798,61.062209810890124,45.29799049111234,38.17979411182807,28.113142440811753,44.72969063709335,31.234276363804074,24.446551019991034,18.91211462537831,66.39618546044642,45.09300142949485,103.80188316362874,69.20785836383706,78.70095481043693,55.450948310401984,89.31935171391744,58.74170663058331,53.538489292713095,36.75352449353185,141.43062341919892,99.30182406860217,84.38058762863749,58.30496835953235,152.05082805764545,103.55458519049138,231.94438311085298,148.45844906693694,172.47664526037235,127.75294213792355,54.82788138417553,36.80714249394455,81.0670988245573,53.92289031455172,0.0,0.0,140.55827183686446,96.1736204993756,368.47966479996086,384.09924795408483,0.0,0.0
2022-01-01,2022-1,42.54469888886075,29.58001884799716,36.7695625226787,30.899062046731373,32.728880336682415,25.44104676039571,40.94820632710976,37.822135241610404,31.927279428304324,20.56502650279285,9.108370499580683,7.962655875336808,68.30206978443312,41.30183075828345,45.80664601058903,30.70792907213757,53.1064276594618,34.38611701881975,36.185123543426535,25.749263597184846,65.34319403784806,43.09178159555668,131.4429895019446,83.04175057447424,109.09283410076297,67.33005430149655,84.92048826208016,52.35193066225224,193.77750027612714,109.51861980404666,78.13000543360036,46.90662525814552,48.65059590517527,29.307572935990763,63.446421249863235,39.82957556897232,51.97578248198015,50.0876287011241,0.0,0.0,396.4215464571885,419.5358250705376,0.0,0.0
2022-02-01,2022-2,61.53303598152814,52.30408020218019,0.0,0.0,7.723898321961489,6.214039039049216,9.351313318207774,14.733406569116822,11.657201974635123,11.27129606201492,30.151538743783778,36.57911363674369,36.598612721467575,28.955646626037545,38.24894229903637,28.23392673594987,49.76881163398793,41.572115561146326,41.633716123099134,29.51760676454993,38.19375088553803,31.908625719435257,47.029392446862786,37.146390435238786,83.85278474533281,69.6210902515886,56.22264470012547,43.86713795586383,68.1633907078114,57.94295495837686,31.410218481655804,23.584405146527082,67.10358379555885,51.161729252042484,22.631471441600894,18.934591051714946,0.0,0.0,0.0,0.0,482.5762878851223,584.9999832946003,0.0,0.0
2022-03-01,2022-3,64.1764771567767,45.29128322640075,60.08416101493853,44.72882614024436,29.757682468012057,21.315081419098277,40.74036820323207,29.650081872322207,35.68462715223389,25.297008987181123,78.46011968885628,59.88601361691166,62.95393329100078,42.48735948008234,77.41573128574535,51.45774757585208,63.685301024266096,44.21373157942645,73.16080274132968,52.52401110161838,99.83716691669404,71.88990541067018,60.63912894638558,42.95331273561154,91.60898580632173,60.90828572147116,85.20901008856787,57.23276399244418,104.60548035638718,68.96340964738195,88.27624378938928,58.3388781848182,87.14677839225835,58.31708626829441,58.23876347773939,39.120429053641175,0.0,0.0,407.80238738423884,323.0325518677922,389.48250312090437,423.7974632391606,0.0,0.0
2022-04-01,2022-4,63.41522497860744,52.16020917932659,13.066645083697013,14.511926832691854,32.97625533457123,28.4443624187046,42.13519801446877,37.899303319053594,54.97689469014745,43.111039339517916,76.7885354960911,68.34975823671344,53.0402096129428,42.026137096530476,73.90924650446307,54.94299615125635,48.084667786790995,40.1071619345544,159.25144204082682,121.73499958636468,46.57812365458437,38.90291488382074,92.01912996859875,76.26884051295231,44.23508821930841,34.69486935107049,81.4801610810642,64.02382533652663,53.716735412080496,45.07755399334713,80.28247346231707,64.09940837304076,25.933137064570815,19.91206338158701,36.46773066329154,31.39774124678105,0.0,0.0,0.0,0.0,265.86280675309604,337.4074313881891,79.32688826782537,59.023283192181395
2022-05-01,2022-5,91.30115795747939,70.95090706949615,0.0,0.0,48.60249098577209,41.27054911800983,151.9064027704046,119.14763659430385,50.89427840470732,39.92890328537768,73.05469580606471,65.21418574578978,130.82736044300646,103.45454816201084,80.22692668970555,62.50522152757492,83.35133295019344,69.9291105885058,150.47676153663363,114.05506702344204,68.71967437880339,52.5174872638814,156.25274749282974,128.97556951594495,41.677636132477005,32.215443472424134,78.61777299868788,64.7430353643938,103.43899536787906,78.96790694118721,112.6270339756498,104.9757120577405,28.14987277657842,22.652713174047555,47.4693753890084,36.05042535485303,616.9833163516125,521.5639654719497,0.0,0.0,277.4422669679031,340.1840214451445,0.0,0.0
2022-06-01,2022-6,92.84618226277202,87.40782565755639,14.237330032615423,9.755952827749127,76.58630814468505,79.73542235165397,16.407226158468156,15.189504158736366,55.63069897629938,54.16642689395577,52.414538791663155,55.8200723643532,106.05152667377943,102.61241472610168,40.26551299915786,38.80812055346606,89.57819156949813,90.84021479620831,157.11409632089183,143.80375986117045,94.31849688780913,83.72618143894154,119.81366885875974,117.48776782974652,63.22713589294529,58.88264994130191,63.427148510597135,58.739105096341035,109.0961023820929,99.61504088903021,92.28491334322776,84.42926124274322,48.71163083739746,46.93328635105317,108.98275322142771,91.83762446941695,0.0,0.0,0.0,0.0,161.62337994195525,218.05598701232952,86.43405261987037,83.38033416589224
2022-07-01,2022-7,93.99479334696291,82.73055376686376,117.24936310567718,107.86413957893394,31.174479745937795,28.93312474620958,91.56773880528407,81.4902327506472,42.41060933183426,37.49016459073558,9.52958316390021,6.746687826899041,57.64190036915278,50.995422616566124,11.658499372482764,8.888901901694949,69.25924729640856,63.1721236182382,167.8271599505297,143.12145192068624,165.15266118396733,129.44798405470482,94.0516526369544,86.88209810971689,44.022078361071884,38.02306696945814,132.02500407877102,115.19489939373659,129.26080609085278,111.55582459428226,42.033506631922876,37.429793785916125,37.51117561781012,33.39743860643585,100.16399755418996,83.46302102563044,0.0,0.0,163.1121596517803,152.37336118644475,220.18256431746465,273.6681629486808,7.525818164013207,5.11952886117961
2022-08-01,2022-8,70.8188000407718,61.41684519133124,24.732266653273115,23.01648280894421,60.959321466187795,53.64919222284622,77.89038066164878,66.5121570991231,57.37048746169194,49.33429798203072,8.975246113442408,7.572491828775279,51.13030309074516,42.166748907850824,101.25463092123083,84.33920235893163,112.54650201061212,95.96700258187936,131.7550880538004,109.10463640985637,83.59959344685966,67.40306321150821,45.52608294671838,38.87811677662011,38.47502053979526,32.8341901776591,41.83966178478109,35.222742386842924,71.00285795443112,62.88071220403994,42.07463495825423,34.08641269886228,101.87151781415812,83.8029387533634,98.11438195312293,81.60855966488145,288.2903775619705,255.7541890313798,460.8717144677312,386.4163063583306,130.99935440792765,177.3729452609238,0.0,0.0
2022-09-01,2022-9,28.217528122374134,26.82095466397921,54.02645538365474,44.78404214389216,39.298443114907236,37.35073961804931,45.12468242193103,45.41448531930593,48.465195486404845,43.734769257014534,10.037370694372829,8.655600510439685,56.00358118168753,47.961403502552535,24.5594540556649,22.807868338239746,49.70373309638219,43.981957957837864,101.71552912721343,89.00196518303292,51.880076302378356,44.910783793642665,96.2992448744972,85.57202841161435,81.16602138906084,60.6891724233118,88.24637945642189,75.3818616372238,182.2314326761268,150.25245782475125,70.41423327425223,59.379062731659154,33.50791900873362,28.706503564998464,90.40751259116145,76.05437338353583,0.0,0.0,0.0,0.0,118.9475484801598,136.3749838881323,0.0,0.0
2022-10-01,2022-10,69.68739607824774,62.90282147380123,51.95522518934439,52.21427773441571,172.70171303030818,162.9889661065746,127.09090853026214,113.70017682404426,43.979002451742154,40.4022319317282,56.12874072075314,56.26269389313848,35.43462508527493,31.665638247568687,71.75346559628869,61.714428461113044,68.51498151336456,63.19416073202473,102.53762851038908,88.36022170509597,70.17738984122862,58.52128543104398,98.23288125472132,90.63821641500269,104.94165624985523,89.44717198513071,109.24954391668291,97.9590463733697,148.72505154042415,121.64551264074592,88.07398003674776,77.23563853500701,124.56959609380233,111.88075482106103,74.77520087709219,67.02825009457347,498.0233459580878,472.13460760942206,161.35934246178576,146.10144469640954,112.691650417509,146.22114592471672,0.0,0.0
2022-11-01,2022-11,84.11053595835845,71.96542716966435,22.689034461641935,15.126616894489969,67.50411191912916,62.951615210742844,81.00803251801901,70.09853135066784,35.926128062685,30.96948518244894,33.3340677153542,34.32711875356749,33.666721026923256,28.954197921187507,106.5665132204305,90.48539635822934,61.27218418150147,54.23221087153044,213.48567097905766,176.68807535730735,95.09325657950465,80.0198006804903,86.51959380335666,76.95524099787897,51.02794052903799,43.00036663406344,132.52003194071793,113.20342973236112,166.77283542345387,138.70940362436104,109.22309370676398,93.8585309666689,160.29788422662762,138.3763643498083,109.37067425719593,92.24637101732571,144.32484575515247,110.34165574873188,0.0,0.0,105.88241133879906,133.5974221670272,68.87194417980885,59.28621559557046
2022-12-01,2022-12,45.776826650594685,38.746642709547785,51.51238004313384,45.50226330977442,60.47395947101481,50.49729751206401,30.42477542745429,28.6245141364319,58.21887841670012,47.02578390159801,37.171985150025264,33.32122333007823,17.193075036285723,14.28962882124619,0.0,0.0,54.49673291934421,44.518997751358796,75.85115805813051,59.00417503119777,51.54103507652609,39.93891562921086,73.50365696013796,60.68743448632878,35.40301627017915,28.867236985052468,78.42930573464993,62.67000308839964,167.62348838314938,123.95169768740283,90.13591399814764,73.01761332504891,56.164780409707475,43.85477438887404,75.15727177867964,59.33418156486812,246.8891990541084,205.72144406912716,0.0,0.0,97.92588466503538,106.72925441322899,0.0,0.0
2023-01-01,2023-1,36.448151227832774,33.142361258497786,0.0,0.0,33.978766743134095,32.00681441537046,48.37755209529931,47.117734855735726,29.08580336202818,26.26002768038075,65.97564585158375,56.97850477391685,59.2395923943848,52.42288877030087,95.11192097425044,82.18197693575547,63.44312157014423,58.26948142751065,148.05537643206128,127.16500607054671,43.68323282654602,37.88283047624969,64.32541013789879,58.88470982358886,33.277057211187206,29.896609690824597,61.7144675552912,56.53448191898893,140.9255146673456,127.45253578420343,83.10631885784508,72.2026632586296,92.7263901980668,81.98808670331411,77.06820028618291,65.61547454851271,53.96069071350634,47.276616694566066,161.85629146844354,147.67140424900595,166.587439172107,211.5125455866145,77.2502681561022,67.0100019574078
2023-02-01,2023-2,71.0926315701317,72.84745136829756,25.945747997806603,33.39438127274501,78.42221940601446,91.55245655651952,33.568887255922185,32.388121517605896,23.62144401345962,23.39621579024128,46.86117392576493,43.047928584523454,52.53448476994241,57.5094692375865,119.01724659577054,126.53446680622083,38.35193849850368,42.52612341206614,182.62234288719208,186.12375294897893,88.94019870972852,82.97976297246804,75.15314756958934,79.33220159159482,60.24246370285162,61.89403002271323,79.00652233619287,91.98777490475123,64.17203784780716,65.55469864678109,58.53993729476508,63.34618022595806,44.005217401656736,50.065990130423344,89.8691986802207,89.27715364019811,0.0,0.0,161.16141625208098,186.8824988256008,107.61099327439057,138.90683754468998,0.0,0.0
2023-03-01,2023-3,53.184103533332056,54.36873777732917,151.9432267689407,169.08774269252564,63.41988957858839,69.66996269579501,140.09936730552118,144.41170899088087,48.06898282082313,50.15626087370133,144.2067227292829,148.68326712911815,33.89981317163823,35.71856506401962,0.0,0.0,49.728268788901595,53.48710789980689,91.32058465754453,90.98006588739266,45.05581828403205,42.563829624665175,35.21242346522376,37.21917757412657,58.82633637613894,59.75829533317397,94.30679815621072,93.98933050218726,100.87403261117062,104.83607318052199,43.85971211844114,43.92510505461437,44.961471538797404,46.77813618382552,59.476403565227464,56.07561999528588,0.0,0.0,0.0,0.0,57.56180971968229,83.37860284916012,0.0,0.0
2023-04-01,2023-4,22.98220146163034,25.375905517068954,13.506613845913684,12.06984550463435,54.72603995936121,59.58997759283817,15.56514230528754,18.792113053938117,0.0,0.0,39.91826453672212,42.332147206436325,26.329583079595942,26.755114782957868,38.19892733689315,38.054012344508706,60.91882237442732,62.170047906599855,65.89182805200798,67.1085521606118,59.83939909960277,58.501271192264994,71.04270723861966,75.3266138014049,60.88087052051817,61.317907350895666,69.53000378257603,69.63098453446862,97.39349713568657,99.10887122351613,62.738291900267065,63.57466695846354,46.21155694348722,47.237509326375914,58.10803940466553,58.38806333938437,57.27700645529751,58.6959506280556,171.80365426545802,180.17654278467418,133.29221622424325,183.1411293304774,0.0,0.0
2023-05-01,2023-5,50.728258013953536,50.85235307880912,58.11065420820994,64.04344912463539,26.667796885152878,27.000109667816083,61.731749748430204,62.245913851536336,40.92051697292642,40.687957725044456,59.12860118136693,53.49688027103931,42.631972333925155,42.447619303637374,10.368116196008685,8.722827735372249,48.723739606936405,46.668945990679454,67.33648990609487,65.09071416453928,92.76649496461475,86.83917390671589,64.312580289504,66.25542899915432,64.20033588050704,63.57308600878308,63.21103305138773,67.92161384886396,87.95158783646266,87.31355518386312,80.68154087489803,79.36958172850758,62.24167633038243,65.35335078880154,69.06995482452,66.70149526571798,0.0,0.0,0.0,0.0,88.0429700776558,122.79447641604588,13.385694796826138,10.047758167703703
2023-06-01,2023-6,53.2786823930527,58.03058790709544,0.0,0.0,43.73778172541119,51.263659923467834,46.72242515416547,54.165348229628506,20.567572643667514,23.257367723132543,17.732784842094418,18.2860358718287,39.40126352079864,43.31511933839424,78.33229062236549,84.42890713905675,62.32295258033523,71.98209866453888,108.68092895669263,114.28503928499153,43.276152295842266,46.00130846382532,47.415467654029385,54.41800398896744,26.095251775973054,28.888831364611384,90.93088724360942,103.08958165408215,74.55381826979811,82.26131033704034,36.65220633668012,39.57098709920126,111.23968513657842,122.9789335101528,59.89530342543234,64.16388088330618,284.7939305918282,334.3879302237932,303.5214429096368,342.7150021365609,48.95158498970554,82.87813018727583,0.0,0.0
2023-07-01,2023-7,57.60706828092715,61.937277620631384,10.4864801407741,8.813687457150447,32.45366211713365,38.02775612823293,28.981215227665082,31.28212660993432,37.8283339716232,41.462494126145394,7.792973846214843,6.813834035601605,60.41237865045557,65.92161449570368,118.62996824726511,128.8223560475821,74.68600762340702,82.91684070929752,137.2434287717276,143.4090062245635,31.720243798633113,33.40810250908477,53.01132150196888,60.032477236967345,43.279092027323685,46.17636176195378,108.98488550690568,125.09480432417294,41.6434977067786,43.60874036310261,78.50760361371067,84.2356210379664,81.61998320372238,88.71164643197923,51.004311038389694,49.829503277516665,0.0,0.0,0.0,0.0,22.527686328267308,33.629497399543574,0.0,0.0
2023-08-01,2023-8,39.40059888855759,68.22830921582434,11.35075048204669,14.395737588878687,21.111995705444834,37.70950390781237,16.992959074090017,29.67954439852733,90.00443261976456,127.72412133710783,8.435251910463318,11.129299425192519,48.05405683336242,85.3006214676463,86.6695145761981,103.9670051376016,26.947149270716448,48.32720177557297,76.6957981493985,129.77635118628228,31.345225425992503,53.316941545860054,27.857038543754133,44.05890753106376,32.70558873859241,56.723529434000554,50.56746840048156,86.1646279779808,34.81164739963671,60.40667825497086,61.43378150699921,98.43714746704987,105.83050264504698,189.17858480313748,41.603395014215636,71.14495663457392,0.0,0.0,0.0,0.0,31.94719995296037,73.15361425635012,0.0,0.0
2023-09-01,2023-9,31.8539721289454,37.19850431666285,36.7023654839689,44.14121808910178,36.152924253862984,44.201077052771446,44.38268850087441,51.73970260851168,34.752232200103855,40.59444998571444,0.0,0.0,61.14402393928758,71.57394424912316,0.0,0.0,9.99911340761879,8.876534669951171,79.84895190108818,89.0382059442274,50.603926620721346,52.53004446207462,77.41165397410926,91.07617007859193,25.65119377871336,29.346668407059088,70.3348814235055,80.81976273665873,68.81316929305822,78.350541842257,36.994051455529956,42.32362136512444,58.50239754651177,67.61294136801259,52.78382427139179,58.28833943804727,287.45012580574206,353.9563608541492,0.0,0.0,26.64125209648616,42.364195050686114,0.0,0.0
2023-10-01,2023-10,81.27214671861547,74.7500275099986,100.51695834781349,101.88736625401916,114.02734382522617,109.73132104330566,62.96843040136998,58.66862651269279,33.09659437306182,33.108796066512376,88.64962946026984,95.4106288996379,73.98674024886411,66.56931225375108,92.78760089218325,78.84432647230811,42.18439109189004,42.078920737283596,154.35047916339227,139.20958452314943,130.16765862280522,111.06457385654367,110.56887597552006,105.22915626732639,69.15783562820506,64.92535800288084,86.60642348954183,79.32351983348825,150.06567277770856,127.29020557658284,90.60977504760743,80.23943704746154,25.998147626883476,26.864197574292785,83.65028667206282,77.54896706572293,0.0,0.0,0.0,0.0,74.48282209292958,99.85087121606666,72.81095998605463,64.06012908529623
2023-11-01,2023-11,94.42891280503572,90.53928710049591,43.05805812765767,46.466783090424606,74.56564741899568,75.90256406646147,62.95610282919864,62.99485992002686,215.79096457539745,207.91602141404056,38.70406910264796,43.05492628436773,84.43370828335708,81.25243496711118,89.19886925462298,82.38180489936896,66.14654247701873,66.1672421113124,89.45836061713783,80.8981722206122,91.34506088740379,82.43787685609362,112.74664570255857,112.01179716023199,65.78342708458545,65.8390530961742,90.54090700677766,88.2339895462773,170.62462154088985,154.76408646259958,94.9852679929582,90.74359385936677,31.29793106800493,29.856248030773987,71.22274543324079,69.05834440648889,206.36921600324325,210.0821590682417,267.4541365893313,260.0386114478807,72.61972432335523,100.46831111554923,0.0,0.0
2023-12-01,2023-12,54.757770149597576,51.962190009780606,36.68098338930886,37.878733754102015,78.4871788473815,77.36328223160922,51.27886950966738,48.050971062523374,41.72432594970119,40.36417611685899,8.943873275294635,9.340592901975123,41.84392649281671,39.55079667526774,0.0,0.0,72.86086306065862,70.56356843883505,68.97049354649614,62.24490668340461,90.82326479010436,79.91507484832043,63.303128879387565,61.11425403734408,43.71903296306066,40.93790839068874,91.72550612427015,86.85019739466408,87.47216332574902,78.21658734043868,76.12608491328015,70.41285192149203,29.23415758550567,27.969768720850734,65.15792159644016,62.02880665049574,236.24556332442356,233.26011330209664,0.0,0.0,157.57914760135597,216.69225751583113,0.0,0.0
2024-01-01,2024-1,22.697900534319324,30.18898674970414,0.0,0.0,42.0956906365957,58.09770264014396,40.69401503113311,56.82176521683913,41.38098896607873,53.85851706997596,16.41064508502751,25.38396935762004,23.44890933131963,29.351336099649803,31.226755404477856,35.279272829875666,33.42214629706588,41.824016897539074,61.882617064121945,80.14925580166539,26.747783466789723,33.22259274795766,33.876195744202434,43.50030734403624,46.30386348171918,57.68383261088807,45.90063590563424,54.81351363854664,52.287394170616466,55.12123973769772,63.83694394680872,74.7326766218524,59.11861860813073,73.48677441251182,59.8408101662504,73.22786436984813,0.0,0.0,140.44558482042657,167.03882242161376,26.2032609504043,49.6472494434499,12.96001396282766,19.2618907339255
2024-02-01,2024-2,53.35667411366838,65.46423380594804,0.0,0.0,25.03084393246103,32.5125669084914,119.56774027177758,140.70882827687922,76.03550886604619,93.63590846311142,113.00279983182128,157.4179033152704,49.80127791461716,59.751281405359016,72.51040566153034,84.36032039826594,63.91554940684404,79.92781715075861,154.62057351595328,182.95196694169962,95.420476333804,109.66084837892521,70.0510940639521,87.20636930549658,34.49918176890211,42.16749802762757,53.292019720410586,65.535443360764,47.64113092071402,58.03977258323863,41.704703370576325,49.77113766586911,12.721157213492543,15.28664401588926,42.90359618621826,51.29782343752994,0.0,0.0,163.061550852633,199.71285471767538,24.10846193576365,41.99018918871997,0.0,0.0
2024-03-01,2024-3,64.06628729057468,56.55525502965103,10.988492487938819,7.905714694784748,39.26521076824369,36.9662954599056,51.88453913602071,46.08796456607503,76.40101724093918,68.74939816386053,56.786070606803044,52.254886046347174,79.93561338563666,71.40030570642776,153.17384735093222,130.1132000340435,63.91137602122298,57.188451245444924,116.05461677200269,98.00180557956142,91.82172012452132,85.79331408684139,104.67801642670189,97.22693326085357,61.233831342991444,53.482466557002404,71.79406243542408,63.36598497524962,98.74699009780215,83.32680834084627,114.30228185297528,100.64965495745133,21.23955269720684,18.663033489901224,52.55536621143139,43.495660906420085,0.0,0.0,139.77323893564792,129.09791251579028,29.50369826750282,35.55374290546648,0.0,0.0
2024-04-01,2024-4,53.06265013677554,66.7141763275594,50.18332397440529,73.0006183439943,20.993335741630208,28.485111788938354,33.862985764235,42.20900673325135,39.0366433154157,49.919490218224865,54.21450430827193,73.43631302195018,40.464583503121496,51.140979867499226,103.95953623092183,129.4241240295268,64.00485907049256,85.80511123077488,102.71660911452393,124.53537288144945,66.17057790773448,81.2363603615028,89.8678602598657,117.4964665234112,51.384655144897145,63.94118142138078,33.95812170005602,44.68592348108983,65.18180054239191,81.65478130824445,84.76846191429401,105.39746010983033,29.128410953252015,35.874632294814056,53.70738466048198,64.80688831021156,51.960368548859755,62.17322800459731,0.0,0.0,19.868295622264473,37.667142867968685,0.0,0.0
2024-05-01,2024-5,65.53205559119786,75.99314611537737,22.496432922320484,30.470188446152243,18.82199630969877,23.779160884054882,24.04217846764489,28.99793066360853,42.71515170803985,50.40036810410289,0.0,0.0,54.821412947896484,64.72546001028276,124.27601034145826,144.05640347044346,33.25330269705411,40.113448649370525,29.137118210330613,33.00231432816179,47.22365111344961,53.36644208186902,54.24740045279312,63.87923080622511,56.41202724530949,65.11820622704285,30.445835249292443,37.30347879912617,106.12802658863468,119.43095002432376,76.00086508242474,87.83800040811849,38.15501567317273,45.68194096958037,54.32219995414218,56.06643287360717,0.0,0.0,0.0,0.0,18.40768800601079,31.034975801903254,79.58734191751262,89.66229344082399
2024-06-01,2024-6,58.894900458133655,76.45440014213534,0.0,0.0,14.257709591294471,19.75227012367939,46.005137234592176,61.8839898563725,14.266103250227415,19.039589254599687,0.0,0.0,41.22253038444886,53.534892180318,46.65081682830682,59.34518508644818,77.78255374337415,101.42597727858194,69.95913989545144,89.35560313128406,47.78282991292978,59.82712545993551,54.34580103680945,72.46918291307334,43.80042131595778,55.95038610402622,76.6236808407604,94.45495152376829,61.166834502741075,76.88445438980558,47.3949438736254,59.23212730750794,24.127105178700226,31.296427524584438,49.72641244571252,63.46405486487459,0.0,0.0,158.77564302055472,212.46241875374605,40.48090201708508,82.4363160911601,0.0,0.0
2024-07-01,2024-7,45.26147839000218,51.34764545749463,0.0,0.0,51.376536738770284,64.7861125249694,38.478613393273825,44.01759096277207,18.54353167629181,21.433261487383792,18.880664793051324,26.156271428803677,32.71539917540475,37.35255669679796,0.0,0.0,52.627433465817454,61.18004812181295,51.12816559364857,56.241675643396135,41.53766885738699,46.30823409587779,70.22540471792152,86.94030670603374,55.36120660636127,61.39914344349431,82.71533094923373,82.77262015790808,92.34863170411506,108.40357572957248,111.67991385801949,141.08818196137318,31.882029314997247,38.1000129300074,86.09447832593867,85.17464112578264,0.0,0.0,0.0,0.0,39.609741568641596,66.24338291572148,78.01916662608518,90.348762343659
2024-08-01,2024-8,38.10599037673221,39.27234490952208,40.07823551097941,42.96068991230936,6.2920954000921965,5.912671713398762,31.80948035620221,32.9045544775985,18.723377302353658,18.375279323906984,0.0,0.0,13.57316164918122,12.574012766128615,0.0,0.0,28.09136037490939,27.598927187420653,17.43868580347763,17.34692002218266,115.17984408005113,110.22300909470734,31.121807507602608,31.439908811618498,20.50821303400727,20.465428288485832,9.110979183051311,10.066000528699638,31.462626130667953,32.01407724438329,60.109273300080496,59.6953273257495,12.368054883008046,11.937164448588183,62.89248152609231,60.36285715877436,55.76396013582275,48.98178948019154,0.0,0.0,32.629995538215944,49.28770887439705,7.717436704153582,5.908830107960269
2024-09-01,2024-9,62.851545003486386,63.47123640326597,0.0,0.0,25.733464113021338,28.199147059644904,0.0,0.0,9.256817963111994,12.07958226712278,0.0,0.0,42.37472521016545,43.05855151400227,0.0,0.0,53.97039827515252,56.95092686596277,58.048916603060476,56.04856675538387,54.38494336006735,52.773061763316306,52.37632041017664,54.60556306546087,81.70473352358597,81.07966386721372,91.31322677239943,94.04081269509165,125.58363911088296,123.29334332988911,86.07534843107591,86.29798468233068,19.617363492385866,19.74216572929925,70.3590121549715,71.32085873153484,0.0,0.0,0.0,0.0,34.95424005479534,53.899041693314324,0.0,0.0
2024-10-01,2024-10,116.00382089100376,83.65099513621901,105.77199502415654,84.73376486369389,100.24234339854914,79.1288128229187,58.33483592865861,43.06531885694578,35.658875767269755,26.36556729833267,28.734880309256987,24.032734015662516,68.21401138415898,48.573204871822945,48.542660704714116,36.04671422215632,75.54441176982031,56.48508804153606,78.33104502387887,55.38516523168889,108.61982422722075,80.7242784306998,106.64703939105331,81.16842269916083,82.13715907053088,59.49328379529127,164.59291365611801,118.19374027782276,122.16896950412095,86.90686728805687,97.23984855014774,67.9732119051447,19.333679518588397,13.20117071974952,121.15909937210752,88.02412686471277,55.08027750605316,56.160205674429044,660.858067774959,459.9123238675872,34.31936891368858,39.29153853371549,7.622818649622934,6.774785439239733
2024-11-01,2024-11,74.69863387431224,65.42715759699851,13.515450361350982,12.104055197714858,74.68485524465756,67.51125078163321,18.690390701422803,22.614450890781878,73.95262177824247,65.155033833107,20.087875010851473,18.71521396145695,89.45633683585487,75.1454405587192,0.0,0.0,66.56989096962486,57.50764090770056,52.06611092325913,48.50060753471376,54.62774125622217,46.552860984599974,69.50589068633795,60.773490568659604,71.07415115341054,59.54995234617736,112.37172362373788,94.0668866520504,126.78888949403778,100.14687461393211,119.32834000268024,97.49477023588616,6.705968220328175,5.485455412337261,47.34666037919472,39.848739600473124,265.3029175311567,231.5889756760926,0.0,0.0,27.726421134993505,33.745810766423645,31.728081288126337,28.402997286112377
2024-12-01,2024-12,27.982204054619007,33.04719466380978,14.193312179543097,17.692944260051828,27.713641358406697,33.4116317775455,6.542599836739894,11.018792532655272,7.975300395563339,11.890422833370248,10.54768703335159,13.678359526050226,45.63543920778724,50.88900401337032,40.141023264704955,42.737651481862855,67.39101569591747,78.27930512275326,52.20944778692638,58.03217654634249,57.77447689031058,56.83849817437306,39.40047703168935,45.73831874017544,63.16591270245139,69.32008067715499,78.67178727075843,88.53549235276941,142.01331047637296,143.04096725094408,140.5240228765503,152.14056291769427,21.126909841507963,23.233029267577628,46.35159119612096,52.10935276946897,338.7981386600828,412.9975665413344,0.0,0.0,9.15344034939849,14.588716432655898,16.65969503569258,20.758854763668932
2025-01-01,2025-1,66.15898086417933,66.43254783090649,12.155555091100311,9.660631957232253,22.608903903447843,23.707984625533296,16.809804170123417,18.04931350709571,31.432261282003797,31.651364208091437,62.81718902076477,65.3670867280339,82.57477075155114,82.48390034817078,45.429303825153156,44.374489048640406,49.77852268096592,50.86145234319407,89.42730362326726,86.78935247605352,68.24449153084858,71.73912158330019,61.44883986989038,64.50565700791716,44.04137000490689,43.60301603084717,50.53256238860939,53.656275974923176,77.35538460349113,75.81771920268983,130.24904907228583,128.14807994488666,17.46412865311989,17.208997801207488,35.82565890801549,36.381429573390655,0.0,0.0,154.61823430362935,163.51225381175794,28.18981486439603,42.506438561029384,35.66958829722058,28.33667093190397
2025-02-01,2025-2,93.98371890745426,88.15211395213021,0.0,0.0,10.838909435784135,10.661760286239357,49.296537470540656,46.134995706889434,36.46561377805184,33.55950444125873,29.590694161135154,29.649029166833422,98.8376366115133,93.20467871008077,24.32093556370312,17.42528741884724,77.79435864027141,74.98811780352968,176.74006495687397,164.55842657861004,60.44479865482245,55.629582942715516,62.141319931174195,59.50731885018303,45.91749319500602,41.51135792726825,67.55467653463646,51.108115107396365,100.18795097269245,104.6113644476705,108.30447361146778,124.46504174385771,26.545995272959832,26.844086875318933,72.49087460087699,64.94116310433766,56.72073899215121,41.597284556005604,0.0,0.0,37.493162527618075,52.969279776031904,267.15423129878377,253.7675450677542
2025-03-01,2025-3,62.941259857723864,54.20184516284056,12.577391706133929,7.113214695874605,7.18310787628382,7.211458592388337,30.424775427454282,25.59191075794166,25.215693695818278,21.030955243071098,93.03761836950954,73.75624535450322,42.8076889416559,36.83920793844828,11.434911713284464,7.245315807977674,32.090268903724606,25.053202848014553,125.88983458281244,107.4512806249644,56.32974083679591,52.25679329524406,47.410876639489686,45.350198441384514,45.56974631557946,38.58362343128809,38.6034069380391,31.645928462554462,53.776289373097306,46.76180502792114,72.09815690702654,62.50054139109962,18.721593469902494,17.812119767719025,45.152120583562095,31.82691528981659,53.336487898555575,34.59173511670098,0.0,0.0,7.43081981880311,9.066179278847587,7.381487404703363,4.172911772176234
2025-04-01,2025-4,74.33155931036342,55.705146459130674,0.0,0.0,16.294005315652168,13.078318206478393,8.155370307486368,6.5675438849505765,85.01496076685811,82.70659075552128,17.53029800404595,10.870304974613392,177.93364414903988,134.2093594978573,142.9649717622684,103.7136529840322,28.001034354955152,21.549916273197837,69.64319238646353,50.797088688924575,469.0761294581546,380.3288240124561,21.02336497795368,16.324867104195025,67.9693651204547,50.54700819732546,49.03230932311828,38.87880124976531,89.022497720205,64.75147537923398,136.0942018536193,101.731549032774,5.852168098642087,4.534389057215835,55.45514371073613,40.18733602376611,231.52469851348732,191.43615946922117,0.0,0.0,17.731492799393145,17.752800192476045,170.89808332958316,124.0238208550623
2025-05-01,2025-5,78.19966191622116,56.650496833043334,22.52820706360412,11.698236534733939,34.860258653627746,27.85198162530951,27.247924558120868,19.629048445993387,37.25381223205289,26.97167252700971,33.09778479261723,29.544572796966712,169.92954074538898,125.60217254613964,31.85673901950822,23.74942342667033,53.482891682338,40.229649632877006,135.86207972789458,96.00559481131158,117.28534912332269,101.55193292506748,53.65176414454732,42.016888350989404,44.34627655952847,31.528389067214672,80.30438538575073,52.17386840795558,91.03808569730266,64.74912122425259,82.28797432349396,60.46313185589168,11.177832524287478,8.607102955327154,108.595418659953,78.25960423093724,95.53454893498095,56.88880721914932,0.0,0.0,34.012558903253925,43.661775293519995,114.6589213669623,75.04567795816688
2025-06-01,2025-6,45.8228021143257,37.97336149554717,0.0,0.0,10.595376976942148,9.37095837431592,3.013529766574341,2.1864981198568847,47.16570754689728,41.02303649549966,28.925839956881802,26.087471930190617,73.4085091549983,61.50417253631353,85.84326659026954,73.5790895830542,22.50303014151749,19.39758839485688,48.095475477133775,40.022288676831025,94.95389974946877,103.87787862394079,56.925506782227615,50.33558388224553,25.987200385247167,18.980264064589672,94.48492764251321,83.51797272118972,74.71455184951986,62.80480754371879,100.25557805615955,86.26862742407191,6.487387610614948,6.018498831325852,43.758952692462486,36.62287318039723,0.0,0.0,0.0,0.0,21.908643857786902,35.854906943719506,15.346953243323133,8.23850649272666
2025-07-01,2025-7,72.10369958825453,54.129837064130264,45.05276050098367,37.21090960698538,30.392918328396988,23.86038231652532,62.081172364466866,48.32804934952199,104.85256038162282,90.8707651153869,40.49706910900066,33.28380812389799,122.25511839633081,89.34027910565693,72.22170458606276,51.79046512369529,77.68030111610983,57.156279455679545,127.99142898692838,92.11345256037147,69.97634130788614,52.75064761891679,72.63822870232273,54.80822948143539,70.19087168498079,51.54963566024446,82.76831117391144,58.903240393840186,119.01930469572191,81.2516926501897,96.85011607654565,69.32211558132438,10.91594507430417,7.969694139825265,112.16595361969146,81.59159278132434,215.92945124939993,168.23519321137564,0.0,0.0,11.93319262136272,14.504786106613492,280.0380338286359,197.9853193990323
2025-08-01,2025-8,96.13457064557667,61.533622839456726,78.22528078907817,54.97109564916763,43.77831052614536,29.81383194058433,29.013554556470247,19.50931912809459,119.97218878276452,93.45348181100357,40.3146015301899,28.598628670110198,123.4611657068051,78.18420402878556,102.86648320933152,64.01659571488761,65.63362943099015,40.8816410007421,91.79973653171871,56.0403786286164,118.49042062166131,78.69729403382512,60.7976616163518,40.06043904464719,86.3278845364987,54.18876915022592,45.523503726181644,30.06665277290429,72.74975485922292,45.66920851234161,134.29331109753647,83.3846584329754,15.732990535901008,9.856775465712676,118.76114234978742,68.13569164355812,0.0,0.0,0.0,0.0,30.571150349019003,26.009531100397762,205.86881744846067,128.16607666179576
2025-09-01,2025-9,63.1186194324963,43.8884100909349,38.055550309911546,27.59803755439293,26.211104938459975,20.022669248400394,11.51133763961912,10.791288991980608,34.041184938169266,24.389380604285208,18.558064039943474,13.39594426016922,96.27288199555122,63.88660174443693,58.01688990022213,40.028648132543886,42.97949546521322,29.369203197921127,95.60554696020633,63.13809960183027,73.89391088704382,48.589037445603154,80.26575545033812,55.71231563041766,63.28685400685133,42.56046951539289,76.64683698486456,49.85371390488151,111.07992141979932,74.59528931015511,144.07313058121133,93.57463380061932,46.9754348049698,33.057026597745114,72.65977259653846,47.02307893737466,245.0985248995908,171.2079467398058,0.0,0.0,14.078290860442923,13.520940110562666,14.655899742792716,10.165124728204788
2025-10-01,2025-10,141.63303481586541,96.00788031356011,110.95383409557027,82.82231920094908,151.41126530534865,110.17546529320994,57.667779165118816,37.73441709519743,32.94833558403887,23.309452937041804,8.09072910516113,5.921377555405005,169.63443651165088,114.66176723436223,144.71095401962407,101.85110264558865,74.95080394961292,52.25014549169841,184.42825044875096,125.0434275243626,87.11429302768633,58.30370411056151,85.88908141316416,61.624640829467154,89.24390886162887,61.24438627947995,137.9631247273021,92.3133310446597,173.20879595999102,116.40151314662712,179.6032574560363,119.45987416473992,31.2835695873278,21.89966808303693,126.70945323949715,83.60719144652938,46.168738536694356,37.24734121851657,0.0,0.0,23.38842796663325,22.820213579882097,223.8439016090629,146.53946159126414
2025-11-01,2025-11,102.12820161116284,68.56371833466024,73.51033235795566,51.66287355211017,73.14546201026883,51.79004485545256,52.15779044103352,37.623900564779426,186.5218605561914,116.95188449523708,38.060843878435726,25.868336917115,113.75794614751565,72.68078550835449,95.63033060016689,61.634450653900075,65.94997830483086,42.3054315232199,83.67086011253318,55.120338067444784,86.97009266895412,53.1938124361532,129.29734339596013,85.14027383122705,116.54275231644885,70.82438176213381,80.49394325979598,48.97601193067948,184.78946778925481,119.89521455805276,145.35510480070315,90.5750007817549,40.31414633615708,25.729533426070436,136.21167585634842,81.88698025534642,43.63894464427275,30.965800995905482,0.0,0.0,46.07419549559037,40.550765965646896,18.118196356999164,11.206511186103581
2025-12-01,2025-12,54.509797531350095,43.414002047591126,8.490902538974508,6.5478698050524695,59.10828066670513,49.513011816857414,20.539537048743803,17.81765748572434,232.7744847742103,177.47967978477786,6.3099706029770815,5.062137539510551,107.84017686401921,80.50215880145743,7.719622889054555,6.669471769865256,71.04876843167565,54.627481729321,82.4399417855942,60.320237064474526,115.21187652259825,81.15389797222859,92.54503079157637,71.75878158703892,63.70738759177964,48.99174406416234,101.7146242800995,75.01889128789479,172.15530498323275,126.97263770152057,156.29713190687457,114.87847996087426,78.28674622166474,59.49041646918606,139.4795969585704,100.21114343319316,333.34608256997365,263.25493860269955,77.64998121625575,91.84324258273797,17.3218743585515,18.67906128942865,216.1575945459014,155.5485454329947
2026-01-01,2026-1,136.77298261424855,89.43245875041757,150.19843798877682,112.05424268555797,96.28547341399658,68.41600977888687,99.05504257423291,65.7896289898443,153.6678817667745,115.1469308457752,10.926803186507643,6.264024462593656,161.7219471649992,108.16359592067127,158.17109203416973,102.54264326363092,74.61361948039931,50.77539111139967,160.97968264444762,102.62036989431917,136.69687712377365,88.15898308832139,98.17148400908818,66.64892770650245,78.23049924525247,51.34996930816799,98.25565034399621,63.606108256144985,238.81412493251418,150.35595474934138,238.92546577266168,156.96833632658627,99.08988714124713,65.2207626217843,243.74768764053042,154.30440197145117,62.35244225863169,39.402698844357424,0.0,0.0,13.501384541632646,13.212447961346335,151.15437839971415,97.49971221286447
