observation_date,country,subnational_area,city,address,fuel_product,price_local,currency,unit,source_key,scrape_ts,observation_hash
2021-01-01,Indonesia,National,,,Pertalite,7650.0,IDR,L,id_oto_monthly_prices,2026-03-06T20:31:38,051990fda6a26d05ce540306712695ffcb4ca99b58eb319b313cae78c1aa03df
2021-01-02,Indonesia,National,,,Pertalite,7650.0,IDR,L,id_oto_monthly_prices,2026-03-06T20:31:38,400931ce2eb21d5a5c5093a0751fc4571b4b17ec67a73a399e95fbf6138f27aa
2021-01-03,Indonesia,National,,,Pertalite,7650.0,IDR,L,id_oto_monthly_prices,2026-03-06T20:31:38,f6eec490e8c8c0499e3a77149e5dabde22df4212b8b1e3baf19ad5bf5327d872
2021-01-04,Indonesia,National,,,Pertalite,7650.0,IDR,L,id_oto_monthly_prices,2026-03-06T20:31:38,3617340102e5a66da204331a80eef7679b89204c9ba2912a2f0cccbb8e4d8796
2021-01-05,Indonesia,National,,,Pertalite,7650.0,IDR,L,id_oto_monthly_prices,2026-03-06T20:31:38,3df7f53a2d75a0c1d5fa5d028fe95e48b0a2e2b886e6d7ed1ecbca3bfe568f20
2021-01-06,Indonesia,National,,,Pertalite,7650.0,IDR,L,id_oto_monthly_prices,2026-03-06T20:31:38,b771fa893d7be29ec9dd18d82d0dada5c4342f44584ac0fc0fb367d9b36f4606
2021-01-07,Indonesia,National,,,Pertalite,7650.0,IDR,L,id_oto_monthly_prices,2026-03-06T20:31:38,d216af907012323f27380bcd0c21ea66a59f0e4f74581985bb1306124bf1c634
2021-01-08,Indonesia,National,,,Pertalite,7650.0,IDR,L,id_oto_monthly_prices,2026-03-06T20:31:38,a22add06b62fe164b02dfe6cef4a55b171c5d620ccec4b08111a2ddec04a5e6a
2021-01-09,Indonesia,National,,,Pertalite,7650.0,IDR,L,id_oto_monthly_prices,2026-03-06T20:31:38,d906aee953ccaead7b7942205444e2a3c587ded79048416c795948a963b15e17
2021-01-10,Indonesia,National,,,Pertalite,7650.0,IDR,L,id_oto_monthly_prices,2026-03-06T20:31:38,c5823e5db51e6626922a0d94159204d9bba07802d94047b57fffc527f33ac49a
2021-01-11,Indonesia,National,,,Pertalite,7650.0,IDR,L,id_oto_monthly_prices,2026-03-06T20:31:38,f693d916aab52f349523228c83e2aa8525468ee2f8251df691447272921eb151
2021-01-12,Indonesia,National,,,Pertalite,7650.0,IDR,L,id_oto_monthly_prices,2026-03-06T20:31:38,908c4c09f0cc2e2ffaca11933208613e1f6e8f3a8a9ca4e062d865345f81bb18
2021-01-13,Indonesia,National,,,Pertalite,7650.0,IDR,L,id_oto_monthly_prices,2026-03-06T20:31:38,57cf1fd2f5aa290a8a892d63d0fd784d19305fbd423f18bcf5b66e16f6602986
2021-01-14,Indonesia,National,,,Pertalite,7650.0,IDR,L,id_oto_monthly_prices,2026-03-06T20:31:38,f7bd976949138c4b012b0d1aa28642c2b50b974f7d39a26001c0bf54797d25c8
2021-01-15,Indonesia,National,,,Pertalite,7650.0,IDR,L,id_oto_monthly_prices,2026-03-06T20:31:38,7b5a01a2a8eecbf5ee334d3f0dd2d8b3a6d6f438060a6d901693ea7be0f5afd6
2021-01-16,Indonesia,National,,,Pertalite,7650.0,IDR,L,id_oto_monthly_prices,2026-03-06T20:31:38,c2d9b43c56eeb9a0e748181627f4d64916c2f277fa32be8855c9238adbfd2c06
2021-01-17,Indonesia,National,,,Pertalite,7650.0,IDR,L,id_oto_monthly_prices,2026-03-06T20:31:38,f79aeb47c7aed8d32cce981eee1386b2b63dbd034a14b1e2dd1520ff1a093cdf
2021-01-18,Indonesia,National,,,Pertalite,7650.0,IDR,L,id_oto_monthly_prices,2026-03-06T20:31:38,6c3e038a924d1cfc3fc78437c8991d7e793bf3f84056bf8bf0a5a8f660c57407
2021-01-19,Indonesia,National,,,Pertalite,7650.0,IDR,L,id_oto_monthly_prices,2026-03-06T20:31:38,42f4cc271d6d7a97f0473d8adc71d7cae96fbca087705604cfadd2475bde8d09
2021-01-20,Indonesia,National,,,Pertalite,7650.0,IDR,L,id_oto_monthly_prices,2026-03-06T20:31:38,81f2fa79eec566f48951ea00e270a5cc19cfa41b40709aee89ae65bfd2606124
2021-01-21,Indonesia,National,,,Pertalite,7650.0,IDR,L,id_oto_monthly_prices,2026-03-06T20:31:38,3cebfc197b1b379d84856ac40e6d96b59047d23f872d08bca5520b1edf74f029
2021-01-22,Indonesia,National,,,Pertalite,7650.0,IDR,L,id_oto_monthly_prices,2026-03-06T20:31:38,f977564f68bf71fcc90242a4e815834705d33e05beaac21e6777ab4c110ed44d
2021-01-23,Indonesia,National,,,Pertalite,7650.0,IDR,L,id_oto_monthly_prices,2026-03-06T20:31:38,85c0080c245b53b791a79654df7d4500846972e1aa9cbbedca6e23a7936e8211
2021-01-24,Indonesia,National,,,Pertalite,7650.0,IDR,L,id_oto_monthly_prices,2026-03-06T20:31:38,ca453ab547fb3d59cdda4a3effe7f26383d30bc4bbe716334d0f577e09f0e8a5
2021-01-25,Indonesia,National,,,Pertalite,7650.0,IDR,L,id_oto_monthly_prices,2026-03-06T20:31:38,aa8f4332660b31abf7f783b18be29a7db2810c6c4ee2849dd23b1b90254ac393
2021-01-26,Indonesia,National,,,Pertalite,7650.0,IDR,L,id_oto_monthly_prices,2026-03-06T20:31:38,7db0ea4638ff1b451cb144d2faca51bd3df1f2f4650e2dd4a403f43e54990d16
2021-01-27,Indonesia,National,,,Pertalite,7650.0,IDR,L,id_oto_monthly_prices,2026-03-06T20:31:38,68edae8f5487b4a9b26309a57421f9c6463e7fdc50cf9ba62fd705fca279ed9c
2021-01-28,Indonesia,National,,,Pertalite,7650.0,IDR,L,id_oto_monthly_prices,2026-03-06T20:31:38,a4d13e65eb27263f81d9f69c67a9749e685c149fd5033b10851dc0b8b4cf17d3
2021-01-29,Indonesia,National,,,Pertalite,7650.0,IDR,L,id_oto_monthly_prices,2026-03-06T20:31:38,819b0f1a08d2405cb869abee50a8013d9e681a406c88feace52b15fc9b3fb420
2021-01-30,Indonesia,National,,,Pertalite,7650.0,IDR,L,id_oto_monthly_prices,2026-03-06T20:31:38,e36e99b6a5a820338b8c001f68a97cc84e29e50e69edc3772d086b9dd2013a61
2021-01-31,Indonesia,National,,,Pertalite,7650.0,IDR,L,id_oto_monthly_prices,2026-03-06T20:31:38,be2cdf48f921b2ff13055259cd591cf9ac70f2a1f8b3c466c9a4d42693b6f1cb
2021-02-01,Indonesia,National,,,Pertalite,7650.0,IDR,L,id_oto_monthly_prices,2026-03-06T20:31:38,eb06c01e748684c2bd3e69f026330bf3f10e3de3ae415ad4d67cffca31d950f1
2021-02-02,Indonesia,National,,,Pertalite,7650.0,IDR,L,id_oto_monthly_prices,2026-03-06T20:31:38,990cf335e9ceeac144ad707a0e7fc88ac51ec7d4a927fd7912ef0e781444691d
2021-02-03,Indonesia,National,,,Pertalite,7650.0,IDR,L,id_oto_monthly_prices,2026-03-06T20:31:38,b8d52d79e6565caf3a91966c3c050121b0267ce6af928d8ef4925d0d4f596d4f
2021-02-04,Indonesia,National,,,Pertalite,7650.0,IDR,L,id_oto_monthly_prices,2026-03-06T20:31:38,938976b5bb9cc2218670f5c1dbc1a6e728821c3b2f3a27696bea5427add14e86
2021-02-05,Indonesia,National,,,Pertalite,7650.0,IDR,L,id_oto_monthly_prices,2026-03-06T20:31:38,a55ff0a29ecec5e0f60d85549fb60d3d7433d986390e18ac36a8780d606aa582
2021-02-06,Indonesia,National,,,Pertalite,7650.0,IDR,L,id_oto_monthly_prices,2026-03-06T20:31:38,f3947d868318b7f4e2546783ba9e09b64dc5823758a4239be8faeebdcfb4f447
2021-02-07,Indonesia,National,,,Pertalite,7650.0,IDR,L,id_oto_monthly_prices,2026-03-06T20:31:38,ab7e8e8e8fa3d733107827fb2ea13dcd4187f4f057e886d666395cab03b1b9ed
2021-02-08,Indonesia,National,,,Pertalite,7650.0,IDR,L,id_oto_monthly_prices,2026-03-06T20:31:38,2f14a270329496a3048e73feba064fca079a019646d30872ffb3405a8ab543b9
2021-02-09,Indonesia,National,,,Pertalite,7650.0,IDR,L,id_oto_monthly_prices,2026-03-06T20:31:38,36f3f84ddcd0900e88d55a9f6cdf05e485c1b163cb220fb28e1b9d1f2f8a3af5
2021-02-10,Indonesia,National,,,Pertalite,7650.0,IDR,L,id_oto_monthly_prices,2026-03-06T20:31:38,b21e0370f135dcc5541ed2d895afa972d181c2c71f198977d03359108b60fd08
2021-02-11,Indonesia,National,,,Pertalite,7650.0,IDR,L,id_oto_monthly_prices,2026-03-06T20:31:38,cacfdafb6b85fb330d333f6a4f217af31191262b62680c450ac3d938aea2e890
2021-02-12,Indonesia,National,,,Pertalite,7650.0,IDR,L,id_oto_monthly_prices,2026-03-06T20:31:38,1d3e3f2be9868f385cadbc92056adab8c55b0b2a49214ca3f7daf4321bc882b1
2021-02-13,Indonesia,National,,,Pertalite,7650.0,IDR,L,id_oto_monthly_prices,2026-03-06T20:31:38,6e2cc2f176a4e7c872c644ebb51b3c43fb9e5f49fa280539aa925d5e3132c560
2021-02-14,Indonesia,National,,,Pertalite,7650.0,IDR,L,id_oto_monthly_prices,2026-03-06T20:31:38,77cb21506558761f8d27610f99a9c683f9f2d4692a1c8834dc445285ce5ae975
2021-02-15,Indonesia,National,,,Pertalite,7650.0,IDR,L,id_oto_monthly_prices,2026-03-06T20:31:38,c0c22087d541e3445e2f3fcaf7414e808c118f4c500fef33bf53116a8ca05a81
2021-02-16,Indonesia,National,,,Pertalite,7650.0,IDR,L,id_oto_monthly_prices,2026-03-06T20:31:38,5205d490844168f8acb23ec8925e898ee8d4bae466aa63828b87f3942634e8af
2021-02-17,Indonesia,National,,,Pertalite,7650.0,IDR,L,id_oto_monthly_prices,2026-03-06T20:31:38,73120e4bdcec056f3cd4459236130063e4fcb18624dd169279b6e290727602d6
2021-02-18,Indonesia,National,,,Pertalite,7650.0,IDR,L,id_oto_monthly_prices,2026-03-06T20:31:38,2c19787b70fa60996739374095d92bcfea5882aa4985b9ad771fc0433bf75337
2021-02-19,Indonesia,National,,,Pertalite,7650.0,IDR,L,id_oto_monthly_prices,2026-03-06T20:31:38,069551e726e316d311576cecb05c48188acd22b64588a54a25eb3124ac6197f9
2021-02-20,Indonesia,National,,,Pertalite,7650.0,IDR,L,id_oto_monthly_prices,2026-03-06T20:31:38,f6246a0adc00b8b0553cab5955929e782253fd7ccd0889e29166018a976542c4
2021-02-21,Indonesia,National,,,Pertalite,7650.0,IDR,L,id_oto_monthly_prices,2026-03-06T20:31:38,e6428d218e8eb1c61e402af10d64f3f92754762a4e00f1ddae6d788ff71e1eda
2021-02-22,Indonesia,National,,,Pertalite,7650.0,IDR,L,id_oto_monthly_prices,2026-03-06T20:31:38,a711d22cf3e0cc87c69b99cbcc8e1e66d711bdc64aa8da2647e39910ec15b8a3
2021-02-23,Indonesia,National,,,Pertalite,7650.0,IDR,L,id_oto_monthly_prices,2026-03-06T20:31:38,1b9daf5fc0302498121427a76222ab29607d80fdb1a562642d9da6f118def0ce
2021-02-24,Indonesia,National,,,Pertalite,7650.0,IDR,L,id_oto_monthly_prices,2026-03-06T20:31:38,4c20a8b943cdf770d9e2faa1bead1d0d1328281613485b09a42e983c35e4c47f
2021-02-25,Indonesia,National,,,Pertalite,7650.0,IDR,L,id_oto_monthly_prices,2026-03-06T20:31:38,a030464b61c83dd0dde327cb05928d85e808f4d2e2b9a61be26ee854f9d252e3
2021-02-26,Indonesia,National,,,Pertalite,7650.0,IDR,L,id_oto_monthly_prices,2026-03-06T20:31:38,c2eec0b481b4f08251d82d1835ff61d029f83271dce4a92ab914f92a6382a740
2021-02-27,Indonesia,National,,,Pertalite,7650.0,IDR,L,id_oto_monthly_prices,2026-03-06T20:31:38,082a72f9730d68eaafeb7fe6f7ae311561067f7e56fd8b26b0b7b2522586233a
2021-02-28,Indonesia,National,,,Pertalite,7650.0,IDR,L,id_oto_monthly_prices,2026-03-06T20:31:38,1a01088fb26452e3a69d32708ed0f09e7a0f840ce0a6ffb4f0d51138d7ee7823
2021-03-01,Indonesia,National,,,Pertalite,7650.0,IDR,L,id_oto_monthly_prices,2026-03-06T20:31:38,00bba2ff4c803fb45c137ea9e347b907be20bbc54d259451663799dc8f341767
2021-03-02,Indonesia,National,,,Pertalite,7650.0,IDR,L,id_oto_monthly_prices,2026-03-06T20:31:38,a66da3a5e88556eb961e1403fbbffd30a4d00e8ed04d1d825b8d888d0dae52b9
2021-03-03,Indonesia,National,,,Pertalite,7650.0,IDR,L,id_oto_monthly_prices,2026-03-06T20:31:38,c2dab2abca77dba15b47de5b6fc908fb27a4ad5e3aa0646c3b8b813b8413d222
2021-03-04,Indonesia,National,,,Pertalite,7650.0,IDR,L,id_oto_monthly_prices,2026-03-06T20:31:38,426f6c4ffc3bb13f23ad0c8efc29528c8b132d6004365d8803dba46535b6bd3e
2021-03-05,Indonesia,National,,,Pertalite,7650.0,IDR,L,id_oto_monthly_prices,2026-03-06T20:31:38,75b320a65f947d9d1489e14b37e7d0bc4ebfd68f628c95eb2f5390e691f4921d
2021-03-06,Indonesia,National,,,Pertalite,7650.0,IDR,L,id_oto_monthly_prices,2026-03-06T20:31:38,b347933835f5546f1dff8de3f85706720674656a475b16f3198741d084bdfaa9
2021-03-07,Indonesia,National,,,Pertalite,7650.0,IDR,L,id_oto_monthly_prices,2026-03-06T20:31:38,f1c000fcbae8523b5b2502d07221f56a988594c65a741a9a7777bd4f86b36ab8
2021-03-08,Indonesia,National,,,Pertalite,7650.0,IDR,L,id_oto_monthly_prices,2026-03-06T20:31:38,3f97ccdab1979807a987522ac1ca409aec7e0f96f4a0534b7ebcdf2f6cceb1c1
2021-03-09,Indonesia,National,,,Pertalite,7650.0,IDR,L,id_oto_monthly_prices,2026-03-06T20:31:38,9d443439a8b213cbdbdc280bc2349881b2fec20f054c5ea17d87f62c22f9290d
2021-03-10,Indonesia,National,,,Pertalite,7650.0,IDR,L,id_oto_monthly_prices,2026-03-06T20:31:38,76629aec2469dbb67241e9362211b952ea4d24bf22b45bc4d3bd80c15fd69537
2021-03-11,Indonesia,National,,,Pertalite,7650.0,IDR,L,id_oto_monthly_prices,2026-03-06T20:31:38,b6f34c84d695a8ed7fe7e5d82dd392cbe9b48c500443a86932424dd9549fe5ce
2021-03-12,Indonesia,National,,,Pertalite,7650.0,IDR,L,id_oto_monthly_prices,2026-03-06T20:31:38,37edd6bd2d385b2dbfb1268b7ae02c85a5449dc895aeea37def768a7ba70b3f1
2021-03-13,Indonesia,National,,,Pertalite,7650.0,IDR,L,id_oto_monthly_prices,2026-03-06T20:31:38,4b792a590090da788a6db23093c887817e445d65ffdb29ef9d218a63121b0b25
2021-03-14,Indonesia,National,,,Pertalite,7650.0,IDR,L,id_oto_monthly_prices,2026-03-06T20:31:38,c983803e5efc99a8bc252389c02f376865481a5dd8b447c6c4688e8d5595b072
2021-03-15,Indonesia,National,,,Pertalite,7650.0,IDR,L,id_oto_monthly_prices,2026-03-06T20:31:38,7b8996287e2f9ed80c5d72829e259b8ee70c428bfec79cf2a35422d90fb06e3c
2021-03-16,Indonesia,National,,,Pertalite,7650.0,IDR,L,id_oto_monthly_prices,2026-03-06T20:31:38,f590b26f155b6fec740195bc2c02e4626950301b456905e3e6265894c5cc7922
2021-03-17,Indonesia,National,,,Pertalite,7650.0,IDR,L,id_oto_monthly_prices,2026-03-06T20:31:38,41eb71e008f8a15ad46bc42c9ebbb0cb6d0b29f3e94c1f87da850f11d59b3961
2021-03-18,Indonesia,National,,,Pertalite,7650.0,IDR,L,id_oto_monthly_prices,2026-03-06T20:31:38,8155d7562be61858738a135317a1779b3e725d519b4144ba38bb713d0560eb01
2021-03-19,Indonesia,National,,,Pertalite,7650.0,IDR,L,id_oto_monthly_prices,2026-03-06T20:31:38,8598a2d76bdf50312ebb608bddfc11171e2c66b9edd9855b74408913b711631f
2021-03-20,Indonesia,National,,,Pertalite,7650.0,IDR,L,id_oto_monthly_prices,2026-03-06T20:31:38,8f1cd9ecfa99ac90e3eea77bef9ba06891d4950d3d6c7a430fdc41aa921ed943
2021-03-21,Indonesia,National,,,Pertalite,7650.0,IDR,L,id_oto_monthly_prices,2026-03-06T20:31:38,819c9864a8ec9d02cc654dc3eb8ac9e605ad822df357460b7a6a5c4495ac60ba
2021-03-22,Indonesia,National,,,Pertalite,7650.0,IDR,L,id_oto_monthly_prices,2026-03-06T20:31:38,70ae6ea029a9eee4f70664a48d70ea61605ee0ad324fe54e74290a9f4a35f45f
2021-03-23,Indonesia,National,,,Pertalite,7650.0,IDR,L,id_oto_monthly_prices,2026-03-06T20:31:38,18be38d4c444af0e12c16947ec6fa6eeb3f9f1440437aba9671dc44770c79d5a
2021-03-24,Indonesia,National,,,Pertalite,7650.0,IDR,L,id_oto_monthly_prices,2026-03-06T20:31:38,7dad38494ef4948a709165cc62840f5c082c6ae738eecef27be6438cbe5d38d3
2021-03-25,Indonesia,National,,,Pertalite,7650.0,IDR,L,id_oto_monthly_prices,2026-03-06T20:31:38,6b3f46e72c562068df970fb80c93573642874af70d02662dc68b59dc6b8444dd
2021-03-26,Indonesia,National,,,Pertalite,7650.0,IDR,L,id_oto_monthly_prices,2026-03-06T20:31:38,969c1d9c1c48de76b334f33f514699157cbf174f62ef242102bcafac294db2d2
2021-03-27,Indonesia,National,,,Pertalite,7650.0,IDR,L,id_oto_monthly_prices,2026-03-06T20:31:38,3f80334185bf03348ec005e96a9cc8723cd0ed073eb4a9c35bfe882056baefc0
2021-03-28,Indonesia,National,,,Pertalite,7650.0,IDR,L,id_oto_monthly_prices,2026-03-06T20:31:38,fa6bea6da0a7d5bb9b9ef6d96164fa86923941141c54c840a3f171beed921f11
2021-03-29,Indonesia,National,,,Pertalite,7650.0,IDR,L,id_oto_monthly_prices,2026-03-06T20:31:38,1cf1ca838a46ae8c0e37b22eb58a2376b00ec58a0282d067ebc8f036d8210aa7
2021-03-30,Indonesia,National,,,Pertalite,7650.0,IDR,L,id_oto_monthly_prices,2026-03-06T20:31:38,78dfa60019d7e591abff22b15109ef5ee989a989d1400e88d2a514a81c04bec3
2021-03-31,Indonesia,National,,,Pertalite,7650.0,IDR,L,id_oto_monthly_prices,2026-03-06T20:31:38,ddb161a7c7f9ef06c2c0811823abe489cbd2e068b8ff4d03be1646dc5b3bf216
2021-04-01,Indonesia,National,,,Pertalite,7650.0,IDR,L,id_oto_monthly_prices,2026-03-06T20:31:38,e337a219dab7742f49771dd00ab6212c661a2bb6c889a566045fe2a99a1f3c95
2021-04-02,Indonesia,National,,,Pertalite,7650.0,IDR,L,id_oto_monthly_prices,2026-03-06T20:31:38,d0d13a572b43e4393b81b685ecb8500de6530e2778b68ddad8e7cf216a09830b
2021-04-03,Indonesia,National,,,Pertalite,7650.0,IDR,L,id_oto_monthly_prices,2026-03-06T20:31:38,06a86176445009025369313204d3b0e5360c8d21fdd934b89e9875622866bfc1
2021-04-04,Indonesia,National,,,Pertalite,7650.0,IDR,L,id_oto_monthly_prices,2026-03-06T20:31:38,084e28fc02c2f5a3aba9df75dea192d0a777b944b2a9e428ab229a7562553e2d
2021-04-05,Indonesia,National,,,Pertalite,7650.0,IDR,L,id_oto_monthly_prices,2026-03-06T20:31:38,6c4af964a25fc76317416443083021467cb24e04514daa510a541c1ff969c647
2021-04-06,Indonesia,National,,,Pertalite,7650.0,IDR,L,id_oto_monthly_prices,2026-03-06T20:31:38,b80f268d7eb5ff8d9cffa8ca12faa9a85b483c1b4f085a48202350603aa79174
2021-04-07,Indonesia,National,,,Pertalite,7650.0,IDR,L,id_oto_monthly_prices,2026-03-06T20:31:38,a1ff5bd8f7ba6f7fd4156feffccb1515bd2e46e1293c23c5afb426ff7bee06a0
2021-04-08,Indonesia,National,,,Pertalite,7650.0,IDR,L,id_oto_monthly_prices,2026-03-06T20:31:38,020af55f7646389fad28b86f840d8d6c3c52d26e6a9ae9b02464c6adab031d06
2021-04-09,Indonesia,National,,,Pertalite,7650.0,IDR,L,id_oto_monthly_prices,2026-03-06T20:31:38,dd4b788c77ecefd30e70e14de110a87cea512f5b8b93b272ca4c74438e5991d8
2021-04-10,Indonesia,National,,,Pertalite,7650.0,IDR,L,id_oto_monthly_prices,2026-03-06T20:31:38,365c299720b320c9cabcf946738e8d79a4dc2be226325a69a11229899a8d3673
2021-04-11,Indonesia,National,,,Pertalite,7650.0,IDR,L,id_oto_monthly_prices,2026-03-06T20:31:38,221a3c24ff14a0b39779c3d2a61f575af5ea93a50ca7310adbbf14dc2865e4a2
2021-04-12,Indonesia,National,,,Pertalite,7650.0,IDR,L,id_oto_monthly_prices,2026-03-06T20:31:38,c4549031a578e3e0d6f7136a24620fa8c33334d0b7779a8ddd7bb2de81208983
2021-04-13,Indonesia,National,,,Pertalite,7650.0,IDR,L,id_oto_monthly_prices,2026-03-06T20:31:38,28dc5a5a52ed10088d82b2954bf6694dc8c4ab32eb41bc098d77d8059a9500cc
2021-04-14,Indonesia,National,,,Pertalite,7650.0,IDR,L,id_oto_monthly_prices,2026-03-06T20:31:38,be563fe6f7577069d22a1af3e0bdc091dff4467f43ad7ffc7aa072fc70559267
2021-04-15,Indonesia,National,,,Pertalite,7650.0,IDR,L,id_oto_monthly_prices,2026-03-06T20:31:38,72ec3ed6a72e1d79c56e722be83d326abc8dff401a814e557aa69a2ed2dbd63f
2021-04-16,Indonesia,National,,,Pertalite,7650.0,IDR,L,id_oto_monthly_prices,2026-03-06T20:31:38,ac84dbacacefb047bc55f93bbebccc49431d743e7183a436f18b31718c4f74ed
2021-04-17,Indonesia,National,,,Pertalite,7650.0,IDR,L,id_oto_monthly_prices,2026-03-06T20:31:38,4646580a03f98a812b8e3a7ba1dd603623aaf70e9cf17d765481cd7123143d01
2021-04-18,Indonesia,National,,,Pertalite,7650.0,IDR,L,id_oto_monthly_prices,2026-03-06T20:31:38,e8b073e2d5ca8491b2295275849e878759ff7a291d3aacbad1f09a1ffb5065bf
2021-04-19,Indonesia,National,,,Pertalite,7650.0,IDR,L,id_oto_monthly_prices,2026-03-06T20:31:38,f4518b556eeb58e4638d6bfc06a4bf13cd3caf8656d3cad2c851888d7b5fd89f
2021-04-20,Indonesia,National,,,Pertalite,7650.0,IDR,L,id_oto_monthly_prices,2026-03-06T20:31:38,01540052a7d2afa89c6d92f63894884a25b240cfcab6912eab2890bc3d5b6f30
2021-04-21,Indonesia,National,,,Pertalite,7650.0,IDR,L,id_oto_monthly_prices,2026-03-06T20:31:38,023ac9124cbc5d4e44b8939def62819ac4c7510d83db0561ad332d5e44720bf7
2021-04-22,Indonesia,National,,,Pertalite,7650.0,IDR,L,id_oto_monthly_prices,2026-03-06T20:31:38,c62e2ba41713e97bfced9a7c5ec28bd2ea8fca2c9edd26f17c5ad3a285562092
2021-04-23,Indonesia,National,,,Pertalite,7650.0,IDR,L,id_oto_monthly_prices,2026-03-06T20:31:38,403126592f34ede86301c931ab34f95b75819f485362a72870e07fd95158d898
2021-04-24,Indonesia,National,,,Pertalite,7650.0,IDR,L,id_oto_monthly_prices,2026-03-06T20:31:38,64aee5839029c3a2361e3d83732b78732540f55d151f53a48038a63f5684450e
2021-04-25,Indonesia,National,,,Pertalite,7650.0,IDR,L,id_oto_monthly_prices,2026-03-06T20:31:38,4568097cbfaf51cc8982947fa11d72ce399765e4e2dfe95386459745bf5a7d0a
2021-04-26,Indonesia,National,,,Pertalite,7650.0,IDR,L,id_oto_monthly_prices,2026-03-06T20:31:38,30e4a1ad4c1b3acec6ecc2d957ea2cb1bd9539689a0183c547b75da973aaf951
2021-04-27,Indonesia,National,,,Pertalite,7650.0,IDR,L,id_oto_monthly_prices,2026-03-06T20:31:38,19f1fe3f13ce6eece47266779e9d77d92034139928a38650856daa42f7d8fa00
2021-04-28,Indonesia,National,,,Pertalite,7650.0,IDR,L,id_oto_monthly_prices,2026-03-06T20:31:38,c327d9b2637c5b3d8794177f11b398dcc154ca348dbe8738b85d9701789327c0
2021-04-29,Indonesia,National,,,Pertalite,7650.0,IDR,L,id_oto_monthly_prices,2026-03-06T20:31:38,6a57f8ab94051a8218a1ef0f5288e85387567af7cbabc3c45acd526b10b08063
2021-04-30,Indonesia,National,,,Pertalite,7650.0,IDR,L,id_oto_monthly_prices,2026-03-06T20:31:38,e810cea6ed2bee968bfc51216ec4c323893562760f034b59bcf7d489e962fd5e
2021-05-01,Indonesia,National,,,Pertalite,7650.0,IDR,L,id_oto_monthly_prices,2026-03-06T20:31:38,6ecf81f297265ef5cad7b25f29fa2a05ffe544256847564f5b6e092060691688
2021-05-02,Indonesia,National,,,Pertalite,7650.0,IDR,L,id_oto_monthly_prices,2026-03-06T20:31:38,ad241a23cc049881d260240c40de9e75d32ff5cdb5008f7b79f14655612082be
2021-05-03,Indonesia,National,,,Pertalite,7650.0,IDR,L,id_oto_monthly_prices,2026-03-06T20:31:38,538e7e2cffbad5a3a08af64d0c39ff7f2b6b4398b63f045560e84b6cb0d3d434
2021-05-04,Indonesia,National,,,Pertalite,7650.0,IDR,L,id_oto_monthly_prices,2026-03-06T20:31:38,55ced7a8403c7237be910427eeb8f162f68e406041c5dca6698f006b69435a8e
2021-05-05,Indonesia,National,,,Pertalite,7650.0,IDR,L,id_oto_monthly_prices,2026-03-06T20:31:38,3e500aa0dfd1f95402008a0eccd6cb9841398ed37ac7840eb7b91bfb85c7f1db
2021-05-06,Indonesia,National,,,Pertalite,7650.0,IDR,L,id_oto_monthly_prices,2026-03-06T20:31:38,5b62cb25db6ae4f7335d4bd7719ba0aa04d44446d570d77fd9d38df147b020b9
2021-05-07,Indonesia,National,,,Pertalite,7650.0,IDR,L,id_oto_monthly_prices,2026-03-06T20:31:38,cbb641a5520cf64b333558dd5a3c1c327983478077318685552d0c2e08a90272
2021-05-08,Indonesia,National,,,Pertalite,7650.0,IDR,L,id_oto_monthly_prices,2026-03-06T20:31:38,7500eacb3e4917915a5fdbdfa1acbf5ec18ac0473af2e9a4b7cfdda61438985a
2021-05-09,Indonesia,National,,,Pertalite,7650.0,IDR,L,id_oto_monthly_prices,2026-03-06T20:31:38,512f45e2c73c179ad442be63e0ec997822c2d751b82721a0f3628eb892a07dbf
2021-05-10,Indonesia,National,,,Pertalite,7650.0,IDR,L,id_oto_monthly_prices,2026-03-06T20:31:38,4c98a530a1ea26f15e114d8e129dd9db90b74969faed30af052dfb8066d638a2
2021-05-11,Indonesia,National,,,Pertalite,7650.0,IDR,L,id_oto_monthly_prices,2026-03-06T20:31:38,e5c96addc999d3bc27b91887bb6741da3b7c930a193fe3f7870bacd875d335e5
2021-05-12,Indonesia,National,,,Pertalite,7650.0,IDR,L,id_oto_monthly_prices,2026-03-06T20:31:38,602cb0662e8d4e751960093a1572ac2ae0b3b03e79a3e9fa211ad1a26061cdee
2021-05-13,Indonesia,National,,,Pertalite,7650.0,IDR,L,id_oto_monthly_prices,2026-03-06T20:31:38,90ce13eb3d0d41cbc0e7ca6007de77de5b7d3c34f67910e068ecb5dbd288a6c4
2021-05-14,Indonesia,National,,,Pertalite,7650.0,IDR,L,id_oto_monthly_prices,2026-03-06T20:31:38,4a8e6cd9f1e13171c5e9a67939c2cdb3529ba8531c09725e4d9dff8c3030b9b9
2021-05-15,Indonesia,National,,,Pertalite,7650.0,IDR,L,id_oto_monthly_prices,2026-03-06T20:31:38,b34b018682d88fcaae491c24719b29f20ced4a1be57b9f22c96738c6015a6b28
2021-05-16,Indonesia,National,,,Pertalite,7650.0,IDR,L,id_oto_monthly_prices,2026-03-06T20:31:38,7da48d8793b87d55ba21a7608b15d5046b5a2393a32555295a541473e2fb6edc
2021-05-17,Indonesia,National,,,Pertalite,7650.0,IDR,L,id_oto_monthly_prices,2026-03-06T20:31:38,b1f8824cc8cfbae0988bcf2a0d07355b79d312b33b055b394052895315c62bb3
2021-05-18,Indonesia,National,,,Pertalite,7650.0,IDR,L,id_oto_monthly_prices,2026-03-06T20:31:38,d105793a4d103e17442ecf125f0d0466cc49a829a19ded092bc69feeac63e9ba
2021-05-19,Indonesia,National,,,Pertalite,7650.0,IDR,L,id_oto_monthly_prices,2026-03-06T20:31:38,cb4fd840a5920441cc0aff87b470ad6fbe6bbf8e39af246f595f06eab38498b8
2021-05-20,Indonesia,National,,,Pertalite,7650.0,IDR,L,id_oto_monthly_prices,2026-03-06T20:31:38,8da2718d2ed077d083200848c31e98a989606f98586b5ef1d89d74597e88a66d
2021-05-21,Indonesia,National,,,Pertalite,7650.0,IDR,L,id_oto_monthly_prices,2026-03-06T20:31:38,141d5665f54241f6978c5245b57b50918945e419ea2f14770359b3136f00a215
2021-05-22,Indonesia,National,,,Pertalite,7650.0,IDR,L,id_oto_monthly_prices,2026-03-06T20:31:38,23e985a3a5972471b71abd5d01df31de1c88b5cca83a58fb8ac850077944b0bf
2021-05-23,Indonesia,National,,,Pertalite,7650.0,IDR,L,id_oto_monthly_prices,2026-03-06T20:31:38,fb69496ecb19c333c03e73564f0817ccc6d2555c0116806b66840b341f088fea
2021-05-24,Indonesia,National,,,Pertalite,7650.0,IDR,L,id_oto_monthly_prices,2026-03-06T20:31:38,fa42fef7f76b62a037fdc79e58ac3b6ac7f5214b49efd280663559b8fc8d7256
2021-05-25,Indonesia,National,,,Pertalite,7650.0,IDR,L,id_oto_monthly_prices,2026-03-06T20:31:38,350f2a8bbe9451e43e429ebe17133fc60cbd11bd53ae95026bcb9d4a4005a030
2021-05-26,Indonesia,National,,,Pertalite,7650.0,IDR,L,id_oto_monthly_prices,2026-03-06T20:31:38,d32b9bcc2ec3da788c92b203b9d3bcf5e8ee8eca3c300ec7af313bdbf06a26b4
2021-05-27,Indonesia,National,,,Pertalite,7650.0,IDR,L,id_oto_monthly_prices,2026-03-06T20:31:38,3ac8efc545a13873fa20c7e7b06c3b3b7bcdc5da4d0a73b8bd7e61698911a670
2021-05-28,Indonesia,National,,,Pertalite,7650.0,IDR,L,id_oto_monthly_prices,2026-03-06T20:31:38,434203ffb16e03a05faab2ec82daf2c4aaa97389cb7969376a454f80b824cdee
2021-05-29,Indonesia,National,,,Pertalite,7650.0,IDR,L,id_oto_monthly_prices,2026-03-06T20:31:38,99e7ae1405af4b4aed123845849f6cb70c042dcd663de9e18ec4e01b03289f84
2021-05-30,Indonesia,National,,,Pertalite,7650.0,IDR,L,id_oto_monthly_prices,2026-03-06T20:31:38,15f61c197936ea5a60fe7b26d2eed3544309a6da3f576ed7ea36030e7a8d55de
2021-05-31,Indonesia,National,,,Pertalite,7650.0,IDR,L,id_oto_monthly_prices,2026-03-06T20:31:38,a0c4cef088f4271d9ccf5bbbea0237af23efd22200a1c173e6202e22fe7935ea
2021-06-01,Indonesia,National,,,Pertalite,7650.0,IDR,L,id_oto_monthly_prices,2026-03-06T20:31:38,c18d554eb515865d639989f28bec8a043e4feac9d809cebf1f367326108985a9
2021-06-02,Indonesia,National,,,Pertalite,7650.0,IDR,L,id_oto_monthly_prices,2026-03-06T20:31:38,e1c6d7f20b727999cf9a52049879c9f6c2a40b68997c5d32442a6b1f47985151
2021-06-03,Indonesia,National,,,Pertalite,7650.0,IDR,L,id_oto_monthly_prices,2026-03-06T20:31:38,f1fc119fa6c3e9b6197f8d6aa87fbc42b36691f25acbed40a5446fa8a210e2da
2021-06-04,Indonesia,National,,,Pertalite,7650.0,IDR,L,id_oto_monthly_prices,2026-03-06T20:31:38,37ec5e5f46867e2d361bc68b6a0d1df9175ec2277950f2a2ab8f86326c71e7e6
2021-06-05,Indonesia,National,,,Pertalite,7650.0,IDR,L,id_oto_monthly_prices,2026-03-06T20:31:38,d7bad101a37945d5e55fe1f4c65e9bca42e42bcb9d43c3ebe6a57c3181ca03e5
2021-06-06,Indonesia,National,,,Pertalite,7650.0,IDR,L,id_oto_monthly_prices,2026-03-06T20:31:38,fcf625e09718845a90c9f8ee2e00a4220a415d388c5c23368804681ea7d17994
2021-06-07,Indonesia,National,,,Pertalite,7650.0,IDR,L,id_oto_monthly_prices,2026-03-06T20:31:38,36764b61f146ffe1269ac83ac4da6f0a4298cd33c5188e0066945d05744e907f
2021-06-08,Indonesia,National,,,Pertalite,7650.0,IDR,L,id_oto_monthly_prices,2026-03-06T20:31:38,cd6bb92ef95dd55ca213510fb88277cb674085e9b317116f7721c834fcf3b6ea
2021-06-09,Indonesia,National,,,Pertalite,7650.0,IDR,L,id_oto_monthly_prices,2026-03-06T20:31:38,3ee1a0bda52a35ce49797692a2488aa77d4c941589b57f8496d9dfa78c9d1c6c
2021-06-10,Indonesia,National,,,Pertalite,7650.0,IDR,L,id_oto_monthly_prices,2026-03-06T20:31:38,e812965f856630370d439be6e2724f560fcb781f1a9b141bfa84f7b692aa6b64
2021-06-11,Indonesia,National,,,Pertalite,7650.0,IDR,L,id_oto_monthly_prices,2026-03-06T20:31:38,fb26ebfe639c5bd4815a391cbf84a78bafdb0caabd273796d45f94e63096f558
2021-06-12,Indonesia,National,,,Pertalite,7650.0,IDR,L,id_oto_monthly_prices,2026-03-06T20:31:38,f43c0bd76173ef15ec02661c25032a19d1274afb6965a79cce057f0626fb37ad
2021-06-13,Indonesia,National,,,Pertalite,7650.0,IDR,L,id_oto_monthly_prices,2026-03-06T20:31:38,77934687b9bfb1b13e92c59eff6fd39a3c34695e24e82169aca895f266bfe10a
2021-06-14,Indonesia,National,,,Pertalite,7650.0,IDR,L,id_oto_monthly_prices,2026-03-06T20:31:38,47328bda7ff7bb0c3c65f52586c2c60f99ee916749f3b398c6334b84b336fe89
2021-06-15,Indonesia,National,,,Pertalite,7650.0,IDR,L,id_oto_monthly_prices,2026-03-06T20:31:38,e010dfca34ec112097c88da2ac94a83cdf4ceec6d7c4a088d140d9821e6149a2
2021-06-16,Indonesia,National,,,Pertalite,7650.0,IDR,L,id_oto_monthly_prices,2026-03-06T20:31:38,f7ce7d1c23084f2d03435bf9b099a736b32b6788ab54d666c14d117ea3333934
2021-06-17,Indonesia,National,,,Pertalite,7650.0,IDR,L,id_oto_monthly_prices,2026-03-06T20:31:38,8ff49c5150c8666ca9d4e954c6c28952eddf958779a391c427f02b9c3aada610
2021-06-18,Indonesia,National,,,Pertalite,7650.0,IDR,L,id_oto_monthly_prices,2026-03-06T20:31:38,3219a39cf183755a98a908bfeb8c78d6f33c44fbf53c2af4bd7da8e0cf413aee
2021-06-19,Indonesia,National,,,Pertalite,7650.0,IDR,L,id_oto_monthly_prices,2026-03-06T20:31:38,07433e0358badcd00ca3db10a9006c194ee4254cc28a6de542e2b2debe445ee1
2021-06-20,Indonesia,National,,,Pertalite,7650.0,IDR,L,id_oto_monthly_prices,2026-03-06T20:31:38,b5179f655d156dcd587e74ec2d2c5f2cbe8ea5479cb364c8ea44f776c67a8f3b
2021-06-21,Indonesia,National,,,Pertalite,7650.0,IDR,L,id_oto_monthly_prices,2026-03-06T20:31:38,1d0e62917859fde3a271e3e0b094fcca4a2a3a3f7825e66974d98c38f5da2dc8
2021-06-22,Indonesia,National,,,Pertalite,7650.0,IDR,L,id_oto_monthly_prices,2026-03-06T20:31:38,6f6b0e2a70cb6fe6e680ad93c637a26fb492359685beb84f988de377ef5cb23d
2021-06-23,Indonesia,National,,,Pertalite,7650.0,IDR,L,id_oto_monthly_prices,2026-03-06T20:31:38,e3e12d32c099c50e08ed8d7f1f78cbb3d532980d30b555fe132bcf5135e51d8c
2021-06-24,Indonesia,National,,,Pertalite,7650.0,IDR,L,id_oto_monthly_prices,2026-03-06T20:31:38,52e4da352acfbcb6d4d0844287c24881eb0a54036f4d2a38d6f2b54524a2f8a4
2021-06-25,Indonesia,National,,,Pertalite,7650.0,IDR,L,id_oto_monthly_prices,2026-03-06T20:31:38,5cb1ac6deed0f4c85a41dc6838d8f3bc8b7400a32de1e85bcb1beb7ca8b771d9
2021-06-26,Indonesia,National,,,Pertalite,7650.0,IDR,L,id_oto_monthly_prices,2026-03-06T20:31:38,94124d9efee67fd859cd7cef20c6fc093b7f5e4088011f1c216c2a1ccb3ca130
2021-06-27,Indonesia,National,,,Pertalite,7650.0,IDR,L,id_oto_monthly_prices,2026-03-06T20:31:38,a4083c2aa6791054e6d27eba043335c4d54903d00777a5c9a67a8a661791ae02
2021-06-28,Indonesia,National,,,Pertalite,7650.0,IDR,L,id_oto_monthly_prices,2026-03-06T20:31:38,ec60e538defdc85ad3f37e98e2aa93cad1658450feb7a1fe9adfc9c0b840a8c1
2021-06-29,Indonesia,National,,,Pertalite,7650.0,IDR,L,id_oto_monthly_prices,2026-03-06T20:31:38,b385700d4dca575db0e800458458fa36d614a9e57317bef99b34763d4d55f3d7
2021-06-30,Indonesia,National,,,Pertalite,7650.0,IDR,L,id_oto_monthly_prices,2026-03-06T20:31:38,fab4f1cdbc8c53f292bfc29b3edd9776d7b66d1658f27b1ade087064329fdd42
2021-07-01,Indonesia,National,,,Pertalite,7650.0,IDR,L,id_oto_monthly_prices,2026-03-06T20:31:38,bbd0a46355c1410666833620568e181a7ba44da91fa2d3de8caf8519843289ce
2021-07-02,Indonesia,National,,,Pertalite,7650.0,IDR,L,id_oto_monthly_prices,2026-03-06T20:31:38,73456ed7c4960c269611897215169d55431d4e45fdbca8d44d2e1b3b81a4e0d4
2021-07-03,Indonesia,National,,,Pertalite,7650.0,IDR,L,id_oto_monthly_prices,2026-03-06T20:31:38,e1af2f367efbe5a02f806ad19b5ef78612ccb8c17998114f3728bd0797ae3f70
2021-07-04,Indonesia,National,,,Pertalite,7650.0,IDR,L,id_oto_monthly_prices,2026-03-06T20:31:38,4e26ecc3ad1c37a6a4e1b0a3d91a2d198b20a040de502ac775b265b8681e3604
2021-07-05,Indonesia,National,,,Pertalite,7650.0,IDR,L,id_oto_monthly_prices,2026-03-06T20:31:38,cfe48a27d0735c75e34820cf3a2b6c1d9ef01deb7491a9ec6c34d5b03ab09e9a
2021-07-06,Indonesia,National,,,Pertalite,7650.0,IDR,L,id_oto_monthly_prices,2026-03-06T20:31:38,615633305e91dad06c017466f548a993780158cf2c4ce32b4c2e77b39199b408
2021-07-07,Indonesia,National,,,Pertalite,7650.0,IDR,L,id_oto_monthly_prices,2026-03-06T20:31:38,2401aeef13c1a99913dce6e4feee7e824711bf42b9503094b43baf4c40629fcf
2021-07-08,Indonesia,National,,,Pertalite,7650.0,IDR,L,id_oto_monthly_prices,2026-03-06T20:31:38,0ad7f6b2ee9b0189f1a477cc8c6b4fd72d04082904edec08a7cf20fe1649101d
2021-07-09,Indonesia,National,,,Pertalite,7650.0,IDR,L,id_oto_monthly_prices,2026-03-06T20:31:38,ba948c732fa1b59e374d3bae2077dcb2cb96f4370e4dca31e005c4297e2c02d7
2021-07-10,Indonesia,National,,,Pertalite,7650.0,IDR,L,id_oto_monthly_prices,2026-03-06T20:31:38,1f4812387ac971858fae00f3b82bde776bfc947e899d984ef87145c3d9dea4cf
2021-07-11,Indonesia,National,,,Pertalite,7650.0,IDR,L,id_oto_monthly_prices,2026-03-06T20:31:38,d33c1b067a9bc33fab70a7d17e545a7d07cffcd74d2f74d74bb86c8cae02db91
2021-07-12,Indonesia,National,,,Pertalite,7650.0,IDR,L,id_oto_monthly_prices,2026-03-06T20:31:38,a04d4f9cb0a536a08da76d142b65b4e64e5ab651d683b92fc37293a46a7e426d
2021-07-13,Indonesia,National,,,Pertalite,7650.0,IDR,L,id_oto_monthly_prices,2026-03-06T20:31:38,4d5322e2f52540a715519d702adadc1deddc6e3edde61ac65f9caa6b2c85559e
2021-07-14,Indonesia,National,,,Pertalite,7650.0,IDR,L,id_oto_monthly_prices,2026-03-06T20:31:38,ecf441a35d7c599ba055212199e52645f8b84709fa912d6e811be4a8445aa845
2021-07-15,Indonesia,National,,,Pertalite,7650.0,IDR,L,id_oto_monthly_prices,2026-03-06T20:31:38,c62bb34ae900e72951014bfb407a22b40ae86a99788cf6688cc5efa2894a9d57
2021-07-16,Indonesia,National,,,Pertalite,7650.0,IDR,L,id_oto_monthly_prices,2026-03-06T20:31:38,5a1569e53143c3f486145ba415079e07715bfbe33ff9fe3c06a6745f74db1a63
2021-07-17,Indonesia,National,,,Pertalite,7650.0,IDR,L,id_oto_monthly_prices,2026-03-06T20:31:38,b421d1b7fec4f4429d6acf9ee720dc2d82755f850fc4e426a9e5040d5bca87ee
2021-07-18,Indonesia,National,,,Pertalite,7650.0,IDR,L,id_oto_monthly_prices,2026-03-06T20:31:38,df7f032311ff270ba2a248cbccb0f4750fec263803143a43d3622a0c69168a26
2021-07-19,Indonesia,National,,,Pertalite,7650.0,IDR,L,id_oto_monthly_prices,2026-03-06T20:31:38,60ff44e9688d0d02965b37608ddf216ac5f2e4048f0eda8bd013665c8aedae16
2021-07-20,Indonesia,National,,,Pertalite,7650.0,IDR,L,id_oto_monthly_prices,2026-03-06T20:31:38,e0240c84799b6bf782646437db1b3d8d0bd3f22cd3d1f68cce2c077fb323df41
2021-07-21,Indonesia,National,,,Pertalite,7650.0,IDR,L,id_oto_monthly_prices,2026-03-06T20:31:38,a9614d31bbc2d82df93be30831503dacafb8cb6a8049c5e88ac5bc45e1a70364
2021-07-22,Indonesia,National,,,Pertalite,7650.0,IDR,L,id_oto_monthly_prices,2026-03-06T20:31:38,ed9f01e0a0f6fbc1410819a8ce5ad596f619d26c4cf5d3358a64f15695c5a0a3
2021-07-23,Indonesia,National,,,Pertalite,7650.0,IDR,L,id_oto_monthly_prices,2026-03-06T20:31:38,e5ebb32834e26702bf8290f5f6d807bbe8c6b683ee0049ec20ec9cb23017c434
2021-07-24,Indonesia,National,,,Pertalite,7650.0,IDR,L,id_oto_monthly_prices,2026-03-06T20:31:38,c8720784a65779708ba22a5da0a38c8de1699387dc2ba4168039b1660891bed1
2021-07-25,Indonesia,National,,,Pertalite,7650.0,IDR,L,id_oto_monthly_prices,2026-03-06T20:31:38,7de3652bd3006f08158bb2364ee7e23879781f80114572cba736ecac36fc5ec7
2021-07-26,Indonesia,National,,,Pertalite,7650.0,IDR,L,id_oto_monthly_prices,2026-03-06T20:31:38,d201920404e9b4fda6e14006e99a5cc5ce2dc2c7d2fb7b864ee835337486bf11
2021-07-27,Indonesia,National,,,Pertalite,7650.0,IDR,L,id_oto_monthly_prices,2026-03-06T20:31:38,86ad502f518d68317139bd4052581ca923b9c3fdd97e45efbdd0913a19a7c762
2021-07-28,Indonesia,National,,,Pertalite,7650.0,IDR,L,id_oto_monthly_prices,2026-03-06T20:31:38,e37f6906680f2a1869e52451fe148a1d1d5733f516f1ac2a7da4179e46b7430a
2021-07-29,Indonesia,National,,,Pertalite,7650.0,IDR,L,id_oto_monthly_prices,2026-03-06T20:31:38,b0cfb5a69897f929401ea5cadcbfcf5386042d87fca12e016029e9867026ce36
2021-07-30,Indonesia,National,,,Pertalite,7650.0,IDR,L,id_oto_monthly_prices,2026-03-06T20:31:38,97456e93c4b1b286cf43b668bf1680dd46d3edaad3d3d5054efd7b1eb8e87a1d
2021-07-31,Indonesia,National,,,Pertalite,7650.0,IDR,L,id_oto_monthly_prices,2026-03-06T20:31:38,fcf05e33231e6e83eb1a4b46ceed7f0f4e9546a49297a33e10138befcecd0396
2021-08-01,Indonesia,National,,,Pertalite,7650.0,IDR,L,id_oto_monthly_prices,2026-03-06T20:31:38,4bc03581846b443d6e878bf90251eaf6de0c95a61c75108aadb23b0fd9023f71
2021-08-02,Indonesia,National,,,Pertalite,7650.0,IDR,L,id_oto_monthly_prices,2026-03-06T20:31:38,6bca5e586b05201fedbc9af7fdc245bce11ae708ceca8ff315d9205611db745a
2021-08-03,Indonesia,National,,,Pertalite,7650.0,IDR,L,id_oto_monthly_prices,2026-03-06T20:31:38,1cf041e87fcd5341c143663e584a5d854a19c9ccf38adf5d7c96e46e0199e40f
2021-08-04,Indonesia,National,,,Pertalite,7650.0,IDR,L,id_oto_monthly_prices,2026-03-06T20:31:38,864f1d92acecebaca94a4eb9a125919023ba80c777931dbe0bfa4b361a82c4da
2021-08-05,Indonesia,National,,,Pertalite,7650.0,IDR,L,id_oto_monthly_prices,2026-03-06T20:31:38,5b926f93fe8fa341a5a0ce22fa040a6677963c08606cc071532358a60ada8138
2021-08-06,Indonesia,National,,,Pertalite,7650.0,IDR,L,id_oto_monthly_prices,2026-03-06T20:31:38,02f33370cb546543d08c756452f079c42d3280f47ee374b962a4bf9842f466c6
2021-08-07,Indonesia,National,,,Pertalite,7650.0,IDR,L,id_oto_monthly_prices,2026-03-06T20:31:38,27f2afb3aa8fcf948f4d848dd16566f70301a224ee41e4b7a2d19ad1cf6bbb90
2021-08-08,Indonesia,National,,,Pertalite,7650.0,IDR,L,id_oto_monthly_prices,2026-03-06T20:31:38,1ddcd89c195acce14abcd7210cb6e153edb316af7f470b7fa2021503fdb54c71
2021-08-09,Indonesia,National,,,Pertalite,7650.0,IDR,L,id_oto_monthly_prices,2026-03-06T20:31:38,cddef2f16c280c20a060b0ef5d716f0032dfd612838ded6e529daf903f9a2c25
2021-08-10,Indonesia,National,,,Pertalite,7650.0,IDR,L,id_oto_monthly_prices,2026-03-06T20:31:38,7e1e8f631f6b637d9dd52a5df876dea7c1cd62fd730a20c1bf3039099c78a639
2021-08-11,Indonesia,National,,,Pertalite,7650.0,IDR,L,id_oto_monthly_prices,2026-03-06T20:31:38,f3948ceb9b18d0208de31c04dfb59ed0f0cdfd239e1932d0862850bb5f3582fa
2021-08-12,Indonesia,National,,,Pertalite,7650.0,IDR,L,id_oto_monthly_prices,2026-03-06T20:31:38,1cfc5ae8903b53be590df83beeff1997f81ff63cfcb84023f9fc72a615e2a3e6
2021-08-13,Indonesia,National,,,Pertalite,7650.0,IDR,L,id_oto_monthly_prices,2026-03-06T20:31:38,5e78137660bf37cb3d7d031be0c9e61480c7261ee57c380a6d7acc3b0dc9d6d0
2021-08-14,Indonesia,National,,,Pertalite,7650.0,IDR,L,id_oto_monthly_prices,2026-03-06T20:31:38,015c051f8128f461474569cb8de6f19375b9bfb03b54f18d17e6256ebd1c0328
2021-08-15,Indonesia,National,,,Pertalite,7650.0,IDR,L,id_oto_monthly_prices,2026-03-06T20:31:38,d2593be92f5fb9a6472001eea4de47d3628c9fd4ab05304f7b50d86fe02f7791
2021-08-16,Indonesia,National,,,Pertalite,7650.0,IDR,L,id_oto_monthly_prices,2026-03-06T20:31:38,5245bfb0f5cb4afadbdee106d2d36ad11e02072e292b1c75291643c1a2e527b2
2021-08-17,Indonesia,National,,,Pertalite,7650.0,IDR,L,id_oto_monthly_prices,2026-03-06T20:31:38,ededd86016a843a6980e8ed790a7d42d1624b324e6f942f4f6cbdac89be0ba96
2021-08-18,Indonesia,National,,,Pertalite,7650.0,IDR,L,id_oto_monthly_prices,2026-03-06T20:31:38,dab73ca20e3966e59146732e3886c2d1f30bb7e49f5be4abcd104ae8b89a9768
2021-08-19,Indonesia,National,,,Pertalite,7650.0,IDR,L,id_oto_monthly_prices,2026-03-06T20:31:38,589bc1d18e5b85bc94cdaf998750189409b48825c5796776359278a80ad25256
2021-08-20,Indonesia,National,,,Pertalite,7650.0,IDR,L,id_oto_monthly_prices,2026-03-06T20:31:38,dece11f23572b621852c584375385202f96e620fd498fa3391ea1c919b33db9d
2021-08-21,Indonesia,National,,,Pertalite,7650.0,IDR,L,id_oto_monthly_prices,2026-03-06T20:31:38,575fda428d9a545ffce98eef6718692c547e6cf8df98be005e1ba85533b4826d
2021-08-22,Indonesia,National,,,Pertalite,7650.0,IDR,L,id_oto_monthly_prices,2026-03-06T20:31:38,ec7ed262d784f832b1c88b13f0f23e6dd28755404c5406b51ae9d32f6f9f501e
2021-08-23,Indonesia,National,,,Pertalite,7650.0,IDR,L,id_oto_monthly_prices,2026-03-06T20:31:38,117c7a62ad52209f7fd95683ad43972cc40e3b6db9445a62b326d1cce3bb2c61
2021-08-24,Indonesia,National,,,Pertalite,7650.0,IDR,L,id_oto_monthly_prices,2026-03-06T20:31:38,422139d7fb7caa57ad7b2fe30353c9300bc6476c9c850187a5b2fea5d33aef1d
2021-08-25,Indonesia,National,,,Pertalite,7650.0,IDR,L,id_oto_monthly_prices,2026-03-06T20:31:38,9ca0a7b398d7f7e2b4f4b1cd89cd31b65aa1714c890fdd23ac86a94c658ffde0
2021-08-26,Indonesia,National,,,Pertalite,7650.0,IDR,L,id_oto_monthly_prices,2026-03-06T20:31:38,61b04cf8e2a309a2b8b0767616d4e9a146efe3643cf5a96edf4facb104074475
2021-08-27,Indonesia,National,,,Pertalite,7650.0,IDR,L,id_oto_monthly_prices,2026-03-06T20:31:38,e220a04efac782db2665c3c1e1b246472f55efbbc5468c3fbfc83cd8552c43c4
2021-08-28,Indonesia,National,,,Pertalite,7650.0,IDR,L,id_oto_monthly_prices,2026-03-06T20:31:38,6737a77dad316ee70c2ec954fdf782d663e17c2a7c65a41ab4ee718edc7a07a8
2021-08-29,Indonesia,National,,,Pertalite,7650.0,IDR,L,id_oto_monthly_prices,2026-03-06T20:31:38,36ac0c701be37b2b3596f2fcdd255bbdb2dd817cd26ed7bacea747724f7c39ef
2021-08-30,Indonesia,National,,,Pertalite,7650.0,IDR,L,id_oto_monthly_prices,2026-03-06T20:31:38,c0dcbc2f1c538840524b6d1b1be1871a3e841f25e7b5b7fbbe20652cd43dbb0f
2021-08-31,Indonesia,National,,,Pertalite,7650.0,IDR,L,id_oto_monthly_prices,2026-03-06T20:31:38,a95af441bcfe258e2cb58c5b55098883140b16a6a9725c24f2d12c8120723685
2021-09-01,Indonesia,National,,,Pertalite,7650.0,IDR,L,id_oto_monthly_prices,2026-03-06T20:31:38,95a9bf26cb35dff62edab90d6ea73edd82757a1790ab35066a532db9162bb3ce
2021-09-02,Indonesia,National,,,Pertalite,7650.0,IDR,L,id_oto_monthly_prices,2026-03-06T20:31:38,d485fd6eab1c014783974652c356ab68b359ba7b3baf137983c492172c63a348
2021-09-03,Indonesia,National,,,Pertalite,7650.0,IDR,L,id_oto_monthly_prices,2026-03-06T20:31:38,4762c4a2bdd201d9f3b979d5e0706415e270e76d4939ab3f66bd0dc2a38b3167
2021-09-04,Indonesia,National,,,Pertalite,7650.0,IDR,L,id_oto_monthly_prices,2026-03-06T20:31:38,780bf79733b0c62128023857d2a1c0e2f59d974a2a9dfe11a14cd85e8b42ff68
2021-09-05,Indonesia,National,,,Pertalite,7650.0,IDR,L,id_oto_monthly_prices,2026-03-06T20:31:38,42ef37e57b137420e5e01305264b48427788e5183f7f29ab6e84973894a26766
2021-09-06,Indonesia,National,,,Pertalite,7650.0,IDR,L,id_oto_monthly_prices,2026-03-06T20:31:38,38f68e770895e9e630732d07b84d6db20cc31bf47838016a94e24defb5ab5bbc
2021-09-07,Indonesia,National,,,Pertalite,7650.0,IDR,L,id_oto_monthly_prices,2026-03-06T20:31:38,c2af06ed91c40150717c8907bf116531278616fecb4711302bf25e63fd83b579
2021-09-08,Indonesia,National,,,Pertalite,7650.0,IDR,L,id_oto_monthly_prices,2026-03-06T20:31:38,d60191eabb88866e2ea5b3a8b7c64678abbf7ee55a04a9a36c69b8351a5de1a0
2021-09-09,Indonesia,National,,,Pertalite,7650.0,IDR,L,id_oto_monthly_prices,2026-03-06T20:31:38,014a0ffa635c0fb39a195841277d58042a147b98f37e2e19f25ed95cc806740e
2021-09-10,Indonesia,National,,,Pertalite,7650.0,IDR,L,id_oto_monthly_prices,2026-03-06T20:31:38,353d570c6b7470005f10468985fc202c3c8b478c8ea1da5525df621a7e899a01
2021-09-11,Indonesia,National,,,Pertalite,7650.0,IDR,L,id_oto_monthly_prices,2026-03-06T20:31:38,3074c5c0f669e325356878c58c53c9a5900d72f86a63b40bdfe0bca195fbb72b
2021-09-12,Indonesia,National,,,Pertalite,7650.0,IDR,L,id_oto_monthly_prices,2026-03-06T20:31:38,9ef5be0f97a2d6a5907692b70bf3a5cbf2f875db8794fe0e7a01f1060a505be9
2021-09-13,Indonesia,National,,,Pertalite,7650.0,IDR,L,id_oto_monthly_prices,2026-03-06T20:31:38,c1513e574c316e7a0651a842ffbe40304f0f20c00ec5f14c798793cb19339706
2021-09-14,Indonesia,National,,,Pertalite,7650.0,IDR,L,id_oto_monthly_prices,2026-03-06T20:31:38,c850bf3560d41d11e514de32c7d5d02f464fc2263aa83185b98621d2575bbe36
2021-09-15,Indonesia,National,,,Pertalite,7650.0,IDR,L,id_oto_monthly_prices,2026-03-06T20:31:38,e3e1da0d4ea958554228541a1305c1d98148b6cfdaae19518e2057889af894fe
2021-09-16,Indonesia,National,,,Pertalite,7650.0,IDR,L,id_oto_monthly_prices,2026-03-06T20:31:38,2f27438d27efbbff7dda446ef8a271a9c758105854d8ac42feacd444dc07dcad
2021-09-17,Indonesia,National,,,Pertalite,7650.0,IDR,L,id_oto_monthly_prices,2026-03-06T20:31:38,50fc5d79e42ce66ffd25dd29533988f450f0c2a00347ef5701e21ae13056c928
2021-09-18,Indonesia,National,,,Pertalite,7650.0,IDR,L,id_oto_monthly_prices,2026-03-06T20:31:38,1971fb5d18e53024c3457fc516ba27866eb9b3b0d70c9c27540d225cf8140c51
2021-09-19,Indonesia,National,,,Pertalite,7650.0,IDR,L,id_oto_monthly_prices,2026-03-06T20:31:38,d253a07ed1aacbc5519b1b4e5c07b0a15cd94342791e3bad478f6ffb0a649260
2021-09-20,Indonesia,National,,,Pertalite,7650.0,IDR,L,id_oto_monthly_prices,2026-03-06T20:31:38,39510d4d769af36e1c6283713c61bfc5ccb1840924c0b46a8a62ac5865dbcf00
2021-09-21,Indonesia,National,,,Pertalite,7650.0,IDR,L,id_oto_monthly_prices,2026-03-06T20:31:38,e622a987f1fe90949dbfe5e427d3348ffc9820e25bfc9a13d841f4ef74d100f4
2021-09-22,Indonesia,National,,,Pertalite,7650.0,IDR,L,id_oto_monthly_prices,2026-03-06T20:31:38,c0c50fe90ef853ef4c4a7e74f03b3fde56383e43685465a07fd35c0b95a64cae
2021-09-23,Indonesia,National,,,Pertalite,7650.0,IDR,L,id_oto_monthly_prices,2026-03-06T20:31:38,2185cc4105d5019d6711a65b4b3a38774d62ecbc230c2e0b12642117a80eed3a
2021-09-24,Indonesia,National,,,Pertalite,7650.0,IDR,L,id_oto_monthly_prices,2026-03-06T20:31:38,754453ebc13f731e2bfc90c2d8fef6e97b7c47db72fc9cec702ff9b962513a83
2021-09-25,Indonesia,National,,,Pertalite,7650.0,IDR,L,id_oto_monthly_prices,2026-03-06T20:31:38,96c0f7bd5a9ef48ebe5781d05c922c23fdb630fc4a4898b7a70ae8c22912c2e8
2021-09-26,Indonesia,National,,,Pertalite,7650.0,IDR,L,id_oto_monthly_prices,2026-03-06T20:31:38,0acc8090327d7807fff334aff3b759c3b965d13c785309f2713022d92a458367
2021-09-27,Indonesia,National,,,Pertalite,7650.0,IDR,L,id_oto_monthly_prices,2026-03-06T20:31:38,f695a46cac9f09baa96c85b39fc264b79fd270afe43c04b8f2440f9fa3384130
2021-09-28,Indonesia,National,,,Pertalite,7650.0,IDR,L,id_oto_monthly_prices,2026-03-06T20:31:38,9596ac2d25539a11d4c0cda4759bf79310ffbfce870971ab7ce9178eff0935eb
2021-09-29,Indonesia,National,,,Pertalite,7650.0,IDR,L,id_oto_monthly_prices,2026-03-06T20:31:38,6601b0178b9955a36f767552e3c9e1acc6496a9253446e99e35fc1a35a6610e6
2021-09-30,Indonesia,National,,,Pertalite,7650.0,IDR,L,id_oto_monthly_prices,2026-03-06T20:31:38,ac758a47e865fa0faf2dd557b2c3a615c60b4af4b45214abe67e19fe0f4cf25e
2021-10-01,Indonesia,National,,,Pertalite,7650.0,IDR,L,id_oto_monthly_prices,2026-03-06T20:31:38,0873bb58a50327dbd6eac0ed3d0f292d4838f33b36f8312784dcf3755e4732f9
2021-10-02,Indonesia,National,,,Pertalite,7650.0,IDR,L,id_oto_monthly_prices,2026-03-06T20:31:38,a49a10dd7b9271e44d3a9075ad1e6f6e6b8a01fad7c213e1a0d7776a4d1bfebd
2021-10-03,Indonesia,National,,,Pertalite,7650.0,IDR,L,id_oto_monthly_prices,2026-03-06T20:31:38,43c1aaa2ec04d1c2933ef6a91be5fe4d2a824af4b2bb42961729f862aec582b4
2021-10-04,Indonesia,National,,,Pertalite,7650.0,IDR,L,id_oto_monthly_prices,2026-03-06T20:31:38,aa874b8048d4f4fb634482c7e8b03dae47573ab186c019ed83d012a74ed562c2
2021-10-05,Indonesia,National,,,Pertalite,7650.0,IDR,L,id_oto_monthly_prices,2026-03-06T20:31:38,dad03a6637c751a8492c2d7dad62cee19a2e245c4994db126de00bab530c560c
2021-10-06,Indonesia,National,,,Pertalite,7650.0,IDR,L,id_oto_monthly_prices,2026-03-06T20:31:38,e365756f58f1ac2412a96b2129478ba2b12279fc42edc927a5b4eb1b5b576ac2
2021-10-07,Indonesia,National,,,Pertalite,7650.0,IDR,L,id_oto_monthly_prices,2026-03-06T20:31:38,bb9006174a86e965f4e2f5c4317db1064b563c8ae6e36c367fd67b34e9b52493
2021-10-08,Indonesia,National,,,Pertalite,7650.0,IDR,L,id_oto_monthly_prices,2026-03-06T20:31:38,c840033ea3c27a9b6904cfce888d9ad05d4b387a8d51e46da69c772619d78114
2021-10-09,Indonesia,National,,,Pertalite,7650.0,IDR,L,id_oto_monthly_prices,2026-03-06T20:31:38,8a48cf6852547f8ae0e93c77c218bde19eceab49b784add7ec1af85bf0850d75
2021-10-10,Indonesia,National,,,Pertalite,7650.0,IDR,L,id_oto_monthly_prices,2026-03-06T20:31:38,efc4adb880b384a158a1c7401c00cc6629fa748546629e3a4682b69190c97501
2021-10-11,Indonesia,National,,,Pertalite,7650.0,IDR,L,id_oto_monthly_prices,2026-03-06T20:31:38,0b8082244277f23f3149cba9df4289a2faba5a917f5258def7d9d4d5e002c96f
2021-10-12,Indonesia,National,,,Pertalite,7650.0,IDR,L,id_oto_monthly_prices,2026-03-06T20:31:38,289ec648e1838f9cf7e7dc8b7728f75201bfb3c9c6a39f665e98c6923df797f1
2021-10-13,Indonesia,National,,,Pertalite,7650.0,IDR,L,id_oto_monthly_prices,2026-03-06T20:31:38,61258fbc36855ca52666baceabbc67435c128dea175ad54063520bd070fbc7e3
2021-10-14,Indonesia,National,,,Pertalite,7650.0,IDR,L,id_oto_monthly_prices,2026-03-06T20:31:38,dfb44769e6d78cf496e6ee6fc490ac5f13d4ecabd85cdf70841fe9866e6dd1c6
2021-10-15,Indonesia,National,,,Pertalite,7650.0,IDR,L,id_oto_monthly_prices,2026-03-06T20:31:38,ad10248c382432bf317eea03b801ae8934edf6253fd687b140cfed9d35c66bf0
2021-10-16,Indonesia,National,,,Pertalite,7650.0,IDR,L,id_oto_monthly_prices,2026-03-06T20:31:38,07da4b57a09eac3ffd8f01bc2e1892d9fce158c513bc020d60ed2dda299f0154
2021-10-17,Indonesia,National,,,Pertalite,7650.0,IDR,L,id_oto_monthly_prices,2026-03-06T20:31:38,47e56ffe68f16f3e480b618739e2ae546c7eee1bfabf2e266b995ebe184d15c5
2021-10-18,Indonesia,National,,,Pertalite,7650.0,IDR,L,id_oto_monthly_prices,2026-03-06T20:31:38,a8934ddcd114a94749f0d4ed8b7f3f390034ab46024c18e8d7de1ffa58f18595
2021-10-19,Indonesia,National,,,Pertalite,7650.0,IDR,L,id_oto_monthly_prices,2026-03-06T20:31:38,0f2d8ac9c59e3e97edd27605042345b61929a689d5de10d269a3778656e705e5
2021-10-20,Indonesia,National,,,Pertalite,7650.0,IDR,L,id_oto_monthly_prices,2026-03-06T20:31:38,1b8f94f47916f653ef27e5d1d8d6ca051e8d9014aef0f216b9f6e581b7ccec64
2021-10-21,Indonesia,National,,,Pertalite,7650.0,IDR,L,id_oto_monthly_prices,2026-03-06T20:31:38,8e12cd9e077bc0df36c546ebd9d072461a93897a2cf6ff1955fbb167b730147a
2021-10-22,Indonesia,National,,,Pertalite,7650.0,IDR,L,id_oto_monthly_prices,2026-03-06T20:31:38,a9420f79c7ddce4db874dd8e31d1fd6c8c9c6b78fd695a47b669ae81eb75c655
2021-10-23,Indonesia,National,,,Pertalite,7650.0,IDR,L,id_oto_monthly_prices,2026-03-06T20:31:38,6f0d87a3ece7f7eb7794acff7bb030716055f7905021f14570b6e3a8ab9ef6d3
2021-10-24,Indonesia,National,,,Pertalite,7650.0,IDR,L,id_oto_monthly_prices,2026-03-06T20:31:38,6715e8d49efd0498325d9c5218849e55b46b1853cb29e2c51a91706d77770cef
2021-10-25,Indonesia,National,,,Pertalite,7650.0,IDR,L,id_oto_monthly_prices,2026-03-06T20:31:38,040c70d8a964e732d3cc9cdd44f99d667ee07a76f0116bfddfd576506400456b
2021-10-26,Indonesia,National,,,Pertalite,7650.0,IDR,L,id_oto_monthly_prices,2026-03-06T20:31:38,fb268fc24bfb8174218e896cf04b67910681fc547c19f485b150d95cadfdbc51
2021-10-27,Indonesia,National,,,Pertalite,7650.0,IDR,L,id_oto_monthly_prices,2026-03-06T20:31:38,a12d17028db18dc623c9c03749b2449beb7d949a729f23034db9f5c5f043c057
2021-10-28,Indonesia,National,,,Pertalite,7650.0,IDR,L,id_oto_monthly_prices,2026-03-06T20:31:38,5a7c6b397005a213a7d5da4ad7f4e231a6aef16e3837fd87aaf932b34fce83bb
2021-10-29,Indonesia,National,,,Pertalite,7650.0,IDR,L,id_oto_monthly_prices,2026-03-06T20:31:38,9fcf4b01c61e1ea836886d6092e2854525f2cd673e31bbb8f3720bbe22894f19
2021-10-30,Indonesia,National,,,Pertalite,7650.0,IDR,L,id_oto_monthly_prices,2026-03-06T20:31:38,b047eacdfc4540af4166419e1c1439f804d5a0dd5b2783100c32951ec2ffe3b0
2021-10-31,Indonesia,National,,,Pertalite,7650.0,IDR,L,id_oto_monthly_prices,2026-03-06T20:31:38,9e8a3df9af788920ae4b6d065d00d1b8c6960d22e63e130c2683f59792b58263
2021-11-01,Indonesia,National,,,Pertalite,7650.0,IDR,L,id_oto_monthly_prices,2026-03-06T20:31:38,a8ccd35edf50405695cbdc186020fb8a3edb877e9a2e60e52abee4f075702e3c
2021-11-02,Indonesia,National,,,Pertalite,7650.0,IDR,L,id_oto_monthly_prices,2026-03-06T20:31:38,4d90bc70f7a81062a9f5ff4ca3586edb32eb0b1120ab90986f4b8c3e739a3936
2021-11-03,Indonesia,National,,,Pertalite,7650.0,IDR,L,id_oto_monthly_prices,2026-03-06T20:31:38,a9227300f9fe4c48af51a9dae9d03166b91b6db60ef21687a38acaa3ea969660
2021-11-04,Indonesia,National,,,Pertalite,7650.0,IDR,L,id_oto_monthly_prices,2026-03-06T20:31:38,78c5f93c1130010c1ebed0072539e48bd6879c23b2385f3a9289b79e01e44373
2021-11-05,Indonesia,National,,,Pertalite,7650.0,IDR,L,id_oto_monthly_prices,2026-03-06T20:31:38,c21da31fa0fed0851de1e6627e765bff70e716e70db2995843c3b78ee7c0e0f4
2021-11-06,Indonesia,National,,,Pertalite,7650.0,IDR,L,id_oto_monthly_prices,2026-03-06T20:31:38,3977803eb99af8fb2a6fa80d19727d122f0277f87a410ab17979af1b7654f1f3
2021-11-07,Indonesia,National,,,Pertalite,7650.0,IDR,L,id_oto_monthly_prices,2026-03-06T20:31:38,9911ae495ac117f31756b49532082223ab5af52baaa10c853b65fae8a58029a3
2021-11-08,Indonesia,National,,,Pertalite,7650.0,IDR,L,id_oto_monthly_prices,2026-03-06T20:31:38,a74a6478394101151f6bb17f5f3ded88d7651082dfb4a5f88e89e6aab9bd927f
2021-11-09,Indonesia,National,,,Pertalite,7650.0,IDR,L,id_oto_monthly_prices,2026-03-06T20:31:38,09c2077d5f94cbd47701acc311626c53d17d613a4f6a9254a22cfd2d32abfc6c
2021-11-10,Indonesia,National,,,Pertalite,7650.0,IDR,L,id_oto_monthly_prices,2026-03-06T20:31:38,9a8a02e7fa2d10eebfff5f9959b29fbfa4e2625adf83586877cda76093065dbc
2021-11-11,Indonesia,National,,,Pertalite,7650.0,IDR,L,id_oto_monthly_prices,2026-03-06T20:31:38,bf62f782d87336ed4962fe5b73c8b602f21aab03094f9e4f0a1afd0f618df75d
2021-11-12,Indonesia,National,,,Pertalite,7650.0,IDR,L,id_oto_monthly_prices,2026-03-06T20:31:38,84d45841297cc432d3a83f6c811b347362926ce13e49811f0c090a6fb80e325a
2021-11-13,Indonesia,National,,,Pertalite,7650.0,IDR,L,id_oto_monthly_prices,2026-03-06T20:31:38,582b51f2c0dfa97abb87a9b4f6e0102dbb7f503628be0f9c8318943981d45bdd
2021-11-14,Indonesia,National,,,Pertalite,7650.0,IDR,L,id_oto_monthly_prices,2026-03-06T20:31:38,04fb261433ba6051b9a576bd1fac8e59b4f7e63512f42ca8577fd79642c3e4ab
2021-11-15,Indonesia,National,,,Pertalite,7650.0,IDR,L,id_oto_monthly_prices,2026-03-06T20:31:38,c47d875e0bf7ef5340db6a11a6fe5ea0ba0f6383dfaf487a18ae8162f92cdffc
2021-11-16,Indonesia,National,,,Pertalite,7650.0,IDR,L,id_oto_monthly_prices,2026-03-06T20:31:38,82a143c621ceb8b9c129e78073c1703aa5ced1ec696f2920092c11f8b4da2967
2021-11-17,Indonesia,National,,,Pertalite,7650.0,IDR,L,id_oto_monthly_prices,2026-03-06T20:31:38,9ffeb5eb0cc006659216dc9a957b41d990c819f6ed6bd565a49b732215c4b415
2021-11-18,Indonesia,National,,,Pertalite,7650.0,IDR,L,id_oto_monthly_prices,2026-03-06T20:31:38,e6a75ffb694a43c2458f948684665ab3fbaa9239a1863273ee0401a7e4483fc8
2021-11-19,Indonesia,National,,,Pertalite,7650.0,IDR,L,id_oto_monthly_prices,2026-03-06T20:31:38,d923b7881c702137faba72477f4a9c8384ae321e1ae2ec273eb95bc27fa99a66
2021-11-20,Indonesia,National,,,Pertalite,7650.0,IDR,L,id_oto_monthly_prices,2026-03-06T20:31:38,bab3e012738fe3549dd358f1ee4f1807f65b7e9198284292bdd6cf81fec945d6
2021-11-21,Indonesia,National,,,Pertalite,7650.0,IDR,L,id_oto_monthly_prices,2026-03-06T20:31:38,8c7631985abfa3d72682363760eedce2f23f2af1ea5c85fdcd14c9e20c2349c1
2021-11-22,Indonesia,National,,,Pertalite,7650.0,IDR,L,id_oto_monthly_prices,2026-03-06T20:31:38,7a8a4eb7aeed4f95647110283c2f8c3175dd0a8e991fec4da291be719dfb18c3
2021-11-23,Indonesia,National,,,Pertalite,7650.0,IDR,L,id_oto_monthly_prices,2026-03-06T20:31:38,e8093b346e4fa05d2332c59f07f98bdda4ef9ad62da64e38bffbf70a1dee72a6
2021-11-24,Indonesia,National,,,Pertalite,7650.0,IDR,L,id_oto_monthly_prices,2026-03-06T20:31:38,5edc08a1822729200aeeeaf4bf9ac9fb20c76a1c27c8b6670fa036868a950350
2021-11-25,Indonesia,National,,,Pertalite,7650.0,IDR,L,id_oto_monthly_prices,2026-03-06T20:31:38,fa614c156d2b6afff2b728824533482768f3515ffcbedbc41917890c6fa576bb
2021-11-26,Indonesia,National,,,Pertalite,7650.0,IDR,L,id_oto_monthly_prices,2026-03-06T20:31:38,530de94961936f13920034dab8126facb530d9bda5c58f53067a00df1d02c3a4
2021-11-27,Indonesia,National,,,Pertalite,7650.0,IDR,L,id_oto_monthly_prices,2026-03-06T20:31:38,fb159e484ac910ab2d0fcbd54b3f8f868ce89fae886fc796b281187582e5a9f7
2021-11-28,Indonesia,National,,,Pertalite,7650.0,IDR,L,id_oto_monthly_prices,2026-03-06T20:31:38,85e82d7c4816b43c357f1e2eaaf7fac3c2d25a73dca2c8723e321fabcaacfb21
2021-11-29,Indonesia,National,,,Pertalite,7650.0,IDR,L,id_oto_monthly_prices,2026-03-06T20:31:38,de7159e1a2ad5f0b22e6360cfe88ac79dde9b3518a7396879388b7db0129f2ed
2021-11-30,Indonesia,National,,,Pertalite,7650.0,IDR,L,id_oto_monthly_prices,2026-03-06T20:31:38,77f0399c9bcf70ea65f7056ed6e80e1373551ed2212cf82dc430b73a0341a6a8
2021-12-01,Indonesia,National,,,Pertalite,7650.0,IDR,L,id_oto_monthly_prices,2026-03-06T20:31:38,a00c53d1196f204457cbc1e5e3d79119bcce3e2ca94e15626f6e06aa51f93ae0
2021-12-02,Indonesia,National,,,Pertalite,7650.0,IDR,L,id_oto_monthly_prices,2026-03-06T20:31:38,fb0a0f10ffb7fe4ff8237f0012d867644de089970cbaf421ce7d84db8d35c031
2021-12-03,Indonesia,National,,,Pertalite,7650.0,IDR,L,id_oto_monthly_prices,2026-03-06T20:31:38,c9d7d7d9f314e1ada30b139f22770db93942af408036e77253e610a565ec8a8f
2021-12-04,Indonesia,National,,,Pertalite,7650.0,IDR,L,id_oto_monthly_prices,2026-03-06T20:31:38,48706122bbe3c70331c398f792ebbda55e2fe5968b1b6eec5736484d9d2c6d2e
2021-12-05,Indonesia,National,,,Pertalite,7650.0,IDR,L,id_oto_monthly_prices,2026-03-06T20:31:38,9e4edfdf7b96f2b636d804cd406ea2ba8e542e0708c1ac8a116dda4b81357328
2021-12-06,Indonesia,National,,,Pertalite,7650.0,IDR,L,id_oto_monthly_prices,2026-03-06T20:31:38,ca5651ede9098a5b217c08b5bfc04a3fb0d6501bada4aab7158eb61ced1c478f
2021-12-07,Indonesia,National,,,Pertalite,7650.0,IDR,L,id_oto_monthly_prices,2026-03-06T20:31:38,fc37bd457d1be479a4a0f464239695e0acd9529aba85f5d49f432eb2ae260bbc
2021-12-08,Indonesia,National,,,Pertalite,7650.0,IDR,L,id_oto_monthly_prices,2026-03-06T20:31:38,7151ed93a6e355d9ca7243af3dffab6d0e4ca415de61bb7b488416edae3ced49
2021-12-09,Indonesia,National,,,Pertalite,7650.0,IDR,L,id_oto_monthly_prices,2026-03-06T20:31:38,a1d4692388ec8291d5424ecf2052b4f5f21fbdc56a45e1faa547a4d49adbeca3
2021-12-10,Indonesia,National,,,Pertalite,7650.0,IDR,L,id_oto_monthly_prices,2026-03-06T20:31:38,d71e93c884fcabc68150695db42ea1ca8ea215bc83136b389fca8a9912fea185
2021-12-11,Indonesia,National,,,Pertalite,7650.0,IDR,L,id_oto_monthly_prices,2026-03-06T20:31:38,bb0d981244399ca9c1e12261a34451bb15b29ac44c97676e9d8913621968da8d
2021-12-12,Indonesia,National,,,Pertalite,7650.0,IDR,L,id_oto_monthly_prices,2026-03-06T20:31:38,a5d139a00b82de109c76ccbef271fc0c12c6833ad8cc598c5cdfdf0af9df1e4c
2021-12-13,Indonesia,National,,,Pertalite,7650.0,IDR,L,id_oto_monthly_prices,2026-03-06T20:31:38,79c009faa3a5209cd5f8569bd9088393dc04a9c44541f17432ccc4ca8936b188
2021-12-14,Indonesia,National,,,Pertalite,7650.0,IDR,L,id_oto_monthly_prices,2026-03-06T20:31:38,e87ffd4ed849896ebe6b6d99bc9431bccd68b457e9852524e1da7a3a0c7018f7
2021-12-15,Indonesia,National,,,Pertalite,7650.0,IDR,L,id_oto_monthly_prices,2026-03-06T20:31:38,6be4cd0a6f4881043523f1fbe9db75fb6cfb72a7ec0c4f15b3364751649190f7
2021-12-16,Indonesia,National,,,Pertalite,7650.0,IDR,L,id_oto_monthly_prices,2026-03-06T20:31:38,2b93a1eebb7e9468e8b57e6983bc194a7e7be53501323414cd4f6d6ac248d5d4
2021-12-17,Indonesia,National,,,Pertalite,7650.0,IDR,L,id_oto_monthly_prices,2026-03-06T20:31:38,cb35fa6710fadf3868946a5cab5737edb099425ec9fc094d319a8fa99baba022
2021-12-18,Indonesia,National,,,Pertalite,7650.0,IDR,L,id_oto_monthly_prices,2026-03-06T20:31:38,655d504d8f2d48bc98c24535817681bbefbf0b0e1a0b89dd720f334195d6a4c0
2021-12-19,Indonesia,National,,,Pertalite,7650.0,IDR,L,id_oto_monthly_prices,2026-03-06T20:31:38,e3c6e0aadbe7709dc23ac99a22cfa7cf659805252bd9f6a2e4fb430e3f08e240
2021-12-20,Indonesia,National,,,Pertalite,7650.0,IDR,L,id_oto_monthly_prices,2026-03-06T20:31:38,e2e33f3ebe1b11d6e692436abe30c367c7ae9c20769217351b34a8cf4212175c
2021-12-21,Indonesia,National,,,Pertalite,7650.0,IDR,L,id_oto_monthly_prices,2026-03-06T20:31:38,4733c7aaf22752ec515c8a45b51837e8e4aa6d84c2248b230b6d831ffa29e02e
2021-12-22,Indonesia,National,,,Pertalite,7650.0,IDR,L,id_oto_monthly_prices,2026-03-06T20:31:38,8b8613926a56a6cf7759fbfa05640db44de9e49d7e2aa1c555a9e9265dba08a4
2021-12-23,Indonesia,National,,,Pertalite,7650.0,IDR,L,id_oto_monthly_prices,2026-03-06T20:31:38,e5fd72b1184af9c831d07c8aed6be9b95f332146a8ca42092c432550e717655c
2021-12-24,Indonesia,National,,,Pertalite,7650.0,IDR,L,id_oto_monthly_prices,2026-03-06T20:31:38,78329ac7df3b64378e47438d20c20cb3fe150db1beccdd78820cd151688154fb
2021-12-25,Indonesia,National,,,Pertalite,7650.0,IDR,L,id_oto_monthly_prices,2026-03-06T20:31:38,a6f1ab35ff18932f87378fb88593d5808e574bff734076ddb59312e97d405efb
2021-12-26,Indonesia,National,,,Pertalite,7650.0,IDR,L,id_oto_monthly_prices,2026-03-06T20:31:38,645833151c12c6afa62f415f7aa3a1a8a15ffdb5c93bcd603c0d1aed50862f84
2021-12-27,Indonesia,National,,,Pertalite,7650.0,IDR,L,id_oto_monthly_prices,2026-03-06T20:31:38,7f364318521c5394462cbfb29462d308cf9b998dfd89ad703582b1a2e410d075
2021-12-28,Indonesia,National,,,Pertalite,7650.0,IDR,L,id_oto_monthly_prices,2026-03-06T20:31:38,38d9a2eb85c0de1b01e0398a34fa5a6481f50f788d436d92e4a6a858772fb8ff
2021-12-29,Indonesia,National,,,Pertalite,7650.0,IDR,L,id_oto_monthly_prices,2026-03-06T20:31:38,5367a09b5847ebdffec9e0d69f5075e678fbbe74bdedba30afe97281f91c9357
2021-12-30,Indonesia,National,,,Pertalite,7650.0,IDR,L,id_oto_monthly_prices,2026-03-06T20:31:38,448419eaa023fa5dc27ca1ad945a41fd6bec6de52441bf7c5495989b0bcac744
2021-12-31,Indonesia,National,,,Pertalite,7650.0,IDR,L,id_oto_monthly_prices,2026-03-06T20:31:38,cb7707cd4dabdcab3337a9d49f5be990ba16a7ce068de4416bf148b9cdb63cc5
2022-01-01,Indonesia,National,,,Pertalite,10000.0,IDR,L,id_oto_monthly_prices,2026-03-06T20:31:38,4a4a9cd6e0adc74991c91c8531392559fce0b909df540fcc619f743668a310b8
2022-01-02,Indonesia,National,,,Pertalite,10000.0,IDR,L,id_oto_monthly_prices,2026-03-06T20:31:38,12ae2c36c185df911d136b4c35ff18d2b7be1159f2ec87fd54ccc7eb0ca46e1a
2022-01-03,Indonesia,National,,,Pertalite,10000.0,IDR,L,id_oto_monthly_prices,2026-03-06T20:31:38,2d51d7f7378175dcd885ab92e6219102cbbb703046cf5bc0fb822a15381295cb
2022-01-04,Indonesia,National,,,Pertalite,10000.0,IDR,L,id_oto_monthly_prices,2026-03-06T20:31:38,34a2f1c2f821a08c3af983387657dd08d39ba70bfdba31eff6d6352e9fe0e0a2
2022-01-05,Indonesia,National,,,Pertalite,10000.0,IDR,L,id_oto_monthly_prices,2026-03-06T20:31:38,453315bbe43eeeecba4a50c02ba27d73e66bd57481ce777e31deefd3ee0d9f7c
2022-01-06,Indonesia,National,,,Pertalite,10000.0,IDR,L,id_oto_monthly_prices,2026-03-06T20:31:38,d1f6dd50742155b77f5b223a621830991e5e3392a0373017b726bbdbfb839166
2022-01-07,Indonesia,National,,,Pertalite,10000.0,IDR,L,id_oto_monthly_prices,2026-03-06T20:31:38,1ce2484f756a1c916bb3a487c618d0b4023b21e918bda12f93bebc86a086af1d
2022-01-08,Indonesia,National,,,Pertalite,10000.0,IDR,L,id_oto_monthly_prices,2026-03-06T20:31:38,37388b2fc30c42c3c4c91e75229fe5c8cb3f83e2eb9d7aa6f0ddaf3d02b15b9b
2022-01-09,Indonesia,National,,,Pertalite,10000.0,IDR,L,id_oto_monthly_prices,2026-03-06T20:31:38,b2883bbaff4a04d9543376e1eabb1e35cb6b15618815068c96223802aa51dadc
2022-01-10,Indonesia,National,,,Pertalite,10000.0,IDR,L,id_oto_monthly_prices,2026-03-06T20:31:38,e5599753055ad17f05717d923fc800005c28d005b662afef88c2ca0cdeeacb6a
2022-01-11,Indonesia,National,,,Pertalite,10000.0,IDR,L,id_oto_monthly_prices,2026-03-06T20:31:38,af438f75b808ac51f929ecec9a21a951bddee5e13fb7c91afec6a62137d1bb33
2022-01-12,Indonesia,National,,,Pertalite,10000.0,IDR,L,id_oto_monthly_prices,2026-03-06T20:31:38,e76e99b40a04cc7ac6525de688309bdd3b61144d676a79e10dcab13e60c6d447
2022-01-13,Indonesia,National,,,Pertalite,10000.0,IDR,L,id_oto_monthly_prices,2026-03-06T20:31:38,b80b633bc3368a244756569636302d5aa61cffd5d03e44af16d5f88dbed60b99
2022-01-14,Indonesia,National,,,Pertalite,10000.0,IDR,L,id_oto_monthly_prices,2026-03-06T20:31:38,c236641ffab7ce5197a4184c6fa44857ba838a2cd0632a83b825967fcff94c40
2022-01-15,Indonesia,National,,,Pertalite,10000.0,IDR,L,id_oto_monthly_prices,2026-03-06T20:31:38,db3a7166b89425f0aaac69174435783bc9e57d68b938bfd2e8ff7f82bf2f45fd
2022-01-16,Indonesia,National,,,Pertalite,10000.0,IDR,L,id_oto_monthly_prices,2026-03-06T20:31:38,27049e9fdce0c303799d9a320eeddbc230bafe2d0026ce9c93354a57883c16f9
2022-01-17,Indonesia,National,,,Pertalite,10000.0,IDR,L,id_oto_monthly_prices,2026-03-06T20:31:38,f54312fe4c24d54b08f4a8fb187a4540d854344eb5b59a33a4e4a44919461e7f
2022-01-18,Indonesia,National,,,Pertalite,10000.0,IDR,L,id_oto_monthly_prices,2026-03-06T20:31:38,babb3b53144bee36a4a06ced3de79d43c0108e0d0ba23108142c38d129da5b34
2022-01-19,Indonesia,National,,,Pertalite,10000.0,IDR,L,id_oto_monthly_prices,2026-03-06T20:31:38,8baad2414127150656c0e0023ad0140dded1649209056ee6130c8a84b8f83da6
2022-01-20,Indonesia,National,,,Pertalite,10000.0,IDR,L,id_oto_monthly_prices,2026-03-06T20:31:38,e23e6729d043d194d56784b824e0093481513a3a417191d4c6f535f9848d8e5c
2022-01-21,Indonesia,National,,,Pertalite,10000.0,IDR,L,id_oto_monthly_prices,2026-03-06T20:31:38,f67adea6490f37b805ecbf0c7e4fbbd50a895b04eb444dfe012059cadaefb8c1
2022-01-22,Indonesia,National,,,Pertalite,10000.0,IDR,L,id_oto_monthly_prices,2026-03-06T20:31:38,e7e0aa0d0c2b86631d9912b5b43d3e998bccff2a601f036a9d55174765c3566c
2022-01-23,Indonesia,National,,,Pertalite,10000.0,IDR,L,id_oto_monthly_prices,2026-03-06T20:31:38,baea8b2e7eb125dbf51686deee57009d0f1181928d50bdb7556d1ec390bcd4a6
2022-01-24,Indonesia,National,,,Pertalite,10000.0,IDR,L,id_oto_monthly_prices,2026-03-06T20:31:38,79faa86a92ac83955d32dc1ecc97efc518086f0e27ad667557771e3be8f8a8c5
2022-01-25,Indonesia,National,,,Pertalite,10000.0,IDR,L,id_oto_monthly_prices,2026-03-06T20:31:38,92f0ef4d8d6a13ac2b8b4a058cc3da0104ad156347bab8e71622582cbfa67cb9
2022-01-26,Indonesia,National,,,Pertalite,10000.0,IDR,L,id_oto_monthly_prices,2026-03-06T20:31:38,49f8dd3592315dec298ad544ab9b19051a48441b9e36f90fee2e751cf611849e
2022-01-27,Indonesia,National,,,Pertalite,10000.0,IDR,L,id_oto_monthly_prices,2026-03-06T20:31:38,ba22523b27b4e3f6d97cb91506904cdd88249cba07ac98fdac3de42bfcfa6f6f
2022-01-28,Indonesia,National,,,Pertalite,10000.0,IDR,L,id_oto_monthly_prices,2026-03-06T20:31:38,503a0056651bb6af11374dfa52a3dc4024c32c36e8247453c6dd6abe665f171f
2022-01-29,Indonesia,National,,,Pertalite,10000.0,IDR,L,id_oto_monthly_prices,2026-03-06T20:31:38,6475d6ec59b8811bc67ed23e1aa5df6b7a088715eafb046587a87dcf1d6b05f4
2022-01-30,Indonesia,National,,,Pertalite,10000.0,IDR,L,id_oto_monthly_prices,2026-03-06T20:31:38,77b6926451b6fc4692ffb9c87160e8960b63f3b64c5d53b2c2673bfe5b8c5f1d
2022-01-31,Indonesia,National,,,Pertalite,10000.0,IDR,L,id_oto_monthly_prices,2026-03-06T20:31:38,f546678d364e144a072852fd143f8299b73162ca0763ff77593ed2ad242d5d9c
2022-02-01,Indonesia,National,,,Pertalite,10000.0,IDR,L,id_oto_monthly_prices,2026-03-06T20:31:38,d5a5a334574aaeb74c74896a42a982ae7fc4afceffdcb31eec1dec3c3692f24d
2022-02-02,Indonesia,National,,,Pertalite,10000.0,IDR,L,id_oto_monthly_prices,2026-03-06T20:31:38,21da36f10b80ab20ea08488fcd87409c8199ffd94ece7b934d4083072f1ce525
2022-02-03,Indonesia,National,,,Pertalite,10000.0,IDR,L,id_oto_monthly_prices,2026-03-06T20:31:38,66cbf7ce067473798c78fb7d78f7eec65abc349d42146b5d8f6e977e3c9fd35f
2022-02-04,Indonesia,National,,,Pertalite,10000.0,IDR,L,id_oto_monthly_prices,2026-03-06T20:31:38,51842a92637293be017b51d405bf82f54fbbd1f5cf73d73f6b515e6f909050f3
2022-02-05,Indonesia,National,,,Pertalite,10000.0,IDR,L,id_oto_monthly_prices,2026-03-06T20:31:38,43907ea3cd86b5e88d20ec3df318ec1f4a9da49184c8d6caf790cc15c82b684d
2022-02-06,Indonesia,National,,,Pertalite,10000.0,IDR,L,id_oto_monthly_prices,2026-03-06T20:31:38,19fa17fcd7fff5ba79f4e69c792b6f10d1586d96ffb30fb140efddaf44f1a149
2022-02-07,Indonesia,National,,,Pertalite,10000.0,IDR,L,id_oto_monthly_prices,2026-03-06T20:31:38,ee72ebb20d71c0a266a34df9b95cb61fe0e276bf0307d40ced079ed99c697191
2022-02-08,Indonesia,National,,,Pertalite,10000.0,IDR,L,id_oto_monthly_prices,2026-03-06T20:31:38,1b079d80748310643d8a7fde4dcf012525856658ed46af213bb36b73c2ddabbf
2022-02-09,Indonesia,National,,,Pertalite,10000.0,IDR,L,id_oto_monthly_prices,2026-03-06T20:31:38,b7afec9691dad730e737654d093d6282234090fa4d8534ccc982d60a2392a399
2022-02-10,Indonesia,National,,,Pertalite,10000.0,IDR,L,id_oto_monthly_prices,2026-03-06T20:31:38,366799ebc31d042cd96594bce2c9fb4e6428f3b292b24ff32552e3491dc1276d
2022-02-11,Indonesia,National,,,Pertalite,10000.0,IDR,L,id_oto_monthly_prices,2026-03-06T20:31:38,58eca070e50c00b864b1e78bcd1851c8cca2926512d84489d9d737e57d89e33c
2022-02-12,Indonesia,National,,,Pertalite,10000.0,IDR,L,id_oto_monthly_prices,2026-03-06T20:31:38,986fdabeda039be911e0893ab59897cdee87764238c8a6fd8b5f5d406cd94ea4
2022-02-13,Indonesia,National,,,Pertalite,10000.0,IDR,L,id_oto_monthly_prices,2026-03-06T20:31:38,ae48c95e0bf9d7cc7d7b7c2b080f304fe416b60885b9f31f9fe4dbf152f5751e
2022-02-14,Indonesia,National,,,Pertalite,10000.0,IDR,L,id_oto_monthly_prices,2026-03-06T20:31:38,3cfee8fd7733dc28814e9f9788253f97bcd4de7dee9d5f6b519c8ad3cd081ba8
2022-02-15,Indonesia,National,,,Pertalite,10000.0,IDR,L,id_oto_monthly_prices,2026-03-06T20:31:38,a139df6c512782a61eef0af422e15bce5abd9c62a09fa721444fc18e652093c6
2022-02-16,Indonesia,National,,,Pertalite,10000.0,IDR,L,id_oto_monthly_prices,2026-03-06T20:31:38,086a976a2ba740a89f5aa9b80934fd9a9089c9b810ad0594eb6a64456437f305
2022-02-17,Indonesia,National,,,Pertalite,10000.0,IDR,L,id_oto_monthly_prices,2026-03-06T20:31:38,2c9f751f814feb1ea3d4a90da392dbd42acaae73d49f497ffdc4cac26272a158
2022-02-18,Indonesia,National,,,Pertalite,10000.0,IDR,L,id_oto_monthly_prices,2026-03-06T20:31:38,d01463fa210f95927693578921159b2ef563b63a41c29fce1b4d0a45ad718860
2022-02-19,Indonesia,National,,,Pertalite,10000.0,IDR,L,id_oto_monthly_prices,2026-03-06T20:31:38,273bb381013098da5d2983236de843fdd6e9eac17d4ccc524a28439b24029d84
2022-02-20,Indonesia,National,,,Pertalite,10000.0,IDR,L,id_oto_monthly_prices,2026-03-06T20:31:38,35a642763bf938bc42fc95a33bf51dbf428e21a2c43e30600163ea02bcbca944
2022-02-21,Indonesia,National,,,Pertalite,10000.0,IDR,L,id_oto_monthly_prices,2026-03-06T20:31:38,953c8db2ae939f7a79c4f18ff17e29dd382ce961f51a7c53dc2a938db60ec58a
2022-02-22,Indonesia,National,,,Pertalite,10000.0,IDR,L,id_oto_monthly_prices,2026-03-06T20:31:38,de1736a6eb74c65336e2839a5d1813f49860102835ac454db4c2af4c3f650e8c
2022-02-23,Indonesia,National,,,Pertalite,10000.0,IDR,L,id_oto_monthly_prices,2026-03-06T20:31:38,d98599855c7482d320b1a9d5ce16bc36ba094dcb07cbd88360b2b188f68ea4a3
2022-02-24,Indonesia,National,,,Pertalite,10000.0,IDR,L,id_oto_monthly_prices,2026-03-06T20:31:38,a7cfd21cbd266a5cf29f33047380b2260bd0394d874ca6f20ca114925d73a156
2022-02-25,Indonesia,National,,,Pertalite,10000.0,IDR,L,id_oto_monthly_prices,2026-03-06T20:31:38,88150828093c07374bd0254ec5a9569bbdbace7be19069ad139f27fdbf1cd022
2022-02-26,Indonesia,National,,,Pertalite,10000.0,IDR,L,id_oto_monthly_prices,2026-03-06T20:31:38,844bea9087b69bb109e68d475cf8b4bc7f55e70f77e2f025610eb590ca2b6333
2022-02-27,Indonesia,National,,,Pertalite,10000.0,IDR,L,id_oto_monthly_prices,2026-03-06T20:31:38,6f76572f88f91f8336c3d8c5155f519ba06f9e290820ce93af6b021650f791ea
2022-02-28,Indonesia,National,,,Pertalite,10000.0,IDR,L,id_oto_monthly_prices,2026-03-06T20:31:38,b8f3f5fed590ce7d896d06885a76c1f4a7a2389c2d71191d6bcc5710104848a1
2022-03-01,Indonesia,National,,,Pertalite,10000.0,IDR,L,id_oto_monthly_prices,2026-03-06T20:31:38,f24930cafdb643779c93fbbfeac8e5d3f388f9365ecd2bf3ea3f0887c2d6ba80
2022-03-02,Indonesia,National,,,Pertalite,10000.0,IDR,L,id_oto_monthly_prices,2026-03-06T20:31:38,f54e019964a8080ba622cfa45c7d5eb7b98e38f1ea50bbd445d09cdd1b011103
2022-03-03,Indonesia,National,,,Pertalite,10000.0,IDR,L,id_oto_monthly_prices,2026-03-06T20:31:38,ca6099ae253d2fbf18c6d1b781726f6a14bef561801752f154e1ccbe330eef20
2022-03-04,Indonesia,National,,,Pertalite,10000.0,IDR,L,id_oto_monthly_prices,2026-03-06T20:31:38,0c9a08cdec005112b69312880b0f9e2618d220e75179a7b062a13ac94aedfb19
2022-03-05,Indonesia,National,,,Pertalite,10000.0,IDR,L,id_oto_monthly_prices,2026-03-06T20:31:38,bc3ea91dddaac9adcd79029fcec6c59852c248b47d1600ff662770873e7f08bb
2022-03-06,Indonesia,National,,,Pertalite,10000.0,IDR,L,id_oto_monthly_prices,2026-03-06T20:31:38,d4d6afd6ab0d18a583a7d6ab11f05b6815a0e182ffed95318acd2317c295f4e8
2022-03-07,Indonesia,National,,,Pertalite,10000.0,IDR,L,id_oto_monthly_prices,2026-03-06T20:31:38,e45bed60f70d3f217970f9e6a0d0cba50a083a98bfc20b9daec281e87375af73
2022-03-08,Indonesia,National,,,Pertalite,10000.0,IDR,L,id_oto_monthly_prices,2026-03-06T20:31:38,7285a3089d361fee0bffb7c15030c63328d682043bd7b3feab7ffd08723480e7
2022-03-09,Indonesia,National,,,Pertalite,10000.0,IDR,L,id_oto_monthly_prices,2026-03-06T20:31:38,ae7c68f49ce8887b0caa22d9b8d95866eef3fdbcd0403b6cba0ce67aa5dc66db
2022-03-10,Indonesia,National,,,Pertalite,10000.0,IDR,L,id_oto_monthly_prices,2026-03-06T20:31:38,8b06157914f6145f89307a89faf6ae037e9a4c1e695e17e795cd60876e893371
2022-03-11,Indonesia,National,,,Pertalite,10000.0,IDR,L,id_oto_monthly_prices,2026-03-06T20:31:38,290d4fc9c2f154194ae09479676c8a18432ee717acdeac9dbf11a47b19b40d01
2022-03-12,Indonesia,National,,,Pertalite,10000.0,IDR,L,id_oto_monthly_prices,2026-03-06T20:31:38,d7ad3ff7de0c9aaa9cf97a1bb24457041f4d16085fdcad803a499e661e88a9b5
2022-03-13,Indonesia,National,,,Pertalite,10000.0,IDR,L,id_oto_monthly_prices,2026-03-06T20:31:38,f0a5f4b6dee423a72864ae485597d63559c1050e6fe6c8c01d94d7e7c1a26d78
2022-03-14,Indonesia,National,,,Pertalite,10000.0,IDR,L,id_oto_monthly_prices,2026-03-06T20:31:38,c695a71bde9fb85f7db8af61fc0af0beddd3fb82c9ebf782e798add24dc4b38d
2022-03-15,Indonesia,National,,,Pertalite,10000.0,IDR,L,id_oto_monthly_prices,2026-03-06T20:31:38,d3218a251112db95375dc4bd4825e4f3bba97a74c3e6642f4a665bf8d0eb49a9
2022-03-16,Indonesia,National,,,Pertalite,10000.0,IDR,L,id_oto_monthly_prices,2026-03-06T20:31:38,1e7f8e306637177442bf20bada4edde7a95913cbf9d7c84ca8cbd999cb4aee2c
2022-03-17,Indonesia,National,,,Pertalite,10000.0,IDR,L,id_oto_monthly_prices,2026-03-06T20:31:38,65b916fa2f01fdbfe85e63ab69b048788a1f102e5f561c1d097081bed891ffa6
2022-03-18,Indonesia,National,,,Pertalite,10000.0,IDR,L,id_oto_monthly_prices,2026-03-06T20:31:38,89ee14000df524e38f295b1b84a44cfaefa1fc8e50ecb066042df6086ba812f1
2022-03-19,Indonesia,National,,,Pertalite,10000.0,IDR,L,id_oto_monthly_prices,2026-03-06T20:31:38,0e659dc3db791e130f331fad04972a2cacf17ccd12177b2ac8d869e60543dfd8
2022-03-20,Indonesia,National,,,Pertalite,10000.0,IDR,L,id_oto_monthly_prices,2026-03-06T20:31:38,f77884fe1c21a14931985439daba35364f29951624373e26bbef67e3909a6eac
2022-03-21,Indonesia,National,,,Pertalite,10000.0,IDR,L,id_oto_monthly_prices,2026-03-06T20:31:38,e3b7e563ef85393f2861059affa8b9e534b9269e527885d11ba40c2bf0c68313
2022-03-22,Indonesia,National,,,Pertalite,10000.0,IDR,L,id_oto_monthly_prices,2026-03-06T20:31:38,37326a3245cb5c1a470f6f01f639647b194c63f2c21909218673a0e94e1eef8f
2022-03-23,Indonesia,National,,,Pertalite,10000.0,IDR,L,id_oto_monthly_prices,2026-03-06T20:31:38,f798591bdb54559583aac3f60708d644967a9c70e35268cf3498d29ae2df4ab2
2022-03-24,Indonesia,National,,,Pertalite,10000.0,IDR,L,id_oto_monthly_prices,2026-03-06T20:31:38,57d887d25d0fce8017e625c341dbf19b1b387699f3f7c0752c7c238df2ff969e
2022-03-25,Indonesia,National,,,Pertalite,10000.0,IDR,L,id_oto_monthly_prices,2026-03-06T20:31:38,d169bc6cb6d127c7d7930a5fce3a25aa73f293a6f21afda0297947cfd631d549
2022-03-26,Indonesia,National,,,Pertalite,10000.0,IDR,L,id_oto_monthly_prices,2026-03-06T20:31:38,5f998c5df0818dc74da78f993649a244af62304e4950190be5aca8775b412265
2022-03-27,Indonesia,National,,,Pertalite,10000.0,IDR,L,id_oto_monthly_prices,2026-03-06T20:31:38,4cf2c85b6e6998cef7a3e577dbe4d51cc11184fadad85f0ce05fca1a2b4156a9
2022-03-28,Indonesia,National,,,Pertalite,10000.0,IDR,L,id_oto_monthly_prices,2026-03-06T20:31:38,71443c0362ef43a5c8ddc89ce8cbc9a233f4c0c55c948f36196469190c51052f
2022-03-29,Indonesia,National,,,Pertalite,10000.0,IDR,L,id_oto_monthly_prices,2026-03-06T20:31:38,54341b5aee18bc085123922d1ea105cd1ec64aea9639a8b9c489857e43fba858
2022-03-30,Indonesia,National,,,Pertalite,10000.0,IDR,L,id_oto_monthly_prices,2026-03-06T20:31:38,897710a103c5a291941eabedee3d153532505f8b4a6fcd3fb754fb14f9105f51
2022-03-31,Indonesia,National,,,Pertalite,10000.0,IDR,L,id_oto_monthly_prices,2026-03-06T20:31:38,a2c9a72f24b55b393294baf4afc636105a2485268b0df1e341026ba210a666fc
2022-04-01,Indonesia,National,,,Pertalite,10000.0,IDR,L,id_oto_monthly_prices,2026-03-06T20:31:38,fa8581c4c241e5a90e631548b4405fe2be1e35165b526bbf2f600628be4fcc00
2022-04-02,Indonesia,National,,,Pertalite,10000.0,IDR,L,id_oto_monthly_prices,2026-03-06T20:31:38,19bfefe2ef9b9205fc718176c1490a1d6a7547e2ddd364d3ab090be8808e5042
2022-04-03,Indonesia,National,,,Pertalite,10000.0,IDR,L,id_oto_monthly_prices,2026-03-06T20:31:38,84566f08b9d9b0b86d99c810ce9ce9e68397e2735e1bd581dd5cd8aea2e7b7da
2022-04-04,Indonesia,National,,,Pertalite,10000.0,IDR,L,id_oto_monthly_prices,2026-03-06T20:31:38,e08fb1f8d5619ab699e37abca37776c36a5cac6adb4390e473993cd4328cd805
2022-04-05,Indonesia,National,,,Pertalite,10000.0,IDR,L,id_oto_monthly_prices,2026-03-06T20:31:38,69cfc44383488c159418ee000a04d4d2222d262dee29e6b37d5e33f1a53658a3
2022-04-06,Indonesia,National,,,Pertalite,10000.0,IDR,L,id_oto_monthly_prices,2026-03-06T20:31:38,757b79932b1f724f80ce8eb28e671c44764b1a825c747a4e90bcc4fd037293d8
2022-04-07,Indonesia,National,,,Pertalite,10000.0,IDR,L,id_oto_monthly_prices,2026-03-06T20:31:38,5e1f7b9a00b430a219aa0b9e12b18a301cff18eb514a9859911916397b27dbe5
2022-04-08,Indonesia,National,,,Pertalite,10000.0,IDR,L,id_oto_monthly_prices,2026-03-06T20:31:38,a31f366c302218b8216c73b2c9ec51416a9925ff7e1ae9a96da41da78958fc04
2022-04-09,Indonesia,National,,,Pertalite,10000.0,IDR,L,id_oto_monthly_prices,2026-03-06T20:31:38,ca2b1df6b764567e0570f8bc027f7491181253dc55afe12824f6475b02b4fa2e
2022-04-10,Indonesia,National,,,Pertalite,10000.0,IDR,L,id_oto_monthly_prices,2026-03-06T20:31:38,619610082d2a0a582c2506ff7c7e05a046110a1ec4408db657aca4f26b167e07
2022-04-11,Indonesia,National,,,Pertalite,10000.0,IDR,L,id_oto_monthly_prices,2026-03-06T20:31:38,97d575f79376995a023e800b362a374c23a59be0c103ba27ca2d42e1ec499c36
2022-04-12,Indonesia,National,,,Pertalite,10000.0,IDR,L,id_oto_monthly_prices,2026-03-06T20:31:38,9e2332f4946e7850e21572c582c9d61708958d8e62aa3d67fc2ad5d6ea7301db
2022-04-13,Indonesia,National,,,Pertalite,10000.0,IDR,L,id_oto_monthly_prices,2026-03-06T20:31:38,4eb75ad6b8a58c2d3663522294758693deb3dfa36f457afe44d252d555cccb0a
2022-04-14,Indonesia,National,,,Pertalite,10000.0,IDR,L,id_oto_monthly_prices,2026-03-06T20:31:38,32da273d5e668595e6b9f0235ed2cdcabaa2ea217d4d3c7f852a0bc37b1620bd
2022-04-15,Indonesia,National,,,Pertalite,10000.0,IDR,L,id_oto_monthly_prices,2026-03-06T20:31:38,34e2cf53843c420deec1d9d09fdbc4d67bd0959d2d794ac52a575d3c7fe2d09a
2022-04-16,Indonesia,National,,,Pertalite,10000.0,IDR,L,id_oto_monthly_prices,2026-03-06T20:31:38,91c21492e055068ce3f12443a30a25d30070d9a713dac016381759ffd5ef4695
2022-04-17,Indonesia,National,,,Pertalite,10000.0,IDR,L,id_oto_monthly_prices,2026-03-06T20:31:38,5a9ee3cd85a4a9318731580b0803dc679087bc6264a07106fe40c4722d7f6b6c
2022-04-18,Indonesia,National,,,Pertalite,10000.0,IDR,L,id_oto_monthly_prices,2026-03-06T20:31:38,0b5d5c96e470696175a0dfa6c07d0e2df2f9697e3e5bda4c60dbabc08b80f051
2022-04-19,Indonesia,National,,,Pertalite,10000.0,IDR,L,id_oto_monthly_prices,2026-03-06T20:31:38,d80a749ff819434dc33825d9010a12bd0ae982c89a140e35b0fc84558d598a9f
2022-04-20,Indonesia,National,,,Pertalite,10000.0,IDR,L,id_oto_monthly_prices,2026-03-06T20:31:38,30e5470f68e065878e42b01d5149ad3b9f817c0023b08866c573e70d5ee59482
2022-04-21,Indonesia,National,,,Pertalite,10000.0,IDR,L,id_oto_monthly_prices,2026-03-06T20:31:38,7e6ae4bd353552ac93713876eae50b463509975de5140cad5ded3571a023a6ca
2022-04-22,Indonesia,National,,,Pertalite,10000.0,IDR,L,id_oto_monthly_prices,2026-03-06T20:31:38,e04a2b23415476854bf45a88c9266aa4b88cb749a673311f1763f7caa9ccddee
2022-04-23,Indonesia,National,,,Pertalite,10000.0,IDR,L,id_oto_monthly_prices,2026-03-06T20:31:38,adf177d25f955d0d35fe5629eef5c9286f243a3235b699381a37e66b7839b948
2022-04-24,Indonesia,National,,,Pertalite,10000.0,IDR,L,id_oto_monthly_prices,2026-03-06T20:31:38,03ba804b78eb3cb5ed08d95bb8cb52f85fcd715e480a33d2d50d5e5dcaab92f1
2022-04-25,Indonesia,National,,,Pertalite,10000.0,IDR,L,id_oto_monthly_prices,2026-03-06T20:31:38,22f4f5dfc6598644ef1a54827139b2fa293e88553575771a914ab0e5e686ff75
2022-04-26,Indonesia,National,,,Pertalite,10000.0,IDR,L,id_oto_monthly_prices,2026-03-06T20:31:38,b50da95acd38ab4a0559196b17ac6ec76ac4582f1ee857f5c13ec724dfa8ed5a
2022-04-27,Indonesia,National,,,Pertalite,10000.0,IDR,L,id_oto_monthly_prices,2026-03-06T20:31:38,ddb504a926029835326decdd7e84f67292837499b9a954e8465f3f60be2b876a
2022-04-28,Indonesia,National,,,Pertalite,10000.0,IDR,L,id_oto_monthly_prices,2026-03-06T20:31:38,faf718a1693d0d2663079d99b5df4b87bcc521d33e2d1690ec535e4320be5998
2022-04-29,Indonesia,National,,,Pertalite,10000.0,IDR,L,id_oto_monthly_prices,2026-03-06T20:31:38,e2aaded03908fbd0303366b4e17ddd71b0df682dad48bbe9af80867d885b895e
2022-04-30,Indonesia,National,,,Pertalite,10000.0,IDR,L,id_oto_monthly_prices,2026-03-06T20:31:38,5f9f754cc8d4f23b3308a0fbf767aaf7e468a8eb86aee960a3565c2e6e34bc2f
2022-05-01,Indonesia,National,,,Pertalite,10000.0,IDR,L,id_oto_monthly_prices,2026-03-06T20:31:38,373fc5732241f096add856504b2780e467f9aba67ec146cba524612159fac30a
2022-05-02,Indonesia,National,,,Pertalite,10000.0,IDR,L,id_oto_monthly_prices,2026-03-06T20:31:38,cc9e8fbddb9067a313296a55a00f707ba2604ea9067c377877e7610021b57626
2022-05-03,Indonesia,National,,,Pertalite,10000.0,IDR,L,id_oto_monthly_prices,2026-03-06T20:31:38,5a8c65ef7a6b4c614ee7914cb4818438f104fa09df0d5c0108131d32e920bbd1
2022-05-04,Indonesia,National,,,Pertalite,10000.0,IDR,L,id_oto_monthly_prices,2026-03-06T20:31:38,2c417077b9560e714ef2398ede60c3de37c599ab3d71035c8b002ba0b0401e2d
2022-05-05,Indonesia,National,,,Pertalite,10000.0,IDR,L,id_oto_monthly_prices,2026-03-06T20:31:38,dbd708268a6d731475b04be06e30c58a34619a6e9557e3530830a2d06cca5443
2022-05-06,Indonesia,National,,,Pertalite,10000.0,IDR,L,id_oto_monthly_prices,2026-03-06T20:31:38,f5504bd059728a1556117a495d9d6eeec7dd27c5e95f2015626e0b08ee030abe
2022-05-07,Indonesia,National,,,Pertalite,10000.0,IDR,L,id_oto_monthly_prices,2026-03-06T20:31:38,26963d3549a9dbfd7ee629151e4e69144c0e969e5360b8dce3d538543a87e4b0
2022-05-08,Indonesia,National,,,Pertalite,10000.0,IDR,L,id_oto_monthly_prices,2026-03-06T20:31:38,3fa9625d404af370792b0b52d352f8312f58b934593386b45139f21c11f04d77
2022-05-09,Indonesia,National,,,Pertalite,10000.0,IDR,L,id_oto_monthly_prices,2026-03-06T20:31:38,6d22cede5d1ce0af89816056c2b82f379a3256e612c1a09d482a8dfdd997c683
2022-05-10,Indonesia,National,,,Pertalite,10000.0,IDR,L,id_oto_monthly_prices,2026-03-06T20:31:38,ab7056475292eba43501892fc232b8600ffa23bb6d6f5c87f2074e63f524e94a
2022-05-11,Indonesia,National,,,Pertalite,10000.0,IDR,L,id_oto_monthly_prices,2026-03-06T20:31:38,a973c15cc2dc6fb606322ff9f8224e19dad7f16662217a6bff80ef9482d356f9
2022-05-12,Indonesia,National,,,Pertalite,10000.0,IDR,L,id_oto_monthly_prices,2026-03-06T20:31:38,54689e81ea7214e504b5015047531d74d3c700355ad0085a4bc7a70d9b53f742
2022-05-13,Indonesia,National,,,Pertalite,10000.0,IDR,L,id_oto_monthly_prices,2026-03-06T20:31:38,adf3a2f31a8dbc6dd5af2ff6de93e58da655702510284fe49ef5a32625bba8a0
2022-05-14,Indonesia,National,,,Pertalite,10000.0,IDR,L,id_oto_monthly_prices,2026-03-06T20:31:38,4c358c499336972ea7190f0e2320daad33c7f452db9aa42a165969236a11ae14
2022-05-15,Indonesia,National,,,Pertalite,10000.0,IDR,L,id_oto_monthly_prices,2026-03-06T20:31:38,57e75d6bc0f2e1c8653327060af506805b8d4e2afd2b6d93fd9c8eb99c237310
2022-05-16,Indonesia,National,,,Pertalite,10000.0,IDR,L,id_oto_monthly_prices,2026-03-06T20:31:38,3ad72fb9b8dfcc563e32d9dd4852443ed0f8122ba423ec997ace9e2c539f6df8
2022-05-17,Indonesia,National,,,Pertalite,10000.0,IDR,L,id_oto_monthly_prices,2026-03-06T20:31:38,748ffb687d5f18b25a3d0912487b5312b87bb40ecb92c0fe741674b1e07683d2
2022-05-18,Indonesia,National,,,Pertalite,10000.0,IDR,L,id_oto_monthly_prices,2026-03-06T20:31:38,3c48c77da6513ac4563fed0a15eb2d8599a3ea654c9b107cf6370ef1111ae9b9
2022-05-19,Indonesia,National,,,Pertalite,10000.0,IDR,L,id_oto_monthly_prices,2026-03-06T20:31:38,7d451b23e1c4bdf261cc1e96f00de852d9f6b2aeb265d8c591eff6bf0ac5713f
2022-05-20,Indonesia,National,,,Pertalite,10000.0,IDR,L,id_oto_monthly_prices,2026-03-06T20:31:38,512b3e15f90f0d92a1b7a4518fefb09ef528079b5e44e672c03d79020a65735e
2022-05-21,Indonesia,National,,,Pertalite,10000.0,IDR,L,id_oto_monthly_prices,2026-03-06T20:31:38,edc7d04642ddb9e10b58288d3e82809e4e29f33eb1c290f1438ed734de9b58a2
2022-05-22,Indonesia,National,,,Pertalite,10000.0,IDR,L,id_oto_monthly_prices,2026-03-06T20:31:38,619388dab6f79ab43a190a5f8e94ef3ef1382f0cc4b94eb30ec59666145ef902
2022-05-23,Indonesia,National,,,Pertalite,10000.0,IDR,L,id_oto_monthly_prices,2026-03-06T20:31:38,aacd2330f026cb81344402f61dae3e2c965d4e6d7fc082e14e98c7fbee178ea7
2022-05-24,Indonesia,National,,,Pertalite,10000.0,IDR,L,id_oto_monthly_prices,2026-03-06T20:31:38,5659bff6aca1533bf3e9c18f259f092282f1450374d8cd6b71641017935fbf24
2022-05-25,Indonesia,National,,,Pertalite,10000.0,IDR,L,id_oto_monthly_prices,2026-03-06T20:31:38,23ef5243bcac20e24d6564dd2d07edaa45c62730cf7c8a31ab8597f1ad5655b7
2022-05-26,Indonesia,National,,,Pertalite,10000.0,IDR,L,id_oto_monthly_prices,2026-03-06T20:31:38,144602ce51224cc65f875365f1fc6e2fa782733f5b2a4d985309a204f27757e6
2022-05-27,Indonesia,National,,,Pertalite,10000.0,IDR,L,id_oto_monthly_prices,2026-03-06T20:31:38,a2f22bf375c5ebe7efd0f3d97588675321ccfd3865bb40d9e1ae81581ac7411a
2022-05-28,Indonesia,National,,,Pertalite,10000.0,IDR,L,id_oto_monthly_prices,2026-03-06T20:31:38,cec1c29b4136fa0b799e788ae568a9f011de71ce65f3c447f8aa00f5b11d52c0
2022-05-29,Indonesia,National,,,Pertalite,10000.0,IDR,L,id_oto_monthly_prices,2026-03-06T20:31:38,462570cb7b457b1ebf131bdf1dc8d88b531c1cac78872bf2e0339adb61594582
2022-05-30,Indonesia,National,,,Pertalite,10000.0,IDR,L,id_oto_monthly_prices,2026-03-06T20:31:38,6996df8ef88b696f3ea97e0d64298f18b424b6f6816ff398aab3e5c9442e42cf
2022-05-31,Indonesia,National,,,Pertalite,10000.0,IDR,L,id_oto_monthly_prices,2026-03-06T20:31:38,b7d287aa7ed6b74b35cc7bd5417277d62c05c1685e40cca93a98637c2491cfd8
2022-06-01,Indonesia,National,,,Pertalite,10000.0,IDR,L,id_oto_monthly_prices,2026-03-06T20:31:38,8fcc99cf3dcc39ed480a803d41019ea2552936fb8c34c6e2422f9e25e4cf94d0
2022-06-02,Indonesia,National,,,Pertalite,10000.0,IDR,L,id_oto_monthly_prices,2026-03-06T20:31:38,64eb49d76a91873b3d731c32b5b334cef8a6aa3f967493e8d2f20a5b3b94a527
2022-06-03,Indonesia,National,,,Pertalite,10000.0,IDR,L,id_oto_monthly_prices,2026-03-06T20:31:38,c2a75112eaaaa9f55e6265a785b3de5c256bbd0b33a9d90929a6f49ece74a0c2
2022-06-04,Indonesia,National,,,Pertalite,10000.0,IDR,L,id_oto_monthly_prices,2026-03-06T20:31:38,391d1c20eb10f22b4a021b01a708b296c7ae6c6946d2cc58a7bf49fdf28a8ca0
2022-06-05,Indonesia,National,,,Pertalite,10000.0,IDR,L,id_oto_monthly_prices,2026-03-06T20:31:38,646a86416e8042716c01982d52aa0fe4798ba4ffd9bf3234ff98c1ff6b306f04
2022-06-06,Indonesia,National,,,Pertalite,10000.0,IDR,L,id_oto_monthly_prices,2026-03-06T20:31:38,28c434293e0e0ccb9a6f4f00e779f18b74b52d0db2558f7f6c77499114b86a60
2022-06-07,Indonesia,National,,,Pertalite,10000.0,IDR,L,id_oto_monthly_prices,2026-03-06T20:31:38,9ca5c95fdf98ab3a923cd76b67831e501d99a2b49f9e197c958a1896051288dd
2022-06-08,Indonesia,National,,,Pertalite,10000.0,IDR,L,id_oto_monthly_prices,2026-03-06T20:31:38,5035d42c9e909509c456712f7bb7745edea01517359eae077aed20d4d00c3237
2022-06-09,Indonesia,National,,,Pertalite,10000.0,IDR,L,id_oto_monthly_prices,2026-03-06T20:31:38,9ae4f2dbe941ca3d7887a4ee51b58dd020e63cdb82659c0c87ac33220db3b33f
2022-06-10,Indonesia,National,,,Pertalite,10000.0,IDR,L,id_oto_monthly_prices,2026-03-06T20:31:38,677d79f61b290e649d4b9f1dc50fd9404fad1446a8d13a89457d915f0cb7790f
2022-06-11,Indonesia,National,,,Pertalite,10000.0,IDR,L,id_oto_monthly_prices,2026-03-06T20:31:38,cd509b79d2e693e6eb1c9905d03ff0619f0245042cc204cf7c2a6b5f7170a4fe
2022-06-12,Indonesia,National,,,Pertalite,10000.0,IDR,L,id_oto_monthly_prices,2026-03-06T20:31:38,26748163e424a291682ee8be04d217211c21c449cd66a92e7fc3888c4292c179
2022-06-13,Indonesia,National,,,Pertalite,10000.0,IDR,L,id_oto_monthly_prices,2026-03-06T20:31:38,35dcb306190150ca1a42780ad60bb06d7e6f5047ed80fe9c4a7663524e178534
2022-06-14,Indonesia,National,,,Pertalite,10000.0,IDR,L,id_oto_monthly_prices,2026-03-06T20:31:38,e86c0ff1b96b2c6aad2b294afb1233f98b090ac496fb15039f8252d119cdf851
2022-06-15,Indonesia,National,,,Pertalite,10000.0,IDR,L,id_oto_monthly_prices,2026-03-06T20:31:38,5d1368aa7395f3526477332c10c6c2410ba0191bc4d2fe838c714635d6b78ecc
2022-06-16,Indonesia,National,,,Pertalite,10000.0,IDR,L,id_oto_monthly_prices,2026-03-06T20:31:38,e1f338fe1a4a17b591b2aaae13493b785e4f5b39304b3d1c82fe4d3ea440a624
2022-06-17,Indonesia,National,,,Pertalite,10000.0,IDR,L,id_oto_monthly_prices,2026-03-06T20:31:38,bac54a53f5fd5680db4071f73a8d58153d388fd955c6c3d851c9874bbf5ed9f1
2022-06-18,Indonesia,National,,,Pertalite,10000.0,IDR,L,id_oto_monthly_prices,2026-03-06T20:31:38,78bfa0e7453b127246de63a08fe6fc0c35f17b4639cc3c64d4c93a948cd971a8
2022-06-19,Indonesia,National,,,Pertalite,10000.0,IDR,L,id_oto_monthly_prices,2026-03-06T20:31:38,c4160e0298428b7f88a5d29020ccefe31c9480ac73b8689bf0e58a5718307ea0
2022-06-20,Indonesia,National,,,Pertalite,10000.0,IDR,L,id_oto_monthly_prices,2026-03-06T20:31:38,29602ff1b25e632bfcc75297d6af259f2b3007bbe1edb6ee4915913696e2536f
2022-06-21,Indonesia,National,,,Pertalite,10000.0,IDR,L,id_oto_monthly_prices,2026-03-06T20:31:38,5039656623f8978b70adc2c382a3c7bc2c01cb8c208e8f49365c93dda2c61781
2022-06-22,Indonesia,National,,,Pertalite,10000.0,IDR,L,id_oto_monthly_prices,2026-03-06T20:31:38,82a3dd8c996feb48cd3714f925588aa5ef66016e9d25e92db3a7348efd38bd12
2022-06-23,Indonesia,National,,,Pertalite,10000.0,IDR,L,id_oto_monthly_prices,2026-03-06T20:31:38,b326ef32f99cec1c59b12152539808491a182a1373ea9a730abf2de44fd626c7
2022-06-24,Indonesia,National,,,Pertalite,10000.0,IDR,L,id_oto_monthly_prices,2026-03-06T20:31:38,b29e02b3d0336619f96603ade3df55e656ce791eccc80dafcd90e55ec62a6701
2022-06-25,Indonesia,National,,,Pertalite,10000.0,IDR,L,id_oto_monthly_prices,2026-03-06T20:31:38,b800a1d18381ca66e04e89d14eddc015e925b10721c3dfe3254af6dbcf721fcc
2022-06-26,Indonesia,National,,,Pertalite,10000.0,IDR,L,id_oto_monthly_prices,2026-03-06T20:31:38,eec894a0ce9e9e69ceeeb58964c46a1d5b91b55433f44dbe065d04758fc82383
2022-06-27,Indonesia,National,,,Pertalite,10000.0,IDR,L,id_oto_monthly_prices,2026-03-06T20:31:38,2f4a0074fc1f1d7475fa848f7791eb66354c74e144bca7cf01c8d8aefeb00d6d
2022-06-28,Indonesia,National,,,Pertalite,10000.0,IDR,L,id_oto_monthly_prices,2026-03-06T20:31:38,17d88b4dd917266563f7f25b29e84e7259a99b17dc9c259e2248351c9d7b5813
2022-06-29,Indonesia,National,,,Pertalite,10000.0,IDR,L,id_oto_monthly_prices,2026-03-06T20:31:38,7e7de13dcb9bc59dc24da5a619455b2a2d9ddd8c2db2b3ce5f4e28e1c026f5cd
2022-06-30,Indonesia,National,,,Pertalite,10000.0,IDR,L,id_oto_monthly_prices,2026-03-06T20:31:38,ed466d5343fa2fd147fc32b5a277dd345c504be3bb2226953e1c0266f134c34f
2022-07-01,Indonesia,National,,,Pertalite,10000.0,IDR,L,id_oto_monthly_prices,2026-03-06T20:31:38,aad538ed80b97ac4d2e2a50869aba10120c567f5ea8d8fe81d2ba5369a65a85f
2022-07-02,Indonesia,National,,,Pertalite,10000.0,IDR,L,id_oto_monthly_prices,2026-03-06T20:31:38,9f93c3afa71651e4cd92680fa445d6d61a5f6f5162dd65dbe2216cac563326f2
2022-07-03,Indonesia,National,,,Pertalite,10000.0,IDR,L,id_oto_monthly_prices,2026-03-06T20:31:38,983e3375cf32099814f17571e6c3c323e91eb01c86442319c2b0adc9ec2bf0a4
2022-07-04,Indonesia,National,,,Pertalite,10000.0,IDR,L,id_oto_monthly_prices,2026-03-06T20:31:38,3ebabeb68537d5d9567d7a55c4636b6049da73633eb82ad69390c94fa5e13d35
2022-07-05,Indonesia,National,,,Pertalite,10000.0,IDR,L,id_oto_monthly_prices,2026-03-06T20:31:38,890729f036f3848a862176cafadf4da62e7c1b8ab7108a6bdddf1f3130dc8112
2022-07-06,Indonesia,National,,,Pertalite,10000.0,IDR,L,id_oto_monthly_prices,2026-03-06T20:31:38,2e455e958dc4eabf5ab253c06727d45bdc3451e7f83b9d4f0dd0357dcf31053f
2022-07-07,Indonesia,National,,,Pertalite,10000.0,IDR,L,id_oto_monthly_prices,2026-03-06T20:31:38,f4b6e5b9e024b0398f11709075e6e4f43b747eb042c9072398199147542364bf
2022-07-08,Indonesia,National,,,Pertalite,10000.0,IDR,L,id_oto_monthly_prices,2026-03-06T20:31:38,03a2c0b864e6644caeee352d0a02790fbe0466689d0885543c8b33ffb8759fe4
2022-07-09,Indonesia,National,,,Pertalite,10000.0,IDR,L,id_oto_monthly_prices,2026-03-06T20:31:38,20f34cdbf7d5efbc43fce2d1831ae8cc78362f52ccb5b01f4fcdafcfb53b8230
2022-07-10,Indonesia,National,,,Pertalite,10000.0,IDR,L,id_oto_monthly_prices,2026-03-06T20:31:38,0f449f9d7993cf823aa9f83b1514a276242638ec1571ca68fe5112eec5ad581d
2022-07-11,Indonesia,National,,,Pertalite,10000.0,IDR,L,id_oto_monthly_prices,2026-03-06T20:31:38,22fa3cc01971013329da4a3f1fd03f4f369b61d814f29d3ad57881e890fa3b9e
2022-07-12,Indonesia,National,,,Pertalite,10000.0,IDR,L,id_oto_monthly_prices,2026-03-06T20:31:38,1c3c14ab6b001787351aa30653a462c4a5dfb4a3690db699041cec4857383de9
2022-07-13,Indonesia,National,,,Pertalite,10000.0,IDR,L,id_oto_monthly_prices,2026-03-06T20:31:38,c93b0a13b356b0ee6cadd055bac0f526168f8ebf1e4ca563377710a88efd1716
2022-07-14,Indonesia,National,,,Pertalite,10000.0,IDR,L,id_oto_monthly_prices,2026-03-06T20:31:38,981e828c4fe99b14d5f0edeb2a64014868166e4f15971855dd49986750f8271b
2022-07-15,Indonesia,National,,,Pertalite,10000.0,IDR,L,id_oto_monthly_prices,2026-03-06T20:31:38,feccd1c265a6972081fd2637defde7ec19431becf3a292d2baad8bcebac41109
2022-07-16,Indonesia,National,,,Pertalite,10000.0,IDR,L,id_oto_monthly_prices,2026-03-06T20:31:38,fb58e1f7487399f69bad7fe1c770e4fab53bad9b34f3d524b14120a44b2bf330
2022-07-17,Indonesia,National,,,Pertalite,10000.0,IDR,L,id_oto_monthly_prices,2026-03-06T20:31:38,0a75c23fde4a17ba96f4b74d67ca0f6061e9942b148a93d094ecaf1a4e0a23cd
2022-07-18,Indonesia,National,,,Pertalite,10000.0,IDR,L,id_oto_monthly_prices,2026-03-06T20:31:38,588d7f61e6c8bb2e573605a66b68642552503a9c3171bfc8fa33ca18754be8f6
2022-07-19,Indonesia,National,,,Pertalite,10000.0,IDR,L,id_oto_monthly_prices,2026-03-06T20:31:38,c96093029cbc5216f896347c06b9a1765e3409af8b427ce69122e2e2358d59a4
2022-07-20,Indonesia,National,,,Pertalite,10000.0,IDR,L,id_oto_monthly_prices,2026-03-06T20:31:38,901f203888d972d534c2c0333edca3890f100c97d33cd85bfbe91a24445c44ac
2022-07-21,Indonesia,National,,,Pertalite,10000.0,IDR,L,id_oto_monthly_prices,2026-03-06T20:31:38,43193bf41c5e7e9cedc5d6224147e19eeeb864cc7712ec0e8643d80559452362
2022-07-22,Indonesia,National,,,Pertalite,10000.0,IDR,L,id_oto_monthly_prices,2026-03-06T20:31:38,d4ac2a7771f62ad1662e8e0df1ca26a235859f0882edb763d8a5f0546136fa53
2022-07-23,Indonesia,National,,,Pertalite,10000.0,IDR,L,id_oto_monthly_prices,2026-03-06T20:31:38,bb78b44f5ff841fd829ff8ffae44976606fa9f2882d5345b326aefd1a1d41828
2022-07-24,Indonesia,National,,,Pertalite,10000.0,IDR,L,id_oto_monthly_prices,2026-03-06T20:31:38,b325a1e14e51fbb4dbe965ce400267e56c539194c6bef7d561dd7235a9377a87
2022-07-25,Indonesia,National,,,Pertalite,10000.0,IDR,L,id_oto_monthly_prices,2026-03-06T20:31:38,520a1a9721bc34b7063c873385c8234657e9cf401f1089906ed0d05c77489c93
2022-07-26,Indonesia,National,,,Pertalite,10000.0,IDR,L,id_oto_monthly_prices,2026-03-06T20:31:38,21cb5916d2e8ebfe2a67ef13f78898ee76afa7c7709a9fd341e0929ef4f2ddb1
2022-07-27,Indonesia,National,,,Pertalite,10000.0,IDR,L,id_oto_monthly_prices,2026-03-06T20:31:38,4023d0874420e4d10ce58c95815c0045a9c5d50915fd8f2e2150089f1b6e8410
2022-07-28,Indonesia,National,,,Pertalite,10000.0,IDR,L,id_oto_monthly_prices,2026-03-06T20:31:38,a46da935081c3cda35f522fe2ea923be42d645f11538cf45cb9227f2e11213c6
2022-07-29,Indonesia,National,,,Pertalite,10000.0,IDR,L,id_oto_monthly_prices,2026-03-06T20:31:38,d19e0b24dc90124ac98285f60a29982e05d4a698fe501636cc6eeea885217c0c
2022-07-30,Indonesia,National,,,Pertalite,10000.0,IDR,L,id_oto_monthly_prices,2026-03-06T20:31:38,1555ad5fe3b5a9686c7c096064d93fdeabed878bf21c8dc142e2b34467b42530
2022-07-31,Indonesia,National,,,Pertalite,10000.0,IDR,L,id_oto_monthly_prices,2026-03-06T20:31:38,41e143526dfbd7edfc931cd4a69f60c629422493c3cac0456f1db80944f29e9c
2022-08-01,Indonesia,National,,,Pertalite,10000.0,IDR,L,id_oto_monthly_prices,2026-03-06T20:31:38,d81ded00f78de592ca75272081150fa69f9d8dcb50fb909fb2931664a6d1a60c
2022-08-02,Indonesia,National,,,Pertalite,10000.0,IDR,L,id_oto_monthly_prices,2026-03-06T20:31:38,1d20d634281665e94a8cdba499796163885feac176e37c9e44b4c60701cb494c
2022-08-03,Indonesia,National,,,Pertalite,10000.0,IDR,L,id_oto_monthly_prices,2026-03-06T20:31:38,1bac885325d0df0d2dc493b528f311a23f206353af68196d084541760c0bda95
2022-08-04,Indonesia,National,,,Pertalite,10000.0,IDR,L,id_oto_monthly_prices,2026-03-06T20:31:38,41943feda9dd023f9553a60d433faf89d2d88268aa7b9bd16030422585fee6f6
2022-08-05,Indonesia,National,,,Pertalite,10000.0,IDR,L,id_oto_monthly_prices,2026-03-06T20:31:38,792e883763036fbbdc305b29c8b64d9c2df34ff2f04310b575ae105c9df8fceb
2022-08-06,Indonesia,National,,,Pertalite,10000.0,IDR,L,id_oto_monthly_prices,2026-03-06T20:31:38,3c332a5f179f31f9dc4858551da273e85de5e8a860e980dcb14ab7deae007e9b
2022-08-07,Indonesia,National,,,Pertalite,10000.0,IDR,L,id_oto_monthly_prices,2026-03-06T20:31:38,d1417873a66cd31575cd43ca4a4c48bb35d454b8a6796467b730baf5af0c0edd
2022-08-08,Indonesia,National,,,Pertalite,10000.0,IDR,L,id_oto_monthly_prices,2026-03-06T20:31:38,1ab0b3e03c59583a577d8b7faa904d98ab2c71fb6d379c02245f39aef8ba3b27
2022-08-09,Indonesia,National,,,Pertalite,10000.0,IDR,L,id_oto_monthly_prices,2026-03-06T20:31:38,560304a0ba826465d5a99b17d36d8bf13246b7eb11c15580b0a9e620178f8259
2022-08-10,Indonesia,National,,,Pertalite,10000.0,IDR,L,id_oto_monthly_prices,2026-03-06T20:31:38,14062783be8272662134dc517187776a965d0f25bfc5748762c5ebf2da76efb3
2022-08-11,Indonesia,National,,,Pertalite,10000.0,IDR,L,id_oto_monthly_prices,2026-03-06T20:31:38,57780e2c9bfae8c5eadbffe0556b35c19acf0ca56847c9ffb8c24f61db8bbeca
2022-08-12,Indonesia,National,,,Pertalite,10000.0,IDR,L,id_oto_monthly_prices,2026-03-06T20:31:38,671e7fae8f36d81535e93c015293f12ced9bde0303442929c67012891366628b
2022-08-13,Indonesia,National,,,Pertalite,10000.0,IDR,L,id_oto_monthly_prices,2026-03-06T20:31:38,f89b886384b7f5b50343d935ceb8f925d91872811f5ee4af667ab946d116fa4f
2022-08-14,Indonesia,National,,,Pertalite,10000.0,IDR,L,id_oto_monthly_prices,2026-03-06T20:31:38,5728fd02461cbb05f2b0539a17c571f24fc58fa142e5e72448a8de6ad4319009
2022-08-15,Indonesia,National,,,Pertalite,10000.0,IDR,L,id_oto_monthly_prices,2026-03-06T20:31:38,c69ca279d615d746ed3497945cbedc6168ce96e01f1fe65271626040412b9d60
2022-08-16,Indonesia,National,,,Pertalite,10000.0,IDR,L,id_oto_monthly_prices,2026-03-06T20:31:38,c6809a179bf82feecd4c34f4b3aa3e1dea06c3a23455fcc4ba1b4c6c618c8975
2022-08-17,Indonesia,National,,,Pertalite,10000.0,IDR,L,id_oto_monthly_prices,2026-03-06T20:31:38,d756e240ba5b50e81e9c4fe5c1beeb4252ffef70673992dd2e29d45ad637992c
2022-08-18,Indonesia,National,,,Pertalite,10000.0,IDR,L,id_oto_monthly_prices,2026-03-06T20:31:38,bf74339027cfb388c9ee52a34b733e6cec2b5c6dd71a08092db285eb1df9ef77
2022-08-19,Indonesia,National,,,Pertalite,10000.0,IDR,L,id_oto_monthly_prices,2026-03-06T20:31:38,9eede2a5e4db8628533a2aae0661e78d5f464f51469bfd8fa9e6ed7deced6f8a
2022-08-20,Indonesia,National,,,Pertalite,10000.0,IDR,L,id_oto_monthly_prices,2026-03-06T20:31:38,f49322fc362b49db96670bce20a0e9a3a2bade79bb81762e96189977154822c7
2022-08-21,Indonesia,National,,,Pertalite,10000.0,IDR,L,id_oto_monthly_prices,2026-03-06T20:31:38,1d0014d2efd36860cd02d6e107b2e81b37b61b465dc286ca1927263d1ff670d8
2022-08-22,Indonesia,National,,,Pertalite,10000.0,IDR,L,id_oto_monthly_prices,2026-03-06T20:31:38,788b72d0197a459b631724957a06186cdd8e752cea20329200b132e40f3df08b
2022-08-23,Indonesia,National,,,Pertalite,10000.0,IDR,L,id_oto_monthly_prices,2026-03-06T20:31:38,e2b6f1ecd05a7bd6c82b851d060b0e8769bf3d8eaf715bcfc4ed86f4a4a034a6
2022-08-24,Indonesia,National,,,Pertalite,10000.0,IDR,L,id_oto_monthly_prices,2026-03-06T20:31:38,2b00bece4fac401d8ee18984a04bd033bcea279f3685327592ce1a8497675afc
2022-08-25,Indonesia,National,,,Pertalite,10000.0,IDR,L,id_oto_monthly_prices,2026-03-06T20:31:38,bf6b6ed89460919a05670e62af734632d69a9c9fe1f0b3052a81e9edb6c057a3
2022-08-26,Indonesia,National,,,Pertalite,10000.0,IDR,L,id_oto_monthly_prices,2026-03-06T20:31:38,e34024be22088d80978011b571bcd0692f5198f67b7ae4cbd697d24df941d174
2022-08-27,Indonesia,National,,,Pertalite,10000.0,IDR,L,id_oto_monthly_prices,2026-03-06T20:31:38,96df52f9a67a44b704ecbc73112d053421851034c1ec3316741ce0a0daa719bf
2022-08-28,Indonesia,National,,,Pertalite,10000.0,IDR,L,id_oto_monthly_prices,2026-03-06T20:31:38,41ce67a701c91293bb63ee48e539b0b630c55d913276b4cf42f459f3ba301361
2022-08-29,Indonesia,National,,,Pertalite,10000.0,IDR,L,id_oto_monthly_prices,2026-03-06T20:31:38,15072bb5ee24c3d5196852bb1fb1388f842c85527491a6e1b09d1a96061749e9
2022-08-30,Indonesia,National,,,Pertalite,10000.0,IDR,L,id_oto_monthly_prices,2026-03-06T20:31:38,bf33d56aa7453f7311ae80b069a72b92cc136481060ee8efbe8ba604246274b7
2022-08-31,Indonesia,National,,,Pertalite,10000.0,IDR,L,id_oto_monthly_prices,2026-03-06T20:31:38,5445ea2a1cef51351adfb9ebfd4264a3d980913aa62d3a532eac19bac80be16e
2022-09-01,Indonesia,National,,,Pertalite,10000.0,IDR,L,id_oto_monthly_prices,2026-03-06T20:31:38,7d2fc28c3508a13f7e9e1fb3c21e2f5195c1faaa57826e2cb9f4237a58b98977
2022-09-02,Indonesia,National,,,Pertalite,10000.0,IDR,L,id_oto_monthly_prices,2026-03-06T20:31:38,dc0d2aa63ba46084be147595fee86e5efe8e57ec68afa5dcbfda8f1150bd2d40
2022-09-03,Indonesia,National,,,Pertalite,10000.0,IDR,L,id_oto_monthly_prices,2026-03-06T20:31:38,affb31acc4f524723337003d30d0808722afef2586fc5b03de19e6f4689fb32e
2022-09-04,Indonesia,National,,,Pertalite,10000.0,IDR,L,id_oto_monthly_prices,2026-03-06T20:31:38,9dde892661e077e62a02d8ec5476c2b1a5694402db251f7c48b95b3fb7a86bdc
2022-09-05,Indonesia,National,,,Pertalite,10000.0,IDR,L,id_oto_monthly_prices,2026-03-06T20:31:38,d1c82032f986c5936544329c0b4922358ab513e8c89ca794be2d5f25e56a0870
2022-09-06,Indonesia,National,,,Pertalite,10000.0,IDR,L,id_oto_monthly_prices,2026-03-06T20:31:38,2f84f8262631ab3c74dee7c552a5b85411fcd196ee3d8df280ff3f7c61cc1574
2022-09-07,Indonesia,National,,,Pertalite,10000.0,IDR,L,id_oto_monthly_prices,2026-03-06T20:31:38,2a7110a112d58e8ff11b6853a3f73b3c2666b3188beeaaf5b874c4491ea55b95
2022-09-08,Indonesia,National,,,Pertalite,10000.0,IDR,L,id_oto_monthly_prices,2026-03-06T20:31:38,a449e55281c94d051193b2357ad417d0f088486eb030c1824bde6efca84d930a
2022-09-09,Indonesia,National,,,Pertalite,10000.0,IDR,L,id_oto_monthly_prices,2026-03-06T20:31:38,636af1c44e89124fd392bed16e7fcc22a6ae0c5eacd032a1eface3c2aa413b0d
2022-09-10,Indonesia,National,,,Pertalite,10000.0,IDR,L,id_oto_monthly_prices,2026-03-06T20:31:38,f87fd99fd152108580d42e6e6a264847470d3a059fc725eb8c429e0b49929678
2022-09-11,Indonesia,National,,,Pertalite,10000.0,IDR,L,id_oto_monthly_prices,2026-03-06T20:31:38,f63a619f22127f6b4471e2e7cfc1c24b09029effea12e5919edefc3e87bb8638
2022-09-12,Indonesia,National,,,Pertalite,10000.0,IDR,L,id_oto_monthly_prices,2026-03-06T20:31:38,8d29f668228d188fa68201bac076f0f0e6b9c5dc7b5ac84c9b3ff4f8fb8d993e
2022-09-13,Indonesia,National,,,Pertalite,10000.0,IDR,L,id_oto_monthly_prices,2026-03-06T20:31:38,910f687928fc0664b6dab07867fa141ca614bd93f0964987f7f4ebd06e557d22
2022-09-14,Indonesia,National,,,Pertalite,10000.0,IDR,L,id_oto_monthly_prices,2026-03-06T20:31:38,24ed33afb24973dee4295cf5a3406a6f7e7d45f303bdf2b5b30c063aba8edaa1
2022-09-15,Indonesia,National,,,Pertalite,10000.0,IDR,L,id_oto_monthly_prices,2026-03-06T20:31:38,8266d17733193392cd80eabeca3e63eac0fb491cf520d4a6e4a77d2b91e9892b
2022-09-16,Indonesia,National,,,Pertalite,10000.0,IDR,L,id_oto_monthly_prices,2026-03-06T20:31:38,1bbb1d114749c6ae677bea6c87fbcd5487c483098f49528932648181156d5870
2022-09-17,Indonesia,National,,,Pertalite,10000.0,IDR,L,id_oto_monthly_prices,2026-03-06T20:31:38,0cfdfc72054dc57318736e98831fadec1145c7c4d9586a06ed531a1b9f9994c8
2022-09-18,Indonesia,National,,,Pertalite,10000.0,IDR,L,id_oto_monthly_prices,2026-03-06T20:31:38,ced8fed4719802ad66d933ae5e46cd30eb17e3408a806f01859b63f6c0531f67
2022-09-19,Indonesia,National,,,Pertalite,10000.0,IDR,L,id_oto_monthly_prices,2026-03-06T20:31:38,5bcb9ccc80b78db755975f3dd4132f60daed3f31b0da1a17e459e0c63f79b9b2
2022-09-20,Indonesia,National,,,Pertalite,10000.0,IDR,L,id_oto_monthly_prices,2026-03-06T20:31:38,43ab1007ee53b9636e79475c5e5e25cc3ae9cacbb1d5ee8fd85ec0a547527c32
2022-09-21,Indonesia,National,,,Pertalite,10000.0,IDR,L,id_oto_monthly_prices,2026-03-06T20:31:38,4e5d60b3b4f242989d2ddf57bed9355e2ce73b4b760ab67b4a7f9ccc21d3b1c8
2022-09-22,Indonesia,National,,,Pertalite,10000.0,IDR,L,id_oto_monthly_prices,2026-03-06T20:31:38,98ffbbaee7ae717491216bd7c63fd54db8348271256e6b4bbc9a4475afbbc2a5
2022-09-23,Indonesia,National,,,Pertalite,10000.0,IDR,L,id_oto_monthly_prices,2026-03-06T20:31:38,b8af43d02a73201088a052b570bf09e086f802bbf47d71db0bd02b6ae50d0abf
2022-09-24,Indonesia,National,,,Pertalite,10000.0,IDR,L,id_oto_monthly_prices,2026-03-06T20:31:38,7219ba69798a910329ac437103551fd93880c27e413e675331ac8a874a36a3ec
2022-09-25,Indonesia,National,,,Pertalite,10000.0,IDR,L,id_oto_monthly_prices,2026-03-06T20:31:38,130451f5d785baa74390e2f573a9026cda94faefc75943c5d75abb6b61ad4495
2022-09-26,Indonesia,National,,,Pertalite,10000.0,IDR,L,id_oto_monthly_prices,2026-03-06T20:31:38,3a688d85123856dedab2e9317bb1e3ec47ecd8c1f4b17684b206a46462abc92f
2022-09-27,Indonesia,National,,,Pertalite,10000.0,IDR,L,id_oto_monthly_prices,2026-03-06T20:31:38,36dfd2b73893fb70c1ef31ceb27a5244be0e19f159b253631d147c5976197210
2022-09-28,Indonesia,National,,,Pertalite,10000.0,IDR,L,id_oto_monthly_prices,2026-03-06T20:31:38,36b444f076f19ce8edd7da53612630a2429d2e7987ef4effbc4c0c30a9f58b26
2022-09-29,Indonesia,National,,,Pertalite,10000.0,IDR,L,id_oto_monthly_prices,2026-03-06T20:31:38,32d525f4d68728e5dfd64435a6ce5223a16393628883ddcc3dae4bdaa7160506
2022-09-30,Indonesia,National,,,Pertalite,10000.0,IDR,L,id_oto_monthly_prices,2026-03-06T20:31:38,b20b1567e772310f905398b4574a53b6274bfcb56dd18211e09af3e599a280a6
2022-10-01,Indonesia,National,,,Pertalite,10000.0,IDR,L,id_oto_monthly_prices,2026-03-06T20:31:38,af6bbcc81cbc121564a4802575e3f3cb65c19880e2c939b276636865ce6aa646
2022-10-02,Indonesia,National,,,Pertalite,10000.0,IDR,L,id_oto_monthly_prices,2026-03-06T20:31:38,583a161d6d7a87770c0f3080f77c189d5ccb9f7eaad0549b382e18562cc1bed5
2022-10-03,Indonesia,National,,,Pertalite,10000.0,IDR,L,id_oto_monthly_prices,2026-03-06T20:31:38,d18b2bd14469b23625d09406df9ba13eadbe72bf7bbb61bd7d9fccee9e2c3b7e
2022-10-04,Indonesia,National,,,Pertalite,10000.0,IDR,L,id_oto_monthly_prices,2026-03-06T20:31:38,d09e3f12a83852a07010664b4b93b1c82ec61c39275a5f2ba3e897077bcbb890
2022-10-05,Indonesia,National,,,Pertalite,10000.0,IDR,L,id_oto_monthly_prices,2026-03-06T20:31:38,45eb8ce610ba3733174c90c60a9fb47349f5e52d0ad472046e4ae5b49065b2bf
2022-10-06,Indonesia,National,,,Pertalite,10000.0,IDR,L,id_oto_monthly_prices,2026-03-06T20:31:38,9dca81c28bb905890aec1f8e475b28ba27d75785c78a96a603937f974e42c03e
2022-10-07,Indonesia,National,,,Pertalite,10000.0,IDR,L,id_oto_monthly_prices,2026-03-06T20:31:38,d4e66533f800dc24ad87657e1bb7e57a70e9b0c1567ab1d1c689615454894619
2022-10-08,Indonesia,National,,,Pertalite,10000.0,IDR,L,id_oto_monthly_prices,2026-03-06T20:31:38,cbe9f361643977a4958a7e056508e64f5b19015b73e9cd37caf6fb19dcfe7c99
2022-10-09,Indonesia,National,,,Pertalite,10000.0,IDR,L,id_oto_monthly_prices,2026-03-06T20:31:38,b48437b6c6af157e9c78b27814ae05eef64a86ad74ac7c9ab657e7c61acd7f17
2022-10-10,Indonesia,National,,,Pertalite,10000.0,IDR,L,id_oto_monthly_prices,2026-03-06T20:31:38,5725daf22e2d3c44545c6e22d5171ba469af1185c9ed27f04b70140f21d5e5b3
2022-10-11,Indonesia,National,,,Pertalite,10000.0,IDR,L,id_oto_monthly_prices,2026-03-06T20:31:38,4f2c07aa4fa0ab9a4dae8b6f1fdbd427800d18990e6228746baa29b36532d101
2022-10-12,Indonesia,National,,,Pertalite,10000.0,IDR,L,id_oto_monthly_prices,2026-03-06T20:31:38,a62ddc339a1560e3010bcb953b0fc1f664171e2e51808db442605187eb8597ad
2022-10-13,Indonesia,National,,,Pertalite,10000.0,IDR,L,id_oto_monthly_prices,2026-03-06T20:31:38,1a2d7261a784d3af16922289d74be805d515891ad0678088b58cffcefd6093f8
2022-10-14,Indonesia,National,,,Pertalite,10000.0,IDR,L,id_oto_monthly_prices,2026-03-06T20:31:38,cd065459055b5fcd39068adfbd7e9e74b6f5d1073f4e7fa0eba3561f7efa121b
2022-10-15,Indonesia,National,,,Pertalite,10000.0,IDR,L,id_oto_monthly_prices,2026-03-06T20:31:38,b93cfd23e2aef15808b5e9ca987bdad2bd2750964c9ca93e3ad6b970c1486500
2022-10-16,Indonesia,National,,,Pertalite,10000.0,IDR,L,id_oto_monthly_prices,2026-03-06T20:31:38,24672c3ff5b7a8b6f5d9adf365bf3e0f4db153293a81deb85199e384cac412f7
2022-10-17,Indonesia,National,,,Pertalite,10000.0,IDR,L,id_oto_monthly_prices,2026-03-06T20:31:38,b3ea942d957d63a6b0ef7815d83c7795f5872e17b12bd011011d46b652c461f0
2022-10-18,Indonesia,National,,,Pertalite,10000.0,IDR,L,id_oto_monthly_prices,2026-03-06T20:31:38,0e974e91a2da3538b07e8fa57b88fdcb1ffb06fb3cce0ee3e702b07cbd28c2de
2022-10-19,Indonesia,National,,,Pertalite,10000.0,IDR,L,id_oto_monthly_prices,2026-03-06T20:31:38,3778bd5483f9f40d5be36b22e48c35ee883c39521ba0c4692db106f04b47dff6
2022-10-20,Indonesia,National,,,Pertalite,10000.0,IDR,L,id_oto_monthly_prices,2026-03-06T20:31:38,6440da832bb85331d323070ec460b5312b78bc20523590df46ec764b864fdc9a
2022-10-21,Indonesia,National,,,Pertalite,10000.0,IDR,L,id_oto_monthly_prices,2026-03-06T20:31:38,446cf02f63dcb6976db63a4f54e2a459537d5456bb4ee0476bf4f5cd41a615b2
2022-10-22,Indonesia,National,,,Pertalite,10000.0,IDR,L,id_oto_monthly_prices,2026-03-06T20:31:38,6055a79e508099432b1af49247bf87ab3dbd01d3f7a994d69eba6eb88f2352fc
2022-10-23,Indonesia,National,,,Pertalite,10000.0,IDR,L,id_oto_monthly_prices,2026-03-06T20:31:38,15fa1a2a6a27ad318c07f0aeb40e3f4063b9a798f9597a785249a9243b69a893
2022-10-24,Indonesia,National,,,Pertalite,10000.0,IDR,L,id_oto_monthly_prices,2026-03-06T20:31:38,037ab01a89ca1ee488b0b4900a1e8ca2026d99534ea9cb76f49f503ed850740d
2022-10-25,Indonesia,National,,,Pertalite,10000.0,IDR,L,id_oto_monthly_prices,2026-03-06T20:31:38,50c408aab59550c948d4a9a8cef787ead8e69d962f8b6a25c8da524fe2573079
2022-10-26,Indonesia,National,,,Pertalite,10000.0,IDR,L,id_oto_monthly_prices,2026-03-06T20:31:38,03cca566dea21b9584aaf77eb31020c721883e9100d88d4b7f360f864448691a
2022-10-27,Indonesia,National,,,Pertalite,10000.0,IDR,L,id_oto_monthly_prices,2026-03-06T20:31:38,a5827016ef31126e6e2123867d106cb637cba7b5a1fd895ebd633401fc92b639
2022-10-28,Indonesia,National,,,Pertalite,10000.0,IDR,L,id_oto_monthly_prices,2026-03-06T20:31:38,6c5f3beb192c7b68b6fd73e3e9758e1a9a619589671a85174859e7fda3064584
2022-10-29,Indonesia,National,,,Pertalite,10000.0,IDR,L,id_oto_monthly_prices,2026-03-06T20:31:38,b949045194c4e84e0c7242e8bbd429be099e80c0d37e730cfa267b0c66c661b0
2022-10-30,Indonesia,National,,,Pertalite,10000.0,IDR,L,id_oto_monthly_prices,2026-03-06T20:31:38,270905540ab8b884d9c71999b8dd39e767d6ac2596e80627c33c7774ff132ddd
2022-10-31,Indonesia,National,,,Pertalite,10000.0,IDR,L,id_oto_monthly_prices,2026-03-06T20:31:38,f6f7939225d62d37f29190dc583d93a155b1c59e459c2aa6db94a02c62bdba7b
2022-11-01,Indonesia,National,,,Pertalite,10000.0,IDR,L,id_oto_monthly_prices,2026-03-06T20:31:38,aa4056ae7291198ac6953c3212d20a27c796bccfc7e42702a5812c0ba169733a
2022-11-02,Indonesia,National,,,Pertalite,10000.0,IDR,L,id_oto_monthly_prices,2026-03-06T20:31:38,9fefc505c3f802ae86ad0b956a8b31d2419b7133be2a5888111136aa5d723854
2022-11-03,Indonesia,National,,,Pertalite,10000.0,IDR,L,id_oto_monthly_prices,2026-03-06T20:31:38,bfd25989ffdd7d3329762ad2aaf04d256fb321598ba08182d6be8bdba54743b2
2022-11-04,Indonesia,National,,,Pertalite,10000.0,IDR,L,id_oto_monthly_prices,2026-03-06T20:31:38,a32ca536252f0d1d93df005d5b50bfaea0e7883e1b657a3663229b4369ade924
2022-11-05,Indonesia,National,,,Pertalite,10000.0,IDR,L,id_oto_monthly_prices,2026-03-06T20:31:38,c161674192418c10a34888f62cb1b2ca93065967313b1a766cd8e0c2b1f858d2
2022-11-06,Indonesia,National,,,Pertalite,10000.0,IDR,L,id_oto_monthly_prices,2026-03-06T20:31:38,989ef6f7aeff7743ad693f2681a9de9d60d5f7ceb39d85649a3ef3ff08dbf248
2022-11-07,Indonesia,National,,,Pertalite,10000.0,IDR,L,id_oto_monthly_prices,2026-03-06T20:31:38,9c37525374bfb5dab6c2f371c76f49909fb963612bb31befe7684cd2d71dcce9
2022-11-08,Indonesia,National,,,Pertalite,10000.0,IDR,L,id_oto_monthly_prices,2026-03-06T20:31:38,ea15806b9f7a3ceb2c820aaeebae2b834ee7271d7664b2428b3a7111bbedd136
2022-11-09,Indonesia,National,,,Pertalite,10000.0,IDR,L,id_oto_monthly_prices,2026-03-06T20:31:38,c05432d2d4ba255d72a56e952dff30b28bab32556e431f251ba64231605e5363
2022-11-10,Indonesia,National,,,Pertalite,10000.0,IDR,L,id_oto_monthly_prices,2026-03-06T20:31:38,acfcfb02b9146d180ac2dffe6cd148a99f78adcb5de1219f62af6548850bb98d
2022-11-11,Indonesia,National,,,Pertalite,10000.0,IDR,L,id_oto_monthly_prices,2026-03-06T20:31:38,f0eabca378ec6abfab68b4d268c548ae359148acae6488deeddf190c3fb8a841
2022-11-12,Indonesia,National,,,Pertalite,10000.0,IDR,L,id_oto_monthly_prices,2026-03-06T20:31:38,92c52325d90f2f54113331abd9d4b26a26d9bb6557a2a8871e54d0ac7c0f1953
2022-11-13,Indonesia,National,,,Pertalite,10000.0,IDR,L,id_oto_monthly_prices,2026-03-06T20:31:38,1246fb5e18bafb463266d3c7f52137525aaf9a81dac767953de98326f1e4a040
2022-11-14,Indonesia,National,,,Pertalite,10000.0,IDR,L,id_oto_monthly_prices,2026-03-06T20:31:38,081d631d46c0312dc5222882d6f14c29443a6567f6ac4768be1e8558a440a035
2022-11-15,Indonesia,National,,,Pertalite,10000.0,IDR,L,id_oto_monthly_prices,2026-03-06T20:31:38,c431fbf1e8205c13c8561e5f092b9a3f9f875cf5abb2757ee1c9dd0a896a3117
2022-11-16,Indonesia,National,,,Pertalite,10000.0,IDR,L,id_oto_monthly_prices,2026-03-06T20:31:38,c3885742a54192e78f3d7021b442946aada04bbf7c08ea782f20a737e1506db6
2022-11-17,Indonesia,National,,,Pertalite,10000.0,IDR,L,id_oto_monthly_prices,2026-03-06T20:31:38,565d2efb12a60ad43eed85dceeed4060c2b313e48e544d0ce91cbf190ef67114
2022-11-18,Indonesia,National,,,Pertalite,10000.0,IDR,L,id_oto_monthly_prices,2026-03-06T20:31:38,21a5b4a1fe4be5993db6fa89e4c680aa9e0e784936aab45b1f7f2762fb28fd0e
2022-11-19,Indonesia,National,,,Pertalite,10000.0,IDR,L,id_oto_monthly_prices,2026-03-06T20:31:38,09d6ed0316c578a31a86694720b0ec09bc03f7081caf5bcf67cae659ab796f49
2022-11-20,Indonesia,National,,,Pertalite,10000.0,IDR,L,id_oto_monthly_prices,2026-03-06T20:31:38,fa1e2d613ba1de86976fe7a22f910c75f88225722c54bdcf4315a40dcc50c78f
2022-11-21,Indonesia,National,,,Pertalite,10000.0,IDR,L,id_oto_monthly_prices,2026-03-06T20:31:38,dad63ab217d03f2422c6fb5aa64ba6eb12fc7bc56ba236e8455ea092efa9c7d7
2022-11-22,Indonesia,National,,,Pertalite,10000.0,IDR,L,id_oto_monthly_prices,2026-03-06T20:31:38,8298eecca1436a08c829ed8a85d4a093a334197d240d8840acef619208bb84df
2022-11-23,Indonesia,National,,,Pertalite,10000.0,IDR,L,id_oto_monthly_prices,2026-03-06T20:31:38,34fab0c2ee68aec9a296e189e3a7e099c72b1b5ae86c38e72e43b8837e581d96
2022-11-24,Indonesia,National,,,Pertalite,10000.0,IDR,L,id_oto_monthly_prices,2026-03-06T20:31:38,bc20131cf7188180291605fcba66fce6151e3f6d8fb87d55af5f53c42db9814a
2022-11-25,Indonesia,National,,,Pertalite,10000.0,IDR,L,id_oto_monthly_prices,2026-03-06T20:31:38,9455c0c1478024541516411756c89011c3286faf2e4f7de8ec2250a0efd9c78b
2022-11-26,Indonesia,National,,,Pertalite,10000.0,IDR,L,id_oto_monthly_prices,2026-03-06T20:31:38,2a6fc01d1a079933ced4d346b19f5169d4ba1692d5ceadc3d63ef6d380ce12f8
2022-11-27,Indonesia,National,,,Pertalite,10000.0,IDR,L,id_oto_monthly_prices,2026-03-06T20:31:38,894a243666c47a3a29be5c25b1b8faac8bf6e4e92ad17dcae88a2d76a342c329
2022-11-28,Indonesia,National,,,Pertalite,10000.0,IDR,L,id_oto_monthly_prices,2026-03-06T20:31:38,e1477a78c4f4dae03bc24dd3bd261d74bbc07920c86f5263779f21b39d31f2e6
2022-11-29,Indonesia,National,,,Pertalite,10000.0,IDR,L,id_oto_monthly_prices,2026-03-06T20:31:38,68609c74cac31ff9ef9a51ac95b6789a5aa8c85bb41dd07a34a12be514642bf5
2022-11-30,Indonesia,National,,,Pertalite,10000.0,IDR,L,id_oto_monthly_prices,2026-03-06T20:31:38,d0229b6b7785b163494285561555061ca5131a9678fa2961bc33718090a19dbc
2022-12-01,Indonesia,National,,,Pertalite,10000.0,IDR,L,id_oto_monthly_prices,2026-03-06T20:31:38,21facfb995f14bd91f252519647087af6990acfb381d1f9d9e5e314209683839
2022-12-02,Indonesia,National,,,Pertalite,10000.0,IDR,L,id_oto_monthly_prices,2026-03-06T20:31:38,ca51371c93c24b03af297561071e2389a9a1f980cf5f55d656be2243949fa791
2022-12-03,Indonesia,National,,,Pertalite,10000.0,IDR,L,id_oto_monthly_prices,2026-03-06T20:31:38,d1a654c3c027a9aaece81abbe7b13976bef0b30156578b03dacf32d37db36a17
2022-12-04,Indonesia,National,,,Pertalite,10000.0,IDR,L,id_oto_monthly_prices,2026-03-06T20:31:38,f3d180341bbfd7aeb2426f5f23f1c6bcd9fd6e43445bcb3237387d07c3578a9f
2022-12-05,Indonesia,National,,,Pertalite,10000.0,IDR,L,id_oto_monthly_prices,2026-03-06T20:31:38,d96e24b3c2ef264cc6d758382c7a3735e0710b22933a3773373126204c556955
2022-12-06,Indonesia,National,,,Pertalite,10000.0,IDR,L,id_oto_monthly_prices,2026-03-06T20:31:38,27f761286d72b626d3bdbdefe70f39f727a3cc5da8dc81e18158139eedf42ff6
2022-12-07,Indonesia,National,,,Pertalite,10000.0,IDR,L,id_oto_monthly_prices,2026-03-06T20:31:38,ec9507bc8142cd384242f3fc12adf084f4e3199af1746a1707510d9c63535bbf
2022-12-08,Indonesia,National,,,Pertalite,10000.0,IDR,L,id_oto_monthly_prices,2026-03-06T20:31:38,c363ccfeca6b5a991ebce33b01bceeed395743985f2a604c0178750501197b1a
2022-12-09,Indonesia,National,,,Pertalite,10000.0,IDR,L,id_oto_monthly_prices,2026-03-06T20:31:38,2b7f50da57cddbc0229c886d7c5b316c509af4172b3b334d6f547d2643d8d98f
2022-12-10,Indonesia,National,,,Pertalite,10000.0,IDR,L,id_oto_monthly_prices,2026-03-06T20:31:38,32011cc7b1ca5f6c42551b5aca86c13c6cd1abebfaa59db9c3a99d1390cb06e1
2022-12-11,Indonesia,National,,,Pertalite,10000.0,IDR,L,id_oto_monthly_prices,2026-03-06T20:31:38,0e1d3b4595185796d59f36bdd09741291e79993019dce9ecf526342818cae77f
2022-12-12,Indonesia,National,,,Pertalite,10000.0,IDR,L,id_oto_monthly_prices,2026-03-06T20:31:38,f6ca253897ffb362d435ed5b1110e252b30ba339645f63dd15a65b410dd3814f
2022-12-13,Indonesia,National,,,Pertalite,10000.0,IDR,L,id_oto_monthly_prices,2026-03-06T20:31:38,24ba7422567d09f1cecef9496043dc02dada39d57fcdf57162f2972c3717e662
2022-12-14,Indonesia,National,,,Pertalite,10000.0,IDR,L,id_oto_monthly_prices,2026-03-06T20:31:38,78130d202b3841e9cd230d3405c07f8661af800802187366da2fb31100835117
2022-12-15,Indonesia,National,,,Pertalite,10000.0,IDR,L,id_oto_monthly_prices,2026-03-06T20:31:38,7139bfa13b8b42707486d1784837eff64f99cd01b3c4b81eb528b91c9374d3fc
2022-12-16,Indonesia,National,,,Pertalite,10000.0,IDR,L,id_oto_monthly_prices,2026-03-06T20:31:38,9aff16f99888c5d45126ebf8fb4842f55873658ffab29f68884df648509ef69a
2022-12-17,Indonesia,National,,,Pertalite,10000.0,IDR,L,id_oto_monthly_prices,2026-03-06T20:31:38,1b4be4e0a6f85957a6d8a3a6b35e8471ef1e5712e766897a61f499b49597267d
2022-12-18,Indonesia,National,,,Pertalite,10000.0,IDR,L,id_oto_monthly_prices,2026-03-06T20:31:38,1331b8736e666314c7b77b9fdfa828bec0e6ea13c446440e9401ee3ae0bd07b6
2022-12-19,Indonesia,National,,,Pertalite,10000.0,IDR,L,id_oto_monthly_prices,2026-03-06T20:31:38,1dc8928dafe13b0b1028e46386a3344ec23fb6312e6f1a579aff12acdc1deea2
2022-12-20,Indonesia,National,,,Pertalite,10000.0,IDR,L,id_oto_monthly_prices,2026-03-06T20:31:38,f78dd923854194dec2fda66699c2a2b86de0105a9992b1bfab5f0fd476932917
2022-12-21,Indonesia,National,,,Pertalite,10000.0,IDR,L,id_oto_monthly_prices,2026-03-06T20:31:38,0769a45caa34ee568d99e8491f6030b3a04eb99308f4af1b1dc41506e853dbf3
2022-12-22,Indonesia,National,,,Pertalite,10000.0,IDR,L,id_oto_monthly_prices,2026-03-06T20:31:38,fc5bf7cfbe8023d87f55ea46c7424c88ca88b3e247d6397c050eca18886c0920
2022-12-23,Indonesia,National,,,Pertalite,10000.0,IDR,L,id_oto_monthly_prices,2026-03-06T20:31:38,a6adf5575dc32519b9fc1387ba5388f963a77fc1d8c8b806d9a48c28534c56ef
2022-12-24,Indonesia,National,,,Pertalite,10000.0,IDR,L,id_oto_monthly_prices,2026-03-06T20:31:38,226b58a03339da06def8a2a23f5f226ae886927b02c81a155728dba8f165b0fe
2022-12-25,Indonesia,National,,,Pertalite,10000.0,IDR,L,id_oto_monthly_prices,2026-03-06T20:31:38,1090a5025dad82cf989853114476ac679dc9127d47debaa23191b6845cf201a7
2022-12-26,Indonesia,National,,,Pertalite,10000.0,IDR,L,id_oto_monthly_prices,2026-03-06T20:31:38,1f50b6cbbd37ddeacaef5b93a36e1a18cc621e47cff0aeaba4139cd805d5a0e9
2022-12-27,Indonesia,National,,,Pertalite,10000.0,IDR,L,id_oto_monthly_prices,2026-03-06T20:31:38,79246e851e34457f737a928863d72d874cf1a71da44be3d8a88300ddbad2e1c6
2022-12-28,Indonesia,National,,,Pertalite,10000.0,IDR,L,id_oto_monthly_prices,2026-03-06T20:31:38,957dd74640c24c9c7a19c2700a59661c8ba0edf8775ff1c3438964e4618f14f8
2022-12-29,Indonesia,National,,,Pertalite,10000.0,IDR,L,id_oto_monthly_prices,2026-03-06T20:31:38,a25f5fedbd3fb79eba33094d423c0a869ecdbb7751e1f4624644efa4fcd5fef4
2022-12-30,Indonesia,National,,,Pertalite,10000.0,IDR,L,id_oto_monthly_prices,2026-03-06T20:31:38,b1846584a04d298221bc24fdb247da830b588c3aaf8ea113175571a7e8270328
2022-12-31,Indonesia,National,,,Pertalite,10000.0,IDR,L,id_oto_monthly_prices,2026-03-06T20:31:38,91d70cfdebf016fec67bf0b12d9b46da682c8410b48473692d73854a5e758966
2023-01-01,Indonesia,National,,,Pertalite,7650.0,IDR,L,id_oto_monthly_prices,2026-03-06T20:31:38,47a0d4fbfb0790ec5a63c594f20cda7a117adcd295a85887692b02ec4ac13c22
2023-01-02,Indonesia,National,,,Pertalite,7650.0,IDR,L,id_oto_monthly_prices,2026-03-06T20:31:38,86b38e3f0c832c23eff829cc8e53929b8fb817eeb940e10b18df62c73ae1ff5b
2023-01-03,Indonesia,National,,,Pertalite,7650.0,IDR,L,id_oto_monthly_prices,2026-03-06T20:31:38,74a6c5d900177032402a4ef08acd6e62cf3c96861a05966bb4e504f6253e214f
2023-01-04,Indonesia,National,,,Pertalite,7650.0,IDR,L,id_oto_monthly_prices,2026-03-06T20:31:38,d5f1d3969e3888b09659bc50fd5969229f1cd07810d0df0bd3e68466753f8599
2023-01-05,Indonesia,National,,,Pertalite,7650.0,IDR,L,id_oto_monthly_prices,2026-03-06T20:31:38,3460724a3b63726de8aff941195f572cef4b76a6bddd61f1bf983d6e285d886e
2023-01-06,Indonesia,National,,,Pertalite,7650.0,IDR,L,id_oto_monthly_prices,2026-03-06T20:31:38,87460ae3dacc6fe075df1989c8ba405ec82e007ec25dca93040783598a4a7f55
2023-01-07,Indonesia,National,,,Pertalite,7650.0,IDR,L,id_oto_monthly_prices,2026-03-06T20:31:38,eaa2adf29b7aabe41c6c16407224bc39a33457654e02940e811122abd5dcb0b3
2023-01-08,Indonesia,National,,,Pertalite,7650.0,IDR,L,id_oto_monthly_prices,2026-03-06T20:31:38,92d7c39c5bae8e3610fb2d9cc539b38616c52fdec2e4d22d726089dc7d8d32d9
2023-01-09,Indonesia,National,,,Pertalite,7650.0,IDR,L,id_oto_monthly_prices,2026-03-06T20:31:38,ae0643683b1a7f2330a3373cf64238c8d3c3996994c46b3b183cb69e025e5df5
2023-01-10,Indonesia,National,,,Pertalite,7650.0,IDR,L,id_oto_monthly_prices,2026-03-06T20:31:38,c03c1a5cac2ba7a71a9254b3836b616a471f365879736bc6f3842ff7d0e15524
2023-01-11,Indonesia,National,,,Pertalite,7650.0,IDR,L,id_oto_monthly_prices,2026-03-06T20:31:38,c12c50d450ab89a48cedc24a5f941c0375dad207285d04d5f6a9e122579ba9a1
2023-01-12,Indonesia,National,,,Pertalite,7650.0,IDR,L,id_oto_monthly_prices,2026-03-06T20:31:38,dc0e667abb388aa32f282555bbcccb90985157e968f6e346815e26a86018c2dc
2023-01-13,Indonesia,National,,,Pertalite,7650.0,IDR,L,id_oto_monthly_prices,2026-03-06T20:31:38,f0bbeed4c5166b2b2cf452f1b883c59936e20b0cd9b6fbf24411cfabc541c006
2023-01-14,Indonesia,National,,,Pertalite,7650.0,IDR,L,id_oto_monthly_prices,2026-03-06T20:31:38,68e619708650d1e0ce92acba207a79076b0a0b66917290b94f61b0fe105d60c9
2023-01-15,Indonesia,National,,,Pertalite,7650.0,IDR,L,id_oto_monthly_prices,2026-03-06T20:31:38,122a2d538798cd24424f92275cba6104ac21aae2089942bd0f645995872b8a62
2023-01-16,Indonesia,National,,,Pertalite,7650.0,IDR,L,id_oto_monthly_prices,2026-03-06T20:31:38,52d9f65973009e8b7d3d6f714ebfc78a03841bc1403a5da47839f8e7e5249f1e
2023-01-17,Indonesia,National,,,Pertalite,7650.0,IDR,L,id_oto_monthly_prices,2026-03-06T20:31:38,18c1f6eb69824a912819b2280e711e6145895f3c685787431ff48abedd872c5c
2023-01-18,Indonesia,National,,,Pertalite,7650.0,IDR,L,id_oto_monthly_prices,2026-03-06T20:31:38,e7975959453cf9aa97e8242077acba189aac3926d69adb5d7f3200acd2d036c5
2023-01-19,Indonesia,National,,,Pertalite,7650.0,IDR,L,id_oto_monthly_prices,2026-03-06T20:31:38,4af6f59d08d8a30b31d257b70714743d1a69cbcf52612e8621db5b129562a20d
2023-01-20,Indonesia,National,,,Pertalite,7650.0,IDR,L,id_oto_monthly_prices,2026-03-06T20:31:38,d44ad9d240da44cd002e9c7caadf5d000f556a714f549a08258f562194dd16c0
2023-01-21,Indonesia,National,,,Pertalite,7650.0,IDR,L,id_oto_monthly_prices,2026-03-06T20:31:38,d517fe94511b7ea62fc49917cb3a9433d7c1fed431981225d9789d3cff24ea29
2023-01-22,Indonesia,National,,,Pertalite,7650.0,IDR,L,id_oto_monthly_prices,2026-03-06T20:31:38,878a64294b8b8c746f08b808adb5ba6713bb5fac326b62dff1437301a0a825b4
2023-01-23,Indonesia,National,,,Pertalite,7650.0,IDR,L,id_oto_monthly_prices,2026-03-06T20:31:38,577f66262612d0e9dbb9fb8871132dfc86df165ebd7e174784f81dfefde79e91
2023-01-24,Indonesia,National,,,Pertalite,7650.0,IDR,L,id_oto_monthly_prices,2026-03-06T20:31:38,abbeb85e602de55f72157a852b84dda50bab8c571742a205a2967d56b9052306
2023-01-25,Indonesia,National,,,Pertalite,7650.0,IDR,L,id_oto_monthly_prices,2026-03-06T20:31:38,e6b9078ed5467f9588525c8f67f8ca0eb1faa0fc7289d690b2689771cf1dea96
2023-01-26,Indonesia,National,,,Pertalite,7650.0,IDR,L,id_oto_monthly_prices,2026-03-06T20:31:38,e6c33cdea5e490bc991438256e5cce7cd16836da79dd6c6bbe0f46557d4f9cf7
2023-01-27,Indonesia,National,,,Pertalite,7650.0,IDR,L,id_oto_monthly_prices,2026-03-06T20:31:38,9f1890a072cff1c9dd8f47d3cadfbc550a15fc24f77bedb9a254a60f0a6732d5
2023-01-28,Indonesia,National,,,Pertalite,7650.0,IDR,L,id_oto_monthly_prices,2026-03-06T20:31:38,2fe7d0dcbcbd0822d018c66b01250220b029a4551ed51d6a882aa0ffa5d58e90
2023-01-29,Indonesia,National,,,Pertalite,7650.0,IDR,L,id_oto_monthly_prices,2026-03-06T20:31:38,b86125615b073fb1f4ce574fad156dc4be5d4fa4faa3cbb89342965769ec027c
2023-01-30,Indonesia,National,,,Pertalite,7650.0,IDR,L,id_oto_monthly_prices,2026-03-06T20:31:38,5da1d05f94cc77fe3e87bce078ce2f7a196d9a32d28d139e501d8d25ba374640
2023-01-31,Indonesia,National,,,Pertalite,7650.0,IDR,L,id_oto_monthly_prices,2026-03-06T20:31:38,dfd7af79277037922026e589c960e6eb9192f5ef35bcb262b8cef8a2d58f3ab9
2023-02-01,Indonesia,National,,,Pertalite,7650.0,IDR,L,id_oto_monthly_prices,2026-03-06T20:31:38,e2c0bc8c1c5fc5cce7605ccdc2f67c0ca75335611523a5d92448f64d13e99def
2023-02-02,Indonesia,National,,,Pertalite,7650.0,IDR,L,id_oto_monthly_prices,2026-03-06T20:31:38,87c73ff9e8933a9cea6e48e0a787317f79208c1ab9ff0a50965147ed467632f2
2023-02-03,Indonesia,National,,,Pertalite,7650.0,IDR,L,id_oto_monthly_prices,2026-03-06T20:31:38,21b2968df0bd3523ade52837441175667fce789024b36cb862a837338e6be219
2023-02-04,Indonesia,National,,,Pertalite,7650.0,IDR,L,id_oto_monthly_prices,2026-03-06T20:31:38,c967cd80800835c82026edea39b02505188ad608c61e4087aa6b000e9777c08c
2023-02-05,Indonesia,National,,,Pertalite,7650.0,IDR,L,id_oto_monthly_prices,2026-03-06T20:31:38,b64e06bd12a51bf98dd1863b2194aa9aad65e8152b8f94738ff134bea6a5f77c
2023-02-06,Indonesia,National,,,Pertalite,7650.0,IDR,L,id_oto_monthly_prices,2026-03-06T20:31:38,5c817093bf2c82bd3c773225512715877beb7a31273887d6e79e3d6244069fa4
2023-02-07,Indonesia,National,,,Pertalite,7650.0,IDR,L,id_oto_monthly_prices,2026-03-06T20:31:38,2872681760b81dd1170fd91c63c289538ab9755e5cb86ba022a703b1f090caa1
2023-02-08,Indonesia,National,,,Pertalite,7650.0,IDR,L,id_oto_monthly_prices,2026-03-06T20:31:38,ccc72e4ced81d38668ba7485a5cac4d8d409437f2089c06f67617bab9fec58cb
2023-02-09,Indonesia,National,,,Pertalite,7650.0,IDR,L,id_oto_monthly_prices,2026-03-06T20:31:38,2e47bf55da48c677dd060f59b286c5869481ad80090f96e202cf50485c44f19c
2023-02-10,Indonesia,National,,,Pertalite,7650.0,IDR,L,id_oto_monthly_prices,2026-03-06T20:31:38,adba5a5f049ff1d304369b17547f2de74e597b05746edec032ea75627f5a9c72
2023-02-11,Indonesia,National,,,Pertalite,7650.0,IDR,L,id_oto_monthly_prices,2026-03-06T20:31:38,cd74c885f5ebce10d60a6ecf69da83463205d0ef25917b717304ee867cbdd90c
2023-02-12,Indonesia,National,,,Pertalite,7650.0,IDR,L,id_oto_monthly_prices,2026-03-06T20:31:38,8e1ef7db2c4a0f2ab3ecb3050fc599b1a6b3e48aa60ee10f6674f1cb760908a4
2023-02-13,Indonesia,National,,,Pertalite,7650.0,IDR,L,id_oto_monthly_prices,2026-03-06T20:31:38,08c2c607469391a4474414ead57bc55f79e187607d6cc7fe6fb86cce1163c987
2023-02-14,Indonesia,National,,,Pertalite,7650.0,IDR,L,id_oto_monthly_prices,2026-03-06T20:31:38,08beb8188f996f054eb6fc9bd99648636407e661cf9becc27a6f466782614430
2023-02-15,Indonesia,National,,,Pertalite,7650.0,IDR,L,id_oto_monthly_prices,2026-03-06T20:31:38,6356657f11171f319fca725485c00949bcd65c014293a2cb38239cf55962440b
2023-02-16,Indonesia,National,,,Pertalite,7650.0,IDR,L,id_oto_monthly_prices,2026-03-06T20:31:38,b91968b5cb5b32229c67ae4a9b4bb241528648d19babc9ef1cda535b721705bb
2023-02-17,Indonesia,National,,,Pertalite,7650.0,IDR,L,id_oto_monthly_prices,2026-03-06T20:31:38,968409694bcec2e91708d482dc50fe1f6264f8553013346aeb3c9f38e6059c5a
2023-02-18,Indonesia,National,,,Pertalite,7650.0,IDR,L,id_oto_monthly_prices,2026-03-06T20:31:38,89f94d57137d0834e3778b1104cf98674243e24a4d1f79fb18b8fc4e9b7fe4a0
2023-02-19,Indonesia,National,,,Pertalite,7650.0,IDR,L,id_oto_monthly_prices,2026-03-06T20:31:38,cbbe33efbe75ec9c4ac474257868ce44635c3200d8da523e4ecdd8b87e632193
2023-02-20,Indonesia,National,,,Pertalite,7650.0,IDR,L,id_oto_monthly_prices,2026-03-06T20:31:38,6fe6b4121ccf6e5c0c8706026151b0e2e9a8c496c0a73ca7a866d8c63e68bbad
2023-02-21,Indonesia,National,,,Pertalite,7650.0,IDR,L,id_oto_monthly_prices,2026-03-06T20:31:38,e41158584b6ce7ce1fe2574654e091edd11290a3c34bf8f5bedc7d231ac631d4
2023-02-22,Indonesia,National,,,Pertalite,7650.0,IDR,L,id_oto_monthly_prices,2026-03-06T20:31:38,f1935c7a4e972d559a276702b9cd55a3e97d6517b98a36712af3ce35ba69fa59
2023-02-23,Indonesia,National,,,Pertalite,7650.0,IDR,L,id_oto_monthly_prices,2026-03-06T20:31:38,40414e56cc764049901641eb2e1ce61dbe436daa8fe609156c65200479d2bb33
2023-02-24,Indonesia,National,,,Pertalite,7650.0,IDR,L,id_oto_monthly_prices,2026-03-06T20:31:38,8cc7bc8a67eaf67cf9f4a73eb4c8c17f9c7875699f0dfc87383b771cc210e360
2023-02-25,Indonesia,National,,,Pertalite,7650.0,IDR,L,id_oto_monthly_prices,2026-03-06T20:31:38,f1c1d03099af889543f87619e0d5f7a9d981685b00ad316e8ccfbf5b1af5ca45
2023-02-26,Indonesia,National,,,Pertalite,7650.0,IDR,L,id_oto_monthly_prices,2026-03-06T20:31:38,d3e8e885708a940acdd528cba5dc51ae1d799743c480f1b55a445319932ba08e
2023-02-27,Indonesia,National,,,Pertalite,7650.0,IDR,L,id_oto_monthly_prices,2026-03-06T20:31:38,9fb377f621d9aa3f9f5987cbc8eaf5acdae039784c374a482ccce89efb344af8
2023-02-28,Indonesia,National,,,Pertalite,7650.0,IDR,L,id_oto_monthly_prices,2026-03-06T20:31:38,0c059dde8c8197ac49b2eec0b005a1fe0857f917f0273f94539e2fe8fd18b59a
2023-03-01,Indonesia,National,,,Pertalite,7650.0,IDR,L,id_oto_monthly_prices,2026-03-06T20:31:38,4d4c039620d9b037236a0365fa658e9bbc915dac195503a904d0be454ef0840b
2023-03-02,Indonesia,National,,,Pertalite,7650.0,IDR,L,id_oto_monthly_prices,2026-03-06T20:31:38,9a8a5339297372234958d7a19f6b76f993e862b4273d8a6adead4313768a346c
2023-03-03,Indonesia,National,,,Pertalite,7650.0,IDR,L,id_oto_monthly_prices,2026-03-06T20:31:38,b0655ba06f82d6da484fd3bf36419eac2faa5249cf56be3034516c2fb2d5b473
2023-03-04,Indonesia,National,,,Pertalite,7650.0,IDR,L,id_oto_monthly_prices,2026-03-06T20:31:38,5d140fb327ce07fb1e5cfd5e249d274c1ee1d62f8164e3e27db71a704d0738ac
2023-03-05,Indonesia,National,,,Pertalite,7650.0,IDR,L,id_oto_monthly_prices,2026-03-06T20:31:38,c2da4359641e538f17347a9ac9cbdce5a087f96a4b8d355861a76b27a4ae649a
2023-03-06,Indonesia,National,,,Pertalite,7650.0,IDR,L,id_oto_monthly_prices,2026-03-06T20:31:38,d91bc5d2031979604c7e8d225e52ea17ecb73d3918bdec6248d26331ca553a04
2023-03-07,Indonesia,National,,,Pertalite,7650.0,IDR,L,id_oto_monthly_prices,2026-03-06T20:31:38,1117a391107aff8be1e2e6618c1e1b898ef40fae5e0ee14e4a16d87cfc56e8a1
2023-03-08,Indonesia,National,,,Pertalite,7650.0,IDR,L,id_oto_monthly_prices,2026-03-06T20:31:38,9b264494231bca66a411a124ad4c7f0b761764aa72a5591f80515d166fee006d
2023-03-09,Indonesia,National,,,Pertalite,7650.0,IDR,L,id_oto_monthly_prices,2026-03-06T20:31:38,6803a6f0133cf8d3ed095958d17bdfd7d9c3572c5c14021def8ff7ca596667ef
2023-03-10,Indonesia,National,,,Pertalite,7650.0,IDR,L,id_oto_monthly_prices,2026-03-06T20:31:38,4bea20e46897475aca0154b278769c7114cfbd1ca945f5bf842d5fc6d51ec29c
2023-03-11,Indonesia,National,,,Pertalite,7650.0,IDR,L,id_oto_monthly_prices,2026-03-06T20:31:38,dc3874e454177954d23bd1c1340778c1e4007781c7f6014d83e8fc5f56e996a4
2023-03-12,Indonesia,National,,,Pertalite,7650.0,IDR,L,id_oto_monthly_prices,2026-03-06T20:31:38,cae31c6637f3f787d9dc6c96eb20f2a207180c3d43a2d49e502e726ac756991b
2023-03-13,Indonesia,National,,,Pertalite,7650.0,IDR,L,id_oto_monthly_prices,2026-03-06T20:31:38,864c0df6a40b2368fb517faccc9b7941daa643872f49843ed7d2ce13cfb33f38
2023-03-14,Indonesia,National,,,Pertalite,7650.0,IDR,L,id_oto_monthly_prices,2026-03-06T20:31:38,16b027cd988f3a772fb1b2c4c6eb6182a14442602e087336f0d835ff40ef1306
2023-03-15,Indonesia,National,,,Pertalite,7650.0,IDR,L,id_oto_monthly_prices,2026-03-06T20:31:38,6288cbfc9b7be6c0d446dd2810d603be8c0ed042dc6d417cd6554484efd4d2fc
2023-03-16,Indonesia,National,,,Pertalite,7650.0,IDR,L,id_oto_monthly_prices,2026-03-06T20:31:38,90b26cd6979f37cfea1a719b842dce9dc1a52bee9001a444e5501415441d9f14
2023-03-17,Indonesia,National,,,Pertalite,7650.0,IDR,L,id_oto_monthly_prices,2026-03-06T20:31:38,948a76043127c6c1499240744d851fc7f8f8ae514b0af3aeed25d8443d62faf3
2023-03-18,Indonesia,National,,,Pertalite,7650.0,IDR,L,id_oto_monthly_prices,2026-03-06T20:31:38,28a3cb8845d53d4164c270ef9dc28f282a6dc0379c9f58e6f0422e0c8c6f99e9
2023-03-19,Indonesia,National,,,Pertalite,7650.0,IDR,L,id_oto_monthly_prices,2026-03-06T20:31:38,a86f4851870d8abd342eef603ec83a03fc22723c90cf2a0488d3d553a34d4cb4
2023-03-20,Indonesia,National,,,Pertalite,7650.0,IDR,L,id_oto_monthly_prices,2026-03-06T20:31:38,459f9292e9e6611b5b50ba59d5ec97010d524aee96c1088456e8fe3e1303a302
2023-03-21,Indonesia,National,,,Pertalite,7650.0,IDR,L,id_oto_monthly_prices,2026-03-06T20:31:38,065d2c71e1af6eef194a7bc2d39024a9833d47e30bc9d6a631f428e4ad7923bd
2023-03-22,Indonesia,National,,,Pertalite,7650.0,IDR,L,id_oto_monthly_prices,2026-03-06T20:31:38,30f68432675d28ec45758efc5e32179a2f9f6d09adc8f6d28ed407a8faae3a50
2023-03-23,Indonesia,National,,,Pertalite,7650.0,IDR,L,id_oto_monthly_prices,2026-03-06T20:31:38,e0d0c5cc1f13291eaa34e6d84cf3e59c370bfb5882126085bbbedcfbd5b8ead7
2023-03-24,Indonesia,National,,,Pertalite,7650.0,IDR,L,id_oto_monthly_prices,2026-03-06T20:31:38,ad10d4c6c4847efbaa5c3577b2ae791e8fb1be15f0c863e23290d8acef93ef41
2023-03-25,Indonesia,National,,,Pertalite,7650.0,IDR,L,id_oto_monthly_prices,2026-03-06T20:31:38,33fbd6809e1d68bd53718cba5b7c77f5e573dc4d3a393763ffd0d71390cb95c3
2023-03-26,Indonesia,National,,,Pertalite,7650.0,IDR,L,id_oto_monthly_prices,2026-03-06T20:31:38,180f1064235164cba44822c8c18f4a2bac0d16169e40e4b54a006fc64440c162
2023-03-27,Indonesia,National,,,Pertalite,7650.0,IDR,L,id_oto_monthly_prices,2026-03-06T20:31:38,528e8322c2396f94eca8e4b3d6bfa6d916165f75b5c6ce5b3828324d31e22503
2023-03-28,Indonesia,National,,,Pertalite,7650.0,IDR,L,id_oto_monthly_prices,2026-03-06T20:31:38,d1d6559fc69682e53f765f0700e5345aed52b651e740d4ba79ad7de24622cb63
2023-03-29,Indonesia,National,,,Pertalite,7650.0,IDR,L,id_oto_monthly_prices,2026-03-06T20:31:38,5b0eed221872e925473cde1ba7ef68678660b7fb224786020e9db37783e55272
2023-03-30,Indonesia,National,,,Pertalite,7650.0,IDR,L,id_oto_monthly_prices,2026-03-06T20:31:38,1a7925d275395c3495ed5aa52ee32a8b5cb8e2b14182d051b0590ad11964b002
2023-03-31,Indonesia,National,,,Pertalite,7650.0,IDR,L,id_oto_monthly_prices,2026-03-06T20:31:38,bd45e014ecb2d90b7e5e21358ba4e5492bffefaebed282ee6153942dbcfac565
2023-04-01,Indonesia,National,,,Pertalite,7650.0,IDR,L,id_oto_monthly_prices,2026-03-06T20:31:38,bcca95edfb7310ef6b7a16c5a6641567ee265274075302e47ac2e7102cfd8100
2023-04-02,Indonesia,National,,,Pertalite,7650.0,IDR,L,id_oto_monthly_prices,2026-03-06T20:31:38,797bf19d64d0cd7e8cf689617c6030806675a55eaf0601eaedc5a9de4510aa90
2023-04-03,Indonesia,National,,,Pertalite,7650.0,IDR,L,id_oto_monthly_prices,2026-03-06T20:31:38,60a91769242504110ec3f5000030e3bc9ba22f561c8fa7d3cf95fe13443c5b8f
2023-04-04,Indonesia,National,,,Pertalite,7650.0,IDR,L,id_oto_monthly_prices,2026-03-06T20:31:38,94347878361d20f00fa00e025ccd6f22614f4104fe11fd231035c39a85315cbc
2023-04-05,Indonesia,National,,,Pertalite,7650.0,IDR,L,id_oto_monthly_prices,2026-03-06T20:31:38,f5535dce9d20f5636642f2d95688db279a83fd2504604d216217b9439fc74680
2023-04-06,Indonesia,National,,,Pertalite,7650.0,IDR,L,id_oto_monthly_prices,2026-03-06T20:31:38,da15f15825c1b403d6aaed8dddf6ce9fa76e3dfc5eca125f38a3e342d8242c1e
2023-04-07,Indonesia,National,,,Pertalite,7650.0,IDR,L,id_oto_monthly_prices,2026-03-06T20:31:38,204dc5b7310f1ff66acaf0d41360aab592cac4453632314cfbba8b7633bdad08
2023-04-08,Indonesia,National,,,Pertalite,7650.0,IDR,L,id_oto_monthly_prices,2026-03-06T20:31:38,470e2a0e1f9d46215fbd57ed0c4da4b35cba4dfbe5fb46f0773d48c7f7afed8f
2023-04-09,Indonesia,National,,,Pertalite,7650.0,IDR,L,id_oto_monthly_prices,2026-03-06T20:31:38,6ee5e3d64f8d3ff0b07e38b957a3891cb75c395deb4bd20406bbb0d209dc8ad1
2023-04-10,Indonesia,National,,,Pertalite,7650.0,IDR,L,id_oto_monthly_prices,2026-03-06T20:31:38,0d937e11673d7d7eedd74a595207ba725be7326c7b468eb6c4f0216b59e1c681
2023-04-11,Indonesia,National,,,Pertalite,7650.0,IDR,L,id_oto_monthly_prices,2026-03-06T20:31:38,99e842a507dff843322dc507b3b22b78aef9e4fae4a64097bc1f215ae44284de
2023-04-12,Indonesia,National,,,Pertalite,7650.0,IDR,L,id_oto_monthly_prices,2026-03-06T20:31:38,49b6008673da94ccbc5134ffe470815d843ef42a854574cf7d7f97ac0b5771ab
2023-04-13,Indonesia,National,,,Pertalite,7650.0,IDR,L,id_oto_monthly_prices,2026-03-06T20:31:38,f857275c73191aa5b690d3466405017ff71c510fd5288c30a8ffd8b6d8a2383a
2023-04-14,Indonesia,National,,,Pertalite,7650.0,IDR,L,id_oto_monthly_prices,2026-03-06T20:31:38,41303423463519b077ba65cdf85657ead7f47e50e60ccb0e5ff0b0d53dade916
2023-04-15,Indonesia,National,,,Pertalite,7650.0,IDR,L,id_oto_monthly_prices,2026-03-06T20:31:38,2f939e49963070fdb77cf33f42401670aa6dde71927230a8bf3096b15823d4c3
2023-04-16,Indonesia,National,,,Pertalite,7650.0,IDR,L,id_oto_monthly_prices,2026-03-06T20:31:38,5913d87fa287a280e9fcda9ab59f162dc452d4696ca90aa0156a9c9c37bb64a2
2023-04-17,Indonesia,National,,,Pertalite,7650.0,IDR,L,id_oto_monthly_prices,2026-03-06T20:31:38,23ca905ae3a6ec7b60741fb595b22b50e4e1e13c00c3e1e067647b21d37656fd
2023-04-18,Indonesia,National,,,Pertalite,7650.0,IDR,L,id_oto_monthly_prices,2026-03-06T20:31:38,ed7894353da8a4130272f9aafb03807c4d836ee6e8f05862c3386813bdd1aa0d
2023-04-19,Indonesia,National,,,Pertalite,7650.0,IDR,L,id_oto_monthly_prices,2026-03-06T20:31:38,8b4dadd165fa4cbcb69451224103fca8ed68a9b7e22c540be19801d4276676a2
2023-04-20,Indonesia,National,,,Pertalite,7650.0,IDR,L,id_oto_monthly_prices,2026-03-06T20:31:38,1a99d63280206d807e16aed7655f793c315853e7d75286759194cb5282bce6e0
2023-04-21,Indonesia,National,,,Pertalite,7650.0,IDR,L,id_oto_monthly_prices,2026-03-06T20:31:38,c2191dffa5a635e5bacf95cc6968643face2dff51d4ff7cc5c0a5463a5c63f9c
2023-04-22,Indonesia,National,,,Pertalite,7650.0,IDR,L,id_oto_monthly_prices,2026-03-06T20:31:38,8c07fd5b77829338f824a8f0fa41d6201c0203619903d50a158d9c2bf189c82c
2023-04-23,Indonesia,National,,,Pertalite,7650.0,IDR,L,id_oto_monthly_prices,2026-03-06T20:31:38,8703ae9d845c6128d9a108489d946ae04d2e3561210682810422bf2d9c0af571
2023-04-24,Indonesia,National,,,Pertalite,7650.0,IDR,L,id_oto_monthly_prices,2026-03-06T20:31:38,8511ed093fef671de14ff91beb6565da1b5425ff3ba588402abb54e861e752a1
2023-04-25,Indonesia,National,,,Pertalite,7650.0,IDR,L,id_oto_monthly_prices,2026-03-06T20:31:38,99a69ccf4be43ca10d40b39e53f965b8837399711c102cb8d1b3340ffef4fb8e
2023-04-26,Indonesia,National,,,Pertalite,7650.0,IDR,L,id_oto_monthly_prices,2026-03-06T20:31:38,98a475b3b1a401e538e97cd178c75379a07611eb910f8f622cc3462f1d1afb31
2023-04-27,Indonesia,National,,,Pertalite,7650.0,IDR,L,id_oto_monthly_prices,2026-03-06T20:31:38,3ee846dc7d2100b42fe98a61ecd5450601c1a1aad6d4557937fb833e30ea8c46
2023-04-28,Indonesia,National,,,Pertalite,7650.0,IDR,L,id_oto_monthly_prices,2026-03-06T20:31:38,40854a2f907202503c69bfed4e7f16c207b5a66caf398284761da24357c36f08
2023-04-29,Indonesia,National,,,Pertalite,7650.0,IDR,L,id_oto_monthly_prices,2026-03-06T20:31:38,ec1555d8acccd12aebddd2df9211592f0b88c1b7b3b0476b8bb84027bad4b9e6
2023-04-30,Indonesia,National,,,Pertalite,7650.0,IDR,L,id_oto_monthly_prices,2026-03-06T20:31:38,a376b49ffe03f7d15403854faf0ac98e0f8492fdc112d49bdbe1646a55816c19
2023-05-01,Indonesia,National,,,Pertalite,7650.0,IDR,L,id_oto_monthly_prices,2026-03-06T20:31:38,9d5c02c8dc767ef260d99e07ee324cc9ccebc404a4ccf44bc9d7ef056ba27d56
2023-05-02,Indonesia,National,,,Pertalite,7650.0,IDR,L,id_oto_monthly_prices,2026-03-06T20:31:38,12a47f4b25819099f783475603dc7d69a639c50ac54129220634afddaadd1976
2023-05-03,Indonesia,National,,,Pertalite,7650.0,IDR,L,id_oto_monthly_prices,2026-03-06T20:31:38,484e4e6dc4c5e8e3bbfedfb39f3bdebdfff51104baca6e16840114ce3f5afb88
2023-05-04,Indonesia,National,,,Pertalite,7650.0,IDR,L,id_oto_monthly_prices,2026-03-06T20:31:38,25c97140ba41b4c36e3338dbd94d9c0dc8e4c8b70f8365ffadf480c67dc3015c
2023-05-05,Indonesia,National,,,Pertalite,7650.0,IDR,L,id_oto_monthly_prices,2026-03-06T20:31:38,b9ba0754640bff9f5472522548a103740dc3140bbeacb63a31f305b39e48fdb3
2023-05-06,Indonesia,National,,,Pertalite,7650.0,IDR,L,id_oto_monthly_prices,2026-03-06T20:31:38,e22295eedbcb101f8999071ef96b3eadf54a72c16e6282019f35048f6d158098
2023-05-07,Indonesia,National,,,Pertalite,7650.0,IDR,L,id_oto_monthly_prices,2026-03-06T20:31:38,1f5f055a8c83e9da8fed5683160002b9808d5e89319012a230eca3f6e81ebe20
2023-05-08,Indonesia,National,,,Pertalite,7650.0,IDR,L,id_oto_monthly_prices,2026-03-06T20:31:38,bedd861e48245c7428ae9dd323dd9a9247d7813e8e2b2a657fe9dfc819b550df
2023-05-09,Indonesia,National,,,Pertalite,7650.0,IDR,L,id_oto_monthly_prices,2026-03-06T20:31:38,04654d20fc06a78864d4e5cd0d84e900f4977ec77bbedf273f913f3bc1536561
2023-05-10,Indonesia,National,,,Pertalite,7650.0,IDR,L,id_oto_monthly_prices,2026-03-06T20:31:38,ceffbd9583fabc4c44d1012e0591830ce2fefccbab8f350d0255ad9c045ab167
2023-05-11,Indonesia,National,,,Pertalite,7650.0,IDR,L,id_oto_monthly_prices,2026-03-06T20:31:38,579d1ae34e540b061f6d12b364db211052af324e6de55d34a69f35b047154cd0
2023-05-12,Indonesia,National,,,Pertalite,7650.0,IDR,L,id_oto_monthly_prices,2026-03-06T20:31:38,81b00e6c3c57abc6f0f2d4bb4b1c0803b4c298c13748c59679639e3a6fd48097
2023-05-13,Indonesia,National,,,Pertalite,7650.0,IDR,L,id_oto_monthly_prices,2026-03-06T20:31:38,c5a48707c8c4dc62da3fff10a9ea8b05e3e1498b9dac815f9e4f860379bf87a3
2023-05-14,Indonesia,National,,,Pertalite,7650.0,IDR,L,id_oto_monthly_prices,2026-03-06T20:31:38,e6f3aadfe4025c523d5a191226b17e1b813ee1b7ab274431f9d328e758fdd1ce
2023-05-15,Indonesia,National,,,Pertalite,7650.0,IDR,L,id_oto_monthly_prices,2026-03-06T20:31:38,5965a3019cf546616deb254da68f94dbc247f50af8e60660aaf44e555f7a8337
2023-05-16,Indonesia,National,,,Pertalite,7650.0,IDR,L,id_oto_monthly_prices,2026-03-06T20:31:38,2aede4f2bd0d240de1487bef2dc59f2d2cf0ed70638aaaab2ba9d4f5fff5f3b1
2023-05-17,Indonesia,National,,,Pertalite,7650.0,IDR,L,id_oto_monthly_prices,2026-03-06T20:31:38,bf56a77d20779540b20a498a15728252c91095ddeefe8502ba6dd809b712c5ba
2023-05-18,Indonesia,National,,,Pertalite,7650.0,IDR,L,id_oto_monthly_prices,2026-03-06T20:31:38,f46601fecf2ccf3c3bdbd66c7604e9a72535b146892093edad7521cc98ec98c8
2023-05-19,Indonesia,National,,,Pertalite,7650.0,IDR,L,id_oto_monthly_prices,2026-03-06T20:31:38,30875ea11dd29206ca8827f72e7d9ddb8da3608451b127176e6968942f221dfe
2023-05-20,Indonesia,National,,,Pertalite,7650.0,IDR,L,id_oto_monthly_prices,2026-03-06T20:31:38,34c733cf0e3f9690ae2952d99210ab5a92b314b4f7ce1fe3942b2c0258078c77
2023-05-21,Indonesia,National,,,Pertalite,7650.0,IDR,L,id_oto_monthly_prices,2026-03-06T20:31:38,c1bccd392807f5c6062cbee466cf858fb719d82fdc7a3898e46ae51d4fd88d80
2023-05-22,Indonesia,National,,,Pertalite,7650.0,IDR,L,id_oto_monthly_prices,2026-03-06T20:31:38,dc43a8c08a4f44f0cb949d513435d3c2ba0e46cd97676aee16b05d7e92f32a68
2023-05-23,Indonesia,National,,,Pertalite,7650.0,IDR,L,id_oto_monthly_prices,2026-03-06T20:31:38,72554999de0b85b60dd331e2ef4e7fde304eb426e0de2f49fc5889450d33368a
2023-05-24,Indonesia,National,,,Pertalite,7650.0,IDR,L,id_oto_monthly_prices,2026-03-06T20:31:38,118f0d986c1b3e9b54aba96a88f62096feb04d9df614a2f4bdd3d7566a1fc066
2023-05-25,Indonesia,National,,,Pertalite,7650.0,IDR,L,id_oto_monthly_prices,2026-03-06T20:31:38,4f86e5862146fd5fde8403d599809e82f916f77aea6b8e4a8447a4eab4f58c16
2023-05-26,Indonesia,National,,,Pertalite,7650.0,IDR,L,id_oto_monthly_prices,2026-03-06T20:31:38,78a2c367e37f63f4c21c0d671f326060531e173f67c04fa0c636e67952945f74
2023-05-27,Indonesia,National,,,Pertalite,7650.0,IDR,L,id_oto_monthly_prices,2026-03-06T20:31:38,a72481ea144f6b26127a8068e8cf008f6cbd0a9b415bd562a9d38041c807b2a5
2023-05-28,Indonesia,National,,,Pertalite,7650.0,IDR,L,id_oto_monthly_prices,2026-03-06T20:31:38,e13026d6bab1e1c09168a416b96890c2db8c15e6fa56fd756e0da2229a5437bc
2023-05-29,Indonesia,National,,,Pertalite,7650.0,IDR,L,id_oto_monthly_prices,2026-03-06T20:31:38,1460f7b6afcd4bb5ac7f7b244a8c49b47390ed564dda8a03c3b6bcd262675bdd
2023-05-30,Indonesia,National,,,Pertalite,7650.0,IDR,L,id_oto_monthly_prices,2026-03-06T20:31:38,72ca3a6fe02c8d7d1bb8edf5dd96767dde360bdcb108bc423082f1f4bd7e6516
2023-05-31,Indonesia,National,,,Pertalite,7650.0,IDR,L,id_oto_monthly_prices,2026-03-06T20:31:38,ecae21549df36238211030201ccd7a6955b19759cfb744ccbfd5273366bd6b22
2023-06-01,Indonesia,National,,,Pertalite,7650.0,IDR,L,id_oto_monthly_prices,2026-03-06T20:31:38,c87d4c8519338c83b31aefafda8afc22a9509ce47150180e264481ddec1e6673
2023-06-02,Indonesia,National,,,Pertalite,7650.0,IDR,L,id_oto_monthly_prices,2026-03-06T20:31:38,fc13e0713df47c81b97e6a16e75a34cc2d17f556af799945f7204816d77ead26
2023-06-03,Indonesia,National,,,Pertalite,7650.0,IDR,L,id_oto_monthly_prices,2026-03-06T20:31:38,36f3f2842ebdfca81672ba237fe503bb11a9631528f1c983786c47aa2dc2e7dc
2023-06-04,Indonesia,National,,,Pertalite,7650.0,IDR,L,id_oto_monthly_prices,2026-03-06T20:31:38,0c59383c993bb5d612fa06e479c295c4d50e85548a053d6a8be24fb8f8ba130a
2023-06-05,Indonesia,National,,,Pertalite,7650.0,IDR,L,id_oto_monthly_prices,2026-03-06T20:31:38,fcc24df202e77969ea48779d2fab08d5ef19ef5175477b87d4c149cce07fd317
2023-06-06,Indonesia,National,,,Pertalite,7650.0,IDR,L,id_oto_monthly_prices,2026-03-06T20:31:38,28b06c6536b7ee6046d9a44e1df56dc4c12c0ecd487d13a5eac3ea6951f22186
2023-06-07,Indonesia,National,,,Pertalite,7650.0,IDR,L,id_oto_monthly_prices,2026-03-06T20:31:38,77686283362e28e27d15540043a0e80e0bcfb111e24c19efd79d06b63608283b
2023-06-08,Indonesia,National,,,Pertalite,7650.0,IDR,L,id_oto_monthly_prices,2026-03-06T20:31:38,61c67ffda2dec4840d6ec92324fe59be4968b70996245edd74d1cc77c5a7a8d4
2023-06-09,Indonesia,National,,,Pertalite,7650.0,IDR,L,id_oto_monthly_prices,2026-03-06T20:31:38,13f1833c6928f2c05d2d891d6f4e732d7157a2d39d9fe61d3ee10f8d1c62dc81
2023-06-10,Indonesia,National,,,Pertalite,7650.0,IDR,L,id_oto_monthly_prices,2026-03-06T20:31:38,e36a8827d7e4f06f052938407f486b63e6757d1a12f3e45e63a0354addfd4748
2023-06-11,Indonesia,National,,,Pertalite,7650.0,IDR,L,id_oto_monthly_prices,2026-03-06T20:31:38,0d07aa927d396794a4e8703e3917e7c196878c580a01e03e2cd65da74d487fcb
2023-06-12,Indonesia,National,,,Pertalite,7650.0,IDR,L,id_oto_monthly_prices,2026-03-06T20:31:38,b30642947546736966133646a007db9838213433716d2dab80414f27d6b0e97c
2023-06-13,Indonesia,National,,,Pertalite,7650.0,IDR,L,id_oto_monthly_prices,2026-03-06T20:31:38,b44f86fe3bc7179f10f9e7d950369b97174fe8790cd3d5da5ed36d114b26a747
2023-06-14,Indonesia,National,,,Pertalite,7650.0,IDR,L,id_oto_monthly_prices,2026-03-06T20:31:38,7278f626f19e06a9d9380447ae59b869dd665b5429dd9ec19f86642a6a8eb36b
2023-06-15,Indonesia,National,,,Pertalite,7650.0,IDR,L,id_oto_monthly_prices,2026-03-06T20:31:38,a9ca78a63b92fffefb526e2ce2d7730e7195f8e0fbeb51145d02ee2857f53d22
2023-06-16,Indonesia,National,,,Pertalite,7650.0,IDR,L,id_oto_monthly_prices,2026-03-06T20:31:38,42b6db03d17da7476b3212398d90900589cf2a1abaf1cfe6d53937d256a26598
2023-06-17,Indonesia,National,,,Pertalite,7650.0,IDR,L,id_oto_monthly_prices,2026-03-06T20:31:38,ad840d385273f4bb74f0c7bfa78c15fff0acf0c970b64852bdb6e316c5b59251
2023-06-18,Indonesia,National,,,Pertalite,7650.0,IDR,L,id_oto_monthly_prices,2026-03-06T20:31:38,b5124f0e38b527e5aa37ce0ae1d0e96385640cb4a12c6b9a8e7aa1b0b42f5302
2023-06-19,Indonesia,National,,,Pertalite,7650.0,IDR,L,id_oto_monthly_prices,2026-03-06T20:31:38,7523e81575d60dbe86baafcfc185d180564624df59f0f7cf9e04ed707b3a5861
2023-06-20,Indonesia,National,,,Pertalite,7650.0,IDR,L,id_oto_monthly_prices,2026-03-06T20:31:38,d49355f4679df070c156b2bc8322f4dc9a795aa4a969018dc2bbc2cf1c8452f8
2023-06-21,Indonesia,National,,,Pertalite,7650.0,IDR,L,id_oto_monthly_prices,2026-03-06T20:31:38,3f008440ae1f89f0c4f7535692fcf994076d8dbca3554b7254da3504b2e28a84
2023-06-22,Indonesia,National,,,Pertalite,7650.0,IDR,L,id_oto_monthly_prices,2026-03-06T20:31:38,5e17c966cb7911377d05735044aa2cffd1c44e5cda2587b46e21beb55ad772c7
2023-06-23,Indonesia,National,,,Pertalite,7650.0,IDR,L,id_oto_monthly_prices,2026-03-06T20:31:38,ab2b3534afc5373e80b88945453ae52896afc9aec8f1877fd630670f6c9ff718
2023-06-24,Indonesia,National,,,Pertalite,7650.0,IDR,L,id_oto_monthly_prices,2026-03-06T20:31:38,670bf5fc90ddc273cc26ae79ffa255f6c1f3b2bbbaf062d07cf758bcf7f95af0
2023-06-25,Indonesia,National,,,Pertalite,7650.0,IDR,L,id_oto_monthly_prices,2026-03-06T20:31:38,b7a6866c9733ff791e2d82cc6eca46e3d6bad230f04a40e94781c66635f51531
2023-06-26,Indonesia,National,,,Pertalite,7650.0,IDR,L,id_oto_monthly_prices,2026-03-06T20:31:38,bf572616f04aee6b0a583cc0819af07f9e29759a5b0b9fc920d2cb1f3a319daf
2023-06-27,Indonesia,National,,,Pertalite,7650.0,IDR,L,id_oto_monthly_prices,2026-03-06T20:31:38,cbdd051f4e58de21945efc87887da0d1b9b47bb52a3c4bdc32ddf951828e20c5
2023-06-28,Indonesia,National,,,Pertalite,7650.0,IDR,L,id_oto_monthly_prices,2026-03-06T20:31:38,ed69e32f93aa86686e3d038f8bbef3fe7b11248d42226a2835ce452616fd3232
2023-06-29,Indonesia,National,,,Pertalite,7650.0,IDR,L,id_oto_monthly_prices,2026-03-06T20:31:38,256cd98875e1e18b43f056bcc494321b16269947081508f840e8417dd05829d8
2023-06-30,Indonesia,National,,,Pertalite,7650.0,IDR,L,id_oto_monthly_prices,2026-03-06T20:31:38,68b2d45c3cc895f492b6c5ed1b6b6e7b2e6011a5e471382481660f917a55bf2a
2023-07-01,Indonesia,National,,,Pertalite,7650.0,IDR,L,id_oto_monthly_prices,2026-03-06T20:31:38,6b7ef1e60098ae4ab1d6da1a1af001628556831ebdd4d18a9a2f6c02e73650f1
2023-07-02,Indonesia,National,,,Pertalite,7650.0,IDR,L,id_oto_monthly_prices,2026-03-06T20:31:38,90e941d64f3ce2bc6b222d38dc434aa9a716dbb89cbb4eed9c4290f31ebafde7
2023-07-03,Indonesia,National,,,Pertalite,7650.0,IDR,L,id_oto_monthly_prices,2026-03-06T20:31:38,171fdd9f2a1c7dfbdb7c366f3daa4fa6ceff8c65e34f0f8b052fd611ee86962b
2023-07-04,Indonesia,National,,,Pertalite,7650.0,IDR,L,id_oto_monthly_prices,2026-03-06T20:31:38,9700920f3f1d94ffa74145cc02f07b02976cf49b8b91ecddbc4fe113d71c4710
2023-07-05,Indonesia,National,,,Pertalite,7650.0,IDR,L,id_oto_monthly_prices,2026-03-06T20:31:38,672f1a628576efc132f207c39933222987494405fb8e4f0ec7f77927c8436a5e
2023-07-06,Indonesia,National,,,Pertalite,7650.0,IDR,L,id_oto_monthly_prices,2026-03-06T20:31:38,17df9ba3b3c2dbbc478191ef0371e919c6c7c6f55f517a3c07749561e1e72761
2023-07-07,Indonesia,National,,,Pertalite,7650.0,IDR,L,id_oto_monthly_prices,2026-03-06T20:31:38,ea6e6eca0a25d75ee75a1d9cfb5eddb889d99008a9016bfe1ab0691647a22aea
2023-07-08,Indonesia,National,,,Pertalite,7650.0,IDR,L,id_oto_monthly_prices,2026-03-06T20:31:38,8cbc360683b2b6ad56b3e5999e50a62d929d0aa058ede0c22b2c73fef361a182
2023-07-09,Indonesia,National,,,Pertalite,7650.0,IDR,L,id_oto_monthly_prices,2026-03-06T20:31:38,607982abd7edac4e54d83ef08acebfecdb932ae5266fb3182981ab6f832cd4d3
2023-07-10,Indonesia,National,,,Pertalite,7650.0,IDR,L,id_oto_monthly_prices,2026-03-06T20:31:38,5ba82af57df1d99abff4dbf70395b45c2e06cfe233fb6d4c088c76103aa592a1
2023-07-11,Indonesia,National,,,Pertalite,7650.0,IDR,L,id_oto_monthly_prices,2026-03-06T20:31:38,20846ce66cc51d34c0034758388dd11aece519d6c8d8578abfe52cbac715f644
2023-07-12,Indonesia,National,,,Pertalite,7650.0,IDR,L,id_oto_monthly_prices,2026-03-06T20:31:38,56d53c90cbf295be1ed685969dbbd030e070b791e6fb09cfecbead63a0e3bda3
2023-07-13,Indonesia,National,,,Pertalite,7650.0,IDR,L,id_oto_monthly_prices,2026-03-06T20:31:38,b901d98ded17a8935134b6c622ad96d3c626c20f61d86b65c6f7e3444fe90875
2023-07-14,Indonesia,National,,,Pertalite,7650.0,IDR,L,id_oto_monthly_prices,2026-03-06T20:31:38,910c0c826e720507b98a55280d7a3aa484310ef6e73463a30164e0e56748acb4
2023-07-15,Indonesia,National,,,Pertalite,7650.0,IDR,L,id_oto_monthly_prices,2026-03-06T20:31:38,6e3643bc0c7efbd096b38567fe5da4dfe0f83ff35ed9842fb5f5e88aede2e454
2023-07-16,Indonesia,National,,,Pertalite,7650.0,IDR,L,id_oto_monthly_prices,2026-03-06T20:31:38,f1c9a7715fdf280005890fef70008812fef58eaec052158d91f980d6227107d1
2023-07-17,Indonesia,National,,,Pertalite,7650.0,IDR,L,id_oto_monthly_prices,2026-03-06T20:31:38,ca0c48fc32f4bf582edc4daa415ec072eb82dbaf073b6e8d382b1878865f9c2b
2023-07-18,Indonesia,National,,,Pertalite,7650.0,IDR,L,id_oto_monthly_prices,2026-03-06T20:31:38,1046241d838016c26694221405d9d87d9d76dc4e57291dda204d46102a757d1e
2023-07-19,Indonesia,National,,,Pertalite,7650.0,IDR,L,id_oto_monthly_prices,2026-03-06T20:31:38,e4192a0b183a7cd8b1699a38e55750c9fbd939f31ba5f65f041a58ae55ca1055
2023-07-20,Indonesia,National,,,Pertalite,7650.0,IDR,L,id_oto_monthly_prices,2026-03-06T20:31:38,5cd270edfa137d0615fb07c43fef3382a742039bdf534c9c56b70b6be38cd430
2023-07-21,Indonesia,National,,,Pertalite,7650.0,IDR,L,id_oto_monthly_prices,2026-03-06T20:31:38,52368c7defd3c86ffbd6b1c94fa3c85b70a2aa5ddb144e3238d6305e19e50e33
2023-07-22,Indonesia,National,,,Pertalite,7650.0,IDR,L,id_oto_monthly_prices,2026-03-06T20:31:38,3a1d94e3dad1a0615c99073959b7c39cb31b6adc28763941b4f421f7b174df30
2023-07-23,Indonesia,National,,,Pertalite,7650.0,IDR,L,id_oto_monthly_prices,2026-03-06T20:31:38,7d861d08668530ef3eba51f2ff905d03e527a8ac7031ade8fdd2e7dc1551dc3a
2023-07-24,Indonesia,National,,,Pertalite,7650.0,IDR,L,id_oto_monthly_prices,2026-03-06T20:31:38,47e117c26908339f8ce8bbe18dc66b5e35ba35e20100e6dfde21d886e0cfc761
2023-07-25,Indonesia,National,,,Pertalite,7650.0,IDR,L,id_oto_monthly_prices,2026-03-06T20:31:38,5020bdfb9d6cb6bbd2ac58fb1d451ad79c6937bd885f0aaf14b405d97d1cb4f1
2023-07-26,Indonesia,National,,,Pertalite,7650.0,IDR,L,id_oto_monthly_prices,2026-03-06T20:31:38,86bde39977483e937139ee1b5782d2f97e9147f8c19d0235bf5c8b2a274dfbcf
2023-07-27,Indonesia,National,,,Pertalite,7650.0,IDR,L,id_oto_monthly_prices,2026-03-06T20:31:38,34711d8083d8ed18bc652f0023cd7a51f0e9dbe87d3b85c1bd2e449a64116db8
2023-07-28,Indonesia,National,,,Pertalite,7650.0,IDR,L,id_oto_monthly_prices,2026-03-06T20:31:38,b56d721b4fb814988747e9a09136811cabc2d86aaca90433aa621371f5f9fe4a
2023-07-29,Indonesia,National,,,Pertalite,7650.0,IDR,L,id_oto_monthly_prices,2026-03-06T20:31:38,298e1f95169eb8a34ab586fbc0c292a68d554c1c5b34baa32f0743399b94f4a5
2023-07-30,Indonesia,National,,,Pertalite,7650.0,IDR,L,id_oto_monthly_prices,2026-03-06T20:31:38,1480b2df52e9e394e37a07d57ebf425cc02d3bb24d6dee3308d6b1b54d1eff5e
2023-07-31,Indonesia,National,,,Pertalite,7650.0,IDR,L,id_oto_monthly_prices,2026-03-06T20:31:38,4dec5443f09608ed29e90bbde3d585fe642171ba3c5342da1903a60d05c5d115
2023-08-01,Indonesia,National,,,Pertalite,7650.0,IDR,L,id_oto_monthly_prices,2026-03-06T20:31:38,af7866f32af7eeb0c2e1ca95151cd7311376d17378b91d2b39388a98150e1b3c
2023-08-02,Indonesia,National,,,Pertalite,7650.0,IDR,L,id_oto_monthly_prices,2026-03-06T20:31:38,56ddc88e8e1647e12d2b21a7a67e7e67261e90bf8be7f43ce61322fbfa1c1d2f
2023-08-03,Indonesia,National,,,Pertalite,7650.0,IDR,L,id_oto_monthly_prices,2026-03-06T20:31:38,93d9ee6b90102a15d8ab164dd2bec1be1c8cf2569fc2315b2dc6077b9322698b
2023-08-04,Indonesia,National,,,Pertalite,7650.0,IDR,L,id_oto_monthly_prices,2026-03-06T20:31:38,5b4244ea511acf0ac6898d0c6636a452a8b71cefbe1e9be17df060d70690476c
2023-08-05,Indonesia,National,,,Pertalite,7650.0,IDR,L,id_oto_monthly_prices,2026-03-06T20:31:38,8107d1bdece26a010c00a24dd58a321b42f70915c974de8354cd9bdcd12d7b44
2023-08-06,Indonesia,National,,,Pertalite,7650.0,IDR,L,id_oto_monthly_prices,2026-03-06T20:31:38,118c200b3cdb6340625639c510cb4ae39aa049bc3dfc5c1b9fabc90a99bee4b2
2023-08-07,Indonesia,National,,,Pertalite,7650.0,IDR,L,id_oto_monthly_prices,2026-03-06T20:31:38,635189b7a661c7f753df978e4d8af1d4f91f30765eca4ab17a1049d06f1f9b71
2023-08-08,Indonesia,National,,,Pertalite,7650.0,IDR,L,id_oto_monthly_prices,2026-03-06T20:31:38,eb39679a6b6524d99e10ece1e0ad4576fc642a2e9e0042c4a424d9d4ca535e29
2023-08-09,Indonesia,National,,,Pertalite,7650.0,IDR,L,id_oto_monthly_prices,2026-03-06T20:31:38,5b277d4efa669d98e9effdaa0b9b6478c4b789e01b9aed91d40afa5024413a4f
2023-08-10,Indonesia,National,,,Pertalite,7650.0,IDR,L,id_oto_monthly_prices,2026-03-06T20:31:38,3e1fd18c1fa0ae785b26efa44aa24d41d476bd791a742ffc796b0a163cc2b33c
2023-08-11,Indonesia,National,,,Pertalite,7650.0,IDR,L,id_oto_monthly_prices,2026-03-06T20:31:38,9442d7249dd5fbc45bad268a6b09aee8594a522688881e27852bf8a808fd1f85
2023-08-12,Indonesia,National,,,Pertalite,7650.0,IDR,L,id_oto_monthly_prices,2026-03-06T20:31:38,f2574633365b6a166a3e2592ecacbbfaf204c6bfda30fff1c2455314bc5eecbc
2023-08-13,Indonesia,National,,,Pertalite,7650.0,IDR,L,id_oto_monthly_prices,2026-03-06T20:31:38,2e3e370e1fe7672ec69e6e1ee13288a70e93289d27917c6f07144c2353018744
2023-08-14,Indonesia,National,,,Pertalite,7650.0,IDR,L,id_oto_monthly_prices,2026-03-06T20:31:38,cae739413a9f207427ae20b8a74ece3c7ef8593965a67801fdb3e1d100bc7181
2023-08-15,Indonesia,National,,,Pertalite,7650.0,IDR,L,id_oto_monthly_prices,2026-03-06T20:31:38,0b50ce89d6a23b7e6161b68b8f21e3dea0a46a61833ed4046757f2a8ff85a984
2023-08-16,Indonesia,National,,,Pertalite,7650.0,IDR,L,id_oto_monthly_prices,2026-03-06T20:31:38,6bbda7a4a2b7ce9d7949f668c35efdbb7e0465ca17c0b60f19a2f557c4756ba6
2023-08-17,Indonesia,National,,,Pertalite,7650.0,IDR,L,id_oto_monthly_prices,2026-03-06T20:31:38,73ee75a5e3898d6572c4dd2dd2e1c0d31501c98542caf27f6161675082aaeb78
2023-08-18,Indonesia,National,,,Pertalite,7650.0,IDR,L,id_oto_monthly_prices,2026-03-06T20:31:38,647dc6def9e0abe804c81a84d269dcb1ffee88859c5da74746f5b2b2a750cc05
2023-08-19,Indonesia,National,,,Pertalite,7650.0,IDR,L,id_oto_monthly_prices,2026-03-06T20:31:38,1948180c9a20a2a3926dc66ccd81a8dc68e25b544bc98c44c727a0aa205bda9b
2023-08-20,Indonesia,National,,,Pertalite,7650.0,IDR,L,id_oto_monthly_prices,2026-03-06T20:31:38,e2c024e36313a4aa228ad3e8c3b8dbeca0559bee16ac61999245eedf38d97247
2023-08-21,Indonesia,National,,,Pertalite,7650.0,IDR,L,id_oto_monthly_prices,2026-03-06T20:31:38,c839b57193df424b3dc4e0bc05f2e7b34d8fcce1fd573976801ac1b9fdf797f2
2023-08-22,Indonesia,National,,,Pertalite,7650.0,IDR,L,id_oto_monthly_prices,2026-03-06T20:31:38,ac092a1959584c6d209003e1f9e18429b6de4e560787eeabc7f5e175778d990e
2023-08-23,Indonesia,National,,,Pertalite,7650.0,IDR,L,id_oto_monthly_prices,2026-03-06T20:31:38,89abbdc9d69b8337194a34d923e691ac0687675f3e3d4614df38bf11234de1b0
2023-08-24,Indonesia,National,,,Pertalite,7650.0,IDR,L,id_oto_monthly_prices,2026-03-06T20:31:38,b02b6672badc29adb1e35f5ea48e59085eb54ea50c925b6b7f92d7aece82dae7
2023-08-25,Indonesia,National,,,Pertalite,7650.0,IDR,L,id_oto_monthly_prices,2026-03-06T20:31:38,1cdd0ac2a745d6e0c76f89462d214a5c460aba54eed0e2e733857ef2a450bf4f
2023-08-26,Indonesia,National,,,Pertalite,7650.0,IDR,L,id_oto_monthly_prices,2026-03-06T20:31:38,996e2f53f2cbdf0adb3d0fd457dde0df771e0f0f24e24961d013a3dbeb0abf63
2023-08-27,Indonesia,National,,,Pertalite,7650.0,IDR,L,id_oto_monthly_prices,2026-03-06T20:31:38,afa3c79d0a5de035f62f020180b96f24e54a6181d25510593c5a8d4c41849079
2023-08-28,Indonesia,National,,,Pertalite,7650.0,IDR,L,id_oto_monthly_prices,2026-03-06T20:31:38,f9bff7739c131fe451d4499d997a4b97409bdcb3915ce7360467e1fdcce5309c
2023-08-29,Indonesia,National,,,Pertalite,7650.0,IDR,L,id_oto_monthly_prices,2026-03-06T20:31:38,e523f41f21810ad43d78bc6295447d90f5764714e68974f6ea46025294fe5a0a
2023-08-30,Indonesia,National,,,Pertalite,7650.0,IDR,L,id_oto_monthly_prices,2026-03-06T20:31:38,2f12de740e456f967c991fc7e6f66ac2b301db961500c3a5cc2e64c0edfbe082
2023-08-31,Indonesia,National,,,Pertalite,7650.0,IDR,L,id_oto_monthly_prices,2026-03-06T20:31:38,ae93675aa41578e9b5a1fb8eec3f0647c36a4acfd26d7cd715164aabd43f07c1
2023-09-01,Indonesia,National,,,Pertalite,7650.0,IDR,L,id_oto_monthly_prices,2026-03-06T20:31:38,f9917d6f5b0f2ba5699a1b26d6d04721f68aa04a40230566eebb0bd53cf43a79
2023-09-02,Indonesia,National,,,Pertalite,7650.0,IDR,L,id_oto_monthly_prices,2026-03-06T20:31:38,95fd41733ff93afc1475bf8ac3a0256521234350e7be38ad2104505543b94039
2023-09-03,Indonesia,National,,,Pertalite,7650.0,IDR,L,id_oto_monthly_prices,2026-03-06T20:31:38,89d44de56128dbc7b7b1ac05332ef6f83d28bc26bfe5179c47dd3d605f7818c0
2023-09-04,Indonesia,National,,,Pertalite,7650.0,IDR,L,id_oto_monthly_prices,2026-03-06T20:31:38,f91b9507456c4408039ce824f224dc07f041a4edd2f3db0cf26fe862fa8dadcd
2023-09-05,Indonesia,National,,,Pertalite,7650.0,IDR,L,id_oto_monthly_prices,2026-03-06T20:31:38,1023faca638f5a5e205d8972408ab9089a2a47b57702ca7f80b8a8b5a77d39e5
2023-09-06,Indonesia,National,,,Pertalite,7650.0,IDR,L,id_oto_monthly_prices,2026-03-06T20:31:38,4923b7bd7682c089a318b7a6f4ff229be8e9afb8b648986a8afa8cdb38aa5920
2023-09-07,Indonesia,National,,,Pertalite,7650.0,IDR,L,id_oto_monthly_prices,2026-03-06T20:31:38,d958ad54f1722af6720272cc4709c64beb35646b7df877f6a3f9dfa631b48af3
2023-09-08,Indonesia,National,,,Pertalite,7650.0,IDR,L,id_oto_monthly_prices,2026-03-06T20:31:38,6454c2d7b02d8e98c7ed863c2f91fac1c6bb4461f49cd1f16ea0ae2196e95ed3
2023-09-09,Indonesia,National,,,Pertalite,7650.0,IDR,L,id_oto_monthly_prices,2026-03-06T20:31:38,01fd9305eb4074aa3c52bb8d6f2eccf501058ee682876541b240b5a7086e01a6
2023-09-10,Indonesia,National,,,Pertalite,7650.0,IDR,L,id_oto_monthly_prices,2026-03-06T20:31:38,ca1ff623a0cacad087379eff4cca840fd8f31c7fc5aecbac75594c4fcc77b201
2023-09-11,Indonesia,National,,,Pertalite,7650.0,IDR,L,id_oto_monthly_prices,2026-03-06T20:31:38,e23b95601c467521e07c4fd976397b75b52eac4980871c9de09a09dd232cb2cc
2023-09-12,Indonesia,National,,,Pertalite,7650.0,IDR,L,id_oto_monthly_prices,2026-03-06T20:31:38,e2e1fc5b83838e856e65b3f6a1724b847c3a60b973fca1789fc696e545477420
2023-09-13,Indonesia,National,,,Pertalite,7650.0,IDR,L,id_oto_monthly_prices,2026-03-06T20:31:38,a33e5443f9ce33d65674f2d86eec5bbb9f45f2d3ad1c24c688ff109c9a490810
2023-09-14,Indonesia,National,,,Pertalite,7650.0,IDR,L,id_oto_monthly_prices,2026-03-06T20:31:38,5167e1322838d74dcc01f98e3f6dbbdf2aad7ae20a7b513eaeaaae93a1467a53
2023-09-15,Indonesia,National,,,Pertalite,7650.0,IDR,L,id_oto_monthly_prices,2026-03-06T20:31:38,fe05b7a9f0c5dd108802425ca2241b442857cc1d87d09317d795d0c02b619994
2023-09-16,Indonesia,National,,,Pertalite,7650.0,IDR,L,id_oto_monthly_prices,2026-03-06T20:31:38,29973b0d9e8bac60cdd020b784377b96f45fde3f3338d3d6a4430ce63be61c50
2023-09-17,Indonesia,National,,,Pertalite,7650.0,IDR,L,id_oto_monthly_prices,2026-03-06T20:31:38,5c8be30794ebaf236a9a402e70666693d38288d911391ecf98ade0131c8546bb
2023-09-18,Indonesia,National,,,Pertalite,7650.0,IDR,L,id_oto_monthly_prices,2026-03-06T20:31:38,0399767510eb1d1f76cdcb5cc6fae5b62a9443c6adac5b5532879d1644fa00df
2023-09-19,Indonesia,National,,,Pertalite,7650.0,IDR,L,id_oto_monthly_prices,2026-03-06T20:31:38,a1b3a5f68782b517474719aa50e4091cefa8cc842c386ae405bc3256a712b549
2023-09-20,Indonesia,National,,,Pertalite,7650.0,IDR,L,id_oto_monthly_prices,2026-03-06T20:31:38,d244b958189b534e8cef3c2f748b69db72a3e9bb7c1903499b93fd91d1042617
2023-09-21,Indonesia,National,,,Pertalite,7650.0,IDR,L,id_oto_monthly_prices,2026-03-06T20:31:38,ae899ba225567f5adf4f1d70fe5ed692c17cde5a5ae5a82411e51a0465500bb1
2023-09-22,Indonesia,National,,,Pertalite,7650.0,IDR,L,id_oto_monthly_prices,2026-03-06T20:31:38,1136e0dee3bb9d0f0708f0e616987bd58b37f79d7109c082b64af451e257406a
2023-09-23,Indonesia,National,,,Pertalite,7650.0,IDR,L,id_oto_monthly_prices,2026-03-06T20:31:38,dc9bcf1f995611da209b1561bfac1d478efc9cc770be848099108034c4c0c75f
2023-09-24,Indonesia,National,,,Pertalite,7650.0,IDR,L,id_oto_monthly_prices,2026-03-06T20:31:38,3079d373eabb2d9eca4f0e26dd1a641214a004481a186725e58baf619e35df4d
2023-09-25,Indonesia,National,,,Pertalite,7650.0,IDR,L,id_oto_monthly_prices,2026-03-06T20:31:38,96f8ff28d7ec11493dd2b416d74d71a3f9a66c98ab72a544cef012a1d54beafb
2023-09-26,Indonesia,National,,,Pertalite,7650.0,IDR,L,id_oto_monthly_prices,2026-03-06T20:31:38,a08963d190cd14af828e69c48c8aff96b1350ab1be6b2dfab8650b677803b17c
2023-09-27,Indonesia,National,,,Pertalite,7650.0,IDR,L,id_oto_monthly_prices,2026-03-06T20:31:38,cd860dfe0314becaa6c2c79721a2a6d5b133ff26e1711e80ae03a3af4219ac41
2023-09-28,Indonesia,National,,,Pertalite,7650.0,IDR,L,id_oto_monthly_prices,2026-03-06T20:31:38,933067333c974f88008ed89546c0d7451cc54c93838cb2d8701e806f70f836e4
2023-09-29,Indonesia,National,,,Pertalite,7650.0,IDR,L,id_oto_monthly_prices,2026-03-06T20:31:38,1412aface58c6105956e6b875c427addd9f8762d04cb9808d0caae986ea8d2a9
2023-09-30,Indonesia,National,,,Pertalite,7650.0,IDR,L,id_oto_monthly_prices,2026-03-06T20:31:38,0b0302446274ded445172dda4303e2d6250c77ef2cebdc5c3e7587874f9d7649
2023-10-01,Indonesia,National,,,Pertalite,7650.0,IDR,L,id_oto_monthly_prices,2026-03-06T20:31:38,2d1b3f5d7cc47b009b3fa4b3ca33850a30038ad08fadf4456d63996c9a4e84a8
2023-10-02,Indonesia,National,,,Pertalite,7650.0,IDR,L,id_oto_monthly_prices,2026-03-06T20:31:38,fd55d9ae4c9ead95bf03ca95d4d15e07e7cd9bbd5f2c3931f3a1860ba6811517
2023-10-03,Indonesia,National,,,Pertalite,7650.0,IDR,L,id_oto_monthly_prices,2026-03-06T20:31:38,493da72b220fef378b733d1b2ce37a20719ce520c97819512885b82b46927aae
2023-10-04,Indonesia,National,,,Pertalite,7650.0,IDR,L,id_oto_monthly_prices,2026-03-06T20:31:38,15d44cd0cfa7a9dd4132eb2970b0f483ac81af15639dccc4636b09016ad10bfc
2023-10-05,Indonesia,National,,,Pertalite,7650.0,IDR,L,id_oto_monthly_prices,2026-03-06T20:31:38,66bf21fa70209d52bef1a417509af7a9238164bebe61468fd699ac5d00a8ef30
2023-10-06,Indonesia,National,,,Pertalite,7650.0,IDR,L,id_oto_monthly_prices,2026-03-06T20:31:38,6611073e40f2fc5e8921d67fa32a519f583ee8070339debb3da6c4ddf55aff45
2023-10-07,Indonesia,National,,,Pertalite,7650.0,IDR,L,id_oto_monthly_prices,2026-03-06T20:31:38,6c7992eaab92c4e2d15c69cfb4bf4d2d13f440faf1e578a659056b74feaf602a
2023-10-08,Indonesia,National,,,Pertalite,7650.0,IDR,L,id_oto_monthly_prices,2026-03-06T20:31:38,39e8c7014e62fa4d02942a525925073eec94026c617fc4bd6c6dd0434686a38d
2023-10-09,Indonesia,National,,,Pertalite,7650.0,IDR,L,id_oto_monthly_prices,2026-03-06T20:31:38,877aede2908a7d2e06e938f7a7475ba4ec1403dc82f385fd8999ec0c70ecf80d
2023-10-10,Indonesia,National,,,Pertalite,7650.0,IDR,L,id_oto_monthly_prices,2026-03-06T20:31:38,55266db354c821cfcf3410eb86e95fdebe2d00307586fe38b66a9eb7e5e7ebac
2023-10-11,Indonesia,National,,,Pertalite,7650.0,IDR,L,id_oto_monthly_prices,2026-03-06T20:31:38,cc269415ed3ec2b6478dab8d018e7ded48b0134008511f26666c630151aed0bf
2023-10-12,Indonesia,National,,,Pertalite,7650.0,IDR,L,id_oto_monthly_prices,2026-03-06T20:31:38,1cdd3f37ef34bd284f68d6b5ba3de77816ed289c1c74dfa7785e22a2525b5aa3
2023-10-13,Indonesia,National,,,Pertalite,7650.0,IDR,L,id_oto_monthly_prices,2026-03-06T20:31:38,1cfcbf978505a697ac6390ad91320ceb6cece2baecf6269d2f3c5c9558d6ceff
2023-10-14,Indonesia,National,,,Pertalite,7650.0,IDR,L,id_oto_monthly_prices,2026-03-06T20:31:38,375c4428a39149ffa8d8942a00765d58c606a8737d82bcab51764d83d2365142
2023-10-15,Indonesia,National,,,Pertalite,7650.0,IDR,L,id_oto_monthly_prices,2026-03-06T20:31:38,e8ba0e5abed7067e98b91f42248f1691a89a2b1d7e966de704ae82cdc704b110
2023-10-16,Indonesia,National,,,Pertalite,7650.0,IDR,L,id_oto_monthly_prices,2026-03-06T20:31:38,5be665442a9db55fdc667bf8e80fa2d11b8f49609d3bb3339b73d8e1b8832a4c
2023-10-17,Indonesia,National,,,Pertalite,7650.0,IDR,L,id_oto_monthly_prices,2026-03-06T20:31:38,f9bbaa2b8e7b80ee4267de3dad9fdc458ef0116909288aeab82f9ee98d7debc9
2023-10-18,Indonesia,National,,,Pertalite,7650.0,IDR,L,id_oto_monthly_prices,2026-03-06T20:31:38,2b3bb0c2aa11879359b2345ebd84e9e802b4cc9227b61ab78161c2c42a9e3648
2023-10-19,Indonesia,National,,,Pertalite,7650.0,IDR,L,id_oto_monthly_prices,2026-03-06T20:31:38,5db2bab49a3682d0781995d7a37d88f7e5d6c8e93cfb5a9e3bda0467116c8096
2023-10-20,Indonesia,National,,,Pertalite,7650.0,IDR,L,id_oto_monthly_prices,2026-03-06T20:31:38,fee88579efc5bfa954c9e72da0093be75cf9fd11f74327d7296504ae691b03ed
2023-10-21,Indonesia,National,,,Pertalite,7650.0,IDR,L,id_oto_monthly_prices,2026-03-06T20:31:38,1a5a571d3a78372125c614a2d3a4d8e2f2e4d25dd533b065a6b35dda3f68b13c
2023-10-22,Indonesia,National,,,Pertalite,7650.0,IDR,L,id_oto_monthly_prices,2026-03-06T20:31:38,35b255fc078a0936a1fed6fd0b35f515caf184e8626d59060496462ca2573a3c
2023-10-23,Indonesia,National,,,Pertalite,7650.0,IDR,L,id_oto_monthly_prices,2026-03-06T20:31:38,0e8bfcb195579e33f8ccce520e06fd969159f5982276d74799349159bdfdab1b
2023-10-24,Indonesia,National,,,Pertalite,7650.0,IDR,L,id_oto_monthly_prices,2026-03-06T20:31:38,162f7028e41de466f118456bb3a0ebc280fc22fce13978a1aa240e034965c299
2023-10-25,Indonesia,National,,,Pertalite,7650.0,IDR,L,id_oto_monthly_prices,2026-03-06T20:31:38,778687668e5780185bbd8ec9709558e12de8e97f8b593509080b5831ebcf74ad
2023-10-26,Indonesia,National,,,Pertalite,7650.0,IDR,L,id_oto_monthly_prices,2026-03-06T20:31:38,6e0a7c489a7813b0dc0315fb6b15a73c34ba64b8fa3913074af41f51070b7782
2023-10-27,Indonesia,National,,,Pertalite,7650.0,IDR,L,id_oto_monthly_prices,2026-03-06T20:31:38,6ae52179fae197d61ff030e06ea936f5f47fa70c284d1ee4f42c84a57947b19c
2023-10-28,Indonesia,National,,,Pertalite,7650.0,IDR,L,id_oto_monthly_prices,2026-03-06T20:31:38,acb78a4d6001185afe606da03ebcda9b21447b7a2f00ea411210a04b1c996b82
2023-10-29,Indonesia,National,,,Pertalite,7650.0,IDR,L,id_oto_monthly_prices,2026-03-06T20:31:38,1708c6519e367cc7b12bc56679fd4a7720ca927ee3fd4e228d19101c8cf46335
2023-10-30,Indonesia,National,,,Pertalite,7650.0,IDR,L,id_oto_monthly_prices,2026-03-06T20:31:38,863c9f83b5eff82bb1ad423cbc6e068dad9b055583448cb12a6274cbb0dc5707
2023-10-31,Indonesia,National,,,Pertalite,7650.0,IDR,L,id_oto_monthly_prices,2026-03-06T20:31:38,5aa32217033f3f231cb0d8018ab6710e4d29dde1e03619d0ddc9f4d8142943e5
2023-11-01,Indonesia,National,,,Pertalite,7650.0,IDR,L,id_oto_monthly_prices,2026-03-06T20:31:38,f1d73ea0401aaefeca3498ca0116d86b0a7b6942d03b891cff9cf37396709141
2023-11-02,Indonesia,National,,,Pertalite,7650.0,IDR,L,id_oto_monthly_prices,2026-03-06T20:31:38,10139f9df22fc8cb7fd8b281eff1f75bbe2f8e27f04885ba9cc37dcd213837ad
2023-11-03,Indonesia,National,,,Pertalite,7650.0,IDR,L,id_oto_monthly_prices,2026-03-06T20:31:38,47b0a20acc56c3f450aa360250a4ecc806b46093746edebe65629622cd0eb4f1
2023-11-04,Indonesia,National,,,Pertalite,7650.0,IDR,L,id_oto_monthly_prices,2026-03-06T20:31:38,fed2de32fe79e37d37bdeb82b8560a6c040a736e6d1f0f910dd044fae55e3501
2023-11-05,Indonesia,National,,,Pertalite,7650.0,IDR,L,id_oto_monthly_prices,2026-03-06T20:31:38,fcd7e357de9f71ffae4c266d5aae732b81146c9834beb9b21c271cb13095081f
2023-11-06,Indonesia,National,,,Pertalite,7650.0,IDR,L,id_oto_monthly_prices,2026-03-06T20:31:38,1e235dd5864ec7a709dc30183dce9c513ee387c42b954e21e97c27c66ae022c5
2023-11-07,Indonesia,National,,,Pertalite,7650.0,IDR,L,id_oto_monthly_prices,2026-03-06T20:31:38,65e37f3b9bb478dbcaa30576dc03bd3d9e8d1ea35ccdcedc4579e68ae707d292
2023-11-08,Indonesia,National,,,Pertalite,7650.0,IDR,L,id_oto_monthly_prices,2026-03-06T20:31:38,64a399e71aabe24c5e6f434a8fdb2c0b7cb0e4b762d2a552ac1cb881cf78d6a4
2023-11-09,Indonesia,National,,,Pertalite,7650.0,IDR,L,id_oto_monthly_prices,2026-03-06T20:31:38,334bff5b0b89582eaec7224480aa0e94730e161cb17ba1932d9c9f590484a85a
2023-11-10,Indonesia,National,,,Pertalite,7650.0,IDR,L,id_oto_monthly_prices,2026-03-06T20:31:38,5c434cbbd80b271d7369ce01a8138de3fa6ce23cd20e611d2b861845ffe27581
2023-11-11,Indonesia,National,,,Pertalite,7650.0,IDR,L,id_oto_monthly_prices,2026-03-06T20:31:38,1949890d122b1ddf1830722fa03ce14a36df11631fe4bdac24939dd194cfc89e
2023-11-12,Indonesia,National,,,Pertalite,7650.0,IDR,L,id_oto_monthly_prices,2026-03-06T20:31:38,6c690282fb8ae6e5f4c2c30d17d3a1041c4f6f6cf5dc9bb36749da3e173910c6
2023-11-13,Indonesia,National,,,Pertalite,7650.0,IDR,L,id_oto_monthly_prices,2026-03-06T20:31:38,54b940566ca0a6356023ac93300062b610b7b8bf67d02dce1aeea74e415a7bb6
2023-11-14,Indonesia,National,,,Pertalite,7650.0,IDR,L,id_oto_monthly_prices,2026-03-06T20:31:38,7227ff1e0cc5c1f8911ae408e97b9381a8ca7557c7636fbff255f61a67be14fe
2023-11-15,Indonesia,National,,,Pertalite,7650.0,IDR,L,id_oto_monthly_prices,2026-03-06T20:31:38,88a48fa832e07b71fe85a42c91fd166d10bc1a49f3d6106b7f1125d64d351c4d
2023-11-16,Indonesia,National,,,Pertalite,7650.0,IDR,L,id_oto_monthly_prices,2026-03-06T20:31:38,347098b29fd234333e63a6efbcd0b7fbdc77539cd6c46982c8b3f8caedc243d0
2023-11-17,Indonesia,National,,,Pertalite,7650.0,IDR,L,id_oto_monthly_prices,2026-03-06T20:31:38,6a986d9303d032fea9ca8e902de3c61d217d1715880acba1f675b76d7c37e19f
2023-11-18,Indonesia,National,,,Pertalite,7650.0,IDR,L,id_oto_monthly_prices,2026-03-06T20:31:38,297874981f75c1879690f6ee9600706ecd7ae98b01af7a5f21e3a7ae7329cd24
2023-11-19,Indonesia,National,,,Pertalite,7650.0,IDR,L,id_oto_monthly_prices,2026-03-06T20:31:38,445e7cce19ccb04ff9010645a080cdf5cad5bca9c69a32bca950550ae175d019
2023-11-20,Indonesia,National,,,Pertalite,7650.0,IDR,L,id_oto_monthly_prices,2026-03-06T20:31:38,55634b8a41cd24164d7eceef53a29230462e360e4a77904d787be31ba9e54bf2
2023-11-21,Indonesia,National,,,Pertalite,7650.0,IDR,L,id_oto_monthly_prices,2026-03-06T20:31:38,40a858392df71bbfef449859e2eedc87f5185981850b0979d782bfdb1a61d7b0
2023-11-22,Indonesia,National,,,Pertalite,7650.0,IDR,L,id_oto_monthly_prices,2026-03-06T20:31:38,631be9a771468f3aeb3c46c6d49ef4bcaf056a6fa4441622dba8a5e87b7899ac
2023-11-23,Indonesia,National,,,Pertalite,7650.0,IDR,L,id_oto_monthly_prices,2026-03-06T20:31:38,3e09258dc64ea188328ed20276ea3e8c09fa51fbff0e535e163da0e84f7b32fe
2023-11-24,Indonesia,National,,,Pertalite,7650.0,IDR,L,id_oto_monthly_prices,2026-03-06T20:31:38,016b62b992071735cab8d75b4a737077a0edee5936a8946bf3becaa1b22e3fe4
2023-11-25,Indonesia,National,,,Pertalite,7650.0,IDR,L,id_oto_monthly_prices,2026-03-06T20:31:38,7a5bdbd1c86e4b6576183082ac664d26b170121d7196f522f1a654e37ac4be4d
2023-11-26,Indonesia,National,,,Pertalite,7650.0,IDR,L,id_oto_monthly_prices,2026-03-06T20:31:38,e267b9b6c0fabcf19096e3e39363de7707ab45573bd86c3d0298283fe0a025af
2023-11-27,Indonesia,National,,,Pertalite,7650.0,IDR,L,id_oto_monthly_prices,2026-03-06T20:31:38,db26123973e1fd593e72d46fa93886e0ec2b6b2d88474ac5bed6306ba812de5c
2023-11-28,Indonesia,National,,,Pertalite,7650.0,IDR,L,id_oto_monthly_prices,2026-03-06T20:31:38,3bda0e27b96d6ff8616be46f5e207b278d653db994f96038bff2d747de573109
2023-11-29,Indonesia,National,,,Pertalite,7650.0,IDR,L,id_oto_monthly_prices,2026-03-06T20:31:38,a96d0ed1140fb0c2f6465d7058a8604ea07d82533caed5f7ff5388926983f0ab
2023-11-30,Indonesia,National,,,Pertalite,7650.0,IDR,L,id_oto_monthly_prices,2026-03-06T20:31:38,afa2c1d4f390403cf6326050908b84e2908096f02afa93180337bb94f9468d43
2023-12-01,Indonesia,National,,,Pertalite,7650.0,IDR,L,id_oto_monthly_prices,2026-03-06T20:31:38,b614fda4d9b7c751217c4763255d470fbfca580e330f8dd0292fd9b6532d20df
2023-12-02,Indonesia,National,,,Pertalite,7650.0,IDR,L,id_oto_monthly_prices,2026-03-06T20:31:38,905f915a6d75ce648a882b71191bb8baf2a75cb67188a34b3809adbaec5120f7
2023-12-03,Indonesia,National,,,Pertalite,7650.0,IDR,L,id_oto_monthly_prices,2026-03-06T20:31:38,47f4bdb2208268998a4a9a5b171de9754080177851070dff086928a67e19b98a
2023-12-04,Indonesia,National,,,Pertalite,7650.0,IDR,L,id_oto_monthly_prices,2026-03-06T20:31:38,11899497224c0805f37db840fb74bdbd0270d4902bdd46987ecf80188a2b3292
2023-12-05,Indonesia,National,,,Pertalite,7650.0,IDR,L,id_oto_monthly_prices,2026-03-06T20:31:38,448e3c81b3e751907a436b340b4e00e5eb4512099d3642bc6ce6ed2ffef4f063
2023-12-06,Indonesia,National,,,Pertalite,7650.0,IDR,L,id_oto_monthly_prices,2026-03-06T20:31:38,5b22169ddc35259caff78ad4d836fc09a1457fe506efa990348896278d3a1a03
2023-12-07,Indonesia,National,,,Pertalite,7650.0,IDR,L,id_oto_monthly_prices,2026-03-06T20:31:38,f2845116686efda0d84e8eb9d47f683beb55d6bc642a2f72f1fa24694116d2ad
2023-12-08,Indonesia,National,,,Pertalite,7650.0,IDR,L,id_oto_monthly_prices,2026-03-06T20:31:38,3cde8543f684733a4e7d7d1e61ddd32a10043f873558c1f5e6273a67b0dff0f3
2023-12-09,Indonesia,National,,,Pertalite,7650.0,IDR,L,id_oto_monthly_prices,2026-03-06T20:31:38,81589d6c2add23f65cce0fa1973a689293ddc4a065ce10b38ad49b6bc589b576
2023-12-10,Indonesia,National,,,Pertalite,7650.0,IDR,L,id_oto_monthly_prices,2026-03-06T20:31:38,9577622998186bcb5f8b42b8ea15af1a0e28c06e77b6f3c868ed587303f6f37f
2023-12-11,Indonesia,National,,,Pertalite,7650.0,IDR,L,id_oto_monthly_prices,2026-03-06T20:31:38,a08b2627c0b0794e5a2c9c14b35bd3f9ed1394c564283d38c5632a810edca3cc
2023-12-12,Indonesia,National,,,Pertalite,7650.0,IDR,L,id_oto_monthly_prices,2026-03-06T20:31:38,d049339ffbabd301d28e87b4ca5e4fe1510420d4adc89e7bfa424b88f8afb819
2023-12-13,Indonesia,National,,,Pertalite,7650.0,IDR,L,id_oto_monthly_prices,2026-03-06T20:31:38,fd1bcc27fc3b3e03f88a3ad3bf0f1cf68de586231d68c054cd931281e8774418
2023-12-14,Indonesia,National,,,Pertalite,7650.0,IDR,L,id_oto_monthly_prices,2026-03-06T20:31:38,78b6a0ad464a3a06593609f559854a4efaa37603ddc2bd030b1424a08a2e282a
2023-12-15,Indonesia,National,,,Pertalite,7650.0,IDR,L,id_oto_monthly_prices,2026-03-06T20:31:38,7c2f4a9e7193c827944def857a9ed5aa07c37f4f7d9d5f2cd915e64c536a8bf3
2023-12-16,Indonesia,National,,,Pertalite,7650.0,IDR,L,id_oto_monthly_prices,2026-03-06T20:31:38,3848b9015b3dafe3305f8ee886f0252d21645352e28bcb261515a388041f3c4a
2023-12-17,Indonesia,National,,,Pertalite,7650.0,IDR,L,id_oto_monthly_prices,2026-03-06T20:31:38,242c4b0d6a8efd1861d430129c7ddf1f39d3aeb611742d56fe0ddfe6e208ace4
2023-12-18,Indonesia,National,,,Pertalite,7650.0,IDR,L,id_oto_monthly_prices,2026-03-06T20:31:38,c59d07b2a4762fea7751335f2d616591c8ae770daa51fbd4ecacf73817535826
2023-12-19,Indonesia,National,,,Pertalite,7650.0,IDR,L,id_oto_monthly_prices,2026-03-06T20:31:38,6389d02da1a04b9bc63ded3277c25732cfb3f68c313c25e07adff6b7fcdda5f1
2023-12-20,Indonesia,National,,,Pertalite,7650.0,IDR,L,id_oto_monthly_prices,2026-03-06T20:31:38,95479a0a19d742701d4a7997ead1dbd089d0011d4296acfed1a93571f7114d83
2023-12-21,Indonesia,National,,,Pertalite,7650.0,IDR,L,id_oto_monthly_prices,2026-03-06T20:31:38,40b29ad3fd1a6738732a55797b91219a277eb740be3e012a152160affbbb6ffb
2023-12-22,Indonesia,National,,,Pertalite,7650.0,IDR,L,id_oto_monthly_prices,2026-03-06T20:31:38,b9a649590dd73e3e8970313ccb046f0701558626b7f045d86ac54f7013b80069
2023-12-23,Indonesia,National,,,Pertalite,7650.0,IDR,L,id_oto_monthly_prices,2026-03-06T20:31:38,6e321d8cd63ec2874dc4c56ab970f227a2186f427322079d77c09038b21d6604
2023-12-24,Indonesia,National,,,Pertalite,7650.0,IDR,L,id_oto_monthly_prices,2026-03-06T20:31:38,2139d466a1fdee1c5ad8ca60794ce9d5ef4e7d45fcb2c64f3d4311eb9ba3e597
2023-12-25,Indonesia,National,,,Pertalite,7650.0,IDR,L,id_oto_monthly_prices,2026-03-06T20:31:38,b498623944f4ec924af728fbf6d9d0c3346d44f55a2fed16813832636771700a
2023-12-26,Indonesia,National,,,Pertalite,7650.0,IDR,L,id_oto_monthly_prices,2026-03-06T20:31:38,85926619f60371a41aec4e4fca46e0dc7f4ce14096a9eb0a02bf60789cc932c6
2023-12-27,Indonesia,National,,,Pertalite,7650.0,IDR,L,id_oto_monthly_prices,2026-03-06T20:31:38,f3b4db0d11e16d7f5bfd87c9373269c014e862211b39c86cc08259828c50232d
2023-12-28,Indonesia,National,,,Pertalite,7650.0,IDR,L,id_oto_monthly_prices,2026-03-06T20:31:38,68ce3af45f0de4ab679d410eefe1f56d5882f7576339e8eb058174192c8d3040
2023-12-29,Indonesia,National,,,Pertalite,7650.0,IDR,L,id_oto_monthly_prices,2026-03-06T20:31:38,42925719c91fb1cdb27c5d19ead187ba8879c11ad10b3b27bbc5bb8e7fd015c6
2023-12-30,Indonesia,National,,,Pertalite,7650.0,IDR,L,id_oto_monthly_prices,2026-03-06T20:31:38,fc1d18fb6614f698f38612fa07527ad07d67c0dbce5a6549c799818cb407eed9
2023-12-31,Indonesia,National,,,Pertalite,7650.0,IDR,L,id_oto_monthly_prices,2026-03-06T20:31:38,a0bba5a9b25eb728b0f6c8c87b05a629aab606124cd555d4102135786b2d4768
2024-01-01,Indonesia,National,,,Pertalite,10000.0,IDR,L,id_oto_monthly_prices,2026-03-06T20:31:38,34ff7c7e36a87c3e619b927cee1bdcbe403df452674b32d0841e2aaa655be196
2024-01-02,Indonesia,National,,,Pertalite,10000.0,IDR,L,id_oto_monthly_prices,2026-03-06T20:31:38,81feca2c6abdff65eac43db3953eed3c269254c341148a1460f41e5869cc8d38
2024-01-03,Indonesia,National,,,Pertalite,10000.0,IDR,L,id_oto_monthly_prices,2026-03-06T20:31:38,68779f9892c4445fd0ea3db38742c0c3ad865bd9fce18efffbf767988a7b14a7
2024-01-04,Indonesia,National,,,Pertalite,10000.0,IDR,L,id_oto_monthly_prices,2026-03-06T20:31:38,118ada04f8e9d1536a9297ded4af5306f1aee05759487b95dc8de6b3b8612d79
2024-01-05,Indonesia,National,,,Pertalite,10000.0,IDR,L,id_oto_monthly_prices,2026-03-06T20:31:38,ff14d05055a10e85869d0d8502f1237bd2ddce0593261f8c4356e51ab099a7e5
2024-01-06,Indonesia,National,,,Pertalite,10000.0,IDR,L,id_oto_monthly_prices,2026-03-06T20:31:38,892a5b3c5955f130556798108dd9b8db65913398fc64cc8085e78d451a6ef329
2024-01-07,Indonesia,National,,,Pertalite,10000.0,IDR,L,id_oto_monthly_prices,2026-03-06T20:31:38,585d9dad3c68a177738411592ed2eb0432530b6c15e15652959b1666b4a39ed4
2024-01-08,Indonesia,National,,,Pertalite,10000.0,IDR,L,id_oto_monthly_prices,2026-03-06T20:31:38,fc81f622016e7e473d760aa413c3d58b89975e29338cebd77241c376e95a5c01
2024-01-09,Indonesia,National,,,Pertalite,10000.0,IDR,L,id_oto_monthly_prices,2026-03-06T20:31:38,b7c2dbca7205f4e91a6dd67a541f90845b810a005acece3de514563648d90fa4
2024-01-10,Indonesia,National,,,Pertalite,10000.0,IDR,L,id_oto_monthly_prices,2026-03-06T20:31:38,539dd06012dc00a2638d5f0a876f12af6639bfd9b5950e8ba95a71db9f7ed68a
2024-01-11,Indonesia,National,,,Pertalite,10000.0,IDR,L,id_oto_monthly_prices,2026-03-06T20:31:38,cd010c6b3c162a96719bfbe6be4d07bb12e3cdcc1d92d1081ccf44257df6dbbd
2024-01-12,Indonesia,National,,,Pertalite,10000.0,IDR,L,id_oto_monthly_prices,2026-03-06T20:31:38,0bcda1f6ccd6c3990d2fea93d53e2a8cac0ab273197051eacd133c2ed38c994a
2024-01-13,Indonesia,National,,,Pertalite,10000.0,IDR,L,id_oto_monthly_prices,2026-03-06T20:31:38,9e3fe36a0b03787c4b8e72f9743efb6d39090f6cde192472d89f8553c8dcca66
2024-01-14,Indonesia,National,,,Pertalite,10000.0,IDR,L,id_oto_monthly_prices,2026-03-06T20:31:38,02ffb2951546b948f702bf3a09dae0996bd942e66e35336da39eedbf74ee3f39
2024-01-15,Indonesia,National,,,Pertalite,10000.0,IDR,L,id_oto_monthly_prices,2026-03-06T20:31:38,d4c2e724662f838ad757de61f04ff389c627c5615b4efc66701f246c54489689
2024-01-16,Indonesia,National,,,Pertalite,10000.0,IDR,L,id_oto_monthly_prices,2026-03-06T20:31:38,3c4b71d93ead82aa2504b4f12e462371e7932beb0d958c9518a9bdbafa19075c
2024-01-17,Indonesia,National,,,Pertalite,10000.0,IDR,L,id_oto_monthly_prices,2026-03-06T20:31:38,854fd800ec1ef2e33a260e67be244d760df6d18378f4c922b0930edd33ba0cdd
2024-01-18,Indonesia,National,,,Pertalite,10000.0,IDR,L,id_oto_monthly_prices,2026-03-06T20:31:38,2bf86d61e04a4b47582c5363dec4b22eb426a44778c641546f832c61ee6badae
2024-01-19,Indonesia,National,,,Pertalite,10000.0,IDR,L,id_oto_monthly_prices,2026-03-06T20:31:38,1786061289ca3894a5131a823fc927963948a333b68496cad0fef319128b208b
2024-01-20,Indonesia,National,,,Pertalite,10000.0,IDR,L,id_oto_monthly_prices,2026-03-06T20:31:38,876085a5f7044efa38710236d677e53dc883049431062c5933957438a46d6d98
2024-01-21,Indonesia,National,,,Pertalite,10000.0,IDR,L,id_oto_monthly_prices,2026-03-06T20:31:38,3842fddb6d690aa951e7000f8d4b58ec9cf1dd2cd7ffb0bcad5aeb4b72f4d00b
2024-01-22,Indonesia,National,,,Pertalite,10000.0,IDR,L,id_oto_monthly_prices,2026-03-06T20:31:38,1e4c38997a4c85398a2f66e95db752bb15ab74dbebc5844d857623a22a48bd10
2024-01-23,Indonesia,National,,,Pertalite,10000.0,IDR,L,id_oto_monthly_prices,2026-03-06T20:31:38,9014cc7f270374e68837ddca78e8bd55be4bbf55ce1dd366d83a3646ded3840f
2024-01-24,Indonesia,National,,,Pertalite,10000.0,IDR,L,id_oto_monthly_prices,2026-03-06T20:31:38,c2ceb0270d97b97927698bf57d67622df18fb1d2fa8ad27ba2b76cd8aeb6ee49
2024-01-25,Indonesia,National,,,Pertalite,10000.0,IDR,L,id_oto_monthly_prices,2026-03-06T20:31:38,e67f5fe98a1fcb36ca09c14286313f34fd4306d6d696dd30f2318879f503b1ae
2024-01-26,Indonesia,National,,,Pertalite,10000.0,IDR,L,id_oto_monthly_prices,2026-03-06T20:31:38,316fac373475230f100f5ef834a371a629c662560d05a49ed62e2d1e8e74d938
2024-01-27,Indonesia,National,,,Pertalite,10000.0,IDR,L,id_oto_monthly_prices,2026-03-06T20:31:38,3d31f7d801ad36f974691fcdc2fe312540814155ec9d5bf9e28abaec4bdebffd
2024-01-28,Indonesia,National,,,Pertalite,10000.0,IDR,L,id_oto_monthly_prices,2026-03-06T20:31:38,0de685d30870e2939c53551fc7a3218c30cbff7ac55e4024ea3ae7a24e781abe
2024-01-29,Indonesia,National,,,Pertalite,10000.0,IDR,L,id_oto_monthly_prices,2026-03-06T20:31:38,9e7eac1a83236e6c7a6866151c65c72b26957c1a5e346d00156b0b3d7eb86f61
2024-01-30,Indonesia,National,,,Pertalite,10000.0,IDR,L,id_oto_monthly_prices,2026-03-06T20:31:38,6c1554fc169a2e715be3381a3079cd131eef704cc0c14789a7a9a0ae1d257faa
2024-01-31,Indonesia,National,,,Pertalite,10000.0,IDR,L,id_oto_monthly_prices,2026-03-06T20:31:38,6c57794dc49b729f445d8f84f00a08ea8b9ba83c5681a50f5f4a8c61be8cc467
2024-02-01,Indonesia,National,,,Pertalite,10000.0,IDR,L,id_oto_monthly_prices,2026-03-06T20:31:38,d3bf73e1e65c805bb93606d24fa477a0a246ec41fafc1240d9395b9e8c18e07a
2024-02-02,Indonesia,National,,,Pertalite,10000.0,IDR,L,id_oto_monthly_prices,2026-03-06T20:31:38,8f311682b5cd40961407adcfe85a76aefc71c24e8dacd22b265fd3a5df0cee6e
2024-02-03,Indonesia,National,,,Pertalite,10000.0,IDR,L,id_oto_monthly_prices,2026-03-06T20:31:38,562b897a9ff1a209333adb96d585cdf068a072b82e744e637290418d29a9f071
2024-02-04,Indonesia,National,,,Pertalite,10000.0,IDR,L,id_oto_monthly_prices,2026-03-06T20:31:38,607a2c5d7a8c569c43e20e54562dd5d63f987441ea1f4bba44fad3aca0da2175
2024-02-05,Indonesia,National,,,Pertalite,10000.0,IDR,L,id_oto_monthly_prices,2026-03-06T20:31:38,c758a0a24a5388d848648590e24f6312da3becc5a792124b8a9d51cf8962cbf4
2024-02-06,Indonesia,National,,,Pertalite,10000.0,IDR,L,id_oto_monthly_prices,2026-03-06T20:31:38,ad3242b8cd7873bb561678cb5a6b652133b8542f948d8884cd1bd3b5cbf4dda4
2024-02-07,Indonesia,National,,,Pertalite,10000.0,IDR,L,id_oto_monthly_prices,2026-03-06T20:31:38,a3b04f9bb3bfad01d7fa9c1121eb5742fe78e0daa65d995ea240f3b0055a08d9
2024-02-08,Indonesia,National,,,Pertalite,10000.0,IDR,L,id_oto_monthly_prices,2026-03-06T20:31:38,7d03c12c2f3bf85c2295b9a31c28cdd2c64d07f67c078fc80cb590fe66196c7f
2024-02-09,Indonesia,National,,,Pertalite,10000.0,IDR,L,id_oto_monthly_prices,2026-03-06T20:31:38,7ca81bc8622ebc59ea6d1bd18bebdad8b57ed216d148476e425c16fc832797f7
2024-02-10,Indonesia,National,,,Pertalite,10000.0,IDR,L,id_oto_monthly_prices,2026-03-06T20:31:38,6c5371dc4813071732ecaae0b4fa9f1da2271ff9f6b371dfe8b1c79a1d230e92
2024-02-11,Indonesia,National,,,Pertalite,10000.0,IDR,L,id_oto_monthly_prices,2026-03-06T20:31:38,3c04f0ca327f18ad882d1fd8f4b301978a15d6ef5a3deab39d5c237efff272e5
2024-02-12,Indonesia,National,,,Pertalite,10000.0,IDR,L,id_oto_monthly_prices,2026-03-06T20:31:38,88851818c17341e05e79921268c282b51f38e4072c8fb43412a1cbb6ffbf5eb2
2024-02-13,Indonesia,National,,,Pertalite,10000.0,IDR,L,id_oto_monthly_prices,2026-03-06T20:31:38,faa746f3e738bb38c5bf2bf6126d431705b7091eb88a3e5da05c4c9e21609119
2024-02-14,Indonesia,National,,,Pertalite,10000.0,IDR,L,id_oto_monthly_prices,2026-03-06T20:31:38,90bfe2d5bc9ad5102f0c2dc0b2b2f79d23ed18135f16cd3296b5bed84ba7283e
2024-02-15,Indonesia,National,,,Pertalite,10000.0,IDR,L,id_oto_monthly_prices,2026-03-06T20:31:38,1fa3301ace178d8ad4269e044943eb344c60c319074f4702ebcb771e7c7ecb4f
2024-02-16,Indonesia,National,,,Pertalite,10000.0,IDR,L,id_oto_monthly_prices,2026-03-06T20:31:38,2e1cb1af9382b64ed19c647fc2aff5187d37c8a09def2e822319915e968c24d7
2024-02-17,Indonesia,National,,,Pertalite,10000.0,IDR,L,id_oto_monthly_prices,2026-03-06T20:31:38,c3a3b274d7b268fe9451f6c46f08e9f941185c9b0a5de2566468ada184a0af6d
2024-02-18,Indonesia,National,,,Pertalite,10000.0,IDR,L,id_oto_monthly_prices,2026-03-06T20:31:38,f706d84c8822ed229cb1dd0c2cf8159b4aff1dfe954315c7915fd5344e8fb5cd
2024-02-19,Indonesia,National,,,Pertalite,10000.0,IDR,L,id_oto_monthly_prices,2026-03-06T20:31:38,8fcb4c0184e0b07e8cf6f1a85a981f7b4f3f8bc12f8728f798983412f1734856
2024-02-20,Indonesia,National,,,Pertalite,10000.0,IDR,L,id_oto_monthly_prices,2026-03-06T20:31:38,478a1b6c977964ca7fcb50fe5adff1bac425569e33502756fd279c86a8702b5d
2024-02-21,Indonesia,National,,,Pertalite,10000.0,IDR,L,id_oto_monthly_prices,2026-03-06T20:31:38,8eca2e411801b146dc654c2aeba5039943e62084ba3a6c821d948a868824cf2a
2024-02-22,Indonesia,National,,,Pertalite,10000.0,IDR,L,id_oto_monthly_prices,2026-03-06T20:31:38,148bb5e0fb600fcc956c0fb2d457177f6874bad0daef9e38f0a309707100c26d
2024-02-23,Indonesia,National,,,Pertalite,10000.0,IDR,L,id_oto_monthly_prices,2026-03-06T20:31:38,522b508737eca70dd536d99ea5768d6d2f67afcad3a12764b62e080e05e87b74
2024-02-24,Indonesia,National,,,Pertalite,10000.0,IDR,L,id_oto_monthly_prices,2026-03-06T20:31:38,0adeedce13e0cb5be3472883a2093d8a9ef3043057abf40fd389978f5a05765b
2024-02-25,Indonesia,National,,,Pertalite,10000.0,IDR,L,id_oto_monthly_prices,2026-03-06T20:31:38,749a16c94373e59bfad1f7e6cac579cc5db54582456e5a4c18d8d809594b3786
2024-02-26,Indonesia,National,,,Pertalite,10000.0,IDR,L,id_oto_monthly_prices,2026-03-06T20:31:38,14f70d4b995988e135a33cec2238136bbd6849d07f5a5d0858b6d4d9efe8b987
2024-02-27,Indonesia,National,,,Pertalite,10000.0,IDR,L,id_oto_monthly_prices,2026-03-06T20:31:38,5cf3f7ac64c6199137a7d5c331f1d3f9e0faa2b1d3a6a57c880b256ee3883fa7
2024-02-28,Indonesia,National,,,Pertalite,10000.0,IDR,L,id_oto_monthly_prices,2026-03-06T20:31:38,094d5cd6e465436e3acb1fbfaf51b82dd4772a4ce8ba0282b085b712eeb97239
2024-02-29,Indonesia,National,,,Pertalite,10000.0,IDR,L,id_oto_monthly_prices,2026-03-06T20:31:38,f5c51bbf3feddd5e6c624489380c2846ba5ea949f0f8523bc888049405a670d8
2024-03-01,Indonesia,National,,,Pertalite,10000.0,IDR,L,id_oto_monthly_prices,2026-03-06T20:31:38,b58bd8a29bb6a7440f2448021cc43ef1dd5ccb84768d942e7af3568660c7199f
2024-03-02,Indonesia,National,,,Pertalite,10000.0,IDR,L,id_oto_monthly_prices,2026-03-06T20:31:38,fcde77d36557a7ded24f92c31ea13f84d9134150a11b6b0b087f6b89ae6929a1
2024-03-03,Indonesia,National,,,Pertalite,10000.0,IDR,L,id_oto_monthly_prices,2026-03-06T20:31:38,123956e2f245031051599a6776dfb299cf6a17f986ba8d23d244951d60f6e55d
2024-03-04,Indonesia,National,,,Pertalite,10000.0,IDR,L,id_oto_monthly_prices,2026-03-06T20:31:38,eed5cc9b90a47989b2599d38bc8ac32a2171da8529b7f402644d2e0fe2ddf462
2024-03-05,Indonesia,National,,,Pertalite,10000.0,IDR,L,id_oto_monthly_prices,2026-03-06T20:31:38,274ebf837e8cee68934c59153ed522a154549fc39a1565de15190b535f170c72
2024-03-06,Indonesia,National,,,Pertalite,10000.0,IDR,L,id_oto_monthly_prices,2026-03-06T20:31:38,45a11ab0779ad0d5f82290732b06ffcd01e259c97ac983ffe83f2844b43f798a
2024-03-07,Indonesia,National,,,Pertalite,10000.0,IDR,L,id_oto_monthly_prices,2026-03-06T20:31:38,53dca4946da1f73cbce52ba37547dc65625392110543e37d7dfda2b0ae5a121e
2024-03-08,Indonesia,National,,,Pertalite,10000.0,IDR,L,id_oto_monthly_prices,2026-03-06T20:31:38,71523fa50459cce94bd4841852f4adab39ca5a763f90f6051912f2934aedaec5
2024-03-09,Indonesia,National,,,Pertalite,10000.0,IDR,L,id_oto_monthly_prices,2026-03-06T20:31:38,a78c6d94bf866cc1dc0679b2d8ba1aa9546db01a2be06b28bafdea999da2ff40
2024-03-10,Indonesia,National,,,Pertalite,10000.0,IDR,L,id_oto_monthly_prices,2026-03-06T20:31:38,978caa1100e53943161c69d94c0cf9a235a0ff7cc01222f55fd45c15e4a4e95e
2024-03-11,Indonesia,National,,,Pertalite,10000.0,IDR,L,id_oto_monthly_prices,2026-03-06T20:31:38,5b6bae227afa153071818c92cb393cbb018016be813ecd5dd51437c49aef5eef
2024-03-12,Indonesia,National,,,Pertalite,10000.0,IDR,L,id_oto_monthly_prices,2026-03-06T20:31:38,b410f4069fc6edaabb6c965d725bab1d244cbc8ae43616839c3115683d53f79e
2024-03-13,Indonesia,National,,,Pertalite,10000.0,IDR,L,id_oto_monthly_prices,2026-03-06T20:31:38,5e05f046712daaad92fc226c55878a47a2862da1a7bf4c338cbc7d4606cd44ff
2024-03-14,Indonesia,National,,,Pertalite,10000.0,IDR,L,id_oto_monthly_prices,2026-03-06T20:31:38,37d3869e8527d0cfeecc5a7d147e82c58d487583ca7e7e66e1532f930a0b12e8
2024-03-15,Indonesia,National,,,Pertalite,10000.0,IDR,L,id_oto_monthly_prices,2026-03-06T20:31:38,894d73dae5644094d7e582c5d2c5ec7b96e765fb66dffb6fd1db6dc88eba840f
2024-03-16,Indonesia,National,,,Pertalite,10000.0,IDR,L,id_oto_monthly_prices,2026-03-06T20:31:38,2704a6ea1c9a66f00d26bc19d6a5dcc374e14b09d5ae2b3d1317cab9302e2a39
2024-03-17,Indonesia,National,,,Pertalite,10000.0,IDR,L,id_oto_monthly_prices,2026-03-06T20:31:38,94772fc366ed7bf6de6ada12f624d2a7693fd4feb346eea16d79b38f669c9f26
2024-03-18,Indonesia,National,,,Pertalite,10000.0,IDR,L,id_oto_monthly_prices,2026-03-06T20:31:38,66640915a55c44c4f5807e3a6b813a41946d86d8f77a594593959f354b93fe76
2024-03-19,Indonesia,National,,,Pertalite,10000.0,IDR,L,id_oto_monthly_prices,2026-03-06T20:31:38,3fa32e0f3d60cc8dc0741d803bc0293978c51f69d5aaf9a9f917f963475d372a
2024-03-20,Indonesia,National,,,Pertalite,10000.0,IDR,L,id_oto_monthly_prices,2026-03-06T20:31:38,ced46a7775d60b7dd208430266380ba31dcf0ea2a55db6182b12fed6d9978a35
2024-03-21,Indonesia,National,,,Pertalite,10000.0,IDR,L,id_oto_monthly_prices,2026-03-06T20:31:38,c2105f17e1b8f2210e6cb882c82b905b563e0e4d3f2f4e5369b65aa4f3f68536
2024-03-22,Indonesia,National,,,Pertalite,10000.0,IDR,L,id_oto_monthly_prices,2026-03-06T20:31:38,9a032277b39ca033872c0740f8c1d545cd337188e580a06e98c361f783e652bb
2024-03-23,Indonesia,National,,,Pertalite,10000.0,IDR,L,id_oto_monthly_prices,2026-03-06T20:31:38,312930eabe29bedef432a992eb83a69912ed9e43c93d66497aace0582e54a4cc
2024-03-24,Indonesia,National,,,Pertalite,10000.0,IDR,L,id_oto_monthly_prices,2026-03-06T20:31:38,25284559fb450b508b8ce00ff3a4e70329a4d003efec9ffa64750d741d52716c
2024-03-25,Indonesia,National,,,Pertalite,10000.0,IDR,L,id_oto_monthly_prices,2026-03-06T20:31:38,e48172a6a4be0895088d93a900b5097aafa59b6ac2edc45e6b2c1d65b347742c
2024-03-26,Indonesia,National,,,Pertalite,10000.0,IDR,L,id_oto_monthly_prices,2026-03-06T20:31:38,81944cc4e5662943e5ed1909acc68bfd5d2dbef492830bfb4087895357a4ad71
2024-03-27,Indonesia,National,,,Pertalite,10000.0,IDR,L,id_oto_monthly_prices,2026-03-06T20:31:38,da9983545a2d4351a44bc0917dc235a55703fa5a7117c09e47601258a7e2eb9a
2024-03-28,Indonesia,National,,,Pertalite,10000.0,IDR,L,id_oto_monthly_prices,2026-03-06T20:31:38,7e4cb810a22bb19157f0636e6db9143a6d51e7d2a831a28a9e4e3b8a67cf8438
2024-03-29,Indonesia,National,,,Pertalite,10000.0,IDR,L,id_oto_monthly_prices,2026-03-06T20:31:38,a9e4cd727ca68fb3712c2138a3d425897317130bc85c06caeaf178cc4874d9c9
2024-03-30,Indonesia,National,,,Pertalite,10000.0,IDR,L,id_oto_monthly_prices,2026-03-06T20:31:38,a3d1553729c6ee98f00f05e806d560f137cfe78a08a6d85833a41c1ee3b49fdb
2024-03-31,Indonesia,National,,,Pertalite,10000.0,IDR,L,id_oto_monthly_prices,2026-03-06T20:31:38,ac937c5e06f19fa051658c06fb8530c64526f5e278b68e5a2a85a053153cfd27
2024-04-01,Indonesia,National,,,Pertalite,10000.0,IDR,L,id_oto_monthly_prices,2026-03-06T20:31:38,dd1eb01c65c192119087746f4fe8284bdc2f9a1b85a3e5b7164a96802f752858
2024-04-02,Indonesia,National,,,Pertalite,10000.0,IDR,L,id_oto_monthly_prices,2026-03-06T20:31:38,502f620ed9fd07402d9190b88db421f75d27d08669db6cc5406e45b336c803a2
2024-04-03,Indonesia,National,,,Pertalite,10000.0,IDR,L,id_oto_monthly_prices,2026-03-06T20:31:38,83dd32caa5e2ccfaec58a7b033177cab3a9433d6451a406be4cd2656ea3be865
2024-04-04,Indonesia,National,,,Pertalite,10000.0,IDR,L,id_oto_monthly_prices,2026-03-06T20:31:38,37a0bc2f2d0180d9cab0b1980992b551193b3d1936f5cf82558e27e4417c47cc
2024-04-05,Indonesia,National,,,Pertalite,10000.0,IDR,L,id_oto_monthly_prices,2026-03-06T20:31:38,6017508c0ab8c47e9966b0a73fea032816620c82c19b4b3fd8c8b9864cf24a2b
2024-04-06,Indonesia,National,,,Pertalite,10000.0,IDR,L,id_oto_monthly_prices,2026-03-06T20:31:38,8d7e5598cd784436fbdfef1f049ccd1a8323a328b0f376bce592f88dc269c860
2024-04-07,Indonesia,National,,,Pertalite,10000.0,IDR,L,id_oto_monthly_prices,2026-03-06T20:31:38,50b010b86e27fc5a9d3f38c1b38005a49d7e18fa2e73e1ba00fa585f5d9b0863
2024-04-08,Indonesia,National,,,Pertalite,10000.0,IDR,L,id_oto_monthly_prices,2026-03-06T20:31:38,ede1a7792a89381ced18420ba8d9f8e069373e6785df6a4a4c14b3c45e3db01e
2024-04-09,Indonesia,National,,,Pertalite,10000.0,IDR,L,id_oto_monthly_prices,2026-03-06T20:31:38,6cf259c69244cf5402818e11bb08b23ac97b232b521983d56eb54a2061a2435e
2024-04-10,Indonesia,National,,,Pertalite,10000.0,IDR,L,id_oto_monthly_prices,2026-03-06T20:31:38,ced40e9d376fd6eba891b04dc426ea359ddeeaa0ed857b154ae200ca2eb83df7
2024-04-11,Indonesia,National,,,Pertalite,10000.0,IDR,L,id_oto_monthly_prices,2026-03-06T20:31:38,79404e2c4a36840f7d1970f38993c576750621e8b66f77871755740ce9f9a419
2024-04-12,Indonesia,National,,,Pertalite,10000.0,IDR,L,id_oto_monthly_prices,2026-03-06T20:31:38,b7533e675d92cf720d35f3758934b8458ed75676909788b8ff0143fa61724dba
2024-04-13,Indonesia,National,,,Pertalite,10000.0,IDR,L,id_oto_monthly_prices,2026-03-06T20:31:38,1310187252c4c8b8d111ed67770f0e05272f7bc5ee382661621d4439203fb31b
2024-04-14,Indonesia,National,,,Pertalite,10000.0,IDR,L,id_oto_monthly_prices,2026-03-06T20:31:38,93f2597638c4e8f5e4926bba9f7f95826822b1a1127f43eae19bca9f27498c32
2024-04-15,Indonesia,National,,,Pertalite,10000.0,IDR,L,id_oto_monthly_prices,2026-03-06T20:31:38,bee0decbeacd97ac8751471354a12503b7dec13bbaf389521c356a105e66c5e1
2024-04-16,Indonesia,National,,,Pertalite,10000.0,IDR,L,id_oto_monthly_prices,2026-03-06T20:31:38,ba84fa0b9cfd47af031ea92d9c72359f3e68988a4d76dd1f77234268efb437a0
2024-04-17,Indonesia,National,,,Pertalite,10000.0,IDR,L,id_oto_monthly_prices,2026-03-06T20:31:38,71af730e51ba0b234cd2f13b1e9d56b3da5c4346c5127f8397c6d581e57ae24e
2024-04-18,Indonesia,National,,,Pertalite,10000.0,IDR,L,id_oto_monthly_prices,2026-03-06T20:31:38,7aad820e78a08147b7fbcb5ff57b3c94cb29bd0ca3e2519d7f99a4bb95204964
2024-04-19,Indonesia,National,,,Pertalite,10000.0,IDR,L,id_oto_monthly_prices,2026-03-06T20:31:38,9b15fcce483b0312632037d754e0a350f07248a9b6ed8fc6e6d220bae02bc584
2024-04-20,Indonesia,National,,,Pertalite,10000.0,IDR,L,id_oto_monthly_prices,2026-03-06T20:31:38,6e37fba1238b70748f923e43d6f5c3c853c262cb304e4b47074d6745032a5365
2024-04-21,Indonesia,National,,,Pertalite,10000.0,IDR,L,id_oto_monthly_prices,2026-03-06T20:31:38,41102e65a66b2fc411f9af129db16ec4f75d2ec9dddb4b2bbe837f0687c0b1cb
2024-04-22,Indonesia,National,,,Pertalite,10000.0,IDR,L,id_oto_monthly_prices,2026-03-06T20:31:38,2aa1c8666f4500549a5fd7f4e0a01e01d168960ccb953d6744dd619d56af1dbd
2024-04-23,Indonesia,National,,,Pertalite,10000.0,IDR,L,id_oto_monthly_prices,2026-03-06T20:31:38,4c16e9a63fb3bee94c05f79473e43477ce945a59b9ea9448b6a1991a937ecc8a
2024-04-24,Indonesia,National,,,Pertalite,10000.0,IDR,L,id_oto_monthly_prices,2026-03-06T20:31:38,fbc7719f47c19c3e8aa72d813f9cd55e1eeeec51004dac7d978d214764fb1b3b
2024-04-25,Indonesia,National,,,Pertalite,10000.0,IDR,L,id_oto_monthly_prices,2026-03-06T20:31:38,4bf6143dbc01fdc2d1de19dc709770e605ac4ff022de26392c5585e9633bf0ab
2024-04-26,Indonesia,National,,,Pertalite,10000.0,IDR,L,id_oto_monthly_prices,2026-03-06T20:31:38,0bf97a7c6081ca78b0816a36f0aef92376bf23e7bf7d664757b66a677eeded81
2024-04-27,Indonesia,National,,,Pertalite,10000.0,IDR,L,id_oto_monthly_prices,2026-03-06T20:31:38,975c4348452fcca901682753f810e7aed578099020c65a6374f44c6043169827
2024-04-28,Indonesia,National,,,Pertalite,10000.0,IDR,L,id_oto_monthly_prices,2026-03-06T20:31:38,e7da51470411a994380921d367c91b68a08a15b99053588e5e1d840142da7328
2024-04-29,Indonesia,National,,,Pertalite,10000.0,IDR,L,id_oto_monthly_prices,2026-03-06T20:31:38,cce468def2db8b392d1dab9ef236967b200c51b8f0ab71246c5b59b956cc5bec
2024-04-30,Indonesia,National,,,Pertalite,10000.0,IDR,L,id_oto_monthly_prices,2026-03-06T20:31:38,5156712d571cb6eac99726564b9c1178a0dd4d0c0c4aec1af667b456903274bf
2024-05-01,Indonesia,National,,,Pertalite,10000.0,IDR,L,id_oto_monthly_prices,2026-03-06T20:31:38,0f19ad21671f50de9a6b3f21defe07f1d3332992b88c086d4a77711a5c36710a
2024-05-02,Indonesia,National,,,Pertalite,10000.0,IDR,L,id_oto_monthly_prices,2026-03-06T20:31:38,5abe5aa9bfc6049193d969b7592d65c829103625b46e580cf4e1d4851e1d3b10
2024-05-03,Indonesia,National,,,Pertalite,10000.0,IDR,L,id_oto_monthly_prices,2026-03-06T20:31:38,050886e54d562e0fd364ae641927e7050bc4e2b7f46243550156d20b1344c45e
2024-05-04,Indonesia,National,,,Pertalite,10000.0,IDR,L,id_oto_monthly_prices,2026-03-06T20:31:38,500bfb162af1573783054bf5196cc0583a09f750f56879d68bb73a463d14c44b
2024-05-05,Indonesia,National,,,Pertalite,10000.0,IDR,L,id_oto_monthly_prices,2026-03-06T20:31:38,aa7131a0fae30d2827388521a950e0a10632ce0fbd4581bbde41adb291f7400c
2024-05-06,Indonesia,National,,,Pertalite,10000.0,IDR,L,id_oto_monthly_prices,2026-03-06T20:31:38,e7f7aa4bf0573afa3c60476ceacf76d93e32db6c63ade4f3612f7550f8e46fd3
2024-05-07,Indonesia,National,,,Pertalite,10000.0,IDR,L,id_oto_monthly_prices,2026-03-06T20:31:38,e4fa875a6bf115f7d681adc5f8b3222ae95a54546b612abc13269aeeb0a6f3c4
2024-05-08,Indonesia,National,,,Pertalite,10000.0,IDR,L,id_oto_monthly_prices,2026-03-06T20:31:38,8d70f9c78e9ebf3ea0d4b8149f022dd8edbd70d8dda94ac667ca4c9bc6a7b1f7
2024-05-09,Indonesia,National,,,Pertalite,10000.0,IDR,L,id_oto_monthly_prices,2026-03-06T20:31:38,1b30e9345a922039687c62e118e452bac0608832eec4878becaeccd2cc3a1e40
2024-05-10,Indonesia,National,,,Pertalite,10000.0,IDR,L,id_oto_monthly_prices,2026-03-06T20:31:38,0e8cb83e48b3bc868cfb8fb37f1ab53ba037bb8f97903453169e71dd13b24583
2024-05-11,Indonesia,National,,,Pertalite,10000.0,IDR,L,id_oto_monthly_prices,2026-03-06T20:31:38,57936879a9d280e66861aa6a125fa1f857f63bf8cea2e2f68cdb8d85b505b374
2024-05-12,Indonesia,National,,,Pertalite,10000.0,IDR,L,id_oto_monthly_prices,2026-03-06T20:31:38,5fcd3fcf4607d95721b19abe9432fdc9fce55c737b601e7f44b271577b087ab8
2024-05-13,Indonesia,National,,,Pertalite,10000.0,IDR,L,id_oto_monthly_prices,2026-03-06T20:31:38,017412452a06a7917b5d91d3b27e7bdfb648d77ad81db1e568a8152b52141d70
2024-05-14,Indonesia,National,,,Pertalite,10000.0,IDR,L,id_oto_monthly_prices,2026-03-06T20:31:38,4ce0b89ef600a110878c919f05fc425e416000f6fd1c33c4e32fd6fdef6164d1
2024-05-15,Indonesia,National,,,Pertalite,10000.0,IDR,L,id_oto_monthly_prices,2026-03-06T20:31:38,ecc792204a230a34d3a9618f9036744a6b8f43cb0f1dde509f7d0572f2c36064
2024-05-16,Indonesia,National,,,Pertalite,10000.0,IDR,L,id_oto_monthly_prices,2026-03-06T20:31:38,d5c4bd0de94823182c15c4af3b0843099a6385f98def5f61e5e27219745a52d0
2024-05-17,Indonesia,National,,,Pertalite,10000.0,IDR,L,id_oto_monthly_prices,2026-03-06T20:31:38,f0ac1abc3af02cc8732ad02a83c1541046597c688e03ada2e120d6c627920c65
2024-05-18,Indonesia,National,,,Pertalite,10000.0,IDR,L,id_oto_monthly_prices,2026-03-06T20:31:38,07142698ee238c67b2a2a1ae6533d63a20a57db00f8eb21c405e8ae1bb68af31
2024-05-19,Indonesia,National,,,Pertalite,10000.0,IDR,L,id_oto_monthly_prices,2026-03-06T20:31:38,4c2fc18d2acca0de41203574ae06f6e8f2a5c01be26cdea9b764779aaa29b67f
2024-05-20,Indonesia,National,,,Pertalite,10000.0,IDR,L,id_oto_monthly_prices,2026-03-06T20:31:38,d735c0d91fa1587f17e832fd17861a2d02461379da1caef308d555bb2898cbc9
2024-05-21,Indonesia,National,,,Pertalite,10000.0,IDR,L,id_oto_monthly_prices,2026-03-06T20:31:38,e90a066ed6a6d63f35e59866f25965bcaf7c7c3bd1e60fe6bd761ab003d2b903
2024-05-22,Indonesia,National,,,Pertalite,10000.0,IDR,L,id_oto_monthly_prices,2026-03-06T20:31:38,aee455f0f3bac74f67ab75c65d5c05a040de3e44212f142801fee8243655f8cb
2024-05-23,Indonesia,National,,,Pertalite,10000.0,IDR,L,id_oto_monthly_prices,2026-03-06T20:31:38,e336ec25389b4ce6282b63a723be4a88d8d4b59111ae4da09b680b63bf90fbc7
2024-05-24,Indonesia,National,,,Pertalite,10000.0,IDR,L,id_oto_monthly_prices,2026-03-06T20:31:38,8f150be6489c9d87a35df9ebf12642b9dc76893cc9747c7b0357eff4c0e1fd7b
2024-05-25,Indonesia,National,,,Pertalite,10000.0,IDR,L,id_oto_monthly_prices,2026-03-06T20:31:38,b24958a4314b3b5bd7c3470a0652a5c840778ddbdfc9f4eb6518caf243bf1874
2024-05-26,Indonesia,National,,,Pertalite,10000.0,IDR,L,id_oto_monthly_prices,2026-03-06T20:31:38,707fb6b36ee81c277be49f3e853988a10b8c5ec803cf290ba16a7518d9b04dc0
2024-05-27,Indonesia,National,,,Pertalite,10000.0,IDR,L,id_oto_monthly_prices,2026-03-06T20:31:38,e55647259601a9960351b834b7887c64a6a07e1eea4a76d3662bf0f00839e38a
2024-05-28,Indonesia,National,,,Pertalite,10000.0,IDR,L,id_oto_monthly_prices,2026-03-06T20:31:38,22b4a39d508677da2e548036db8a3646f225808c44e2fb704ed116dd01b691ec
2024-05-29,Indonesia,National,,,Pertalite,10000.0,IDR,L,id_oto_monthly_prices,2026-03-06T20:31:38,5f27460e67ab77784dbc9a363dc492ed6e67c9fe769d849aaf46cdc8da54f580
2024-05-30,Indonesia,National,,,Pertalite,10000.0,IDR,L,id_oto_monthly_prices,2026-03-06T20:31:38,a8bd0e0a48c1a76dd1e0b62ffb9bcf7d8f607c0df39c0d4c95f79d741bbd8957
2024-05-31,Indonesia,National,,,Pertalite,10000.0,IDR,L,id_oto_monthly_prices,2026-03-06T20:31:38,56b1cd73e4d23ef08a61004313430c138bdf2f448f889c5bd54304b7209a97a8
2024-06-01,Indonesia,National,,,Pertalite,10000.0,IDR,L,id_oto_monthly_prices,2026-03-06T20:31:38,2d4e39c591b56f996d23c9c7204f54d2ff462823108d6e10f81e7ef2c161765d
2024-06-02,Indonesia,National,,,Pertalite,10000.0,IDR,L,id_oto_monthly_prices,2026-03-06T20:31:38,f76484bfb9fc341e33f7b80422c535e43b611c55e76b6fadaf87193f489530f6
2024-06-03,Indonesia,National,,,Pertalite,10000.0,IDR,L,id_oto_monthly_prices,2026-03-06T20:31:38,77b4664ba3f79d74232929f9831efb76a17cd3e663f9c248ac89f3f2a4b34d19
2024-06-04,Indonesia,National,,,Pertalite,10000.0,IDR,L,id_oto_monthly_prices,2026-03-06T20:31:38,096178e76b5348b2e631f14f599b3196933118b3f723e6bf7ae65b47cbfc30f7
2024-06-05,Indonesia,National,,,Pertalite,10000.0,IDR,L,id_oto_monthly_prices,2026-03-06T20:31:38,8109819f9053f10116dd55ad426570afb25168c9b4a1e1abe7079f99a69a217d
2024-06-06,Indonesia,National,,,Pertalite,10000.0,IDR,L,id_oto_monthly_prices,2026-03-06T20:31:38,4db1304a3beaf8a726fde1445ed306e741f18428a509a38c879761c26f53cec8
2024-06-07,Indonesia,National,,,Pertalite,10000.0,IDR,L,id_oto_monthly_prices,2026-03-06T20:31:38,f40749c29734d5b582e7cefa532e09bed67dfd80587d8b8eeee3c1a01f04ac01
2024-06-08,Indonesia,National,,,Pertalite,10000.0,IDR,L,id_oto_monthly_prices,2026-03-06T20:31:38,3bb824676848cb0ba63c45f93f6f0ce11536540e770bc0ed51277c0eb3195f48
2024-06-09,Indonesia,National,,,Pertalite,10000.0,IDR,L,id_oto_monthly_prices,2026-03-06T20:31:38,a277ebbe9fd9f4b8d574ecd240237132cce3bd24577d4abd71f9b752a71bf815
2024-06-10,Indonesia,National,,,Pertalite,10000.0,IDR,L,id_oto_monthly_prices,2026-03-06T20:31:38,4f9b87a5970f4aa742577a1579c9370f4b736e18f3d14503d80251f8ace5cc36
2024-06-11,Indonesia,National,,,Pertalite,10000.0,IDR,L,id_oto_monthly_prices,2026-03-06T20:31:38,db97c6263ead4e3277d2d7404b7185aee14c5bc609a5401b18f2672cd506a169
2024-06-12,Indonesia,National,,,Pertalite,10000.0,IDR,L,id_oto_monthly_prices,2026-03-06T20:31:38,435b646ab5b43e9bf112c40f7f4159092453a763c5c69680de0568d3dd50806e
2024-06-13,Indonesia,National,,,Pertalite,10000.0,IDR,L,id_oto_monthly_prices,2026-03-06T20:31:38,dad7683044a544a1044f8361f0b69e3e14ed2bcfecabd2a032178ea60a12bd03
2024-06-14,Indonesia,National,,,Pertalite,10000.0,IDR,L,id_oto_monthly_prices,2026-03-06T20:31:38,5dc7446f78f56fd3b6987dd48cbce301c9a13c994073d446fa8e508b68ab44b5
2024-06-15,Indonesia,National,,,Pertalite,10000.0,IDR,L,id_oto_monthly_prices,2026-03-06T20:31:38,fd22e44df3f825c94cb77690c65e94c13f4c0757edd7ccafe51f219e9b5fbf01
2024-06-16,Indonesia,National,,,Pertalite,10000.0,IDR,L,id_oto_monthly_prices,2026-03-06T20:31:38,dcadc85da2b63b6cfcbcf622884347f46c44852b82c0353a6367c48de3a96be4
2024-06-17,Indonesia,National,,,Pertalite,10000.0,IDR,L,id_oto_monthly_prices,2026-03-06T20:31:38,344d063bc2ece9e21be435aa1a5fad03b919f36557a5ee4845207323b83f6e09
2024-06-18,Indonesia,National,,,Pertalite,10000.0,IDR,L,id_oto_monthly_prices,2026-03-06T20:31:38,aa958c3160e4949ab8ca3a7888a12943b06402e87ee37b9eef662c732b4973c2
2024-06-19,Indonesia,National,,,Pertalite,10000.0,IDR,L,id_oto_monthly_prices,2026-03-06T20:31:38,37369a0bc22b493d8b6b295475cef1ef39addb5630392f8ed9faf6285b7a702c
2024-06-20,Indonesia,National,,,Pertalite,10000.0,IDR,L,id_oto_monthly_prices,2026-03-06T20:31:38,6ff6552218b8f1396f6331dd91b278e7ca5fcb38671863f302155a6a4835e6d6
2024-06-21,Indonesia,National,,,Pertalite,10000.0,IDR,L,id_oto_monthly_prices,2026-03-06T20:31:38,12db8881c0ca7a0dee03e5e8f79cb4d4ae7e1aa306fbb36b4ccd8913294fa9b8
2024-06-22,Indonesia,National,,,Pertalite,10000.0,IDR,L,id_oto_monthly_prices,2026-03-06T20:31:38,601333a8e1203762e7a6f93ffb2d9ed627bffc2d4bbf375a0a4bd6dec650dbc1
2024-06-23,Indonesia,National,,,Pertalite,10000.0,IDR,L,id_oto_monthly_prices,2026-03-06T20:31:38,e789349b92d9627b0a9829e01053f847a5b71066f4acec0d78af5a6727e969b1
2024-06-24,Indonesia,National,,,Pertalite,10000.0,IDR,L,id_oto_monthly_prices,2026-03-06T20:31:38,e1c267f9ab403a11b4d47dbbfd2a5ac31e83d721a6eb1a4366fc9428117f445d
2024-06-25,Indonesia,National,,,Pertalite,10000.0,IDR,L,id_oto_monthly_prices,2026-03-06T20:31:38,03cc83832cc3ab26ed4e71c341c9473dcd9d24baf735b3860d9598f09ada5c6b
2024-06-26,Indonesia,National,,,Pertalite,10000.0,IDR,L,id_oto_monthly_prices,2026-03-06T20:31:38,87bfcb3242e10e8ba5e4551bb31c50e9a3a267c9d183b473544d103cd36226e1
2024-06-27,Indonesia,National,,,Pertalite,10000.0,IDR,L,id_oto_monthly_prices,2026-03-06T20:31:38,0e481c3c6ed37ffac573d1781f8bf32769bb9ece288eee05107035424eaada91
2024-06-28,Indonesia,National,,,Pertalite,10000.0,IDR,L,id_oto_monthly_prices,2026-03-06T20:31:38,9bf8466e8dd65c2602071f7b9259598d21b34997787b379017223d7015093d62
2024-06-29,Indonesia,National,,,Pertalite,10000.0,IDR,L,id_oto_monthly_prices,2026-03-06T20:31:38,2283d992677245b5d8b9fbc16d76bd2b46572aba67a781949de0ec46041a32b1
2024-06-30,Indonesia,National,,,Pertalite,10000.0,IDR,L,id_oto_monthly_prices,2026-03-06T20:31:38,536528c1564159ba743bc91ae0acdc111a431295cc9f5e640dbd7fc42c89a7f2
2024-07-01,Indonesia,National,,,Pertalite,10000.0,IDR,L,id_oto_monthly_prices,2026-03-06T20:31:38,3f4e7cc6c7ca046a892df49f49fb2370c734f9f8d1d12d1da6accad7f54a37a0
2024-07-02,Indonesia,National,,,Pertalite,10000.0,IDR,L,id_oto_monthly_prices,2026-03-06T20:31:38,722a5704b9bd32fcb52abb3ddad3f53fe72e9c7adf844188315fdaa1c06dc9cf
2024-07-03,Indonesia,National,,,Pertalite,10000.0,IDR,L,id_oto_monthly_prices,2026-03-06T20:31:38,bf9530b53fac03a4858bea845f62b67c15174be701f7f8093da9b3ee2ee32cbb
2024-07-04,Indonesia,National,,,Pertalite,10000.0,IDR,L,id_oto_monthly_prices,2026-03-06T20:31:38,3311d1347e63cfd0b3408106a29c6994e22737dee04859a93fff1b237efb2272
2024-07-05,Indonesia,National,,,Pertalite,10000.0,IDR,L,id_oto_monthly_prices,2026-03-06T20:31:38,03ae1b9358e8c588e5afde18d5342f878e4ec2a06f4a28bf1317b877e5382ecb
2024-07-06,Indonesia,National,,,Pertalite,10000.0,IDR,L,id_oto_monthly_prices,2026-03-06T20:31:38,3462d5ef4141a9157e75dc71d49407f506698b19e44da50a9a039b015cee3759
2024-07-07,Indonesia,National,,,Pertalite,10000.0,IDR,L,id_oto_monthly_prices,2026-03-06T20:31:38,33c9b2f70f69aa9db1625b7eca9badc7796928f23370ee04967a35427be0fd36
2024-07-08,Indonesia,National,,,Pertalite,10000.0,IDR,L,id_oto_monthly_prices,2026-03-06T20:31:38,db8581b5c75b85ee09087dff34b4ea3a3744b3c4c64b0743e4b307548c06549e
2024-07-09,Indonesia,National,,,Pertalite,10000.0,IDR,L,id_oto_monthly_prices,2026-03-06T20:31:38,4fbe83cba39ea0e2199beef0ec85c59d8dffda8847eb5aac7160218d8c231f46
2024-07-10,Indonesia,National,,,Pertalite,10000.0,IDR,L,id_oto_monthly_prices,2026-03-06T20:31:38,a21e69ca3f57283f95959337805288359844552731aad58f3ef42a3a8ca34715
2024-07-11,Indonesia,National,,,Pertalite,10000.0,IDR,L,id_oto_monthly_prices,2026-03-06T20:31:38,bc8740b0630609a24f55b528ca3237e0d8ed54de3aad2482b314fedfa24ea6a7
2024-07-12,Indonesia,National,,,Pertalite,10000.0,IDR,L,id_oto_monthly_prices,2026-03-06T20:31:38,5042451b325cb2eb0bef45c509ec2738d953066f6604e6e9672a2411484e0a82
2024-07-13,Indonesia,National,,,Pertalite,10000.0,IDR,L,id_oto_monthly_prices,2026-03-06T20:31:38,dd7d60bf9a384433e384935b8edc45ecdc77d59ad767450a7a83ed459668e652
2024-07-14,Indonesia,National,,,Pertalite,10000.0,IDR,L,id_oto_monthly_prices,2026-03-06T20:31:38,509b9060363e55ec333e221bfe9f68852848a5d9fdff6d24b162c8277a00e547
2024-07-15,Indonesia,National,,,Pertalite,10000.0,IDR,L,id_oto_monthly_prices,2026-03-06T20:31:38,d209054ab26d9aa2b7717028b0c044bee40cbf815af65e9db8ba268518450688
2024-07-16,Indonesia,National,,,Pertalite,10000.0,IDR,L,id_oto_monthly_prices,2026-03-06T20:31:38,593e5249f7261198bb446a11e86ab62e2f29cf7b47dea928b33842b3b1b34947
2024-07-17,Indonesia,National,,,Pertalite,10000.0,IDR,L,id_oto_monthly_prices,2026-03-06T20:31:38,c7f991e6a289e3805691ce53dcc89ac734fb1fa3ed51c61efe3749020374614e
2024-07-18,Indonesia,National,,,Pertalite,10000.0,IDR,L,id_oto_monthly_prices,2026-03-06T20:31:38,03392c6489e8d4bfc62d4fa018fb83d9a89964344956aa28b5cd761798288a12
2024-07-19,Indonesia,National,,,Pertalite,10000.0,IDR,L,id_oto_monthly_prices,2026-03-06T20:31:38,d65e0bed1927bd9074859abba1c64808675c6e4b2d2156c46ddf81f99ba59f12
2024-07-20,Indonesia,National,,,Pertalite,10000.0,IDR,L,id_oto_monthly_prices,2026-03-06T20:31:38,ff5d5e1b9a123e6c8ab31487b9fc7541ee01de60625dbc3cd1d614e7c4deaa45
2024-07-21,Indonesia,National,,,Pertalite,10000.0,IDR,L,id_oto_monthly_prices,2026-03-06T20:31:38,5d7d6f253144dbd6907a4ffedc4fef69629b2c5a137f5c184ccc15d8693a74d8
2024-07-22,Indonesia,National,,,Pertalite,10000.0,IDR,L,id_oto_monthly_prices,2026-03-06T20:31:38,424a4a263a622bd4484180a65de3836ecf98987d650c9e215b5b82aa1c7576b2
2024-07-23,Indonesia,National,,,Pertalite,10000.0,IDR,L,id_oto_monthly_prices,2026-03-06T20:31:38,9623d8a759002beb34b2d461de9faac8b764a416b0fd529519149019eb062cb5
2024-07-24,Indonesia,National,,,Pertalite,10000.0,IDR,L,id_oto_monthly_prices,2026-03-06T20:31:38,9d038155babb2f553dddbfcfd4994701951e4e0dbf0fe196e21d2e4f9da694a0
2024-07-25,Indonesia,National,,,Pertalite,10000.0,IDR,L,id_oto_monthly_prices,2026-03-06T20:31:38,85afd8b83c3b16a232f8aec30c6ab52f473e5de58fcab9466d4aae60284ba05e
2024-07-26,Indonesia,National,,,Pertalite,10000.0,IDR,L,id_oto_monthly_prices,2026-03-06T20:31:38,cda75fcbf8b1a95ebb954b952fe3f07b325439d60d34f69757efec1f862becc0
2024-07-27,Indonesia,National,,,Pertalite,10000.0,IDR,L,id_oto_monthly_prices,2026-03-06T20:31:38,3a1660bda5994681b7fe5114f6eeed175ecca8322caa124442297465532e49c5
2024-07-28,Indonesia,National,,,Pertalite,10000.0,IDR,L,id_oto_monthly_prices,2026-03-06T20:31:38,9d74ceb09637e8ce14ed58af8db8d13f72b2064ba7c81e4de096faf23707a8db
2024-07-29,Indonesia,National,,,Pertalite,10000.0,IDR,L,id_oto_monthly_prices,2026-03-06T20:31:38,df140e7e0b72767368fa069eb83db7bce43df27683e1c28d8c77f818ae74af1e
2024-07-30,Indonesia,National,,,Pertalite,10000.0,IDR,L,id_oto_monthly_prices,2026-03-06T20:31:38,b9373ecb3fd680f632e59ba7693954cc39ff6fe75bff3faf7fb77e5cbb1ef828
2024-07-31,Indonesia,National,,,Pertalite,10000.0,IDR,L,id_oto_monthly_prices,2026-03-06T20:31:38,30de7da3a3b7b678f67c0d77e35a5f09ac7e810b5e93e3f8fa9d37ea6c1b4304
2024-08-01,Indonesia,National,,,Pertalite,10000.0,IDR,L,id_oto_monthly_prices,2026-03-06T20:31:38,7744f227f77696f333ab3cf4207c30c57e20f8924ed705569586fe3f24dcc28f
2024-08-02,Indonesia,National,,,Pertalite,10000.0,IDR,L,id_oto_monthly_prices,2026-03-06T20:31:38,49f33a52fe1bea32bc33ac47a219ead0e80383b9cf9bef1446a6902b53d66920
2024-08-03,Indonesia,National,,,Pertalite,10000.0,IDR,L,id_oto_monthly_prices,2026-03-06T20:31:38,f5d5bb3aebf5f4c1916e6905311224981f18e66e014a6728b220fc245cf1aa4e
2024-08-04,Indonesia,National,,,Pertalite,10000.0,IDR,L,id_oto_monthly_prices,2026-03-06T20:31:38,43f87480d2281d7f91cdc95794a89cb78a9c29ace6ea3a3ced81c8c1e6fa8cd8
2024-08-05,Indonesia,National,,,Pertalite,10000.0,IDR,L,id_oto_monthly_prices,2026-03-06T20:31:38,d9a2f1cfb9e727187aea607b4fc8d7802aa31c11782f3311a1764b4be05b2c8b
2024-08-06,Indonesia,National,,,Pertalite,10000.0,IDR,L,id_oto_monthly_prices,2026-03-06T20:31:38,33b3ca3d510b61706eb1ec3e29a32fe02ea500c92bb981f28e36398fb51529d2
2024-08-07,Indonesia,National,,,Pertalite,10000.0,IDR,L,id_oto_monthly_prices,2026-03-06T20:31:38,2db058e0581eab70de85cea27694188c106136445786c053aee07478a758c951
2024-08-08,Indonesia,National,,,Pertalite,10000.0,IDR,L,id_oto_monthly_prices,2026-03-06T20:31:38,b4f82e5104d341e40a53343375249c82b4b97165fc021cb88ba148e6e16a8095
2024-08-09,Indonesia,National,,,Pertalite,10000.0,IDR,L,id_oto_monthly_prices,2026-03-06T20:31:38,80bd8711cf6410e4526c476bd2373e88e780a1e5f727c625fd85ad784b9e3a6c
2024-08-10,Indonesia,National,,,Pertalite,10000.0,IDR,L,id_oto_monthly_prices,2026-03-06T20:31:38,fa17cc1a477bd1231bba69fa6eaf4e9e4ce3fc72fe709e3b12a6817499ccfa6b
2024-08-11,Indonesia,National,,,Pertalite,10000.0,IDR,L,id_oto_monthly_prices,2026-03-06T20:31:38,90c795e7b06b9402352086c165d23369ec9f65962bd100918f8aee6cae3716d1
2024-08-12,Indonesia,National,,,Pertalite,10000.0,IDR,L,id_oto_monthly_prices,2026-03-06T20:31:38,6a3162a33a2ffa823b6b8ef2bcabfd2498dac488d1c654df1d78acf1039aefce
2024-08-13,Indonesia,National,,,Pertalite,10000.0,IDR,L,id_oto_monthly_prices,2026-03-06T20:31:38,44f07ec2aff322245a7e455605e8e7c16873148188586214e4fc8945645535c7
2024-08-14,Indonesia,National,,,Pertalite,10000.0,IDR,L,id_oto_monthly_prices,2026-03-06T20:31:38,e17a50c6384a69d81e05c98d577dda5c68c72471b7d2eddb21862fef3b272189
2024-08-15,Indonesia,National,,,Pertalite,10000.0,IDR,L,id_oto_monthly_prices,2026-03-06T20:31:38,e174aacb8ffa2f3c6f33cf563b255824c48a99369a70278631b8f9d0bce22fbe
2024-08-16,Indonesia,National,,,Pertalite,10000.0,IDR,L,id_oto_monthly_prices,2026-03-06T20:31:38,981c5851f5038d624b3c2f1d3b987a4613f1abae89fc5187f0fefb68fa99f048
2024-08-17,Indonesia,National,,,Pertalite,10000.0,IDR,L,id_oto_monthly_prices,2026-03-06T20:31:38,574d7010519c42ee3a37b3683c3f1994ba2bc372b6089df545cffc363ac64108
2024-08-18,Indonesia,National,,,Pertalite,10000.0,IDR,L,id_oto_monthly_prices,2026-03-06T20:31:38,fb3d2ca296f79997cb80443fdd0f8c447f37d5cb48e97ce9c1cab3494bc44645
2024-08-19,Indonesia,National,,,Pertalite,10000.0,IDR,L,id_oto_monthly_prices,2026-03-06T20:31:38,85a7a89ae4b6920c9baf1229d659ed75667821b0d4d6622b4aa29a5482037c02
2024-08-20,Indonesia,National,,,Pertalite,10000.0,IDR,L,id_oto_monthly_prices,2026-03-06T20:31:38,5026bdac95d8e074e30f925bedcea7cdf7376d94c9a441b5a2c172deac987b36
2024-08-21,Indonesia,National,,,Pertalite,10000.0,IDR,L,id_oto_monthly_prices,2026-03-06T20:31:38,b0deaeba05207c72f77a2e2187fd3ec64a76db02d5e06f31e8c053c50f450af8
2024-08-22,Indonesia,National,,,Pertalite,10000.0,IDR,L,id_oto_monthly_prices,2026-03-06T20:31:38,c9d9f863229ff66acc1f6777a049591acc58380e4b083f4d9229b00d206619c8
2024-08-23,Indonesia,National,,,Pertalite,10000.0,IDR,L,id_oto_monthly_prices,2026-03-06T20:31:38,74866c2401c117fca9e9179762ad83b6ada6098bb336315373a0d0ce6789e2ae
2024-08-24,Indonesia,National,,,Pertalite,10000.0,IDR,L,id_oto_monthly_prices,2026-03-06T20:31:38,a43d7c578e17947eda8d01a8069311385bb2433d2f846e634e9fe3c98912dc85
2024-08-25,Indonesia,National,,,Pertalite,10000.0,IDR,L,id_oto_monthly_prices,2026-03-06T20:31:38,cd5052330bd8926c3b91091b0ca4ef4111dadd2dddaf6141bc999c10cf058efe
2024-08-26,Indonesia,National,,,Pertalite,10000.0,IDR,L,id_oto_monthly_prices,2026-03-06T20:31:38,4a5be723d3cfc0ac3a9f50ccd67c7a2c48054f44a58ed2d429cd88063731eaaa
2024-08-27,Indonesia,National,,,Pertalite,10000.0,IDR,L,id_oto_monthly_prices,2026-03-06T20:31:38,52a1fd99fecb034d0bde23919148577dd2b3a724ede72a20078481c067ea4c63
2024-08-28,Indonesia,National,,,Pertalite,10000.0,IDR,L,id_oto_monthly_prices,2026-03-06T20:31:38,e1494816fd454e77fbead49c39b8e7504b9fcc343a4e01b07ce91ecfa38de136
2024-08-29,Indonesia,National,,,Pertalite,10000.0,IDR,L,id_oto_monthly_prices,2026-03-06T20:31:38,c8ae0d2609821949ace930b0ec6e30ec51c9a52ae6fece63a5f2377eb7764088
2024-08-30,Indonesia,National,,,Pertalite,10000.0,IDR,L,id_oto_monthly_prices,2026-03-06T20:31:38,ec4f58d06d0efab5edd30c6cd9e0a288c8f74bb2696287b8b46b701899bbb15a
2024-08-31,Indonesia,National,,,Pertalite,10000.0,IDR,L,id_oto_monthly_prices,2026-03-06T20:31:38,db1c229a0345f9229210aabccf2cc4bc7b60019442007e0d51151f5cc5a4e886
2024-09-01,Indonesia,National,,,Pertalite,10000.0,IDR,L,id_oto_monthly_prices,2026-03-06T20:31:38,b226d6525dbbfbf56c4f52fca4eb259fc0ba8ca969aa2676ec1502e038963ea0
2024-09-02,Indonesia,National,,,Pertalite,10000.0,IDR,L,id_oto_monthly_prices,2026-03-06T20:31:38,af170f37b34ff71ac1009387c2d8da9b0d24f5362b04849279430803837b110c
2024-09-03,Indonesia,National,,,Pertalite,10000.0,IDR,L,id_oto_monthly_prices,2026-03-06T20:31:38,40433c1ce8d801536a60e305c30169a323ca85e608afd21c254e0a97099a520e
2024-09-04,Indonesia,National,,,Pertalite,10000.0,IDR,L,id_oto_monthly_prices,2026-03-06T20:31:38,218b692e14850163a7a19c0a9ee244ba21139054a9ccbb1d92b7f071967a8ea2
2024-09-05,Indonesia,National,,,Pertalite,10000.0,IDR,L,id_oto_monthly_prices,2026-03-06T20:31:38,e6f9917a4043d35bb2a451e58301a4bccfe79fdc9903e3b31a1c3b1cf6e360cc
2024-09-06,Indonesia,National,,,Pertalite,10000.0,IDR,L,id_oto_monthly_prices,2026-03-06T20:31:38,7d8a5f08419aab952ebed18aa3f7174deec5722b480c86fa9d1aa4348b6bb227
2024-09-07,Indonesia,National,,,Pertalite,10000.0,IDR,L,id_oto_monthly_prices,2026-03-06T20:31:38,b21c91bc18208378ada9e1e61988bcf24a6805bdfa3bcde8f3de5361c88de127
2024-09-08,Indonesia,National,,,Pertalite,10000.0,IDR,L,id_oto_monthly_prices,2026-03-06T20:31:38,2009b61a9c7b573813bd68fe80bcbcdee5ab4c0f5bbef8ad945ed91c5b449b99
2024-09-09,Indonesia,National,,,Pertalite,10000.0,IDR,L,id_oto_monthly_prices,2026-03-06T20:31:38,663686a1b9cbc6afcf0f9bbf7495a5404301d641ef63cdf4f21c7b7a2d38b299
2024-09-10,Indonesia,National,,,Pertalite,10000.0,IDR,L,id_oto_monthly_prices,2026-03-06T20:31:38,96b3942552480d5780ddd4864f362861ec0eb42c06e9b95856a98b4052678dbc
2024-09-11,Indonesia,National,,,Pertalite,10000.0,IDR,L,id_oto_monthly_prices,2026-03-06T20:31:38,a1a66fa65dfeeea570eea4142952496590d6d2519060a77d3e67274eb020caee
2024-09-12,Indonesia,National,,,Pertalite,10000.0,IDR,L,id_oto_monthly_prices,2026-03-06T20:31:38,77e71a12f99446b3c8561dd01e749538f6da27101138dcc6849fdf72b9f426c0
2024-09-13,Indonesia,National,,,Pertalite,10000.0,IDR,L,id_oto_monthly_prices,2026-03-06T20:31:38,7d49603cf0d0f3e6f3359d576a83f13bb00ca8479a91918f077b84937baea8b5
2024-09-14,Indonesia,National,,,Pertalite,10000.0,IDR,L,id_oto_monthly_prices,2026-03-06T20:31:38,6eab3c8f5b543042522b51631cc2179bd9ee62e18179c9bb3020556268de1d34
2024-09-15,Indonesia,National,,,Pertalite,10000.0,IDR,L,id_oto_monthly_prices,2026-03-06T20:31:38,0e4c209bfe2f0103e449083bfa1eb7c02e54a5bd860692137012d13961ab9618
2024-09-16,Indonesia,National,,,Pertalite,10000.0,IDR,L,id_oto_monthly_prices,2026-03-06T20:31:38,7447e01f74bb10e3d95cd9093fc0666e18717e61450d0b2f2a359cf0795764ff
2024-09-17,Indonesia,National,,,Pertalite,10000.0,IDR,L,id_oto_monthly_prices,2026-03-06T20:31:38,008eb30eb5f362bed0c9039aeced35255933680e56bcf78fe7ad00ed250632b9
2024-09-18,Indonesia,National,,,Pertalite,10000.0,IDR,L,id_oto_monthly_prices,2026-03-06T20:31:38,be2d1da590f8fd85c0e34137140e2dd2ebf79d754c20eb8716ca9c12450d295c
2024-09-19,Indonesia,National,,,Pertalite,10000.0,IDR,L,id_oto_monthly_prices,2026-03-06T20:31:38,784e2b4fec9026694a970fb061a17df779ddcdf054770f6554b80793a5ec73b2
2024-09-20,Indonesia,National,,,Pertalite,10000.0,IDR,L,id_oto_monthly_prices,2026-03-06T20:31:38,614c56766f7874dd358ae49afa554288caa5189fcae35b5dedb01913c7933b4b
2024-09-21,Indonesia,National,,,Pertalite,10000.0,IDR,L,id_oto_monthly_prices,2026-03-06T20:31:38,74b47f731c327d9d3f7ae1fb43c1f6981944b8cd8d977ecf7d47c1f5f1b0e9ae
2024-09-22,Indonesia,National,,,Pertalite,10000.0,IDR,L,id_oto_monthly_prices,2026-03-06T20:31:38,5cdad67809e10b98670825580e35909fa836b1134b61ee477516ea40e9533a68
2024-09-23,Indonesia,National,,,Pertalite,10000.0,IDR,L,id_oto_monthly_prices,2026-03-06T20:31:38,a3fd69571e9820cccf4fc108c2af4a815302d8ee1d1e1fbad4ffd0892340cb39
2024-09-24,Indonesia,National,,,Pertalite,10000.0,IDR,L,id_oto_monthly_prices,2026-03-06T20:31:38,7c7196bbfbce309cb39a5b6abc8ea3f7e40b0e9e986c9520420d48cc26882fff
2024-09-25,Indonesia,National,,,Pertalite,10000.0,IDR,L,id_oto_monthly_prices,2026-03-06T20:31:38,50409a4eb2e80ed0be7810697e93e2bf59f4180f33a79b78722e7891d3865cca
2024-09-26,Indonesia,National,,,Pertalite,10000.0,IDR,L,id_oto_monthly_prices,2026-03-06T20:31:38,0ced3efffed5fad666852b312bdd55214b60d47f159bfb3b7f57e70fd6e017ff
2024-09-27,Indonesia,National,,,Pertalite,10000.0,IDR,L,id_oto_monthly_prices,2026-03-06T20:31:38,579947ad8abf440a516fa04721b1f96354c4662c1ef210376c45abcc418b9b7f
2024-09-28,Indonesia,National,,,Pertalite,10000.0,IDR,L,id_oto_monthly_prices,2026-03-06T20:31:38,d1c74ce1f25095b82991ee122cf82bb1e4d4cf96ee81c31dfb4d61bc47ac8dfc
2024-09-29,Indonesia,National,,,Pertalite,10000.0,IDR,L,id_oto_monthly_prices,2026-03-06T20:31:38,0b9a68951b9d1b7621e4a329b96c4343e64ceadd9ee5139cf2f477278c4bc993
2024-09-30,Indonesia,National,,,Pertalite,10000.0,IDR,L,id_oto_monthly_prices,2026-03-06T20:31:38,068cac23516c6581f1e5f5133a4d9fe4c252b17bad735accb054b4adbfdbc8dc
2024-10-01,Indonesia,National,,,Pertalite,10000.0,IDR,L,id_oto_monthly_prices,2026-03-06T20:31:38,d2198abbf70f0f852b5462dbff48b1b13524f08bf534ac9fecfe9e7b9473c63e
2024-10-02,Indonesia,National,,,Pertalite,10000.0,IDR,L,id_oto_monthly_prices,2026-03-06T20:31:38,5d8d4857b23f9ac1c67806d358ad376a51e1d2e6a4c1be638119af99e7df7cfc
2024-10-03,Indonesia,National,,,Pertalite,10000.0,IDR,L,id_oto_monthly_prices,2026-03-06T20:31:38,3f639e8339087ab7f296cb82039607589a706c60282ca74e918763881e42ac17
2024-10-04,Indonesia,National,,,Pertalite,10000.0,IDR,L,id_oto_monthly_prices,2026-03-06T20:31:38,5d528368062b13a01cca59fa6c10d57dcbd3e69cd1ab66ea6c9ed9e8cc30119a
2024-10-05,Indonesia,National,,,Pertalite,10000.0,IDR,L,id_oto_monthly_prices,2026-03-06T20:31:38,8e7b6b5dfd4f13431de0268b9958aa4da6df924ed04e90db9c20f7bc1665c5d1
2024-10-06,Indonesia,National,,,Pertalite,10000.0,IDR,L,id_oto_monthly_prices,2026-03-06T20:31:38,c538c163be4b65f80e4d5d027c484c74b4a2682d7f3c0717793d1fa612911296
2024-10-07,Indonesia,National,,,Pertalite,10000.0,IDR,L,id_oto_monthly_prices,2026-03-06T20:31:38,0eaaed9ed95ea6daeac45d2ba6bddf6284e9b535e5477a5b35fa742692fcbdfc
2024-10-08,Indonesia,National,,,Pertalite,10000.0,IDR,L,id_oto_monthly_prices,2026-03-06T20:31:38,e68913ccd3324ad81f1de3f46a6a086d7f8ffb9d482450b7b8630c9779871f1b
2024-10-09,Indonesia,National,,,Pertalite,10000.0,IDR,L,id_oto_monthly_prices,2026-03-06T20:31:38,908cbd814aded54d36a0b2c398ff96ce0658fcdcf29a55c05a169830c6d314f2
2024-10-10,Indonesia,National,,,Pertalite,10000.0,IDR,L,id_oto_monthly_prices,2026-03-06T20:31:38,16797919673b8e9dcf80bc64e1210225b932b4b6ae2225c60575dc6261bb077a
2024-10-11,Indonesia,National,,,Pertalite,10000.0,IDR,L,id_oto_monthly_prices,2026-03-06T20:31:38,1ddc993d8275e22c4e2ade7421387fa97dc7f826d81d7d9225e91622f01eda00
2024-10-12,Indonesia,National,,,Pertalite,10000.0,IDR,L,id_oto_monthly_prices,2026-03-06T20:31:38,f916deeffdb285f09a997bab18f7015f23df478069e6eaf74195668f741fae4e
2024-10-13,Indonesia,National,,,Pertalite,10000.0,IDR,L,id_oto_monthly_prices,2026-03-06T20:31:38,b9be4ad92730ed3752a6f4d0df08b3f4cfc1ca02d6ded3c95c91766dcef6aad3
2024-10-14,Indonesia,National,,,Pertalite,10000.0,IDR,L,id_oto_monthly_prices,2026-03-06T20:31:38,571a6b655d940047d508c89e885fe007bd200e03d4fade4550263a16d3496d3b
2024-10-15,Indonesia,National,,,Pertalite,10000.0,IDR,L,id_oto_monthly_prices,2026-03-06T20:31:38,436e31e14de302a62533330b32166c2c20ff4cc0f7e7da789292700abcdb849c
2024-10-16,Indonesia,National,,,Pertalite,10000.0,IDR,L,id_oto_monthly_prices,2026-03-06T20:31:38,ce42c8e79b470f8edadf2ed7b8ad384359dbd483f1048d6070cdffef8982abb6
2024-10-17,Indonesia,National,,,Pertalite,10000.0,IDR,L,id_oto_monthly_prices,2026-03-06T20:31:38,7a4a92595b5ce8fe8c5cd3fed5b577679035b9f40da3c49f6b5ee3633af058d8
2024-10-18,Indonesia,National,,,Pertalite,10000.0,IDR,L,id_oto_monthly_prices,2026-03-06T20:31:38,4622341fd3f05e000cf81f34db71ccb581a2bb8b0982941e8ba131a8db239c96
2024-10-19,Indonesia,National,,,Pertalite,10000.0,IDR,L,id_oto_monthly_prices,2026-03-06T20:31:38,0b9fedefb4254049a24f1ebc4eedb9f7e74951ddd9a4961d334ebb070bc2b2d2
2024-10-20,Indonesia,National,,,Pertalite,10000.0,IDR,L,id_oto_monthly_prices,2026-03-06T20:31:38,51e7541df155acd23b3603e2a59ad4d4fdaa44b393f3002f9cb59479fa21b951
2024-10-21,Indonesia,National,,,Pertalite,10000.0,IDR,L,id_oto_monthly_prices,2026-03-06T20:31:38,985546795f7f6d10731325fc537e7166f012fe86390a99069e61b1e3298dd2f0
2024-10-22,Indonesia,National,,,Pertalite,10000.0,IDR,L,id_oto_monthly_prices,2026-03-06T20:31:38,0aacd5cbb4f55463b92196cf219bbb5eb0e41476ea5ab6ac917505c031c76958
2024-10-23,Indonesia,National,,,Pertalite,10000.0,IDR,L,id_oto_monthly_prices,2026-03-06T20:31:38,f7a6e25a432e1ce775733c8ecc2cce1f17a1d23ee9f56cc3dc086a1f027a3499
2024-10-24,Indonesia,National,,,Pertalite,10000.0,IDR,L,id_oto_monthly_prices,2026-03-06T20:31:38,4e54b5549333b239c96fbc10229b9bdce86688dc68e396702fde554b322d60ac
2024-10-25,Indonesia,National,,,Pertalite,10000.0,IDR,L,id_oto_monthly_prices,2026-03-06T20:31:38,edfad614221fef7d584949b3740f57f312ca667be8f77236e207abca399b76b6
2024-10-26,Indonesia,National,,,Pertalite,10000.0,IDR,L,id_oto_monthly_prices,2026-03-06T20:31:38,127b9ea140df3a44008c3dc1a83fb29b0ee2611f3e6bba3d37a46334ab4f38f5
2024-10-27,Indonesia,National,,,Pertalite,10000.0,IDR,L,id_oto_monthly_prices,2026-03-06T20:31:38,fd9ad2a5bdbb9b611abdb4549b47172858bd4f04974fd9dc18167fab68360919
2024-10-28,Indonesia,National,,,Pertalite,10000.0,IDR,L,id_oto_monthly_prices,2026-03-06T20:31:38,8ef1020c11036df1170324955e612b2ebbfa533e9d6567d09edf0d53a8d63841
2024-10-29,Indonesia,National,,,Pertalite,10000.0,IDR,L,id_oto_monthly_prices,2026-03-06T20:31:38,8749d4245d98d10c5c0f245c8bb2ebb88cb27a7372a7817ae087de03f3a92c25
2024-10-30,Indonesia,National,,,Pertalite,10000.0,IDR,L,id_oto_monthly_prices,2026-03-06T20:31:38,2b1b39f83520032ae57f9304caf03ffb9563101d9ee5a8f30fb8552b9486f199
2024-10-31,Indonesia,National,,,Pertalite,10000.0,IDR,L,id_oto_monthly_prices,2026-03-06T20:31:38,1656b4ac90e4e3fcda555a6da5bd820c495dfa9ad7335e465896586d9fb46fc2
2024-11-01,Indonesia,National,,,Pertalite,10000.0,IDR,L,id_oto_monthly_prices,2026-03-06T20:31:38,2808e0bed61e4176fa44e836d008411bb36cd7a5f4697dbb23c7381af00b8a92
2024-11-02,Indonesia,National,,,Pertalite,10000.0,IDR,L,id_oto_monthly_prices,2026-03-06T20:31:38,e39d05ddd629e99e94366c473facf5c10a70aeb10d6c9765b6d3a8468334fa56
2024-11-03,Indonesia,National,,,Pertalite,10000.0,IDR,L,id_oto_monthly_prices,2026-03-06T20:31:38,df79091b87e135edb843e39d61eb7df052663fe6f875554974b24a63a932dadd
2024-11-04,Indonesia,National,,,Pertalite,10000.0,IDR,L,id_oto_monthly_prices,2026-03-06T20:31:38,bdf211a7bf6eee483ea13a5b850947dcdec7d34d0768c089db1c98bb05e7fb9d
2024-11-05,Indonesia,National,,,Pertalite,10000.0,IDR,L,id_oto_monthly_prices,2026-03-06T20:31:38,3a9f2d34872cb5c6acda86ed5e0114de269d5c03bee8c5ec437ecc724c4821c1
2024-11-06,Indonesia,National,,,Pertalite,10000.0,IDR,L,id_oto_monthly_prices,2026-03-06T20:31:38,00c767ec10b7ceda6a57366779b9346aeb51d9dc695c1933699d432a8d7f4ffd
2024-11-07,Indonesia,National,,,Pertalite,10000.0,IDR,L,id_oto_monthly_prices,2026-03-06T20:31:38,0bb6a14fa7361d38dd76cd2b5b97b7b73ea074f784db35cd959aaea0ba8bf997
2024-11-08,Indonesia,National,,,Pertalite,10000.0,IDR,L,id_oto_monthly_prices,2026-03-06T20:31:38,7e4e5726703ee19e724660a8bdc3c7ae82e52374c6af20d988493d1a434e29e6
2024-11-09,Indonesia,National,,,Pertalite,10000.0,IDR,L,id_oto_monthly_prices,2026-03-06T20:31:38,9b2b21a7f8339bdc90e5e907402facf10dc2d35dcad2ef098168181cd734688d
2024-11-10,Indonesia,National,,,Pertalite,10000.0,IDR,L,id_oto_monthly_prices,2026-03-06T20:31:38,9a89bbbd414caafc0e8e235ecd19c77b93831fbb6aacc3e3181bbeb638b40513
2024-11-11,Indonesia,National,,,Pertalite,10000.0,IDR,L,id_oto_monthly_prices,2026-03-06T20:31:38,97bfea8854892c8b46d5a2ace894cbe1bc0c7976050494880d9bb71f55e5cfca
2024-11-12,Indonesia,National,,,Pertalite,10000.0,IDR,L,id_oto_monthly_prices,2026-03-06T20:31:38,95890ff92a6208fa553fdde6fabae32475f941828c97bbad742ae9c1355ea9ab
2024-11-13,Indonesia,National,,,Pertalite,10000.0,IDR,L,id_oto_monthly_prices,2026-03-06T20:31:38,9f00c3abd5495a7748bd132cfc4d991057c3a97d3788cc7a1c8c7f2e4e47e56b
2024-11-14,Indonesia,National,,,Pertalite,10000.0,IDR,L,id_oto_monthly_prices,2026-03-06T20:31:38,2f66f887cd026ee6e33133161ec08f38161248684fbd471f2cf40fc1cf8568d0
2024-11-15,Indonesia,National,,,Pertalite,10000.0,IDR,L,id_oto_monthly_prices,2026-03-06T20:31:38,fe3619b5c498da2c9704d983699574ff33dc032b9a3887df20ab1fad2bce3eca
2024-11-16,Indonesia,National,,,Pertalite,10000.0,IDR,L,id_oto_monthly_prices,2026-03-06T20:31:38,8d84c132d5682f5f8b6f87ace7c19c5cef08536cac03fe8547bf821e8eb637ad
2024-11-17,Indonesia,National,,,Pertalite,10000.0,IDR,L,id_oto_monthly_prices,2026-03-06T20:31:38,9d91cb3b15f12144d65a15f6260b4f5abddac0874522ff6029630fae93826cf3
2024-11-18,Indonesia,National,,,Pertalite,10000.0,IDR,L,id_oto_monthly_prices,2026-03-06T20:31:38,6312bfd0a6ffaf672f3aa9a4e4c59206b0594a57189e2ca25c387fcad67444ed
2024-11-19,Indonesia,National,,,Pertalite,10000.0,IDR,L,id_oto_monthly_prices,2026-03-06T20:31:38,21c76b23c821e90e71239d7ccf975475c567477f50420c71aa53cb7c11896806
2024-11-20,Indonesia,National,,,Pertalite,10000.0,IDR,L,id_oto_monthly_prices,2026-03-06T20:31:38,434604f9b08b08501200ea3b1319f3862a37418b1a7d66262eeff7a842806c68
2024-11-21,Indonesia,National,,,Pertalite,10000.0,IDR,L,id_oto_monthly_prices,2026-03-06T20:31:38,73fbbaefd5b7d1b14d3cba11b6aa175db35c481113feb43234e5811a57f54538
2024-11-22,Indonesia,National,,,Pertalite,10000.0,IDR,L,id_oto_monthly_prices,2026-03-06T20:31:38,306bac38c8bb7baea78f355d1af7093aea1ced678cd0e6d0a638de348f998937
2024-11-23,Indonesia,National,,,Pertalite,10000.0,IDR,L,id_oto_monthly_prices,2026-03-06T20:31:38,33a815a01adf843b42b8003b4045d02481db61e399799227e9946159adb4974b
2024-11-24,Indonesia,National,,,Pertalite,10000.0,IDR,L,id_oto_monthly_prices,2026-03-06T20:31:38,6332bb1ef4a68bb599dfdaf335864e505867c05466ce5a39dd14b53aa54445b7
2024-11-25,Indonesia,National,,,Pertalite,10000.0,IDR,L,id_oto_monthly_prices,2026-03-06T20:31:38,101ad14f1e35357a41532875c0f6c251adadc04bc1a46ad17139c6a6619de3f7
2024-11-26,Indonesia,National,,,Pertalite,10000.0,IDR,L,id_oto_monthly_prices,2026-03-06T20:31:38,07d10b85706e410c27ca6ff423dd536ca945c7869f2b6b0146434de93e87e120
2024-11-27,Indonesia,National,,,Pertalite,10000.0,IDR,L,id_oto_monthly_prices,2026-03-06T20:31:38,b78623506d8a25ee14f725f062d1fb8843c4b686c1b8a485bb553036e5aae310
2024-11-28,Indonesia,National,,,Pertalite,10000.0,IDR,L,id_oto_monthly_prices,2026-03-06T20:31:38,88520cc26d49b6f678efea36b5d9626a0ecac63b127e4f2423c1b71e3abde3bc
2024-11-29,Indonesia,National,,,Pertalite,10000.0,IDR,L,id_oto_monthly_prices,2026-03-06T20:31:38,20e0fa0b90e61a50bdeb0277dfdfcfa89acfa2b501e38d914439adb38bb890f7
2024-11-30,Indonesia,National,,,Pertalite,10000.0,IDR,L,id_oto_monthly_prices,2026-03-06T20:31:38,7795a0821299dba65b1a4b93626ef3313f8449671bbccb1d2c0846a7849cb8b6
2024-12-01,Indonesia,National,,,Pertalite,10000.0,IDR,L,id_oto_monthly_prices,2026-03-06T20:31:38,14a5b8d207f77e0e504ccc524a93a6c40f83110412b5a56c7df7fe94cc6731b8
2024-12-02,Indonesia,National,,,Pertalite,10000.0,IDR,L,id_oto_monthly_prices,2026-03-06T20:31:38,22b0801391484e79f375831b2d61c3c0d2d23b7cb1fa5fe180130a936ef8ed8f
2024-12-03,Indonesia,National,,,Pertalite,10000.0,IDR,L,id_oto_monthly_prices,2026-03-06T20:31:38,9cd62bec0ff4c76662f957a6e105951233a93fad8c821d2cdc5e52ae72500fe5
2024-12-04,Indonesia,National,,,Pertalite,10000.0,IDR,L,id_oto_monthly_prices,2026-03-06T20:31:38,3312f83e8504a3ce6fdab5927337b62a17fe8ee917979a46ea338a5a64384a69
2024-12-05,Indonesia,National,,,Pertalite,10000.0,IDR,L,id_oto_monthly_prices,2026-03-06T20:31:38,4fa045fb4b6bbdf734af037dc191b615d93a8bf91627f1935dd6600b38ece7b1
2024-12-06,Indonesia,National,,,Pertalite,10000.0,IDR,L,id_oto_monthly_prices,2026-03-06T20:31:38,ff3d7c6bbd570a16ff6f03b67da530a71d0e701883e105825ffe3943a1393f9d
2024-12-07,Indonesia,National,,,Pertalite,10000.0,IDR,L,id_oto_monthly_prices,2026-03-06T20:31:38,52ea3d000b99849b04b5621b1228641d67eba64420a0f7eaa8b4fdd4e7b3a821
2024-12-08,Indonesia,National,,,Pertalite,10000.0,IDR,L,id_oto_monthly_prices,2026-03-06T20:31:38,3cb6118122fb59e088245b6db44f46a909395e463847466b1c1bee8e78f32ef9
2024-12-09,Indonesia,National,,,Pertalite,10000.0,IDR,L,id_oto_monthly_prices,2026-03-06T20:31:38,3712ace7783d0027c329c56c85617d31373c35cc6774eb9c2b2b19d136c81dcd
2024-12-10,Indonesia,National,,,Pertalite,10000.0,IDR,L,id_oto_monthly_prices,2026-03-06T20:31:38,47a758bdadbc48337c275905e11d85a63914bb9dd1db7cffe7a6ce5866a25c1b
2024-12-11,Indonesia,National,,,Pertalite,10000.0,IDR,L,id_oto_monthly_prices,2026-03-06T20:31:38,e02b620d46edfa6f126c98de1ac0d4103eeeb6d24bb2fb7e25ad482b0b784e9e
2024-12-12,Indonesia,National,,,Pertalite,10000.0,IDR,L,id_oto_monthly_prices,2026-03-06T20:31:38,b4c6a94eeff0f53ec987edbf35d521acb896fae5e6f041d3242cef7d57f150b4
2024-12-13,Indonesia,National,,,Pertalite,10000.0,IDR,L,id_oto_monthly_prices,2026-03-06T20:31:38,b7cca13a4c43e2bf3202bc3ab7af2ccfe7dc87159e44e7e24efdc44b5f9ac412
2024-12-14,Indonesia,National,,,Pertalite,10000.0,IDR,L,id_oto_monthly_prices,2026-03-06T20:31:38,6b7660535a5457a81c1268ae2f68bc1793643c38a2dc7d6e14f3eba927444486
2024-12-15,Indonesia,National,,,Pertalite,10000.0,IDR,L,id_oto_monthly_prices,2026-03-06T20:31:38,9d0ddd5121c5a6145df784b1376acbd579d97fa88274dbaa881ed39258853055
2024-12-16,Indonesia,National,,,Pertalite,10000.0,IDR,L,id_oto_monthly_prices,2026-03-06T20:31:38,2609e920eeac2a331e685cdaa9b64e6a02917375c0bc0114419b90de89544d01
2024-12-17,Indonesia,National,,,Pertalite,10000.0,IDR,L,id_oto_monthly_prices,2026-03-06T20:31:38,670915d635c3340263e94e8c1c1ffc570f0ee8d73d50fdf527a571f7e40565cb
2024-12-18,Indonesia,National,,,Pertalite,10000.0,IDR,L,id_oto_monthly_prices,2026-03-06T20:31:38,46b3f82557dd1c26077c007ad6b44870362df0b6ae2a17959f593ab2ee5fb39b
2024-12-19,Indonesia,National,,,Pertalite,10000.0,IDR,L,id_oto_monthly_prices,2026-03-06T20:31:38,71aeeaeec9210c243802def5b6ee0616b7ab54bb13fbd355da134c799aa9253a
2024-12-20,Indonesia,National,,,Pertalite,10000.0,IDR,L,id_oto_monthly_prices,2026-03-06T20:31:38,9659d087bbd876a5ca375369bcd0857ed130c1dedeaa603a4f42c56565535838
2024-12-21,Indonesia,National,,,Pertalite,10000.0,IDR,L,id_oto_monthly_prices,2026-03-06T20:31:38,36579e7cfc4049ef1bf50d7645d70067ba38ea80ac4a4979e177cea5625eddee
2024-12-22,Indonesia,National,,,Pertalite,10000.0,IDR,L,id_oto_monthly_prices,2026-03-06T20:31:38,287460bde7bd15a4610e1e5518c56b229025845eeb046586ef564c8258437988
2024-12-23,Indonesia,National,,,Pertalite,10000.0,IDR,L,id_oto_monthly_prices,2026-03-06T20:31:38,f3c445ce60507b839efb2e262e8f90ab0748498d8b2af568f6879c34d913f2a4
2024-12-24,Indonesia,National,,,Pertalite,10000.0,IDR,L,id_oto_monthly_prices,2026-03-06T20:31:38,befb79533b1055a55738593cdd030f2dfb8cc298661825c2543b1c1989668832
2024-12-25,Indonesia,National,,,Pertalite,10000.0,IDR,L,id_oto_monthly_prices,2026-03-06T20:31:38,e20175c5d95c32e1612335b744a66975b4635db9e06d80f1452873ea96c49319
2024-12-26,Indonesia,National,,,Pertalite,10000.0,IDR,L,id_oto_monthly_prices,2026-03-06T20:31:38,bf33e74229b7fd8bece8dafa05fcac0eb26258929ebdfe6fba72cc1c4934138c
2024-12-27,Indonesia,National,,,Pertalite,10000.0,IDR,L,id_oto_monthly_prices,2026-03-06T20:31:38,f26d2bdb3b0137bec2fbf1db75732c77ddcae937a48be1e76a199b942b0b28d1
2024-12-28,Indonesia,National,,,Pertalite,10000.0,IDR,L,id_oto_monthly_prices,2026-03-06T20:31:38,b3ae4ae4a17a42ba90a5557526c9d37062f6e597d219f1161d5bf05055930535
2024-12-29,Indonesia,National,,,Pertalite,10000.0,IDR,L,id_oto_monthly_prices,2026-03-06T20:31:38,3fabe339d426ff67988256cadc5bd03a4607479c3d25c7a384b8eb03ec6bbf1c
2024-12-30,Indonesia,National,,,Pertalite,10000.0,IDR,L,id_oto_monthly_prices,2026-03-06T20:31:38,a6aa42066173d0921bb55e4cbcbfd1da482fd28be4725851211365137590171a
2024-12-31,Indonesia,National,,,Pertalite,10000.0,IDR,L,id_oto_monthly_prices,2026-03-06T20:31:38,0c8ba1e884997932d57d59800ee7f8d4449ebaa973f8c42491d3dc18e8258d98
2025-04-01,Indonesia,National,,,Pertalite,10000.0,IDR,L,id_oto_monthly_prices,2026-03-06T20:31:38,b3607f148e96cf1b9b4ec460d55673158551ad1d285526d37e7b5aeb0513a7a1
2025-04-02,Indonesia,National,,,Pertalite,10000.0,IDR,L,id_oto_monthly_prices,2026-03-06T20:31:38,8612d39a3ce688c7e13db6582beef78d408ac9127f1d494620d07af171961aac
2025-04-03,Indonesia,National,,,Pertalite,10000.0,IDR,L,id_oto_monthly_prices,2026-03-06T20:31:38,cfcaa0f804696d87fc64c0a9b28c651dc6130bb190dac08d8a49b46d311432f7
2025-04-04,Indonesia,National,,,Pertalite,10000.0,IDR,L,id_oto_monthly_prices,2026-03-06T20:31:38,4a8a26c3207de53328836dc7ba84170ea1d73b03ff25358821511a5d21f08fda
2025-04-05,Indonesia,National,,,Pertalite,10000.0,IDR,L,id_oto_monthly_prices,2026-03-06T20:31:38,a3d155df555d794d11d7f8a8791b4d13439658bc385e1a977e447e8d8db6987b
2025-04-06,Indonesia,National,,,Pertalite,10000.0,IDR,L,id_oto_monthly_prices,2026-03-06T20:31:38,e53cec361c0ef75a4b05cc770290e1383b516feff824bad29327d01622690f71
2025-04-07,Indonesia,National,,,Pertalite,10000.0,IDR,L,id_oto_monthly_prices,2026-03-06T20:31:38,58880578eef303515ec428a53077bea3ceff72c08029c5611ce49c3e5447c200
2025-04-08,Indonesia,National,,,Pertalite,10000.0,IDR,L,id_oto_monthly_prices,2026-03-06T20:31:38,16911fe0f00815bd9d4aed0d7cd5df00cef2d5bdd97a7783624dbd64132a96fd
2025-04-09,Indonesia,National,,,Pertalite,10000.0,IDR,L,id_oto_monthly_prices,2026-03-06T20:31:38,d4a3d36a53d550af4c3bf9b389733d673079b7af9c012b1646f6ac5d631099c5
2025-04-10,Indonesia,National,,,Pertalite,10000.0,IDR,L,id_oto_monthly_prices,2026-03-06T20:31:38,8ae032f1f71ad1d59e56b2caa6d818e9aefe4afae0502a51425ef8dae246a4fb
2025-04-11,Indonesia,National,,,Pertalite,10000.0,IDR,L,id_oto_monthly_prices,2026-03-06T20:31:38,6c9cf50217422605ac343d947b8eac0d28707d8cea357f83a099c9a611fba5d0
2025-04-12,Indonesia,National,,,Pertalite,10000.0,IDR,L,id_oto_monthly_prices,2026-03-06T20:31:38,8eaf11e946fa2abb060b362489a5e4621c4cbc8541747b4d19c3d2aed7abfef4
2025-04-13,Indonesia,National,,,Pertalite,10000.0,IDR,L,id_oto_monthly_prices,2026-03-06T20:31:38,926ec04e031ee95e5dace6129534cebd0e61bec6e50f9283b66eec9db40d2a04
2025-04-14,Indonesia,National,,,Pertalite,10000.0,IDR,L,id_oto_monthly_prices,2026-03-06T20:31:38,5f6800c0248a45e8acae46521ddba2bc17a44a22964669d4678b7d8dab06c7e8
2025-04-15,Indonesia,National,,,Pertalite,10000.0,IDR,L,id_oto_monthly_prices,2026-03-06T20:31:38,e390d59447635cbcec82a75d2d720789aaae899390b0cc8bf636b367e585d341
2025-04-16,Indonesia,National,,,Pertalite,10000.0,IDR,L,id_oto_monthly_prices,2026-03-06T20:31:38,d4a5a3a4f56f43960e78d53b767565129c54700781d01b75a21edc267cdeec6b
2025-04-17,Indonesia,National,,,Pertalite,10000.0,IDR,L,id_oto_monthly_prices,2026-03-06T20:31:38,40836e3a9a3782f98496bd5141cf81a5156d1aafa46f89e121828b6dda1205f8
2025-04-18,Indonesia,National,,,Pertalite,10000.0,IDR,L,id_oto_monthly_prices,2026-03-06T20:31:38,364ff88594279df009206a64e529ecfe14289fd6c3c2baad3eba4452129ded34
2025-04-19,Indonesia,National,,,Pertalite,10000.0,IDR,L,id_oto_monthly_prices,2026-03-06T20:31:38,52b860734b5c773196d3e2abc576d1d879cc04d2e881a3c76df822682ab01dba
2025-04-20,Indonesia,National,,,Pertalite,10000.0,IDR,L,id_oto_monthly_prices,2026-03-06T20:31:38,9bdb62e2c27903ea149093308fff9b97a40ea55f0d326b6d3e56b9cf7ac129bf
2025-04-21,Indonesia,National,,,Pertalite,10000.0,IDR,L,id_oto_monthly_prices,2026-03-06T20:31:38,d1c1818ff44943ddca896c44e19ab06d203719bf6b1ed3904e24baa7c15028f6
2025-04-22,Indonesia,National,,,Pertalite,10000.0,IDR,L,id_oto_monthly_prices,2026-03-06T20:31:38,a1e6ce6010513a4a02449b2612b47ce890bbde783aeb05ef54095eeb30edbd98
2025-04-23,Indonesia,National,,,Pertalite,10000.0,IDR,L,id_oto_monthly_prices,2026-03-06T20:31:38,0b1d65c4811fb0b981adebba37087540c897eb2f009ec88e44ee82b9c7e23cf2
2025-04-24,Indonesia,National,,,Pertalite,10000.0,IDR,L,id_oto_monthly_prices,2026-03-06T20:31:38,355d5e39cf591ed37604e8b8cddea44e02a336d34af4b417a5afa18368d80c3c
2025-04-25,Indonesia,National,,,Pertalite,10000.0,IDR,L,id_oto_monthly_prices,2026-03-06T20:31:38,84ffb1e93f2898d048bd3a89a14373f4b15a02e4b3d0dcc30692fbed4b1bd9e1
2025-04-26,Indonesia,National,,,Pertalite,10000.0,IDR,L,id_oto_monthly_prices,2026-03-06T20:31:38,7fca00753dd8a56b53af832097b82451abf32d4b00c556e3f52904c65e1ecc7d
2025-04-27,Indonesia,National,,,Pertalite,10000.0,IDR,L,id_oto_monthly_prices,2026-03-06T20:31:38,e3435e4054602974d24a3a357d44101039349467778880b0bab093b29f19a4cf
2025-04-28,Indonesia,National,,,Pertalite,10000.0,IDR,L,id_oto_monthly_prices,2026-03-06T20:31:38,7987447e7b8c6bba8df6fa2133418ad1eb767a4a4f90236d43591da200eca62a
2025-04-29,Indonesia,National,,,Pertalite,10000.0,IDR,L,id_oto_monthly_prices,2026-03-06T20:31:38,1af06367d82b51d2739866a1803f4c68ba7ba3f60428a9559cb8dbf4d7e3ea4c
2025-04-30,Indonesia,National,,,Pertalite,10000.0,IDR,L,id_oto_monthly_prices,2026-03-06T20:31:38,e45988a75c2e6e1905d3fd5865a9757f8d2fce0fde195c7f6b688d06c3ac93fe
2025-05-01,Indonesia,National,,,Pertalite,10000.0,IDR,L,id_oto_monthly_prices,2026-03-06T20:31:38,ac4418519d6d005680e98678cec9b288c9c77cadc7ee53cf724e6e8e3928a1d9
2025-05-02,Indonesia,National,,,Pertalite,10000.0,IDR,L,id_oto_monthly_prices,2026-03-06T20:31:38,62b35a659fd15f6bb9357d3cf325aa91a79de30d3db113498a11a2f71303821f
2025-05-03,Indonesia,National,,,Pertalite,10000.0,IDR,L,id_oto_monthly_prices,2026-03-06T20:31:38,a97f3c79bf64b495632f9163d500395a814cf856676c36604f7d3063d1161c24
2025-05-04,Indonesia,National,,,Pertalite,10000.0,IDR,L,id_oto_monthly_prices,2026-03-06T20:31:38,22a51d8d87c2b6d06b9204a26287952665ab7de5e8991d546a6147a9a273cd4c
2025-05-05,Indonesia,National,,,Pertalite,10000.0,IDR,L,id_oto_monthly_prices,2026-03-06T20:31:38,498ac47a6574e22c98c70d080c041f001c1c3f2e0bf857791050057f291d8359
2025-05-06,Indonesia,National,,,Pertalite,10000.0,IDR,L,id_oto_monthly_prices,2026-03-06T20:31:38,b74f66c095e2be3256e419e71468ddda030232ce63efe513a667770247a76e97
2025-05-07,Indonesia,National,,,Pertalite,10000.0,IDR,L,id_oto_monthly_prices,2026-03-06T20:31:38,8cd512fe79f02a258959c1846491e68307a2b1fe0cf58cab52647ed8abb03779
2025-05-08,Indonesia,National,,,Pertalite,10000.0,IDR,L,id_oto_monthly_prices,2026-03-06T20:31:38,54240eb860c617c4465328b986bb2a1cc953765933e513c060ffcbc6e3e4f67d
2025-05-09,Indonesia,National,,,Pertalite,10000.0,IDR,L,id_oto_monthly_prices,2026-03-06T20:31:38,c5e9f693f864767321d6db4e3f92c3aa38351aacdebfb7be319a5aae22bfcbf9
2025-05-10,Indonesia,National,,,Pertalite,10000.0,IDR,L,id_oto_monthly_prices,2026-03-06T20:31:38,26e97eff88c75d4a22c7641a1e019140fff52120d000579bdfff9363421a78f8
2025-05-11,Indonesia,National,,,Pertalite,10000.0,IDR,L,id_oto_monthly_prices,2026-03-06T20:31:38,56b46657c1b62ddf6e7d77a0b10934cbafd3d05bfc78868f7bef0c0caf38e36b
2025-05-12,Indonesia,National,,,Pertalite,10000.0,IDR,L,id_oto_monthly_prices,2026-03-06T20:31:38,aebdb8ea9d7bd4b9b8733398eb7b07c8e4b866c6d8f3c1745017095632e9990f
2025-05-13,Indonesia,National,,,Pertalite,10000.0,IDR,L,id_oto_monthly_prices,2026-03-06T20:31:38,b341d8f6ff2ec3789989c3b2d8236350685b1d19b28c71b0ae4a954615094107
2025-05-14,Indonesia,National,,,Pertalite,10000.0,IDR,L,id_oto_monthly_prices,2026-03-06T20:31:38,e380d97240b93c326379f992dd270174215c38eb7b0d0bb80e80bd6d060f2037
2025-05-15,Indonesia,National,,,Pertalite,10000.0,IDR,L,id_oto_monthly_prices,2026-03-06T20:31:38,785562a3cd0a9bcf0d62214727f6662e548e7923688fee8b3a1f5ee82bbe02a8
2025-05-16,Indonesia,National,,,Pertalite,10000.0,IDR,L,id_oto_monthly_prices,2026-03-06T20:31:38,53ed55882381f5a37f478e74328d4dafe8878620d409d2625f0e6cbc38acdd2a
2025-05-17,Indonesia,National,,,Pertalite,10000.0,IDR,L,id_oto_monthly_prices,2026-03-06T20:31:38,8a567eb92afde647cd171ec0cef8b7dbf1a5200708b03b4cb8fffbb2deea7a4e
2025-05-18,Indonesia,National,,,Pertalite,10000.0,IDR,L,id_oto_monthly_prices,2026-03-06T20:31:38,16b36988bfcaa9f51b5a296dbcb14591c197b79609dadfaefac3a31cdf18490b
2025-05-19,Indonesia,National,,,Pertalite,10000.0,IDR,L,id_oto_monthly_prices,2026-03-06T20:31:38,eff6e14862b9be4c4b88004aeb08f448044428ff00d88fc49027a3629c7613c6
2025-05-20,Indonesia,National,,,Pertalite,10000.0,IDR,L,id_oto_monthly_prices,2026-03-06T20:31:38,96c2680aede83c15a8eb5843556cd46e01ee0c85ab3ab442541142f0301fd528
2025-05-21,Indonesia,National,,,Pertalite,10000.0,IDR,L,id_oto_monthly_prices,2026-03-06T20:31:38,2218bd9c4853b7199b6514a013547a8125e2f2c27d9077eae6f23f63a149910f
2025-05-22,Indonesia,National,,,Pertalite,10000.0,IDR,L,id_oto_monthly_prices,2026-03-06T20:31:38,65ace370f801363b752d5bd0cc450c8a5a1ab137b090f4e7fc4dcd22750f21f3
2025-05-23,Indonesia,National,,,Pertalite,10000.0,IDR,L,id_oto_monthly_prices,2026-03-06T20:31:38,7c999214014bfb1cabe3e65b9c0986191625585ef36728295eea03c99667e66f
2025-05-24,Indonesia,National,,,Pertalite,10000.0,IDR,L,id_oto_monthly_prices,2026-03-06T20:31:38,bc94cd8de56d8b95f055a818de601453d3d23c98f6d4478fbf6aa879b8f142b3
2025-05-25,Indonesia,National,,,Pertalite,10000.0,IDR,L,id_oto_monthly_prices,2026-03-06T20:31:38,094c596f8027744ff461c4376282b6490c24103970cd8fc63ace2a73de339049
2025-05-26,Indonesia,National,,,Pertalite,10000.0,IDR,L,id_oto_monthly_prices,2026-03-06T20:31:38,e3c871048b08a70b1ecd8f4f4b48f25f703eb0a78b48dcbd4aaa3cbbdde66971
2025-05-27,Indonesia,National,,,Pertalite,10000.0,IDR,L,id_oto_monthly_prices,2026-03-06T20:31:38,fa7ec1cf21f979ceef3b7d685edb262da99fe0954d1d9ec8eec37327b1ef4540
2025-05-28,Indonesia,National,,,Pertalite,10000.0,IDR,L,id_oto_monthly_prices,2026-03-06T20:31:38,347e7053d9ad09cbba0fa98b177c447f62b9a2b347c541c00b9525711558e30d
2025-05-29,Indonesia,National,,,Pertalite,10000.0,IDR,L,id_oto_monthly_prices,2026-03-06T20:31:38,9c5a52192943cc994fecd5a9cc94e04eefa3c874b8b0fffb7032c2f89053f0cc
2025-05-30,Indonesia,National,,,Pertalite,10000.0,IDR,L,id_oto_monthly_prices,2026-03-06T20:31:38,f864aa29ff46c6be4bf32c5bc13b693ecabec4cc904b311bd32cc8dbba3bf2a6
2025-05-31,Indonesia,National,,,Pertalite,10000.0,IDR,L,id_oto_monthly_prices,2026-03-06T20:31:38,d9cf8b3df4f9b8745a51d2c1608afc5d339796347fcb16fed9099e5cf4ba4932
2025-06-01,Indonesia,National,,,Pertalite,10000.0,IDR,L,id_oto_monthly_prices,2026-03-06T20:31:38,27bb9f3638b5854999b312321066dc1fdd3319967d38b9324ae361b7ea4c8e71
2025-06-02,Indonesia,National,,,Pertalite,10000.0,IDR,L,id_oto_monthly_prices,2026-03-06T20:31:38,2fd32573be9d723accb1175c7b8710681ed29b882492699f6da9eb83ae3dcbec
2025-06-03,Indonesia,National,,,Pertalite,10000.0,IDR,L,id_oto_monthly_prices,2026-03-06T20:31:38,1a85831509aaa326d60a822191171bdb84b56b35839a8976096fea51c6e0d832
2025-06-04,Indonesia,National,,,Pertalite,10000.0,IDR,L,id_oto_monthly_prices,2026-03-06T20:31:38,2cf478f14e972f7722c9484c9e93abdb10f2f619d83f523f4256a0c6aa7b9ebf
2025-06-05,Indonesia,National,,,Pertalite,10000.0,IDR,L,id_oto_monthly_prices,2026-03-06T20:31:38,fbb372cc90a571dc79fb147f1da883748031293fc736ca5bcf5f70e12be65a0d
2025-06-06,Indonesia,National,,,Pertalite,10000.0,IDR,L,id_oto_monthly_prices,2026-03-06T20:31:38,8d8a09ce5f5c714ec59db9ac9961aacba4e54bd8a632bc08ed57fc6ea023c39a
2025-06-07,Indonesia,National,,,Pertalite,10000.0,IDR,L,id_oto_monthly_prices,2026-03-06T20:31:38,9327c29c596515d25c692e6a089171c097dd54fc21a04033ff117c166d501397
2025-06-08,Indonesia,National,,,Pertalite,10000.0,IDR,L,id_oto_monthly_prices,2026-03-06T20:31:38,a74618a1b5fa309ba36cd551d5fcc3c6a494fa2826e7c257823f9e63941eb900
2025-06-09,Indonesia,National,,,Pertalite,10000.0,IDR,L,id_oto_monthly_prices,2026-03-06T20:31:38,8a2d396fad2c7a4ebffff422f2ff552b708c3513c932cf61dc60407435a4090b
2025-06-10,Indonesia,National,,,Pertalite,10000.0,IDR,L,id_oto_monthly_prices,2026-03-06T20:31:38,31caf1eac41fb3cd2d5e8ad4e356de57075ab6e5f73e159a6b384955e85db97b
2025-06-11,Indonesia,National,,,Pertalite,10000.0,IDR,L,id_oto_monthly_prices,2026-03-06T20:31:38,6ed9a90cacd6759691655f5bc04b1b95e461d86c4130fb9b181dde21e0683bfb
2025-06-12,Indonesia,National,,,Pertalite,10000.0,IDR,L,id_oto_monthly_prices,2026-03-06T20:31:38,1f1472bfb585e553c4b997fffa4a654f3b6c12c370e9e5e0127c6130ed425057
2025-06-13,Indonesia,National,,,Pertalite,10000.0,IDR,L,id_oto_monthly_prices,2026-03-06T20:31:38,de1044c0b0bb644a448d798a96eb08ae396913341c598d7e8651f07fe1f221e4
2025-06-14,Indonesia,National,,,Pertalite,10000.0,IDR,L,id_oto_monthly_prices,2026-03-06T20:31:38,9152f4b46abfa15dfbed699d54c2abde5c9ff964ab38c7a43cfe53add716081b
2025-06-15,Indonesia,National,,,Pertalite,10000.0,IDR,L,id_oto_monthly_prices,2026-03-06T20:31:38,842c2284428f8bdec7c2a3b9ada5b8d928065d645cb5921dad17f21e6974b263
2025-06-16,Indonesia,National,,,Pertalite,10000.0,IDR,L,id_oto_monthly_prices,2026-03-06T20:31:38,70c48253a3fa90b93334c8a9aa507d4206df22af6be9eea4e9795545fc84915c
2025-06-17,Indonesia,National,,,Pertalite,10000.0,IDR,L,id_oto_monthly_prices,2026-03-06T20:31:38,56edff580be599454288b863fb4947dcc5cfc9a07e0478b571323655fa97f33f
2025-06-18,Indonesia,National,,,Pertalite,10000.0,IDR,L,id_oto_monthly_prices,2026-03-06T20:31:38,757b1dad078f9c2218dbb52755bd5f2e5d90e5b3f58d3b673dd5cb19b1c300df
2025-06-19,Indonesia,National,,,Pertalite,10000.0,IDR,L,id_oto_monthly_prices,2026-03-06T20:31:38,a3b3c32f78e93082d77c361b645a535e4d363d5641d4530c10825d14746e0c4c
2025-06-20,Indonesia,National,,,Pertalite,10000.0,IDR,L,id_oto_monthly_prices,2026-03-06T20:31:38,e664773b4047e05fd9a57b38fc7488e3c46aaabec60ea5ef8f165eb6352c379d
2025-06-21,Indonesia,National,,,Pertalite,10000.0,IDR,L,id_oto_monthly_prices,2026-03-06T20:31:38,7cd2816dfba29b7f2cba141dd196f49c65049c50db95eff95d426c9aaa86c43d
2025-06-22,Indonesia,National,,,Pertalite,10000.0,IDR,L,id_oto_monthly_prices,2026-03-06T20:31:38,a6cdccf936c3f8780679cc923d3b02726da5f64ef7b9d08f6fdd4091880bcea7
2025-06-23,Indonesia,National,,,Pertalite,10000.0,IDR,L,id_oto_monthly_prices,2026-03-06T20:31:38,bff5181259263c719ea8f728f617453c6322eda5dfaf4f143c4247824f97fa34
2025-06-24,Indonesia,National,,,Pertalite,10000.0,IDR,L,id_oto_monthly_prices,2026-03-06T20:31:38,3b6731131afcf7179492fe44ba6576ac7c219935ba44a4ef332fcf7795f749b7
2025-06-25,Indonesia,National,,,Pertalite,10000.0,IDR,L,id_oto_monthly_prices,2026-03-06T20:31:38,5896052409baaaafc4634d4e95bc0795635edf6bcf07a3519bb9eedcd90cb571
2025-06-26,Indonesia,National,,,Pertalite,10000.0,IDR,L,id_oto_monthly_prices,2026-03-06T20:31:38,4d88b21b626f5ffdeb2584c9b535e7e6a88d4fe84fecc673b4c21196d876b9f4
2025-06-27,Indonesia,National,,,Pertalite,10000.0,IDR,L,id_oto_monthly_prices,2026-03-06T20:31:38,1ada4a21227887d956236b86715e69354598dc93c22be1889a015560ea437ea9
2025-06-28,Indonesia,National,,,Pertalite,10000.0,IDR,L,id_oto_monthly_prices,2026-03-06T20:31:38,a9994a805c917738a95878f20ecaa573b7c07cd199b275137bcdeb5d3cdd0fb2
2025-06-29,Indonesia,National,,,Pertalite,10000.0,IDR,L,id_oto_monthly_prices,2026-03-06T20:31:38,92d6b77a2364c98a29774fa8c2790c504618e96cc69ad00d306a4cc9190b614c
2025-06-30,Indonesia,National,,,Pertalite,10000.0,IDR,L,id_oto_monthly_prices,2026-03-06T20:31:38,c6c18433383fef1b6704c062924552a637877cb1002edc7799656e97b1d3d52b
2025-07-01,Indonesia,National,,,Pertalite,10000.0,IDR,L,id_oto_monthly_prices,2026-03-06T20:31:38,be41d5382c417e801e4ab1c84ce77fb90feb78c5332d5ade19681c889fa763e0
2025-07-02,Indonesia,National,,,Pertalite,10000.0,IDR,L,id_oto_monthly_prices,2026-03-06T20:31:38,3c9d2680bdde60d68f7065e3db8dd4f39f21f21f09274e49b58755fd1784d143
2025-07-03,Indonesia,National,,,Pertalite,10000.0,IDR,L,id_oto_monthly_prices,2026-03-06T20:31:38,920926e49c0a910d4bc44e5e68eb92aa57e1548bbb6754efc1cd0d1024938ced
2025-07-04,Indonesia,National,,,Pertalite,10000.0,IDR,L,id_oto_monthly_prices,2026-03-06T20:31:38,714f1e274b0b2849c995b250313ebda85dbc3fd89f932489b5e5649e02aba072
2025-07-05,Indonesia,National,,,Pertalite,10000.0,IDR,L,id_oto_monthly_prices,2026-03-06T20:31:38,782692eb5c563baccdba7395aab21519f959dc9ac813adfd70a65a12fa05c58a
2025-07-06,Indonesia,National,,,Pertalite,10000.0,IDR,L,id_oto_monthly_prices,2026-03-06T20:31:38,c69228fdc314fd89b6637d6bbd0528421a386931cc8428a25b8e9dcc3aa2e25c
2025-07-07,Indonesia,National,,,Pertalite,10000.0,IDR,L,id_oto_monthly_prices,2026-03-06T20:31:38,edc63ada8b475b1bafbd4e61ef4d7a36a45fb029f41ea23d29c6d119328a564c
2025-07-08,Indonesia,National,,,Pertalite,10000.0,IDR,L,id_oto_monthly_prices,2026-03-06T20:31:38,1e053980389197c950e768530f03df6cf261e3ee0292b2101060e2ff42aabab8
2025-07-09,Indonesia,National,,,Pertalite,10000.0,IDR,L,id_oto_monthly_prices,2026-03-06T20:31:38,262386eea2f0370e854e368ffb755211ad876a120e03ead8431f92440335c461
2025-07-10,Indonesia,National,,,Pertalite,10000.0,IDR,L,id_oto_monthly_prices,2026-03-06T20:31:38,a6868c16487d380e153f42d1650853385692b4566668e48a8b14d7e2e0225afd
2025-07-11,Indonesia,National,,,Pertalite,10000.0,IDR,L,id_oto_monthly_prices,2026-03-06T20:31:38,818bc0192e70d2797cbf5838954dc5b30be04923ce62dcafd60331160ece7f91
2025-07-12,Indonesia,National,,,Pertalite,10000.0,IDR,L,id_oto_monthly_prices,2026-03-06T20:31:38,39e8e8dd50a3cc2e01bd02d922b3489d0b66695d4166e64d88647f4a69aa5c65
2025-07-13,Indonesia,National,,,Pertalite,10000.0,IDR,L,id_oto_monthly_prices,2026-03-06T20:31:38,552a398ef69163cf24c2bbb0bf48d7a58649da0773458f442a6c4b7825256041
2025-07-14,Indonesia,National,,,Pertalite,10000.0,IDR,L,id_oto_monthly_prices,2026-03-06T20:31:38,b039842ed21fc70b0abae8efea33f5ce1e79941e9bdff137612f0d8c626b7ecd
2025-07-15,Indonesia,National,,,Pertalite,10000.0,IDR,L,id_oto_monthly_prices,2026-03-06T20:31:38,62827d547871ce3b802ea92c6c42bc4435a9ce81752c5305d374e95e5f7dd886
2025-07-16,Indonesia,National,,,Pertalite,10000.0,IDR,L,id_oto_monthly_prices,2026-03-06T20:31:38,2c9ddd7f7c79cfd089de89c685b01bf7c58b017abc7f69edf68cfa4e5b32a7aa
2025-07-17,Indonesia,National,,,Pertalite,10000.0,IDR,L,id_oto_monthly_prices,2026-03-06T20:31:38,696641a157a87c61df0021d21fdea3d83e9864588dc8c958c8e2a8a8af49737c
2025-07-18,Indonesia,National,,,Pertalite,10000.0,IDR,L,id_oto_monthly_prices,2026-03-06T20:31:38,aef0a8a805e05189495294f141578f8baab9de8e8ccf8c09cdfd7667371ec385
2025-07-19,Indonesia,National,,,Pertalite,10000.0,IDR,L,id_oto_monthly_prices,2026-03-06T20:31:38,76aa15305e63af054055e3bbe873e16164025baf68e99343974ea1f107c1fb1a
2025-07-20,Indonesia,National,,,Pertalite,10000.0,IDR,L,id_oto_monthly_prices,2026-03-06T20:31:38,f7edf74c5f1a7b96364f46f15d42d79ab2dc196921894776f50b18f900372d22
2025-07-21,Indonesia,National,,,Pertalite,10000.0,IDR,L,id_oto_monthly_prices,2026-03-06T20:31:38,bcd24b4a63de78179fd8e7a712f240dd29c362f333ea27e3114d4527a47052a3
2025-07-22,Indonesia,National,,,Pertalite,10000.0,IDR,L,id_oto_monthly_prices,2026-03-06T20:31:38,95fa95504ae4d6de89737fc044a76bbeb604b519e2deac52586095f7c69eeca9
2025-07-23,Indonesia,National,,,Pertalite,10000.0,IDR,L,id_oto_monthly_prices,2026-03-06T20:31:38,867787387b0a1783f03c38435ac64e711ce89078178441e626d86ef714ae10fa
2025-07-24,Indonesia,National,,,Pertalite,10000.0,IDR,L,id_oto_monthly_prices,2026-03-06T20:31:38,d729521d29bb9662e977b5ff2c86247eca4f308c4bb5f1d86671641495e40e7a
2025-07-25,Indonesia,National,,,Pertalite,10000.0,IDR,L,id_oto_monthly_prices,2026-03-06T20:31:38,58d0cda4add5268886707ea2d683fd68665d4e54675a57f9fc7b8490eb8f04d2
2025-07-26,Indonesia,National,,,Pertalite,10000.0,IDR,L,id_oto_monthly_prices,2026-03-06T20:31:38,7e7097cde9203c51e5f4c40b9eabbea113be4e8d584af17e326e597e558cca11
2025-07-27,Indonesia,National,,,Pertalite,10000.0,IDR,L,id_oto_monthly_prices,2026-03-06T20:31:38,a7ca6b3ad33b493dfc1b91cc2911ff6c4f579b2e80bdbd3b0c74fb9ff3e8f696
2025-07-28,Indonesia,National,,,Pertalite,10000.0,IDR,L,id_oto_monthly_prices,2026-03-06T20:31:38,b02b5f5bc407efb99e5dd2ab2876ef77a13fb85d456c80fd0de1c79b0ece637a
2025-07-29,Indonesia,National,,,Pertalite,10000.0,IDR,L,id_oto_monthly_prices,2026-03-06T20:31:38,42ff6c6db25a0972cae9297e0348682c0718128d567cba9e44f39af2f32e1fcf
2025-07-30,Indonesia,National,,,Pertalite,10000.0,IDR,L,id_oto_monthly_prices,2026-03-06T20:31:38,3c0eb7a0d5fe019d0d23f1e57007136997c36231ee0c4edb016d60244b4a0b65
2025-07-31,Indonesia,National,,,Pertalite,10000.0,IDR,L,id_oto_monthly_prices,2026-03-06T20:31:38,73b687d7b2913b763deaca404088313aede6e9dcd291278e43ee6b83fcc84e48
2026-04-01,Indonesia,National,,,Pertalite,10000.0,IDR,L,id_oto_monthly_prices,2026-04-03T12:42:32Z,0629991ec4334537a1df6c1ae1c6c8094dc65084b6120721daeac50ba1f993b1
2026-04-01,Indonesia,National,,,Pertamax Turbo,13100.0,IDR,L,id_oto_monthly_prices,2026-04-03T12:42:32Z,727273bddd45cddc2e792de9cfacdadcb072cfac7800c1cff2eedc46646662b4
2026-04-01,Indonesia,National,,,Pertamax,12300.0,IDR,L,id_oto_monthly_prices,2026-04-03T12:42:32Z,e633e9bc59c5787bbea0e4084c44a2cd8bf4048d19ec83e60d2262c4fa25b68c
2026-04-01,Indonesia,National,,,Dexlite,14200.0,IDR,L,id_oto_monthly_prices,2026-04-03T12:42:32Z,1417839862ff57fc3cf706d46fdb0d108ba70aa408894f1ad1fa4820d95a8894
2026-04-01,Indonesia,National,,,Pertamina Dex,14500.0,IDR,L,id_oto_monthly_prices,2026-04-03T12:42:32Z,f079428a6491539836dc34686566a39750b86b1be7aebdbe1bd4ad66a7756f39
2026-05-01,Indonesia,National,,,Pertalite,10000.0,IDR,L,id_oto_monthly_prices,2026-05-01T14:58:22Z,7f2d820b5aaa521fe688b19c16f888c3be8369fa94d8328cdd171b62911bd0df
2026-05-01,Indonesia,National,,,Pertamax Turbo,13100.0,IDR,L,id_oto_monthly_prices,2026-05-01T14:58:22Z,6df738e5c7f5e6fef9bd6fb724db957ff51f374025819f815b07b3788ac86298
2026-05-01,Indonesia,National,,,Pertamax,12300.0,IDR,L,id_oto_monthly_prices,2026-05-01T14:58:22Z,58cc6be61d6bc8985807d9f708f6993cdc0e881abf3fcadae06ed88b0f42f727
2026-05-01,Indonesia,National,,,Dexlite,14200.0,IDR,L,id_oto_monthly_prices,2026-05-01T14:58:22Z,9c605ce1a14eb0e02de4de443f6c286194654e2e540ad46a37c0e5f6450cf96e
2026-05-01,Indonesia,National,,,Pertamina Dex,14500.0,IDR,L,id_oto_monthly_prices,2026-05-01T14:58:22Z,5805f302ad6c1e4a6384e7559e297ecc59147d36a0e4e79683a338a8fc6a4ddf
2026-06-01,Indonesia,National,,,Pertalite,10000.0,IDR,L,id_oto_monthly_prices,2026-06-22T20:37:50Z,310739d0c9273699d2379ebaeb1503e3fc7fc4cb2efc24c26fa3d1cc8cabd551
2026-06-01,Indonesia,National,,,Pertamax Turbo,13100.0,IDR,L,id_oto_monthly_prices,2026-06-22T20:37:50Z,dd4133ac4b276524ffb253b4d2a9d188cf7972a7a97d181bf48042d1d3d2fcde
2026-06-01,Indonesia,National,,,Pertamax,12300.0,IDR,L,id_oto_monthly_prices,2026-06-22T20:37:50Z,51da079b30f4b79ac7bdaf3d4055b5cc275ecaf9886744d35cbbfaf5dfc068f2
2026-06-01,Indonesia,National,,,Dexlite,14200.0,IDR,L,id_oto_monthly_prices,2026-06-22T20:37:50Z,682fa7c982594902863c310de84faffde6899d734ea9e662559d5038d346e04e
2026-06-01,Indonesia,National,,,Pertamina Dex,14500.0,IDR,L,id_oto_monthly_prices,2026-06-22T20:37:50Z,2735c1b36173328d2773de2da3b6d9fbd954e8d0db97b50b1f9a942aa37a2d9c
2026-07-01,Indonesia,National,,,Pertalite,10000.0,IDR,L,id_oto_monthly_prices,2026-07-06T13:45:26Z,bd3cf569c555c9fa7c481503c77e051aea8576b7377f4127327120ac5425c739
2026-07-01,Indonesia,National,,,Pertamax Turbo,13100.0,IDR,L,id_oto_monthly_prices,2026-07-06T13:45:26Z,27a772d67a507b96495ce3b7bd50ff207b89db709dbe02447e879fe499de9cbc
2026-07-01,Indonesia,National,,,Pertamax,12300.0,IDR,L,id_oto_monthly_prices,2026-07-06T13:45:26Z,9d6ebec54c52437b08e266985804a3aac02e0405e1bf001e146de7b5b5d3ba56
2026-07-01,Indonesia,National,,,Dexlite,14200.0,IDR,L,id_oto_monthly_prices,2026-07-06T13:45:26Z,f5358c95fe8be04b5c0b7b2d6f70a39c321468b30f2e04702d34d8e35eaf1663
2026-07-01,Indonesia,National,,,Pertamina Dex,14500.0,IDR,L,id_oto_monthly_prices,2026-07-06T13:45:26Z,ddf8c9fc9e63e62fce3c85b618e37a5bd146eb8f9b4b98180d8ac04ff0fa4420
2026-08-01,Indonesia,National,,,Pertalite,10000.0,IDR,L,id_oto_monthly_prices,2026-08-24T14:26:36Z,5535b2ecd2b79b121d190bf188acaff2b9c4b7ef6205aa6d852d2bb2d9cdad9d
2026-08-01,Indonesia,National,,,Pertamax Turbo,13100.0,IDR,L,id_oto_monthly_prices,2026-08-24T14:26:36Z,690e37c895850ee4478bf20cd687cfa87f507f9e70d11f65e5c1f87fe6336c05
2026-08-01,Indonesia,National,,,Pertamax,12300.0,IDR,L,id_oto_monthly_prices,2026-08-24T14:26:36Z,7669512eb60b3f2c1c2c1e9f6300e8b66640ba9a2b18ced8d68f9a7fabdc8f84
2026-08-01,Indonesia,National,,,Dexlite,14200.0,IDR,L,id_oto_monthly_prices,2026-08-24T14:26:36Z,e8a3c0e0e2296d16cce3d6575b526a35407b3ab53880fb330ea9de7b1f661de5
2026-08-01,Indonesia,National,,,Pertamina Dex,14500.0,IDR,L,id_oto_monthly_prices,2026-08-24T14:26:36Z,5b9445e212a1118e68fcf842bfccf01695a512a9d486449eafe572266afe1410
