date,ym,economic_growth_absolute,economic_growth_framing,public_debt_absolute,public_debt_framing,fiscal_policy_absolute,fiscal_policy_framing,monetary_policy_absolute,monetary_policy_framing,exchange_rate_absolute,exchange_rate_framing,financial_stability_absolute,financial_stability_framing,trade_absolute,trade_framing,capital_flows_absolute,capital_flows_framing,labor_market_absolute,labor_market_framing,inflation_prices_absolute,inflation_prices_framing,energy_absolute,energy_framing,food_security_absolute,food_security_framing,housing_real_estate_absolute,housing_real_estate_framing,inequality_absolute,inequality_framing,poverty_absolute,poverty_framing,health_absolute,health_framing,education_absolute,education_framing,climate_environment_absolute,climate_environment_framing,infrastructure_absolute,infrastructure_framing,political_stability_absolute,political_stability_framing,corruption_governance_absolute,corruption_governance_framing,external_shocks_absolute,external_shocks_framing,gender_equality_absolute,gender_equality_framing,covid_pandemic_absolute,covid_pandemic_framing,us_china_trade_war_absolute,us_china_trade_war_framing,oil_absolute,oil_framing,gasoline_absolute,gasoline_framing,diesel_absolute,diesel_framing,natural_gas_absolute,natural_gas_framing,fuel_rationing_absolute,fuel_rationing_framing,armed_conflicts_absolute,armed_conflicts_framing
2015-01-01,2015-1,29.014746772214817,52.505559538893664,0.0,0.0,43.167770941232384,62.87153318381203,27.324342461238587,42.62422665925765,61.28361523140589,101.03927889723704,7.516581030059929,17.699793048240736,26.744187113169502,57.963158666886685,0.0,0.0,39.398880455679546,75.01656651868345,39.59831628333419,60.73224344554173,61.70514380407976,97.70032424755836,23.628191526518144,44.41554692764009,38.75769791659992,60.34575617966526,0.0,0.0,54.65081405520101,97.4855406305384,31.069004126881833,60.36986154691871,31.495935130873757,57.42731598718871,41.34046848046984,70.32033531841095,138.9637334152785,182.46273906181423,37.6630540303023,69.08374866840524,62.21365393941804,89.78041576443783,0.0,0.0,0.0,0.0,2.960217354253491,8.715572578943934,0.0,0.0,70.65357858029796,154.5938307350486,90.7269331949542,119.53787927447236,0.0,0.0,31.256830303689735,60.374099630869125,0.0,0.0,105.65087675537852,134.1909658439537
2015-02-01,2015-2,61.697239502912886,74.18095954427892,205.217479409296,186.01163327924564,146.483605967167,167.1184646423804,159.13481481493957,139.81145944650612,91.83124320668612,130.28878380207624,52.08354509417622,69.66260518946973,66.88405914289635,100.28866934328713,262.37992916686864,293.0206817084604,57.71333726457867,79.59008462982123,40.223614751414814,51.512169877854866,99.73820158869262,121.13179084846904,72.81722776600476,102.0227615432667,69.51872077321637,85.2623178919986,0.0,0.0,87.50245298006963,120.78456770978684,47.208651995853536,70.8343055587586,53.9726122445443,78.93395684004993,51.849364525587745,71.20499334947297,155.24669621198933,146.6243761788719,16.249903817876596,23.983120601016175,29.460178030965928,42.71337458097712,0.0,0.0,0.0,0.0,7.874796649525236,16.401324746469196,0.0,0.0,168.4486019458513,215.98549036539663,89.5353009921799,94.802518230891,0.0,0.0,53.032773225904016,77.39195750307405,0.0,0.0,141.3661866974421,139.69101445457738
2015-03-01,2015-3,65.23190159048742,92.34259085073752,82.79931541892414,110.30363459091814,124.94668376896468,166.9135041592041,72.25754491810272,104.06794469970431,49.210261052265146,70.67937366705549,65.6968553854327,104.25397455310626,63.75068108095451,95.22629937431856,192.063038712077,237.14423523885856,69.22919245497181,113.00408402056838,102.17421260336964,142.6329881914528,103.14644527179291,142.05447510910406,48.64916614059723,77.81285068034602,49.35667811639573,70.1067363977446,40.71336900161988,74.52075385406364,41.331589338550216,62.591740873882856,50.15923338188773,82.85427624979003,62.24191003080027,100.65046984355524,45.42519253200213,71.88862698826013,176.83114408768682,204.70946129996423,40.34796256545274,70.74300658132617,80.98683344619955,110.2136314345695,0.0,0.0,100.29533962265272,154.73398805530806,2.1263363139806972,5.433211425356115,0.0,0.0,106.37797428212144,140.0144882052344,65.16952967366868,82.54852334387428,0.0,0.0,81.16515410338226,116.28064939371436,0.0,0.0,104.82715707249444,102.65270439599848
2015-04-01,2015-4,54.70475275830032,84.62509121080676,110.10811115018691,113.79865855608357,100.744526737298,145.97172699267003,72.49259907707882,102.52483191519993,78.5546422301165,114.24119092582748,23.39967451407349,41.397753727909475,52.56377153162179,85.11844392228366,0.0,0.0,49.2919433192606,80.33697938203304,80.28810546766657,104.71501438887832,66.41820876156679,94.98449001849546,39.851810333790446,66.34874106545557,48.143389054203375,72.161262324652,22.05607203201713,38.82341223144233,78.90531649159865,123.64219118330644,45.153462761729415,75.08309052099881,34.70632199996877,57.692095072766186,38.316411213430264,61.76823941463301,142.39137790633208,144.20825390946317,21.85811664599284,42.63814343152896,40.66215142614342,58.30101479628448,0.0,0.0,47.56063049563482,82.19957962826716,9.11110012247583,23.932713617800264,0.0,0.0,59.36709237897921,88.2593963774038,8.64751453331991,9.211681174643571,0.0,0.0,48.652416073411054,70.60399240971388,0.0,0.0,187.25598452049056,234.57207035542515
2015-05-01,2015-5,59.31871459063653,97.25984776306572,85.96476461310256,158.51554810120226,157.17166297605664,243.88612204678657,48.52942496400807,89.42254498475165,65.28590440904439,101.91140369625008,77.09236557534823,126.60350572468094,72.23325348321829,119.3831883329576,193.5622982583093,286.3902529516831,75.90412750736887,135.46578395476288,45.266111906174935,75.92273173939869,64.53518276463689,99.63097113266818,39.35362138947882,66.52754915385697,57.22727792024955,97.18902613462826,0.0,0.0,53.20415832562043,90.24966841514794,37.082806458082935,70.57266973772347,49.05305119152199,89.31760360325589,54.75184413692738,92.16537514862868,123.7218425763623,121.80866489498396,21.268025720074476,48.79359707915326,76.1510800318492,122.71695611343895,87.78538205721429,191.34675254683947,157.91769463706532,279.1222929064099,4.18887622058175,11.203095835805204,0.0,0.0,29.22681194001292,46.44833234105751,0.0,0.0,121.02573735635671,176.84170861643491,22.62717132091262,31.744367834396225,0.0,0.0,130.57038781084316,158.29272960662075
2015-06-01,2015-6,55.512069697360225,83.48917791946668,132.47740604067604,172.1281387953277,58.682890217577174,85.84930958844177,101.7417554521099,123.6699243279687,36.0215368893632,53.623830147970104,66.03806920830462,96.55475060058816,48.68223935508804,75.53494204262498,59.68672507587818,73.68177391980046,40.58139924379084,67.8689278973644,56.40439231304352,78.41083724453654,83.41705645617648,125.3452708149189,36.45940634686525,62.95019675437046,51.90418619694096,89.48370204142033,80.73556520693094,132.6696695485935,70.86653593547116,109.53632123908356,48.20259929746948,81.39840228535762,51.06166196059398,85.1618296915091,51.207546694588,82.64648083908928,118.12782420703576,95.05243836462276,0.0,0.0,60.72313418455504,92.15950413149656,149.82228650825118,247.6439281423002,0.0,0.0,4.2165747600603485,11.59207585371344,0.0,0.0,21.56570137287533,33.09648888479393,2.6378298172239663,2.6232253237244607,0.0,0.0,22.261331849272967,30.159019401642084,0.0,0.0,144.9904569403349,171.39873991949835
2015-07-01,2015-7,52.98285437009272,89.22317635489547,21.03319632773337,40.68040666935797,53.69751801066205,92.05363195062102,80.07407412690364,120.77192604905773,94.51548876585372,154.35832601935826,47.928404493241,85.98053122835384,75.5751603360388,130.0134251632707,219.1246935583378,330.805953792101,37.04251705083016,67.83222899786958,22.150727056620383,38.968639223143626,55.57016871918429,87.7216233919623,59.70895258431136,111.92015993581865,51.298275462838355,94.36665400210347,0.0,0.0,42.280222065385495,69.86021892546553,28.94549974656282,56.17850638662381,36.68706103177627,67.02308623839589,45.1055129038514,79.48705929689548,111.6111678415117,105.67409560386736,6.785494617959326,16.189560052955333,30.4508526563194,50.33172566565202,49.67971274915072,89.19269901073733,0.0,0.0,2.002340869602464,5.083310008682395,0.0,0.0,75.49684050764074,124.72290217956694,125.93314097756594,220.83955704815145,0.0,0.0,73.24522074807008,121.59060079812927,0.0,0.0,130.84279012985786,170.18720858141478
2015-08-01,2015-8,56.05764286711055,96.4409923226554,30.507130210190265,56.8039394121598,41.20418624505135,70.89675410970383,52.74670410350052,86.00131843548813,66.76294811780728,107.81047049774534,41.19507239491631,71.14584015972615,40.22399849079868,70.8445732858521,114.82500609465212,148.22274643127216,44.01742070815082,83.10658903918056,16.064013857838717,27.20685955031407,58.52486162204895,95.19637945602732,38.852436720358746,74.0479468823587,48.77344073468661,93.18421812657829,19.41483167981601,33.360798984742836,54.30879857269018,98.30045909348428,34.114586106965135,67.39619513361728,39.31422942986522,76.44296076045232,46.75534810283958,85.71452156926111,125.09229367250086,135.47330059817205,7.004402944374643,17.948914427965555,49.92819315461275,87.0232719025893,83.07527990950996,206.45317591400823,0.0,0.0,5.115784628006722,16.9518486586686,0.0,0.0,20.74399113393996,33.289456935956956,64.69162024001608,121.4656210348368,57.26606623743629,84.4948088446818,21.41311625003939,30.33486062815952,0.0,0.0,117.068822532582,141.9111392992696
2015-09-01,2015-9,57.48901959541205,93.80223586035515,0.0,0.0,43.801849429098525,77.3762431974093,73.30870409851907,107.05437770393438,79.81549707562117,127.57091643515004,92.44136957409184,152.4492544808241,65.26462943098853,111.31154293824424,56.21049023133712,78.61659618816529,47.97382199984366,86.36437223601541,31.80222605203219,48.96859934024292,57.41895998386582,89.74981179340848,31.173634732792216,56.06132876488914,49.05983517601486,82.77675546887757,0.0,0.0,47.77979802261581,78.09093426024613,28.37942744793617,54.08922386128056,41.347115794835176,74.53319067985787,50.103296194352346,86.07263711518713,129.91333028894158,160.09358627239823,20.573267270192137,44.48743221031395,93.37914405325223,149.53953072060665,141.0964357904124,264.22983136108195,40.98868193457071,74.92758114364524,1.9854978980565856,5.780391058321714,0.0,0.0,57.93361713418605,94.1864109857168,7.452597222472886,8.396745966388655,147.59684895005847,262.34753390503295,69.3417830226305,112.6431250138708,0.0,0.0,110.0280620172625,132.9117855311312
2015-10-01,2015-10,56.6111612130727,79.38241941463221,37.954440262488305,40.998532060125456,29.472486885563537,41.50525691747145,111.31059330503422,124.21873128922716,81.15126883366808,114.72413110414212,57.81565614228893,83.42733971955695,78.66685450084086,116.38603728310996,22.482484445451068,27.809923726350995,30.079943770578744,48.87697035514937,46.68595649510457,64.05315828830913,73.38779984039434,107.60929139854444,54.93335645684814,91.64163102689864,74.24121619651139,124.35904794505826,29.469571264515356,51.54588379492833,68.2155383922803,107.9873170436092,44.60034101680251,77.89187965137,50.559416885513194,84.21131351801121,66.54254457605468,103.78399013499129,105.68296394420128,103.25551059316862,5.832863468635298,11.610893507334763,50.71768399668439,73.96325202452527,0.0,0.0,84.25529881379408,132.71425616629986,1.588277398963048,4.21724397218484,0.0,0.0,109.55640619033407,155.4705944548333,48.67870167159236,71.62508939569014,0.0,0.0,50.31169457530571,68.29803230314064,0.0,0.0,123.07500239355164,147.10881217643643
2015-11-01,2015-11,68.70838122878105,95.36309455899094,42.906155532534115,45.03780084064715,19.01423380468177,29.425943314805565,76.8503895463741,89.0681461546701,45.88263988875783,63.59508985228629,69.91766972331925,99.64227357206272,45.803111444989696,66.45679912141449,81.08960997602837,105.12866394887824,22.890151890176877,36.84765332282802,23.704327964636356,37.86697903811984,69.32274564384582,98.34914341134292,37.73098402763061,62.73011644948613,65.91962707574278,107.82743143204203,0.0,0.0,40.15881290673397,59.13660705415543,27.02572935426648,45.36168945483905,40.521320605979845,65.75761499128676,61.01334820268445,92.9339050094726,115.63461571170656,115.88616173757906,28.26093874636514,55.7917730081795,45.244123724674616,64.61600448629994,73.5523648630842,135.94284299609626,0.0,0.0,1.795491558758916,4.657959131067589,0.0,0.0,89.8262206244557,123.98996667775828,57.27602315226209,80.91328670571765,0.0,0.0,68.53635904151349,104.52835824719509,0.0,0.0,156.89297166361789,196.6740880806166
2015-12-01,2015-12,54.64625088589123,72.26728114336123,103.63307310387567,159.83925415100722,75.52853771444634,93.2017844319138,69.27839660990573,79.80472614982551,44.45717381859531,68.42357998237274,19.498293374995356,36.58598719993519,21.98801482392782,35.185659729684964,59.52625618752341,70.82064175502697,51.582901899595235,79.0846828727996,56.76401975851661,65.88202860559599,62.120387012710275,87.31604185721808,48.51288828793252,77.94133016332883,49.7904863918977,75.401982016927,36.757414118871395,68.62173596630478,60.12759429163814,91.84635478814272,46.131524957261064,80.50521338616754,44.10950115934408,71.75696830543986,48.060485823246225,69.05924203283627,103.72246994648016,107.46677337066592,36.008006225612384,64.08926173583087,84.93357771142566,118.49531223110291,0.0,0.0,39.63094127424264,72.64531278402053,5.75918621074124,14.98177179025322,0.0,0.0,32.728220584280194,57.06249035396418,68.44490988618242,86.60631450678183,0.0,0.0,0.0,0.0,0.0,0.0,118.1252931688879,138.55692034690037
2016-01-01,2016-1,37.96354550638509,56.15792963445636,71.51645095866935,98.81461172852714,27.573724679547873,41.68267656849663,36.215929408522726,50.584105313911216,76.07071513358852,113.601848359017,66.85444182087213,98.16695703630478,57.106147736416865,82.93019038590248,25.99735173199342,35.10608189146358,25.473860381989734,41.059491799089855,44.28600423768169,58.727462544055456,77.2267815955248,113.2504874602187,40.069759144419734,67.51839270935173,31.212622631648856,48.35383219013297,0.0,0.0,34.140246370348216,53.63879870755604,39.93659405614923,74.95464150866468,45.67640561884636,76.54802727716311,47.76761671368877,76.1322949968974,120.59239814267984,139.77849008174246,11.884172616102004,23.020908031919777,30.28921745625253,46.44380847571225,0.0,0.0,48.71380304656686,72.83245050145621,2.6301875401591523,6.72461248807616,0.0,0.0,82.12857892993736,120.97558350780656,117.17383609670522,162.88091953859612,84.66499993983012,141.52076316586454,19.39244189968356,28.738857618512483,0.0,0.0,123.670052354639,150.7241529742555
2016-02-01,2016-2,95.12504513469368,116.6595099657184,55.17678237888509,61.402659275126595,75.4503016309562,91.64397390581225,104.42019720870758,106.87066545143466,89.15086091382538,111.873571337863,68.15679553541855,80.82768418047733,67.83827202528512,87.33602277275656,293.81392825739005,335.9005325784583,56.444585917590686,79.44848467255711,122.23265706469222,134.6138636625762,72.61969901422854,90.52542814342732,56.680309042935455,82.34094467327068,74.80636925332313,107.7863267649987,45.74774528006087,67.53904470373443,72.4079952182954,97.23323687622349,61.03563174603135,97.40722356843166,54.81501103845051,78.88287377656661,59.69817002069649,80.44250712603765,140.90792590496224,135.2636166596399,21.048363099301337,36.31916228319427,66.86519811955758,85.56081903358817,143.6783633119848,220.42065570162111,0.0,0.0,4.102836938956435,9.591549575861494,0.0,0.0,156.55109399845335,197.25916231399503,53.91731781263907,66.0647465968715,45.927135130242014,57.27630894685183,136.05660181202006,176.5014059970037,0.0,0.0,123.63718236574957,118.81889928463794
2016-03-01,2016-3,74.255583008458,114.33388168105692,34.58483257327134,70.05489058449484,86.87417538060414,125.18804183413006,91.15650747987269,128.32926211146386,75.57591057686827,116.23831811776292,40.13941782994036,65.25603582446422,41.257989298325384,66.16179221707921,24.40743104755746,34.274894897804245,38.12555999670363,65.83611257303444,97.11481265003614,133.81527098289175,61.67405977503116,95.72904601647254,37.15754716700507,66.48509659258102,51.879309753035315,88.5614352153908,0.0,0.0,46.17594377816831,76.6779407081007,43.14658246780119,84.31110558403276,50.51248504623253,89.8234398803049,37.72689101538945,62.8591212020943,88.65988870401613,86.52904245693675,25.32908909884076,52.53536668432616,28.02904807795493,42.50278648473553,81.68822850058699,153.59691020098634,81.33040267582385,139.142419983083,3.604617661942462,10.863063997580424,0.0,0.0,115.65875908811012,180.38806390137415,154.22498741583593,234.83934601857,79.48714043937771,143.41881985190437,60.2184674381654,96.21161933241513,0.0,0.0,80.01979484107467,87.75119897280301
2016-04-01,2016-4,102.50705476753376,129.01121216830094,131.06454450264098,131.96491427922322,85.63480956328526,106.68681438765714,84.37695656625024,97.75759775036754,89.0568559908745,113.06765109882367,119.1730046328976,150.50088722790147,55.14805758950069,72.72744500243846,186.08315199993257,205.35172970321057,71.86498048216129,104.3793201373034,58.88540351606847,67.83251306365341,72.33571597356489,93.50262793010134,57.88116301750374,85.97187825951346,80.93260070570912,120.04550648177756,17.5026102630518,23.929046964083927,73.78853588616397,101.37123233553795,46.21009741368285,76.53207512555163,57.092326920298575,83.07482475236884,52.478963648611355,73.16054936876938,125.58025131278396,115.35355115983414,13.4280572246746,24.48810838359084,51.16602180376091,66.87169332487449,43.306500388060925,59.55526692272674,199.45891006684857,273.8529977994313,5.73289612375181,15.717707115799277,0.0,0.0,24.93447608201593,31.837166281845636,4.574827176874933,3.7851172574624,103.25154038744208,121.2129391739309,19.30407816161981,21.758600714333735,0.0,0.0,111.3810863952128,104.83002579107684
2016-05-01,2016-5,107.70279921812504,143.47807650402032,100.99996637504825,125.20179895570492,167.7416851181143,221.8228565266739,122.41919539743893,149.50298710194295,83.36689192481121,115.07611244918364,101.4465168246295,133.23182372996604,51.83127221974767,73.82438629793059,176.59691546759345,222.45204141730045,76.79877596367955,119.65745805326092,75.45820720990851,102.70315288580892,77.90711798938423,110.98995162952548,36.82659052281569,59.80251228171486,85.11795457480567,136.95207735256312,165.71587676826786,274.73315180444087,71.76620875308794,109.19191897913836,45.7471459013599,84.03847652992323,56.542283491672976,91.57126042024248,60.828829822971024,90.95874906076722,98.7260473712791,99.73253360362288,67.48824639390527,128.7068346518961,69.65568044747435,96.80503032026974,0.0,0.0,30.72981376772752,48.83349193602023,2.266522569931118,5.973529744159584,0.0,0.0,25.3774472966579,38.35843712083912,89.38234064246761,125.55706959227096,179.27669007446383,287.4919925281956,36.26892951065896,52.99302474215136,0.0,0.0,118.82130531764452,141.651706319861
2016-06-01,2016-6,131.31370393360098,162.9745754829897,55.2456887571291,62.73407219277366,109.3641207325398,135.41608834486374,129.82589675274005,142.8774716437358,142.72772028914642,179.9383612837042,153.71787281452265,186.18902641883616,92.94133017781368,122.37666224448913,285.39666171523345,321.31468354201354,71.35267719369102,102.1718696592955,113.78573278537633,126.25365143032649,76.46297847736633,102.49861046622252,60.22422192734118,88.00385478874986,87.31537139330516,131.18988634613348,45.80487640123484,69.35696901159355,83.83315203465331,113.34543277384896,46.43835230415348,76.44248642662123,62.58629527803972,92.48999376146055,79.3394799736805,109.1710824399904,101.84023762270289,131.13556933352262,34.5970878132986,58.46374015038492,55.598029473788905,71.94562739637868,171.99272103080145,281.5011780316065,33.617629547960426,47.166669941868015,0.0,0.0,0.0,0.0,66.62946637089425,88.91797844978589,97.78199238564048,128.98334450250545,45.984490278703134,56.422575520112034,17.19467218079966,20.256522123514245,0.0,0.0,72.3280820103222,81.67469816409053
2016-07-01,2016-7,121.69845078217016,146.5499284510938,115.73061530530812,123.730170519846,141.60808493149594,168.6717237460495,171.56578509365542,179.83421757269895,78.53331608090608,94.9162824828375,179.31721728840432,209.297881875591,72.53448220604315,91.54301213764732,52.14158115738793,51.41302011613338,74.85711207766404,102.64837134017095,197.7401791800181,217.28504659574887,45.82940867892737,61.72736521829981,29.894873845131237,40.99319209354609,74.80554420899242,107.8005548117276,0.0,0.0,106.38244207971898,144.80870358507377,51.590413318476855,83.16648174931754,53.24507448255201,75.45265003977939,47.428392352795015,63.40817076276158,35.372568313751536,57.723616269308,33.89727468613272,56.549586496976275,60.31400000408575,75.3264777167779,0.0,0.0,0.0,0.0,0.8792058161548957,1.6413710412132794,0.0,0.0,120.03963790748917,146.6238623686306,56.44804247510922,73.45152935600366,52.0085884049033,58.61628409179093,58.3416684270141,63.13228585676595,0.0,0.0,84.03288359522053,120.65308368748144
2016-08-01,2016-8,77.9299181927124,112.88026175656005,95.15750578683009,135.1775058069699,66.97196820189995,92.7963979334184,105.7493344502566,145.72210686848442,57.97889853030287,81.3404033375714,82.06944165972936,118.27231893216336,37.91390302271951,55.792620216617365,74.85550414213716,88.006908066232,66.49447363699973,105.51134024084394,79.73976627733887,112.10220430059093,61.68206335709284,95.12964362416707,48.77677762786555,78.54021225345384,51.313188041517,76.35809686741717,49.58195982195173,83.28689766100322,57.97880577060007,86.37454989111218,47.221072107463755,84.14922638027973,58.27318686067071,95.05423455141568,48.17179951899413,72.89832726079166,45.60821469286451,85.9471196082089,22.427273133285784,45.125016741714056,63.660221501871135,91.21692666483152,72.21007770437971,136.5480037899376,36.389749051070375,55.91817389762618,3.52544979938807,9.134299880150374,0.0,0.0,42.07218839421596,61.49278172128734,127.91736266748948,121.15156283553657,0.0,0.0,104.51071071503864,151.59356411124335,0.0,0.0,52.246333976650455,82.60571584411399
2016-09-01,2016-9,49.37164466599045,68.45942413807232,62.06662261981217,77.08981933711082,46.87651910018528,64.44962033210115,35.301138165941936,49.05136087388377,84.6267270833317,117.11920879778022,56.525565156249165,78.60058911286373,61.83592872107518,88.23111116706446,439.02457517385943,568.6375997987803,27.53503766394607,41.88786301793566,48.6262034473881,64.9359196642163,64.29191428499176,101.2614570948699,56.95047835937275,90.51803429354544,99.980813316323,110.46699221508408,17.514888488420475,24.6826500605494,60.564555804369256,80.50264267630675,52.68552302309485,92.96995199449618,61.61728461627866,97.7093128763474,74.12963447035392,109.82690772763316,44.63839761125495,81.5770963251948,13.837266404792484,27.62393539473402,67.13064259928183,96.8067676329056,43.33688025504658,61.430854932193135,0.0,0.0,1.9123059325457636,5.844667154156534,0.0,0.0,31.18995977814426,41.04977704679357,387.9794972368512,368.3741123354148,51.66198609704879,62.51516336884195,44.57605366725675,65.58832418592308,0.0,0.0,82.94254795040395,139.63143103894993
2016-10-01,2016-10,88.35936478599197,110.08995930719315,141.18473161083395,144.07059111222932,57.253812298987114,69.03568509616463,191.39209146768508,198.74411782177705,100.95106284335564,124.0419561970747,165.26372027732492,207.99239424908876,83.80901129730073,107.38819866071492,156.05519508470516,179.82048209038038,52.00555970845329,71.74308623826585,143.8317109648212,158.28332018084276,49.449623491350856,66.89387780602104,54.69063623563473,80.52645769010205,131.5030138009842,148.3129922022507,129.24945685954913,193.834581140294,82.19641233461297,108.8051989766646,51.01623923642201,81.38473436709165,56.994956622333106,79.19662788852848,57.37168074345341,76.90769662925524,61.69008150533933,106.26995093867004,7.855025062360143,13.228440191121686,67.21201596885949,84.67475100920014,0.0,0.0,35.66653442932005,46.94190016251698,1.805890763063257,4.720669170714213,0.0,0.0,62.19299183256128,77.12002301926657,343.7007498781459,278.8083887920374,79.64511421964808,124.64858929780748,23.852863203129413,34.84728667359761,239.8997816046983,354.15509858969887,36.133454919120105,46.845917855817255
2016-11-01,2016-11,96.53987966676031,120.90006198972888,64.27427870969017,74.82657851022752,99.93131773337454,123.11584721143971,129.51585145956537,140.3040382353236,142.6799806418729,178.80101653996397,55.89316423933899,69.64261866561465,107.56682714307132,139.647521025303,23.36470851862699,22.58793198185295,61.08363549894296,87.07580975629926,154.55874463248225,180.42750957479663,44.923006458955115,63.87991818225319,70.69829891468956,104.82883615870884,135.634030454321,158.28692999931138,31.60439688638403,40.67129918832244,68.44111154808546,92.81556476681372,92.6592965678207,120.02972561173677,68.32900064056075,98.96167621526432,53.912485195876826,74.15263245635951,42.50569842465902,67.94059494718805,15.730455646412665,27.09069061301274,62.86731089985047,82.1294328588048,0.0,0.0,0.0,0.0,3.3012044165788925,7.672616455325421,11.128188593497711,13.923607755070476,96.32380519715616,119.36595394016707,16.52149612104327,12.866842266823165,46.610228595786744,51.50526598529332,34.85730062981095,36.98227350634448,0.0,0.0,46.51873642896977,67.12477007509526
2016-12-01,2016-12,104.81681909793124,126.5469006082185,200.0611471572661,207.76035477031323,131.03510438289604,153.8812182634342,94.22794694849848,109.57861491041896,122.1550836991871,147.55455472333549,137.53351312858302,156.45474473806303,60.501350217240066,76.12987434863113,98.48048368744249,110.19040590591456,80.69577264910524,110.1215334307768,128.19120495812993,147.45010228404706,67.89038245602875,89.50382019030963,69.6101866995581,98.84775614507107,110.2650725366576,113.02216502862404,61.33487421118529,88.45753363475933,86.15827923392601,113.15771127832612,100.8432889265915,137.15720287712355,64.06799971347272,89.17873545969461,71.09600669565795,92.90007088990262,78.09604843917933,123.73454718973387,41.853407788930745,71.68613725355728,65.844596306674,81.57773239785122,51.652778263853605,71.14161659249542,0.0,0.0,1.1396288072090244,2.8360055814226253,0.0,0.0,85.93024975250852,106.69902782562754,69.55971875306078,85.41757249044672,100.52198989511604,149.7686375304945,106.25947241249918,135.7232869390609,0.0,0.0,57.029996726632426,77.62932324440328
2017-01-01,2017-1,65.67223739066857,98.8726183049594,170.15437314694918,216.24347096687544,45.03780150050991,70.06374116089488,85.62013187078361,112.65266731310486,55.8429947107095,81.14128818957062,37.89752789845845,56.76415859405131,71.92866125393203,112.17374226216432,152.98613765193016,202.9009983711259,45.194732958628315,75.40238907614233,105.9148577315312,147.4745563489141,50.628539460554784,84.97919998406898,43.765443470588366,75.71500172459768,53.38234551442929,81.07481714268667,0.0,0.0,38.705908060594375,62.167862047220694,82.72984393209148,134.88412493675165,45.73322156165987,76.86670548309517,54.81223991760229,87.43108001722457,49.39604945052717,99.61015261196006,24.305296873131805,52.25432146406626,88.50615998498851,134.36210779862574,0.0,0.0,42.98493710264161,65.78639539196051,5.252613997298718,15.184710326331372,0.0,0.0,86.01223516787394,129.29282576853728,255.266836390434,419.7257443600302,0.0,0.0,116.69059241143827,166.05050065230208,0.0,0.0,35.082597231095434,57.911921871255515
2017-02-01,2017-2,76.15953418521511,82.95869035719973,70.20626364418284,70.0984481220419,94.79145050393136,100.6814922128891,87.74696524614983,86.2865335891395,72.45003107975795,77.3378117371382,89.28845164430834,95.0027207673628,82.93215786993142,92.61803302102489,0.0,0.0,70.41883843077102,84.60166563402008,62.20184917762344,66.38151849727922,88.37858109879555,107.37144389550608,62.83226792281161,79.97915746057494,102.35734231719806,134.52951918211855,69.0424432498953,77.73827508088138,78.352606078931,96.71674430299518,100.13161403400125,120.02717314881576,74.63520291191563,92.45093295084432,82.1527340807092,94.82518090152102,58.64534830123118,78.67646113522802,23.015473542180732,34.52276264709301,80.8100232521463,90.2699235957934,42.70772402597227,48.36928659865963,85.04129557358006,101.04479031993124,8.235632649538855,17.358172697477823,0.0,0.0,111.36112668113078,118.72365990752368,57.51360084940247,65.93845102450845,0.0,0.0,188.89823435926405,203.64205050179083,0.0,0.0,63.91687308339624,80.5156400873912
2017-03-01,2017-3,113.9785364961542,116.7394136681989,99.49881680164924,88.80519353930059,81.17460248068252,79.50524706633564,101.64199918269964,101.89507883875686,55.94735916048435,58.648755679012254,73.72297445996941,79.34440528244136,99.2150884587936,105.39207490140733,49.09922224089287,47.42550500913176,75.2929097816587,87.4377545120304,105.90806510509236,102.55446368201476,106.50874570993432,117.64309966102292,88.03452456314487,106.69682999638208,77.96657963037762,90.01791192665732,148.77777911959694,181.94122379580577,90.8574316910109,102.31565315837555,62.61225746037168,82.21034597729293,79.74575058753281,95.34360864871586,81.23351419927042,90.91408648557214,82.1107487414298,107.34532462262422,36.2077944936614,51.67865208488535,75.76180485560198,79.98691107156623,37.50863558200905,45.633864585383265,65.37781872623998,77.64229513389542,15.977896858813947,30.979188744397018,0.0,0.0,117.01177181922552,122.65642365985327,97.06184352732808,100.72108072760638,72.99593194569447,90.55125782914234,335.6526062744949,369.85570238612826,505.1939827045461,599.1710053359905,39.095316515692275,40.66225354736395
2017-04-01,2017-4,129.41363056461176,135.64386495919928,97.59961700985843,98.20892223709885,128.5225437378585,132.91889084455852,102.48082464176755,97.6668072799476,62.22854449048312,64.56009992838997,126.8812847730442,133.5113787963895,61.201465350521154,67.25828899447106,200.5664682676564,198.1211408382217,125.47116204392674,150.03817224183845,107.08578291614812,103.42773229915264,80.6216071274157,94.6343959273023,80.34589304254816,97.43407035405842,105.4543558038653,133.44920991881557,166.11498946742392,213.8735353881891,83.68278445707824,97.5028066889792,56.186801053102755,73.84260752517591,74.35046418993761,88.28803490734458,82.01321952965986,93.71824684914968,79.01475343139883,109.44460992362114,23.008077104638037,35.02725041281887,112.66654675476022,123.4995495265006,0.0,0.0,91.67924005288825,101.00727422181872,9.841396998142164,18.021150878868884,55.394774576811635,71.6342070525558,129.5799167403208,136.02561983857862,266.66302393461604,303.1230818756123,0.0,0.0,201.988419749299,207.60617786974603,0.0,0.0,114.217002100903,141.89107503971232
2017-05-01,2017-5,132.33692295569398,143.35596229051836,206.2068890746162,192.67750668678624,201.55208636955876,218.784377530376,114.72573829964492,114.22444093424735,118.60536345864516,127.99173096732402,96.9267172250988,108.28855595619906,64.75869144589954,72.392523688351,284.54416415550077,291.56501723668055,83.28029938264848,101.77383661241446,197.3224087923128,191.33245383022896,67.00929364479289,80.68782425298338,50.02026381176624,61.64174833950923,113.19323773799036,142.6898632492753,159.56165868009413,212.1013926740099,98.20808551334086,112.04416656664549,62.79918960704099,91.12326429196584,71.9958750175398,89.89591093126624,50.281569610368166,58.6174162308788,55.98331739568248,77.23623801707296,23.61117217946472,36.70750807560659,89.90562680202945,99.44316038365083,121.44834102929669,143.54874834581904,161.2218008482091,193.1854642620557,9.5155924748724,19.848331040907492,42.635100092048006,56.14500433950256,32.38468775065964,35.00385138446169,0.0,0.0,0.0,0.0,130.4705917533399,156.3991194725932,0.0,0.0,55.62064483407177,69.11836848274163
2017-06-01,2017-6,85.95118292741351,90.10108839709687,150.84049069633934,148.2961066256011,106.15202726091456,104.08082053686502,95.0841682384759,87.28445675132474,80.1656476686065,83.1853122974577,50.005924511895735,54.893082939033846,99.17306539422732,105.49983947783144,202.3628343407301,193.21222556714,93.78226042676762,110.39685871838756,140.11019536021087,133.87813241529324,69.22233981146188,76.98107125918075,72.14805741672318,86.59144595996833,79.807383371203,91.46295968727269,37.084995975110864,44.84290416126223,99.29718664832656,113.7307138569044,56.1764237557173,76.61354849449397,73.51289996587218,87.93028680189869,86.70010561686449,98.05802299986928,46.15688662289939,56.95926250176096,38.868380417151606,56.42433227331816,79.16939592628208,83.98826812395662,45.8794822157957,55.80312352018622,0.0,0.0,4.885925756863456,9.606803517136065,13.05795616615402,15.351735022000566,76.32571756702575,82.80402711162475,0.0,0.0,143.97954778752455,169.91437001283222,188.76543483898848,208.055235556276,116.3326573046405,139.36115926278137,81.04343471732177,92.70375150422088
2017-07-01,2017-7,65.91567923069141,78.82241980292059,68.93336232531534,71.28585036782262,49.35847353175352,57.65511733116944,63.0750096226733,77.38857456108968,69.25217729063758,79.27416458978854,116.10601399761622,135.83150831219993,72.45124087298102,85.49194122556295,154.7713887969862,165.81651033957715,55.85603320386292,73.46863121351456,86.90647231054082,95.5268601749594,66.4217101276917,81.57303243303667,63.25119353430919,84.52687382489293,62.65642376192752,81.09218343344811,115.51143761379646,157.17683761938423,46.48056595253647,58.3521167066873,50.90136334927924,72.9828002374427,71.93049460422654,96.04631625518212,61.82120928475012,77.47878896909309,59.910260192027216,86.58734915149927,27.628164485258896,44.07448468089673,137.08944411477697,160.88628789119025,83.23709385557444,125.20890688385424,41.94673449244925,55.590755195724626,6.187686081058541,13.60561015119162,0.0,0.0,63.150410556692904,70.84000393136019,0.0,0.0,0.0,0.0,105.61352435755528,133.28852006096153,282.1415818716728,370.66083234412,55.48319293506267,65.67739206161403
2017-08-01,2017-8,74.10508693766468,77.71244555873626,53.08818599499957,58.07584531476489,39.75429007643092,41.73690106837378,85.12932200541522,82.65348315035996,109.56286170815105,114.77832283620972,95.59408836131122,98.59884143007652,71.1304820284481,77.62295279442091,0.0,0.0,76.32533454988122,88.33817726866577,104.04077226448344,100.78960906774267,78.89557278319249,97.2603934588007,54.46319529978583,63.47203800827795,63.9377807610196,78.62911445132436,133.05004478595535,162.0794499429322,58.935570900306,68.58002665334513,62.36635089511024,80.81151281460915,77.85692763286976,92.26538126595166,59.04869028695754,65.20918648546547,53.81599779672187,77.10992193986002,19.825835639736702,30.8746409204582,114.54655933580035,122.6667579448536,0.0,0.0,0.0,0.0,11.748867957541222,25.858705996248908,44.01973121817676,60.69670432024664,72.1969488450522,68.06969275836198,4.415420140603581,2.6975994711015785,81.34255745234017,117.39708931682492,91.71512754595548,113.96712665395152,0.0,0.0,57.41411488076349,69.83595568505451
2017-09-01,2017-9,58.09132930117389,57.87825129821643,73.24439982784745,68.67194216750806,28.239948824347618,28.99163660839982,99.4404742613108,89.66171807270914,119.0888349697184,118.5901952439222,93.152358675436,91.94455150834423,67.41410852225255,67.89368341915437,0.0,0.0,69.60847031253506,78.53496665673919,131.10152959163148,118.94346312739256,118.41899978248291,129.26673680647306,58.54377443527398,68.9015896786975,87.15277045902576,100.25307914435852,87.80782226679537,105.78738581144653,84.93698784626648,93.88546430829696,59.77924031719718,76.63220534381988,67.8743686476049,77.36248384017047,60.30291996772402,65.16110311605695,60.980021937816176,76.13225333831082,24.75366019384281,34.90868782606973,68.8199097381622,70.84871560006219,0.0,0.0,0.0,0.0,8.59202497479838,16.47290242746091,213.06146910733057,248.81670025118777,123.33167070449304,121.30210884978044,331.77396030659327,346.1725959285017,646.013807643827,740.5872264507664,307.0562665191086,331.56932141205675,261.18191152707686,303.4876529451911,112.06051606741087,127.6852419436809
2017-10-01,2017-10,63.92147641090924,78.61143291924223,100.36416735810184,106.4894936481079,36.01495265016192,44.94014003610436,77.18985217557675,87.4066184034325,80.3670254996106,94.93878253604063,131.5145564986351,159.06928608985072,62.70679452957091,78.93488496876415,98.27950604840106,90.16822702312278,60.50772387054653,82.32193708404175,102.34426715933878,115.00650002827444,70.54881749408342,98.7500168907143,59.10418336917332,86.44002445514718,54.97916737003767,77.4237774538724,49.85186064607665,60.88304600246716,77.49617503880134,102.73439989954872,55.65132016912731,86.20937565925276,72.74173395520269,99.03058955217396,65.35305152629834,85.08223057819981,41.95140749867779,64.89469549776838,31.492784990657192,56.70462305083642,97.15584705898829,121.72981532567448,41.11595527691774,50.50913033558268,0.0,0.0,6.192939193651001,15.303171372731653,0.0,0.0,17.75492352628738,20.2509492149347,10.858554022981853,8.02544387638681,129.0305897476884,182.6278573012812,84.58324725813577,110.2800237848564,0.0,0.0,41.84896117556231,56.29747822378514
2017-11-01,2017-11,78.59826274619515,86.6880458484461,116.7229162856758,115.55469164039532,31.922047141223825,34.812147945516045,56.294690302541625,57.6948507744071,67.05468029548885,72.52803282370782,89.56322769853222,97.84182564959616,63.58821735630177,72.34645189918265,102.0441279351002,101.69232421040772,58.20481679723348,72.25130552040231,87.50551405589896,89.07781464939649,82.731904022866,103.99507750777602,73.22232479566533,96.167946993052,47.93167670128251,59.36334892611594,32.938619446231385,37.09657590415546,73.00975157458758,86.33310534873868,60.30411838823845,85.1036366215258,70.28247089915287,86.54437253651349,55.05217409879344,63.356689949371074,49.16311943953015,71.32417609389717,77.9943322441438,126.57862735794002,97.69317090327144,109.13267794346233,40.74981715274994,46.16348664464558,71.02722126788737,78.54340383043649,1.7981478277335,4.373826063613591,42.91633426152062,59.71082772601834,44.32951752836706,48.30309318214841,103.29674195620268,126.2288530481358,79.30362791197808,115.49024702803564,114.57271404543346,116.61641635362334,0.0,0.0,51.98573433609312,67.09101858627291
2017-12-01,2017-12,68.21351579879136,93.00678263229346,20.823869134981255,29.2094298326217,66.08548311868505,89.35956276851806,99.32301288989484,117.23142920363232,58.190625401331545,75.56240880711468,70.31146456859524,95.19692832702816,36.92353533346143,52.17087782998734,29.391910397635876,28.581877130487733,46.233177620743405,71.25710263221544,49.70584851952617,63.0432202857616,44.71185707971032,69.29442554202525,53.593358420299765,80.33303767612514,51.823870596617475,83.21201637111797,98.16198776836336,149.55592669412462,51.816276548998744,77.25655582645769,47.396250129486965,77.56800992928791,71.6643460159298,106.44899299683487,64.84057305064859,90.15871392355196,67.09164372279726,132.28091953110268,16.612119839250337,33.101174255107125,83.67210055850393,116.9011791037121,49.18528885634468,64.04232643275577,42.86515423651164,54.4813950684551,3.1615824383115587,8.67991680478766,0.0,0.0,35.3991143819623,42.794833712218114,10.39170536275811,8.140597045873024,58.63388629087824,65.17272963046973,57.334230899878726,101.20450441359064,0.0,0.0,41.620674361319736,65.17688605473049
2018-01-01,2018-1,69.74525462310547,80.00857189688912,10.554794040975162,11.885414362809133,52.945412808289056,63.06424977788911,61.80048361803815,68.16528877015813,56.4514534908504,60.0936862081708,75.72349387021694,84.60632099934107,54.49198029962927,63.777672646973144,89.38556769837932,69.78036645892055,50.85844648651707,66.23591984819102,95.21790492923556,102.45761371981142,78.87976701294889,117.20158762454253,68.89471398256053,87.34730304714202,52.19911919433016,72.74040476042518,79.35753276579578,110.28098438853252,67.17822114326314,84.34804784825106,54.927119687949514,78.37154730747471,62.50939700040026,76.46005413223804,73.21559798146652,91.79968227222088,71.57047147778856,125.715404321974,24.110157146540935,44.55565336554275,86.53619466078335,103.25178369816985,0.0,0.0,43.453295981483954,44.337322512835605,2.0096132940683327,2.9703363724391534,14.190910393645188,14.337957872957125,54.240152197743704,62.86121671156723,190.90257380981265,280.56057051500085,275.3484935097562,330.2103929079929,131.63214367269802,181.58011074649423,0.0,0.0,105.2050213130173,165.1995400136912
2018-02-01,2018-2,93.03221939972224,105.83436600488466,29.1147825234172,32.14730138836348,62.39527666919837,71.06531341839215,89.32373175640518,89.16361034814494,110.72569148881486,127.63089461355192,90.10889716925388,99.05212018522434,38.21062349265386,42.2792167392364,27.396096073788986,20.971086475021252,99.06712357998832,126.56963499511711,217.67475175463912,228.7190555186479,63.26698697505922,86.88180835196123,54.58242274108373,71.41376306464431,64.8181612931879,93.16160971125096,55.58621196343613,56.64006778143778,85.42550823209615,99.70807953016136,75.13233341102662,110.27276105804488,78.90391974636667,98.03124197433117,52.89066967595683,63.0611196949656,61.645278263207594,95.54917465968128,39.26246668699666,70.54158705457111,119.12366678447492,136.9051153779833,91.69086872514866,93.97823379838611,51.33476833107602,74.52620607998112,3.6956005511698176,5.3560493377167635,0.0,0.0,43.273685373102424,48.46267718422435,66.58212586009111,84.19165197160865,0.0,0.0,20.435820035288057,17.167540091043254,0.0,0.0,58.486362340272485,83.22254385987227
2018-03-01,2018-3,76.31032395049107,86.22835629506808,34.14462093150973,40.331374778598146,32.32226260563157,36.91610012110575,57.848484883846595,60.066324878164544,56.01727534434832,59.79405559270373,97.99867326787208,110.42483784132364,94.776581935555,110.98083984214595,76.8816308682645,83.56377469890424,57.59693359308481,73.44031439876143,54.83030555853243,57.05454121974697,71.8891892828549,96.44385288284548,79.26319074923471,101.91599537075554,66.04985458932386,90.03104614343262,32.59461297681905,35.529759925746895,65.38361107011318,80.2408257085703,63.00744664264957,96.82353502685127,72.81096313091307,94.68006331994572,73.36893906386327,86.50005573017215,53.0701883822543,80.54186514810259,21.730993785094277,35.084449848142725,84.80727552671142,98.7180391681697,40.32423159501887,44.213719402494846,90.30496126125972,125.44438693912971,9.555375153003878,22.242363717451735,76.89867929089061,99.50242982986694,23.21738259203376,23.635853036852517,62.82337177825384,74.26006476563799,192.28240517321944,179.97652122159212,165.90904569888906,200.902320206792,102.24668607095197,110.41810570016008,88.04490066058544,120.04070397216054
2018-04-01,2018-4,91.6402872303464,102.98205594772352,62.41604364881955,64.89878183678256,61.022034805360285,69.99029722203524,108.7019543679699,107.87237285858107,89.45289813050846,92.67452749733953,84.06905237841158,93.81997820201136,98.09298703297236,114.51550103085395,66.94239985989284,88.31901979984744,69.07875536841985,80.55123896587988,120.84022647285882,123.72494622665394,60.04810177816783,83.71190879424296,102.25663237812095,124.58643364477354,51.233856961634125,61.1568462338273,62.0053150833859,59.61895658287449,89.5173478857409,110.67240258597911,77.93364644961841,110.85384829953357,80.31357993354055,99.62481468987978,82.15155524468723,95.46601242917396,55.59520158192157,88.68301330782836,16.328661639099078,28.978669442893345,119.59207524244373,138.40425745243735,0.0,0.0,101.83131957548306,128.86081389024343,11.92280918783826,26.206237975140407,195.0476434994113,256.01207226167224,122.72938784976805,143.14736422109988,66.16757296751211,92.65601617463336,199.04685416317673,337.26149385539355,127.99966597922156,148.49756295003695,299.7754307386524,479.1184492328906,84.67156522602727,118.75474907796792
2018-05-01,2018-5,94.94408887547388,106.36877825253318,201.12992524914708,199.457172438906,165.9628258739831,185.99409802517815,87.5704974168107,85.32129782022517,80.55361204743144,83.16902704217206,100.8641986841078,115.26240510414593,115.29554046822471,132.51940687630355,53.92892232794301,66.06306632625352,74.15338317983762,95.5096648358724,116.32583076231218,120.15559791975308,65.59248684641196,87.44633586195819,106.8909461583245,137.75656625666934,84.17757757664843,123.6672450012306,48.92064658658059,67.61598406872223,96.39915686088392,120.84589902879937,62.30328022865016,88.81559186577535,72.77738727739614,91.04285024059271,61.99217481504056,71.74279678267678,79.7666489692382,125.96140959304914,27.068920158806343,44.976436693611014,123.6090222057492,140.8963974912735,82.3964292144967,85.56701889282027,35.90439061090938,36.396324281134504,5.138922207099243,9.653697915109335,35.17680155597143,35.309910569519744,137.75818043532863,154.6715124676074,162.0902166843414,209.83275407883852,307.68995223284213,382.889303441602,79.10483461005389,82.15633826966351,691.924832801588,930.4586474274284,58.620172248695646,80.3127351384202
2018-06-01,2018-6,61.294986159130616,75.03806209663006,174.46090557790035,198.07544044429056,63.01467711653011,80.0259454186524,77.38561273321504,85.77560068679638,74.11950078597238,89.21405570179813,64.3902293096286,80.46347696516095,74.19018533903976,92.70294999172386,80.75006808479182,66.380880790035,55.28839921911779,76.14424767571968,107.09890932058306,125.7658678989498,52.32035899236083,76.26099376061012,87.52944665303998,122.83281572824588,73.95041371412592,112.61182530828096,89.89533841565031,123.81935395970002,71.82557699095996,89.77574607084804,52.96897983796647,78.09843624152488,69.87415490749794,90.32339244255814,68.21420112617722,88.66801339321323,50.89626634928855,85.3424100314913,14.878348353724514,22.79816797784778,80.82680669427496,99.97630442689828,0.0,0.0,117.7658776253561,126.53203198666908,0.993799528561424,3.034202251927854,171.79551829915337,247.52666380779735,74.93443580313539,85.78619411603536,60.658712087977165,89.70062391918702,87.65898644882157,160.23534658744856,0.0,0.0,0.0,0.0,68.50064661113407,103.89005179205496
2018-07-01,2018-7,58.80963858692959,69.795493228275,181.3192322110798,194.08583176998584,49.84216721540482,60.88682895198842,81.56183744741683,91.25036837425186,56.06681432878849,62.41045069700626,76.09884359570214,91.18368592819586,83.1225419007216,101.73465715990334,124.00713262493936,135.83724804904776,54.47563871898644,70.09875540999502,105.97417156854486,118.73010518539176,62.023414083777595,88.45371634634627,85.10222341681484,117.28388591331644,107.84203301406752,98.43627142630037,40.02801369177297,45.50575852453867,55.9848616949736,71.18291175003516,60.280671934072835,89.22231762753808,68.24297468686582,89.20543095894045,61.20638763124907,76.69109002283123,65.62478589459809,96.94807073661975,54.56673353786994,103.87107573179934,70.16497866854914,85.08593056729482,99.0408381620343,113.25597711926255,55.44977982054104,83.80944148518738,10.358089641474924,22.016967002163454,155.03640701802826,171.36525742507064,133.09949145332078,160.48351435393408,71.91937041801425,95.1600648932896,0.0,0.0,123.94677074380736,153.12150417598906,125.564667784127,141.42115413190044,61.32617683757336,81.08367801293663
2018-08-01,2018-8,85.39820861889667,92.65282490561228,134.15413406696277,133.64251394010446,46.34590949560608,50.9549430229976,88.82537093117098,89.15882206158146,103.16707769586044,108.971464781254,37.39983275669776,38.77342500344041,70.6301124367468,78.69250235360882,26.061588040544056,20.194798211864345,55.419973441518,65.55925419269178,122.82033388711896,124.33308081081462,94.54537597966517,123.00920474653324,66.14324798944504,76.41178738363055,154.3770746684945,150.96077802766055,51.78715817619315,69.75842072877799,91.57943513083184,98.40257077511788,60.029671499178626,79.17066594585165,75.61097493715175,89.29242023197415,98.04192662748306,114.18727939266232,44.07479261467195,58.98364724931988,54.415575202935784,93.00182972581914,137.68096169928697,159.7013988572812,43.612229300083946,45.24971727445737,152.03285201852063,153.9773996907581,4.727807729871729,11.061671310021056,187.44344520458972,249.9072137492972,18.83287864330871,18.14225904162201,61.03524116665496,74.00119086013238,84.87419690403019,129.01710045821034,122.62070913722354,118.72880605707134,0.0,0.0,29.939984944482266,33.624147125479304
2018-09-01,2018-9,70.51274409838103,76.19071833827832,31.01357268798789,29.278981671895128,56.41709382711382,62.665195129637816,63.99745047486259,62.169818906904375,80.42076381966653,77.67048500918102,95.98556437594436,103.21902174359788,107.87874197579242,125.54705116646775,0.0,0.0,90.65239061054204,114.13352832652404,48.99206756011207,42.07045235068405,53.087479729052376,74.5481798535444,103.69254372903094,117.3224989506174,146.1006854941186,117.42764367015732,77.72646885124189,102.56937067644168,94.23492382226242,101.61399488330174,69.36183040878603,90.84199591605916,82.09161864385428,93.35167958338246,92.10497111670564,99.04526074570607,60.534757967853864,97.31821680407806,15.592903762870902,28.81435083166014,64.42140524583678,56.103363120657505,0.0,0.0,224.9234270437624,233.3985583770065,4.3098689436268565,12.91760715627982,176.52490477470576,194.1366447861892,35.147262975292215,28.59782289696208,12.897215351407295,6.799984145251599,0.0,0.0,50.23175059499961,63.31371839822179,247.6552143252149,213.75779763110023,52.096370305460866,71.47468605272636
2018-10-01,2018-10,87.24108016801465,95.94288966365517,103.24021018176794,107.63529209765662,32.56149708220713,36.73455296359803,69.85786922631277,76.42862097454818,113.0229028669444,119.67973917545848,64.24033520597702,67.7958352333082,99.32246224638403,113.72702303383326,29.843362537939093,23.54057729007223,70.15039143381907,85.53398170141078,163.64639660467068,167.7056356510073,76.10649523189977,98.59769473853872,68.44161902135137,83.2007405140431,125.59009788685692,99.80935263265388,100.91945650866369,105.9665248239135,82.49794177363657,95.90533696862364,66.7058967071358,84.2758267543589,82.14267358878162,98.40960503423176,105.7389202418794,123.63916262398033,78.35880489036039,122.8684535828898,55.49062224537277,95.85142195512348,98.93094546534556,103.59383153446645,0.0,0.0,99.44400488858815,121.738372595133,2.203712293325777,5.656506860813191,214.64320140040527,289.7087316991441,105.4750084535343,119.85704500368108,67.25418239988738,84.02731660609967,59.534487616283805,53.67749892936696,66.78399554781889,57.81299956132212,253.26099120565632,263.45515338439594,56.34660953685539,71.69766529636784
2018-11-01,2018-11,66.5909826684972,66.98805234968556,29.288667002840366,28.41363342939271,48.97302461326623,50.33737772466401,71.885765459802,65.4322791751042,94.86994439935872,93.74086935298148,60.154679455194625,58.60620727615505,116.92397730078191,124.2662904316794,0.0,0.0,60.60227340858563,65.06912425379532,88.41400857357671,84.08107931385472,72.78659179419897,92.19022863619136,83.93094996173743,92.10746854366948,144.87144360594155,123.5195544120607,165.44639024552845,192.83899831359508,93.04263947788266,93.88075533471654,58.60218598589202,73.54715491106282,76.19326261970603,85.16349145509275,92.23144036874854,97.82243000777012,63.77793381546209,95.10707521322192,40.34787093601698,67.18447550909615,128.43804042666244,127.76314536212934,138.35772184449925,124.59505013641716,103.2827179188129,140.8386430155274,2.788254055263902,3.55048828219947,224.4708593413618,280.78808041561507,106.9797347359148,105.93590281372067,124.21563811670131,153.09594351878297,54.97884373373875,42.26475399495738,115.43381597827522,122.02753663100864,270.3461891245182,388.77041355854305,110.88478646781068,148.56498855344896
2018-12-01,2018-12,80.36709775859775,82.62952794284574,139.7650757119968,130.50728972176188,70.74946905416849,73.7737595504368,81.18220514187867,76.03306011691339,113.77835840743462,114.74912836354872,74.37040598525883,73.26245238971994,130.87449436719066,141.52790779929242,68.96922731833736,79.60611620503386,65.01663209011473,72.61072248549154,94.7453108175659,89.43010149661477,80.2270148179093,100.9432583313894,88.74904595373603,116.12447022864092,152.89631821711478,142.51055064186477,83.85840775848273,100.52058532174482,78.35108350498031,87.54186927589373,58.57386126508611,73.53872108938899,63.95610959783067,70.83185093129,120.10475377185875,138.08989313276044,74.12565484257686,111.50724280515496,17.309102677240986,26.936157202616744,120.11224451717224,126.82169551301168,52.688036506242135,49.47472284060323,91.83562255191237,84.17720189510726,2.2242656623431345,4.288004229328797,271.4381697786614,331.02872582304826,134.02930324543175,139.5616930659494,139.12482027583397,168.9137556293103,0.0,0.0,30.708654162152538,42.49233139179468,0.0,0.0,67.84417236505202,81.96288847425527
2019-01-01,2019-1,57.99651055648397,65.36013425050902,155.1893269953881,164.62303052747998,27.224840744853612,30.603311579079485,48.23218471310561,52.33503466118379,83.08065841721367,85.7310711427946,65.80415935502914,71.78301510859909,64.85586073172709,73.27609610662775,126.33638052234532,133.21565366847793,44.70393905518229,54.26845378964632,28.118037050742597,27.7713718463751,43.314478567873294,60.909059611336914,57.803732427312234,74.23747183486728,134.90437978212665,143.8936068188641,59.9073169102308,87.46928943567724,107.02278523141918,127.11723249041816,57.07456714991927,86.66698501299723,67.19685542809512,87.82895587059109,79.15315397875396,102.190344919631,101.1614396649957,100.27532951547263,16.108634757069574,28.93071521000542,103.13526003302113,125.6015335867466,224.9459720137432,372.73658590022234,144.42700511902177,172.81930897680238,2.2262083355197926,6.350717219682955,129.23057721481217,125.90496374265852,40.35854104328836,47.89504627791462,130.55194470356005,184.38391039201863,120.28446089235288,103.49757940307168,44.97716210298187,37.15713059148086,0.0,0.0,35.86926158343972,43.36262342914704
2019-02-01,2019-2,76.87717212114899,70.94202442711631,105.3778389747641,94.5903131281223,74.20923305804847,69.62648870513253,85.52326177566835,71.14415750171749,92.20356253294833,79.15452285520476,147.65874849620792,137.5389011157219,86.88290216058068,81.72477484054185,29.74717120018586,18.511615755970364,54.76096639962578,53.69605620358112,61.40431932955568,51.58492677140955,85.72853292610574,96.2391358053979,94.49277046857326,101.62249003882188,190.65803107141733,169.27001345121195,20.118834440163894,16.66579002175153,94.27327490517692,87.74198825946517,76.45127861841978,85.46703103416505,81.20075915344587,81.55572510105652,138.6631621258421,138.18970076680344,202.2183588465431,151.07622722558568,31.7889174214854,45.6748722937798,186.94443012239088,176.93509754084533,49.77979275065987,41.478274279509115,43.38326649561533,35.28594874129771,3.199796569314519,6.172365279596874,94.93052109076906,102.36076240382188,93.97468338477924,87.17083066356899,223.471953029917,192.43713589190065,178.02778690090992,126.6312065347276,44.37915793320008,30.30829194463919,418.0263041039408,477.9769223326264,53.713029414939086,56.664202042130626
2019-03-01,2019-3,110.6436783521326,106.84782224709784,126.42803584912356,116.54931530024864,103.14684008153094,102.69260503200243,71.9137481820057,65.2223984271118,67.86936753879688,64.53313010921171,110.6540301647783,105.2338901789172,88.59628724838178,88.04729683470444,151.66901996479316,99.96710530184336,120.21969873151986,134.86030725586147,120.32093168134476,109.9961320447853,92.86718146785115,111.33527050345708,91.8054556933167,98.57664429873276,178.614420983246,160.36734749657546,101.3076882802501,110.6214440019028,66.02810697793011,67.55362331928028,101.93217025394505,101.0060907661733,90.76772923423306,95.47729389713844,99.30424488899104,105.10990492830776,173.8944953784346,175.4487216729671,34.28894415463998,50.87077503298817,86.35345793055131,88.05396116637378,50.761481350508554,44.79849914020726,88.47762320634119,76.22098902650544,12.954601111200176,25.15697624159424,203.7231735041701,256.65894588749705,43.840217910019376,35.92269852860722,305.6544660355705,162.2921382951669,181.5386060345351,136.76769575420585,97.46729621838604,88.69792121302716,0.0,0.0,182.18989273870437,142.12787751268004
2019-04-01,2019-4,96.93222990917388,100.80223904934512,115.2466708274308,105.94500508959474,162.92818134737533,171.5242517590253,44.85598393217582,44.68318497659555,50.53980806072111,49.046073742144,67.42861349810309,68.26782020130484,95.90733445900943,103.58938329879582,30.892250593665825,22.547052580477818,107.90976277450444,128.3026492953039,145.96701525362937,141.6121636717115,76.49684702304737,94.6170999341336,84.2064729202875,95.10710265715971,179.33202352956252,177.89833172494482,83.57313318909924,81.19538539890937,107.53437102491468,116.5140101977728,125.78260574176188,133.19667165772458,92.6777836674464,106.52445607142944,128.1043044313013,140.674080009078,103.30996483064584,159.17806744706343,122.0353923602952,197.58830518814588,115.55536924115738,130.8077483715454,103.39200469216554,101.0406485804404,45.05324997578127,42.97810370040171,13.094317100070253,25.507405852256383,138.31581710157596,181.33078668531832,94.29964049499922,104.62351190248958,10.922160615585092,6.421777995609532,61.62691312246282,51.4120522974339,136.4788502179689,161.44407209785462,131.0811071637644,126.16804428285958,158.9268685837731,124.0032281509744
2019-05-01,2019-5,118.64446637843444,133.89484396829448,157.45383141980278,163.60878495065307,111.54251928661574,126.85802954042732,158.60128090292267,157.1919678005191,143.38448622743664,163.70866537878965,63.51005172448361,66.76360180897687,109.998775681895,129.98877932334872,26.887282927480452,19.34776289529344,100.05767419143696,120.82935507011253,151.78844815712915,154.36321157761813,84.07552692642948,112.4982184729041,85.42567767301989,99.23706103155992,164.65208235121503,163.55894550805323,161.40964292344162,205.78434997690223,95.93078357057358,114.721649089675,116.69840846651746,127.05295277460336,76.66241275560515,94.78468703208378,120.75686205225142,146.30750586001062,79.7664022800817,104.30420881757472,104.38091140538256,176.9349023091447,73.24388810029664,77.3266988837904,77.81122357147107,142.47649779033696,196.06203103080344,184.39886036472004,6.691078310789489,14.95018914929518,459.76221337255697,656.5229519384256,97.89300593299993,107.08443634308792,62.96898697200782,84.31644389801406,0.0,0.0,86.39308047907925,89.01707490851207,263.7499783920554,421.77875819512815,179.12228393811606,159.05380837245582
2019-06-01,2019-6,125.95480155028208,118.40728849637118,36.87233970893296,35.00597671250893,99.55597057445132,95.21054211539358,153.2127791409346,132.98896282606202,140.3373361250504,127.99112217441436,115.16319306015905,109.27058509663624,121.65392725500544,115.84571680575124,76.0022735251415,79.27282956926753,74.53977027555378,73.51079949914572,116.92247293615289,101.45379121551474,100.57292028589112,100.85100529023548,91.96017594605134,96.21617620001427,152.31698614271454,151.70764509600684,46.93134124105901,41.1178296595608,118.69316625651848,118.42414012588128,73.74180562967769,86.15084722125532,81.5351223515113,80.93237034668161,86.94516731882814,88.39388027555893,116.22537163647036,127.62394484746552,88.60069810651778,96.3280236238936,75.43192715793232,72.6491492655609,158.46948568345744,196.43611974001783,303.60131797589446,261.1724306787209,3.510212694573305,4.37424908833164,337.1196608941481,339.5051025892607,121.66292415624716,106.18370257724852,75.12258284281451,83.38084376884862,138.42887440102078,104.14148530380464,129.40445252608393,93.47075534863689,0.0,0.0,211.99439047907472,173.70593696349357
2019-07-01,2019-7,135.99385533274284,130.78118248415757,76.70023352943241,79.63578239722682,90.4819717456045,88.34680028975407,214.356106318604,181.00128800529677,145.33200051856153,135.57191751584097,69.91081640744301,67.32604156051042,106.83541634949324,104.45831260407796,0.0,0.0,117.2955074868024,123.54612015399228,261.1534711368623,234.423699881528,122.04513867099762,114.06162405085396,100.94876072653766,103.29379391027392,113.2026527042084,109.88014860376092,117.14943596595138,112.24770772054843,131.26273299134905,128.23402837644468,102.1930374512262,110.48955529153022,92.82091861969384,94.17279047439185,120.00531816429012,118.6835150417978,67.358578375901,75.33920963741546,126.88586233228386,133.49790462455496,117.24000562080414,113.18636338117958,125.31942517727836,172.69231797020774,126.30764509339264,118.8292560924506,7.717183614799581,14.201953872363962,82.49871191895079,76.85483792735349,126.3698821674629,120.28439617669716,3.827560684933778,2.2194298849498115,0.0,0.0,74.5374363667736,75.81915969250717,0.0,0.0,93.24359581108295,80.20971117970142
2019-08-01,2019-8,130.81855803427032,132.53938599597302,126.9649496773614,138.37889694034433,78.22687562304117,79.89543133236059,150.44731540412403,155.92604448852697,164.61531752731096,155.60306274690905,85.7230794496155,86.65845172957718,170.54960509221908,173.66296385144565,250.321841342414,223.34892978227623,122.29361854039922,128.28024583170497,190.89803269793347,180.67302730425465,145.7629730127149,136.35181554362933,112.31077971009556,116.37514020937436,94.88197310901928,95.37663077879382,80.80088524350612,81.2695494772155,147.93920482415513,139.5395210583346,98.85274925503168,97.636662580983,114.977197434946,118.97844119950923,136.1335082453902,135.85892454752386,47.14261793551934,41.71360250181547,199.57285415216305,230.41281825415444,139.19316759831256,136.65845951576512,99.96233463360664,101.1329393742658,597.1467672193377,650.4020007163057,10.645467688700071,20.198167746155832,475.1361754869066,493.0591476101015,174.3209135077057,171.53473179795495,31.67956780491307,19.282930993498045,0.0,0.0,102.820654535072,107.98391768212522,0.0,0.0,131.13296441757478,132.29351859548092
2019-09-01,2019-9,131.27915691682344,99.40621391520791,111.01349589786268,99.59370412835516,56.599011022195675,48.45036840270937,122.55487870084438,109.8695137898104,161.91298144336767,116.38517832199008,78.70077285633205,65.4880781118846,188.03354435879615,146.28082919582084,199.97055770828732,126.28745048921394,92.93713645682634,74.17935118084357,140.29420591633675,114.48354948716052,192.0035141353411,130.95295901239,210.92740824198555,166.46947893996315,90.80596472785794,53.58468476646382,211.94799270155684,175.47333396004407,140.18718280132143,103.25139012240074,129.22591643922289,98.9866862243057,167.26350061215547,131.70834965628404,182.70480300619496,139.42870526883712,82.93855763994573,49.33226967087064,278.5001723637266,250.4950265401225,96.66624109313572,67.93819470805254,467.6508365548872,407.3229035457257,0.0,0.0,6.341029383745326,7.466970678718794,588.0844998032046,470.6486534301961,303.68146826783294,219.95116460963396,163.40476326703717,106.69328654816518,125.03253171705106,88.8862752782012,46.75257639652064,31.911460706146872,0.0,0.0,176.15804496104175,115.60069193977202
2019-10-01,2019-10,158.7408541099105,125.54108898914836,66.32657557109835,58.259650463069654,89.41564640578918,75.41796895460656,218.20600625046043,183.1797168855733,161.29405160118694,118.49108693599084,179.12717869775952,145.93818043259793,168.78759758235825,136.47066072959132,124.82244956696756,76.01062080488008,187.1375004836177,153.92443505542852,211.0922932900249,155.6587088700019,150.3120189658275,102.03233430702905,107.97932931209822,83.08833817167512,154.74957376698055,111.85912435809092,379.89393383295095,307.94160709977297,191.24290171289155,142.8858564160995,106.64684466586516,80.38543500996123,160.66941575937966,127.84376771806572,199.12546294828675,154.96861590205515,84.07870224675801,54.03958822230071,300.25944334905773,279.01255675376467,143.92003014788006,107.23281296235692,104.44078242361608,85.15705542569238,597.9741936373362,484.4653798846456,6.513790236302041,8.435054111357994,416.1547450349441,327.98020160047037,75.16701211114902,56.90427299188031,5.516475881497964,2.7061371457262924,0.0,0.0,46.55497463660296,31.112250230028742,0.0,0.0,139.56397995794427,101.53287874397688
2019-11-01,2019-11,130.39986277860322,114.72963611612929,117.07600552164928,113.797061866381,61.70223874271352,61.12476451824523,166.4752746996395,152.4647775352613,102.4392310683875,84.32393153420853,120.5603891768444,102.81052106879508,115.6939017928727,103.9069410743424,66.0989068208248,44.54087133796656,101.6289728849922,91.46337565401174,147.95575162886723,130.8103928626162,189.50336451319123,156.49412091514833,129.25545173497585,114.53227197184346,91.1046756706969,66.45558296207847,441.5092448954857,424.4003375828851,137.53810395927323,117.365569215872,98.8649874076897,82.17610917194922,140.0699320031196,125.92791353373616,212.9039056405147,188.48398097127628,63.72072925390337,35.536643359697194,218.79359822376003,220.6815633527644,151.31950628916613,126.85320774848888,0.0,0.0,316.6532994955097,288.11162885021184,4.66956399122171,7.197033022675771,125.92686107592756,109.82317851446496,208.81393389527491,174.0792342178829,154.8011085274248,133.68458783222508,131.86062879381032,101.5626143784104,147.91728288746992,109.38735033523322,0.0,0.0,126.11938199032488,105.86401898015612
2019-12-01,2019-12,111.66947647169638,88.92793565393725,75.44647971212437,68.83300333736112,103.8716109514549,92.17275792893544,100.95779518153472,92.04243259614222,122.41384926412712,93.36902886450744,89.14376002380689,75.4355096821381,101.834333037262,82.55530383213784,70.9927681912128,44.902769532180336,91.68887757551006,77.45347932307533,92.69759791555391,76.92605545344136,188.3837946177645,124.9779265041964,116.13537973073134,91.04552880939733,119.0201907877962,74.09386879034085,240.0718609638788,202.12717741212435,149.42681708854235,106.82701903661956,136.1804801270468,103.9196160558058,157.2215395164711,122.80191386418448,271.5239053008225,202.2248838533852,94.48558913630154,48.64819054704037,296.61072298192227,263.15790351541295,281.91041110788774,196.50079109306216,237.6027800137266,201.22386020946564,0.0,0.0,10.257583838348674,12.753569935022776,236.68801123862448,193.75212631651655,136.8039620422912,107.5706285671753,178.81232707765162,109.98940698265945,514.4473505331632,378.8102187658125,158.86885094740765,110.27613143373873,0.0,0.0,185.0317692880089,121.53663751452008
2020-01-01,2020-1,99.01841389696013,74.49588230164908,90.18889528805671,84.7218456823332,81.32881372112297,63.6766700131786,79.19964966827294,74.34574088899062,131.4336209189331,87.06107524576669,102.75684652990547,89.53240509147282,92.12473618104876,70.98209748762443,0.0,0.0,69.76393272391996,58.9087306463465,71.2355924868296,60.867662881560534,230.62337219129773,147.02921300385208,248.84566379457613,187.21549098661256,196.4957264929053,123.90149731705874,126.47674061478897,93.80329670665334,149.4250982110185,106.76945750361,138.79371267998928,106.36146553421936,178.19242835994157,134.85936270442795,314.61098381964297,228.175610430708,238.14943213618724,158.3094031213452,280.4747215655724,244.27095156204055,98.16623448940852,63.6506564612798,213.0231820812721,185.75453640364844,92.82523055354932,79.01154476478175,93.81527485828248,111.67951154727147,121.25888260500956,102.20411482779494,131.19966569957478,90.96672829726847,407.80739474199635,234.86023677145295,334.25596740672734,235.8115996766057,94.9560948191402,67.86568169910748,0.0,0.0,97.950574832769,57.97878820496587
2020-02-01,2020-2,126.23060561826368,93.26381858445065,44.29259887135724,38.094292430427366,107.116633557822,83.50333467464122,105.57398564707486,90.73527454101794,145.39737727265057,100.18945892307003,114.027057333222,78.96685340901472,187.9610576293767,136.67703235298274,0.0,0.0,94.06925752133732,72.3246643470607,58.307428228000525,45.61418074823549,201.81875925741548,128.68859728173982,249.13055534970212,185.39362921673896,70.035998400209,38.67352849567732,84.56383925569311,67.11802273164795,97.65810401440538,66.70004281889355,179.84173278071628,132.11410865839557,196.26816980112457,145.56110089813797,256.70756506968775,184.6129218856157,158.05176203368742,100.68385165077488,253.07480935394335,214.20748552550907,113.37950355636478,80.6698086783597,0.0,0.0,182.34930980883527,142.1068612190087,239.70987640373633,280.00878714278906,178.65406920636462,137.86503610089113,234.27876178661455,164.70203834398214,179.56713296528875,105.09030860311832,0.0,0.0,233.1690727989048,152.57547234804915,0.0,0.0,128.27848355180586,79.7182025018619
2020-03-01,2020-3,145.9698845071567,78.59371281361038,149.16167882638737,66.89043461933294,360.5818757768529,202.40486057469977,249.06999508359797,145.7028598126622,157.2268402304255,76.15772120171363,354.74082220850266,193.5476241759156,193.0990280810223,99.78690093178186,96.0734924123114,40.561189180695585,287.7463627860331,157.5230468866486,17.9209037702716,9.926884627383814,189.5702077541105,83.09484919257054,359.44790065503514,188.23542668871596,136.58322053853738,56.67507270420025,162.44289876540918,91.29190434119644,197.75035628652748,95.06895881637186,408.8527534799575,207.83829917048257,332.3704670888972,173.55073866508192,156.1819799219622,80.05402302625014,216.8173172008796,93.4801374666646,376.308466042212,224.46860383209705,68.19533645293858,34.03178669580607,942.8783838637852,531.2040854786092,140.11355555252732,77.31578167910602,826.7880008235775,674.5993920514612,91.51613781510156,50.00529386089331,115.70927173388328,60.73111777204213,133.72985885764083,54.7656107426424,95.82844655997796,46.24404835090511,35.83248861099629,16.60228339216926,611.484410126344,340.4564229259669,132.06142521725357,55.65369658369598
2020-04-01,2020-4,177.79368526528782,100.9259942528635,108.97824847306856,74.46253633585451,207.67799831673236,122.89594106371769,68.3568404874975,46.67351131540131,145.66158452887075,74.14427888093503,297.40451300045663,168.29494266637826,154.15417295853746,85.79009311929914,102.54510960952958,48.57515938223861,323.8049735277957,192.03131253737843,57.384227281057186,35.66463503790156,191.94386768104332,92.10969646781822,318.095359264724,179.7754807688672,138.22789733408086,61.1954431893852,0.0,0.0,233.3584877004427,120.65448860520247,391.5783370946093,214.80966354492003,303.8625621845039,171.7702733323412,167.74342344570164,91.85891994915428,148.38526432955717,60.70772540152027,354.9569139450988,230.59322456127353,141.76846065967385,71.91882280790264,811.5693843731569,488.552842938454,74.77588016813698,46.29581249570916,814.5544372060297,716.8287002216107,0.0,0.0,135.85393452810865,80.00322878370417,31.723567204642116,12.105641190709502,204.56711439261963,110.76164503550892,76.49240971541848,39.76503540322902,652.6746794195768,407.72288338643017,134.63110646006368,56.746588550458746
2020-05-01,2020-5,222.64655422660317,132.03578143265878,90.75218471039712,64.36320142686061,212.28233401290757,135.3262575317758,126.0238166285924,74.05077087259711,198.51599775050113,108.06615790059982,249.6999464850453,154.9240157924578,241.69467128166713,143.58897008415428,153.71092071935038,75.57646111336972,373.224845365439,228.85924681558205,115.32112083512206,66.46911547173491,237.0638364836219,120.32220160740356,289.0161682571765,174.7828359085467,139.03507848187962,67.29122145997853,344.38421143411705,219.14407060546964,211.8455435568648,117.0443266457835,317.55132039342965,186.41879218898865,259.24704960044994,154.88169853795753,203.02182087169896,116.77471256835416,193.27335772766645,94.72053309175816,362.3129917760841,247.69699930700497,200.50968340440247,105.20154988351088,257.2243836373445,169.34130572173177,298.8959540377994,192.0802713316153,716.9141805047886,670.2376283297557,219.6292044407182,139.7600720027368,192.0077846426036,109.8190871010868,13.58637953049013,5.3813603045404355,306.6377287217615,172.33032820351025,114.6589902743261,61.86908473475414,0.0,0.0,49.339642466344486,17.85308788081957
2020-06-01,2020-6,243.10469843231917,155.32029785978207,181.63041412178092,136.5390230515914,188.13269164621457,128.73610840770593,101.2693933148111,76.07411668241065,137.40727061785103,83.59327816621187,260.6302355376371,155.91091519274372,210.6422302554112,136.73952970586458,295.7023725448187,154.73982960674286,301.8540680279056,201.95071772312696,85.01367004601065,58.13052266358259,172.7104927237886,95.38160849750324,196.01443115381855,128.95626853085258,121.53584683353094,68.16438289240192,305.8547488546213,210.50331919241344,264.0726380354075,160.28740099409944,259.2523191494736,165.132031037831,249.32193788042284,163.79081212447693,198.0354943713164,126.84102530051646,112.12630020635795,46.881703811724776,561.9387843637634,429.0849756449648,124.80914207717863,75.99876384200907,0.0,0.0,106.7493832193286,64.52838594914553,598.0795987836325,613.1495177973525,81.40063878577031,54.90457184940576,213.490137091043,132.33906516351124,5.035486857879701,2.1140607560819986,113.64839688478868,67.6997568124895,127.48734952569748,72.9155808107289,0.0,0.0,109.8079497887001,53.624388080339266
2020-07-01,2020-7,206.794948702378,112.81383133991844,355.3102138895518,240.71362388148464,222.23513775928595,131.6048903630706,99.05293112150578,67.05803183931796,172.77480234769416,91.61885669344194,193.273731053664,101.64322494606748,246.741681364364,143.94739655888023,0.0,0.0,316.7974769438188,181.0940283186065,156.59953114397894,88.12541437724829,187.17727117222552,90.3432631859267,227.2890643250512,128.1161715522165,250.00523884458815,123.58444174562992,261.47381693215266,156.48679591335576,218.36294346590105,114.84759989677772,315.6708580555543,176.09748756984277,271.0247837713635,154.39605199919092,157.58003225614365,88.17023969113113,164.40637630561756,74.05122578754845,314.1740931531179,206.6083307604615,150.44706206554142,84.42554263478878,186.4957669541703,117.28221989928046,0.0,0.0,700.3961622941025,623.114392112876,26.539679966379456,16.13248012931075,161.0673062535655,94.04542359827322,130.5002552642517,57.84943005467002,292.6316393900405,156.4267991799287,166.26274715502282,85.69844870278996,236.4406385821863,146.44866716254404,181.77557194535052,81.29145339482476
2020-08-01,2020-8,170.8150939349316,103.45037727498948,173.3539660880626,119.13030288785664,171.3864380190097,113.60835748217136,97.86298290173625,67.2043531164225,131.78180044693303,73.07409427233567,98.75554430380308,62.94729801341894,185.1504587319371,112.24966640200869,0.0,0.0,287.41485246363084,172.59458287227773,102.69256911937325,64.1910866384872,179.6282722215289,87.33599927386867,234.60690639278312,134.27095376775134,132.6538602807624,59.21203805340178,82.74224868349094,52.47367694161923,172.03609216829204,91.24228541275188,327.0824390439383,180.79369988855407,247.6383232539775,142.48504052875464,180.04846360889437,101.39561164664585,185.85666299526127,83.36853043156414,356.7979587990691,234.53111774289283,194.25439276037625,105.95825921656964,204.72816173510824,130.59792315864604,89.21066068112445,55.55042612479753,702.874799464628,625.3110561805321,29.13427999623262,17.96409039746557,147.34478099004022,87.26910335781818,143.25835809870213,61.63914430540671,199.21176456430615,102.59168080734014,45.62927505807896,23.857067652952047,259.55579628947544,163.0757995304401,110.42059201477105,46.85257918905209
2020-09-01,2020-9,189.7182250750695,107.181850563772,138.62957402934512,100.89523814848214,201.2260799884341,124.68226062473448,86.9556981466399,63.24166851036731,157.109284460233,81.80016596970894,165.7622065462876,99.05855196321215,202.11938936718957,125.05198003080092,0.0,0.0,248.87184224207084,154.72217070309608,111.10622971291164,51.9520748715134,191.80955232451515,98.857788214539,169.21334066292044,103.05033813021988,193.3086671489274,100.71799162235956,173.7172846233586,106.96798991301108,215.69750607689764,120.90625081828207,274.4591603624108,163.78238210097066,265.5593694300105,160.97528525187667,167.5365719360973,98.32262033621504,138.34505028482468,65.78564230847583,328.079129727037,229.0536667234337,248.3315910301592,143.23080147089166,218.29230672639187,147.47670675856688,244.42968313118348,122.8444894928936,594.6393966583801,564.4994270921818,31.064554730965344,20.285811808149145,141.39632119212075,88.69317128737792,28.825048444399695,11.716357273443636,0.0,0.0,336.80122527919343,180.91886032500116,639.8033928132369,339.09942584632114,103.04462109199444,49.26055339401582
2020-10-01,2020-10,161.1727458495527,116.91452866600233,74.09286015166133,66.16296290884297,369.357861946301,270.8069858292842,130.1297359988621,116.11962551695134,138.25020181293297,103.20931803335448,100.0507329553586,82.86783684933607,156.87217794239507,112.98775960149004,0.0,0.0,265.264402478513,191.41498948302575,104.03939223761076,84.50523950377955,183.08677429748727,109.0059045113824,201.8418418399166,142.4087781434299,158.56606699410057,82.49195950551729,138.53920596143078,91.53007050819495,217.8172253843489,144.5959853509974,215.3002419819993,148.157266150815,188.69361113468517,137.15593008839556,119.48202854052586,86.70240177253052,98.98854087295256,54.84130492380382,301.1848998866251,245.7539846315272,170.4886710901161,119.50042792348836,0.0,0.0,203.35650130711468,164.54277684943446,491.2142834786088,537.6351600636001,66.4118526070874,53.21041662097635,218.31793753680088,168.02167041540818,49.29927076723016,24.58594243883104,139.08245737741842,98.4161831280268,156.01851273399808,105.99850711179016,591.6597660460752,483.0376067934818,98.72628328199733,51.887832267143295
2020-11-01,2020-11,179.86945293264617,115.11612811360636,133.30672596094013,97.75027899737816,196.91985648922963,133.0963657227036,173.9232149406664,127.44241430566966,168.70899511223226,103.423380927612,164.2756230993541,99.60275996694824,306.9916041014044,191.02110008108608,0.0,0.0,281.2161602182846,184.97962997494528,154.42850155146888,103.00081132147734,212.4299444151236,114.37327513901424,277.3882631643019,176.11803140139634,105.90972908321451,52.78269305703936,353.1629025842022,234.355096856738,185.71793255466977,107.84183080238208,235.55261103844867,143.10639020890122,239.79805421670395,151.9924962694928,234.79075319542648,145.88548263205612,158.4164167851788,78.78124030686976,282.10984297052096,203.19223442261364,224.1820298428379,133.6230313356561,125.94642773408545,85.72786681993458,141.02670810626898,79.98208073660217,549.6360897349849,541.8976974996215,250.92307001852132,165.08933347815912,253.80551571556575,160.39997336699437,332.56646640859395,176.06269125741358,395.2466077388417,242.6542512968637,315.2366901180421,180.858340557991,0.0,0.0,81.8003328200608,38.72477642700105
2020-12-01,2020-12,183.1122181317333,121.7331400747522,52.257301965107786,40.53429223011604,181.46040436790864,130.33469243260691,98.33551478720916,76.22132578983127,165.26089240877403,103.5824730400126,66.15492395087709,47.595394117388416,216.9210367549605,141.50252591198603,382.8474273906943,192.1561573180692,203.82463159979315,137.0674029734264,55.03382436544945,38.828673049393466,168.60221467607732,92.32969888446996,239.9251289210385,156.874276426212,99.89342301368364,48.531185308848606,442.7880913763944,290.23720782286534,152.8136831128706,90.69243673053904,248.9548618636254,155.3341186240105,182.3868568870404,118.30197123935928,193.64223246846936,124.10532954407208,176.46515446086957,90.04425995539067,311.10803365208915,231.30434001919164,141.0314026903515,89.3940667792367,336.8861793550424,222.94978191107987,460.9180848937079,298.70807124590107,552.6134151037057,554.3568444504241,671.0165675188949,412.2746455713731,88.83374158590338,59.38692763160232,26.077885985263105,11.296808649668176,0.0,0.0,220.07806191848672,129.87853851542312,0.0,0.0,148.28667368482212,71.9684577996992
2021-01-01,2021-1,98.942376757031,65.48547997441156,165.7111664346682,67.40017701139122,133.85797310399485,95.03851179023258,79.32398192834873,57.81797748891875,97.9310794113017,59.71768818119245,58.216333076771846,39.38581941909407,169.21752930046284,103.92379759089432,243.4037766555867,123.08255082035554,112.99137506480818,73.1931703702987,105.9401119034902,70.28709088847403,177.92075518911173,91.7716215451611,183.0542290835316,112.1243320004955,60.462312455054864,24.92672960623331,109.7471364406303,73.87318227122815,142.7973828143808,80.47857815626861,291.1105623502578,171.7781598381023,203.32950343293064,124.72587138025116,167.9733407087139,100.71390437717896,214.19028401118752,106.42834199963256,328.44104378792,229.8672273280509,115.18267266831494,67.90199494459789,0.0,0.0,118.32666751881015,78.20467315311657,594.8546540103958,563.6685997918065,115.928821831163,75.87029925948865,195.43423148898748,122.85867419146813,14.342837291894709,5.84266179714934,0.0,0.0,0.0,0.0,344.2679627707658,229.58040992899245,133.20918893118272,65.24594629715529
2021-02-01,2021-2,79.77246731448953,54.767730930793775,78.46433890060935,59.197736518180456,114.96822978813006,81.15381487775417,85.30933692839685,64.31612046439083,140.0414435581614,88.32912108815933,121.42173893556962,72.36202464382541,113.68183367338123,76.74437474104518,73.8324789188613,38.6172648413237,155.69569502443488,105.05656550988397,207.49437876577213,131.4221620184343,184.68204810523565,101.21643745793152,209.60875772570043,136.567522165056,95.2570430676082,47.03244825724923,199.7397883219471,139.06667803480073,154.07675911903456,91.1212854648824,255.94418425868324,160.3794891717231,219.99481706914855,143.04261148184034,166.7621895695479,107.89371043694624,136.00818242761514,73.60388470311086,336.2732616070733,249.36473625419544,212.65133088284895,129.83813402180687,123.5534456071378,86.52823849243217,215.35453488423445,147.22073380121734,519.981960765695,526.6403082405482,140.66030382181108,95.21750794295718,142.27612052398285,92.51285601769342,26.103963871248368,10.998843450755938,0.0,0.0,110.1490699902026,63.22642779233382,0.0,0.0,89.3557437529067,45.66685332977903
2021-03-01,2021-3,148.62923135071406,100.26173419239012,106.75420258586308,84.8655954928806,138.46353502231554,99.76160806244876,120.53124526775063,95.74956679675128,123.41314599281384,82.02054565153945,121.6305530353983,89.68431710620881,221.5693446854239,150.5426477581756,0.0,0.0,190.482907541496,134.09688670071822,210.7992022569447,152.4273466631022,172.37689920483294,98.6376999782723,118.97059954089332,80.37174665079066,80.4167207313374,40.363934321461656,152.86208289944935,112.1429997255254,143.6658084204186,89.43383937273335,226.0995872681929,150.25290743695157,169.94107702677866,115.16914889525384,181.15855340686196,118.95985490844798,138.20897002624244,80.52794042328462,255.4213359820509,198.30565858552345,321.42913135829434,195.80733192781156,0.0,0.0,611.9655139090321,401.2075554000318,431.26464851788336,455.5273772853219,168.66061371059516,107.85828876479694,209.73995653877583,132.01767957982574,19.977523370853344,8.869438139383446,150.29420649253686,94.67700228453738,168.59551529112645,101.97124681136492,319.6773940014254,232.3426450221697,119.06591379815087,68.719334269124
2021-04-01,2021-4,156.27959689620369,77.37785550581418,39.15386172685098,28.756959233790457,172.40522022807423,88.10037439846626,153.971915449408,74.75246594012675,47.64610899501954,29.255690147598248,19.826670321804784,13.50657661004395,260.2434888373758,127.31052454580428,0.0,0.0,157.09455724197602,92.94038836412504,167.66472677778776,69.43732023128567,195.68290005808169,96.54798222548452,120.50389618725067,69.73557103508364,114.62357735491084,52.80409656111712,149.50582958229575,101.33330325384748,111.67812362786933,60.27779929882808,289.9110760706087,169.16354004690766,180.2151270532688,105.35383969777452,106.1309442109479,59.50384182518828,217.86768027625465,115.2767740481894,255.2798820325423,177.300560548103,170.4683113887932,83.56939886033483,0.0,0.0,0.0,0.0,623.7920554872898,566.0300477299675,52.64232927462991,34.690929357803356,26.62352554715248,16.85276700751869,9.769447556604929,4.007247295279949,0.0,0.0,0.0,0.0,0.0,0.0,301.76757748803357,140.0594838354883
2021-05-01,2021-5,202.46914320722271,122.17307302509631,71.55890460611889,49.62495560732417,418.7377573691154,243.70128743534616,125.67933463091197,87.09451644958972,139.3273906809217,80.77695909546725,126.8255956563053,81.5775203250522,235.85112055604785,127.92635139509169,0.0,0.0,192.1443243671308,115.31393438074824,283.8500393512614,164.59116464077346,200.3678031782461,100.6653312324744,203.1738609722835,120.4695865754467,120.76735028028575,58.2206685259243,273.24184448966776,174.86760803300936,134.15671958254453,72.86318730972985,261.81405784424413,153.2561092201002,213.5821996675945,126.38600231987331,195.19310216370292,112.465585612576,157.87929949768636,78.57340842880322,75.79649265799961,50.94192864507364,141.70003418361568,74.68748317098256,0.0,0.0,673.1175597657103,379.4529322425862,565.8331559563562,524.8121556879652,96.2108781270938,59.86501616398107,170.30315384197678,101.78796469172448,446.30328802576025,214.33339698791505,0.0,0.0,75.34136114240945,39.75162975328435,990.7762526191302,536.433565010962,178.28998520356134,91.75438704401633
2021-06-01,2021-6,124.74769808056308,80.69241237464959,67.49620550590052,56.71064848376037,199.06033784032988,116.39625254402608,67.73942386373943,56.874454703440605,155.9580802181168,101.57381451531484,51.26793203212488,39.95380972605461,274.46875756969155,153.90485320959084,0.0,0.0,156.7567069485005,96.3431641022915,214.42288403020763,139.47353952768805,170.27610662335573,90.1626852458328,327.6323436226634,185.3958994301434,116.66381233723082,53.66314049493063,128.86437956254656,99.91802842935292,192.51867505397863,112.04505135434084,264.795555643004,162.9353702196215,189.7626897769034,118.64545676257744,204.37837294322136,123.67075357164344,161.9362422343603,83.23674770674042,110.3450642998593,63.49421023449541,107.10001412805345,68.87942486879845,0.0,0.0,317.4509265733769,182.00283535526648,559.3822041000775,536.3267520905267,0.0,0.0,45.8955227496719,33.23478459499598,197.85143912477065,80.0029572502418,310.2562578440227,148.11515673476023,0.0,0.0,0.0,0.0,269.90766049467186,122.42269754695056
2021-07-01,2021-7,146.3743101937928,72.21460373913096,101.11383878944504,70.0720499617737,79.99855017926,50.664916446752535,59.19561444278132,40.99342916860593,73.82690909228283,42.77238420840777,159.33703079439286,57.2209051038984,191.5029553826709,91.91607167198256,0.0,0.0,174.10927243633017,94.02024922896616,88.73849579544925,55.93627371157475,190.9606349987479,87.76794269516559,203.8661517090767,105.88646697244135,267.97058428599274,116.8938978395234,386.0949516532483,246.9187451520141,170.02102363487205,86.28460021648075,345.38595925802406,185.75423833165732,261.0334049970357,138.00210673946395,157.08683614332605,79.42742016650358,185.99937934069197,85.16768051290936,108.73405357516008,57.171142394371365,156.11349536171255,71.3028875508993,0.0,0.0,138.75936526046036,87.13220488725679,759.3943992486078,630.3423378353837,0.0,0.0,160.42732662175902,95.81860927425645,445.65164491013786,168.02974340478383,0.0,0.0,163.77104253266626,75.85071153931847,0.0,0.0,124.93999854931822,49.163289667867446
2021-08-01,2021-8,152.9630753442576,83.87327658827667,96.7501096185072,62.314490744411984,127.65837732007904,71.34217692180641,97.0987425913651,62.494483416565345,133.43260511650846,71.84790322172319,117.05709911915956,54.98711817752109,166.49954029899052,87.98120194626732,91.03881494310887,40.65045952880528,174.18671307725225,97.44171923404146,118.87238203720848,69.64112762977068,209.45367164438088,96.6504013200175,215.6433801789312,117.27327345137226,188.24644758323277,88.85131468258854,484.9518278511515,268.626408357076,171.41635585996846,86.1168979164501,302.0121110480731,164.39690947973682,294.39851222305924,159.0281513965923,149.01130250725865,80.3215753212294,134.30237275273936,58.261902060703854,45.83285820459914,27.652561425452696,168.82868104387495,86.67070487948068,0.0,0.0,436.1303767404246,233.6528079373577,687.0276319632502,585.1947205704372,86.72028595672694,50.11534955897463,265.67281022875983,123.41370863605104,386.18461357732,168.05308434471584,181.61322116237497,92.69165199087712,135.8188285945778,66.55529216488901,0.0,0.0,233.50321990549125,102.60936084646907
2021-09-01,2021-9,110.3773713377279,73.13606112577443,281.2341896079188,198.01244798179815,176.02151425046435,99.17398405372232,175.1246615516114,109.97243111754317,152.0107913151435,85.99962401908596,94.94061487430534,62.00169442268199,176.40299374634236,98.02264274317623,88.21084697593945,43.0573847095405,154.43121047396076,96.24012807322868,115.17981103007894,73.76459845026935,237.42941574287332,118.6366313272729,192.34552605276812,112.7007863304974,177.3008673561192,85.6415226470264,119.31886996532086,77.52811444603817,163.7132241611233,89.31300998232429,264.3809080260772,156.51324043673367,239.17457594926236,140.5535899347811,185.4836115681296,106.94686588227376,118.24972689173624,65.93139311854871,168.10417826672932,108.34216576568852,183.09187646249097,93.84134870808488,295.22926071000666,192.95409285541808,257.2933511161702,164.14781830215668,602.5234600164509,555.9313878264713,0.0,0.0,169.98341759137736,103.1497608258787,381.98531968819424,177.09691451304803,574.548625637079,316.5199847714039,151.8355185249092,79.49185753769797,374.2937229646318,240.9390762427673,437.5482875742562,169.89771699963896
2021-10-01,2021-10,175.7057485649796,101.8310041458854,148.77576583354067,123.41191598888268,104.7709422355383,63.76675662503177,146.87402305734196,87.54573480030133,144.57143404202617,82.31219007250988,90.40420324208596,69.55697162602017,107.76451557729392,73.24618512054182,0.0,0.0,192.27677576651527,120.65272120570432,189.05316851355056,123.19390359741732,190.94826510884772,101.47099520245725,178.41584212723407,113.36038400335416,194.28989407418115,100.17306515112848,166.90900922998316,101.16529522587804,191.40097797790892,116.87281915040826,262.95344732254034,169.76085956706098,226.62177678966273,142.71302083477212,211.50686265108837,129.25523982546588,160.19175273294613,88.3097125340391,205.9972459968673,127.86697515670136,234.2797984488084,121.19256267835684,383.6439880937399,246.70495248412752,909.4576458513842,463.32883121423424,553.1961127981447,539.150230765625,0.0,0.0,80.9306715153486,57.859587982257395,204.13973742087097,91.6874666489502,167.56350666972256,110.14376494181344,250.6235949720196,158.17282998828742,1069.2281437590336,810.8968301205051,356.48319274005024,153.9355169172981
2021-11-01,2021-11,158.34361004463233,97.6283218556674,229.71575587798637,178.46847351477572,103.89574588813667,71.20403490981934,164.67394446172543,127.84569419237198,167.52971341103222,99.68295735373748,99.70551398970336,71.84839051826044,235.82863708372457,139.95846890206218,202.9270239165635,91.57510880229708,195.9810057296631,123.14366639790074,259.20102661456195,183.1701441581471,284.775422274562,152.472170607932,238.5558827439239,150.39107743516024,150.86547784738494,80.39476696405737,187.96090494537057,134.76091971509678,158.32006867244223,94.1538939040246,210.40478250666845,133.4263280395727,232.6128406547904,148.57207114145638,277.5550376854264,170.29436206303404,215.08717251382748,124.25356413775664,193.42449755322093,131.4518175374328,254.5960805646008,139.07336780616205,310.0462875963308,223.5977765552988,135.10322138283215,95.1083406825356,484.6110632612786,484.6298597587197,44.12180170069357,30.756466669322943,245.4575479554284,164.35556325031772,73.69374995019928,31.974897513306296,739.2136630498676,455.08894661138606,409.26530993845125,228.3352642070546,0.0,0.0,167.27194354815407,83.58112197399099
2021-12-01,2021-12,205.97916454855496,117.26404342689672,337.8522222085898,180.63103704708715,167.4655726109782,96.82846295097008,193.88801814642696,127.50272164170096,227.13532084523857,130.6224564421673,178.1295697229302,100.02807543165684,152.2715808072452,89.78596866592561,97.66200915193296,50.55335267260425,169.90873012357963,107.5163965373916,496.6857605781951,260.9700897682306,197.45785542011615,99.32707577069009,187.25045068053927,109.97919137633484,112.71025242871124,53.517450827180426,326.1678747012285,201.2524738637278,111.2708066419193,62.172480821673645,283.695447894685,169.29566041150974,232.485027265718,137.72658489657468,176.2777627371445,99.64864902735346,228.3393763884677,120.69199138704094,168.3162299849045,102.58862566376712,227.56978194644756,123.74673930338186,446.0622559978802,268.6391529625539,182.9989426617062,83.30989336647788,625.8250011688854,578.6706945385438,46.514650734725905,31.16199632098164,188.195926619025,121.10736107876052,254.6174750377907,109.03528732591197,194.82582323106632,115.27234445112876,218.54974204405283,124.15332554810364,0.0,0.0,166.3440850959851,75.476289441596
2022-01-01,2022-1,112.92960233945004,65.42119967822724,358.23290028400805,190.14385435155285,128.73276037278356,80.56985501799743,91.83819790686684,62.554874641375214,137.57820845492532,75.24178807847838,50.550441889181656,31.959458416910273,228.02074914737364,125.957858162411,0.0,0.0,178.6991108299906,104.92308055947964,227.78471897824227,141.22745839639714,209.96288241998369,103.12818973209332,294.92336718033863,171.2976394058281,70.46262029655698,33.6960127986985,313.7187191782809,187.84766780755209,252.9152485188027,135.04553402831863,315.2517755738121,179.75579122051636,288.3330481634204,166.87138814294315,167.64269975512318,95.2009217361364,132.56000576360458,58.56238043803851,96.03141891339254,62.287413351717554,167.21905778648824,82.77937520331481,314.38535777897664,198.92063803757657,136.9939789339914,84.61180653371235,687.0333720808856,621.8822046224454,44.73928238607223,27.362060875100376,248.8927044789777,146.21663064119454,41.5139374542754,15.803344918225358,187.3897231077432,101.21588083121776,140.13876589084305,72.67593548889711,398.57995689745144,248.38941773734857,148.4052303767655,69.40688620424052
2022-02-01,2022-2,156.38148352611148,107.60560104717074,226.86921615211295,190.70968164111488,91.22105251891384,67.86205671353285,170.7650438944175,143.44540364114116,149.8697435848297,105.32359724398624,49.235002880913,38.38824698926312,96.9266009317469,73.66221265627401,0.0,0.0,230.93741355575435,164.23759280588368,376.5797776926248,272.3077105542163,215.90789523904652,132.96009938026808,149.6664125402238,108.34759715449012,85.33656657047506,44.16553571105297,247.50903137787748,192.0056175030987,142.9172501127791,94.7477077150786,178.88800051144983,124.35277006167244,221.25007569193963,159.04987412532086,190.34095830955,132.62685109320302,117.48618765551711,73.84985105366619,94.94485071126805,77.56201192540138,282.2127187303938,176.957729946363,153.1021630819552,119.46720880926836,133.42907985392472,101.63185136157608,356.5478585141819,399.8333267518408,161.24203900982715,108.2622309095244,308.5293815575837,223.52751587165207,238.5264078420939,135.88212833627176,0.0,0.0,477.7221127208293,305.53259190605473,0.0,0.0,161.40496938253162,91.4384790686494
2022-03-01,2022-3,174.86131265429137,143.84444028941988,164.495469393311,147.9818470749334,257.5030108925685,213.8767211653359,189.8514513162194,170.67067906877526,192.16664639198817,144.5263593095812,99.95634547143844,83.40498610429515,162.55357019199846,133.10213858841402,185.74208533046868,115.84201389414778,122.6081076820063,100.71179804319652,659.440645732337,526.5579267258528,187.77124364478965,130.88844342156142,293.3412608725885,235.54302784166583,93.628966247315,65.03510261888374,310.16718650833803,260.87823887159936,157.04901141998366,114.25852527756685,160.20258708860302,123.56429871402644,185.25125623682115,148.89056026312812,271.66751100902496,210.9569099260321,211.9005038733342,171.58401872278685,18.63822686146867,16.448513866295144,108.20299066132978,79.9429218454684,155.41313912847522,129.7814001957793,135.4431037007764,110.40622866859329,261.8692735272213,324.488330516872,44.23279994396576,35.70355100049366,482.2519598276464,365.64704296079634,373.46750517429336,231.84617829457895,1043.524389031273,789.5418460984581,415.656867887557,284.4949049431102,0.0,0.0,262.8780058529809,172.5618601137917
2022-04-01,2022-4,193.06585299261755,151.9412669145333,534.4913703226867,321.9391095777625,369.573335158099,266.97628361728295,426.08828868790096,331.74710808882145,317.8687928029565,231.0213384195567,52.279799111706296,50.19711080862542,198.7603626544354,150.54329325249824,0.0,0.0,287.0420661828999,219.06151965846905,1060.6285897158498,738.5906400755609,265.38978931720754,154.1241322059577,173.52802547234668,142.48738894491376,202.11359171357893,106.7086450452385,193.04344620152,130.77836371209432,161.94754793330415,111.44154990510069,155.11285805478138,114.05970754933512,198.52349092955217,148.58891502667623,283.00059873201906,202.95736760018616,227.87889519944625,128.60433296045994,296.7417767050646,212.1235372195326,301.28838309917273,203.43281174075807,162.5703231672866,156.2173109981636,465.3970204427426,353.3442558205728,358.7704711531886,426.3549177595324,46.2698367834905,42.97621016547102,257.40745489536374,229.65509348169573,480.79427546539904,228.46119434124205,193.8004241614291,158.97468346925922,144.93298682921397,114.1484295280298,0.0,0.0,450.6502314358546,229.90339142615156
2022-05-01,2022-5,244.89726299539768,183.22656357644948,240.78047994049663,209.3886604395774,344.13845520839425,266.8378141357844,430.51261022796166,330.49140677091236,307.2094272419658,208.27342588001076,198.12981021237368,159.8118019303667,172.17766881527595,131.05671123431438,0.0,0.0,396.4165216844252,304.8399088406726,1486.478572567078,1002.6586429641344,230.30074318390083,148.4260680230806,158.16284836049869,118.95406331898285,166.40162637549005,96.494720638526,567.5095817586392,441.5712176676169,244.80922615572848,167.96945358324163,149.67979576981267,105.78205407963632,218.3456763554351,163.76992791981192,305.1541467684364,223.9740766896675,96.19533951137716,57.25754988216211,186.28765836923176,159.95876916410674,256.5494107046487,178.56552893541078,142.1788787193761,114.77232712201555,1256.358043520812,912.7057257795136,382.41246981560806,444.9394625016259,0.0,0.0,225.12044386706148,168.7268161633386,473.0559103893991,281.13098994945466,508.4752210449463,350.39447789753314,126.75382047203983,83.86446297497326,0.0,0.0,226.5299805829311,129.74947274942738
2022-06-01,2022-6,223.58518871064476,172.32368569051135,160.45877075789232,136.9526013923791,214.4777166083084,170.8174219073938,391.9113008399958,308.02463887210916,226.3133041502694,159.06752623030232,130.00457202420213,102.9182974521142,193.7116752401664,147.0964354922869,181.1839973468989,107.20818442887924,266.06488412713907,208.33683987523872,1054.4101414305867,749.7224286838411,236.18330552794393,161.44852202372368,149.88147658449736,115.14414071653816,78.68752865433652,41.17821630294837,360.0319487439391,293.94885298111006,205.61704824056105,144.29273515258012,146.44190899420082,111.81515313760497,196.24583617959644,150.73443006911967,150.29790903080297,111.45804037997767,130.09687955904033,103.1637379772996,47.00643835827809,44.51721604967459,198.4695069104583,140.8946968746656,151.59931976335926,120.10865332798048,603.741025998447,458.51554915625854,286.5734277774653,338.6938579662588,43.14733246067825,33.04252707419646,383.13159239384976,275.2401381267031,284.22914961403967,179.17867844274824,475.7508247752192,369.1583415039532,743.3372821424717,482.7005236732176,0.0,0.0,312.3142342763866,219.22029089841857
2022-07-01,2022-7,194.4681531691586,124.5121086989472,445.7685165424608,272.06757559643876,98.15241751755904,77.68184260753445,289.12479394444864,224.35782517851163,144.47776068022478,93.79527122281048,123.77771752304294,89.15280362128117,254.21496127656445,157.56672356567233,215.9316930060095,90.81549197259356,241.0101742264442,155.77424679675644,833.5186347199583,490.5687455477914,205.34122434364215,108.87479993828046,285.4131345821477,182.2957346655132,112.16807749260194,49.63687640861451,200.00646360675617,143.3293521601051,267.18092922407,155.73438069805798,225.64967638712056,138.8516445154343,260.9834118032395,163.60300923748943,250.00982188794032,153.92874709834183,196.5631319495737,98.9968838114587,54.19205043809093,35.60102414980263,167.41848620447027,94.858062933487,329.91574260917974,237.81467598963476,287.5227435036508,202.3111282391059,457.43543886480006,450.0579568004947,0.0,0.0,213.69911293655636,143.02284242576297,335.41352448448407,150.33878982994827,196.6466253173379,121.00615673842016,661.7767889932067,390.98667184406753,0.0,0.0,307.5371786038051,151.27337891117588
2022-08-01,2022-8,231.72608135254745,183.2614576317713,289.83754785860606,183.75481640138267,148.43799343086988,104.03514263050404,279.3601262738309,219.9044729629019,176.94573028349475,131.75107879347584,153.50409473523337,104.42623556077544,149.23816831394146,118.46303246080048,186.6813626267037,121.53314526452291,289.31653818276203,222.59139230991295,771.8498645484133,540.309660928705,173.33795659422495,109.01628971000466,224.62686840080485,170.73204689549002,187.0184521124054,108.0486929565033,185.4779002694756,129.581452150044,181.34861385348825,124.17969983076662,187.44771390264063,134.85105196065464,212.4074356445809,158.69962835030407,206.48183010259095,150.60370254202283,95.24617262577875,48.39374748709583,46.99171681912756,35.07380600042453,141.70350508361776,106.14262119925034,270.12594175380485,179.75651813999093,136.12802457916214,115.8303086749612,306.8010681430335,359.92826495416267,88.91296069646721,74.91521779252335,564.6767951289461,404.1684666031277,437.2006023391491,228.28925459035864,303.9805307574179,187.29232855777937,648.0506624160028,450.3224765384674,396.0604881433589,340.0355589458732,181.9205991824507,97.59217153060986
2022-09-01,2022-9,174.98613709781367,145.7490762216669,277.3541396380635,155.96568503927855,151.39371411907075,127.90514485285962,363.4618787572032,318.30632693037256,189.56878224601505,150.05258252165888,145.31271226451278,127.61239408715024,204.80496821243713,156.87607438420918,0.0,0.0,188.3657651249252,154.21566690023383,887.9045729679234,708.034072753729,216.1328694250249,137.1772162184088,132.73700630559338,105.23321307227728,103.12637461377771,58.21224242135115,229.9577102087072,166.87676493953717,152.67240860237507,111.84719604120713,137.83160784291942,101.30241065808472,171.9879520748455,131.94256101971305,137.84541756426887,102.65184478529362,120.85142069757,63.42487853355333,58.260890288291385,45.70259873435256,507.92656522049487,326.21068882262017,0.0,0.0,602.4634306373307,398.37357671867346,233.588514935939,284.4932586626855,0.0,0.0,306.62957009479067,250.21505211928016,61.37295581014506,32.45240781461696,692.5783183198407,519.6208554339404,630.8134858634099,441.978019428892,0.0,0.0,204.21927074882944,117.62931355976986
2022-10-01,2022-10,227.5759171395684,153.67205459726782,313.8573556024374,252.04593889792832,349.5986780715427,251.93531732336376,390.8782445831968,280.1911966438025,212.08084418593089,138.06355333327173,285.50833248043836,192.01389416812503,147.03101842893187,101.82031765325696,98.4433052251484,54.806852125796794,237.86614342258957,169.55039609984186,1014.8219231010931,671.3706480716473,209.2267873588577,119.75449605291148,251.67524006733677,169.14319020547708,195.02307262747567,105.38092857753033,528.5170060207856,377.2591243931962,229.34131102897604,143.24867905058386,192.67733888698828,123.18397926064269,214.1325448897562,145.7050327677096,277.79457950862684,182.8889846338888,197.9011705151891,118.87899581636636,57.15925905901812,42.814425267330286,359.4503291822746,225.3605748617097,494.2137824285513,368.41089532724015,717.848449614115,522.350885054165,256.4030430454183,270.4697219668159,0.0,0.0,260.83955429396855,180.5336383986433,656.8460677388695,348.6760530459803,392.76885963382966,249.94244703974329,756.9101452882127,460.5875129277324,0.0,0.0,212.12611226139597,117.58591213724556
2022-11-01,2022-11,132.44880165269726,98.55511872916532,75.15741274004728,67.05947180287477,172.07104476637113,110.78882018947589,210.6025024693948,166.16007776323065,155.36849403099325,109.26441387449232,95.14522826843098,78.74127841290749,164.0234590215708,124.6877609681281,106.0811478719272,65.61872636639349,195.28264167222872,143.80493201290474,799.3614155487735,506.9178537708831,219.4128103003861,133.30428948277444,227.3334210054604,163.79213525879058,144.18998801105056,84.07507311151232,426.0314085554821,324.2151493352117,175.88587802124488,117.39746105703688,190.36157012570771,134.0053864579845,204.357295961054,148.9359957205953,211.8882806851387,147.2053525621676,232.82135833524373,158.37894927296512,61.5940291584247,47.72266857105102,301.196069333812,215.57016767677715,306.9965803552581,211.05810481484835,464.1261527677466,375.23774999819216,268.277585566032,305.3152611273078,50.52453441875399,40.44856377498327,295.32350202298903,202.18296024309527,18.75284760865544,9.34465583861912,0.0,0.0,419.98553734289214,276.3474693871828,1350.361405695676,1101.5612365868528,134.9015950547344,70.7978302471319
2022-12-01,2022-12,255.8258671545186,208.19620449779447,273.679058902991,176.6281897606528,141.94219496879165,124.3396677583042,389.1317662355725,325.42073553845813,138.49159897803676,107.93401935726254,144.2201354805691,126.19276746826272,230.95644259138393,190.9110987192104,133.9972394171712,87.63519428034913,230.19084135547783,200.4306204006357,908.086254951298,691.7765748080424,140.41263034662842,101.78318727814,254.42601128508696,220.1209944912787,143.02792434974714,96.927682934813,90.62603825859672,78.89693507281532,212.9308835219364,172.54906127678188,138.09407167081437,116.85223820658356,200.55939666787256,170.82539572123756,160.42283940821008,132.350194770619,108.95056193531866,72.31797252683533,43.038694488684705,44.87939132067127,259.4515309974848,204.4025575763039,0.0,0.0,1032.7700007635551,881.5839729061654,240.12402928521675,318.0447642808755,0.0,0.0,161.38398426041613,131.21369004014997,35.53171125850504,18.719977708675728,267.31092987783325,199.82679223173255,999.5378402014758,717.4071371963734,568.573223450811,490.38609517740247,184.19093517143264,139.13037506833177
2023-01-01,2023-1,190.38730414846592,142.11302205728336,214.3834396191512,179.1202226621925,86.70386040823655,68.4666832852985,283.3251942063898,218.96933070335172,198.27030011960255,138.49229068296114,130.27097483572717,100.95508319053154,174.40360682685986,129.83847300899265,363.11055205997366,210.3262771667822,237.70210429651488,180.5382690016775,725.4642403712322,519.8412840125388,197.15565711959533,127.87126475525191,273.04167405320794,206.2446906457855,170.3236790666122,103.83148949814516,163.7211379688091,126.23618300085596,214.1134158813299,145.7207884933593,180.71859114380513,131.45588172669966,236.66189553845908,177.1320289993563,250.583180401524,181.12161952775477,103.27104186980384,66.50740477962374,92.3370026802102,84.36337814618402,351.5355579826576,239.87483692243632,607.6398964285466,471.2701002179237,0.0,0.0,271.1236478199885,313.7591200091244,0.0,0.0,291.54942730324353,209.9437116643231,294.16201507040256,190.99338168078887,241.4562661683379,159.86281019255114,451.43061471394503,286.9653256291251,513.5800756088473,392.3122539218859,181.30954514079735,121.72830287802526
2023-02-01,2023-2,272.0601176343653,198.58376894218523,164.49546939331103,140.818118902092,198.90683055312545,150.86751018371064,595.1805778401051,400.0063355938675,190.04325812742223,129.85287623056112,211.7389225008415,140.21564663069952,248.9835049156724,175.96001335966733,116.08880333154292,68.89634948832473,325.3984156499001,236.6150152130667,1395.9117215641538,923.698306456857,225.64134428856204,134.80241955656766,168.06166493870174,120.50236976928606,191.26961778748907,101.7563195221265,466.22305087203705,345.55353997955405,231.46427230701133,152.05669640975634,164.88275409564875,114.74319618936106,206.36440322419563,146.62836356241814,258.6857689150108,177.17399800379405,74.9801456288521,40.89389143619166,53.06768904045549,40.01985849745704,226.7158816345246,153.34061138995784,0.0,0.0,677.215518503882,525.3075881771131,287.81585299550466,320.19973974101606,0.0,0.0,251.6676660211961,185.6817888932872,51.30496043877432,24.5285420091354,0.0,0.0,459.60681445071225,293.7481483267783,985.1693274257764,771.0557858632637,147.62816062593575,77.15378024307637
2023-03-01,2023-3,292.5851425292718,197.83720880732483,790.9299427618828,474.1694609002723,200.33148696697504,136.41729667709564,740.6234323512776,458.6635154018785,393.1575074557426,251.10455006680863,827.8327036251741,538.1091802248475,309.75635904971597,210.13725161282025,103.69730185233333,57.506760672499745,316.17489099345823,213.30047057950975,1678.8544631019874,970.7382089835088,225.21526375084864,122.98185651688858,171.56376884320977,112.80275135252607,272.76065120059286,143.0242714743305,271.8485169456978,152.82402790571163,206.7574117798584,124.90856421626036,167.6606560707264,105.51071014079209,212.8327321452327,138.51363243725223,278.9662364833252,178.56839569316904,121.5692780191103,61.76566378561808,30.104946835859263,20.79149113077369,329.3048484013681,207.0602706668276,1167.7483819704337,827.7149813380637,604.9284687759396,438.4664496319723,253.26529550322613,259.9134852296702,98.77830324565387,70.89640428454268,438.5565278103757,280.18897975252764,673.5710236917527,322.01059838306116,413.731242591815,262.25517296309226,797.3070350648308,477.1261018860982,1017.215506551382,543.0709947064247,165.95285563370857,81.1171435297776
2023-04-01,2023-4,331.3770139110236,214.30187839872917,430.1772966042179,321.00478778683924,314.03061434945687,209.1807931368452,730.5220631156322,454.7926468264013,470.36872015551813,270.39707393618426,700.7215489470036,464.3182179025877,273.23624414637567,173.91304257924838,242.8699964436227,125.64325227019653,393.9914360298118,261.4501476026569,1664.062147766259,1003.7475899557523,244.24196800120723,134.26218917076497,212.35551821154104,136.84668942033534,186.6386613585146,86.71593507027623,898.3430851267261,609.2145896936684,301.83622119930993,178.37309877906185,150.94144278253407,95.83069755904278,222.67936689213968,142.94904490892233,280.6826628764756,175.13663501027017,140.39018732474577,70.50800466513826,7.498679329386433,5.489292522569497,352.6919249497058,203.0858440368547,0.0,0.0,758.8470443726998,488.22964888554,225.02631481557412,223.95215052082753,0.0,0.0,513.5727759884663,314.6412681731662,42.93415110402693,17.892650710012816,484.5010604035727,286.4932094107945,905.8311676825872,514.2760660223433,515.2694837522974,351.5351587460731,269.1288661204529,146.05222537007
2023-05-01,2023-5,300.0936835415096,264.9126634369689,667.9122433140288,595.4946884077892,448.90199101058136,382.3837698490892,531.4549495352786,433.8879253310976,336.69182443350604,253.29697588665255,222.4480685717736,214.4698576052244,192.69237777111468,173.32063165535817,190.78159927354343,137.48276130184055,317.44628165527774,287.9375831902397,1290.5539171167934,1008.5157020642848,218.46425119506367,149.0312799223462,243.90227047036103,205.04931668629607,223.6782540981921,137.06434977540738,193.54630651351468,185.6611703974099,182.75976431335263,142.2085745237441,135.57897348977158,108.8506913020181,211.99179729483672,178.67234298445848,165.0238884279255,138.53219467650595,47.8464612651575,17.34728531456308,43.60600804874637,35.766684180775236,182.39332570160448,153.35821571885893,319.25954937244916,308.0524011061994,278.23583318376546,262.0630058477852,190.2426425894811,250.93566637379035,0.0,0.0,577.079257037463,458.8130417900993,33.72605151324079,19.578695888353828,190.29499013266937,156.7448980042264,569.2458397426491,450.1895157960405,0.0,0.0,93.91022715912864,54.595275273682034
2023-06-01,2023-6,279.67083985948216,200.74950457997343,161.6987921702408,135.7327406172809,202.62674540468083,154.04194590280656,608.7620641252095,394.5373169330515,363.54677336709784,237.64696541703776,102.35097198582376,79.68873919936019,164.42998479812132,119.7773842663416,114.11511424862644,66.40828898643515,344.6669388851279,258.97404261962504,1331.0148166520255,859.7457763469279,226.6265973002794,138.97700185703025,229.55192020207,165.11531520449773,236.1270233804745,136.76631444659824,231.53762170241168,179.35980541214107,224.45221206751935,147.92621019422654,135.9143211804986,94.09120249576262,203.36520330921397,146.1751935913537,176.14813450318275,125.04841596081091,48.19059913934835,21.086671248634097,57.45046059340016,46.72735495598075,421.3394335598479,276.7644290997242,190.96359444688997,148.7985306806015,380.2542010732104,260.3846516014995,184.88826050063025,206.80117235820737,0.0,0.0,219.9012681978097,159.08999517773364,504.2468370121031,295.0451358733208,599.2842692299902,411.41251721525015,85.1229288950561,54.36375291810228,0.0,0.0,119.35437747504484,63.8500095687911
2023-07-01,2023-7,162.75350616942893,128.7893289659865,486.1317062886936,262.7530183048548,208.55156430023032,160.8370008109769,483.909094449324,328.8014662554186,218.4898806860552,156.8831613392014,166.78810293347476,110.91831714318567,243.55815055948833,184.18280593635976,101.41824027316116,62.81157538670735,245.0544059985469,191.61466245509783,1047.9928069144946,716.375496320516,186.62433828534313,114.85845732025024,188.7631702358742,138.56275708179592,177.1792611875773,97.04240161176804,137.18392055078786,113.09704567443455,252.9944887578368,171.06684332350468,133.34150045112452,94.10786738194614,198.30186301986268,144.58537468528226,194.96805545438133,143.19616586715705,112.4042117820441,60.891046669799096,113.3804321022846,90.6570119842199,396.1299470317518,276.9838716494093,0.0,0.0,147.9083343985127,119.7283942510902,152.43484306646863,176.40723064816555,48.30367576298458,38.71818539497873,73.28783680837029,56.42759385476493,44.82136653717096,22.3622351107864,202.31912412456887,143.22368687167784,250.2209670335856,161.9096804015787,0.0,0.0,162.3055401252754,89.42986570034144
2023-08-01,2023-8,237.4632984108727,175.09566125528804,102.97157336037974,89.60294556340395,187.05615493224997,153.8159052399368,493.8650300488225,358.3391106643212,225.44839037128267,159.47384765788635,301.3113675802803,199.5417998338316,212.28619288458,157.65719112719933,96.89301695388625,58.45190851717783,291.5900082223081,223.4505437316459,1183.1654454885245,806.954916997979,237.4612620352356,147.63591553921754,309.6476632368995,226.3557583471712,241.479273594037,132.85623975351766,65.53142661481205,52.62356601172069,217.3060345623137,147.3196786571415,177.4626901418687,124.56938188522822,222.538201936163,163.56537595392106,286.7657703342952,206.1490607401614,89.61389385138628,49.94867185464346,286.3216092918701,241.13874360797593,326.7815391702418,228.7340945142582,486.4308882170781,392.9129135344653,464.1755059533916,334.9380370986617,182.50633732772505,208.8025685781066,92.29678728465296,72.0616165643052,233.3925861613892,175.03676849035034,252.6126130296191,142.62801303699888,0.0,0.0,505.93404851142935,334.9530024795429,0.0,0.0,105.3598568799604,60.90066565926268
2023-09-01,2023-9,208.54409275813737,154.62087177262043,209.4405020215945,101.51672995924548,73.45743729031153,61.13231978588586,261.3369117341686,196.53407727853457,150.2970038187338,115.63325719664309,36.78948826379332,31.40282915132208,163.29013518152175,132.0889107151368,0.0,0.0,216.2440208672707,171.96660622827994,1000.987443385312,717.0776873302275,202.9980905720173,126.74561013580244,254.50287329350903,193.94815355504565,321.43372986001975,154.48202243206765,69.35409316734275,58.90005478985189,186.63014905105732,131.74624818960058,138.58791405131453,98.9155576810392,206.882554094536,154.96690756110848,269.6356665331873,196.19543756179257,161.07383296486984,87.70429856546285,284.0270488661169,245.99136752859997,244.85434571940783,172.0571108491082,0.0,0.0,192.14888979479153,110.20002977894204,168.9450735337108,199.40815997071988,0.0,0.0,359.58153139513047,259.30785252352837,303.60385416641407,162.2443872968966,1022.835571963098,745.8977335473704,152.98481943083698,107.1152374892612,435.1164529463845,366.09492938443304,92.50103171508908,46.00362880753823
2023-10-01,2023-10,242.30433484658516,172.41991790111896,309.0668198940792,246.37995961910707,197.11447360473375,136.40751175538026,536.4854350422501,356.37198080485393,310.2838483563399,206.78865770682276,273.8833395118439,202.50966391340023,260.4923869956329,185.41778347499857,109.05831450348788,60.27164663603937,262.32154264942864,185.10319998512665,1124.2488069805313,742.8823609928128,246.76673264925145,142.8070580878814,305.52380123978423,208.69668217340828,423.6571714214299,196.44729282578328,73.75915373779435,54.26185484524635,237.06875044945863,148.03052519951868,178.63470605514198,113.24264672130106,251.8092850441697,171.04495847985984,240.8054983872857,161.50451567085656,188.70628499146136,102.219173667908,398.73477235312595,308.9804571709548,286.3463461306344,178.8745558924502,182.50139676091257,135.04838926018687,636.2024664231445,459.5476184874846,156.9111155763385,165.60406393095894,0.0,0.0,840.6270045730154,577.5553696099704,496.39972292531144,246.12601236647697,1878.0898912376963,1195.2260591448455,325.4034563964627,197.36047747642505,0.0,0.0,176.59690104595686,79.86074342023589
2023-11-01,2023-11,240.8339395470702,172.3193493701581,101.9017388319602,84.85864236678799,167.33992024073248,123.12721843244644,349.5056510380553,246.27687370241037,239.5394063408696,161.84378902886948,120.4019615905963,92.99833840605363,198.74151175604823,148.46746739188112,95.88633625826144,55.35699266722823,192.50646284933757,146.64675841597392,826.3056504477532,583.5668659671798,235.19558587866527,148.93576325078703,203.73425950253585,148.20938344803204,358.4960810166465,174.13691252890206,255.38696908265192,193.8660513757416,219.35717528455416,148.24169790103642,184.18383073869728,128.4856794172866,218.4713580857612,159.07099212744146,204.92159561699023,146.52408582677256,138.33641583136284,73.15357150012935,317.10517592182305,263.8189841000461,158.93192148134088,107.99336373371744,0.0,0.0,459.3529032941355,332.29430079404665,181.83656361779185,206.4520986664329,0.0,0.0,369.5483649973581,265.2302545630133,682.1616956405358,421.2100362743629,191.283535535956,126.22566039963928,286.1014804940328,181.2673639138699,0.0,0.0,175.05139830765123,103.12163721697397
2023-12-01,2023-12,252.05929358728795,174.5420447021118,201.190612565665,171.99105473520618,201.53888556110272,167.25450173924563,373.6466531570824,249.50924682179067,195.8621588226034,139.97911154888322,224.1328823455716,177.71777411869573,243.62078327133483,167.40927451769028,113.58842910594046,67.31835879240005,301.93227838427026,204.13712598790093,1048.0255949276864,632.4826407275305,230.1412345897129,129.68513333388643,217.82348924314556,150.37964302389105,365.17479948069257,170.42576948756513,307.29198203376484,242.42370780221725,143.04139651175467,93.3773469230083,165.53899797760604,108.77883633867316,206.5840228303101,140.2956534082795,232.6324777203262,157.9233032102742,171.2606283304521,94.87722339224052,245.1545113433955,201.23490249437103,221.832770337781,146.46779448511322,328.722492195784,201.58874437036752,165.65733452633418,128.31900732008256,184.0349300675504,198.4892045061593,0.0,0.0,440.9210913192549,267.3613427725041,276.0597372199163,132.6243514496153,226.59741901951713,153.50010696337972,534.4376445934681,334.263430440496,0.0,0.0,172.41947726907551,83.40435553662967
2024-01-01,2024-1,209.09976218391697,169.40637534843134,83.56159627327939,77.93091656985814,165.38489457920787,136.42644700961955,492.90689865912714,331.61401542839656,345.1131485293793,248.2932813961165,63.47068262763064,54.903921849893294,176.1553735170909,144.0529756204166,0.0,0.0,191.97661046278316,160.93190382166966,1066.2051472133264,758.4082213867711,202.83188667075424,140.8902873314247,261.6776424595004,211.81855050461093,232.90427174831896,162.9786516820641,473.67070344187783,399.4605462810084,175.04632784710623,129.7236100898281,115.57656110376158,85.34621107948463,189.76168818476492,153.19909455465768,240.836265831137,188.30891335578204,141.98754250728877,89.08122168065889,236.3457504673158,216.94198170287711,167.43807049227888,128.64789463721883,0.0,0.0,565.0187468633935,451.4363592805612,158.13925537799122,198.2490939308428,0.0,0.0,312.50745322759815,251.18906450652435,349.1929313096136,222.98423941309133,1176.4243000214549,869.4059734417957,263.9354712225302,187.27760482037849,0.0,0.0,191.16670183109153,127.91649154125116
2024-02-01,2024-2,195.0084704524748,142.86985149206683,172.0709186416872,136.48937413904085,166.32304680220523,129.29077163923856,331.0203272467038,246.83164575142897,133.9091469524167,85.2994706186317,156.8393973351189,115.39146096432552,195.61237709106675,140.0145081812792,291.4439957323473,160.268346637936,218.93829793157337,157.94501650338125,944.7072073362186,650.1826449540821,217.76264318886243,125.67278835944212,231.98321632714715,158.30637017272608,204.44333682867247,111.36788345171676,197.11163321244783,144.28770818342414,192.8259366588612,120.49293809565938,176.35359262155657,112.5479492681669,234.34003030739729,158.91923827355984,273.1533175270959,181.73299451559305,140.1566318291439,66.88716816512708,315.57006866272764,244.90765484456253,494.9859717124272,305.19070253326123,650.2812926691464,478.8095955753439,607.0776354981599,413.2469294056872,172.53675520879972,181.25043090842087,0.0,0.0,140.40406630656204,95.98609933686411,34.347320883221535,15.215702631325296,193.8004241614291,121.81525115921552,362.33246707303493,218.6672007916871,0.0,0.0,205.30612563140943,113.70656183361857
2024-03-01,2024-3,210.872843220725,152.2794703520416,167.0164727556606,137.59068808594708,179.04188468045749,145.003995630182,377.22653645785647,262.84861252845457,243.88966136914212,167.97230215247885,135.31765798176855,103.3978122292064,159.46938804558414,120.12923895881823,0.0,0.0,266.3719524136582,193.9385181914512,954.4626152980408,650.3275699411224,205.1940377730649,122.81108038584269,218.09572903690784,154.60669688910835,157.62207305276397,81.39051305380627,127.54775754913608,96.96796387523376,277.35288184546977,178.8491331424653,179.65794732725806,117.28850315642386,253.63503448481725,178.37810113631167,248.51250065365903,170.14263020703092,144.32897039653446,74.66666661225149,251.8330416929063,203.52136880141563,318.01728333042684,212.0125020885324,0.0,0.0,726.7640746113906,517.5499203747739,151.5688117521513,165.08596779205428,44.91069726111466,33.19647812465878,272.55961786203613,193.52119588432612,262.5067599798134,142.91078761816877,564.3230741865368,368.39448489121867,140.67569602835582,88.17263851794698,0.0,0.0,96.69266933753666,50.56415319393669
2024-04-01,2024-4,158.71421911202543,145.4946376410256,126.65752849170194,127.29196587448506,220.02553684550645,184.9583759900792,248.9584163437005,227.80885141579705,200.36746271803855,168.349461642132,112.23911673699656,104.6264203791958,204.0910637789524,178.14222665150385,178.77113539675864,124.5571498372592,167.48243121514295,145.15889138907255,786.9583116128616,643.2826809813733,92.53416187941372,60.4550719998854,213.41805946134977,169.8256353681741,106.43827825168889,57.48263891203067,302.2696554508885,280.34334391179544,170.45095914286955,127.71370634387144,160.37218101139112,122.05434234696018,216.01446625193097,173.49696453128576,183.60619688393732,148.00597758552223,121.87069832212572,67.06708674921254,264.1368841167131,245.85912490326317,375.5403421525914,290.87825088521856,0.0,0.0,819.2899974126345,687.996038317809,160.7512138100981,199.75240523894556,157.5330816960418,94.87051319161216,258.3706789176444,223.79506387007055,39.50357728699814,22.172475791617405,0.0,0.0,266.70476995206445,203.93219645574533,0.0,0.0,170.55127080289694,95.12638015546295
2024-05-01,2024-5,222.36826172763088,164.22147514442696,84.18920482898,71.31848851090676,543.0452849670203,400.73862838519466,389.7002569995744,272.8293567245385,184.32582989583412,126.82350743265918,217.9300756933932,135.91103745798756,219.44182318509468,161.5441962693982,237.6581939448326,139.57247967054067,261.8965403590419,194.3779145914882,1386.975364929997,874.6440447881632,119.33484353153736,71.85639076138912,193.6404769151932,139.58551572824965,224.23814297791176,129.34605192149257,371.7304800805819,278.04599472834855,233.0121314216768,153.59124123876148,153.58427642160467,104.14790197982938,191.7998661100515,137.3726367316026,187.11580063331832,132.6369123752732,83.33325987869871,37.98985698585163,313.3503801487197,256.40110007209944,209.32401659912344,143.535516776437,530.2722987430808,416.97967157215913,841.6424949623962,620.4302780334137,151.63482690942465,168.5907689363863,215.0777654418842,146.10264968885966,152.65678167809318,111.45488741757448,206.53520507357268,112.59075499726214,316.0693612933179,212.1698641390611,390.9031416318677,248.31788139267405,1113.241724019293,748.031981671075,167.41701231745836,94.34019386107688
2024-06-01,2024-6,257.6808108959322,189.17785377623977,132.26184391168874,113.16311041625036,270.2973262801033,216.0082034119823,414.8921131232622,299.1742911521122,249.17700670293516,160.6755076165638,83.71817809712765,66.43810146275692,253.64439387003011,185.25897424259225,280.0220439400555,166.0977706251984,265.72071444557815,200.1279653151681,1244.2545597306928,825.3531238573013,165.85130891844125,93.789412165168,271.96348799605113,185.5018721973101,181.16515472691376,91.2955923392374,122.3490164761927,72.52473515747442,211.01685080851135,137.08538378852535,156.07146833273157,103.27332987242823,229.40556702049065,159.6469322314448,280.792138117731,190.18086956451677,110.85222446700584,50.52492961638347,254.7699177265188,210.913388931179,276.47163607570224,173.96857683932373,156.19904627956737,124.05632186167551,485.9313132068483,292.2639778910727,153.48213869630652,168.88764193706038,0.0,0.0,67.45075246080097,49.73869589757218,66.00243709544466,31.538283617145375,186.20521158367396,126.24602468386011,621.2491239017062,378.7728205173774,396.0604881433589,309.81478702112145,82.28675183287147,38.22010971600609
2024-07-01,2024-7,195.51820605497383,168.8484300226432,130.1232817588878,126.21069267009769,160.1399377154879,146.11484184477357,288.41875453618854,261.33525658681805,190.01552721595849,154.07947223007278,249.85949450915817,203.1394134847184,200.0063325457536,172.4163203781204,0.0,0.0,236.8235182909062,202.132604384632,930.6659058859852,728.2234658568459,112.33534997475375,79.41703782144894,189.9374374883388,158.1494209829389,166.90547993756772,107.48428137901485,244.58702262890793,206.53286854502497,186.130186770348,141.26930622503875,140.6044173564466,108.45869025364291,203.5214714632217,168.44992390855768,166.86717020537515,133.85087884694994,116.43191714159347,77.51465703648704,256.04569427587944,242.59486625639911,201.18488573634764,154.07220949624556,461.02031942961867,415.0796382674787,612.0011644138485,480.89900419845895,125.05069626368142,160.00379488613962,131.21296998303274,114.19060829820936,221.20043613803304,184.9117095564995,8.116904188821012,4.39682663182426,183.19443079936084,140.80205257338127,274.0026616671707,202.19990787001564,389.656525026613,345.536091448397,139.34648728712548,83.36057148820585
2024-08-01,2024-8,252.4170643628204,201.76108813706765,64.10485204298149,61.163884384496384,126.75455311822594,116.72554534632144,391.5129133886141,278.79280115139784,218.32989414785783,168.8634691342859,113.61459610877348,100.5461457944152,129.7888558318045,109.00371111374568,90.48097906723198,59.84980324226084,259.1840378208798,210.69849254901183,832.5910730331663,621.8268090203516,115.65527126018875,76.56250967853684,170.1177986785271,136.25312544174855,167.06559727484,103.05659913402324,122.38957617766368,107.76414839498464,145.14115091132115,107.44997949190976,140.00464589498037,105.85749222533197,205.0516784638351,164.5304428738551,118.77198204714328,93.77554998907851,108.23628652900148,68.40469403987726,235.7899642857138,218.7943273215491,282.1233802638662,209.0839331243064,151.41353628325712,134.1031807910395,395.8723067724899,342.2484212976473,126.84170727737398,157.91544718729472,0.0,0.0,152.5632419834375,125.45597729903004,1159.6430028587663,617.9256853969696,180.50039505231143,136.47021947988188,358.2229583218786,255.4405968708647,383.92628201151575,334.90553139207594,207.93877345770423,129.454759591464
2024-09-01,2024-9,191.6734546018447,129.09332811792882,263.3966881414689,162.68870725989748,169.91755357556275,123.41745336852748,354.1018218019709,222.44782855336487,184.4493762450316,115.06797605502116,190.00077693755136,114.80851265583168,132.24487659514875,90.692260012694,69.06686521876642,36.657919303448445,178.8718726839734,124.1810130185127,894.9119996745281,559.5555638880131,97.76638349715044,57.91148318938759,159.746450735172,106.70105012153265,129.18253850677326,70.05036070923745,280.27098454903717,198.01616254330875,172.70971451097435,104.09562555184507,125.51367459764658,76.97524485545867,163.42748621759384,109.05414209904023,173.76850324818793,114.31891294958014,67.70453380053434,31.448081172729093,229.891218175999,174.56565061342823,258.98876265639007,161.80692243337458,662.1921443927137,480.3793801329229,762.4702886015771,512.2024193267742,99.59299015965809,103.5453032661744,0.0,0.0,216.2756743231732,142.70584257040932,1147.695324554419,490.7170850491776,137.78140539072604,83.58781519744271,309.1180635833563,180.05542060372676,293.06253145126,205.12916131661245,126.05378133848576,64.70633128395185
2024-10-01,2024-10,110.30383099223695,84.45143611173005,63.32876424585097,57.00079363998723,118.75024221421728,98.61967454539467,169.5391776578731,110.7106219174859,112.9029069817008,74.33432835266255,32.06831906771331,26.772148608367132,152.51939029802313,113.55549380818464,119.1807569311724,74.36820640887184,107.99007721969863,82.69301304907772,536.4898631909957,374.0742748336347,75.91689875916741,41.672428690810314,144.51368958954106,99.40239310922222,125.40511379321316,60.41190098942447,199.01768625837673,140.31365692793165,138.82645946063923,91.86533167175884,93.25145739657712,61.77363465949016,145.72964278745874,102.4771789935837,129.64590764374302,94.97072725570906,78.85522267946413,34.85276339000705,187.13047407361248,154.31073978878223,156.46204707864368,99.818861710976,199.4405901648714,166.63401529968922,421.88770734371815,224.91310312452305,69.66064428924604,77.32835272476856,0.0,0.0,229.6628257045728,178.1590488106209,853.2772693991598,428.92152857419,0.0,0.0,133.35238497603223,91.31995854463663,252.85217604632516,208.07356362745804,158.82032625864954,70.24449053387141
2024-11-01,2024-11,148.28653005656048,108.494197427399,246.16263184504896,212.38617957228527,142.46420766453065,110.071127969504,281.44947250659413,175.1752150690625,159.58002546176965,98.80590082854368,51.93810107829644,41.56399995195051,192.02031152827303,131.22907454171724,57.907826603028475,34.63719150250363,172.3669150474995,115.09148785138336,739.5205592977387,467.8290591101628,122.9582908328948,58.755036342641006,126.28794713703832,83.17033074579537,161.87231168061936,71.68628265440191,266.8777750419545,133.32649364961617,106.43202978024372,66.373678571164,157.72837162257514,98.6668753855671,134.7655295091945,87.22310023680082,180.5364125331374,114.32832765460236,94.1674660805656,37.70454836991858,153.76115481370894,130.14225489914168,278.90911722546116,168.83900607124434,0.0,0.0,301.46797548754273,153.68568773906654,87.59279173244637,91.92055240807072,231.69390346455987,109.41817445589643,105.41733109490896,58.911169842846576,598.8149791296006,264.6472157945222,0.0,0.0,199.3511043221161,104.32986158696109,0.0,0.0,246.7703073547184,97.61524855521064
2024-12-01,2024-12,168.04946031135796,112.6785361008122,99.63725574680552,81.32574712472837,205.8592185153695,148.7394171111426,275.0534489140017,178.9896865556344,175.73591789179676,114.0335435672099,50.45415533320226,38.19709952568655,126.77823996186018,90.1912443299818,140.63329317878342,79.57849657401106,186.43315657873237,127.36609059490624,779.0739253557781,471.59439352912693,132.37036333905277,61.67358233762548,136.1731464742917,87.88272633700024,147.5311482225067,64.01653232950274,234.84086978488455,148.86480351002038,192.27842251276596,117.05311418136644,214.3925192782829,128.5803410193835,158.41294414768606,98.38975535710075,174.92027841683338,110.99144447011018,103.7325945737825,43.734710196414525,226.03065705847936,164.43197461280872,158.10002085569792,98.46049823517936,117.66994819727408,89.15425728257243,468.6180344654611,258.27904550076425,75.31036847220682,74.12057229254216,33.49054852900264,24.5268086721026,169.3763339571224,119.15062514632704,208.1854999998268,84.26738893678996,280.5491854527354,181.45581614319897,52.45193809057267,32.57263356256077,0.0,0.0,337.2690853515714,131.73578223644898
2025-01-01,2025-1,135.75658550797036,115.41372368814308,102.16710794350178,98.73615518403776,89.83831012004532,74.70048531660407,294.8541354817396,229.32197774945772,236.14491722851375,183.535538690048,131.509721397007,90.40994647270531,165.09542235063157,133.1684660953964,144.20406038840102,96.61484910791366,159.3373180223436,122.52806561940449,800.63470969873,529.2189498314931,118.82297406396322,63.73322294382269,151.7880756248799,104.2512305003128,131.4012901257796,67.23687964795849,97.52919351657576,86.98121273916283,148.7333315131433,102.69709344483718,152.59551885749113,107.40828345072651,146.14018644183585,102.86677728523254,168.5561462486053,118.10329347012924,55.18046084984692,25.76815741231084,163.19097990579886,144.39278385690127,132.5063995963272,81.86750655545063,120.65766172572054,108.24061128966976,105.15358148644262,92.08128178034748,66.57413912933713,80.3292497570979,195.7543724529649,123.629643738437,183.36000228760005,126.61251727169268,643.5755840444077,291.83682248343433,143.83625230731067,110.15115295702827,161.35117674346088,118.6375797047388,0.0,0.0,229.00416867083675,103.33932525534676
2025-02-01,2025-2,183.71467406131185,135.3260818176016,138.9835589452056,63.06581453365725,150.4726493936531,115.30700582670316,397.2653465444285,269.01312364160975,216.85910900684735,140.7246616339989,97.65320387071408,76.15751208511224,224.76397196984712,162.26386078712815,68.04836766715327,39.66597195733921,166.3747654337389,117.5301371471692,792.0223643003948,521.1616235763125,95.46370723489149,54.13380455563787,127.91907504895964,87.1558591236483,105.78588206201746,50.81990184741332,89.19637975361145,53.80749290218683,97.524864150358,61.92196817625793,96.67250036582132,64.82108491692091,142.763397020269,98.3544436741446,180.03198278589147,120.12040463009392,70.54360792917245,37.26225076936829,175.23042612074562,142.79136821977303,248.46796948083497,159.3934487753885,227.74828683343375,177.7560733864302,226.7506618381264,144.8779519502576,74.3055049080134,81.11005107008613,314.3896601047439,216.29371700446143,65.56503249953127,47.51258753784647,6.014738219181652,2.8243831979912333,443.22322549146094,269.1916494227382,304.5596405259058,194.83029588540995,0.0,0.0,313.81304696546954,139.41536803789091
2025-03-01,2025-3,278.13149160779057,159.82162201384355,259.8292754010141,139.7604571729101,390.290619100562,227.1088293589345,255.3927326696501,148.06577532502487,242.49105393721993,127.38939818889712,188.98325126158693,94.66430573532011,357.22473069588585,199.04995538573752,57.45718203802437,27.639942870631444,207.61983514173875,122.92715776974543,1331.0375714460702,643.2035810729562,173.47265094044675,75.66338751318371,181.46488334642095,99.42675806449832,201.6872101815248,83.37417362783076,155.43952398595107,99.5356624008546,190.87925229735347,99.1735068725267,130.7452283695725,69.11062290287869,178.7250040821491,98.2450227154136,253.97077822516871,139.65633674190147,137.95978199968405,60.19594762996025,245.89753985837217,159.60927968437903,274.3893057089084,143.13549178594965,288.4516239855357,185.79531034533144,694.2319632272922,412.1345586432166,120.21903248468254,105.77962559278714,752.6049112869476,371.0068227734574,96.88062681594162,57.93830317684159,165.0340731766584,63.19280924246953,0.0,0.0,385.73604276724654,203.64173554851868,0.0,0.0,420.4883026522778,150.50835850976904
2025-04-01,2025-4,318.95580645757957,180.58710036548888,259.74953035597696,175.8921520586565,326.82110580545975,198.82900035129265,459.6779236042866,247.636697612874,417.55817720862393,215.06637657803833,377.7567437704244,218.1145563491533,489.09944706557314,280.78951292022805,292.7656797693545,132.08913701251157,182.38263553311427,107.88169434531652,1551.404779309015,775.9200078811898,150.74783880903,73.85681975256956,151.64878020372618,87.56704808900979,219.50275417568017,102.35328765733352,114.442201101192,71.51606452342807,205.3074214159836,108.58331949313116,102.39016836698472,55.31524031677951,165.5876994261747,95.30522281254116,188.98367804263077,107.36180900414423,98.0271556463842,41.723303071020695,238.07532883260313,157.0903514707538,181.42392565950337,97.22271171054696,471.9382949088533,296.65189747203124,787.1927222301913,456.78506638312786,119.7366588072379,106.9524175816601,394.9107417806808,231.5196789082645,149.4497064327551,87.22160023131188,446.1408894984884,198.72524939100717,112.51972678585648,60.377612698410466,420.7374713147541,216.76437775414365,239.33066930587995,148.17002963732327,403.4804606077725,153.00642308181094
2025-05-01,2025-5,217.093587618238,154.99303972709393,124.1524349693186,103.2913074445944,183.76855532423767,136.4610446109898,330.6237243885328,219.7487464923923,181.2352491444058,122.72055283245328,190.3636716062183,132.37694330301883,337.800856071546,232.1378643712518,116.823542593135,67.381423851729,169.2388800962617,123.0420639265852,911.5549153309504,569.7277732844802,122.17668471444568,68.41146223132128,130.68260496523104,89.61148343691774,189.9657092323874,102.23655247736298,118.51648832394017,90.99405552300672,139.58391790142943,89.10780362957648,84.21754096035606,54.195576119432154,141.87399147440004,96.9676394612626,183.16989739201804,124.4449077187966,82.43050991312751,40.733851339399784,193.3484566581804,153.28512352083416,145.22655799916828,93.32141661308847,195.4959582391421,150.9789970097274,620.5781687539187,443.9870694062691,75.78878108290495,81.78198538477675,484.0944703452443,325.55686791986074,176.6848674632106,114.11966094328332,394.9054919081995,199.12238799089795,0.0,0.0,261.42975472358216,165.48116809455337,247.8511440833836,188.52536130881975,302.9852163951693,139.68287237306237
2025-06-01,2025-6,249.21699025834235,170.49949352625654,245.5847852914221,191.14818617782,200.9423872411129,128.97915699474277,336.9465515924015,200.4034680783634,304.53713111060733,183.0050141235846,99.48706685420166,71.82282659282035,351.67556742424324,230.52863338123277,346.6313564265789,187.0414452578063,171.7750141553461,117.1128301425207,1335.3828550268531,891.4380900229023,107.21546309992992,56.15661280779929,132.9663805648841,87.29202321005089,122.33603575198902,58.05053258806426,228.63013253128975,133.7924369081192,151.94617343411548,90.08887325409776,96.14747299261984,58.49542645676745,149.2194539225578,96.36512957467076,183.54976922784547,117.80711758592965,102.80057850175508,46.23964271700188,238.90063735437036,175.30809408308386,213.3275226937081,130.35387950418055,348.037874949684,251.45799708608095,534.3251365452759,349.6640542426206,92.95321489823706,93.01296407888778,198.11310397438183,138.3548553167306,552.9910473905909,342.4821950766208,248.14714720610587,112.91502455492189,414.8966827117919,255.89645114966527,723.9844975881862,428.729157124467,588.3264715894778,418.65611061642113,221.8580112453998,103.71298819394688
2025-07-01,2025-7,211.1156080329397,134.5617023226705,286.34701448568035,164.01488772389948,134.0660979361035,89.79081712678216,288.9807999797635,166.4856177931262,180.15623099248893,105.56310892043297,79.51072935228059,51.68936716886774,313.31464028755937,193.76246967419735,569.89048908212,276.911520307225,224.91484189419623,140.1396870582132,2567.0037389084814,1591.0879455276606,81.74000253594389,41.9733124991914,195.2555864673884,117.61522309727984,135.08615565716647,66.68008085140069,208.8259786842398,123.85765288799344,195.55247030525433,107.5532436590134,118.38265938676318,66.04280535108596,187.51599735834344,112.80989797981924,165.85614630619008,97.19413756942951,58.01808478601438,20.633074306856397,224.45188837313657,154.02790969449077,313.3339443699187,180.58045526212575,423.8540158049325,275.7622779333273,210.9986861872788,120.54220520356093,69.14363021028691,64.11666215315647,202.07337336817227,119.07769932897322,137.27327237519788,82.9223525833762,27.98452387569508,10.95403281582243,252.63863183994192,140.31486192886763,392.395831025692,209.9347901432301,268.68254384339355,172.1702492147771,119.4573401852742,52.10657893452088
2025-08-01,2025-8,266.1735720049839,179.8419507180037,208.84405559255424,118.59998593136876,107.11388030639148,85.60166177065933,291.6094708395777,189.7439892573486,130.0577539979135,85.14575444785665,64.97571107914438,49.875889864029055,213.680408372093,138.33739538049406,60.36997458614989,34.63655949409899,170.53903412910418,117.4001542445079,2359.5111405147654,1656.4143781094594,111.73212606142587,54.83294377383576,141.85629234272403,88.48919284591591,125.3012383346902,55.44799111519221,163.31953256087257,124.73154914494918,142.09305880728363,90.90574584863066,113.90409993208291,69.6672580050813,160.37254915909438,104.53235792923982,175.3694559529194,113.5489799503334,94.36612259428352,42.8654396128556,262.4799212918506,190.2929113873294,306.1357146483013,187.9779697281164,376.75920780174584,246.0941973071781,176.08710947198242,132.04507688525325,76.48666365734628,79.3161361781676,28.753128336429096,21.3505985748694,130.87541748935465,93.34860810096974,37.352360404484585,17.263875884246307,0.0,0.0,239.01057562604493,139.88887610608313,0.0,0.0,241.56514102538952,106.40444115834208
2025-09-01,2025-9,194.6444497019147,129.44634607968305,209.61087863030104,164.86976486978617,106.4674887205439,76.65627358386023,208.4580349565447,139.48524900407728,186.91667277774533,114.97915673661002,143.50346060593623,88.12089408223666,227.54238696280257,153.15963018132882,65.74575148607418,35.8505789172528,197.8553751250211,133.48458588453624,2357.8894348414788,1632.7185313628593,125.98797176723926,64.25515584874694,145.84708538387386,92.2894265969875,132.56460937954662,63.00085213012365,177.8626788263109,129.10341879810653,153.75738966897305,91.04576488865192,119.32724764051602,71.89884641626969,162.2793567706629,103.74754679677336,235.33725496521004,146.59392760815368,104.8411786222306,47.71834020681049,210.71711323740791,158.37537459978614,431.0101845557677,247.703583027166,410.30855845194594,270.7047882197817,287.65075897270856,205.0099310664499,62.71215325405037,63.740430975087484,93.94054128794151,66.29682598261641,176.02505256458275,89.85268730060966,153.97403225746527,69.59069085281068,131.15611964620314,81.7469082314981,392.33862863829967,234.7865959475707,0.0,0.0,115.95345133183687,50.88622716668352
2025-10-01,2025-10,186.3667676311475,135.8996531054482,183.06057486289737,153.3584895546505,108.62445308679924,83.07405286978972,220.1010049934339,170.9389925636356,200.28575075301384,126.2328193910297,57.936201990225705,45.01841126374645,230.78103384032204,161.89744450137704,129.19068927184833,75.03182243689118,175.94358714737484,128.01001860465834,1424.1949241132445,1039.737650973195,119.55239735181443,62.32534794794228,127.49520629117752,81.99963340022447,121.95757619864624,57.13153019847146,256.7156939862734,156.7030308153299,151.64751874434074,93.5792610902635,105.59351100480824,67.0935865398521,162.19810498851086,106.2264598394325,175.2131145256738,115.68502147126222,118.99228558846468,57.128252152615936,237.36194566690224,180.8244121355687,198.76973899282507,128.20792387980518,324.28725881138536,252.18143179033865,686.27367043303,486.4511209832549,61.82137300069281,65.93552711771602,452.2643578223194,312.03059123387845,226.50805127252312,146.38698349825998,28.547642028924297,13.356449378911968,257.7223488410956,171.08843674038553,530.0261460595927,337.8277523808811,0.0,0.0,268.92144074396606,120.53392044811012
2025-11-01,2025-11,243.84568571746377,152.36001429780745,268.0250688321413,216.21527118143172,113.8746968132306,83.45311736652631,261.5569571400487,183.6589834192905,189.9946388087473,106.55037556803568,180.962811613535,135.40273159534638,215.30446687236977,141.68005089028705,126.10158653947276,70.52332471688071,145.97257808411376,104.05229364310031,818.5168648676371,455.56691925042577,162.11963162699186,73.45793731558997,149.34823341171068,90.277424049686,136.42211284362625,56.00965321512451,170.57197977963034,126.98264018236952,149.72144312925337,82.98979015117948,108.61779478296724,63.21662613152198,188.38524924479097,111.13215151140804,265.1576138044825,161.77590107016138,136.26829448047937,56.80252274927993,207.9198238377536,156.76489798776396,255.0578210577337,149.455932888813,211.02211034523967,158.01893493636456,367.8130399389145,268.8563174419998,82.41269256641489,81.00602499851152,291.30041094248264,176.3604521219061,259.9344358864334,141.94930734662182,551.6391256412035,204.55165733524788,205.3361228258903,88.86477586510979,390.7203577933022,226.9069546186569,267.53530838718774,197.3160333062329,310.0681631864871,116.12745383840507
2025-12-01,2025-12,145.14924992446814,97.93549964542032,163.39052732140766,75.14023422605867,163.57002159681218,106.77922674471276,230.3163261670391,140.68361261850222,146.94183198833355,94.55250266275644,73.37515664800883,52.38286081550175,160.13228988919033,103.69178817168329,272.6961363577518,145.51015170283856,147.21011481039466,96.4185560875864,562.9012763654929,340.4959392121289,120.8477806491612,60.88734810837796,185.8075189159097,112.62385415593783,152.9839596520058,75.38256721108203,138.3239531315423,98.25080909795489,158.21091223010828,92.96022565150948,115.14204388834597,68.96760276716088,152.44994382737823,94.64107644733924,159.37349377522787,95.16886195714092,78.29532972442094,38.25976784149308,249.25525473967335,176.76075340088494,286.4231972465748,172.82281624425008,228.16887462075312,163.0195349327285,127.7444142680054,61.44563063931074,60.648206460840775,60.1432650355396,64.94012180139016,44.84753801983343,114.95069756092798,76.2538776231077,6.025845768986234,2.590232933461571,136.00029765714322,82.94848630937264,305.1220775351873,178.67825059905977,289.27409614164065,203.56021256127627,315.78862243083773,126.56786855424916
2026-01-01,2026-1,159.09951541989116,105.73530449178278,140.7684587380864,126.95749752856644,44.5132835364549,40.91624342307521,299.12949687320383,193.08460085292728,232.63530880872815,145.103201808907,71.28210858431429,59.62943274524456,244.1615288793029,160.3547322690758,79.47521950361819,49.69194696300571,145.4346559855675,96.99320369471909,688.8051593763562,406.4703899988905,102.0920178576344,51.212799475307925,153.85785706231695,96.17187161075331,168.03311779093525,81.33628531655867,319.17961286826215,229.1961015161301,107.706413341673,68.63820492090979,90.18915780268946,58.40401669470288,138.75997635075274,91.30821481899405,160.8403423966966,98.46988132163187,88.76960864541624,44.61238388062571,252.3016147759539,185.11364456278244,186.51911979704832,128.50359763178588,229.99959087971965,120.63422333645464,413.7477596841947,224.09249240708135,49.76844251590085,52.35470755944359,215.77231150897313,126.24710033766604,248.86834860223053,193.44609009635568,179.10317250518986,74.96758149657805,158.54501868965136,113.30815710410788,0.0,0.0,0.0,0.0,338.9652669533015,147.52326113913037
2026-02-01,2026-2,185.46453268305953,135.54964163146497,280.0053132454657,184.2024099318093,205.04249274906223,159.14074410198546,370.33081789136486,236.82613484982184,202.44196728393368,128.24210839265317,134.5861423889907,89.0761324786934,169.2824827417656,117.72116533462372,67.18150948031055,39.44658673477758,183.44375491497365,129.005551723645,920.609450265592,612.497910354775,92.685653970998,53.53610645134679,118.73044910739011,83.57913247037638,170.46022636876071,94.40146049817108,272.62027523468674,213.07978955362185,146.64159179327416,95.39245042291398,84.90398070670713,55.81855534074048,125.84171747064036,88.6323160678797,166.4393803701527,116.97221232613887,66.94835185526145,33.24682029397897,206.82025509093623,167.02484815223937,226.57646300975816,152.3149240003499,112.42351738593068,88.38646855814576,615.7720999661839,445.7272557071178,57.49963305344849,63.161063892607245,63.99467871783945,48.63117184987677,341.69361663785713,220.84041142784176,187.0271092485841,95.69839282563574,134.02031152200738,89.94656720318298,200.45326658817584,129.1684834795233,285.0626443324812,220.73389345223276,316.69405517092673,142.01249201051348
2026-03-01,2026-3,214.32581900715996,121.79336998666898,159.99208664013253,111.89772602688724,215.88924055368923,119.8654737640925,454.3627470567397,224.25265322935425,213.00198336376693,109.54197956847935,297.1894566656074,142.51552313385662,407.54909955389445,225.42481297827536,50.22617613527979,22.11049027086627,160.7274975343701,92.61418312364711,1495.81773683872,714.3676590400479,249.91921717775634,102.52017054112385,235.42535267118626,116.82097602922957,135.44628078959266,54.45593460035496,127.88698030857527,56.10650692295954,141.21159849419706,75.37268321435302,99.96759778776563,50.89492769595799,146.64343374768202,81.88656353572286,168.00464728308953,91.17380866274796,267.0798483312958,96.05576010646935,159.12304602531637,100.6572883836308,248.35831794704964,116.60266466665776,851.3073083631274,435.7722246837527,686.8043034277015,440.34980596476123,98.57640259193381,80.16407772926684,157.40584824913432,47.66187944651814,2045.948250599478,965.1308341167382,3149.463488104306,1066.5048581568872,8998.842292143083,4609.482845524026,1634.8541149592106,805.5652785805258,12321.554856352508,6695.921373810596,667.0383917848797,242.87045613765167
2026-04-01,2026-04-01,122.20351826677015,115.91437073801981,0.0,0.0,246.14785955575357,252.85737020701214,234.36631024284853,236.05440196425585,227.34000577623604,191.56530003765602,0.0,0.0,277.6474040938847,261.31281804226995,0.0,0.0,243.25620581257772,227.01622316656474,1229.662013165511,1127.35171646054,467.9881813322303,138.80955860464425,148.7742884402925,129.70966454645284,92.95542366514634,43.539000942389606,0.0,0.0,102.77177872721849,23.5355524228118,116.90209279510596,66.44951091703253,204.20188550140227,105.27490979539985,173.60668313111773,103.89047079519456,304.8472639051622,96.94773316991383,0.0,0.0,573.2826464002858,281.7704309207686,2206.3115286988896,2064.2556543937017,0.0,0.0,368.34876209437994,351.4630704004363,627.9477849187995,567.887670525378,1447.3848562413452,482.37747037394576,8797.045550074145,1963.7555422756066,16477.895834755243,8321.012099009542,983.4738391982376,754.1787129345942,42649.40035166712,21201.904914470648,1163.6605284268155,306.6684334557161
2026-04-02,2026-04-02,0.0,0.0,0.0,0.0,139.2351528800222,76.28289687053297,0.0,0.0,385.7891007111885,173.37627154923211,0.0,0.0,235.57961559481123,118.25064897266358,0.0,0.0,0.0,0.0,0.0,0.0,18.90614233791107,7.24674218293458,126.23272958570276,58.69689870384937,0.0,0.0,0.0,0.0,154.29255400604555,64.70321231016067,159.87829771376974,63.411123039529954,152.79002179937078,70.99154982055822,86.11063471257746,40.18805298399193,53.43890478965643,10.01968162644276,0.0,0.0,661.0218539068236,300.67549638627236,0.0,0.0,0.0,0.0,528.1629121046864,372.6675965183914,0.0,0.0,0.0,0.0,197.7573020549119,59.36978342727791,4463.282495838973,1901.231971916414,0.0,0.0,0.0,0.0,137.44746682389214,33.14936349920899
