region,slug,source,url,tier,effort,build_wave,scaffolding,build_approach,bucket,platform,analytical_role,channel,currency,fnb_leaves_est,endpoint,evidence,in_csv,notes,gotcha
ssa,ethiopia,WFP Food Prices (HDX) -- Ethiopia,https://data.humdata.org/dataset/wfp-food-prices-for-ethiopia,TIER_1B,low,Wave 1,fetcher,"Extend _PANELS in src/prices/fetchers/_shared/eap/wfp_food_prices.py - one line per country, no new code. DATE-CHECK each panel first.",A_wfp_ckan,WFP/HDX CKAN,official_avg,official_avg,ETB,45,https://data.humdata.org/api/3/action/package_show?id=wfp-food-prices-for-ethiopia,"CKAN resolved -> wfp_food_prices_eth.csv, 62,131 rows. 96 distinct commodities -- richest WFP panel in this shard: full cereal set (wheat/barley/maize/sorghum/teff, each in 2-5 sub-varieties), legumes (beans x6 varieties, chickpeas, lentils, peas x3), dairy (milk, camel milk, butter x2), live animals (bull/camel/cattle/donkey/goat/ox/sheep), produce (avocado/banana/beetroot/cabbage/carrots/garlic/guava/kale/lettuce/mango/onions/oranges/papaya/potatoes/swiss chard/sweet potatoes/tomatoes), coffee, honey, oils, pasta, salt, sesame, sugar.",False,"By far the biggest single lever for Ethiopia's F&B coverage -- reaches teff (all 4 sub-varieties), live animals, and multiple dairy/legume forms that no retail source in this shard touches.",
lac,guatemala,WFP Food Prices - Guatemala,https://data.humdata.org/dataset/wfp-food-prices-for-guatemala,TIER_1B,low,Wave 1,fetcher,"Extend _PANELS in src/prices/fetchers/_shared/eap/wfp_food_prices.py - one line per country, no new code. DATE-CHECK each panel first.",A_wfp_ckan,CKAN/WFP HDX,official_avg,wholesale/retail (mixed),GTQ,45,"CKAN dataset wfp-food-prices-for-guatemala, resource wfp_food_prices_gtm.csv","GET CSV https://data.humdata.org/dataset/.../wfp_food_prices_gtm.csv -> HTTP 200, 2.29MB, 16,178 rows. Max date confirmed 2026-06-15 (live/recent). Sample: 'Maize (white)' 100 Pounds, Wholesale, La Terminal market, GTQ 67.75 (2026-06-15). Also carrots, onions, tomatoes, beans, coffee, bananas.",False,"Wholesale + some retail channel, La Terminal market Guatemala City + others; complements but barely overlaps supermarket SKUs (fresh produce/grains/pulses focus).",
menaap,syria,WFP Food Prices - Syria (HDX),https://data.humdata.org/dataset/aa40b3a8-2bc4-4826-9d82-82189bc5f392,TIER_1B,low,Wave 1,fetcher,"Extend _PANELS in src/prices/fetchers/_shared/eap/wfp_food_prices.py - one line per country, no new code. DATE-CHECK each panel first.",A_wfp_ckan,WFP/HDX CKAN,official_avg,official_avg,SYP,44,CKAN package_show -> S3 CSV,"CKAN package_show -> 200, resolves wfp_food_prices_syr.csv, 275,972 rows - by far the largest panel in the set. 77 distinct commodities across all 8 categories: fruit (apples, bananas), veg (cabbage, carrots, cucumbers x2, eggplant, garlic, parsley, pumpkin, spinach, tomatoes fresh+paste), dairy (cheese x2, labaneh, fresh milk, yogurt), meat (beef minced, chicken legs/plucked, sheep), cereals (bulgur, maize local, wheat, 3 bread variants, 2 pasta variants, rice), pulses (3 bean types, lentils, 2 pea types, chickpeas), oils/fats (oil, ghee), plus sugar/salt/tea/yeast/peanut.",False,"Syria's WFP panel is the deepest of the entire shard because of dedicated crisis-monitoring granularity (parallel-market fuel/bread variants tracked separately). One-line _PANELS addition: 'syr': ('Syria', 'wfp-food-prices-for-syrian-arab-republic').",
ssa,rwanda,WFP Rwanda (HDX),https://data.humdata.org/dataset/a4a84c1c-81d1-491b-9fbe-1955ae736508,TIER_1B,low,Wave 1,fetcher,"Extend _PANELS in src/prices/fetchers/_shared/eap/wfp_food_prices.py - one line per country, no new code. DATE-CHECK each panel first.",A_wfp_ckan,Custom (CKAN/HDX),official_avg,official_avg,RWF,42,https://data.humdata.org/api/3/action/package_show?id=wfp-food-prices-for-rwanda,"CKAN-resolved CSV wfp_food_prices_rwa.csv (200, 19.9MB, richest+largest panel in this shard). 151,961 rows, 65 distinct commodities, max date 2026-06-15. Extremely granular: apples, avocados, guava, mangoes, passion fruit, papaya, oranges, cauliflower, greenhouse cucumbers, zucchini, soybeans, sorghum flour, 4+ rice-origin variants, 5 livestock species (live), 4 meat species.",False,"Best WFP panel discovered across the whole shard by both commodity count and row count -- essentially a near-retail-resolution market-price census. With every retail candidate in this shard unconfirmed, this feed alone is Rwanda's current F&B backbone.",
lac,el_salvador,WFP Food Prices - El Salvador,https://data.humdata.org/dataset/wfp-food-prices-for-el-salvador,TIER_1B,low,Wave 1,fetcher,"Extend _PANELS in src/prices/fetchers/_shared/eap/wfp_food_prices.py - one line per country, no new code. DATE-CHECK each panel first.",A_wfp_ckan,CKAN/WFP HDX,official_avg,wholesale/retail (mixed),USD,40,"CKAN dataset wfp-food-prices-for-el-salvador, resource wfp_food_prices_slv.csv","GET CSV -> HTTP 200, 7,561 rows, max date confirmed 2026-06-15 (live). Sample: 'Maize (white)' 46 KG Wholesale San Salvador USD 26.49 (2026-06-15); also 'Maize (white)' Libra Retail USD 0.34.",False,Both wholesale and retail channel rows present; national-average style market coverage.,
lac,nicaragua,WFP Food Prices - Nicaragua,https://data.humdata.org/dataset/wfp-food-prices-for-nicaragua,TIER_1B,low,Wave 1,fetcher,"Extend _PANELS in src/prices/fetchers/_shared/eap/wfp_food_prices.py - one line per country, no new code. DATE-CHECK each panel first.",A_wfp_ckan,CKAN/WFP HDX,official_avg,retail,USD,35,"CKAN dataset wfp-food-prices-for-nicaragua, resource wfp_food_prices_nic.csv","GET CSV -> HTTP 200, max date confirmed 2026-05-15 (live). Sample: 'Plantains' Pound, Retail, National Average, USD 0.44 (2026-05-15); also squashes, tomatoes.",False,"Retail national-average channel, fresh produce focus.",
menaap,west_bank_and_gaza,WFP Food Prices - State of Palestine (HDX),https://data.humdata.org/dataset/7d06b059-5831-4101-aa68-6d9123ad65b7,TIER_1B,low,Wave 1,fetcher,"Extend _PANELS in src/prices/fetchers/_shared/eap/wfp_food_prices.py - one line per country, no new code. DATE-CHECK each panel first.",A_wfp_ckan,WFP/HDX CKAN,official_avg,official_avg,ILS,33,CKAN package_show -> S3 CSV,"CKAN package_show?id=wfp-food-prices-for-state-of-palestine -> 200, resolves wfp_food_prices_pse.csv, 26,815 rows. 41 commodities: fruit (apples, bananas, oranges), veg (cauliflower, cucumbers, eggplant, onions, tomatoes greenhouse), dairy (goat cheese, labaneh, milk pasteurized + powder, yogurt), meat (beef, chicken, goat), 3 rice varieties, 2 oil types (maize + olive), semolina, bottled water.",False,"Repo slug is 'west_bank_and_gaza' (iso3 PSE per countries.yaml) - HDX dataset slug is 'wfp-food-prices-for-state-of-palestine'. One-line _PANELS addition: 'pse': ('State of Palestine', 'wfp-food-prices-for-state-of-palestine').",
ssa,malawi,WFP Food Prices (HDX) -- Malawi,https://data.humdata.org/dataset/wfp-food-prices-for-malawi,TIER_1B,low,Wave 1,fetcher,"Extend _PANELS in src/prices/fetchers/_shared/eap/wfp_food_prices.py - one line per country, no new code. DATE-CHECK each panel first.",A_wfp_ckan,WFP/HDX CKAN,official_avg,official_avg,MWK,30,https://data.humdata.org/api/3/action/package_show?id=wfp-food-prices-for-malawi,"CKAN resolved -> wfp_food_prices_mwi.csv, 82,819 rows. 63 distinct commodities -- notably rich in Malawi-specific leafy greens (Amaranthus, Blackjack leaves, Cowpea leaves, Mustard leaves, Pumpkin leaves, Rape leaves) and dried small fish (bonya, kapenta, matemba, usipa, utaka), plus cereals/legumes/tubers/oil/sugar.",False,"Second-richest WFP panel in the shard. The leafy-greens and dried-fish depth here is not replicated by any retailer in this pass -- structurally complementary, not overlapping.",
menaap,jordan,WFP Food Prices - Jordan (HDX),https://data.humdata.org/dataset/fba510fd-eccf-4b34-b5f6-cc531900270b,TIER_1B,low,Wave 1,fetcher,"Extend _PANELS in src/prices/fetchers/_shared/eap/wfp_food_prices.py - one line per country, no new code. DATE-CHECK each panel first.",A_wfp_ckan,WFP/HDX CKAN,official_avg,official_avg,JOD,29,CKAN package_show -> S3 CSV,"CKAN package_show -> 200, resolves wfp_food_prices_jor.csv, 47,943 rows. 36 commodities across all 8 categories including both olive oil AND vegetable oil as separate lines, apples/bananas/oranges (fruit), cucumbers/garlic/onions/spinach/tomatoes (veg), beef/chicken/lamb (meat), two cheese types + two milk types (dairy) - the richest, most balanced panel of the whole shard.",False,"One-line _PANELS addition: 'jor': ('Jordan', 'wfp-food-prices-for-jordan').",
ssa,kenya,WFP Kenya (HDX),https://data.humdata.org/dataset/e0d3fba6-f9a2-45d7-b949-140c455197ff,TIER_1B,low,Wave 1,fetcher,"Extend _PANELS in src/prices/fetchers/_shared/eap/wfp_food_prices.py - one line per country, no new code. DATE-CHECK each panel first.",A_wfp_ckan,"Custom (CKAN/HDX, same pattern as existing src/prices/fetchers/_shared/eap/wfp_food_prices.py)",official_avg,official_avg,KES,28,https://data.humdata.org/api/3/action/package_show?id=wfp-food-prices-for-kenya,"CKAN package_show resolved CSV at wfp_food_prices_ken.csv (200, 3.6MB). 27,837 rows, 51 distinct commodities, max date 2026-07-15 (current). Retail+wholesale mixed pricetype. Sample: Maize (white) KES 1480/90kg wholesale Mombasa.",False,Direct extension of the existing shared EAP WFP fetcher module -- just add ken to the _PANELS dict. 51 commodities incl. camel meat/milk (not covered by any retailer) is the standout addition.,
ssa,central_african_republic,WFP Central African Republic (HDX),https://data.humdata.org/dataset/e9f27b34-f511-498c-a7f8-fe8d2321f7ba,TIER_1B,low,Wave 1,fetcher,"Extend _PANELS in src/prices/fetchers/_shared/eap/wfp_food_prices.py - one line per country, no new code. DATE-CHECK each panel first.",A_wfp_ckan,Custom (CKAN/HDX),official_avg,official_avg,XAF,28,https://data.humdata.org/api/3/action/package_show?id=wfp-food-prices-for-central-african-republic,"CKAN-resolved CSV wfp_food_prices_caf.csv (200, 3.6MB). 30,356 rows, 39 distinct commodities (tied with Rwanda for richest panel in this shard), max date 2026-06-15. Commodities incl. Meat (antelope smoked, gazelle smoked -- bushmeat), Fish (catfish/frozen/sardine canned/smoked), Sesame, Groundnuts (shelled/unshelled), Charcoal.",False,"With no live retail candidate, this is effectively the ONLY viable F&B price source for CAR in this shard. The bushmeat commodities (antelope, gazelle) are a rare hit on the 'Other meat' leaf (01.1.2.2.9) that almost no supermarket source in the wider repo reaches.",
menaap,iraq,WFP Food Prices - Iraq (HDX),https://data.humdata.org/dataset/7d8955eb-37d2-4087-80e9-cae1aaa242f5,TIER_1B,low,Wave 1,fetcher,"Extend _PANELS in src/prices/fetchers/_shared/eap/wfp_food_prices.py - one line per country, no new code. DATE-CHECK each panel first.",A_wfp_ckan,WFP/HDX CKAN,official_avg,official_avg,IQD,26,CKAN package_show -> S3 CSV,"CKAN package_show -> 200, resolves wfp_food_prices_irq.csv, 56,712 rows. 49 commodities - largest non-Syria commodity list, includes dates, eggplant, cheese (local), yogurt, three rice varieties (regular/Indian/basmati), three wheat-flour sourcing variants (Turkey/local/generic).",False,"One-line _PANELS addition: 'irq': ('Iraq', 'wfp-food-prices-for-iraq').",
menaap,iran,WFP Food Prices - Iran (HDX),https://data.humdata.org/dataset/6df76343-1bd9-488a-af3c-1e5aec3fc78c,TIER_1B,low,Wave 1,fetcher,"Extend _PANELS in src/prices/fetchers/_shared/eap/wfp_food_prices.py - one line per country, no new code. DATE-CHECK each panel first.",A_wfp_ckan,WFP/HDX CKAN,official_avg,official_avg,IRR,26,CKAN package_show -> S3 CSV,"CKAN package_show?id=wfp-food-prices-for-iran-islamic-republic-of -> 200, resolves wfp_food_prices_irn.csv, only 2,281 rows (far smaller than the other 7 panels - likely a shorter-running or narrower-market series) but real: 41 commodities incl. apples, beans, cheese (local), eggplant, lentils, beef/chicken, milk (pasteurized), rice, tomato + tomato paste, wheat flour, yogurt.",False,"One-line _PANELS addition: 'irn': ('Iran (Islamic Republic of)', 'wfp-food-prices-for-iran-islamic-republic-of'). Row count is ~4-25x thinner than the other 7 panels - check market/date coverage before assuming equal update cadence.",
menaap,lebanon,WFP Food Prices - Lebanon (HDX),https://data.humdata.org/dataset/db0b4fb1-ce11-458e-94e0-3342365a117a,TIER_1B,low,Wave 1,fetcher,"Extend _PANELS in src/prices/fetchers/_shared/eap/wfp_food_prices.py - one line per country, no new code. DATE-CHECK each panel first.",A_wfp_ckan,WFP/HDX CKAN,official_avg,official_avg,LBP,26,CKAN package_show -> S3 CSV,"CKAN package_show -> 200, resolves wfp_food_prices_lbn.csv, 39,876 rows. 33 commodities: fruit (apples), veg (cabbage, carrots, cucumbers greenhouse, lettuce, spinach, tomatoes paste), dairy (cheese picon, milk powder), meat (canned beef, frozen whole chicken), 2 canned-fish types, 3 lentil variants, pulses (beans, chickpeas), cereals (bread pita, bulgur, pasta, rice, wheat flour), oil (sunflower), tea, sugar, salt.",False,"One-line _PANELS addition: 'lbn': ('Lebanon', 'wfp-food-prices-for-lebanon').",
ssa,senegal,WFP Food Prices (HDX) -- Senegal,https://data.humdata.org/dataset/wfp-food-prices-for-senegal,TIER_1B,low,Wave 1,fetcher,"Extend _PANELS in src/prices/fetchers/_shared/eap/wfp_food_prices.py - one line per country, no new code. DATE-CHECK each panel first.",A_wfp_ckan,WFP/HDX CKAN,official_avg,official_avg,XOF,25,"https://data.humdata.org/api/3/action/package_show?id=wfp-food-prices-for-senegal (resolves CSV url at run time, matches the shipped src/prices/fetchers/_shared/eap/wfp_food_prices.py pattern)","CKAN package_show resolved -> CSV at .../wfp_food_prices_sen.csv, 51,579 rows. 28 distinct commodities: Bananas, Beans (niebe), Cabbage, Carrots, Cassava, Fonio, Groundnuts (shelled/unshelled), Livestock (Goat/Sheep/cattle), Maize (imported/local), Mangoes, Millet, Onions, Oranges, Potatoes, Rice (3 grades), Sorghum, Sweet potatoes, Tomatoes, Watermelons.",False,Narrower panel than Ethiopia/Mauritania/Malawi (28 vs 50-96 commodities) but reaches live animals and fonio that no retailer in this shard carries. Same fetcher shape as the existing EAP WFP module -- add sen/mwi/gab/mrt/eth/mdg/moz/zwe/tza to _PANELS.,
ssa,mauritania,WFP Food Prices (HDX) -- Mauritania,https://data.humdata.org/dataset/wfp-food-prices-for-mauritania,TIER_1B,low,Wave 1,fetcher,"Extend _PANELS in src/prices/fetchers/_shared/eap/wfp_food_prices.py - one line per country, no new code. DATE-CHECK each panel first.",A_wfp_ckan,WFP/HDX CKAN,official_avg,official_avg,MRU,25,https://data.humdata.org/api/3/action/package_show?id=wfp-food-prices-for-mauritania,"CKAN resolved -> wfp_food_prices_mrt.csv, 22,659 rows. 50 distinct commodities -- second-richest panel: live animals (bull/camel/cattle/goat/sheep), camel meat/milk, cow milk, milk powder, dates, couscous, feed (non-food), full cereal/legume/produce set, iodised salt.",False,Camel dairy/meat and live-animal coverage is unique to this feed among all sources probed.,
ssa,congo_dem_rep,WFP DRC (HDX),https://data.humdata.org/dataset/07a6d6fb-828d-4391-afb8-78b1fc32caa3,TIER_1B,low,Wave 1,fetcher,"Extend _PANELS in src/prices/fetchers/_shared/eap/wfp_food_prices.py - one line per country, no new code. DATE-CHECK each panel first.",A_wfp_ckan,Custom (CKAN/HDX),official_avg,official_avg,CDF,25,https://data.humdata.org/api/3/action/package_show?id=wfp-food-prices-for-democratic-republic-of-the-congo,"CKAN-resolved CSV wfp_food_prices_cod.csv (200, 11.6MB, largest panel in the shard). 95,050 rows, 38 distinct commodities, max date 2026-05-15. Commodities incl. Cassava (+chikwangue/cossette/flour), Plantains, Sweet potatoes, Fish (fresh/salted/smoked), Livestock (Goat), Meat (beef/chicken/goat/pork).",False,"Best complement to Shoppi.cd's packaged-goods gap -- covers fresh tubers, plantains, fresh meat variety, and fish that no retail source in this shard reaches.",
menaap,libya,WFP Food Prices - Libya (HDX),https://data.humdata.org/dataset/dc632a15-d376-496f-976f-c3282e67bc28,TIER_1B,low,Wave 1,fetcher,"Extend _PANELS in src/prices/fetchers/_shared/eap/wfp_food_prices.py - one line per country, no new code. DATE-CHECK each panel first.",A_wfp_ckan,WFP/HDX CKAN,official_avg,official_avg,LYD,23,"CKAN package_show -> S3 CSV (resolved dynamically, same pattern as the existing eap wfp_food_prices.py fetcher)","CKAN package_show?id=wfp-food-prices-for-libya -> 200, resolves live S3-presigned CSV (wfp_food_prices_lby.csv, 69,168 rows). 36 distinct commodities across 8 categories (cereals/tubers, meat/fish/eggs, milk/dairy, misc food, oil/fats, pulses/nuts, veg/fruits, non-food). Sample: 'Rice' unit '1 KG', category 'cereals and tubers', pricetype 'Retail', currency LYD.",False,"Extending src/prices/fetchers/_shared/eap/wfp_food_prices.py to Libya is a one-line addition to the _PANELS dict: 'lby': ('Libya', 'wfp-food-prices-for-libya'). The fetcher's CKAN-resolution + national-average-collapse logic needs zero changes.",
ssa,tanzania,WFP Food Prices (HDX) -- Tanzania,https://data.humdata.org/dataset/wfp-food-prices-for-united-republic-of-tanzania,TIER_1B,low,Wave 1,fetcher,"Extend _PANELS in src/prices/fetchers/_shared/eap/wfp_food_prices.py - one line per country, no new code. DATE-CHECK each panel first.",A_wfp_ckan,WFP/HDX CKAN,official_avg,official_avg,TZS,20,https://data.humdata.org/api/3/action/package_show?id=wfp-food-prices-for-united-republic-of-tanzania,"CKAN package id is NOT 'wfp-food-prices-for-tanzania' (404) -- resolved via package_search to 'wfp-food-prices-for-united-republic-of-tanzania'. CSV: 65,110 rows, 31 distinct commodities: beans (4 varieties), cabbage, carrots, fish (fresh), lettuce, maize (2 forms), meat (beef with/without bones, goat), millet (2 varieties), oil (cotton/sunflower), onions, potatoes, rice, sorghum, soybeans, sugar, sweet potatoes, tomatoes (2 varieties), wheat.",False,"GOTCHA for whoever builds this fetcher: the slug follows the ISO 'United Republic of Tanzania' form, not the common name -- a naive slug guess 404s. Meat-cut (bone-in/out) and fresh-fish depth complement Fast & Fresh.",
ssa,guinea,WFP Guinea (HDX),https://data.humdata.org/dataset/17a0a124-bedd-427c-a710-0d6e87672891,TIER_1B,low,Wave 1,fetcher,"Extend _PANELS in src/prices/fetchers/_shared/eap/wfp_food_prices.py - one line per country, no new code. DATE-CHECK each panel first.",A_wfp_ckan,Custom (CKAN/HDX),official_avg,official_avg,GNF,20,https://data.humdata.org/api/3/action/package_show?id=wfp-food-prices-for-guinea,"CKAN-resolved CSV wfp_food_prices_gin.csv (200, 3.2MB). 26,189 rows, 26 distinct commodities, max date 2026-07-15 (current). Commodities incl. Fonio, Cassava meal (attieke/gari), Fish (fresh/dry/smoked), Groundnuts, Rice (imported/local).",False,Adds fonio (a div-01 cereal leaf with almost no other EAP/SSA source in this repo) plus three separate dried/smoked/fresh fish leaves.,
ssa,cote_divoire,WFP Cote d'Ivoire (HDX),https://data.humdata.org/dataset/e6ff12e6-0670-4a0e-af9f-3750688e6c8d,TIER_1B,low,Wave 1,fetcher,"Extend _PANELS in src/prices/fetchers/_shared/eap/wfp_food_prices.py - one line per country, no new code. DATE-CHECK each panel first.",A_wfp_ckan,Custom (CKAN/HDX),official_avg,official_avg,XOF,20,https://data.humdata.org/api/3/action/package_show?id=wfp-food-prices-for-cote-d-ivoire,"CKAN-resolved CSV wfp_food_prices_civ.csv (200, 1.3MB). 10,698 rows, 27 distinct commodities, max date 2026-06-15. Commodities incl. Cashew nut, Cocoa, Coffee, Yam (+florido), Cassava meal (attieke), Fish (appolo/dry/fresh/smoked).",False,"With Adjovan and Jumia CI both walled, this is currently the ONLY confirmed-working F&B source for Cote d'Ivoire in this shard.",
lac,chile,ODEPA precios mayoristas de fruta y hortaliza,https://datos.odepa.gob.cl/dataset/precios-mayoristas-de-frutas-y-hortalizas,TIER_1B,low,Wave 1,fetcher,"Extend _PANELS in src/prices/fetchers/_shared/eap/wfp_food_prices.py - one line per country, no new code. DATE-CHECK each panel first.",A_wfp_ckan,CKAN open-data portal (Chilean Ministry of Agriculture),official_avg,wholesale,CLP,20,"CKAN package_show?id=precios-mayoristas-de-frutas-y-hortalizas -> resource download URL (year-partitioned CSV, updated daily on business days)","CKAN package_show for 'precios-mayoristas-de-frutas-y-hortalizas' lists a 2026 CSV resource; GET precio_mayorista_fruta-hortaliza_2026.csv -> HTTP 200, 24.3MB, 108,989 rows, dates through 2026-07-31 (1 week old). Sample row: 'Acelga', Femacal de La Calera market, $/docena de atados (6 kilos), precio promedio 4000 CLP. 79 unique products counted (Acelga, Ajo, Alcachofa, Apio, Arveja Verde, Betarraga, Brocoli, Camote, Cebolla, Choclo, Coliflor, Espinaca, Jengibre, etc).",False,"Whole-catalog walker: min/max/avg wholesale price + volume per product/variety/quality/market/region, daily. Adds fresh-produce leaves retail supermarkets under-stock (specialty veg like achicoria, caigua, cebollin baby, corazon de apio).",
lac,colombia,WFP Colombia food prices (HDX),https://data.humdata.org/dataset/wfp-food-prices-for-colombia,TIER_1B,low,Wave 1,fetcher,"Extend _PANELS in src/prices/fetchers/_shared/eap/wfp_food_prices.py - one line per country, no new code. DATE-CHECK each panel first.",A_wfp_ckan,WFP HDX CKAN mirror,official_avg,wholesale,COP,20,"CKAN package_show?id=wfp-food-prices-for-colombia -> wfp_food_prices_col.csv (S3 pre-signed redirect, follow -L)","CKAN package_show -> resource 'Colombia - Food Prices' CSV, downloaded 9.8MB / 71,566 rows. Max observation date in file = 2026-06-15 (live, ~7 weeks old; CKAN last_modified metadata 2026-08-03 is separate from data currency, always check the max date column). Sample row: 2026-06-15, Valle Del Cauca, Tulua, 'Tomatoes', KG, Wholesale, COP 2975 (0.85 USD equiv). ~80 unique commodity strings.",False,"Whole-catalog walker, mostly fresh produce/grains/legumes/fish, wholesale price basis. Confirmed live -- not stale like the Venezuela panel.",
menaap,yemen,WFP Food Prices - Yemen (HDX),https://data.humdata.org/dataset/98574e10-6866-4f13-a2b1-3c8312801af5,TIER_1B,low,Wave 1,fetcher,"Extend _PANELS in src/prices/fetchers/_shared/eap/wfp_food_prices.py - one line per country, no new code. DATE-CHECK each panel first.",A_wfp_ckan,WFP/HDX CKAN,official_avg,official_avg,YER,17,CKAN package_show -> S3 CSV,"CKAN package_show -> 200, resolves wfp_food_prices_yem.csv, 58,722 rows. 28 distinct commodities. No dairy and no fruit commodities at all in this panel - only cereals/tubers, pulses, oil, a few vegetables (onion/tomato/potato), meat (chicken/mutton via 'Livestock'), eggs, salt, sugar. Two rial regimes coexist in Yemen (old/new) - the CSV's 'currency' column should disambiguate but was not deep-checked this pass.",False,"Thinnest of the 8 WFP panels - Yemen's monitoring focuses on cereal-security staples, not a full basket. Before shipping, verify whether 'old rial' vs 'new rial' values are mixed in one currency column (per the CSV shard's own gotcha note on domestic Yemeni sources) - if so a currency-variant split may be needed.",
ssa,mozambique,WFP Food Prices (HDX) -- Mozambique,https://data.humdata.org/dataset/wfp-food-prices-for-mozambique,TIER_1B,low,Wave 1,fetcher,"Extend _PANELS in src/prices/fetchers/_shared/eap/wfp_food_prices.py - one line per country, no new code. DATE-CHECK each panel first.",A_wfp_ckan,WFP/HDX CKAN,official_avg,official_avg,MZN,15,https://data.humdata.org/api/3/action/package_show?id=wfp-food-prices-for-mozambique,"CKAN resolved -> wfp_food_prices_moz.csv, 67,281 rows. 57 distinct commodities: beans (6 varieties), cassava (fresh/dry/flour/leaves), garlic (2 grades), groundnuts (4 grades), maize meal (4 grades), potatoes (3 grades), rice, sugar (2 grades), wheat flour, cowpeas, coconut, sesame.",False,Cassava-leaves and multi-grade maize-meal depth complements RECHEIO/VIP's packaged-goods lean.,
ssa,zimbabwe,WFP Food Prices (HDX) -- Zimbabwe,https://data.humdata.org/dataset/wfp-food-prices-for-zimbabwe,TIER_1B,low,Wave 1,fetcher,"Extend _PANELS in src/prices/fetchers/_shared/eap/wfp_food_prices.py - one line per country, no new code. DATE-CHECK each panel first.",A_wfp_ckan,WFP/HDX CKAN,official_avg,official_avg,USD,15,https://data.humdata.org/api/3/action/package_show?id=wfp-food-prices-for-zimbabwe,"CKAN resolved -> wfp_food_prices_zwe.csv, 28,596 rows. 31 distinct commodities including several biofortified variants (Beans sugar biofortified, Maize yellow biofortified, Millet biofortified, Sorghum biofortified) plus cowpeas, dried kapenta fish, standard cereals/oils/sugar/wheat.",False,Dried kapenta fish and the biofortified cereal variants are not something any confirmed retailer here carries.,
lac,ecuador,WFP Ecuador food prices (HDX),https://data.humdata.org/dataset/wfp-food-prices-for-ecuador,TIER_1B,low,Wave 1,fetcher,"Extend _PANELS in src/prices/fetchers/_shared/eap/wfp_food_prices.py - one line per country, no new code. DATE-CHECK each panel first.",A_wfp_ckan,WFP HDX CKAN mirror,official_avg,wholesale,USD,15,"CKAN package_show?id=wfp-food-prices-for-ecuador -> wfp_food_prices_ecu.csv (S3 pre-signed redirect, follow -L)","CKAN package_show -> resource 'Ecuador - Food Prices' CSV, downloaded 1.1MB / 9,053 rows. Max observation date = 2026-06-15 (live). Sample row: 2023-09-15..2026-06-15 range, Pichincha/Quito, 'Watermelons', KG, Wholesale, USD 0.31. 71 unique commodity strings (Apples, Avocados, Bananas, Beans variants, Beetroots, Blackberry, Bread, Maize, Onions, Plantains, Rice, etc).",False,"Whole-catalog walker, wholesale produce/grains/legumes basis, confirmed live.",
ssa,sudan,WFP Sudan (HDX),https://data.humdata.org/dataset/369e003b-f0af-4e48-99d7-34fc85b44635,TIER_1B,low,Wave 1,fetcher,"Extend _PANELS in src/prices/fetchers/_shared/eap/wfp_food_prices.py - one line per country, no new code. DATE-CHECK each panel first.",A_wfp_ckan,Custom (CKAN/HDX),official_avg,official_avg,SDG,13,https://data.humdata.org/api/3/action/package_show?id=wfp-food-prices-for-sudan,"CKAN-resolved CSV wfp_food_prices_sdn.csv (200, 2.8MB). 22,224 rows, 16 distinct commodities, max date 2026-06-15 (current). Sample commodities: Sorghum, Wheat, Wheat flour, Meat (beef/goat), Milk (powder), Onions, Salt (iodised), Sugar.",False,"Thinnest WFP panel in this shard (16 commodities vs 51 for Kenya, 65 for Rwanda) -- war-affected data collection is likely constrained. Still adds fresh beef/goat meat and cereals not on HyperSale's packaged-goods shelf.",
ssa,madagascar,WFP Food Prices (HDX) -- Madagascar,https://data.humdata.org/dataset/wfp-food-prices-for-madagascar,TIER_1B,low,Wave 1,fetcher,"Extend _PANELS in src/prices/fetchers/_shared/eap/wfp_food_prices.py - one line per country, no new code. DATE-CHECK each panel first.",A_wfp_ckan,WFP/HDX CKAN,official_avg,official_avg,MGA,10,https://data.humdata.org/api/3/action/package_show?id=wfp-food-prices-for-madagascar,"CKAN resolved -> wfp_food_prices_mdg.csv, 34,220 rows. 20 distinct commodities: dry beans (4 varieties), cassava (dry/fresh), groundnuts (Bambara), maize (2 forms), oils (3 forms), rice (3 forms), sugar, wheat flour.",False,"Narrow panel, cereal/legume/tuber-only -- no produce, protein or dairy commodities tracked for Madagascar.",
ssa,cabo_verde,WFP Cabo Verde (HDX),https://data.humdata.org/dataset/f9f8ff96-61eb-472e-9ec8-814980cfabcd,TIER_1B,low,Wave 1,fetcher,"Extend _PANELS in src/prices/fetchers/_shared/eap/wfp_food_prices.py - one line per country, no new code. DATE-CHECK each panel first.",A_wfp_ckan,Custom (CKAN/HDX),official_avg,official_avg,CVE,5,https://data.humdata.org/api/3/action/package_show?id=wfp-food-prices-for-cabo-verde,"CKAN-resolved CSV wfp_food_prices_cpv.csv (200, 310KB -- smallest panel in the shard). 2,231 rows, only 7 distinct commodities (Cassava, Maize imported/local/yellow, Rice long/medium grain, Wheat flour), and STALE: max date is 2022-05-15, over 4 years old vs. 2026-05/07 for every other country in this shard.",False,"LOW PRIORITY: unlike the other 7 countries, Cabo Verde's WFP panel is both thin (7 commodities) and stale (2022). Cabo Verde is a stable, non-crisis market where WFP monitoring has wound down; Nha Kretxeu's live retail catalog is a far better primary source here. Do not weight this feed the way the other 7 official_avg feeds are weighted.",
ssa,gabon,WFP Food Prices (HDX) -- Gabon,https://data.humdata.org/dataset/wfp-food-prices-for-gabon,TIER_1B,low,Wave 1,fetcher,"Extend _PANELS in src/prices/fetchers/_shared/eap/wfp_food_prices.py - one line per country, no new code. DATE-CHECK each panel first.",A_wfp_ckan,WFP/HDX CKAN,official_avg,official_avg,XAF,4,https://data.humdata.org/api/3/action/package_show?id=wfp-food-prices-for-gabon,"CKAN resolved -> wfp_food_prices_gab.csv, 505 rows (far smaller than every other panel in this shard). Only 4 distinct commodities: Cassava, Plantains, Rice, Wheat flour.",False,Structurally thin -- Gabon gets far less WFP market-monitoring attention than the Sahel/Horn countries in this shard. Free to add (same fetcher shape) but does not move the needle much.,
lac,puerto_rico,Supermercados Selectos,https://www.selectoseasyshop.com/,TIER_1B,low,Wave 2,spider,"Generic NCR Freshop spider - one app_key per store, covers several Caribbean territories",B_freshop,NCR Freshop,retailer_sku,supermarket,USD,170,api.freshop.ncrcloud.com/2/products?app_key=selectos,"GET https://api.freshop.ncrcloud.com/2/products?app_key=selectos&limit=5&store_id=5988 -> HTTP 200 JSON. Store list (/1/stores?app_key=selectos) returns 40 PR stores (Guaynabo, Mayaguez, Hatillo, Ponce, Carolina, San Juan, etc.), total catalog 85,381 items app-wide / 17,742 items for the Guaynabo store alone. Sample: 'ARROZ RICO GRANO MEDIANO' USD 2.69; 'PLATANO VERDE-MADURO PR' USD 1.00; 'Pernil de Cerdo Delantero Entero Fresco' USD 2.49; 'INDULAC LECHE REDUCIDA EN GRASA 2%' USD 2.09.",False,"Largest verified PR find: 40-store chain, full-line (produce/meat/dairy/beverages confirmed), same Freshop platform already used in-repo for waltermart (PH) — app_key discovered by guessing common PR chain names against the known Freshop host.",
lac,cayman_islands,Cost-U-Less (Grand Cayman),https://www.costuless.com/grand-cayman,TIER_1B,low,Wave 2,spider,"Generic NCR Freshop spider - one app_key per store, covers several Caribbean territories",B_freshop,NCR Freshop,retailer_sku,warehouse_club,USD,110,api.freshop.ncrcloud.com/2/products?app_key=cost_u_less&store_id=3821,"GET https://api.freshop.ncrcloud.com/2/products?app_key=cost_u_less&store_id=3821&limit=5 -> HTTP 200 JSON, total 1,574 items for this store. Sample: 'Mango Red/Green' unit_price 2.49; 'Windex Trigger 23' 6.49; 'Clorox Clean-Up W/bleach 32<' 5.99. Store confirmed via /1/stores?app_key=cost_u_less -> id 3821 name 'Grand Cayman'.",False,"CAVEAT: Freshop product payload has no currency_code field for this key (returns None); Cost-U-Less is a US-chain warehouse club so USD is the working assumption, but Cayman's official currency is KYD — verify before onboarding (many CI import-heavy retailers do price in USD given the peg, but this is unconfirmed from the API alone).",
lac,virgin_islands_us,Cost-U-Less (St. Thomas),https://www.costuless.com/st-thomas,TIER_1B,low,Wave 2,spider,"Generic NCR Freshop spider - one app_key per store, covers several Caribbean territories",B_freshop,NCR Freshop,retailer_sku,warehouse_club,USD,105,api.freshop.ncrcloud.com/2/products?app_key=cost_u_less&store_id=1967,"GET https://api.freshop.ncrcloud.com/2/products?app_key=cost_u_less&store_id=1967&limit=5 -> HTTP 200 JSON, total 2,219 items. Sample: 'Oh so GOOD! Water 40 Pack' unit_price 6.98; 'Hillandale Frm Fresh Shell Eggs Lg 18 Ct' 2.99. Store confirmed via /1/stores -> id 1967 name 'St. Thomas'.",False,USVI uses USD natively so this is the one Cost-U-Less territory where the currency assumption is solid.,
lac,sint_maarten_dutch_part,Cost-U-Less (St. Maarten),https://www.costuless.com/st-maarten,TIER_1B,low,Wave 2,spider,"Generic NCR Freshop spider - one app_key per store, covers several Caribbean territories",B_freshop,NCR Freshop,retailer_sku,warehouse_club,USD,100,api.freshop.ncrcloud.com/2/products?app_key=cost_u_less&store_id=1966,"GET https://api.freshop.ncrcloud.com/2/products?app_key=cost_u_less&store_id=1966&limit=5 -> HTTP 200 JSON, total 1,704 items. Sample: 'Pnf Org Coconut Bev Original 32' unit_price 5.99; 'Hormel Black Lbl Luncheon Loaf 12' 5.99; 'Oh so GOOD! Water 40 Pack' 12.99. Store confirmed via /1/stores -> id 1966 name 'St. Maarten'.",False,"Same caveat as Cayman: no currency_code in payload; USD assumed (Sint Maarten's ANG/USD dual-currency zone makes USD pricing plausible for a US warehouse chain, but unconfirmed from the API).",
lac,virgin_islands_us,Cost-U-Less (St. Croix),https://www.costuless.com/,TIER_1B,low,Wave 2,spider,"Generic NCR Freshop spider - one app_key per store, covers several Caribbean territories",B_freshop,NCR Freshop,retailer_sku,warehouse_club,USD,95,api.freshop.ncrcloud.com/2/products?app_key=cost_u_less&store_id=1965,"GET https://api.freshop.ncrcloud.com/2/products?app_key=cost_u_less&store_id=1965&limit=5 -> HTTP 200 JSON, total 2,085 items. Sample: 'Apothic Red Winemakers Blend 750 Ml' unit_price 12.98; 'Alvins Hot Red Pepper Sauce 12 Oz' 6.49. Store confirmed via /1/stores -> id 1965 name 'St. Croix'.",False,Second USVI store on the same tenant/app_key as St. Thomas; SKU overlap with the St. Thomas store is likely high but assortment/price can differ by island.,
eca,azerbaijan,Bazarstore.az,https://bazarstore.az/en/,TIER_1B,low,Wave 2,spider,Generic Shopify spider (/products.json?limit=250),C_shopify,Shopify,retailer_sku,supermarket,AZN,150,/en/products.json?limit=250,"GET /en/products.json?limit=5 -> 200, 5.3KB JSON. Sample: 'CORNETTO DONDURMA 130 ML GİANDUJA-ŞOKOLA' 3.90 AZN",True,"217K stock lines per shard notes; category counts published for meat/fish, staples, dairy, snacks, bakery.",
lac,aruba,Ling & Sons Food Market,https://shop.lingandsons.com/,TIER_1B,low,Wave 2,spider,Generic Shopify spider (/products.json?limit=250),C_shopify,Shopify,retailer_sku,supermarket,AWG,140,/products.json,"GET /products.json?limit=5 -> HTTP 200, 12.8KB JSON. Sample: 'Green Cabbage' AWG 4.49 (confirmed via /meta.json: currency AWG, money_format 'Afl{{amount}}', 1,850 published products, 126 collections).",False,Fresh produce confirmed (Green Cabbage). Aruba's premium grocery chain.,
sar,india,Star Bazaar / StarQuik (Tata),https://www.starquik.com/,TIER_1B,low,Wave 2,spider,Generic Shopify spider (/products.json?limit=250),C_shopify,Shopify,retailer_sku,supermarket,INR,120,/products.json?limit=250&page=N,"GET /products.json?limit=100 -> HTTP 200, 254KB JSON, 100 products across Beans/Brinjal/Bhindi, Exotic Fruits, Biscuits & Cookies, Frozen French Fries, Milk/Cream/Sweets, Breads, Block Chocolate, Extra Virgin Olive Oil. Sample: 'Brinjal Round Violet Small, 250 g' INR 19.00.",False,"Tata-owned mid-tier chain (Mumbai/Pune/Bangalore). Fits the inverse-correlation law exactly -- the market leader BigBasket is Akamai-hardened, this sibling mid-tier chain is wide open Shopify. Onboard first for India.",
sar,sri_lanka,SPAR2U Sri Lanka,https://spar2u.lk/,TIER_1B,low,Wave 2,spider,Generic Shopify spider (/products.json?limit=250),C_shopify,Shopify,retailer_sku,supermarket,LKR,110,/products.json?limit=250,"GET /products.json?limit=250 -> 200, 2.08MB JSON, 250 products (page 2 confirmed another full 250, catalog is larger). Sample: 'PORK Curry (Bone In)' Meat, LKR 5850.00; 'JF Whole Chicken, 1Kg' Meat, LKR 1250.00. product_type breakdown on page 1: Meat 68, Vegetables 44, Beverages 38, Fruits 25, Grocery 30, Chilled 6, Frozens 9, Health & Beauty 12, Household 6. Confirmed via header (server: Shopify) and shopify markers in body.",True,"Strongest fresh-meat depth of any Sri Lanka source seen (68 meat SKUs on page 1 alone, real cuts: pork curry, beef liver, chicken thigh boneless). Genuine full-catalog Shopify export, trivial to paginate.",
ssa,zambia,The Lusaka Grocery Delivery Company,https://lusakadelivery.com/,TIER_1B,low,Wave 2,spider,Generic Shopify spider (/products.json?limit=250),C_shopify,Shopify,retailer_sku,supermarket,ZMW,110,/products.json?limit=250&page=N,"Shopify confirmed: GET https://lusakadelivery.com/products.json?limit=250 -> 200, 268KB, 250 products on page 1 alone (catalog is larger; not paginated further this pass). Sample: 'Chicken Portion Pieces 5kg' (listed as 'Copy of Chicken Portion Pieces 5kg' -- a leftover duplicate-product-entry artifact worth flagging to any downstream cleaner) ZMW 540.00; 'Lancewood sour cream 250ml' ZMW 145.00; wine/liquor SKUs also present (Pongracz, Alvis Drift).",True,"Best Zambia source. CSV cites per-subcategory counts (condiments 67, canned 51, carbohydrates 44) confirming genuine full-line depth; per-kg fresh produce pricing also confirmed by CSV (tomatoes/onion per kg).",
lac,bolivia,Fidalga,https://www.fidalga.com/,TIER_1B,low,Wave 2,spider,Generic Shopify spider (/products.json?limit=250),C_shopify,Shopify,retailer_sku,supermarket,BOB,110,/products.json?limit=250,"GET /products.json?limit=250 -> 200, 296KB JSON, 250 products. Sample: 'Lavandina Mr. Cloro 250 ml' Bs3.80. CSV also cites staple SKUs directly visible on-site: pan frances Bs0.90/unit, leche Pil 900ml Bs9.70, azucar 5kg Bs33.50.",True,CSV listed platform as Custom; actually Shopify. Strong staple/basic-basket coverage per CSV notes.,
ssa,malawi,Add2Cart Malawi,https://www.add2cartmw.com/,TIER_1B,low,Wave 2,spider,Generic Shopify spider (/products.json?limit=250),C_shopify,Shopify,retailer_sku,supermarket,MWK,100,/products.json?limit=250&page=N,"GET /products.json?limit=5 -> 200, real Shopify JSON payload. Sample product: 'BIG TREE APPY 500ML', vendor 'Add 2 Cart Malawi', tags ['Grocery','Lilongwe','Malawi','Online Shopping'].",True,"Cheapest possible integration in this whole shard -- Shopify's own catalog JSON, no scaffolding needed beyond pagination.",
ssa,mauritania,GROX (Migross),https://groxmarket.com/,TIER_1B,low,Wave 2,spider,Generic Shopify spider (/products.json?limit=250),C_shopify,Shopify,retailer_sku,supermarket,MRU,100,/products.json?limit=250&page=N,"GET / -> 200, 233KB, Shopify fingerprint confirmed + real MRU prices: '400 MRU' x2 in raw HTML.",True,"Modern supermarket + delivery, Nouakchott. Shopify catalog JSON is the cheapest path.",
lac,barbados,Aone Supermarkets,https://aonesupermarkets.com/,TIER_1B,low,Wave 2,spider,Generic Shopify spider (/products.json?limit=250),C_shopify,Shopify,retailer_sku,supermarket,BBD,60,/products.json?limit=250,"GET /products.json?limit=250 -> 200, 305KB JSON, 250 products. Sample: 'A1 Cookie Croissants' BBD 7.50; 'Hawaiian Punch Pineapple Plunge 1gal' BBD 22.85",True,"Catalog skews general-merchandise (hangers, cards) alongside grocery; deep taxonomy per CSV notes.",
lac,bolivia,Amarket,https://amarket.com.bo/,TIER_1B,low,Wave 2,spider,Generic Shopify spider (/products.json?limit=250),C_shopify,Shopify,retailer_sku,supermarket,BOB,50,/products.json?limit=250,"GET /products.json?limit=250 -> 200, 326KB JSON, 250 products. Sample: 'Viva 50 Bs Tarjeta Teléfono X Unidad' Bs50.00 (phone card, confirms platform; general-merchandise-leaning catalog).",True,"CSV listed platform as Custom; actually Shopify. General e-commerce store, moderate grocery share.",
lac,trinidad_and_tobago,D'Market Movers,https://dmarketmovers.com/,TIER_1B,low,Wave 2,spider,Generic Shopify spider (/products.json?limit=250),C_shopify,Shopify,retailer_sku,supermarket,TTD,50,/products.json?limit=250,"GET /products.json?limit=250 -> 200, 300KB JSON, 184 products. Sample: 'Snapper (Espeara TT)' TTD 160.00.",True,"Strong local produce/fish focus per CSV notes; moderate catalog size (184 items), not a full-line supermarket.",
sar,bhutan,ShopOnline Bhutan,https://shoponline.bt/,TIER_1B,low,Wave 2,spider,Generic Shopify spider (/products.json?limit=250),C_shopify,Shopify,retailer_sku,supermarket,BTN,45,GET /products.json?limit=250&page=N,"Shopify storefront. GET https://shoponline.bt/products.json?limit=250 -> 200, 238366 bytes JSON, plain curl, no auth; page=2 also returns a full 250, so >=500 SKUs. product_type values include Bakery, Beverages, Biscuits, Chips, Chocolate, dairy, groceries, Juice, Noodles, Oil, 'Rice, Grains & Pulses', Sauce, Spices & Seasoning, Tea & Coffee Items, garam masala, tea leaf, beer, wine, spirits, Local Product. Sample: 'sonai milk 1 ltr' price=85.00, 'sonai mozzarella [shredded] 2kg' price=995.00, 'Kitty Bread Crumbs 1kg' price=180.00.",False,"Best new Bhutan find: real full-line packaged grocery + dairy + beverages + alcohol, comparable in depth to the already-onboarded sherza.bt (also Shopify /products.json). Not a fresh-produce store (no fruit/vegetable product_type seen in first 500 SKUs) but strong on packaged div-01/02 leaves. Trivial to scaffold -- same pattern as sherza.",
lac,bolivia,Compro.bo,https://compro.bo/,TIER_1B,low,Wave 2,spider,Generic Shopify spider (/products.json?limit=250),C_shopify,Shopify,retailer_sku,supermarket,BOB,45,/products.json?limit=250,"GET /products.json?limit=250 -> 200, 220KB JSON, 250 products. Sample: 'SOBAQUERA 3 PLUMAS 200ML' Bs10.00 (deodorant; CSV notes a 38-category tree focused on national/domestic production).",True,CSV listed platform as Custom; actually Shopify.,
ssa,congo_dem_rep,Shoppi (S&K),https://www.shoppi.cd/,TIER_1B,low,Wave 2,spider,Generic Shopify spider (/products.json?limit=250),C_shopify,Shopify,retailer_sku,supermarket,CDF,35,/products.json,"GET /products.json?limit=250 -> HTTP 200, 279KB. Shopify confirmed. 250 products sampled; product_type breakdown: Salty groceries(20), Sweet groceries(19), Dairy/eggs(10), Breakfast(8), Baby corner(8), Pasta/rice/noodles(7), Sugar/flour/baking(7), Wines(6), Soft drinks(6), Spirits(5), Beers(4). Sample: 'Weibo Ruler 30cm' 800 FC (non-food, confirms schema); food category prices e.g. '3,500 FC' seen in raw HTML for grocery items.",True,"Packaged-goods-leaning grocer -- NO fresh produce, meat, or fish product_type categories observed in the sampled catalog, despite the CSV describing a 'full grocery taxonomy including bakery, produce, dairy, frozen.' Covers 3 div-02 leaves (wine/beer/spirits) which most sources in this shard miss.",
ssa,kenya,Zucchini Food Market,https://zucchini.co.ke/,TIER_1B,low,Wave 2,spider,Generic Shopify spider (/products.json?limit=250),C_shopify,Shopify,retailer_sku,supermarket,KES,30,/products.json,"GET /products.json?limit=5 -> 200, Shopify. Samples: 'Pineapple - (Appx 1 piece) per Kg' KES 149 (type: Melons + Pineapples); 'Beef Tomatoes' KES 179 (type: Vegetables); 'Sawa Kahawa Medium Dark Roast 250gm' KES 1490 (type: Beverage).",False,"Fresh-produce specialist, discovered via web search (not in shard). Overlaps foodplus.co.ke on fresh fruit/veg but adds independent price observations for spatial/temporal dispersion.",
lac,bolivia,Farmacorp,https://www.farmacorp.com/,TIER_1B,low,Wave 2,spider,Generic Shopify spider (/products.json?limit=250),C_shopify,Shopify,retailer_sku,pharmacy,BOB,15,/products.json?limit=250,"GET /products.json?limit=5 -> 200, 11.8KB JSON, 5 products (Shopify, not VTEX as CSV claimed). Root page HTML also shows SSR prices e.g. Bs370,00. Sample product: 'Stickers Para Uñas Essence So Cherry Happy' Bs28.30.",True,Pharmacy chain (COICOP 6 focus); CSV claimed VTEX but it is actually Shopify. Minor F&B tail (snacks/drinks at checkout) only.,
menaap,yemen,Yemen Box,https://yemenbox.com/collections/grocery/products.json,TIER_1B,low,Wave 2,spider,Generic Shopify spider (/products.json?limit=250),C_shopify,Shopify,retailer_sku,marketplace,USD,12,/collections/grocery/products.json,"curl GET https://yemenbox.com/collections/grocery/products.json?limit=5 -> 200, clean Shopify JSON. Real SKUs: 'Kraft Cheddar Cheese (190 g)' price 3.99, tags:['GROCERY']; '(Mawassem) Creme Caramel' also under the grocery collection. Standard Shopify /products.json?limit=250&page=N paginates the rest.",True,"USD pricing + diaspora shipping framing (per CSV note) - document this basis explicitly if onboarded; not domestic YER retail. Catalog looks like imported packaged/shelf-stable goods (cheese, desserts, canned) rather than fresh produce or meat.",
ssa,ghana,Konzoom,https://konzoom.shop/,TIER_1B,low,Wave 2,spider,Generic Shopify spider (/products.json?limit=250),C_shopify,Shopify,retailer_sku,supermarket,GHS,12,/products.json?limit=250&page=N,"CSV's own EXTRACTION endpoint confirmed live: GET https://konzoom.shop/products.json?limit=20 -> 200, 42KB, Shopify. 20 real SKUs returned (Febreze Air Freshener, Heritage Natural Black Soap, Alata Samina, shea body products) -- these are real catalog entries, not the 'Example product title' placeholders the CSV warned about on the homepage.",True,Sampled page is personal-care/household heavy; the CSV-cited 'Local Delicacies' food category not independently re-sampled within budget.,
sar,pakistan,Alfatah,https://alfatah.pk/,TIER_1B,low,Wave 2,spider,Generic Shopify spider (/products.json?limit=250),C_shopify,Shopify,retailer_sku,supermarket,PKR,0,/products.json?limit=250&page=N,"GET /products.json?limit=250 -> HTTP 200, 310KB JSON, Shopify. But a 250-product sample is dominated by houseware/kitchenware/electronics ('LG REFRIGERATOR...', 'TOWEL STAND STEEL...', 'SUGAR POT SET...', 'STEAMER STEEL...'); food-keyword grep hit only false positives (sugar POT, rice serving SPOON, spice SET -- containers, not the commodities). No actual grocery SKUs surfaced in the sample.",False,"Technically Tier 1B and trivially scrapeable, but Alfatah is a fabric/houseware/electronics department store, not a grocer -- near-zero div-01/02 relevance. Not worth onboarding for F&B.",
menaap,morocco,Aswak Assalam,https://www.aswakassalam.com/,TIER_1B,low,Wave 2,spider,Generic WooCommerce spider (/wp-json/wc/store/v1/products) - WATCH the minor-unit exponent,D_woocommerce,WooCommerce,retailer_sku,supermarket,MAD,150,/wp-json/wc/store/v1/products?per_page=100&page=N,"GET /wp-json/wc/store/v1/products?per_page=20 -> 200, 61KB JSON. Sample: 'PATE A TARTINER 350G NUTELLA', price 4550 (minor_unit=2) = 45.50 MAD, currency_code MAD. x-wp-total = 5260 products. /wp-json/wc/store/v1/products/categories?per_page=100 -> 100 categories including BOUCHERIE 11, BOUCHERIE & VOLAILLE 24, BOULANGERIE 72, CHARCUTERIE & TRAITEUR 105, CHARCUTERIE A BASE DE VIANDE 14, CHARCUTERIE A BASE DE VOLAILLE 57, CREMERIE 343, CONSERVES 208, BOISSONS 311, EAU 86, BISCUITERIE & CONFISERIE 827.",True,"Best find of the whole run for Morocco. Genuine full-line hypermarket (Ynna Group) with butchery, poultry, deli, bakery, dairy, canned goods, beverages -- open WooCommerce Store API, no auth, no WAF. 5260 SKUs is large enough to expect deep leaf coverage across most of div-01.",
eca,iceland,Bonus,https://bonus.is/,TIER_1B,low,Wave 2,spider,Generic WooCommerce spider (/wp-json/wc/store/v1/products) - WATCH the minor-unit exponent,D_woocommerce,WooCommerce + Next.js,retailer_sku,supermarket,ISK,140,/wp-json/wc/store/v1/products,"GET https://bonus.is/wp-json/wc/store/v1/products?per_page=5 -> HTTP 200, structured WooCommerce Store API JSON, ISK currency_code confirmed. Sample product was a gift card (non-food); also confirmed embedded price JSON on a verslun.bonus.is PDP (""price"":798 etc).",True,Iceland's dominant discounter per CSV. API confirmed working structurally; grocery-category depth not directly sampled (first page returned a gift card SKU) -- paginate/filter by category before trusting the estimate.,
eca,malta,Scotts Supermarket,https://www.scotts.com.mt/,TIER_1B,low,Wave 2,spider,Generic WooCommerce spider (/wp-json/wc/store/v1/products) - WATCH the minor-unit exponent,D_woocommerce,WooCommerce,retailer_sku,supermarket,EUR,130,/wp-json/wc/store/v1/products?per_page=N,"curl 200 on WooCommerce Store API /wp-json/wc/store/v1/products?per_page=5 -> HTTP 200, 20.1KB JSON. Sample: 'LOACKER 45G PEANUT BUTTER' price 85 minor units / currency_minor_unit=2 -> EUR 0.85",True,CSV URL (scottssupermarket.com) was DEAD (NXDOMAIN). Correct current domain found via WebSearch: scotts.com.mt. Store API prices are minor units - divide by 10**currency_minor_unit.,
eca,bosnia_and_herzegovina,PametnoKupuj,https://pametnokupuj.ba/,TIER_1B,low,Wave 2,spider,Generic WooCommerce spider (/wp-json/wc/store/v1/products) - WATCH the minor-unit exponent,D_woocommerce,WooCommerce,retailer_sku,marketplace,BAM,130,/wp-json/wc/store/v1/products,"GET /wp-json/wc/store/v1/products?per_page=5 -> 200, 16KB JSON. Sample: 'PALMOLIVE KUPKA ZA TUŠIRANJE BLACK ORCHID 750 ml' 5.45 KM.",True,"22,000 articles, dedicated 'Hrana i pice' category, chilled-goods delivery. Largest BiH catalogue found.",
lac,barbados,Massy Stores Barbados,https://www.shopmassystoresbb.com/,TIER_1B,low,Wave 2,spider,Generic WooCommerce spider (/wp-json/wc/store/v1/products) - WATCH the minor-unit exponent,D_woocommerce,WooCommerce,retailer_sku,supermarket,BBD,130,/?rest_route=/wc/store/v1/products,"Corporate site massystoresbb.com links to real shop at shopmassystoresbb.com (WooCommerce). Default /wp-json/wc/store/v1/products 500s; workaround GET /?rest_route=/wc/store/v1/products&per_page=5 -> 200, 22.5KB JSON, 5 products. Sample: 'SELECT PASTA Shells 340g' BBD 3.29 (price 329 minor units, currency_minor_unit=2)",True,Real supermarket chain (Massy Group). Default wp-json path 500s on this install; must use ?rest_route= query-string form of the REST route.,
lac,jamaica,Sampars,https://www.shopsampars.com/,TIER_1B,low,Wave 2,spider,Generic WooCommerce spider (/wp-json/wc/store/v1/products) - WATCH the minor-unit exponent,D_woocommerce,WooCommerce,retailer_sku,supermarket,JMD,120,/wp-json/wc/store/v1/products,"GET /wp-json/wc/store/v1/products?per_page=3 -> 200 (intermittent: two earlier attempts on this same path timed out with exit 28, third attempt succeeded — looks like transient rate-limiting, not a hard block). Sample: 'Hurricane Relief Packages I' JMD 3,500.00 (currency_code JMD, minor_unit 2).",True,"Store API path was intermittently slow/timing out (2 of 3 attempts) even though the homepage always loaded fast — worth a lower request rate at collection time. Self-service wholesale per CSV notes, with per-kg meat pricing.",
lac,trinidad_and_tobago,Door To Door West,https://shop.doortodoortt.com/west/,TIER_1B,low,Wave 2,spider,Generic WooCommerce spider (/wp-json/wc/store/v1/products) - WATCH the minor-unit exponent,D_woocommerce,WooCommerce,retailer_sku,supermarket,TTD,120,/wp-json/wc/store/v1/products,"GET /wp-json/wc/store/v1/products?per_page=10 -> 200, 26.4KB JSON. Sample: 'White Rain Body Wash 15oz Ocean Mist' TTD 15.95. CSV also cites per-lb fresh pricing on site (onion $3.95/lb, chicken breast $23.95/lb).",True,Full supermarket range per CSV notes including fresh/per-lb pricing.,
lac,curacao,Mangusa Hypermarket,https://www.mangusahypermarket.com/,TIER_1B,low,Wave 2,spider,Generic WooCommerce spider (/wp-json/wc/store/v1/products) - WATCH the minor-unit exponent,D_woocommerce,WooCommerce,retailer_sku,supermarket,XCG,120,/wp-json/wc/store/v1/products,"GET /wp-json/wc/store/v1/products?per_page=5 -> HTTP 200, 19.4KB JSON. Sample: 'Unoli Canola oil 2ltr (6 pieces)' price 8410 minor units / currency_minor_unit 2 = XCG 84.10 (note: Curacao's currency migrated from ANG to the new Caribbean Guilder 'XCG' — WooCommerce Store API already reflects the new code).",False,"Hypermarket format, bulk/wholesale-leaning SKUs. Note ANG->XCG currency transition — downstream normalization must treat XCG as the live code for CW/SXM, not the legacy ANG.",
lac,venezuela_rb,Mafabre,https://mafabre.com/,TIER_1B,low,Wave 2,spider,Generic WooCommerce spider (/wp-json/wc/store/v1/products) - WATCH the minor-unit exponent,D_woocommerce,WooCommerce Store API,retailer_sku,supermarket,USD,110,/wp-json/wc/store/v1/products,"GET https://mafabre.com/wp-json/wc/store/v1/products?per_page=10&search=arroz -> HTTP 200, 41863 bytes. Sample: 'Arroz Mary Tipo I 900gr | Despacho en Caracas | Mafabre' price object {price:'120', currency_code:'USD', currency_minor_unit:2} = USD 1.20.",False,"20+ year Caracas food distributor turned online grocery, prices in USD (dollarized retail is standard in VE). Remember to divide raw 'price' by 10^currency_minor_unit.",
sar,sri_lanka,OnlineKade,https://onlinekade.lk/,TIER_1B,low,Wave 2,spider,Generic WooCommerce spider (/wp-json/wc/store/v1/products) - WATCH the minor-unit exponent,D_woocommerce,WooCommerce,retailer_sku,supermarket,LKR,100,/wp-json/wc/store/v1/products,"GET /wp-json/wc/store/v1/products?per_page=10 -> 200, 47KB JSON. Sample: 'Himalaya Purifying Neem Facewash 100Ml' price 170000/currency_minor_unit=2 -> LKR 1700.00 (confirms same WooCommerce minor-unit convention). GET /wp-json/wc/store/v1/products/categories?per_page=50 -> 200, 126KB, 50 categories, very large FMCG catalog (Chocolates 2180, Candies & Sweets 1731, Beverages 1611, Biscuits & Cookies 1213, Coffee/Tea/Malts 685, Dairy Products 413, Cereals 528) but thin genuine fresh: Fresh Produce only 20, Eggs only 3, no dedicated fresh meat/fish category (only 'Dry Fish And Soya Meat' 108, 'Frozen' 786 undifferentiated).",True,Best packaged-goods depth of any Sri Lanka source found (widest brand/SKU variety per leaf) but structurally weak on fresh -- functions more like a pharmacy-adjacent FMCG superstore than a fresh grocer.,
lac,jamaica,Store To Door Jamaica,https://storetodoorja.com/,TIER_1B,low,Wave 2,spider,Generic WooCommerce spider (/wp-json/wc/store/v1/products) - WATCH the minor-unit exponent,D_woocommerce,WooCommerce,retailer_sku,supermarket,JMD,100,/wp-json/wc/store/v1/products,"GET /wp-json/wc/store/v1/products?per_page=10 -> 200, 19.7KB JSON. Sample: 'White Rain Body Wash 15oz Ocean Mist' JMD 15.95 (price 1595 minor units, currency_code JMD).",True,"CSV flags mixed domestic/diaspora model (barrel-shipping for overseas senders, J$95,000 'Barrel Come' packages) alongside regular grocery SKUs — filter barrel/package line items out at classification time, not a blocker to onboarding the feed itself.",
sar,sri_lanka,ColomboSuper,https://colombosuper.lk/,TIER_1B,low,Wave 2,spider,Generic WooCommerce spider (/wp-json/wc/store/v1/products) - WATCH the minor-unit exponent,D_woocommerce,WooCommerce,retailer_sku,supermarket,LKR,90,/wp-json/wc/store/v1/products,"GET /wp-json/wc/store/v1/products?per_page=10 -> 200, 25KB JSON, 10 products. Sample: 'Maliban Full Cream Milk Powder Pouch 400.00 g' price 120000 minor units / currency_minor_unit=2 -> LKR 1200.00. GET /wp-json/wc/store/v1/products/categories?per_page=50 -> 200, 41KB, categories include Fresh Fruits(24), Fresh Vegetables(36), Dairy(41), Milk & Cream(20), Beverages(75), Biscuits & Cookies(17), Chocolates(27), Leafies & Herbs(9), Snacks & Confectionery(60), plus thin fresh-meat singles (Beef 1, Chicken 1, Bacon 1, Deli Meat 1).",True,Minor-unit trap confirmed: divide price by 10^currency_minor_unit (2) from the same payload. Real fresh produce + dairy but essentially no fresh meat/fish depth (1 SKU per meat type).,
ssa,togo,Miabe Marche,https://miabemarche.tg/,TIER_1B,low,Wave 2,spider,Generic WooCommerce spider (/wp-json/wc/store/v1/products) - WATCH the minor-unit exponent,D_woocommerce,WordPress/WooCommerce,retailer_sku,supermarket,XOF,90,/wp-json/wc/store/v1/products?per_page=100,"WooCommerce Store API confirmed: GET https://miabemarche.tg/wp-json/wc/store/v1/products?per_page=50&page=3 -> 200, 366KB, 50/50 products with nonzero prices (an initial page-1 sample of breakfast-brand SKUs happened to all show price=0, a normal partial-catalog/out-of-stock artifact, not a systemic issue). Sample: 'Piment Antillais (Gboebesse) en Botte, Kg' 700 CFA; 'Poisson Seche Sale (Dzemekpe) 500g' (dried salted fish) 1000 CFA; 'Ademe (Corete Potagere) 1Kg' 500 CFA. Category tree includes ALIMENTATION GENERALE, AGPRODUITS LAITIERS (dairy), Cuisine africaine, Cuisine rapide, Petit-dejeuner, Pour les enfants.",True,"Strongest Togo source: local fresh-produce and dried-fish items alongside a packaged/branded-goods catalog (CSV cites CASINO 86 lines, CADIE 15, DOLAIT 8).",
menaap,tunisia,Otrity,https://otrity.com/,TIER_1B,low,Wave 2,spider,Generic WooCommerce spider (/wp-json/wc/store/v1/products) - WATCH the minor-unit exponent,D_woocommerce,WooCommerce,retailer_sku,grocer,TND,70,"/wp-json/wc/store/v1/products (WooCommerce Store API, no auth)","curl homepage -> 200, WooCommerce fingerprint, prices visible in HTML (45.000DT etc). WC Store API /wp-json/wc/store/v1/products -> 200 clean JSON: 'Lait Concentré sucré SMART CHEF' price 9120 (currency_minor_unit 3 -> TND 9.120), 'Petits Pois Le ROIT Carotte' TND 9.228.",False,"Packaged-goods/pantry grocer -- no fresh produce, meat, or fish categories in the 100+ category list (couscous, conserves de poissons/viandes, épices, chorba/soupes, harissa, chamia are present -- good Tunisian pantry depth, but structurally caps leaf coverage well below a full-line store).",
lac,venezuela_rb,Supermercados Pao Trolado,https://supermercados-paotrolado.com/,TIER_1B,low,Wave 2,spider,Generic WooCommerce spider (/wp-json/wc/store/v1/products) - WATCH the minor-unit exponent,D_woocommerce,WooCommerce Store API,retailer_sku,supermarket,USD,70,/wp-json/wc/store/v1/products,"GET https://supermercados-paotrolado.com/wp-json/wc/store/v1/products?per_page=10 -> HTTP 200, 33006 bytes. Sample: 'Centro de Cama Mimlot 10 unidades' price object {price:'738', currency_code:'USD', currency_minor_unit:2} = USD 7.38 (non-food item in first page; site is a general household+grocery online store, food categories present in nav but not sampled in the first 10-item page).",False,Mixed household/grocery online store; re-probe with search= terms per COICOP leaf before onboarding to confirm F&B depth -- first page sample was non-food.,
menaap,algeria,Coursesnet,https://coursesnet.dz/,TIER_1B,low,Wave 2,spider,Generic WooCommerce spider (/wp-json/wc/store/v1/products) - WATCH the minor-unit exponent,D_woocommerce,WooCommerce,retailer_sku,grocer,DZD,65,"/wp-json/wc/store/v1/products (WooCommerce Store API, no auth)","curl homepage -> 200, WooCommerce fingerprint, DA3 price token visible. WC Store API /wp-json/wc/store/v1/products -> 200 clean JSON: 'Eau Minérale Ayris – 1,5L x6' price 24500 (currency_minor_unit 2 -> DZD 245.00), 'Halawiyat ELCherif – Batonnets De Dattes' DZD 360.00.",False,"Packaged-goods/pantry grocer, ~2500 total category-tagged items across biscuiterie, conserves, farines, huiles, fromages, laits, pâtes/couscous. 'Légumes' category has only 3 items and there is no meat/fish category at all -- confirms no fresh coverage. currency_minor_unit is 2 here vs 3 on Otrity (Tunisia) -- do not assume a shared exponent across countries.",
ssa,lesotho,Lesotho Virtual Mall,https://www.lesothovirtualmall.co.ls/store/m-grocery/,TIER_1B,low,Wave 2,spider,Generic WooCommerce spider (/wp-json/wc/store/v1/products) - WATCH the minor-unit exponent,D_woocommerce,WordPress/WooCommerce,retailer_sku,supermarket,LSL,65,/wp-json/wc/store/v1/products?per_page=100,"WooCommerce Store API confirmed: GET https://www.lesothovirtualmall.co.ls/wp-json/wc/store/v1/products?per_page=20 -> 200, 190KB, 1080+ products. Sample: '1/4 Chicken - Njays Menu' price=8800, currency_minor_unit=2 -> M88.00. GOTCHA: the API's currency_code field returns 'TMT' (Turkmenistan Manat's ISO code, clearly a site misconfiguration) while currency_symbol is 'm' (Maloti) and the price scale matches real Lesotho pricing -- hardcode LSL, do not trust the currency_code field from this API.",True,"Mixed catalog: pharmacy/incontinence products, prepared restaurant-style meals ('Njays Menu'), and grocery variant-range items (CSV cites potatoes M17.80-88.80). currency_code data-quality gotcha documented above.",
lac,belize,Ultraw,https://ultraw.bz/,TIER_1B,low,Wave 2,spider,Generic WooCommerce spider (/wp-json/wc/store/v1/products) - WATCH the minor-unit exponent,D_woocommerce,WooCommerce,retailer_sku,marketplace,BZD,60,/wp-json/wc/store/v1/products,"GET /wp-json/wc/store/v1/products?category=dairy-and-eggs -> 200, 11.3KB JSON. Sample: 'Hershey's Kisses Milk Chocolate 1.55 oz' BZD 3.00 (price 300 minor units). Category counts via /wp-json/wc/store/v1/products/categories: Groceries & Supermarket 408, Pantry Staples 302, Dairy & Eggs 48, Beverages (Non-Alcoholic) 33, Snacks & Sweets 16; fresh produce/meat/bakery categories exist but each shows only 1-2 items (thin).",True,"Two CSV rows (P1+P2) for the same domain, collapsed to one probe. Multi-vendor marketplace (Super Buy, Caribbean Cellars) strong on dry goods/dairy/beverages, structurally thin on fresh produce/meat/fish/bakery.",
lac,cuba,MercoCaribe (Habana),https://habana.mercocaribe.com/,TIER_1B,low,Wave 2,spider,Generic WooCommerce spider (/wp-json/wc/store/v1/products) - WATCH the minor-unit exponent,D_woocommerce,WooCommerce,retailer_sku,supermarket (MLC/foreign-card channel),EUR,60,/wp-json/wc/store/v1/products,"GET /wp-json/wc/store/v1/products?per_page=5 -> HTTP 200, 16.9KB JSON. Sample: 'Jugo de Albaricoque (Goze) 200Ml' price 55 minor units / currency_minor_unit 2 = EUR 0.55 (WooCommerce Store API minor-unit format). SSR listing page also shows real product links/names: 'Pollo Muslo y Contramuslo (Delightfull Farms) 4.53kg', 'Yogur Natural Azucarado Larga Vida (Feiraco) 4x125g', 'Tomate Frito (Orlando) brik 780g'.",False,"IMPORTANT CAVEAT: this is one of Cuba's 'MLC'-style virtual stores for foreign-card/diaspora-funded purchases (delivery inside Cuba, payment in EUR/USD via international card), not the domestic CUP retail network. Assortment observed is packaged/frozen imports (juice, chicken, dairy, snacks, canned goods) — no fresh produce/local-market categories seen. Treat fnb_leaves_est as a ceiling for packaged-goods leaves only; flag the pricing-currency mismatch (EUR, not domestic CUP) before onboarding.",
sar,maldives,LittleFINO,https://fino.com.mv/,TIER_1B,low,Wave 2,spider,Generic WooCommerce spider (/wp-json/wc/store/v1/products) - WATCH the minor-unit exponent,D_woocommerce,WooCommerce,retailer_sku,supermarket,MVR,45,/wp-json/wc/store/v1/products,"GET /wp-json/wc/store/v1/products/categories?per_page=100 -> 200, 12KB, WooCommerce confirmed (string 'woocommerce' + '/wp-json/wc/store/v1/' both present). ~54 categories including Fresh & Chilled(24), Frozen Meat & Poultry(31), Frozen Fish & Seafood(3), Frozen Vegetables(3), Cheese(11), Milk(11 across two dupe cats), Yoghurts(3), Rice/Pasta/Pulses(16+4), Condiments(14), Cooking Sauces(39), but only 1 SKU under 'Fruits & Vegetables' -- packaged/frozen goods dominate over fresh.",False,"New discovery via web search ('online grocery Maldives'). Real WooCommerce store API, easy onboard, but thin on fresh produce -- mainly useful as an incremental packaged/frozen layer on top of whim_mv.",
ssa,kenya,Greenspoon,https://greenspoon.co.ke/,TIER_1B,low,Wave 2,spider,Generic WooCommerce spider (/wp-json/wc/store/v1/products) - WATCH the minor-unit exponent,D_woocommerce,WooCommerce,retailer_sku,supermarket,KES,40,/wp-json/wc/store/v1/products,"GET /wp-json/wc/store/v1/products?per_page=3 -> 200, WooCommerce Store API open no auth. currency_minor_unit=0. Sample 'Hobby Pomegranate Blossom Body Wash' KES 498.",True,"Organic/artisan grocer. DATA QUALITY FLAG: one sampled product's `description` field contained ~2KB of unrelated leftover HTML that looks like a scraped AI-chat UI fragment (div classes referencing a conversation thread) -- garbage in their CMS content, not a security issue, but strip/ignore the description field rather than using it as classifier input.",
menaap,djibouti,NIRIGS,https://nirigs.com/,TIER_1B,low,Wave 2,spider,Generic WooCommerce spider (/wp-json/wc/store/v1/products) - WATCH the minor-unit exponent,D_woocommerce,WooCommerce,retailer_sku,supermarket,DJF,30,/wp-json/wc/store/v1/products?per_page=100&page=N,"GET /wp-json/wc/store/v1/products?per_page=20 -> 200, 199KB JSON. Sample: 'Nuna Cereales au ble et lait des 6 mois - 350 g', price 1250 DJF (minor_unit=0). x-wp-total = 448 products across 13 categories: Alimentation, Boissons, Boissons gazeuses, Boissons vegetales, Bebe et famille, Cafe/The/Boissons, Gouters et desserts, Jus de Fruits, Laits en poudre, Laits infantiles, Petit-Dejeuner, Produits laitiers en conserves, Epicerie.",True,Best Djibouti source by volume (448 SKUs) and category breadth. Still no fresh produce/meat/bakery -- purely packaged/shelf-stable epicerie.,
ssa,mozambique,VIP Supermercado,https://vipspar.com/,TIER_1B,low,Wave 2,spider,Generic WooCommerce spider (/wp-json/wc/store/v1/products) - WATCH the minor-unit exponent,D_woocommerce,WooCommerce,retailer_sku,supermarket,MZN,30,/wp-json/wc/store/products?per_page=100&page=N (note: NOT /wc/store/v1/ -- this WooCommerce install exposes the pre-v1 Store API namespace only),"wc/store/v1/products 404'd, but the older non-versioned route works: GET /wp-json/wc/store/products?per_page=5 -> 200, real JSON. Sample: 'LOTUS RICE ARROZ JASMIN' price=680 MZN (currency_minor_unit=0, no division needed), 'AMANHECER ARROZ INTEGRAL 1KG' price=190 MZN, 'DIVELLA ARBORIO ARROZ 1KG' price=750 MZN.",True,Multi-vendor (Dokan) WooCommerce; Store API is open with zero auth. Endpoint path is nonstandard versus the documented /wc/store/v1/ pattern -- worth adding as a documented gotcha.,
ssa,ghana,GHBasket,https://ghbasket.com/,TIER_1B,low,Wave 2,spider,Generic WooCommerce spider (/wp-json/wc/store/v1/products) - WATCH the minor-unit exponent,D_woocommerce,WordPress/WooCommerce,retailer_sku,supermarket,GHS,20,/wp-json/wc/store/v1/products?per_page=100,"CSV's own EXTRACTION endpoint confirmed live: GET https://ghbasket.com/wp-json/wc/store/v1/products?per_page=100 -> 200, 55KB. WooCommerce Store API. Sample: 'Cow Leg' price=11000, currency_minor_unit=2 -> GHS 110.00.",True,"Only first page verified this pass; CSV's local-unit-measure claims (koobi, apatre, olonka) not independently re-sampled but platform and endpoint are live and exactly as documented.",
menaap,djibouti,Djibonline,https://djibonline.com/,TIER_1B,low,Wave 2,spider,Generic WooCommerce spider (/wp-json/wc/store/v1/products) - WATCH the minor-unit exponent,D_woocommerce,WooCommerce,retailer_sku,supermarket,DJF,15,/wp-json/wc/store/v1/products?per_page=100&page=N,"GET /wp-json/wc/store/v1/products?per_page=20 -> 200, 144KB JSON. Sample: 'Flocons d'avoine Five Star – 400 g'. Price object: price=250 (minor_unit=0) -> 250 Fr = 250 DJF. x-wp-total header = 142 products across 4 categories: Cartes & Codes digitaux, Lait & produits laitiers, Sucre & petit-dejeuner, Epices.",True,"Small catalog (142 SKUs), thin categories (dairy, sweets/breakfast, spices, phone top-up cards). No fresh, no meat, no bakery.",
ssa,lesotho,Wiza Shopping,https://wizashopping.co.ls/,TIER_1B,low,Wave 2,spider,Generic WooCommerce spider (/wp-json/wc/store/v1/products) - WATCH the minor-unit exponent,D_woocommerce,WordPress/WooCommerce,retailer_sku,aggregator,LSL,15,/wp-json/wc/store/v1/products?per_page=100,"WooCommerce Store API confirmed: GET https://wizashopping.co.ls/wp-json/wc/store/v1/products?per_page=20 -> 200, 63KB. Sample: 'Pork Chops per KG' price=11555 -> M115.55 (per-kg meat pricing).",True,"Price-comparison hub across multiple Lesotho retailers per CSV -- unusually valuable multi-retailer view, but likely overlaps heavily with Lesotho Virtual Mall's SKUs.",
ssa,togo,Assivito,https://www.assivito.com/,TIER_1B,low,Wave 2,spider,Generic WooCommerce spider (/wp-json/wc/store/v1/products) - WATCH the minor-unit exponent,D_woocommerce,WordPress/WooCommerce,retailer_sku,aggregator,XOF,8,/wp-json/wc/store/v1/products?category=173 (Produits transformes),"WooCommerce Store API confirmed open: GET https://www.assivito.com/wp-json/wc/store/v1/products/categories?per_page=100 -> 200, 7.1KB, 21 categories. One category, 'Produits transformes' (id 173, 89 products), is genuinely food: GET .../products?category=173&per_page=20 -> 200, sample 'Puree de sesame 100% naturelle' 4000 FCFA, 'Pate d'arachide 100% naturelle' (groundnut paste) 5000 FCFA, 'Miabe Gari (farine de manioc)' 1300 FCFA, 'Haricot brun - 1kg' 1800 FCFA, 'Arachides grillees - 350g' 2000 FCFA.",True,"General local-products marketplace (agri/health, artisans, fashion, real estate, vehicles dominate); only one of 21 categories is genuinely food, but it is real local-staple food (gari, groundnut/sesame paste, dried beans, roasted peanuts).",
menaap,syria,Tsaooq,https://tsaooq.com/wp-json/wc/store/v1/products?category=<food-cat-id>,TIER_1B,low,Wave 2,spider,Generic WooCommerce spider (/wp-json/wc/store/v1/products) - WATCH the minor-unit exponent,D_woocommerce,WooCommerce,retailer_sku,marketplace,SYP,4,/wp-json/wc/store/v1/products/categories and /wp-json/wc/store/v1/products?category=<id>,"curl GET /wp-json/wc/store/v1/products/categories?per_page=100 -> 200, clean JSON. Category 'الأغذية والمشروبات' (Food & Beverages) exists, count=4. Fetched that category's products -> real items: 'كاتشيتزا – بيتزا محشية الأطراف' (stuffed-crust pizza) SYP 10000, 'سلطة فواكه' (fruit salad) SYP 10000, 'بقلاوة ملكي' (baklava) SYP 10000, cake SYP 10000. currency_minor_unit=0.",False,"Live and technically Tier 1B, but the F&B slice of this general Syrian marketplace is only 4 prepared/bakery items (pizza, fruit salad, baklava, cake) - bakery/confectionery/prepared-meal leaves only, no fresh produce/meat/dairy/staples. Not worth a dedicated spider on its own; would only be additive alongside a fuller Syrian source.",
lac,peru,Wong,https://www.wong.pe/,TIER_1B,low,Wave 2,spider,Generic VTEX spider (/api/catalog_system/pub/products/search) - fall back to the *.myvtex.com origin host,E_vtex,VTEX,retailer_sku,supermarket,PEN,170,/api/catalog_system/pub/products/search?_from=0&_to=49,"GET /api/catalog_system/pub/products/search?_from=0&_to=4 -> 206, 251KB JSON, 5 products. Sample: 'Huevos Pardos Wong 30un' PEN 17.9. CSV-supplied endpoint worked directly.",True,Premium/upper-mid banner; CSV notes 3 price tiers per SKU (online/regular/Prime) — must not collapse them.,
lac,peru,Metro Peru,https://www.metro.pe/,TIER_1B,low,Wave 2,spider,Generic VTEX spider (/api/catalog_system/pub/products/search) - fall back to the *.myvtex.com origin host,E_vtex,VTEX,retailer_sku,supermarket,PEN,160,/api/catalog_system/pub/products/search,"GET /api/catalog_system/pub/products/search?_from=0&_to=4 -> 206, 209KB JSON, 5 products. Sample: 'Huevos Pardos Metro 30un' PEN 16.5.",True,"Cencosud discount banner, VTEX. Full-line supermarket.",
lac,peru,plazaVea,https://www.plazavea.com.pe/supermercado,TIER_1B,low,Wave 2,spider,Generic VTEX spider (/api/catalog_system/pub/products/search) - fall back to the *.myvtex.com origin host,E_vtex,VTEX,retailer_sku,supermarket,PEN,160,/api/catalog_system/pub/products/search with sc (sales channel) parameter,"GET /api/catalog_system/pub/products/search?_from=0&_to=4 -> 206, 83KB JSON, 5 products. Sample: 'Bio Bolsa PLAZAVEA Mediana' PEN 0.20.",True,"Intercorp mass-market chain, VTEX. May need an sc= sales-channel param for the right regional assortment per CSV.",
lac,argentina,Jumbo Argentina,https://www.jumbo.com.ar/,TIER_1B,low,Wave 2,spider,Generic VTEX spider (/api/catalog_system/pub/products/search) - fall back to the *.myvtex.com origin host,E_vtex,VTEX,retailer_sku,supermarket,ARS,160,/api/catalog_system/pub/products/search,"GET https://www.jumbo.com.ar/api/catalog_system/pub/products/search?_from=0&_to=9 -> HTTP 206, 243915 bytes, 10 products. Sample: 'Cebolla Superior Por Kg' ARS 2599.0",False,"Cencosud AR flagship hypermarket, full-line incl. fresh produce/meat.",
lac,argentina,Carrefour Argentina,https://www.carrefour.com.ar/,TIER_1B,low,Wave 2,spider,Generic VTEX spider (/api/catalog_system/pub/products/search) - fall back to the *.myvtex.com origin host,E_vtex,VTEX,retailer_sku,supermarket,ARS,160,/api/catalog_system/pub/products/search,"GET https://www.carrefour.com.ar/api/catalog_system/pub/products/search?_from=0&_to=9 -> HTTP 206, 240119 bytes. Sample: 'Rollo de cocina Sussex clasico 50 panos 3 uni' ARS 2044.0",False,"Full-line hypermarket, independent tenant from Cencosud AR banners.",
lac,mexico,Chedraui,https://www.chedraui.com.mx/,TIER_1B,low,Wave 2,spider,Generic VTEX spider (/api/catalog_system/pub/products/search) - fall back to the *.myvtex.com origin host,E_vtex,VTEX,retailer_sku,supermarket,MXN,160,/api/catalog_system/pub/products/search,"GET /api/catalog_system/pub/products/search?_from=0&_to=9 -> HTTP 206, 178KB JSON, 10 products. Sample: 'Tomate Saladet por kg' MXN 17.00 (items[0].sellers[0].commertialOffer.Price).",False,Full-line supermarket incl. fresh produce (Frutas y Verduras dept confirmed).,
lac,guatemala,Paiz,https://www.paiz.com.gt/,TIER_1B,low,Wave 2,spider,Generic VTEX spider (/api/catalog_system/pub/products/search) - fall back to the *.myvtex.com origin host,E_vtex,VTEX,retailer_sku,supermarket,GTQ,160,/api/catalog_system/pub/products/search,"GET /api/catalog_system/pub/products/search?_from=0&_to=9 -> HTTP 206, 203KB JSON. Sample: 'Separaditos Filete de Pechuga Pollo Rey - 5 lb' GTQ 198.00.",False,"Walmart Centroamerica banner, full-line incl. meat.",
lac,costa_rica,Walmart / MasxMenos (Costa Rica),https://www.walmart.co.cr/,TIER_1B,low,Wave 2,spider,Generic VTEX spider (/api/catalog_system/pub/products/search) - fall back to the *.myvtex.com origin host,E_vtex,VTEX,retailer_sku,supermarket,CRC,160,/api/catalog_system/pub/products/search,"GET /api/catalog_system/pub/products/search?_from=0&_to=9 -> HTTP 206, 189KB JSON. Sample: 'Huevo Gallina Precio Indicado Por Kilo Don Cristobal Marrón Cartón de 30 Uds' CRC 950.26. Same VTEX tenant/catalog also answers at masxmenos.cr (identical productId/price returned) — one probe covers both CR storefronts.",False,Walmart Centroamerica's CR banners (Walmart + MasxMenos) share one VTEX catalog.,
lac,colombia,Jumbo Colombia,https://www.jumbocolombia.com/,TIER_1B,low,Wave 2,spider,Generic VTEX spider (/api/catalog_system/pub/products/search) - fall back to the *.myvtex.com origin host,E_vtex,VTEX,retailer_sku,supermarket,COP,155,/api/catalog_system/pub/products/search,"GET https://www.jumbocolombia.com/api/catalog_system/pub/products/search?_from=0&_to=9 -> HTTP 206, 343098 bytes. Sample: 'Aceite Cuisine&Co Mezcla Vegetal x3000Ml' COP 22890.0",False,"Cencosud CO flagship hypermarket, full-line.",
lac,honduras,Walmart (Honduras),https://www.walmart.com.hn/,TIER_1B,low,Wave 2,spider,Generic VTEX spider (/api/catalog_system/pub/products/search) - fall back to the *.myvtex.com origin host,E_vtex,VTEX,retailer_sku,supermarket,HNL,155,/api/catalog_system/pub/products/search,"GET /api/catalog_system/pub/products/search?_from=0&_to=9 -> HTTP 206, 142KB JSON. Sample: 'Banano Maduro Selección Especial - 3 Unidades Por Libra' HNL 10.00.",False,"Full-line, fresh produce confirmed at index 0.",
lac,el_salvador,Walmart (El Salvador / Walmart Centroamerica),https://www.walmart.com.sv/,TIER_1B,low,Wave 2,spider,Generic VTEX spider (/api/catalog_system/pub/products/search) - fall back to the *.myvtex.com origin host,E_vtex,VTEX,retailer_sku,supermarket,USD,155,/api/catalog_system/pub/products/search,"GET /api/catalog_system/pub/products/search?_from=0&_to=9 -> HTTP 206, 210KB JSON. Sample: 'Carne Molida Don Cristobal Especial - Precio Indicado Por Libra (454 g)' USD 3.70.",False,"Full-line, meat confirmed. El Salvador uses USD.",
lac,argentina,Disco,https://www.disco.com.ar/,TIER_1B,low,Wave 2,spider,Generic VTEX spider (/api/catalog_system/pub/products/search) - fall back to the *.myvtex.com origin host,E_vtex,VTEX,retailer_sku,supermarket,ARS,150,/api/catalog_system/pub/products/search,"GET https://www.disco.com.ar/api/catalog_system/pub/products/search?_from=0&_to=9 -> HTTP 206, 240578 bytes. Sample: 'Cebolla Superior Por Kg' ARS 2599.0 (same catalog feed as Jumbo AR)",False,"Same VTEX tenant/account family as Jumbo AR and Vea (Cencosud) -- high overlap, still a distinct banner/price point.",
lac,brazil,Zona Sul,https://www.zonasul.com.br/,TIER_1B,low,Wave 2,spider,Generic VTEX spider (/api/catalog_system/pub/products/search) - fall back to the *.myvtex.com origin host,E_vtex,VTEX,retailer_sku,supermarket,BRL,150,/api/catalog_system/pub/products/search,"GET https://www.zonasul.com.br/api/catalog_system/pub/products/search?_from=0&_to=9 -> HTTP 206, 160088 bytes. Sample: 'Arroz Branco Tio Joao 1kg' BRL 5.59",False,Premium full-line Rio de Janeiro chain (Grupo Bahamas).,
lac,brazil,Savegnago,https://www.savegnago.com.br/,TIER_1B,low,Wave 2,spider,Generic VTEX spider (/api/catalog_system/pub/products/search) - fall back to the *.myvtex.com origin host,E_vtex,VTEX,retailer_sku,supermarket,BRL,150,/api/catalog_system/pub/products/search,"GET https://www.savegnago.com.br/api/catalog_system/pub/products/search?_from=0&_to=9 -> HTTP 206, 193089 bytes. Sample: 'Tomate Italiano 1kg' BRL 4.45",False,"Sao Paulo interior full-line chain, fresh produce confirmed.",
lac,uruguay,El Dorado,https://www.eldorado.com.uy/,TIER_1B,low,Wave 2,spider,Generic VTEX spider (/api/catalog_system/pub/products/search) - fall back to the *.myvtex.com origin host,E_vtex,VTEX,retailer_sku,supermarket,UYU,150,/api/catalog_system/pub/products/search,"GET https://www.eldorado.com.uy/api/catalog_system/pub/products/search?_from=0&_to=9 -> HTTP 206, 126380 bytes. Sample: 'Banana Boliviana Kg (3430)' UYU 79.0",False,"Full-line Uruguayan chain, fresh produce confirmed (banana).",
lac,guatemala,La Torre,https://www.latorre.com.gt/,TIER_1B,low,Wave 2,spider,Generic VTEX spider (/api/catalog_system/pub/products/search) - fall back to the *.myvtex.com origin host,E_vtex,VTEX,retailer_sku,supermarket,GTQ,150,/api/catalog_system/pub/products/search,"GET /api/catalog_system/pub/products/search?_from=0&_to=9 -> HTTP 206, 73.6KB JSON. Sample: 'Huevos Blancos Fátima' GTQ 46.40.",False,"Premium GT chain, full-line.",
lac,nicaragua,Walmart (Nicaragua),https://www.walmart.com.ni/,TIER_1B,low,Wave 2,spider,Generic VTEX spider (/api/catalog_system/pub/products/search) - fall back to the *.myvtex.com origin host,E_vtex,VTEX,retailer_sku,supermarket,NIO,150,/api/catalog_system/pub/products/search,"GET /api/catalog_system/pub/products/search?_from=0&_to=9 -> HTTP 206, 180KB JSON. Sample: 'Tomate Criollo Hortifruti 4 unidades por libra' NIO 40.00.",False,"Full-line, fresh produce confirmed.",
lac,brazil,Mambo,https://www.mambo.com.br/,TIER_1B,low,Wave 2,spider,Generic VTEX spider (/api/catalog_system/pub/products/search) - fall back to the *.myvtex.com origin host,E_vtex,VTEX,retailer_sku,supermarket,BRL,140,/api/catalog_system/pub/products/search,"GET https://www.mambo.com.br/api/catalog_system/pub/products/search?_from=0&_to=9 -> HTTP 206, 108831 bytes. Sample: 'Cebola Nacional Kg' BRL 8.99",False,"Sao Paulo interior full-line chain, fresh produce confirmed.",
lac,nicaragua,La Union,https://www.launion.com.ni/,TIER_1B,low,Wave 2,spider,Generic VTEX spider (/api/catalog_system/pub/products/search) - fall back to the *.myvtex.com origin host,E_vtex,VTEX,retailer_sku,supermarket,NIO,140,/api/catalog_system/pub/products/search,"GET /api/catalog_system/pub/products/search?_from=0&_to=9 -> HTTP 206, 171KB JSON. Sample: 'Filete Pechuga Pollo Sin Piel - 1Lb' NIO 132.00.",False,"Second independent VTEX tenant for NI (not the Walmart-CA one), meat confirmed.",
lac,argentina,Vea,https://www.vea.com.ar/,TIER_1B,low,Wave 2,spider,Generic VTEX spider (/api/catalog_system/pub/products/search) - fall back to the *.myvtex.com origin host,E_vtex,VTEX,retailer_sku,supermarket,ARS,130,/api/catalog_system/pub/products/search,"GET https://www.vea.com.ar/api/catalog_system/pub/products/search?_from=0&_to=9 -> HTTP 206, 313466 bytes. Sample: 'Azucar 1 Kg Azucel' ARS 1390.0",False,"Cencosud discount banner, same tenant as Jumbo/Disco AR.",
lac,colombia,Euro Supermercados,https://www.eurosupermercados.com.co/,TIER_1B,low,Wave 2,spider,Generic VTEX spider (/api/catalog_system/pub/products/search) - fall back to the *.myvtex.com origin host,E_vtex,VTEX,retailer_sku,supermarket,COP,130,/api/catalog_system/pub/products/search,"GET https://www.eurosupermercados.com.co/api/catalog_system/pub/products/search?_from=0&_to=9 -> HTTP 206, 635311 bytes. Sample: 'BOLSA PLASTICA' COP 200.0",False,Mid-tier Colombian grocery chain with home delivery.,
lac,guatemala,MaxiDespensa,https://www.maxidespensa.com.gt/,TIER_1B,low,Wave 2,spider,Generic VTEX spider (/api/catalog_system/pub/products/search) - fall back to the *.myvtex.com origin host,E_vtex,VTEX,retailer_sku,supermarket,GTQ,130,/api/catalog_system/pub/products/search,"GET /api/catalog_system/pub/products/search?_from=0&_to=9 -> HTTP 206, 175KB JSON. Sample: 'Tomate De Cocina En Red 3 Libras' GTQ 5.40.",False,"Bodega-format Walmart banner, fresh produce confirmed.",
lac,argentina,Dia Argentina,https://diaonline.supermercadosdia.com.ar/,TIER_1B,low,Wave 2,spider,Generic VTEX spider (/api/catalog_system/pub/products/search) - fall back to the *.myvtex.com origin host,E_vtex,VTEX,retailer_sku,supermarket,ARS,90,/api/catalog_system/pub/products/search,"GET https://diaonline.supermercadosdia.com.ar/api/catalog_system/pub/products/search?_from=0&_to=9 -> HTTP 206, 173254 bytes. Sample: 'Azucar Plus DIA Comun tipo A 1 Kg.' ARS 1389.0",False,"Discount/proximity format, packaged-goods heavy, thinner fresh section.",
ssa,senegal,Auchan Senegal,https://www.auchan.sn/,TIER_1A,low,Wave 2,spider,Generic PrestaShop spider,F_prestashop,PrestaShop (Elementor-themed),retailer_sku,supermarket,XOF,130,SSR HTML (Elementor product cards); PrestaShop cart backend at /panier,"GET / -> 200, 300KB. Elementor-styled frontend proxying a PrestaShop cart backend (ps_shoppingcart ajax module visible). Real product cards with prices: 'Auchan glace mini gourmands 8 batonnets chocolat 258g' -> 3 290 CFA; 'AUCHAN CONE VAN CHOC X6 415,2G' -> 2 250 CFA; data-price-amount confirms integer FCFA, no minor-unit division needed.",True,Modern-retail anchor with a DRIVE operation across multiple Dakar stores; homepage sample skewed frozen desserts but the operation is full-line per prior research.,
lac,guyana,gtPlaza,https://gtplaza.com/,TIER_1A,low,Wave 2,spider,Generic PrestaShop spider,F_prestashop,PrestaShop,retailer_sku,supermarket,GYD,130,SSR HTML PrestaShop category pages (/{id}-{slug}),curl 200/34KB on a PrestaShop category page (/15-tea-coffee-and-cocoa-products). Schema.org-labelled price blocks: 'Ovaltine 300g Refill Pack' <meta itemprop=priceCurrency content=GYD> $860.00.,True,CSV listed platform as Custom; actually PrestaShop with clean itemprop-tagged pricing.,
ssa,senegal,Sakanal,https://sakanal.sn/fr/111-epicerie,TIER_1A,low,Wave 2,spider,Generic PrestaShop spider,F_prestashop,PrestaShop,retailer_sku,supermarket,XOF,90,/fr/{id}-{slug} paginated category HTML,"GET /fr/111-epicerie -> 200, 573KB HTML, PrestaShop fingerprint confirmed. Sample prices found: '160 FCFA', '7 752 FCFA', '7 996 FCFA'.",True,"Epicerie (dry-goods) category only; three price nodes per line (TTC/cash/card) per prior research -- capture all three, not just TTC headline.",
ssa,mauritania,Supermarche Galerie TATA,http://galerietata.com/,TIER_1A,low,Wave 2,spider,Generic PrestaShop spider,F_prestashop,PrestaShop,retailer_sku,supermarket,MRU,90,PrestaShop SSR category HTML,"GET / -> 200, 241KB, PrestaShop fingerprint confirmed + real MRU prices: '0,00MRU', '170,00MRU' x2 in raw HTML.",True,Full grocery catalogue per prior research.,
ssa,madagascar,Supermarche.mg (rebrand),https://supermarche.mg/,TIER_1A,low,Wave 2,spider,Generic PrestaShop spider,F_prestashop,PrestaShop,retailer_sku,supermarket,MGA,80,PrestaShop SSR category HTML at mescourses.mg,"https://supermarche.mg/ 302-redirects to https://mescourses.mg/fr/ (HTTPS cert on the old domain doesn't match, hence a first probe returned curl error 60 -- resolved with -kL to follow the redirect). Landing page confirms PrestaShop fingerprint + real MGA prices ('300 Ar', '333 Ar', '923 Ar', '612 Ar') + class='price' / 'price_content' nodes.",True,REBRAND not in the CSV: supermarche.mg is now mescourses.mg (same investor-backed Antananarivo operator per domain continuity). Onboard under the new domain.,
ssa,senegal,Diarle,https://diarle.sn/fr/,TIER_1B,low,Wave 2,spider,Generic PrestaShop spider,F_prestashop,PrestaShop,retailer_sku,supermarket,XOF,60,PrestaShop category HTML (exact category id not resolved this pass),"GET / -> 200, 77KB, PrestaShop fingerprint confirmed. /fr/epicerie 404'd (wrong slug guess); same platform/operator pattern as Sakanal per prior research ('same parser as Sakanal') so treated as confirmed by platform analogy rather than re-derived from scratch.",True,Needs one pass to find the real category id (my /epicerie guess 404'd) before scaffolding.,
ssa,madagascar,KIBO Madagascar,https://www.kibo.mg/,TIER_2,low,Wave 2,spider,Generic PrestaShop spider,F_prestashop,PrestaShop,retailer_sku,supermarket,MGA,20,unresolved -- PrestaShop platform confirmed but real category id not found this pass,"GET / -> 200, 64KB, PrestaShop fingerprint confirmed. Guessed category id /216-epicerie -> 200 but no Ar/MGA price pattern matched either page.",True,"Cash-and-carry with drive+delivery per prior research, 1,000+ own-brand Top Budget lines -- platform is the easiest in the whole shard to scaffold once the real category tree is mapped.",
eca,bulgaria,Ogi Market,https://ogimarket.bg/,TIER_1A,low,Wave 2,spider,Generic OpenCart spider,G_opencart,OpenCart,retailer_sku,supermarket,EUR/BGN,130,"SSR product pages, SEO slugs","GET /cedeno-kiselo-mlqko-900gr -> 200, 462KB. og:title 'Cedeno kiselo mlyako - Eklekton - 10% - 900gr.' (strained yogurt), span.price-normal prices visible e.g. 0,21€ / 1,64€ / 3,05€. OpenCart-style SEO URLs, image/cache path pattern confirms OpenCart.",True,"Personal-shopper model per CSV; dairy, confectionery, cured meat categories seen.",
eca,hungary,Coop Online,https://www.coop.hu/,TIER_1B,low,Wave 2,spider,Generic OpenCart spider,G_opencart,OpenCart,retailer_sku,supermarket,HUF,70,"vasarlas.coop.hu/index.php?route=product/list, route=product/product&product_id=<id>","GET https://vasarlas.coop.hu/index.php?route=product/list&special=1 -> 200, 173KB. OpenCart URL pattern confirmed (route=product/list). 40 unique product_id links; HUF prices in raw HTML (669 Ft, 399 Ft, 599 Ft, ...).",True,Shelf-stable focus only per CSV (no fresh) -- reaches rural Hungary but the basket is not comparable to a full supermarket.,
eca,kosovo,Blejeseshkoj,https://blejeseshkoj.com/,TIER_1A,low,Wave 2,spider,Generic OpenCart spider,G_opencart,OpenCart,retailer_sku,supermarket,EUR,70,index.php?route=product/product&product_id=<id>,"GET / -> 200, 380KB. OpenCart route pattern confirmed (index.php?route=product/product&product_id=3623). Real product+price: 'Torku helva kakao-500g', price-new 2.99€ (was 3.79€).",True,"Prizren-only, 10 EUR minimum, small catalogue per CSV -- confirmed live but expect a limited SKU count.",
menaap,libya,Al Mustawda (big.ly),https://big.ly/food,TIER_1A,low,Wave 2,spider,Generic OpenCart spider,G_opencart,OpenCart,retailer_sku,supermarket,LYD,20,"/food (OpenCart category route, SSR)","curl GET https://big.ly/food -> 200, 208KB HTML. OpenCart platform (theme 'renoxa'). Dedicated /food category (h2 title 'طعام'). Product cards parse cleanly: 'باذنجان' (Eggplant) 6.00 د.ل, 'بازلاء خضراء' (Green peas) 6.00 د.ل, 'بصل أحمر جاف' (Dry red onion) 3.50 د.ل.",True,"Sample was the fresh-produce subcategory only; '20,000+ completed orders' per CSV note suggests a larger catalog behind /food's 'subcategories' menu than what I paginated. Re-probe to enumerate all food subcategories before scaffolding.",
sar,sri_lanka,Carkeells,https://carkeells.lk/en-gb/catalog/grocery,TIER_1A,low,Wave 2,spider,Generic OpenCart spider,G_opencart,OpenCart,retailer_sku,pharmacy,LKR,15,,"curl 200/21-64KB, plain OpenCart SSR HTML, `opencart` string present in body. GET /en-gb/catalog/grocery/food-products -> 200/64KB with real prices: Rs.525.00, Rs.375.00, Rs.595.00, Rs.160.00 etc (excluding a Rs.0.00 placeholder row). Confirmed as shard's own AI_NOTES suggested: a small grocery/beverages tail (2 subcategories) bolted onto a cosmetics/health/haircare-dominant OpenCart store.",True,Real but tiny (~55 SKUs total across grocery+beverages per shard notes). Low priority -- everything it carries is already covered more deeply by Glomark/OnlineKade/SPAR2U.,
lac,jamaica,CoolMarket Groceries,https://www.coolmarket.com/groceries.html,TIER_1A,low,Wave 2,spider,Generic Magento/GraphQL spider (incl. the mcprod.<domain> pattern),H_magento,Magento,retailer_sku,supermarket,JMD,170,SSR HTML Magento listing/PDP (data-price-amount attrs),"curl 200/4.04MB (Magento). data-price-amount attributes throughout: 'NESTLÉ Kit Kat 4 Bar Milk Chocolate 45g' JMD 204.00. 591 product-item-link matches on this single paginated listing page, consistent with CSV's '1,386 grocery items' claim.",True,CSV called this the best Jamaica source; confirmed — deep grocery catalog with clean Magento price markup.,
menaap,egypt,Spinneys Egypt,https://spinneys-egypt.com/,TIER_1B,low,Wave 2,spider,Generic Magento/GraphQL spider (incl. the mcprod.<domain> pattern),H_magento,Nuxt + Magento 2 (mcprod.<domain> backend pattern),retailer_sku,supermarket,EGP,165,"https://mcprod.spinneys-egypt.com/graphql (Magento GraphQL, POST, no auth)","curl homepage -> 200, Nuxt fingerprint, config.apiURL 'https://spinneys-egypt.com/graphql' (direct proxy 400s on POST body, use mcprod subdomain instead). Direct curl POST to https://mcprod.spinneys-egypt.com/graphql (search:'rice') -> 200 clean JSON: 'El Shorouk Rice - 5 Kg' EGP 163.95, 'Dayma Rice - 1K' EGP 45.25.",True,"Upper-mid chain, third confirmed 'mcprod.<retailer-domain>/graphql' Magento site in Egypt (with Hyper One, Seoudi) -- strong signal of a shared storefront vendor to check for more Egyptian retailers on this stack. Categories incl. Fruits&Vegetables(916), Meat&Poultry(135), Seafood&Fish(137), Cheese/Dairy/Eggs(1844), Bakery&Bread(460), Frozen(998).",
menaap,tunisia,Carrefour Tunisia,https://www.carrefour.tn/,TIER_1B,low,Wave 2,spider,Generic Magento/GraphQL spider (incl. the mcprod.<domain> pattern),H_magento,Magento 2,retailer_sku,supermarket,TND,165,"/graphql (Magento GraphQL, POST, no auth)","curl homepage -> 200 but tiny 8.8KB SPA shell (data-media-backend=back.carrefour.tn). Playwright network trace found same-origin GraphQL traffic at /graphql. Direct curl POST to https://www.carrefour.tn/graphql (search:'riz') -> 200 clean JSON, NO Cloudflare/Akamai block: 'Riz Djerbien' TND 19.20, 'Riz Basmati' TND 8.49. categoryList query confirms full hypermarket taxonomy.",False,"Found via local operator search, not CSV. Distinct backend/operator from Carrefour Egypt's MAF/Akamai stack -- not WAF-hardened at all. Categories: Le marché(1082, likely fresh produce/meat/fish), Épicerie Salée(1292), Épicerie Sucrée(1654), Crèmerie et Produits Laitiers(671), Surgelés(312), Boissons(335). Strongest single Tunisia source found.",
menaap,egypt,Seoudi Market,https://seoudisupermarket.com/,TIER_1B,low,Wave 2,spider,Generic Magento/GraphQL spider (incl. the mcprod.<domain> pattern),H_magento,Nuxt + Magento 2 (mcprod.<domain> backend pattern),retailer_sku,supermarket,EGP,160,"https://mcprod.seoudisupermarket.com/graphql (Magento GraphQL, POST, no auth)","curl homepage -> 200, Magento+Nuxt fingerprint. Page source contains apiURL 'https://mcprod.seoudisupermarket.com/graphql'. Direct curl POST (search:'rice') -> 200 clean JSON: 'Al Doha Beyti Rice, Easy Rice Edition - 320g' EGP 25.75, 'Rehana Rice - 1kg' EGP 40.45.",True,"Established Cairo chain. Categories incl. Fruits&Vegetables(616), Meat/Poultry/Fishery(216), Dairy/Eggs/Cheese(1385), Cold Cuts&Deli(240), Bakery(471), Frozen(1146), Hot Drinks(1093). Same vendor pattern as Hyper One -- likely a shared Egyptian Magento/Nuxt storefront agency worth checking for other Egyptian retailers.",
menaap,egypt,Hyper One,https://www.hyperone.com.eg/,TIER_1B,low,Wave 2,spider,Generic Magento/GraphQL spider (incl. the mcprod.<domain> pattern),H_magento,Nuxt + Magento 2 (mcprod.<domain> backend pattern),retailer_sku,supermarket,EGP,155,"https://mcprod.hyperone.com.eg/graphql (Magento GraphQL, POST, no auth)","Bare domain hyperone.com.eg does not resolve; www. subdomain -> 200, Nuxt SPA. window.__NUXT__.config exposes apiUrl 'https://mcprod.hyperone.com.eg/graphql'. Direct curl POST to that endpoint (search:'rice') -> 200 clean JSON: 'Top Value Luxury Egyptian Rice - 1K' EGP 26.95, 'Meeza Egyptian Rice -1K' EGP 25.95. (The site's own www.hyperone.com.eg/graphql proxy path 400s on malformed body -- use the mcprod subdomain directly.)",True,"Large Egyptian-owned hypermarket, welfare-relevant per CSV. Categories incl. Fruits&Vegetables(172), Butchery&Poultry(59), Seafood(28), Dairy/Eggs/Cheese(521), Bakery(125), Herbs&Spices(291), Pickles(37).",
menaap,egypt,Gourmet Egypt,https://gourmetegypt.com/,TIER_1B,low,Wave 2,spider,Generic Magento/GraphQL spider (incl. the mcprod.<domain> pattern),H_magento,Magento 2,retailer_sku,supermarket,EGP,150,"/graphql (Magento GraphQL, POST, no auth)","curl homepage -> 200, Magento fingerprint. REST /rest/V1/products -> 401 (needs token, expected default). GraphQL POST /graphql (search:'rice') -> 200, clean JSON: 'Kohinoor Basmati Rice' EGP 195, 'Tilda Basmati Rice' EGP 180. categoryList query confirms full-line taxonomy.",True,"Premium/imported grocer. Categories: Meat/Poultry/Seafood(380), Bakery(317), Dairy&Eggs(637), Fruits&Vegetables(362), Frozen(568), Food Cupboard(1453), Beverages(871), Desserts(296), Chips&Snacks(469), Chocolate&Sweets(796).",
ssa,kenya,Chandarana Foodplus,https://foodplus.co.ke/,TIER_1B,low,Wave 2,spider,Generic Magento/GraphQL spider (incl. the mcprod.<domain> pattern),H_magento,Magento,retailer_sku,supermarket,KES,150,"/rest/V1/products, /rest/V1/categories","The CSV's domain (chandaranafoodplus.com) is NXDOMAIN. Real domain foodplus.co.ke resolves and is Magento (not WooCommerce as CSV's platform column claims). GET /rest/V1/categories -> 200, no auth, full taxonomy incl. Fresh Fruits(146)/Fresh Vegetables(291)/Milk Butter Eggs(157)/Yoghurt(306)/Cheese(244)/Fresh Meat(102)/Deli(90), 18,205 products total. GET /rest/V1/products?searchCriteria[pageSize]=3 -> 200, 8KB JSON, sample 'C/CARE SCRUBBING BRUSH HANDLE A14' KES 165.",True,Premium/expatriate chain per CSV; deepest single-source taxonomy verified in this shard. Domain correction is the key finding -- CSV's chandaranafoodplus.com does not resolve at all.,
lac,panama,Riba Smith,https://www.ribasmith.com/,TIER_1B,low,Wave 2,spider,Generic Magento/GraphQL spider (incl. the mcprod.<domain> pattern),H_magento,Magento 2,retailer_sku,supermarket,USD,150,/graphql,"POST /graphql {products(search:""arroz"",pageSize:5){...}} -> HTTP 200 JSON. Sample: 'ARROZ PELIN ARROZ ESPECIAL 20 LBS' USD 16.48.",False,"Full-line premium PA chain; GraphQL open, no auth required for product search.",
lac,dominican_republic,Supermercados Nacional,https://www.supermercadosnacional.com/,TIER_1B,low,Wave 2,spider,Generic Magento/GraphQL spider (incl. the mcprod.<domain> pattern),H_magento,Magento 2,retailer_sku,supermarket,DOP,150,/graphql,"POST /graphql {products(search:""arroz"",pageSize:5){...}} -> HTTP 200 JSON. Sample: 'Arroz Selecto Líder 10 Lb' DOP 327.95.",False,"Full-line DR chain, GraphQL open.",
lac,curacao,Van den Tweel Supermarket,https://shopvdtcuracao.com/,TIER_1B,low,Wave 2,spider,Generic Magento/GraphQL spider (incl. the mcprod.<domain> pattern),H_magento,Magento 2,retailer_sku,supermarket,ANG,140,/graphql,"POST /graphql {products(search:""melk"",pageSize:5){...}} -> HTTP 200 JSON. Sample: 'AH Volle melk' ANG 3.29; also 'AH Magere melk' ANG 2.89, 'AH Halfvolle melk' ANG 2.89.",False,"Full-line CW chain (dairy confirmed), Albert Heijn-sourced private label suggests Dutch supply chain.",
lac,british_virgin_islands,RiteWay Food Markets,https://www.riteway.vg/,TIER_1A,low,Wave 2,spider,Generic Magento/GraphQL spider (incl. the mcprod.<domain> pattern),H_magento,Magento 2 (custom 'Roadtown' theme),retailer_sku,supermarket,USD,130,/shop-groceries.html (SSR category listing),"GET /shop-groceries.html -> HTTP 200, 1.9MB SSR HTML with real Magento product-item cards. Sample product names: 'Fresh Ground Beef', 'Pork Tenderloin', 'Extra Sharp Cheddar Bar', 'Bakerly Brioche Hot Dog Buns'. Prices in same page: $4.99, $8.99, $39.99, $24.99, $7.99 (data-price-amount attrs). GraphQL endpoint (/graphql) returns HTTP 404 via the Varnish edge — GraphQL module likely disabled — but SSR category pages carry full name+price so Tier 1A applies instead.",False,"60-year BVI chain, 9 stores, dedicated online-ordering platform ('RiteWay Online') with next-day delivery.",
lac,jamaica,Virtual Mart Jamaica,https://www.virtualmartja.com/,TIER_1A,low,Wave 2,spider,Generic Magento/GraphQL spider (incl. the mcprod.<domain> pattern),H_magento,Magento,retailer_sku,supermarket,JMD,100,SSR HTML Magento listing/PDP (data-price-amount attrs),"curl 200/225KB (Magento). data-price-amount price blocks confirmed, e.g. J$2,471.29 special-price product (id 106209). CSV notes groceries plus hardware/business-supplies categories.",True,Mixed grocery + hardware/household catalog; F&B is a subset of a broader general-merchandise store.,
ssa,cabo_verde,Nha Kretxeu,https://www.nhakretxeu.com/supermercado.html,TIER_1A,low,Wave 2,spider,Generic Magento/GraphQL spider (incl. the mcprod.<domain> pattern),H_magento,Magento,retailer_sku,supermarket,CVE,85,/supermercado.html (SSR HTML; REST API is closed),"GET /supermercado.html -> HTTP 200, 415KB SSR HTML (Magento Luma theme). Confirmed product cards: 'Melao grande (metade)' 450,00 CVE (data-product-id=4798), 'Muesli Com Frutas Emicela 750g', 'Melao pele de sapo 1 unidade'. 292 product-item blocks on this single page. Note: /rest/V1/products returns 401 (auth required) so the REST API is closed -- use the SSR category pages instead, as CSV's own 1,306-SKU claim implies.",True,"CSV's 'Best Cabo Verde source' claim confirmed structurally. Fresh produce (melons, fruit) plus packaged goods (muesli) both present in the first page alone.",
eca,spain,Mercadona (tienda.mercadona.es),https://tienda.mercadona.es/,TIER_1B,low,Wave 3,spider,One bespoke spider or fetcher per source,Z_bespoke,Custom (public JSON API),retailer_sku,supermarket,EUR,180,/api/categories/{id},"GET /api/categories/ -> 200, 17.4KB JSON, 26 top-level categories e.g. 'Aceite, especias y salsas'.",True,"Documented public API, established open-source scraper ecosystem (datania/mercadona-catalog). Market leader with dominant private label.",
lac,mexico,PROFECO Quien es Quien en los Precios (QQP),https://datos.profeco.gob.mx/datos_abiertos/qqp.php,TIER_1B,low,Wave 3,fetcher,One bespoke spider or fetcher per source,Z_bespoke,Custom gov CSV,official_avg,official_avg,MXN,180,repodatos.atdt.gob.mx/api_update/profeco/... (monthly CSV per half-month),"Discovered monthly plain-CSV mirror (not the advertised RAR) at https://repodatos.atdt.gob.mx/api_update/profeco/programa_quien_es_quien_precios_2025/10-2025_01.csv -> HTTP 200, 166MB, 528,493 rows. Columns: producto,presentacion,marca,categoria,catalogo,precio,fecha_registro,cadena_comercial,giro,nombre_comercial,direccion,estado,municipio,lat,long. Sample: 'Aceite' Botella 1L Vegetal, Bodega Aurrera, MXN 37.00, 2025-10-01. Categoria list spans Frutas Frescas, Hortalizas Frescas, Carne de Ave/Res/Cerdo, Pescados y Mariscos, Derivados de Leche, Huevo, Pan, Tortillas, Arroz, Azucar, Cafe, Te, Cerveza, Vinos y Licores, Refrescos, etc.",False,"Consumer-protection agency (PROFECO) national comparative price survey across dozens of chains (Walmart/Bodega Aurrera, Soriana, Chedraui, Comercial Mexicana, La Comer, etc.) and thousands of stores. Whole-catalog walker candidate: iterate monthly CSV links on the datos.gob.mx dataset page. Data dictionary + metadata CSVs also fetched clean (200 OK).",
eca,finland,S-kaupat (S Group),https://www.s-kaupat.fi/,TIER_1A,low,Wave 3,spider,One bespoke spider or fetcher per source,Z_bespoke,Custom (Next.js),retailer_sku,supermarket,EUR,170,SSR product cards + __NEXT_DATA__,"GET / -> 200, 516KB, __NEXT_DATA__ present. Server-rendered product cards found: data-test-id='product-card__product-price' with display-price '1,25 €' next to data-test-id='product-price__dynamic-unitPrice'.",True,Finland's most popular online grocery (S Group). Finnish-only UI.,
eca,italy,Conad,https://spesaonline.conad.it/,TIER_1A,low,Wave 3,spider,One bespoke spider or fetcher per source,Z_bespoke,Custom (Sapo-family),retailer_sku,supermarket,EUR,170,/p/<slug>--<id>,"GET / -> 200, 475KB, Sapo/Next hybrid. 15 unique real /p/<slug>--<id> product links on the homepage alone, spanning mozzarella, organic eggs, free-range eggs, water, chicken breast, carrots, toilet paper. EUR prices in SSR HTML (6,55 €, 2,49€, 5,24 €, 1,99€ ...).",True,"Largest Italian chain by share per CSV. Homepage alone already spans dairy, eggs, fresh meat, fresh produce, beverages, non-food -- strong full-line signal.",
eap,malaysia,KPDNHEP PriceCatcher (data.gov.my),https://storage.data.gov.my/pricecatcher/,TIER_1B,low,Wave 3,fetcher,One bespoke spider or fetcher per source,Z_bespoke,"Custom (static gov open-data bucket, no auth, no rate limit hit)",official_avg,,MYR,160,/pricecatcher/pricecatcher_YYYY-MM.csv + /pricecatcher/lookup_item.csv (+ presumably lookup_premise.csv),"GET https://storage.data.gov.my/pricecatcher/pricecatcher_2026-08.csv -> 200, 8.9MB CSV, 345,029 rows (date,premise_code,item_code,price) for August 2026 alone; monthly files exist back to program start (pricecatcher_YYYY-MM.csv, also daily YYYY-MM-DD variants and a *_preview.parquet). Companion GET .../lookup_item.csv -> 200, 758-row item master (item_code,item,unit,item_group,item_category). Sample: item_code=1 'AYAM BERSIH - STANDARD' unit=1kg; premise_code=2, 2026-08-01, price=MYR 11.00.",False,"KPDNHEP's official daily price-monitoring program across 500+ registered premises nationwide (wet markets, supermarkets, minimarkets, hypermarkets), 758 SKUs total. Item-group breakdown: AYAM(10, chicken), DAGING(32, meat), BAHAN LAUT(38, fresh seafood), IKAN DARAT(4, freshwater fish), IKAN DALAM TIN(11, canned fish), HASIL LAUT KERING(4, dried seafood), SAYUR-SAYURAN(40, vegetables) + BAWANG(11, onions) + UBI KENTANG(3, potato), BUAH-BUAHAN(17, fruit), BERAS(19, rice), TEPUNG(8, flour), MEE/BIHUN/KUEY TEOW(28+3+2, noodles), MINYAK DAN LEMAK(39, oils/fats), TELUR(11, eggs), SUSU BAYI(20)+KRIMER DAN SUSU TEPUNG(23, dairy/milk powder), KACANG(7, nuts/pulses), REMPAH RATUS berbungkus+tidak(30+18, spices/condiments), KICAP DAN SOS(20, sauces), GULA(4, sugar), MINUMAN(47)+TERSEDIA MINUM(25, beverages) -- roughly 600 of the 758 items are food/beverage; the remainder (toiletries, stationery, diapers) rides the same monitoring program and is excluded downstream by the food gate. True whole-catalog walker: bulk monthly file, no pagination, no auth. Malaysia currently has zero official_avg/wholesale manifest in the repo -- this closes that gap outright and is the single strongest source found this session.",
eca,malta,PaviPama,https://www.pavipama.com.mt/,TIER_1B,low,Wave 3,spider,One bespoke spider or fetcher per source,Z_bespoke,Custom,retailer_sku,supermarket,EUR,160,/api/cli/ecommerce/products/featured?p=0&store=  (also /api/cli/categories),"curl 200 (after -L to /app/), Playwright network sniff found open API https://pavipama.com.mt/api/cli/ecommerce/products/featured?p=0&store= -> plain curl with Origin/Referer headers returns HTTP 200, 32.8KB JSON, 20 products/page. Sample: 'ACQUA FRIZZANTE 500ML' price 0.25 EUR, brand CONAD. /api/cli/categories returns 23 top-level categories: CONFECTIONERY, FRUIT & VEG, DELICATESSEN, FISH, BUTCHER, FROZEN, CHILLED, BABY, PERSONAL CARE, PASTA SHOP, FOODS, CELLAR, BAKERY, BEVERAGES, PETSHOP, CLEANING, HEALTH, etc.",True,"CSV URL (pavishopping.com) was DEAD (NXDOMAIN). Correct current domain found via WebSearch: pavipama.com.mt. Genuinely full-line: fruit&veg, fish, butcher, frozen, chilled, bakery, beverages, cellar, pasta shop confirmed as real top-level categories.",
eca,armenia,Parma,https://parma.am/en/,TIER_1A,low,Wave 3,spider,One bespoke spider or fetcher per source,Z_bespoke,Custom (Next.js),retailer_sku,supermarket,AMD,160,"/en/product/shop?slug=<category>, /en/product/category?slug=<id>","GET /en/product/shop?slug=only-in-parma -> 200, 539KB HTML. Full category tree (baby-food, alcoholic-beverages, bakery, beef, basturma-sudjuk, battery...). Server-rendered dram prices in raw HTML: e.g. 233 է, 10387 է, 8514 է.",True,"Full grocery taxonomy incl. baby food, alcohol, bakery, fresh/cured meat (basturma). No login/geo wall hit.",
sar,sri_lanka,Glomark,https://glomark.lk/,TIER_1A,low,Wave 3,spider,One bespoke spider or fetcher per source,Z_bespoke,Custom PHP (ZENEDGE-fronted),retailer_sku,supermarket,LKR,160,,"curl 200/1.14MB SSR HTML on /shop-now. 102 distinct subcategory URLs (/<path>/c/<id> and /<path>/<sub>/sc/<id>) spanning bakery(bread,buns,cake,cookies,savoury,sweet), beverages(coffee,tea,water,juices,malt,soft-drinks,sport/energy), chilled(cheese,cream,curd,desserts,pasteurized-milk,ready-to-cook,spreads,yogurt), fresh(fish: fresh-water+sea; fruits: imported+local; meat: beef,lamb,mutton,pork,poultry,ready-to-cook,value-added; vegetable: exotic,low-country,up-country), frozen(ready-to-cook,ready-to-eat,processed fish/meat/veg-fruit), grocery, household, pharmaceuticals. PDP confirmed: 'Banno Basmati Biriyani Rice 500G' Rs.250 (h1 + price both present, 767KB page).",False,"Best single find of this shard -- 'Sri Lanka's first global market', a genuine full-line supermarket (fresh meat by cut, two fish types, imported+local fruit, three vegetable tiers) served entirely over plain SSR HTML with no WAF encountered. Should be the first onboarding priority for Sri Lanka.",
lac,bolivia,Hipermaxi,https://www.hipermaxi.com/,TIER_1A,low,Wave 3,spider,One bespoke spider or fetcher per source,Z_bespoke,Next.js/Custom,retailer_sku,supermarket,BOB,160,SSR HTML (no API needed),"curl 200/791KB, Next.js SSR. Prices server-rendered directly in HTML with schema-labelled blocks: 'Carne Molida de Segunda' (ground beef) Bs 40.50; 'Coca Cola Original 3 L' Bs 17.10. Full meat + beverage + grocery categories visible.",True,"Largest Bolivian supermarket chain per CSV; strongest Bolivia source, prices render server-side with no API needed.",
eca,romania,Freshful by eMAG,https://www.freshful.ro/,TIER_1A,low,Wave 3,spider,One bespoke spider or fetcher per source,Z_bespoke,Next.js,retailer_sku,supermarket,RON,150,"SSR HTML, no API needed","curl 200, 566KB SSR HTML (__NEXT_DATA__), real prices in raw HTML: '12,99 lei', '20,00 Lei', '56,99 Lei', '47,98 Lei', '23,03 Lei'",True,Matches the brief's own worked example. Fresh produce with named local-producer attribution per CSV notes.,
eca,kazakhstan,Galmart,https://galmart.kz/,TIER_1A,low,Wave 3,spider,One bespoke spider or fetcher per source,Z_bespoke,Custom,retailer_sku,supermarket,KZT,150,SSR HTML,"curl 200, 142KB, real prices in raw HTML: '2 650₸', '2 850₸', '1 456₸', '1 835₸', '2 310₸', '2 100₸'",True,Premium Astana chain with deep dairy taxonomy per CSV (mare/camel/goat milk as separate categories).,
eca,slovenia,Mercator Online,https://mercatoronline.si/,TIER_1A,low,Wave 3,spider,One bespoke spider or fetcher per source,Z_bespoke,Custom,retailer_sku,supermarket,EUR,150,SSR HTML,"curl 200, 767KB, real prices in raw HTML: '150,00 EUR', '60,00 EUR', '3,99€'",True,"18,000+ products, delivery to 99% of Slovenian addresses per CSV; PC30 (30-day-lowest, omnibus) field noted but not verified in this pass.",
eca,estonia,Prisma Estonia,https://www.prismamarket.ee/,TIER_1A,low,Wave 3,spider,One bespoke spider or fetcher per source,Z_bespoke,Next.js,retailer_sku,supermarket,EUR,150,SSR HTML / __NEXT_DATA__ JSON blob,"curl 200, 367KB, Next.js SSR (__NEXT_DATA__ valid JSON with props.pageProps), real prices in raw HTML: '1,85 €', '12,33 €', '3,28 €'",True,-,
eca,armenia,Supermarket.am,https://supermarket.am/en/,TIER_1A,low,Wave 3,spider,One bespoke spider or fetcher per source,Z_bespoke,Custom,retailer_sku,supermarket,AMD,150,/en/products/_<id>/,"GET /en/products/_723530/ -> 200, 399KB. PDP h1 'Pasta Zara No. 50 500g', span.priceValue = '710 dr'. Category tree via /en/products/_<id>/ product links visible on homepage.",True,Weight-based items sliced to order per CSV note; PDP price rendered server-side.,
eca,bulgaria,T Market Online,https://tmarketonline.bg/,TIER_1A,low,Wave 3,spider,One bespoke spider or fetcher per source,Z_bespoke,Custom,retailer_sku,supermarket,BGN/EUR,150,SSR product pages,"GET /product/avokado-izrael -> h1 'Avokado, br.' (avocado), price '1,39 lv' / '0,71 EUR'. Real /product/<slug> and /category/<slug> links throughout homepage.",True,"Maxima-group chain; CSV flags unusually good fresh + LOCAL Bulgarian lines (rose tomatoes, Madzharov cheese, banitsa sheets).",
eca,finland,Prisma,https://www.prisma.fi/,TIER_1A,low,Wave 3,spider,One bespoke spider or fetcher per source,Z_bespoke,Custom (Next.js),retailer_sku,supermarket,EUR,150,SSR + __NEXT_DATA__,"GET / -> 200, 1.04MB, __NEXT_DATA__ present, real EUR prices rendered server-side (e.g. '5 439,15 €' owner-price banner item). Same S-Group family as s-kaupat.fi. Grocery category page not separately fetched this round.",True,"Homepage sample was a big-ticket appliance, not F&B -- grocery category page needs a follow-up fetch to confirm F&B depth directly, but platform/SSR confirmed working.",
eca,iceland,Kronan,https://www.kronan.is/,TIER_1B,low,Wave 3,spider,One bespoke spider or fetcher per source,Z_bespoke,Custom,retailer_sku,supermarket,ISK,150,SSR embedded JSON at /vara/<slug>,"GET / -> 200, 479KB. Embedded product JSON in SSR HTML: {""slug"":""100273243-isey-skyr-solmyrkvi"",...,""categoryTag"":""05-05-01-skyr"",...,""discountedPrice"":330,""priceInfo"":""170 gr. - 1.941 kr. / kg""} (Isey skyr yoghurt, 330 kr). Also saw Red Bull, Floridana juice, /vara/<id-slug> product links throughout.",True,Internal category codes (e.g. 05-05-01-skyr) look pre-classified -- useful mapping hint. ISK has no minor units so price values are literal kr.,
eca,croatia,Plodine,https://www.plodine.hr/,TIER_1A,low,Wave 3,spider,One bespoke spider or fetcher per source,Z_bespoke,Next.js,retailer_sku,supermarket,EUR,150,SSR homepage/category HTML,"GET -> 200, 86KB SSR (Next.js). Sample: h2 'Svježi black Angus steak' near 9,49€; also 4,49€, 12,99€ visible.",True,"National chain, carried by all 4 Croatian aggregators for cross-validation.",
eca,croatia,Kaufland Croatia,https://www.kaufland.hr/,TIER_1A,low,Wave 3,spider,One bespoke spider or fetcher per source,Z_bespoke,Vue/Next hybrid,retailer_sku,supermarket,EUR,150,SSR homepage/category HTML,"GET -> 200, 208KB SSR (Vue+Next). Direct price '1,44€' repeated in homepage HTML. Also found a published 'Popis maloprodajnih cijena' (retail price list) page at /akcije-novosti/popis-mpc.html (200, 114KB) but it is an explanatory HTML page, not a raw CSV/XML download.",True,"Overturns shard's D-tier 'SUSPECT' prediction -- plain curl works cleanly, no WAF encountered.",
eca,moldova,Linella.md,https://linella.md/,TIER_1A,low,Wave 3,spider,One bespoke spider or fetcher per source,Z_bespoke,Custom,retailer_sku,supermarket,MDL,150,SSR category HTML (/ro/catalog),"GET -> 200, 864KB SSR. class='price-products-catalog-content__main 10.59 9.49' style list/discount pairs directly in listing HTML.",True,"206 stores, 14,500+ products per shard; list+promo price pairs and per-0.5kg fresh pricing.",
eca,portugal,Pingo Doce / Mercadao,https://www.mercadao.pt/store/pingo-doce,TIER_1A,low,Wave 3,spider,One bespoke spider or fetcher per source,Z_bespoke,Custom (Mercadao),retailer_sku,marketplace,EUR,150,SSR store HTML,"GET -> 200, 652KB SSR. Direct prices '7,37€' / '2,09€' / '12,93€' in HTML.",True,"Pingo Doce's online catalogue runs through the Mercadao platform, distinct from the pingodoce.pt service pages.",
eca,spain,ahorrapasta.com,https://www.ahorrapasta.com/,TIER_1A,low,Wave 3,spider,One bespoke spider or fetcher per source,Z_bespoke,Custom,retailer_sku,aggregator,EUR,150,SSR listing HTML,"GET -> 200, 166KB SSR. Direct prices '1.51€' / '1.55€' in HTML.",True,"49,036 prices daily across 37,438 products per shard; Alimentacion category alone has 19,824 items.",
sar,pakistan,Metro Online (METRO Pakistan),https://www.metro-online.pk/,TIER_1B,low,Wave 3,spider,One bespoke spider or fetcher per source,Z_bespoke,Custom (Xcentric-backend Node.js),retailer_sku,supermarket,PKR,150,admin.metro-online.pk/api/read/Products?filter=tier2Id&filterValue={categoryId}&storeId=10,"admin.metro-online.pk/api/read/Categories?&filter=storeId&filterValue=10 -> HTTP 200, 597KB JSON, 236 categories, 183 tagged category_assortment_type='Food' (Fresh Fruits, Fresh Food, Dairy/Milk, Bakery/Breads, Rice, Cooking Essentials/Flour, Sauces and Seasonings, Desserts, Snacks, Beverages, Tea and Coffee, etc). Per-category product pull confirmed: admin.metro-online.pk/api/read/Products?filter=tier2Id&filterValue=8353&storeId=10 (Milk) -> HTTP 200, 293KB, 136 products. Sample: 'Nurpur UHT Milk 1.5 LTR' PKR 345, 'Sundar Khani Grapes Per 250GM' PKR 125 (sale_price). No auth, no WAF, plain curl.",False,"The single best find of this entire probe -- Pakistan had zero manifests before this. Metro is a full hypermarket format (fresh produce + dairy + bakery + rice/grains + sauces + snacks + beverages), whole-catalog walkable by iterating the 183 Food tier2Id category ids from the Categories endpoint. Onboard first for Pakistan.",
eca,serbia,DIS,https://www.dis.rs/,TIER_1A,low,Wave 3,spider,One bespoke spider or fetcher per source,Z_bespoke,Next.js,retailer_sku,supermarket,RSD,140,SSR HTML,"curl 200, Next.js SSR (data-nimg image markers). Confirmed real product + price pair in raw HTML: 'Kruska sveza kg' (fresh pear/kg) was-price 109.99, current price 99.99. Nav also shows real product names: 'Dis bela kobasica kg' (sausage), 'Dobro dimljeni sir kg' (smoked cheese), 'Juneci but bk kg' (beef leg), 'Krompir crveni mladi kg' (potato), 'Kukuruz secerac kom' (corn), 'Paprika babura kg' (bell pepper)",True,Weekly dated promo window with strike-through originals across fresh meat/produce/dairy/bakery per CSV; also runs a B2B portal.,
eca,georgia,Europroduct,https://europroduct.ge/,TIER_1A,low,Wave 3,spider,One bespoke spider or fetcher per source,Z_bespoke,Custom,retailer_sku,supermarket,GEL,140,/products?pcat_idIn=<id>,"GET /products?pcat_idIn=126 -> 200, 91KB. Product card: h2.product-name 'kurkuma (50g)' (turmeric), span.product-price '3,15 €' (GEL displayed with ₴ symbol on other cards e.g. '9,40 ₺', '5,95 ₺'). SSR category pages with real product/price pairs.",True,5K+ items per CSV; also on Wolt/Glovo but own site works directly.,
eca,kyrgyz_republic,Globus Online,https://globus-online.kg/,TIER_1A,low,Wave 3,spider,One bespoke spider or fetcher per source,Z_bespoke,Custom,retailer_sku,supermarket,KGS,140,/ru-kg/catalog/grocery/category/<hash>,"GET / -> 200, 366KB. Full grocery category tree with real category IDs (/ru-kg/catalog/grocery/category/<hash>), som prices in raw HTML (79,28 сом, 235,47 сом).",True,"Major national chain, 10-minute delivery per CSV. Only fully-confirmed retailer_sku source for Kyrgyz Republic this round -- see 'discovered' for net-new candidates that did not pan out.",
eca,croatia,Studenac,https://www.studenac.hr/,TIER_1A,low,Wave 3,spider,One bespoke spider or fetcher per source,Z_bespoke,Next.js,retailer_sku,supermarket,EUR,140,SSR homepage/category HTML,"GET -> 200, 59KB SSR (Next.js). Samples: 'Instant kava', 'Mlijeko trajno', 'Tjestenina penne rigate' with prices 3,59€ / 4,99€ / 6,49€.",True,"Overturns shard's D-tier 'SUSPECT' prediction -- plain curl works. Largest store count in Croatia, good for spatial coverage.",
eca,czech_republic,Billa CZ,https://www.billa.cz/,TIER_1A,low,Wave 3,spider,One bespoke spider or fetcher per source,Z_bespoke,Nuxt/React hybrid,retailer_sku,supermarket,CZK,140,SSR category HTML,"GET -> 200, 1.1MB SSR (Nuxt/React hybrid). Direct prices '99,50 Kč' / '19,90 Kč' / '59,50 Kč' in product-price DOM near data-test='product-price-type-value'.",True,"Overturns shard's D-tier 'SUSPECT' prediction -- plain curl works, no WAF encountered.",
eca,poland,Frisco.pl,https://www.frisco.pl/,TIER_1A,low,Wave 3,spider,One bespoke spider or fetcher per source,Z_bespoke,Custom,retailer_sku,supermarket,PLN,140,SSR category HTML,"GET -> 200, 1.24MB SSR. Direct prices '51,16 zł' / '5,29 zł' / '12,79 zł' in HTML.",True,"Per shard, confirms EU Omnibus Art.6a ('cena przed obniżką') plus per-kg unit price and purchase-limit flags -- capture all three.",
eca,slovak_republic,Billa SK,https://www.billa.sk/,TIER_1A,low,Wave 3,spider,One bespoke spider or fetcher per source,Z_bespoke,Nuxt/React hybrid,retailer_sku,supermarket,EUR,140,SSR homepage/category HTML,"GET -> 200, 593KB SSR (Nuxt/React hybrid). Direct prices '0,01€' / '15,99€' in HTML.",True,"Overturns shard's D-tier 'SUSPECT' prediction -- plain curl works, no WAF encountered. Same platform family as Billa CZ.",
eca,spain,Dia,https://www.dia.es/,TIER_1A,low,Wave 3,spider,One bespoke spider or fetcher per source,Z_bespoke,Custom,retailer_sku,supermarket,EUR,140,SSR homepage/category HTML,"GET -> 200, 218KB SSR. Direct price '4,99€' in HTML.",True,Discounter; independent tracking finds DIA wins most head-to-heads vs Mercadona/Carrefour per shard.,
eca,spain,Ulabox,https://www.ulabox.com/,TIER_1B,low,Wave 3,spider,One bespoke spider or fetcher per source,Z_bespoke,Next.js,retailer_sku,supermarket,EUR,140,page-embedded JSON (Next.js hydration),"GET -> 200, 347KB. Embedded JSON 'price':9.95 and 'price':12.45 in page source.",True,"Bespoke storefront, prices present in initial page payload.",
sar,maldives,WHIM,https://whim.com.mv/,TIER_1A,low,Wave 3,spider,One bespoke spider or fetcher per source,Z_bespoke,Custom (not yet fingerprinted beyond SSR HTML),retailer_sku,supermarket,MVR,140,,"GET /shop -> 200, 192KB SSR HTML. ~55 category links found: dairy/eggs/milk (butter, cheese, milk, yogurt), drinks (chocolate-malted, coffee, cordials, juices, non-alcoholic, soft drinks, tea incl. flower/herbal, water), fresh-fruits-vegetables, frozen (food, meat, seafood, vegetables, ice-cream), chilled-ham-sausage, maldivian-smoked-dried-fish-related-products, pantry (baking, breads incl. flatbread/wraps, breakfast/cereals, canned foods/fruits, coconut products, condiments incl. Maldivian condiments and pickles/chutney, dried fruit, herbs/legumes/spices, jam/spreads/honey, noodles, oils/vinegar, pasta, rice/multigrains/quinoa, sauces, snacks, sugar/syrups), vegan, baby food.",False,"This is the already-onboarded 'whim_mv' spider (manifest lists it as channel: supermarket on Odoo, PDPs at /shop/<slug>-<id>) -- re-verified category breadth here since it anchors the whole Maldives estimate. Genuinely the closest thing to a full-line supermarket found for Maldives: strong pantry/dairy/drinks/frozen breadth including a Maldivian-specific dried/smoked fish line, but NO fresh meat and NO fresh fish category (only frozen meat/seafood + chilled ham/sausage) -- matches the island-import-dependent profile the brief predicted.",
ssa,zimbabwe,SPAR Zimbabwe,https://www.spar.co.zw/products,TIER_1A,low,Wave 3,spider,One bespoke spider or fetcher per source,Z_bespoke,Custom (ASP.NET WebForms + AngularJS),retailer_sku,supermarket,USD,140,"SSR HTML listing at /products (paginated/searchable via query string, not yet mapped)","GET /products -> 200, 134KB. Real ASP.NET+AngularJS-enhanced SSR product listing: 'MAZOE ORANGE CRUSH ORIGINAL 2L' -> USD$4.00, 'RAHA COOKING OIL 2L' visible with product-links markup, canonical /products/{id}/{slug} PDP URLs.",True,"USD staples (maize meal, cooking oil, sugar) confirmed live and dollarised per prior research; full SPAR chain.",
eca,romania,MegaMarket.ro,https://www.megamarket.ro/,TIER_1A,low,Wave 3,spider,One bespoke spider or fetcher per source,Z_bespoke,Custom,retailer_sku,supermarket,RON,130,SSR HTML,"curl 200, 148KB, real prices in raw HTML: '8,09 lei', '0,81 lei', '13,49 lei', '33,94 lei', '3,57 lei'",True,"CSV notes per-category item counts (conserve 278, paste 53) as a completeness check.",
eca,austria,MPreis,https://www.mpreis.at/,TIER_1A,low,Wave 3,spider,One bespoke spider or fetcher per source,Z_bespoke,Custom + Algolia,retailer_sku,supermarket,EUR,130,SSR HTML (Algolia search key not yet extracted),"curl 200, 640KB, Algolia detected, real prices in raw HTML: '0,78 €', '1,57 €', '1,56 €', '3,99 €', '5,99 €', '12,09 €'",False,"Net-new discovery (not in CSV shard) - Austria's 3 CSV rows all failed probing, this fills the gap. Tyrol-based regional chain, ~150 stores nationwide-adjacent.",
eca,iceland,Heimkaup,https://www.heimkaup.is/,TIER_1B,low,Wave 3,spider,One bespoke spider or fetcher per source,Z_bespoke,Custom,retailer_sku,supermarket,ISK,130,SSR embedded JSON at /p/<slug>-<id>,"GET / -> 200, 379KB. 49 unique /p/<slug>-<id> product links (beer, soft drinks, wine, ice cream). Embedded JSON for Pepsi Max 12x330ml: ""price"":129900,""commodityGroup"":{""name"":""GROCERY""}.",True,"MINOR-UNIT TRAP: price field is in hundredths (129900 -> 1,299.00 kr for a 12-pack), not literal ISK like Kronan. Verify against rendered page before trusting raw field.",
eca,kosovo,Maxi E-Shop,https://maxiks.shop/,TIER_1A,low,Wave 3,spider,One bespoke spider or fetcher per source,Z_bespoke,Custom,retailer_sku,supermarket,EUR,130,/product/<slug>,"GET / -> 200, 390KB. Real product card: h3.product-title 'Faculet e lagur Fresh x 52cope' (wet wipes), h4.product-price '1.79€'. Full supermarket taxonomy visible in nav (Ushqimore=grocery, Bulmet=dairy, Pije=drinks, Fruta & Perime=fruit&veg, Pjekurina=bakery).",True,18 Prishtina outlets per CSV; EUR is Kosovo's domestic currency so this passes the currency-authenticity check cleanly.,
eca,latvia,Elvi.lv,https://www.elvi.lv/,TIER_1A,low,Wave 3,spider,One bespoke spider or fetcher per source,Z_bespoke,Custom,retailer_sku,supermarket,EUR,130,SSR homepage/category HTML,"GET -> 200, 73KB SSR. Direct prices 0.89€ / 2.58€ / 2.86€ in homepage HTML.",True,"National chain, bespoke storefront, prices render server-side.",
eca,latvia,Top! Veikali (toppartika.lv),https://www.toppartika.lv/,TIER_1A,low,Wave 3,spider,One bespoke spider or fetcher per source,Z_bespoke,Custom,retailer_sku,supermarket,EUR,130,SSR homepage/category HTML,"GET -> 200, 4.08MB SSR. Direct prices 1.47€ / 1.59€ / 1.98€ in homepage HTML.",True,Very large homepage payload (4MB) -- likely already lists most/all categories server-side.,
eca,moldova,Mega Alina,https://www.megaalina.md/,TIER_1A,low,Wave 3,spider,One bespoke spider or fetcher per source,Z_bespoke,Custom,retailer_sku,supermarket,MDL,130,SSR category HTML (/ro/catalog/...),"GET -> 200, 673KB SSR. Direct catalog prices '5.99 MDL' / '4.99 MDL' repeated in listing HTML.",True,"Strike-through discount pairs across food, dairy, juice, household.",
eca,spain,Cartio,https://cartio.es/landing/,TIER_1A,low,Wave 3,spider,One bespoke spider or fetcher per source,Z_bespoke,Custom,retailer_sku,aggregator,EUR,130,SSR landing HTML,"GET -> 200, 120KB SSR. Direct prices '6,99€' / '0,31€' / '1,95€' in HTML.",True,Basket-level comparison across Mercadona/Carrefour/Lidl/Alcampo; shard notes an account requirement but the landing page itself rendered prices without one.,
ssa,benin,NolMarket,https://nolmarket.com/,TIER_1B,low,Wave 3,spider,One bespoke spider or fetcher per source,Z_bespoke,Custom (Laravel + React),retailer_sku,supermarket,XOF,130,/api/products (paginate ?page=N),"React SPA (CRA, div#root) with a fully open Laravel JSON API. GET https://nolmarket.com/api/products -> 200, paginated (24/page, 121 total_pages, 2,887 total products), no auth needed. Sample: 'Patee au boeuf PRIX MINI' 700 FCFA (Animalerie). Sampled pages 1,5,10,20,40,60,80,100,120 -> categories span Animalerie, Boissons (Biere, Champagnes, Cidre, Jus de fruits, Spiritueux, Vins), Epicerie (Conserves-plats cuisines, Petit Dejeuner, Produits de base), Produits Frais (Fromages-Charcuterie-Beurre, Fruits secs et frais, Pains-Viennoiseries, Viandes-Poissons-Crustasses-Oeufs, Yaourt/Creme fraiche), Produits Locaux (Amuse gueule, Boissons locales, Epices/Huile locale, Graine/Legume sec, Poudre/Farine/Bouillie, Produits cosmetiques, The/Cafe/Miel/Confiture).",True,Best single retail source found across all 8 countries this pass -- genuinely full-line (fresh + meat/fish/eggs + dairy + bakery + local staples) with a dedicated 'Produits Locaux' section that carries exactly the local-grain/flour/oil forms that block chain supermarkets do not.,
eca,romania,VivoMarket.ro,https://www.vivomarket.ro/,TIER_1A,low,Wave 3,spider,One bespoke spider or fetcher per source,Z_bespoke,Custom,retailer_sku,supermarket,RON,120,SSR HTML,"curl 200, 1.9MB, real prices in raw HTML: '51,82 Lei', '28,90 Lei', '21,60 Lei', '26,21 Lei', '13,18 Lei'",True,Carries both retail and HoReCa lines per CSV; tag channel separately.,
eca,kazakhstan,GroceryKZ,https://grocerykz.com/,TIER_1A,low,Wave 3,spider,One bespoke spider or fetcher per source,Z_bespoke,Custom,retailer_sku,supermarket,KZT,120,SSR HTML,"curl 200, 164KB, real prices in raw HTML: '3 750 KZT', '4 650 KZT', '2 450 KZT', '2 250 KZT', '16 900 KZT'",True,"English interface per CSV, per-piece pricing with stock flags.",
eca,tajikistan,Magnit.tj,https://magnit.tj/,TIER_1A,low,Wave 3,spider,One bespoke spider or fetcher per source,Z_bespoke,Custom,retailer_sku,supermarket,TJS,120,/category?id=<n>,"GET / -> 200, 417KB. Real category tree (/category?id=<n>) with TJS prices in raw HTML (24.50 сом, 39.90 сом, 2.35c.).",True,"Dushanbe online supermarket, free home delivery per CSV.",
eca,azerbaijan,FreshMart.az,https://freshmart.az/en-gb/,TIER_1A,low,Wave 3,spider,One bespoke spider or fetcher per source,Z_bespoke,Custom,retailer_sku,supermarket,AZN,120,/en-gb/product/{slug},"GET /en-gb/product/banan-kq-1000 -> 200, 48.9KB. h1='BANAN KQ', price 3.39₼ (list 3.49₼ struck through).",True,"SSR HTML, produce+meat+dairy+bakery per shard note.",
ssa,madagascar,Leader Price Madagascar,https://www.leaderprice.mg/,TIER_1A,low,Wave 3,spider,One bespoke spider or fetcher per source,Z_bespoke,Custom,retailer_sku,supermarket,MGA,120,SSR HTML,"GET / -> 200, 50KB. One confirmed price on the homepage: '50.000Ar'. Did not crawl category pages to verify the claimed ~4,000-reference breadth directly this pass.",True,"9-store drive-to-store chain, MVola payment, per prior research 'first drive in Madagascar' -- kept below the claimed max because only a homepage price point was independently verified, not a category audit.",
eca,tajikistan,Paykar Shop,https://paykar.shop/catalog/,TIER_1A,low,Wave 3,spider,One bespoke spider or fetcher per source,Z_bespoke,Custom,retailer_sku,supermarket,TJS,100,/catalog/<category-path>/<id>/,"GET /catalog/bakaleya/gotovye_zavtraki_kashi_khlopya/137220/ -> 200. h1#pagetitle 'Hlopya ovsyanye RP 500g Gerkules monastyrskiy' (rolled oats), prices visible nearby (63c. = 63 TJS). Full catalogue tree with per-category item counts per CSV.",True,"Category names sampled this round (bakaleya=groceries, gotovye_zavtraki=breakfast cereals) skew packaged/dry-goods; fresh produce/meat depth not directly confirmed.",
eca,portugal,Lidl Portugal,https://www.lidl.pt/,TIER_1A,low,Wave 3,spider,One bespoke spider or fetcher per source,Z_bespoke,Custom,retailer_sku,supermarket,EUR,100,SSR homepage/category HTML,"GET -> 200, 296KB SSR. Direct prices '4,89€' / '2,69€' / '1,99€' in HTML.",True,Overturns shard's SUSPECT/leaflet-led prediction for this instance -- plain curl returns real per-SKU prices.,
eca,romania,HomeMarket.ro,https://www.homemarket.ro/,TIER_1A,low,Wave 3,spider,One bespoke spider or fetcher per source,Z_bespoke,Custom,retailer_sku,supermarket,RON,90,SSR HTML,"curl 200, 43KB, real prices in raw HTML: '23.05 Lei', '55.89 Lei', '15.98 Lei', '18.41 Lei', '9.03 Lei'",True,"14,000+ products food and non-food, Bucharest area.",
eca,romania,Selgros (wholesale),https://www.selgros.ro/,TIER_1A,low,Wave 3,fetcher,One bespoke spider or fetcher per source,Z_bespoke,Custom,wholesale_avg,wholesale,RON,90,SSR HTML,"curl 200, 314KB, real prices in raw HTML: '0,50 lei', '26,98 lei', '69,99 lei'",True,"Cash-and-carry, reports to Monitorul Preturilor; wholesale-retail spread possible vs. other RO sources.",
eca,lithuania,Norfa,https://www.norfa.lt/,TIER_1A,low,Wave 3,spider,One bespoke spider or fetcher per source,Z_bespoke,Custom,retailer_sku,supermarket,EUR,90,SSR HTML,"curl 200, 110KB, real prices in raw HTML: '0.41 €', '1.99 €', '3.99 €', '5.99 €', '9.99 €'",True,"Lithuanian-owned discounter per CSV - moderate depth expected, less fresh-produce emphasis than a hypermarket.",
eca,croatia,CroCart,https://www.cro-cart.hr/cijene,TIER_1A,low,Wave 3,spider,One bespoke spider or fetcher per source,Z_bespoke,Next.js,retailer_sku,aggregator,EUR,90,/cijene/{item-slug},"GET /cijene/mlijeko -> 200, 56KB SSR HTML. Cross-retailer milk prices visible: 0,85€ / 0,93€ / 2,39€ / 6,59€ tagged to Lidl(16)/Kaufland(12)/Spar(22)/Plodine(20)/Eurospin(14) counts. Page text confirms: 'CroCart svaki dan preuzima službene cjenike svih 5 trgovačkih lanaca' (downloads official price lists of all 5 chains daily).",True,"STRUCTURAL LEAD CONFIRMED: aggregator ingests official daily price-list files (cjenici) from Lidl/Kaufland/Spar/Plodine/Eurospin -- effectively unlocks all 5 chains' prices without touching their individual WAFs. Only ~23 named commodity pages found (banane,brasno,cokolada,...,vrhnje) so narrow but very high-fidelity cross-retailer panel. Did not locate the raw official cjenik files themselves in the time budget -- worth a follow-up dedicated to that per shard's P8-EU note.",
eca,poland,Żabka Jush,https://www.zabka.pl/,TIER_1A,low,Wave 3,spider,One bespoke spider or fetcher per source,Z_bespoke,Custom,retailer_sku,convenience,PLN,90,SSR homepage/category HTML,"GET -> 200, 614KB SSR. Direct prices '76,85 zł' / '70,22 zł' / '45,36 zł' in HTML.",True,Convenience format -- systematically narrower and pricier than hypermarket assortment; do not pool with Biedronka/Frisco.,
ssa,senegal,Yombouna,https://yombouna.sn/,TIER_1B,low,Wave 3,spider,One bespoke spider or fetcher per source,Z_bespoke,Supabase (SvelteKit frontend),retailer_sku,supermarket,XOF,90,"https://obyteclxfidycfrqklbz.supabase.co/rest/v1/products (PostgREST, no auth beyond the public anon key already shipped in the page bundle)","Homepage is a SvelteKit SPA shell exposing PUBLIC_SUPABASE_URL + anon key in inline JS. Queried the exposed PostgREST API directly: GET https://obyteclxfidycfrqklbz.supabase.co/rest/v1/products?select=* -> 200, 1,677 total rows (Content-Range header). Sample: 'farine de manioc 500G' price=1500 category='Produits Locaux'; 'allumette pack de 3 moyen' price=250. Categories present: Accessoire Cuisine, Boulangerie et Patisserie, Bebe, Cosmetique, Drogerie & Entretien maison, Epicerie Salee-Cuisine, Epicerie Sucree, Produits Frais, Produits Locaux.",True,"UPGRADE over the CSV's WooCommerce guess (which was wrong -- WooCommerce Store API 404s). Real backend is a wide-open Supabase PostgREST table, cheaper than any WooCommerce spider would have been. 'Produits Frais' + 'Produits Locaux' categories exist alongside packaged epicerie, giving this the broadest single-source category spread found in Senegal this pass.",
ssa,madagascar,Bazariko.mg,https://bazariko.mg/,TIER_1A,low,Wave 3,spider,One bespoke spider or fetcher per source,Z_bespoke,Custom,retailer_sku,supermarket,MGA,90,SSR HTML,"GET / -> 200, 90KB. Real Ar prices: 'Ar 6 000', 'Ar 5 000', 'Ar 12 000' with strike-through promo pattern per prior research.",True,"24/7 online grocery, full supermarket taxonomy per prior research.",
eca,germany,Edeka24,https://www.edeka24.de/,TIER_1A,low,Wave 3,spider,One bespoke spider or fetcher per source,Z_bespoke,Custom,retailer_sku,supermarket,EUR,70,SSR HTML,"curl 200, 1.45MB, real prices in raw HTML: '10,49 €', '20,98 €', '20,99 €', '2,49 €', '16,60 €'",True,Shelf-stable only per CSV (no fresh produce/meat/dairy) - reaches pantry/packaged/bakery/some frozen but NOT the fresh-food leaves; nationwide shipping.,
eca,france,La Fourche,https://lafourche.fr/,TIER_1A,low,Wave 3,spider,One bespoke spider or fetcher per source,Z_bespoke,Next.js + GraphQL + Algolia,retailer_sku,supermarket,EUR,70,SSR HTML,"curl 200, 1.8MB, GraphQL+Next.js+Algolia+Shopify signals present, real prices in raw HTML: '2,40 €', '2,11 €', '4,06 €', '2,15 €', '7,98 €', '4,04 €'",True,"Organic membership model per CSV - narrower assortment than a full hypermarket, membership fee affects effective price.",
ssa,ethiopia,Deliver Addis - Market,https://deliveraddis.com/market,TIER_1A,low,Wave 3,spider,One bespoke spider or fetcher per source,Z_bespoke,Custom,retailer_sku,supermarket,ETB,70,SSR HTML listing,"GET /market -> 200, 47KB HTML. Real ETB prices in raw HTML: '550.00 ETB', '1,200.00 ETB', '590.00 ETB'.",True,Delivery-app catalog; homepage sample didn't reveal a full aisle taxonomy so kept the estimate conservative (packaged-goods-leaning) versus a full hypermarket.,
ssa,tanzania,Fast & Fresh,https://www.fastandfresh.co.tz/,TIER_1A,low,Wave 3,spider,One bespoke spider or fetcher per source,Z_bespoke,Custom,retailer_sku,supermarket,TZS,70,SSR HTML,"GET / -> 200, 53KB. Real TZS prices: 'TZS 2,500.00', 'TZS 10,000.00' x2 in raw HTML.",True,Per-kg/per-tray pricing on rice/eggs/beef per prior research -- explicit-unit fresh-produce/meat depth is above-average for a delivery-style operator.,
eca,slovenia,Lidl Slovenia,https://www.lidl.si/,TIER_1A,low,Wave 3,spider,One bespoke spider or fetcher per source,Z_bespoke,Nuxt,retailer_sku,supermarket,EUR,60,SSR/Nuxt HTML,"curl 200, 331KB, Nuxt detected, real price found in raw HTML: '22,99 €'",True,"Better than the CSV's SUSPECT/D-tier label suggests - not blocked, one real price confirmed. Discounter, promo-led per CSV.",
eca,switzerland,Lidl Schweiz,https://www.lidl.ch/,TIER_1A,low,Wave 3,spider,One bespoke spider or fetcher per source,Z_bespoke,Nuxt,retailer_sku,supermarket,CHF,60,SSR/Nuxt HTML,"curl 200, 519KB, Nuxt detected, real prices in raw HTML: 'CHF 11.99', 'CHF 5.58', 'CHF 34.90', 'CHF 39.90'",True,"Better than CSV's SUSPECT/D-tier label - not blocked, real prices confirmed. Discounter, no fresh-produce/butcher counter typical of full-line.",
ssa,malawi,DoorShoppin,https://doorshoppin.com/Doorshoppin/category.php?cat_id=Groceries,TIER_1A,low,Wave 3,spider,One bespoke spider or fetcher per source,Z_bespoke,Custom/PHP,retailer_sku,supermarket,MWK,55,"category.php (SSR PHP; index.php homepage is broken -- 'Catalog unavailable', hit the category URL directly)","GET category.php?cat_id=Groceries -> 200, 808KB. Real MK prices with class='price': 'MK10,899', 'MK4,499', 'MK6,799', 'MK17,999', 'MK19,999'. 501 grocery products confirmed per prior research.",True,501 SKUs in a single grocery category -- solid mid-size packaged-goods depth.,
sar,sri_lanka,DCS Sri Lanka -- Weekly Retail Prices,https://www.statistics.gov.lk/DashBoard/Prices/,TIER_1B,low,Wave 3,fetcher,One bespoke spider or fetcher per source,Z_bespoke,"Custom (embedded JS data file, no auth)",official_avg,official_avg,LKR,50,/DashBoard/Prices/Prices_Data.php,"GET /DashBoard/Prices/Prices_Data.php -> 200, 1.85MB. Body is a raw JS data file (`var pip=[...]` and `var prices=[...]`) with 122 named products across 23 categories: Low Country Vegetables(15), Spices(14), Rice(14), Up Country Vegetables(9), Leaves(8), Pulses and Flour(8), Sea Fish Large(8), Milk Powder(7), Meat and Poultry(5), Fruits(5), Coconut(4), Sea Fish Small(4), Betel Leaves(3), Arecanuts(3), Dried Fish(3), Eggs(3), Potatoes(2), Big/Red Onions(3), Oils and Fats(1), Sugar(1), Canned Fish(1), Bakery Goods(1). Covers Weekly/Monthly/Yearly retail price series collected across 14 markets in the Colombo district (Pettah, Dematagoda, Nugegoda, etc, per the dashboard's own methodology note).",False,"Government of Sri Lanka Department of Census & Statistics official weekly retail price series -- absolute prices (not an index), no auth, single 1.85MB fetch gets the whole product+price history. Estimate is conservative: 122 named products collapse to fewer distinct COICOP leaves (multiple rice/onion/fish grades share a leaf) and some rows (betel leaves, arecanuts) sit outside the 279-leaf F&B taxonomy. Reaches leaf-level granularity the supermarkets structurally can't (specific leafy-green varieties, fish-size classes, up-country vs low-country vegetable splits).",
ssa,sudan,HyperSale,https://www.hypersale.sd/,TIER_1A,low,Wave 3,spider,One bespoke spider or fetcher per source,Z_bespoke,Custom (Laravel),retailer_sku,supermarket,SDG,45,/category/hypersale-super-market,"GET /category/hypersale-super-market -> HTTP 200, 430KB SSR HTML with real product links + prices. Samples: 'Al Hamwi Coffee Classic Cardamom 180gm' 24.000 SDG, 'Frozina Pomme Frite Potatoes 25gm' 23.000 SDG, 'Karim Coconut Milk 400ml' 7.500 SDG, 'Lotus Biscoff Original 250gm' price present, 'Frozen Strawberry 1kg' present.",True,"GOTCHA: prices render as '24.000SDG' -- verify whether '.' is a thousands separator (SDG 24,000) or a decimal point before scaffolding; eyeball against a known SDG price level. Dedicated grocery vertical confirmed distinct from the general marketplace (electronics/fashion/beauty also on this domain).",
ssa,guinea,Beryz,https://www.beryz.com/fr/alimentation,TIER_1A,low,Wave 3,spider,One bespoke spider or fetcher per source,Z_bespoke,Custom,retailer_sku,supermarket,GNF,40,,"curl -> HTTP 200, 104.5KB SSR HTML. Confirmed product card: 'Huile de palme rouge' -- 'Fatou Camara -- Conakry' -- '8 000 GNF/litre', tagged category 'Huiles'.",True,Confirms CSV's 'STRONG' rating and dual retail/wholesale pricing claim structurally (though the sampled card shows only one price point). Per-vendor + per-region (Conakry/Labe/Kindia/Boke) tagging is unusually valuable for spatial analysis.,
sar,nepal,Kalimati Fruits and Vegetable Market Development Board (wholesale),https://kalimatimarket.gov.np/price,TIER_1B,low,Wave 3,fetcher,One bespoke spider or fetcher per source,Z_bespoke,"Custom (Laravel, DataTables.js UI but server renders HTML rows on POST)",wholesale reference,official_avg,NPR,35,"/price (GET for token, POST with datePricing param)","GET /price (grab CSRF token '_token' + session cookie from hidden form field) then POST same URL with form fields _token, datePricing=YYYY-MM-DD (X-Requested-With: XMLHttpRequest header not even required) -> 200, 30821 bytes HTML fragment, 98 commodity rows/day. Sample: 'गोलभेडा ठूलो(नेपाली)' (Tomato, large, local) के.जी. रू ४०.००-५०.०० (avg रू ४५). No auth beyond the CSRF handshake.",False,"Whole-catalog walker: 98 commodities/day (many varieties per crop e.g. 3 tomato types, 4 potato types) covering nearly all fresh vegetables + fruits traded through Nepal's largest wholesale market. min/max/avg per unit. Walk daily by iterating datePricing for history. This is the single highest-value new find in the shard.",
ssa,angola,Kiwaba Online,https://www.kiwaba.online/,TIER_1B,low,Wave 3,spider,One bespoke spider or fetcher per source,Z_bespoke,Custom (React/Vite + Supabase),retailer_sku,supermarket,AOA,30,"https://{project-ref}.supabase.co/rest/v1/products (apikey header required, key lives in the site's JS bundle)","React SPA (Vite, div#root) backed by open Supabase REST API. Anon JWT key found embedded in /assets/index-D4PaSevu.js. GET https://aljtwptkvhazymmtiqmx.supabase.co/rest/v1/products?select=id,name,price,unit,category_id&active=eq.true&limit=1500 -H 'apikey: <anon-jwt>' -> 200, 302 active products. Sample: 'LABIO DE VACA cax 15kg' (cow lip, wholesale case) Kz 48,500.00. Categories: Carnes, Peixe & Marisco, Hortícolas, Cereais & Grãos, Bebidas, Fubas e farinhas, Lacticínios (plus non-food: Saúde e beleza, Medicamentos, Detergentes, Roupa).",True,Mid-size mixed grocery+pharmacy catalog (302 active items). Confirms CSV's 'STRONG' verdict. Food categories are real but not deep per-category (single digits to low tens of SKUs each).,
menaap,djibouti,AHADO EXPRESS,https://ahadoexpress.net/,TIER_1B,low,Wave 3,spider,One bespoke spider or fetcher per source,Z_bespoke,"Custom (static site + public Google Sheet as backend, no auth)",retailer_sku,supermarket,DJF,25,https://docs.google.com/spreadsheets/d/{sheetId}/gviz/tq?tqx=out:json&sheet=Produits,"Catalog is client-rendered from a public Google Sheets gviz endpoint, not a normal REST API. Traced js/main.js -> js/data-loader.js -> js/config.js for sheetId, then hit https://docs.google.com/spreadsheets/d/1WnLMz5rtsKa0cCmbqNN_Fh3d_5nm99kJVmzrN4427-Y/gviz/tq?tqx=out:json&sheet=Produits directly -> HTTP 200, 44KB JSON-ish (gviz wrapper), 174 rows. Sample: 'Huile Bertini' and 'Bio' with variant tiers e.g. '1 paquet' 500 FDJ / 'Pack (x6)' 2900 FDJ. Categories: Nettoyage 33, Riz 21, Epices 20, Lait Poudre 18, Spaghetti 18, Lait Infantile 11, Hygiene 7, Conserves 6, Boissons 5, Huiles 5, Bebe 4, Petit Dej 4, Frais 1.",True,"Fragile source (a spreadsheet, not a database) but fully open, no auth, no WAF. Narrow assortment: mostly packaged/shelf-stable goods (rice, pasta, powdered milk, oils, canned goods, cleaning products mixed into same catalog). Almost no fresh produce (only 1 'Frais' row).",
sar,nepal,Vhandar,https://www.vhandar.com/,TIER_1B,low,Wave 3,spider,One bespoke spider or fetcher per source,Z_bespoke,Custom (Next.js + separate API host),retailer_sku,supermarket,NPR,25,"GET api.vhandar.com/products, /categories","Next.js frontend, backend at GET https://api.vhandar.com/products?status=active&page=1&limit=50 -> 200, 143KB JSON, plain curl, no auth. pagination.total=1180. Sample: 'Sip & Seal Matcha Powder' unit=g unitValue=100 pricePerUnit=1600 (NPR implied). Categories via /categories endpoint: Dairy/Bread/Eggs, Packaged & Instant Food, Rice/Atta/Flour, Dals/Pulses, Oil/Ghee, Masala/Dry Fruits, Sauces/Spreads, Tea/Coffee, Sweet Tooth, Snacks, Cold Drinks/Juice, Bakery/Biscuits, Horeca, Beauty/Cleaning/Personal-care/Baby (non-food).",True,"No fresh-produce, meat, or fish category -- packaged/shelf-stable goods only, plus a HORECA wholesale vertical and MRP+savings fields (margin analysis). Heavy overlap with MeroKirana's packaged/dairy/beverage categories so counted incrementally, not standalone.",
sar,pakistan,Pakistan Bureau of Statistics -- Weekly Sensitive Price Indicator (SPI),https://www.pbs.gov.pk/spi and per-week bulletin pages e.g. https://www.pbs.gov.pk/weekly-sensitive-price-indicator-spi-for-the-week-ended-on-30-07-2026/,TIER_1A,low,Wave 3,fetcher,One bespoke spider or fetcher per source,Z_bespoke,WordPress (static uploads),official_avg,official_avg,PKR,25,"wp-content/uploads/2020/07/Annex_{DD.MM.YYYY}.xlsx (dated, predictable pattern)","www.pbs.gov.pk/spi 404s directly (stale vanity URL) but the per-week bulletin page (found via WebSearch) -> HTTP 200, links to a stable-pattern Annex XLSX (wp-content/uploads/2020/07/Annex_DD.MM.YYYY.xlsx). Downloaded and parsed with openpyxl: 'Appendix-A / CONSUMER PRICES OF ESSENTIAL ITEMS', MIN/AVG/MAX price per item across 17 cities (Islamabad, Rawalpindi, Gujranwala, Sialkot, Lahore, Faisalabad, Sargodha, ...). Sample rows: 'Wheat Flour Bag 20 Kg' avg PKR 3085 (Islamabad), 'Milk fresh (Un-boiled) 1 Ltr' avg PKR 250.66, 'Rice Basmati Broken 1 Kg' avg PKR 274.83, 'Eggs Hen (Farm) 1 Dozen' avg PKR 271.48.",False,"51 essential items (food + non-food) across 50 markets in 17 cities, published weekly with a predictable filename pattern once the current-week bulletin URL is found (need a small WebSearch or an index-page crawl each week to get the live URL -- the /spi vanity page itself is stale). Food-relevant subset (flour, rice x2, bread, beef, mutton, chicken, milk, curd, powdered milk, eggs, 2 cooking oils, ghee, sugar, tea, pulses, onion, potato, ...) covers the classic SPI basket.",
ssa,benin,Yobou Market,https://www.yoboumarket.com/,TIER_1B,low,Wave 3,spider,One bespoke spider or fetcher per source,Z_bespoke,Custom (Next.js),retailer_sku,supermarket,XOF,25,/api/products?limit=all&includeInactive=true,"Next.js app with open API. GET https://www.yoboumarket.com/api/products?limit=all&includeInactive=true -> 200, 578KB, 778 products, no auth. Sample: 'Chou' (cabbage) 500 FCFA. Category breakdown: Alimentation 48, Cuisine 44, Fruits et Legumes 37, Petit Dejeuner 36, Hygiene et Cosmetique 30, Nettoyages 12, Electromenagers 12, Pagnes/tissus 9, Grignoter 5, Epices 3, Savon 3, plus 539 uncategorized.",True,Thinner and more general-merchandise than NolMarket; food is ~130-180 of 778 SKUs once the 539 uncategorized rows are triaged.,
sar,bangladesh,TCB (Trading Corporation of Bangladesh) daily essential-commodity prices,https://tcb.gov.bd/pages/daily-rmps,TIER_1A,low,Wave 3,fetcher,One bespoke spider or fetcher per source,Z_bespoke,Custom CMS (V2Ministry),official_avg,official_avg,BDT,15,/pages/daily-rmps -> dated XLSX (Oracle object storage),"curl -> HTTP 200, 90.8KB HTML with a table of dated links directly to XLSX files, e.g. https://objectstorage.ap-dcc-gazipur-1.oraclecloud15.com/n/axvjbnqprylg/b/V2Ministry/o/office-tcb/2026/7/....xlsx. Not downloaded/parsed the XLSX schema in this pass, but the link pattern (one dated XLSX per day, Oracle Cloud object storage, no auth) is a clean published-static-doc fetcher shape.",False,"TCB's tracked list is narrow (rice, edible oil, sugar, lentils/pulses, onion -- the classic 'essential commodities' basket used for open-market-sale interventions), so leaf count is modest, but it is trivial to fetch (one XLSX per day, stable link).",
sar,nepal,Groceries Nepal,https://groceriesnepal.com/,TIER_1B,low,Wave 3,spider,One bespoke spider or fetcher per source,Z_bespoke,Custom (Vite/React),retailer_sku,supermarket,NPR,10,GET /api/products,"React SPA, GET https://groceriesnepal.com/api/products -> 200, 26446 bytes JSON, plain curl, no auth. 97 products. categories = {Dairy, Dry Fruits, Fruits, Grocery, Leafy Vegetables, Vegetables}. Sample: 'Tomato (Goalbheda)' category=Vegetables price=100 prevPrice=90 unit=kg, also carries nameNp (Nepali name).",True,"Small catalog (97 SKUs) but genuinely carries fresh Vegetables/Leafy Vegetables/Fruits categories, complementing the packaged-only sources. Thin depth per leaf though.",
ssa,ghana,Tezeon Grocery,https://tezeon.com/grocery,TIER_1B,low,Wave 3,spider,One bespoke spider or fetcher per source,Z_bespoke,Custom (Django REST + Next.js frontend),retailer_sku,supermarket,GHS,10,"/api/products/ (category filter param not yet resolved), /api/products/categories/","Playwright network trace on a category page surfaced a fully open Django-style REST API: GET https://api.tezeon.com/api/products/categories/ -> 200, 204KB, full category tree, no auth. Reproduced standalone with curl. GET https://api.tezeon.com/api/products/ -> 200, 42KB, paginated product list with real prices (e.g. 'Tecno True Wireless Stereo Earphone' GHS 600.00). A 'Groceries & Food' top-level category exists (slug groceries-food) alongside Rice & Pasta, Snacks, Spices, Drinks, Fruit & Vegetable Tools sub-categories, but attempts to filter the products endpoint by category=groceries-food and category=groceries both returned HTTP 400 within budget -- the correct filter param name was not found.",True,General marketplace (electronics/fashion/home dominant per the 150+ category list) with a real but modest F&B slice. Endpoint is trivially open; only the query-param spelling needs one more probe cycle.,
sar,nepal,ShopIt Nepal,https://www.shopitnepal.com/,TIER_1B,low,Wave 3,spider,One bespoke spider or fetcher per source,Z_bespoke,Custom (Next.js),retailer_sku,supermarket,NPR,8,"GET /api/mobile/products, /api/mobile/category","Next.js frontend, GET https://shopitnepal.com/api/mobile/products -> 200, 7253 bytes JSON, plain curl, no auth. Sample: 'NIVEA Shea Smooth 75ml' price=185 mrp=200. GET /api/mobile/category -> categories {Baby Products, Chocolates, Cloud Kitchen, Daily Groceries, Hajmola, Home & Kitchen, Ice Creams, Liquors, Mouth Freashner, Packaged Foods, Party Supplies, Personal Care, Sexual Wellness, Smokes, Soft Drinks}.",True,"Quick-commerce convenience-store catalog (cloud kitchen, liquor, smokes, sweets) with no visible fresh-produce category -- 'Daily Groceries' unconfirmed for fresh items. Endpoint only returned 1 page (default limit) in this probe; pagination params not confirmed.",
ssa,malawi,Tambala Market,https://www.tambalamarket.store/categories/food-beverages,TIER_1A,low,Wave 3,spider,One bespoke spider or fetcher per source,Z_bespoke,Custom,retailer_sku,supermarket,MWK,8,SSR HTML,"GET /categories/food-beverages -> 200, 338KB, multiple 'MWK' matches in raw HTML.",True,Multi-seller marketplace; per prior research the food category is small (~17 items) and wine-heavy -- low net-new value beyond Add2Cart/DoorShoppin.,
sar,nepal,MilanWholesale,https://milanwholesale.com/,TIER_1A,low,Wave 3,fetcher,One bespoke spider or fetcher per source,Z_bespoke,"Custom (not WordPress -- wp-json/wc endpoints 404, csrf-token in page suggests bespoke PHP app)",wholesale reference,wholesale,NPR,5,GET /product-category/<slug>,"GET https://milanwholesale.com/product-category/rice -> 200, 104587 bytes SSR HTML, plain curl, no auth. Product cards extracted via h-tag anchors, e.g. 'Rajhans Royal Pulao Basmati Rice 20kg' Rs.4500, 'Aashiyana Usina Long Grain Rice 5kg'. Categories: biscuits, breakfast-dips-spreads, chips-biscuits-noodles, cooking-oil-ghee, daal, dry-fruits, flour-flour-products, hot-cold-beverages, lentils-pulses-beans, noodles, rice, spices-masala, sugar-salt.",True,"Wholesale bulk pricing on dry staples only (rice, dal/pulses, oil/ghee, spices, sugar/salt, dry fruits, noodles, biscuits) -- no fresh produce/dairy/meat. Prices are bulk-pack (20kg sacks etc.), pair with a retail source for wholesale-retail spread per shard notes. High category overlap with Vhandar/MeroKirana so counted mostly incremental (different channel/analytical_role, not new leaves).",
ssa,cameroon,Yorix CM,https://www.yorix.cm/,TIER_1B,low,Wave 3,spider,One bespoke spider or fetcher per source,Z_bespoke,Custom (React/Vite + Supabase),retailer_sku,aggregator,XAF,5,https://msrymchhhxitdevthvdi.supabase.co/rest/v1/products (apikey header),"React/Vite SPA backed by Supabase. Publishable key captured from live Playwright request headers (apikey/authorization: sb_publishable_yJj7JNdn-r19Pjc070IOBg_y2VzGJXA), reproduced standalone with curl: GET https://msrymchhhxitdevthvdi.supabase.co/rest/v1/products?select=id,name_fr,prix,categorie&limit=1000 -> 200, 189 total products. Only 13 fall in food-relevant categories ('Alimentation', 'Produits frais'); the rest are Sacs & accessoires, Cosmetiques, Mode, Telephones, Automobile, etc. One row is even mislabeled ('Redmi A5 android' filed under 'Alimentation').",True,"Technically open and easy to scrape, but this is a general classifieds-style marketplace with a very thin, low-quality food slice (13/189 products, one mislabeled). Resolves CSV's 'grocery depth unclear' -- depth is thin.",
ssa,cameroon,QuickGo 237,https://www.quickgo237.com/,TIER_1B,low,Wave 3,spider,One bespoke spider or fetcher per source,Z_bespoke,Custom (Next.js),retailer_sku,aggregator,XAF,3,"/api/vendors, /api/products","Next.js app, open custom API confirmed via Playwright network trace then reproduced standalone with plain curl (no auth): GET https://www.quickgo237.com/api/vendors -> 200, 5.2KB, 6 vendors total. GET .../api/products -> 200, 11KB. The ?category=supermarche query param does not actually filter server-side (returns all 6 vendors regardless). Only 1 of 6 vendors is a supermarket ('Super U Express'); the rest are a pharmacy, a restaurant, 2 electronics stores and a fashion store.",True,Technically wide open (no engineering blocker) but currently early-stage/seed-data scale -- 6 total vendors citywide is not yet a meaningful F&B source. Worth a cheap re-check in a few months as the marketplace grows.,
eca,ireland,supermarket.ie,https://www.supermarket.ie/compare/supermarket-prices-ireland,TIER_1A,low,Wave 3,fetcher,One bespoke spider or fetcher per source,Z_bespoke,Custom (Next.js),aggregate_proxy,aggregate_proxy,EUR,0,SSR,"GET -> 200, 147KB, Next.js. Real EUR basket totals found in SSR HTML (e.g. €393.77, €35.52, €224.46) across Tesco/Dunnes/SuperValu/Aldi.",True,"Real retailer-sourced basket-comparison tool (not a cost-of-living survey publisher) but data is at basket/category-total grain (524 products, twice-weekly), not itemized catalogue -- does not count toward per-leaf coverage per the brief's rule.",
menaap,libya,Shobly,https://shobly.shop/,TIER_1A,low,Wave 3,spider,One bespoke spider or fetcher per source,Z_bespoke,Custom,retailer_sku,marketplace,LYD,0,SSR HTML,"curl -> 200, 371KB, LYD prices confirmed present. CSV pass-3 reclassification confirmed by browsing: catalogue is cosmetics/clothing/accessories, zero food/beverage SKUs.",True,Live and scrapeable but out of scope for F&B (COICOP 03/12.1 non-food only). Not counted toward Libya's F&B leaf coverage.,
menaap,libya,Matjar Libya,https://www.matjar-libya.com/,TIER_1A,low,Wave 3,spider,One bespoke spider or fetcher per source,Z_bespoke,Custom,retailer_sku,marketplace,LYD,0,"SSR HTML, /products","curl -> 200, 169KB. Real LYD prices ('179,00 د.ل', '531,00 د.ل'). Product URL slugs confirm catalogue: acm-depiwhite-advanced-creme-anti-taches (cream), aspirateur-pro-maison (vacuum cleaner), detecteur-cameras-cachees (hidden camera detector), extracteur-points-noirs (blackhead extractor) - anti-theft/cosmetics/gadget dropship, zero food SKUs.",True,Confirms CSV pass-3 reclassification to non-food. Not counted toward F&B coverage.,
eca,tajikistan,Dado.tj,https://dado.tj/,TIER_1B,medium,Wave 4,spider,"Bespoke spider/fetcher - endpoint already known; extra work is pagination, auth or parsing",D_woocommerce,WooCommerce,retailer_sku,supermarket,TJS,90,/wp-json/wc/store/v1/products (price field currently unreliable),"WordPress+WooCommerce confirmed. GET /wp-json/wc/store/v1/products?per_page=20 -> HTTP 200, structured JSON, TJS currency, but price=0 for every one of 25 sampled products across 2 pages. Frontend PDP for a different product (h1 'Yabloko Sultanat' -- apple) shows a real non-zero price '4.89c.' rendered in the page. Product-category nav includes fresh produce (arbuz/watermelon, chesnok/garlic) alongside household chemicals.",True,"DATA QUALITY CAVEAT: the Store API endpoint works structurally but returns price=0 site-wide while the HTML frontend shows real prices -- looks like a price-sync bug on the store's own catalogue, not a scraping problem. Would need to scrape rendered PDP HTML instead of trusting the API price field until this is resolved.",
eca,germany,Liefershop.de,https://www.liefershop.de/,TIER_1B,medium,Wave 4,spider,"Bespoke spider/fetcher - endpoint already known; extra work is pagination, auth or parsing",D_woocommerce,WooCommerce,retailer_sku,supermarket,EUR,60,/wp-json/wc/store/v1/products?per_page=N&page=N,"WooCommerce Store API /wp-json/wc/store/v1/products confirmed working (HTTP 200). Page 1 returned mostly Juice Plus+ MLM products, but page 5 (offset) returned genuine F&B SKUs: 'Lamotte & Cie Champagne Brut', 'Tavernello Vino Rosato d'Italia', 'Kosakenkaffee', 'Carpe Diem Kombucha Classic', 'Saupiquet Thunfisch-Salat Mexicana', 'Küstengold Spargelabschnitte', 'Cinema Popcorn süss', 'Heisse Tasse Tomaten-Creme-Suppe', 'Nestlé Cerealien Mini Packs', 'Corny Müsli-Riegel'",True,CSV gotcha confirmed and worse than described: catalog is heavily contaminated with Juice Plus+ MLM shake/supplement products interleaved with real wine/beverage/pantry SKUs - needs an MLM-brand filter before use.,
lac,chile,Jumbo Chile,https://www.jumbo.cl/,TIER_1B,medium,Wave 4,spider,"Bespoke spider/fetcher - endpoint already known; extra work is pagination, auth or parsing",E_vtex,VTEX,retailer_sku,supermarket,CLP,155,"/api/catalog_system/pub/products/search (via jumbocl.myvtex.com origin, not the WAF'd custom domain)","Custom domain jumbo.cl/api/... 404s (Next.js frontend not proxying legacy API). VTEX origin GET https://jumbocl.myvtex.com/api/catalog_system/pub/products/search?_from=0&_to=5 -> HTTP 206, 110476 bytes. Sample: 'Platano Extra Granel (1 a 2 un. Aprox)' CLP 1590.0, link resolves to jumbocl.myvtex.com/platano-granel/p",False,"Cencosud CL flagship hypermarket. Spider must target the myvtex.com origin, not jumbo.cl, mirroring the Shopify *.myshopify.com origin trick in platform_fingerprints.md.",
lac,paraguay,Arete Supermercados,https://arete.com.py/,TIER_1A,medium,Wave 4,spider,"Bespoke spider/fetcher - endpoint already known; extra work is pagination, auth or parsing",E_vtex,"Custom (same URL shape/vendor as Casa Rica; a 'GET /api/catalog_system/...' probe on this domain returned the platform's own JSON error 'La funcion solicitada no existe', confirming it is NOT VTEX)",retailer_sku,supermarket,PYG,150,/catalogo/<category-slug>-c<id>,"GET https://arete.com.py/catalogo/arroz-c347 -> HTTP 200, 200343 bytes SSR HTML. Sample: 'ARROZ ENOC INTEGRAL 1 KG' Gs. 14.000 (other rows on same page: Gs. 2.850 / 5.500 / 5.200 / 9.950). Homepage has 162 distinct /catalogo/*-c<id> categories incl. aceites, arroz, frutas, frutas-y-verduras, leche-condensada.",False,Second full-line PY chain on the same platform family as Casa Rica -- high category overlap expected.,
lac,chile,Santa Isabel,https://www.santaisabel.cl/,TIER_1B,medium,Wave 4,spider,"Bespoke spider/fetcher - endpoint already known; extra work is pagination, auth or parsing",E_vtex,VTEX,retailer_sku,supermarket,CLP,140,/api/catalog_system/pub/products/search (via santaisabel.myvtex.com origin),"Custom domain santaisabel.cl/api/... 404s. VTEX origin GET https://santaisabel.myvtex.com/api/catalog_system/pub/products/search?_from=0&_to=5 -> HTTP 206, 97397 bytes. Sample: 'Trutro Entero de Pollo kg' CLP 3990.0",False,"Cencosud CL supermarket banner, fresh meat confirmed. Same myvtex-origin caveat as Jumbo CL.",
lac,ecuador,Tia,https://www.tia.com.ec/supermercado,TIER_1A,medium,Wave 4,spider,"Bespoke spider/fetcher - endpoint already known; extra work is pagination, auth or parsing",H_magento,Magento 2 (SSR HTML),retailer_sku,supermarket,USD,165,/supermercado/<category>/<subcategory> (Magento 2 SSR category pages; /catalogsearch/result redirect confirms Magento),"GET https://www.tia.com.ec/supermercado/frutas-y-verduras/frutas -> HTTP 200, 319188 bytes SSR HTML. Product name + price directly in listing markup: 'ARANDANO BANDEJA 125 G' USD 1.59 (class=product-item-name / product-item-link). Full /supermercado nav tree includes aguas-y-bebidas, comestibles/{aceites-y-vinagres, arroz-y-fideos, cafe-y-chocolate-en-polvo, cereales-y-granolas, dulces-postres-y-untables, enlatados-y-conservas, granos-y-semillas, harinas-y-avenas, te-y-aromaticas}, desechables, frutas-y-verduras, lacteos/{crema-de-leche, huevos, leche-en-polvo, leches-blancas, leches-saborizadas, leches-vegetales, quesos, yogurt}, pastas, snacks-y-golosinas/{cakes-y-bocaditos, chocolates, galletas, papas-fritas, snacks-de-maiz}.",False,"Ecuador's largest variety/discount retailer, full grocery vertical confirmed via nav tree. Magento GraphQL (/graphql) 403s -- scrape via SSR category pagination instead.",
ssa,senegal,Kaynoo,https://www.kaynoo.sn/epicerie.html,TIER_1B,medium,Wave 4,spider,"Bespoke spider/fetcher - endpoint already known; extra work is pagination, auth or parsing",H_magento,Magento,retailer_sku,supermarket,XOF,45,Magento GraphQL or /rest/V1/products,"GET /epicerie.html -> 200, 361KB, Magento fingerprint confirmed (price-box price-final_price divs, data-price-amount='2500'/'4500'/'4000' on real product ids). Catalogue mixes food with cosmetics per prior research -- filter by category.",True,"Strong on local items (cafe Touba in 3 pack sizes, moringa/nebeday, baobab-adjacent) but heavy overlap with Sakanal/Yombouna's epicerie coverage -- most of its value is depth on a handful of leaves, not breadth.",
eca,croatia,Konzum,https://www.konzum.hr/kreni-u-kupnju,TIER_1A,medium,Wave 4,spider,"Bespoke spider/fetcher - endpoint already known; extra work is pagination, auth or parsing",Z_bespoke,Next.js,retailer_sku,supermarket,EUR,170,SSR category HTML,"GET -> 200, 291KB SSR (Next.js). Direct prices in HTML: 1,49€ / 2,99€ / 3,99€ / 180,00€.",True,"12,000+ products; per shard, 5 price fields per SKU (current/unit-per-kg/30-day-low/reference-date/promo-end) -- capture all 5, not just current.",
lac,paraguay,Casa Rica,https://www.casarica.com.py/,TIER_1A,medium,Wave 4,spider,"Bespoke spider/fetcher - endpoint already known; extra work is pagination, auth or parsing",Z_bespoke,"Custom (shared by several PY grocery sites, same '/catalogo/*-c<id>' URL shape and identical API error string)",retailer_sku,supermarket,PYG,165,"/catalogo/<category-slug>-c<id> (custom PY grocery-platform vendor, SSR HTML, paginated)","GET https://www.casarica.com.py/catalogo/aceite-de-girasol-c2 -> HTTP 200, 286701 bytes SSR HTML. Products+prices directly in markup: 'ACEITE CANUELAS GIRASOL 1.5LT' Gs. 29.000, 'ACEITE COCINERO GIRASOL PET 900ML' Gs. 21.000. Homepage lists 261 distinct /catalogo/<slug>-c<id> category links spanning vacuno (beef), verduleria-fruteria, verduras, semiblandos/semiduros (cheese), yogurt-entero/dietetico, salames, rotiseria, sal, te, yerba, vinos by country, sidras.",False,Full-line Asuncion-area supermarket chain incl. fresh meat/produce/deli.,
eca,netherlands,Jumbo,https://www.jumbo.com/,TIER_1A,medium,Wave 4,spider,"Bespoke spider/fetcher - endpoint already known; extra work is pagination, auth or parsing",Z_bespoke,Vue,retailer_sku,supermarket,EUR,160,SSR category HTML (/producten/),"GET /producten/ -> 200, 1.32MB SSR (Vue). Product cards found (data-testid='product-card-0', data-product-id='765935ZK') with 'Prijs: € 3,25' in the price DOM.",True,"Overturns shard's D-tier 'SUSPECT' prediction -- category page renders server-side with real product cards, no WAF. ~20-22k articles per shard; runs a lowest-price-guarantee mechanically tied to competitors.",
eca,spain,Precios del Super,https://preciosdelsuper.es/,TIER_1A,medium,Wave 4,spider,"Bespoke spider/fetcher - endpoint already known; extra work is pagination, auth or parsing",Z_bespoke,Custom,retailer_sku,aggregator,EUR,160,SSR listing HTML,"GET -> 200, 124KB SSR. Direct prices '2,99€' / '16,95€' in HTML.",True,"120,000+ products across 8 supermarkets per shard, with per-product price history and a daily changes feed.",
eca,georgia,Wolt Market Georgia,https://wolt.com/en/geo/tbilisi/category/grocery,TIER_1B,medium,Wave 4,spider,"Bespoke spider/fetcher - endpoint already known; extra work is pagination, auth or parsing",Z_bespoke,Custom (Wolt public API),retailer_sku,aggregator,GEL,150,restaurant-api.wolt.com/v1/pages/restaurants,"GET https://restaurant-api.wolt.com/v1/pages/restaurants?lat=41.7151&lon=44.8271 -> HTTP 200, 2.77MB JSON, 1315 venues in the 'restaurants-delivering-venues' section for Tbilisi (includes named grocery chains: SPAR, IOLI, Rkoni, Europroduct, Smart, etc. per CSV). Public API, no auth required.",True,Directory endpoint confirmed; per-venue menu endpoint (restaurant-api.wolt.com/v3/venues/slug/<slug>/menu/data) not individually tested this round but is a documented Wolt pattern. Aggregator margin caveat applies vs shelf price.,
eca,bosnia_and_herzegovina,Ananas.ba,https://ananas.ba/kategorije/hrana-i-pice,TIER_1B,medium,Wave 4,spider,"Bespoke spider/fetcher - endpoint already known; extra work is pagination, auth or parsing",Z_bespoke,Next.js,retailer_sku,marketplace,BAM,140,__NEXT_DATA__ hydration payload,"GET -> 200, 555KB. __NEXT_DATA__ payload present (104KB). Product links e.g. /proizvod/mingos-coffee-robusta-strong-espresso-1-kg/4862220.",True,"National marketplace w/ dedicated Hrana i pice + Supermarket category, multiple named sellers.",
sar,bangladesh,Shwapno (ACI),https://www.shwapno.com/,TIER_1A,medium,Wave 4,spider,"Bespoke spider/fetcher - endpoint already known; extra work is pagination, auth or parsing",Z_bespoke,Custom (React SSR PDP),retailer_sku,supermarket,BDT,140,/sitemap-products-{1..22}.xml -> per-product PDP,"PDP SSR confirmed: GET /7up-pet-bottle-2-25ltr- -> HTTP 200, h1 '7Up 1.75Ltr. (Pet Bottle)', price BDT 140 visible in raw HTML. Category listing pages do NOT server-render product cards (client-fetched), but /sitemap.xml -> sitemap-products.xml -> 22 numbered sub-sitemaps (sitemap-products-1.xml through -22.xml), each with ~1,000+ root-slug product URLs (verified sitemap-products-1.xml: 84KB, includes 'emami-7-oils-in-one-pumpkin-plus-hair-oil-200ml', 'pantene-long-black-shampoo-340ml', etc). Full-catalog walk = sitemap crawl + per-URL PDP fetch.",False,"Bangladesh's largest supermarket chain (ACI-owned). Confirmed grocery categories in the nav: Canned Fish/Fruits/Meat/Vegetables, Cheese, Coffee, multiple Milk grades, Tea, Frozen, Noodles, Biscuits. Effort is medium not low because it needs a sitemap-walk spider (22 sub-sitemaps x ~1,000 PDPs) rather than a single paginated API -- but no auth, no WAF, plain HTTP throughout. This is the best new Bangladesh source found.",
lac,guyana,Guystar,https://guystar.gy/,TIER_1A,medium,Wave 4,spider,"Bespoke spider/fetcher - endpoint already known; extra work is pagination, auth or parsing",Z_bespoke,Zen Cart,retailer_sku,supermarket,GYD,140,index.php?main_page=product_info&products_id=N (Zen Cart cPath category walk),"curl through 3 levels of Zen Cart category tree (cPath=12 -> 12_261 -> 12_261_262) to reach product ids, then GET index.php?main_page=product_info&products_id=6563 -> 200, SSR price block: 'Cellophane Bean Thread Noodles Roland 250g' GY$995 (GY$9.95). Meta keywords confirm deep meat coverage (beef, prime, steaks, pork, ham, chicken, seafood, lamb, turkey, sausage).",True,Product listing needs a category-tree walk (cPath is 3 levels deep); no single flat listing endpoint. GY$ prices confirmed via schema-labelled productBasePrice block.,
ssa,mozambique,RECHEIO Cash & Carry,https://recheio.co.mz/,TIER_1A,medium,Wave 4,spider,"Bespoke spider/fetcher - endpoint already known; extra work is pagination, auth or parsing",Z_bespoke,Custom (ASP.NET-style),retailer_sku,supermarket,MZN,120,unresolved exact product endpoint -- category page confirmed live,"GET / -> 200, 141KB. Attempted category page GET /loja/mercearia -> 200, 40KB, real title 'Mercearia ao Melhor Preco em Mocambique' confirming the category exists live, but no price-class markup surfaced in that page's raw HTML this pass (likely paginated/AJAX-loaded product grid).",True,"1,456 products in mercearia alone + full aisle taxonomy (lacticinios, carne e peixe, bebidas, vegetais, loja asiatica) per prior research -- best Mozambique source, but I could not independently pull a live price this pass so the estimate is held below the presumed max.",
eap,japan,opengov.jp Retail Price Survey (re-publication of MIC Statistics Bureau retail price survey),https://opengov.jp/en/prices/retail-prices/,TIER_1A,medium,Wave 4,fetcher,"Bespoke spider/fetcher - endpoint already known; extra work is pagination, auth or parsing",Z_bespoke,Custom,official_avg,,JPY,115,"/en/prices/retail-prices/<code>/  (per-item static HTML page; codes prefixed 01xx = food, 02xx = alcohol)","GET /en/prices/retail-prices/ -> 200, 366KB HTML, 541 item-code links with English names, e.g. '01001 | Rice A', '01101 | Tuna', '01414 | Daikon radish', '01131 | Short-neck clam'. GET /en/prices/retail-prices/01001/ -> 200, title 'Rice A Retail Prices', year table: 2026 Jan national-average price JPY 5,317 (+27.0% YoY). Plain curl with a browser UA, no JS, no auth.",False,"541 total item codes span the whole CPI basket by prefix: 01=207 items (food), 02=32 (alcohol), 03-09=302 (rent/clothing/health/education/personal care, out of scope). The 01+02 subset reaches deep, specific division-01 leaves current Japan sources miss entirely -- named fish species (tuna, horse mackerel, sardine, salmon, mackerel, sea bream, yellowtail, squid, octopus, shrimp, clam, oyster, scallop -> COICOP 01.1.3.x), named vegetables (cabbage, lettuce, daikon, broccoli, spinach, onion, ginger -> 01.1.7.x), noodles/rice/bread/flour, dairy, and Sake/Shochu/Chuhai for div-02. Japan's existing onboarded set (rakuten, yahoo_shopping, docomo, athome_jp, homes_jp, hotpepper_jp) is mostly non-grocery (real estate, mobile plans, restaurant bookings) -- this is likely Japan's primary deep-F&B channel, not a supplement. CAVEAT not fully resolved this session: the item page shown is a Year+Jan-value summary table; unclear whether opengov.jp exposes the full monthly series the underlying survey actually produces, or only this annual snapshot -- verify cadence before onboarding. 541 pages to walk (one HTTP call per item) makes this medium, not low, effort.",
eca,azerbaijan,Wolt Baku grocery (aggregator),https://wolt.com/en/aze/baku/category/grocery,TIER_1B,medium,Wave 4,spider,"Bespoke spider/fetcher - endpoint already known; extra work is pagination, auth or parsing",Z_bespoke,Custom,retailer_sku,aggregator,AZN,100,page-embedded JSON,"GET -> 200, 2MB. Embedded JSON: store list w/ prices e.g. 'price':935 (9.35 AZN); store names include 'SPAR Ehmed Recebli','Bravo Supermarket Winter Park','Araz Statistics 2 Supermarket','Tamstore Express Fountain sq.','Oba Market Ahmadli'.",True,"Marketplace directory of ~7 Baku chains, several labelled 'same prices as in store'. Treat as directory first: consolation-prize catalog scrape only if per-store storefronts fail.",
lac,st_vincent_and_the_grenadines,C.K. Greaves & Company,https://www.ckgreaves.com/,TIER_1A,medium,Wave 4,spider,"Bespoke spider/fetcher - endpoint already known; extra work is pagination, auth or parsing",Z_bespoke,WordPress + custom shop module,retailer_sku,supermarket,XCD,100,/shop/browse/product/{id}_{slug}/ (SSR PDP),"GET /shop/browse/product/19751_b-bird-apple-juice-340ml/ -> HTTP 200, 102KB HTML with real embedded price markup ('<div class=""price-now...""><span class=""sym"">$</span><strong class=""dol"">4</strong><em class=""dec"">35</em></div>' = $4.35) for product 'B Bird Apple Juice 340ml'. Product catalog browsable via /departments/ and /shop/browse/product/ paths (WordPress-hosted custom storefront, not WooCommerce core — /wp-json/wc/store/v1/products returned HTTP 404).",False,"Currency shown only as generic '$' symbol; XCD assumed from SVG's official currency per country-currency conventions (not confirmed by an explicit currency code in the page). Catalog skews packaged goods (juice, tea, cleaning, pet products) in the pages sampled — fresh produce/meat depth unconfirmed.",
sar,nepal,MeroKirana,https://merokirana.com/,TIER_1B,medium,Wave 4,spider,"Bespoke spider/fetcher - endpoint already known; extra work is pagination, auth or parsing",Z_bespoke,Custom (Semantro),retailer_sku,supermarket,NPR,95,POST /semantro-web-interface/query,"React SPA over a proprietary 'Semantro' backend at POST https://merokirana.com/semantro-web-interface/query (multipart form field 'data' = JSON action descriptor, plain curl, no auth/cookies). actionName=listBaseCategories -> 10 categories incl. Veg & Fruits, Eggs & Meat, Bakery & Dairy. actionName=listLatestProducts (pageLimit start/end) -> product id list. actionName=getProductData per product -> price+currency. Verified end-to-end: 'Kejjan's Snail Mucin & Rice Water Face Toner, 150ml' -> priceCurrency 'NRs.', price 555.0.",True,Only category-scoped listing action name unconfirmed in the time budget (listLatestProducts has no categoryId param seen); listBaseCategories + getProductData are proven and category id is already known ('Veg & Fruits' id=35ae95a75bda48a3-ac60b32fab01d5db) so a category-listing action almost certainly exists next to listLatestProducts -- probe further before scaffolding. DDC (state dairy) lines per shard notes.,
lac,haiti,KITT National,https://kittnational.com/,TIER_1B,medium,Wave 4,spider,"Bespoke spider/fetcher - endpoint already known; extra work is pagination, auth or parsing",Z_bespoke,Supabase/React SPA,retailer_sku,marketplace,HTG,40,"https://2kug72le92fjtj5suphu.helloreaddy.com/rest/v1/product_items (Supabase REST, publishable key required)","Playwright network trace found a Supabase PostgREST backend (helloreaddy.com) with a client-side publishable key (sb_publishable_...) captured from page requests. GET .../rest/v1/product_items?select=id,name,price,category_id&status=eq.active with apikey+Authorization headers -> 200. Sample: 'Nutella — Bokal Pate Chokola 26.5 oz' HTG 1427.15. Prefer:count=exact shows 1,341 total active products across categories including Manje (Food), Bwason (Beverages), Desè (Dessert), Maket (Market/general).",True,"General last-mile delivery/marketplace platform (electronics, auto, clothing, tools) with a food/beverage/dessert vertical, not a dedicated grocery store; F&B share of the 1,341-item catalog is a minority. Needed a Playwright pass to capture the anon API key before curl worked.",
lac,trinidad_and_tobago,TriniCart,https://trinicart.pro/,TIER_1B,medium,Wave 4,spider,"Bespoke spider/fetcher - endpoint already known; extra work is pagination, auth or parsing",Z_bespoke,Supabase/React SPA,retailer_sku,supermarket,TTD,40,"https://lmrfzrshpwqxaeorfecv.supabase.co/rest/v1/admin_content?select=value&key=eq.maraval-products-v1 (Supabase REST, anon key required)","curl on root -> 1.9KB Vite/React SPA shell. Playwright network trace found a Supabase backend (lmrfzrshpwqxaeorfecv.supabase.co) with an anon JWT key captured from page requests. GET .../rest/v1/admin_content?select=value&key=eq.maraval-products-v1 with apikey+Authorization -> 200, 116KB JSON containing a 'custom' product array (173 items). Sample: 'Chief All Purpose Seasoning 40g' TTD 12.00.",True,"Smaller catalog per CSV notes (173 items). Product data is embedded as a JSON blob inside a generic 'admin_content' key/value row, not a normal paginated products table — parse accordingly. Needed a Playwright pass to capture the anon key before curl worked.",
sar,nepal,Daraz Nepal (catalog search AJAX),https://www.daraz.com.np/,TIER_1B,medium,Wave 4,spider,"Bespoke spider/fetcher - endpoint already known; extra work is pagination, auth or parsing",Z_bespoke,"Custom/Enterprise (Lazada-derived, mtop stack for other endpoints but the catalog/search ajax itself is unsigned)",retailer_sku,marketplace,NPR,20,GET /catalog/?ajax=true&isFirstRequest=true&page=N&q=<keyword>,"GET https://www.daraz.com.np/catalog/?ajax=true&isFirstRequest=true&page=1&q=rice -> 200, 131488 bytes JSON, plain curl with browser UA, no auth/session needed. mods.listItems = 40 products/page with name, price, originalPrice, discount, sellerName, categories. Sample: 'Hilife Pulao Basmati Rice 1 Kg' price=264 originalPrice=270 discount='2% Off'.",True,Reaching leaf breadth requires walking a keyword list (one query per leaf/commodity) rather than a category crawl -- higher scaffolding effort than a catalog endpoint. Confirms shard's was_price/discount capture need for flash-sale distortion. Third-party seller names carried per item (dMart pantry vertical mixed with generic marketplace sellers).,
lac,peru,Inkafarma,https://inkafarma.pe/,TIER_1B,medium,Wave 4,spider,"Bespoke spider/fetcher - endpoint already known; extra work is pagination, auth or parsing",Z_bespoke,Custom (AWS API Gateway),retailer_sku,pharmacy,PEN,20,https://5doa19p9r7.execute-api.us-east-1.amazonaws.com/MMPROD/products/{skus}?companyCode=IKF&saleChannel=WEB&saleChannelType=DIGITAL,"The CSV-listed VTEX endpoint (/api/catalog_system/pub/products/search) returns the SPA shell (text/html), not JSON — not actually VTEX. Playwright network trace found the real backend: AWS API Gateway https://5doa19p9r7.execute-api.us-east-1.amazonaws.com/MMPROD/products/{comma-sep-skus}?companyCode=IKF&saleChannel=WEB&saleChannelType=DIGITAL. Replayed with plain curl (no auth needed) -> 200, 21.3KB JSON for 2 SKUs. Sample: 'Gel Limpiador Bioderma Sébium Moussant Piel Mixta a Grasa' PEN 159.90.",True,"CSV wrongly listed this as VTEX. Endpoint is keyed by SKU code, not paginated by category — a search/listing endpoint to enumerate SKUs was not found in this probe pass; would need one more Playwright capture on a search query before scaffolding a full-catalog walker. Pharmacy chain, COICOP 6 focus.",
eap,japan,"opengov.jp Wholesale Produce Market Prices (MAFF daily wholesale data, 30 central markets)",https://opengov.jp/en/prices/vegetable-market/,TIER_1A,medium,Wave 4,fetcher,"Bespoke spider/fetcher - endpoint already known; extra work is pagination, auth or parsing",Z_bespoke,Custom,official_avg,wholesale,JPY,15,/en/prices/vegetable-market/<commodity_code>/,"GET /en/prices/vegetable-market/ -> 200, 361KB HTML, 71 commodity-code links (e.g. 30100). GET /en/prices/vegetable-market/30100/ -> 200, title 'Daikon radish (だいこん) Wholesale Price Trends -- Grade-Specific Market Data', daily rows across 5 regional markets, e.g. '2026-04-02 Morioka (盛岡) JPY124 29.4t Slightly rising'. Plain curl, no auth.",False,"MAFF daily wholesale high/low + trading volume across 30 central markets, 71 fresh vegetable/fruit commodity codes, 16 years of history per site claim. Substantially overlaps the vegetable/fruit items already in the retail-prices source above (same crops, finer market-level granularity) -- scored as a smaller incremental add rather than fully additive, mainly for cultivar-level depth (e.g. distinct radish/cabbage varieties) the retail survey collapses to one line.",
sar,nepal,Thulo.com supermarket panel,https://thulo.com.np/supermarket,TIER_1B,medium,Wave 4,spider,"Bespoke spider/fetcher - endpoint already known; extra work is pagination, auth or parsing",Z_bespoke,Custom,retailer_sku,supermarket,NPR,12,GET /thulo-product/shop?category=N&maxp=N,"GET https://thulo.com.np/thulo-product/shop?category=394&maxp=35670 -> 200, 63201 bytes JSON with a single 'grid' key containing an HTML fragment (plain curl, no auth). Product titles extracted from 'global-card-contents-title' anchors, e.g. 'Maghe Special Combo Set 3'; PDP links point to named-vendor subdomains (pasal101.thulo.com.np/shop/...), confirming the multi-vendor panel structure the shard notes describe.",True,"category=394 sampled was a promo/combo bucket, not necessarily representative; full category id list (dairy-products-en link seen on the listing page) not enumerated in the time budget. Must dedupe on vendor+SKU (same product repeats across named vendors) per shard AI_NOTES. Price extraction needs a second regex pass -- offerPrice/productPrice classes present but not cleanly captured in this probe.",
sar,nepal,Goket Groceries,https://www.goket.com.np/,TIER_1A,medium,Wave 4,spider,"Bespoke spider/fetcher - endpoint already known; extra work is pagination, auth or parsing",Z_bespoke,Custom (Next.js),retailer_sku,supermarket,NPR,3,GET /categories (category listing only; product/price endpoint unconfirmed),"GET https://www.goket.com.np/categories -> 200, 32671 bytes, plain curl, no auth. Real category names embedded in HTML: Baby Care, Beverages, Cleaning Supplies, Packaged Foods, Pantry Staples, Personal Care -- but zero price or product-slug tokens found on that page (products load one level deeper, not confirmed in time budget). Next.js app.",True,"Matches shard's SUSPECT verdict: app-led catalog (dedicated iOS app), thin 6-category set with no visible fresh produce/dairy/meat. Low priority relative to MeroKirana/Vhandar which are already deeper and confirmed end-to-end.",
menaap,egypt,Talabat Egypt,https://www.talabat.com/egypt/groceries,TIER_1A,medium,Wave 4,spider,"Bespoke spider/fetcher - endpoint already known; extra work is pagination, auth or parsing",Z_bespoke,Custom (Next.js),seller_directory,marketplace,EGP,0,/egypt/groceries/{areaId}/{slug} (SSR __NEXT_DATA__) + /nextLocationApi/location/country-areas/{countryId} for area enumeration,"curl on /egypt/groceries/<areaId>/<slug> server-renders a __NEXT_DATA__ blob with props.pageProps.vendors[] -- 20 vendors per area, no auth. First attempt with a guessed area id (59) accidentally returned Kuwaiti vendors (Talabat area IDs are NOT country-namespaced in the URL). Fixed by first calling https://www.talabat.com/nextLocationApi/location/country-areas/9 (curl, 200, 466KB JSON) which lists real Egypt area ids/slugs (country id 9 = Egypt, areas keyed by Arabic city/area names e.g. القاهرة=Cairo). Re-probed /egypt/groceries/10032/faisal-el-taawon-2 -> 20 genuine Egyptian vendors: 'Souq El Aasr', 'Akher Sa'a Bakery', 'Elsuhagi For Poultry & Butchery', 'Kheir Zaman', 'Carrefour', 'Metro Market', 'talabat mart', 'tKiosk by tMart'.",True,"MAJOR discovery asset confirmed live: enumerates independent traditional retailers with no web presence (dairies, roasteries, butchers, fruit sellers) across every Egyptian area/city. Prices include platform margin per CSV -- use as a store/seller directory, not a price series, except where no alternative exists (traditional retail). Walking all areas from country-areas/9 would produce a full seller census.","Area IDs are global across Talabat's whole footprint, not scoped per country segment in the URL -- always resolve area ids via nextLocationApi/location/country-areas/{countryId} first, never guess small integers."
eca,malta,Greens Supermarket,https://www.greens.com.mt/,TIER_2,medium,Wave 5,spider,"Playwright DISCOVERY pass first - find the internal JSON endpoint, then scrape it over plain HTTP",D_woocommerce,"Custom (not WooCommerce, despite CSV label)",retailer_sku,supermarket,EUR,0,not WooCommerce - platform misidentified in CSV,"curl 200 (after -L redirect to www.), but the WooCommerce Store API path returned the homepage HTML (bootstrap-based custom theme), not JSON - CSV's 'WordPress/WooCommerce' platform tag appears wrong for this site",True,"Needs a proper platform re-identification pass; not blocked, just not WooCommerce as labeled.",
eca,slovenia,Tus,https://www.tus.si/,TIER_2,medium,Wave 5,spider,"Playwright DISCOVERY pass first - find the internal JSON endpoint, then scrape it over plain HTTP",D_woocommerce,possibly WooCommerce,retailer_sku,supermarket,EUR,0,not confirmed,"curl 200, 181KB, woocommerce string found but no product prices confirmed on homepage",True,Worth a follow-up WooCommerce Store API check given the platform hint.,
eca,uzbekistan,Korzinka,https://www.korzinka.uz/en,TIER_2,medium,Wave 5,spider,"Playwright DISCOVERY pass first - find the internal JSON endpoint, then scrape it over plain HTTP",Z_bespoke,Nuxt/Vue,retailer_sku,supermarket,UZS,140,api.korzinka.uz (exact route TBD),"curl -> 403 'Just a moment...' Cloudflare challenge. Playwright render (homepage and /en/catalog) -> HTTP 200, real content: 'product__price'/'product__price-current' DOM classes present, soum-denominated values visible after render (e.g. '300 000 soum'). Backend host api.korzinka.uz confirmed live (returns a structured JSON error for a wrong method rather than a block), but the correct catalog route was not found within the time budget.",True,"250+ stores, 12 regions, own online supermarket since 2005 per shard. curl-blocked but Playwright bypasses cleanly -- needs a render-then-scrape approach or the right api.korzinka.uz route.",
eca,moldova,Casa Mega,https://casamega.md/,TIER_2,medium,Wave 5,spider,"Playwright DISCOVERY pass first - find the internal JSON endpoint, then scrape it over plain HTTP",Z_bespoke,CS-Cart,retailer_sku,supermarket,MDL,130,SSR after JS challenge clears,"curl -> 403 'DDOS protection page'. Playwright render -> 200, 2.57MB, CS-Cart platform confirmed ('ty-price-num' class), real prices visible after render: '2 399.00' / '599.00' / '1 699.00' MDL.",True,"curl-blocked but Playwright bypasses cleanly -- not a hard Cloudflare-strict block, needs a headless-render step in the spider or cookie replay.",
lac,barbados,PriceSmart Barbados,https://www.pricesmart.com/en-BB/category/Groceries/G10D03,TIER_2,medium,Wave 5,spider,"Playwright DISCOVERY pass first - find the internal JSON endpoint, then scrape it over plain HTTP",Z_bespoke,Custom/Nuxt,retailer_sku,warehouse_club,"USD (site header shows $, region en-BB; verify BBD vs USD display before scaffolding)",90,"POST /api/ct/getCategory (session-gated, Playwright only)","curl: 200/383KB but Nuxt SPA shell, zero prices in raw HTML (only account/login form fields). Playwright render (8s wait): prices visible ($49.00-$399.99 range) and product names extracted via a[href*='/product/'] selector: 'Maeva Avocado Oil Spray 2 Units / 200 mL', 'Froot Loops Chocolate Flavored Cereal 878 g'. Internal API is POST https://www.pricesmart.com/api/ct/getCategory (not GET-replayable with curl; needs session state).",True,Warehouse-club pack sizes; needs Playwright render at collection time since API is POST + session-cookie gated.,
eca,romania,Monitorul Preturilor (Competition Council),https://monitorulpreturilor.info/Home/Monitor,TIER_2,medium,Wave 5,fetcher,"Playwright DISCOVERY pass first - find the internal JSON endpoint, then scrape it over plain HTTP",Z_bespoke,Custom (Kendo UI + Firebase),official_avg,official,RON,41,unresolved - needs interactive location-selection flow,"curl 200, 11.8KB Kendo-UI shell (no inline data). Playwright 7s network capture triggered zero XHR to a data endpoint -> page likely gates behind a location/county selector (site references '/Settings/Location') before the grid loads.",True,"Official Competition Council feed, 7 participating chains (Mega Image, Lidl, Kaufland, Selgros, Carrefour, Penny, Profi) with a dedicated capped-commercial-margin section (41 products: bread, milk, telemea, yoghurt, flour, eggs, oil, chicken, pork, tomatoes, onions, sugar, potatoes). High value but needs one more probing session to find the grid's data endpoint.",
eca,germany,mytime.de,https://www.mytime.de/,TIER_2,medium,Wave 5,spider,"Playwright DISCOVERY pass first - find the internal JSON endpoint, then scrape it over plain HTTP",Z_bespoke,Custom,retailer_sku,supermarket,EUR,40,not fully isolated,"curl 200, 300KB, some real prices found in raw HTML: '2,49 €', '3,49 €' mixed with '0,00 €' cart placeholders",True,"Full-assortment nationwide per CSV; partial price evidence found, category page would confirm depth.",
ssa,senegal,DiborMarket,https://lafermededibor.com/,TIER_2,medium,Wave 5,spider,"Playwright DISCOVERY pass first - find the internal JSON endpoint, then scrape it over plain HTTP",Z_bespoke,Custom,retailer_sku,supermarket,XOF,25,unresolved -- homepage only,"GET / -> 200, 15.8KB HTML, no SPA markers (no id=app/root, no ng-version), but no price class or FCFA pattern matched in the homepage HTML either -- catalogue likely lives on a /shop or category path not probed this pass.",True,"Prior research is specific enough to trust directionally (feuille de manioc, madd, gombo, diakhatou aubergine, graded 5/10/25kg onion and potato sacks) -- this is the only source in the shard reaching those local-item leaves, but I could not independently re-verify a live price this pass.",
eca,serbia,Maxi,https://www.maxi.rs/,TIER_2,medium,Wave 5,spider,"Playwright DISCOVERY pass first - find the internal JSON endpoint, then scrape it over plain HTTP",Z_bespoke,Next.js,retailer_sku,supermarket,RSD,20,"category tree confirmed, product/price endpoint not isolated","curl 200, 1.14MB, Next.js + GraphQL detected. Real top-level category tile confirmed in raw HTML: data-testid='category-tile' aria-label='Mlecni proizvodi i jaja' (Dairy products and eggs) linking to /Mlechni-proizvodi-i-jaja/c/02 - category structure confirmed but per-product prices not yet isolated",True,Delhaize-group national leader; also on Wolt/Glovo in 14 cities per CSV. Small partial credit given confirmed dairy category.,
sar,sri_lanka,HARTI -- Daily & Weekly Food Commodities Bulletin,http://www.harti.gov.lk/daily-price.php,TIER_2,medium,Wave 5,fetcher,"Playwright DISCOVERY pass first - find the internal JSON endpoint, then scrape it over plain HTTP",Z_bespoke,PDF bulletin archive (no auth),official_avg,official_avg,LKR,10,"assets/pdf/food_price/{daily,weekly}/{eng,sin}/{year}/[month/]{file}.pdf","GET /daily-price.php -> 200, listing daily PDF bulletins back to 2015 at a predictable path (assets/pdf/food_price/daily/eng/{year}/{month}/daily_{DD-MM-YYYY}.pdf). Sampled 2015-08-03 PDF (200/99KB) via pdftotext: 'Wholesale Prices of Rice & Subsidiary Food Crops', Pettah market, item/range/average/change columns for Nadu/Samba/Kekulu rice grades, Dried Chillies, Onions (Sinnan/Vedalan/imported), Potatoes. Weekly bulletin also exists in English (assets/pdf/food_price/weekly/eng/2026/weekly_10_2026_Eng.pdf, confirmed link present) and Sinhala; sampled Sinhala weekly PDF (2.97MB) shows broader coverage: rice, onions, potatoes, imported dried chillies, vegetables (carrots, cabbage), fish (mackerel).",False,"Wholesale (Pettah market) rice + subsidiary-crop feed, PDF-only (needs a table-extraction step, e.g. pdftotext/camelot, not a JSON walk). fnb_leaves_est is the INCREMENTAL contribution over DCS's retail feed -- most of what HARTI covers (rice grades, onions, chilies, potatoes) already overlaps DCS. Kept mainly for the wholesale/retail cross-check it enables, and because the weekly bulletin's vegetable/fish mentions suggest slightly broader coverage than the daily one -- would need a full PDF parse to confirm exact leaf count.",
eca,norway,Vinmonopolet,https://www.vinmonopolet.no/,TIER_2,medium,Wave 5,fetcher,"Playwright DISCOVERY pass first - find the internal JSON endpoint, then scrape it over plain HTTP",Z_bespoke,Custom,official_avg,official,NOK,9,not found (search guess 404'd),"curl 200, 38.2KB homepage; nav grep confirms real alcohol-category names: 'Alkoholfritt' (non-alcoholic), 'Aromatisert vin' (aromatized wine), 'Brennevin' (spirits), 'Fruktvin' (fruit wine), 'Alle varer' (all products) - a guessed /sok?q= search path 404'd",True,State alcohol monopoly - administered prices per CSV. Category evidence confirms full COICOP 02.1 alcohol range; complete national catalogue once the product/search endpoint is found.,
eca,romania,Mega Image,https://www.mega-image.ro/,TIER_2,medium,Wave 5,spider,"Playwright DISCOVERY pass first - find the internal JSON endpoint, then scrape it over plain HTTP",Z_bespoke,Next.js,retailer_sku,supermarket,RON,0,not found,"curl 200, 1.29MB, Next.js + GraphQL detected; only match on homepage was a '0,00 Lei' basket-total placeholder, no product prices confirmed yet",True,CSV flags CONNECT loyalty price vs standard price as a distinct field worth capturing once the category page is probed.,
eca,romania,Kaufland Romania,https://www.kaufland.ro/,TIER_2,medium,Wave 5,spider,"Playwright DISCOVERY pass first - find the internal JSON endpoint, then scrape it over plain HTTP",Z_bespoke,Custom/Enterprise,retailer_sku,supermarket,RON,0,not found,"curl 200, 323KB (NOT blocked, unlike kaufland.de which shows an explicit 'Zugriff blockiert' page) - only match was a loyalty-copy '0,01 lei' placeholder, no product prices confirmed",True,WAF posture differs by country/TLD from the German tenant - worth a follow-up category probe.,
eca,romania,Auchan Romania,https://www.auchan.ro/,TIER_2,medium,Wave 5,spider,"Playwright DISCOVERY pass first - find the internal JSON endpoint, then scrape it over plain HTTP",Z_bespoke,Custom/Enterprise,retailer_sku,supermarket,RON,0,not found,"curl 200, 4.0MB page, GraphQL detected, no price pattern matched in raw regex sweep (page too large/complex for a quick grep to be conclusive)",True,"MyCLUB loyalty tier per CSV; not blocked, just not confirmed within budget.",
eca,romania,AlimentaraOnline,https://www.alimentaraonline.com/,TIER_2,medium,Wave 5,spider,"Playwright DISCOVERY pass first - find the internal JSON endpoint, then scrape it over plain HTTP",Z_bespoke,Custom,retailer_sku,supermarket,RON,0,not found,"curl 200, 1.38MB, no price pattern matched on homepage",True,Romanian-products and plant-based verticals per CSV.,
eca,malta,Welbee's,https://welbees.mt/,TIER_2,medium,Wave 5,spider,"Playwright DISCOVERY pass first - find the internal JSON endpoint, then scrape it over plain HTTP",Z_bespoke,Custom,retailer_sku,supermarket,EUR,0,not isolated yet - needs a longer/targeted network trace,"curl 200 on root but static HTML shows only EUR0.00 cart-total placeholders; Playwright-hydrated render of /shop/category/D-5431/bakery shows real prices (EUR0.80, EUR0.92 strikethrough, EUR0.25, EUR5.50, EUR6.25) but network-response capture found no internal JSON API in the 15s window - prices likely arrive via an inline data blob or a call outside the API/JSON content-type filter used",True,"CSV URL (welbees.com.mt) had ZERO DNS records (NXDOMAIN, no A/AAAA/MX). Correct current domain found via WebSearch: welbees.mt. Deep category tree confirmed in nav: baby, bakery, butcher-counter, chilled-food, delicatessen, drinks, food-cupboard, frozen-food - a genuine full-line grocer once the endpoint is isolated.",
eca,austria,Unimarkt,https://www.unimarkt.at/,TIER_2,medium,Wave 5,spider,"Playwright DISCOVERY pass first - find the internal JSON endpoint, then scrape it over plain HTTP",Z_bespoke,Custom/WordPress-hybrid,retailer_sku,supermarket,EUR,0,not found,"curl 200, 82.7KB, wp-content string found (likely a WP blog section, not necessarily the shop), no prices confirmed on homepage",False,Net-new discovery; upper-Austria regional chain.,
eca,austria,ADEG,https://www.adeg.at/,TIER_2,medium,Wave 5,spider,"Playwright DISCOVERY pass first - find the internal JSON endpoint, then scrape it over plain HTTP",Z_bespoke,Custom,retailer_sku,supermarket,EUR,0,not found,"curl 200, 53.2KB, no prices confirmed on homepage",False,Net-new discovery; REWE-Austria-owned convenience/rural chain.,
eca,germany,Flaschenpost,https://www.flaschenpost.de/,TIER_2,medium,Wave 5,spider,"Playwright DISCOVERY pass first - find the internal JSON endpoint, then scrape it over plain HTTP",Z_bespoke,Custom,retailer_sku,supermarket,EUR,0,not found,"curl 200, 2.5MB, no price pattern matched on homepage",True,"Beverage specialist per CSV - narrow scope even if resolved, mostly COICOP 02 alcohol/beverage leaves.",
eca,germany,Picnic Germany,https://picnic.app/de/,TIER_2,medium,Wave 5,spider,"Playwright DISCOVERY pass first - find the internal JSON endpoint, then scrape it over plain HTTP",Z_bespoke,Custom,retailer_sku,supermarket,EUR,0,not checked,"curl 200, 57KB, real supermarket landing page (not blocked), prices not checked within budget",True,-,
eca,germany,getnow.de,https://www.getnow.de/,TIER_2,medium,Wave 5,spider,"Playwright DISCOVERY pass first - find the internal JSON endpoint, then scrape it over plain HTTP",Z_bespoke,Custom,retailer_sku,supermarket,EUR,0,not resolved,"curl 301 redirect, not fully resolved within budget",True,METRO-supplied online supermarket per CSV.,
eca,kazakhstan,Arbuz.kz,https://arbuz.kz/,TIER_2,medium,Wave 5,spider,"Playwright DISCOVERY pass first - find the internal JSON endpoint, then scrape it over plain HTTP",Z_bespoke,Custom,retailer_sku,supermarket,KZT,0,not found,"curl 200, 1.03MB homepage, no catalog links or price pattern matched",True,Major national online grocer per CSV; needs a category-page probe.,
eca,kazakhstan,Instashop.kz,https://instashop.kz/en/almaty/stores,TIER_2,medium,Wave 5,fetcher,"Playwright DISCOVERY pass first - find the internal JSON endpoint, then scrape it over plain HTTP",Z_bespoke,Custom,aggregate_proxy,aggregator,KZT,0,not found (store list only),"curl 200, 60KB - this is the store directory page (by design, no product prices here); need a per-store product listing URL",True,"51+ Almaty stores incl. traditional bazaar verticals (Green bazar, Turksib) alongside supermarkets - formal/informal price-gap potential once a store's product page is found.",
eca,kazakhstan,Magnum,https://magnum.kz/,TIER_2,medium,Wave 5,spider,"Playwright DISCOVERY pass first - find the internal JSON endpoint, then scrape it over plain HTTP",Z_bespoke,Nuxt,retailer_sku,supermarket,KZT,0,not found,"curl 200, 748KB, Nuxt detected, no price pattern matched on homepage",True,"Largest Kazakh chain per CSV, 200+ branches; Kazakh/Russian bilingual names.",
eca,kazakhstan,MagnumOpt (wholesale),https://magnumopt.kz/,TIER_2,medium,Wave 5,fetcher,"Playwright DISCOVERY pass first - find the internal JSON endpoint, then scrape it over plain HTTP",Z_bespoke,Custom,wholesale_avg,wholesale,KZT,0,not found,"curl 200, 466KB homepage, no price pattern matched",True,Magnum's wholesale arm; CSV notes some pricing may need registration.,
eca,kazakhstan,Wolt Kazakhstan,https://wolt.com/en/kaz/almaty/category/supermarkets,TIER_2,medium,Wave 5,fetcher,"Playwright DISCOVERY pass first - find the internal JSON endpoint, then scrape it over plain HTTP",Z_bespoke,React SPA,aggregate_proxy,aggregator,KZT,0,SPA - needs Playwright render,"curl 200, 1.79MB SPA shell; prices render as 'KZT0' placeholder pre-hydration - needs Playwright",True,"Enumerates SMALL, TOIMART, Kulikov, damdala, M-Mart, A-Store, Birge Mart, Ruby Market, VkusVill, Eurospar, FlaminGo per CSV.",
eca,serbia,IDEA online,https://online.idea.rs/,TIER_2,medium,Wave 5,spider,"Playwright DISCOVERY pass first - find the internal JSON endpoint, then scrape it over plain HTTP",Z_bespoke,AngularJS,retailer_sku,supermarket,RSD,0,"SPA, needs render","curl 200, only 5.5KB (AngularJS app shell, ng-app='im.webshop.ideaRsWsm') - needs Playwright render",True,-,
eca,serbia,Roda,https://roda.rs/,TIER_2,medium,Wave 5,spider,"Playwright DISCOVERY pass first - find the internal JSON endpoint, then scrape it over plain HTTP",Z_bespoke,Next.js,retailer_sku,supermarket,RSD,0,not found,"curl 200, 237KB, __NEXT_DATA__ + wp-content mixed signals; regex matches on homepage were installment-plan copy ('Minimalni iznos rate: 1.000 RSD'), not product prices",True,IDEA-group banner with dated weekly catalogues per CSV.,
eca,serbia,eLakolije (Univerexport),https://elakolije.rs/,TIER_2,medium,Wave 5,spider,"Playwright DISCOVERY pass first - find the internal JSON endpoint, then scrape it over plain HTTP",Z_bespoke,Custom,retailer_sku,supermarket,RSD,0,not found,"curl 200, 151KB, no price pattern or category names matched",True,"Largest domestic Serbian chain per CSV (190+ stores), owns its own meat/organic farm - would be a strong get if resolved.",
eca,serbia,Mercator Serbia,https://www.mercator.rs/,TIER_2,medium,Wave 5,spider,"Playwright DISCOVERY pass first - find the internal JSON endpoint, then scrape it over plain HTTP",Z_bespoke,Custom,retailer_sku,supermarket,RSD,0,not found,"curl 200, 44.4KB (small - likely corporate landing, not the shop)",True,CSV itself flags 'may redirect to IDEA; confirm independence' - probe suggests this may indeed just be a corporate/brand page.,
eca,serbia,Lidl Serbia,https://www.lidl.rs/,TIER_2,medium,Wave 5,spider,"Playwright DISCOVERY pass first - find the internal JSON endpoint, then scrape it over plain HTTP",Z_bespoke,Nuxt,retailer_sku,supermarket,RSD,0,not found,"curl 200, 368KB, Nuxt detected, only non-food category names matched in nav grep (auto, garden, DIY) - no F&B categories visible without render",True,Leaflet-led promo pattern per CSV.,
eca,serbia,Wolt Serbia,https://wolt.com/en/srb/belgrade/category/grocery,TIER_2,medium,Wave 5,fetcher,"Playwright DISCOVERY pass first - find the internal JSON endpoint, then scrape it over plain HTTP",Z_bespoke,React SPA,aggregate_proxy,aggregator,RSD,0,SPA - needs Playwright render,"curl 200, 1.79MB SPA, prices did not resolve to real values in raw regex (placeholder pattern)",True,Enumerates Maxi and partners across 14 Serbian cities per CSV.,
eca,slovenia,Spar Slovenia,https://www.spar.si/online,TIER_2,medium,Wave 5,spider,"Playwright DISCOVERY pass first - find the internal JSON endpoint, then scrape it over plain HTTP",Z_bespoke,Custom,retailer_sku,supermarket,EUR,0,not found,"curl 200, 1.33MB homepage, no price pattern matched",True,-,
eca,switzerland,Rappn (aggregator),https://rappn.ch/,TIER_2,medium,Wave 5,fetcher,"Playwright DISCOVERY pass first - find the internal JSON endpoint, then scrape it over plain HTTP",Z_bespoke,Custom,aggregate_proxy,aggregator,CHF,0,not isolated to per-SKU level,"curl 200, 525KB, real basket-comparison prices in raw HTML: 'CHF 2,00', 'CHF 609.28', 'CHF 230.94' - these read as basket totals/comparison figures, not confirmed as individual per-SKU prices",True,"Neutral Swiss grocery comparator per CSV, no retailer commercial ties - would need per-SKU breakdown, not just basket totals.",
eca,switzerland,Aldi now,https://www.aldi-now.ch/,TIER_2,medium,Wave 5,spider,"Playwright DISCOVERY pass first - find the internal JSON endpoint, then scrape it over plain HTTP",Z_bespoke,Custom,retailer_sku,supermarket,CHF,0,not found,"curl 200, 1.0MB, only price-like match was 'CHF 50.00' minimum-order-value copy, not a product price",True,-,
eca,switzerland,Denner,https://www.denner.ch/,TIER_2,medium,Wave 5,spider,"Playwright DISCOVERY pass first - find the internal JSON endpoint, then scrape it over plain HTTP",Z_bespoke,Nuxt,retailer_sku,supermarket,CHF,0,not found,"curl 200, 717KB, Nuxt detected, no price pattern matched on homepage",True,-,
eca,estonia,Barbora Estonia,https://barbora.ee/,TIER_2,medium,Wave 5,spider,"Playwright DISCOVERY pass first - find the internal JSON endpoint, then scrape it over plain HTTP",Z_bespoke,Custom (Maxima group),retailer_sku,supermarket,EUR,0,not found,"curl 200, 55KB, no Cloudflare gate (unlike barbora.lt) but no price pattern matched on homepage",True,CSV flags COVERAGE WITHDRAWN to Tallinn+Tartu only from 1 Nov 2025 - geographic staleness to track separately. Different WAF posture from barbora.lt (this TLD is open).,
eca,estonia,Coop Estonia,https://ecoop.ee/,TIER_2,medium,Wave 5,spider,"Playwright DISCOVERY pass first - find the internal JSON endpoint, then scrape it over plain HTTP",Z_bespoke,Custom,retailer_sku,supermarket,EUR,0,not found,"curl 200, 53KB, no price pattern matched on homepage",True,Widest rural network in Estonia per CSV.,
eca,estonia,Rimi Estonia,https://www.rimi.ee/epood/en,TIER_2,medium,Wave 5,spider,"Playwright DISCOVERY pass first - find the internal JSON endpoint, then scrape it over plain HTTP",Z_bespoke,Custom,retailer_sku,supermarket,EUR,0,not found (wrong guess),"curl 200, 125KB homepage; guessed category URL /epood/en/products/food -> 404",True,"Same Rimi platform as Rimi Latvia/Lithuania, explicit 30-day-lowest field per CSV.",
eca,lithuania,Barbora Lithuania,https://barbora.lt/,TIER_2,medium,Wave 5,spider,"Playwright DISCOVERY pass first - find the internal JSON endpoint, then scrape it over plain HTTP",Z_bespoke,Custom (Maxima group),retailer_sku,supermarket,EUR,0,"/api/eshop/v1/category/offertree etc. - CF-gated even for the API, needs a cleared session","curl 403 title 'Just a moment...' (Cloudflare); Playwright CLEARS the challenge (status 200, title 'BARBORA internetine parduotuve'). Network sniff during the cleared session found internal APIs: /api/eshop/v1/category/offertree (427KB JSON), production-elb.barbora.lt/api/cache/v1/country/LT/categories (214KB), /api/eshop/v1/recommendations/GetHomeRecommendationsInventories (65.7KB) - but a direct plain-curl retest of GetHomeRecommendationsInventories with Origin/Referer still returned 403, meaning the API sits behind the SAME Cloudflare gate and only clears with a real browser session/cf_clearance cookie",True,Same Maxima-group platform as Barbora Estonia/Latvia. Rich 427KB category tree confirms a genuine full assortment once a Playwright-cleared session (or cf_clearance reuse) is wired into the collector; did not inspect category names within budget so no leaf credit taken yet.,
eca,lithuania,Rimi Lithuania,https://www.rimi.lt/e-parduotuve/en,TIER_2,medium,Wave 5,spider,"Playwright DISCOVERY pass first - find the internal JSON endpoint, then scrape it over plain HTTP",Z_bespoke,Custom,retailer_sku,supermarket,EUR,0,not found,"curl 200, 112KB homepage, no price pattern matched",True,"Same Rimi platform as Estonia/Latvia, explicit 30-day-lowest field per CSV.",
eca,france,Auchan Drive,https://www.auchan.fr/,TIER_2,medium,Wave 5,spider,"Playwright DISCOVERY pass first - find the internal JSON endpoint, then scrape it over plain HTTP",Z_bespoke,Custom/Enterprise,retailer_sku,supermarket,EUR,0,not found,"curl 200, 172KB - NOT blocked despite CSV's SUSPECT/D-tier label; no price pattern matched on homepage within budget",True,Worth a priority re-test given curl succeeded cleanly where CSV expected a WAF.,
eca,france,Casino / CasinoMax,https://www.casino.fr/,TIER_2,medium,Wave 5,spider,"Playwright DISCOVERY pass first - find the internal JSON endpoint, then scrape it over plain HTTP",Z_bespoke,Custom (Vue SSR),retailer_sku,supermarket,EUR,0,not found,"curl HTTP 403 status but body is real Vue-SSR content (vue-ssr-id attrs, meta refresh to /prehome/courses-en-ligne/accueil), not a WAF challenge template - ambiguous, no product data found within budget",True,Status code and content disagree - needs a follow-up probe rather than a confident verdict either way.,
eca,belgium,Spar Colruyt Group (mijnspar.be),https://www.mijnspar.be/,TIER_2,medium,Wave 5,spider,"Playwright DISCOVERY pass first - find the internal JSON endpoint, then scrape it over plain HTTP",Z_bespoke,Custom,retailer_sku,supermarket,EUR,0,not found,"curl 200, 337KB, no price pattern matched (CSV itself notes prices require store selection)",True,-,
eca,belgium,Colruyt.be,https://www.colruyt.be/,TIER_2,medium,Wave 5,spider,"Playwright DISCOVERY pass first - find the internal JSON endpoint, then scrape it over plain HTTP",Z_bespoke,Custom/Enterprise,retailer_sku,supermarket,EUR,0,not found,"curl 200, 399KB, no price pattern matched on homepage",True,"Belgium's price leader with a lowest-price guarantee per CSV - not blocked, just not yet confirmed for prices.",
eca,denmark,Bilka ToGo,https://www.bilkatogo.dk/,TIER_2,medium,Wave 5,spider,"Playwright DISCOVERY pass first - find the internal JSON endpoint, then scrape it over plain HTTP",Z_bespoke,Nuxt + Algolia,retailer_sku,supermarket,DKK,0,not found (Algolia key not extracted),"curl 200, 88KB, Nuxt + Algolia detected on homepage; no Algolia app-id/key found in this pass, no category evidence captured",True,Salling Group (same family as Foetex below).,
eca,denmark,Coop.dk MAD,https://mad.coop.dk/,TIER_2,medium,Wave 5,spider,"Playwright DISCOVERY pass first - find the internal JSON endpoint, then scrape it over plain HTTP",Z_bespoke,Custom,retailer_sku,supermarket,DKK,0,not found,"curl 301 -> follows to https://coop.dk/mad/, 135KB, no F&B category or price evidence found in nav grep (only corporate/careers menu items)",True,-,
eca,denmark,Foetex,https://www.foetex.dk/,TIER_2,medium,Wave 5,spider,"Playwright DISCOVERY pass first - find the internal JSON endpoint, then scrape it over plain HTTP",Z_bespoke,Nuxt,retailer_sku,supermarket,DKK,0,not found (guess 404'd),"curl 200, 174KB, Nuxt detected; nav grep found mostly non-food category names (yarn/sewing, lamps, gift categories) with no F&B categories visible pre-render; a guessed category URL 404'd",True,Same Salling Group platform family as Bilka.,
eca,norway,Coop Norge,https://coop.no/,TIER_2,medium,Wave 5,spider,"Playwright DISCOVERY pass first - find the internal JSON endpoint, then scrape it over plain HTTP",Z_bespoke,Custom,retailer_sku,supermarket,NOK,0,not found,"curl 200, 104KB, no product/category evidence in nav grep - only corporate/membership menu items ('Bli medlem', 'Butikkoversikt', 'Kundeservice')",True,"Guessed /varer path 404'd. Real national chain, no block signal - just no category evidence captured within budget.",
eca,norway,Spar NO,https://spar.no/,TIER_2,medium,Wave 5,spider,"Playwright DISCOVERY pass first - find the internal JSON endpoint, then scrape it over plain HTTP",Z_bespoke,Custom,retailer_sku,supermarket,NOK,0,not found,"curl 200, 184KB, no F&B category evidence in nav grep (menu items only). Guessed /handlelister path 404'd",True,-,
eca,norway,Meny,https://meny.no/,TIER_2,medium,Wave 5,spider,"Playwright DISCOVERY pass first - find the internal JSON endpoint, then scrape it over plain HTTP",Z_bespoke,Custom,retailer_sku,supermarket,NOK,0,not found,"curl 200, 316KB homepage; /varer path returns 200/227KB but no price pattern or F&B category names matched in nav grep (menu/corporate items only, one recipe name 'Pastagrateng med kjottdeig')",True,"The /varer route exists (not 404) but reads as a category hub, not a product listing.",
eca,croatia,Tommy / Cjenoteka / Eurospin Croatia / Lidl Croatia,https://www.tommy.hr/naruci-i-pokupi ; https://cjenoteka.hr/ ; https://www.eurospin.hr/ ; https://www.lidl.hr/,TIER_2,medium,Wave 5,spider,"Playwright DISCOVERY pass first - find the internal JSON endpoint, then scrape it over plain HTTP",Z_bespoke,Next.js/React,retailer_sku,supermarket/aggregator,EUR,0,,"All 4 returned curl 200 (109KB/671KB/76KB/373KB) with Next.js/React markers present, but a quick grep for price patterns on the homepage/guessed-category found none -- likely needs the correct category URL or Playwright render, not a WAF block.",True,"Sampled, not fully verified given time budget -- none of these 403'd, so worth a follow-up probe with a real category URL before writing off. Lidl and Eurospin prices are indirectly recoverable via CroCart in the meantime.",
eca,czech_republic,Kosik.cz,https://www.kosik.cz/,TIER_2,medium,Wave 5,spider,"Playwright DISCOVERY pass first - find the internal JSON endpoint, then scrape it over plain HTTP",Z_bespoke,Vue SPA,,supermarket,CZK,0,,"GET -> 200 but only 11.2KB, a Vue SPA shell with class='beforeVueInit' and no SSR content.",True,"Not a WAF block -- needs a Playwright network-trace to find the internal API, not attempted given time budget.",
eca,czech_republic,Albert CZ,https://www.albert.cz/,TIER_2,medium,Wave 5,spider,"Playwright DISCOVERY pass first - find the internal JSON endpoint, then scrape it over plain HTTP",Z_bespoke,Next.js,,supermarket,CZK,0,,"GET -> 200, 1.2MB, Next.js markers present, but only placeholder '0,00 Kč' found on homepage. Not blocked (no WAF page).",True,"Sampled, inconclusive -- needs a real category URL, not confirmed blocked.",
eca,latvia,Rimi Latvia e-veikals,https://www.rimi.lv/e-veikals/en,TIER_2,medium,Wave 5,spider,"Playwright DISCOVERY pass first - find the internal JSON endpoint, then scrape it over plain HTTP",Z_bespoke,Next/React,retailer_sku,supermarket,EUR,0,,"GET -> 200, 119KB, Next/React markers present. Guessed category URL /products/f/pieno-produkti-kiausiniai 404'd with 0,00€ placeholders. Not blocked.",True,"Per shard, explicit Omnibus 30-day-lowest-price field + separate beverage deposit fee -- high value if the right category URL is found. Not confirmed blocked, just wrong slug guessed.",
eca,latvia,Barbora Latvia,https://barbora.lv/,TIER_2,medium,Wave 5,spider,"Playwright DISCOVERY pass first - find the internal JSON endpoint, then scrape it over plain HTTP",Z_bespoke,Next/React,retailer_sku,supermarket,EUR,0,,"GET -> 200, 55KB, Next/React markers present, no direct price on homepage.",True,"8,000+ goods per shard. Coverage withdrawn from Daugavpils/Liepaja/several regions Nov 2025 -- Riga-area only now.",
eca,poland,Biedronka (zakupy.biedronka.pl),https://zakupy.biedronka.pl/,TIER_2,medium,Wave 5,spider,"Playwright DISCOVERY pass first - find the internal JSON endpoint, then scrape it over plain HTTP",Z_bespoke,Custom,retailer_sku,supermarket,PLN,0,,"GET / -> 200, 324KB, only '0,00 zł' placeholder found (empty-cart state). Guessed category /c/nabial -> 410 Gone. Not WAF-blocked.",True,"Per shard, per-category item counts are published throughout the tree (Nabiał 140, Słodycze 134, Artykuły spożywcze 577) confirming a rich catalog exists once the right category URL is found. Poland's largest discounter; home delivery currently Warsaw-only per shard note.",
eca,portugal,Continente,https://www.continente.pt/,TIER_2,medium,Wave 5,spider,"Playwright DISCOVERY pass first - find the internal JSON endpoint, then scrape it over plain HTTP",Z_bespoke,Salesforce Commerce Cloud,retailer_sku,supermarket,EUR,0,,"GET /mercearia/ -> 200, 2.2MB. Confirmed Salesforce-Commerce-Cloud product-tile classes ('ct-product-tile-badge-value--superprice') present in HTML, but exact price text not isolated within the time budget.",True,"Not WAF-blocked, real catalog markup confirmed -- needs one more selector pass to pull the price span. Largest PT chain (Sonae), delivers to all mainland + Madeira + S. Miguel.",
eca,portugal,Auchan Portugal / Super Save,https://www.auchan.pt/ ; https://supersave.pt/web/,TIER_2,medium,Wave 5,spider,"Playwright DISCOVERY pass first - find the internal JSON endpoint, then scrape it over plain HTTP",Z_bespoke,mixed,retailer_sku,supermarket/aggregator,EUR,0,,"Auchan.pt GET / -> 200 (635KB); guessed category 404'd, no price found. Supersave.pt/web/ GET -> 200 (1.06MB), Nuxt/Next/Vue/React markers all present but no price pattern matched.",True,"Neither confirmed blocked nor confirmed working -- sampled only, would need a real category URL or Playwright render. Super Save is high-value if unlocked: 7-chain daily comparison per kg/L/unit.",
eca,spain,Comparaloo.es / losmejoresproductos.es / Alcampo.es / Lidl Spain,https://comparaloo.es/ ; https://losmejoresproductos.es/comparativas/ ; https://www.alcampo.es/ ; https://www.lidl.es/,TIER_2,medium,Wave 5,spider,"Playwright DISCOVERY pass first - find the internal JSON endpoint, then scrape it over plain HTTP",Z_bespoke,mixed,retailer_sku,aggregator/supermarket,EUR,0,,"All 4 GET -> 200 (382KB / 31KB / 688KB / 197KB), none WAF-blocked, but Alcampo showed only '0,00€' placeholders and the other 3 had no price pattern match on the fetched page.",True,"Sampled only given time budget -- worth a follow-up with real category/product URLs. Comparaloo has an explicit false-discount detector per shard notes, worth prioritizing if revisited.",
eca,sweden,Coop Sweden / ICA (handla.ica.se),https://www.coop.se/ ; https://handla.ica.se/,TIER_2,medium,Wave 5,spider,"Playwright DISCOVERY pass first - find the internal JSON endpoint, then scrape it over plain HTTP",Z_bespoke,React/Next,retailer_sku,supermarket,SEK,0,,"Both GET -> 200 (126KB / 102KB), React/Next markers present, no direct 'kr'/SEK price pattern matched on the homepage.",True,"Not confirmed blocked, just no catalog reachable from a bare homepage fetch. ICA per shard requires store selection first ('Välj butik'), which likely explains the empty homepage.",
eca,united_kingdom,Morrisons,https://groceries.morrisons.com/,TIER_2,medium,Wave 5,spider,"Playwright DISCOVERY pass first - find the internal JSON endpoint, then scrape it over plain HTTP",Z_bespoke,Enterprise,,supermarket,GBP,0,,"GET / -> 200, 653KB. Guessed category /browse/food-cupboard -> 404 (471KB) but still rendered '£25.00'/'£4.30' widgets -- ambiguous, not clearly product prices vs. page furniture.",True,"Not confirmed blocked (only chain in the UK shard that didn't outright 403), but not confirmed working either -- needs the correct category URL.",
menaap,egypt,InstaShop Egypt,https://instashop.com/en-eg/,TIER_2,high,Wave 5,spider,"Playwright DISCOVERY pass first - find the internal JSON endpoint, then scrape it over plain HTTP",Z_bespoke,Custom (Cloudflare-fronted),seller_directory,marketplace,EGP,0,/eshop/v2/superstore,"curl -> 403 Cloudflare 'Attention Required'. Playwright renders 200 (366KB) past the challenge and captures internal API https://instashop.com/eshop/v2/superstore (597KB JSON) via network trace -- but that same endpoint hit with bare curl (even with countryCode=EG) still 403s Cloudflare, so it needs a browser-cleared session, not just the URL.",True,Marketplace directory of Egyptian partner supermarkets/minimarkets per CSV. Would need Playwright-session-to-curl cookie relay to be worth building; supermarket coverage already well served by Gourmet/HyperOne/Seoudi/Spinneys direct.,
menaap,egypt,talabat mart / tKiosk,https://www.talabat.com/egypt/groceries,TIER_2,medium,Wave 5,spider,"Playwright DISCOVERY pass first - find the internal JSON endpoint, then scrape it over plain HTTP",Z_bespoke,Custom (Next.js),retailer_sku,dark_store,EGP,0,/egypt/restaurant/{branchId}/{slug} (menu items API not yet located),"Confirmed present in the same vendor list as Talabat Egypt (isDarkstore:true, isTalabatGO:true), with a menuUrl e.g. /egypt/restaurant/725603/tmart-haram-talbiya-2. That menu page returns 200 SSR HTML but __NEXT_DATA__.props.pageProps has no product/price data (only cmsData) -- menu items load via a client-side API call not captured by a 7s Playwright network trace.",True,"Own-inventory dark store, platform-set pricing (distinct price-formation process from partner stores per CSV -- must be tagged separately if built). Store-level enumeration is free from the same Talabat vendor-list walk; menu/product-price extraction needs a longer Playwright network trace or interaction (add-to-cart click) to surface the item API.",
menaap,tunisia,Magik (Gabès),https://magik.tn/,TIER_2,medium,Wave 5,spider,"Playwright DISCOVERY pass first - find the internal JSON endpoint, then scrape it over plain HTTP",Z_bespoke,Custom,retailer_sku,supermarket,TND,0,"n/a (client-rendered, no API endpoint found yet)","curl homepage -> 200, 1.36MB HTML, product links like /produit/avocado-rsab8h and /produit/ailes-de-poulet-wysc2v (chicken wings) visible in raw HTML -- but PDP prices are NOT in SSR HTML (grep for currency patterns only matched CSS false positives, e.g. '1.95rem'). Playwright render of the PDP surfaces real prices in rendered body text ('7.000 TND', '6.500 TND' etc, product='Avocat') but a passive network-response sniff over 5s found no clean JSON product endpoint -- pricing is likely injected via an inline script tag, not a fetchable API.",False,"Title says 'Vente en Ligne de Produits Frais' and product slugs confirm fresh produce + fresh/frozen meat -- exactly the coverage gap Otrity/Carrefour TN leave (regional Gabès chain, smaller footprint). Worth a dedicated follow-up Playwright/selector effort to find the price injection point.",
menaap,morocco,Carrefour Maroc (Label'Vie),https://carrefour.ma/,TIER_2,medium,Wave 5,spider,"Playwright DISCOVERY pass first - find the internal JSON endpoint, then scrape it over plain HTTP",Z_bespoke,"Next.js (custom, confirmed NOT the MAF/Algolia stack per CSV note -- Label'Vie-operated)",retailer_sku,supermarket,MAD,0,unknown -- needs Playwright network trace,"www.carrefour.ma does not resolve (no A/CNAME for www); apex carrefour.ma -> 200, 55KB, but is a Next.js app-router SPA shell with zero product/price mentions in SSR HTML (grep for product|prix|MAD = 0 hits). Guessed API paths (/api/catalog_system/pub/products/search, /api/products) all 404 to the identical 55KB shell -- Next.js client-side catch-all, not real 404s. Did not run Playwright network capture (budget); the real API is not discoverable from static HTML alone.",True,"Genuinely promising (major national chain, not hard-walled by a WAF -- just client-hydrated). Recommended next step: Playwright network trace on a category page to find the JSON endpoint.",
menaap,morocco,Marjane Market via Glovo,https://glovoapp.com/fr/ma/casablanca/stores/marjane,TIER_2,medium,Wave 5,spider,"Playwright DISCOVERY pass first - find the internal JSON endpoint, then scrape it over plain HTTP",Z_bespoke,Custom (Glovo React SPA),retailer_sku,delivery_platform,MAD,0,unknown -- needs Playwright network trace,"GET -> 200, 913KB (heavy JS bundle), only 2 product/prix/MAD mentions in raw HTML (SPA, client-hydrated). No embedded API base URL string found via grep for __NEXT_DATA__/apiUrl/glovoapp-api patterns. Did not run Playwright network capture within budget.",True,"Not hard-walled (200, no WAF signature) -- just needs a real browser network trace, which the brief flags as the single highest-yield move. Recommended follow-up.",
sar,india,JioMart,https://www.jiomart.com/,TIER_2,high,Wave 5,spider,"Playwright DISCOVERY pass first - find the internal JSON endpoint, then scrape it over plain HTTP",Z_bespoke,Fynd/GoFynd (Reliance white-label),retailer_sku,supermarket,INR,0,api.jiomartjcp.com/service/application/catalog/v1.0/products (session/pincode-gated),"curl homepage -> HTTP 200, 7MB HTML (Fynd/GoFynd 'jio-pd' white-label platform, application_id=685945f46c8c7aee3f3af605, backing API host api.jiomartjcp.com). Direct hits to /api/service/application/catalog/v1.0/products and api.jiomartjcp.com/service/application/catalog/v1.0/products both 302-redirect to an /ext/vertex/... auth-gated route or return 401 'Invalid authorization token'. Playwright network-sniff of /c/groceries surfaced only theme-preview and content/tags JSON (46-310KB), never a populated product_lists payload -- reduxData.catalog.product_lists stayed empty, consistent with the storefront requiring a pincode/location selection before the catalog API returns rows.",False,"Reliance's grocery arm, huge national footprint -- highest-value unresolved lead in India. Needs a Playwright session that sets a pincode first, then a network trace of the resulting catalog calls to find the unauthenticated (or session-cookie-only) product endpoint. Not cracked within this probe's budget.",
sar,india,Dept. of Consumer Affairs daily retail price monitoring (fcainfoweb.nic.in),https://fcainfoweb.nic.in/reports/report_menu_web.aspx,TIER_2,medium,Wave 5,fetcher,"Playwright DISCOVERY pass first - find the internal JSON endpoint, then scrape it over plain HTTP",Z_bespoke,ASP.NET WebForms (NIC),official_avg,official_avg,INR,0,report_menu_web.aspx (ASPX postback),"curl -> HTTP 200, 13.1KB HTML. Classic ASP.NET WebForms page (__VIEWSTATE present) -- the price table is rendered via server-side postback after selecting report type/date/commodity, not a plain GET. No JSON API found; would need __VIEWSTATE/__EVENTVALIDATION replay or Playwright form automation.",False,"Publicly known to cover ~22 essential commodities daily (rice, wheat/atta, 5 pulses, 5 edible oils, sugar, gur, milk, tea, salt, potato, onion, tomato) across 100+ price-reporting centres -- would add fresh-produce + pulses + oils depth if cracked, but I could not confirm the actual data payload within budget. Do not count leaves for this until the postback flow is verified.",
sar,bangladesh,DAM / Ministry of Agriculture market-price directory,https://market.dam.gov.bd/market_daily_price_report and https://moa-services.com/market-directory/market-daily-price-report,TIER_2,medium,Wave 5,fetcher,"Playwright DISCOVERY pass first - find the internal JSON endpoint, then scrape it over plain HTTP",Z_bespoke,Vue SPA,official_avg,official_avg,BDT,0,,"Both curl -> HTTP 200 but 0 <td> elements in raw HTML (Vue SPA shells). Playwright passive network-sniff (8s dwell, no interaction) on both URLs captured zero JSON responses -- the site likely requires a date/market dropdown selection before it fires an XHR. Not resolved within budget.",False,"dam.gov.bd's homepage links to several distinct report types (comparative market price, daily price report, market directory report, price graphical report, product-wise market price report) via moa-services.com -- if any one of these has an open XHR behind a form submission, this would be the deep fresh-produce/fish/tuber feed the brief flagged as valuable. Needs an interactive Playwright probe (select date + market, then capture the resulting XHR), not attempted here.",
sar,bangladesh,Meena Bazar,https://meenabazaronline.com/ and https://www.meenabazar.live/,TIER_2,medium,Wave 5,spider,"Playwright DISCOVERY pass first - find the internal JSON endpoint, then scrape it over plain HTTP",Z_bespoke,Angular (meenabazaronline.com) / Next.js (meenabazar.live),retailer_sku,supermarket,BDT,0,,"Original guessed domains (meenabazar.com.bd, meenaclick.com.bd) failed to resolve/timed out. WebSearch found the real domains: meenabazaronline.com (Angular SPA shell, HTTP 200/4.4KB) and meenabazar.live (Next.js SPA shell, HTTP 200/10.2KB, no __NEXT_DATA__ or api.meenabazar* string found in the shell HTML). Playwright network-sniff of meenabazar.live returned 0 JSON responses in an 8s dwell -- likely needs a delivery-area/store selection before any catalog call fires.",False,"One of Bangladesh's largest chains (8,000-10,000 SKUs per public reporting), Dhaka/Chittagong/Khulna. Worth a follow-up Playwright pass with location/store selection before writing off.",
sar,pakistan,Imtiaz,"https://shop.imtiaz.com.pk/ (imtiaz.com.pk is the corporate/blog site, not the store)",TIER_2,high,Wave 5,spider,"Playwright DISCOVERY pass first - find the internal JSON endpoint, then scrape it over plain HTTP",Z_bespoke,Custom SPA (quick-commerce white-label),retailer_sku,supermarket,PKR,0,/api/geofence?restId=55126 (session-gated),"imtiaz.com.pk -> corporate WordPress/blog, no shop links on homepage, /shop/ resolves to a 2019 blog post. Real storefront located via WebSearch at shop.imtiaz.com.pk -> HTTP 200 but empty SPA shell (30.3KB, no product links, no prices, S3 assets under a 'blinkximtiaz' bucket suggesting a Blinkit-style quick-commerce white-label). Playwright network-sniff surfaced GET /api/geofence?restId=55126 -> HTTP 200, 886KB JSON inside a live session; bare curl replay of the same URL -> HTTP 400.",False,"Pakistan's No.1 retail chain per their own marketing; second-most-valuable unresolved Pakistan lead after Metro. The geofence response is large (886KB) which suggests it may carry store/catalog metadata -- worth a full Playwright session bootstrap (set delivery location, then trace the resulting catalog calls) in a follow-up pass.",
ssa,ethiopia,AradaMart,https://www.aradamart.net/,TIER_2,medium,Wave 5,spider,"Playwright DISCOVERY pass first - find the internal JSON endpoint, then scrape it over plain HTTP",Z_bespoke,Wix,retailer_sku,supermarket,ETB,0,unresolved -- needs Wix eCommerce Storefront API discovery (not in platform_fingerprints.md) or Playwright network trace,"GET / -> 200, 2.75MB, but it's a Wix site -- catalog is client-rendered via Wix's own store APIs, not present in raw HTML (only currency='ETB' config strings and SVG icon path data, which is what my first price-pattern grep false-matched on). Confirmed WIX in page markers.",True,"Prior research claims deep fresh-produce coverage with bilingual Amharic/English names -- plausible and worth chasing, but I could not verify it live this pass, so it is NOT counted in the country total below. Treat as upside.",
ssa,gabon,Chap Chap Gabon,https://chapchapgabon.com/,TIER_2,medium,Wave 5,spider,"Playwright DISCOVERY pass first - find the internal JSON endpoint, then scrape it over plain HTTP",Z_bespoke,"React (SPA, platform undetermined)",retailer_sku,supermarket,XAF,0,unresolved -- needs Playwright network trace,"GET / -> 200, 345KB, but confirmed React in the bundle and no price class / FCFA pattern in raw HTML. An earlier 'sapo' fingerprint hit was a false positive (a base64-looking string containing the substring 'sapo', not the Sapo platform).",True,"Live site, real operation (12 cities per prior research) -- worth a Playwright pass, not counted this round.",
ssa,malawi,EasyMart Malawi,https://easymartmalawi.com/,TIER_2,medium,Wave 5,spider,"Playwright DISCOVERY pass first - find the internal JSON endpoint, then scrape it over plain HTTP",Z_bespoke,"React (rebuilt, was Custom/server-rendered)",retailer_sku,supermarket,MWK,0,unresolved -- needs Playwright/API sniff against the new build,"GET / -> 200, only 562 bytes -- the site has been rebuilt as a Vite/React SPA shell (empty div id='root') since the prior audit, which had verified server-rendered placeholder-like prices with a x1000 units convention. That evidence is now stale.",True,"Platform migration invalidates the prior 'thousands-notation' finding -- treat as an unverified new probe, not a re-confirmation.",
ssa,mauritania,Maurikilchi,https://maurikilchi.com/,TIER_2,medium,Wave 5,spider,"Playwright DISCOVERY pass first - find the internal JSON endpoint, then scrape it over plain HTTP",Z_bespoke,Laravel + Inertia.js,retailer_sku,supermarket,MRU,0,unresolved -- needs Playwright/API sniff (Inertia typically proxies a JSON endpoint per-page-visit),"GET / -> 200, only 1,024 bytes -- pure Laravel Inertia.js SPA shell (data-page=""app"" JSON marker, single div#app, no SSR content).",True,Marketplace with a dedicated Supermarche category tree per prior research -- worth a Playwright pass.,
ssa,mauritania,Almersoul,https://www.marsarim.com/fr,TIER_2,medium,Wave 5,spider,"Playwright DISCOVERY pass first - find the internal JSON endpoint, then scrape it over plain HTTP",Z_bespoke,Angular,retailer_sku,supermarket,MRU,0,unresolved -- needs Playwright,"GET /fr -> 200, 26KB, but is an Angular SPA (<base href=""/"">, no SSR content) -- no MRU/product text in raw HTML.",True,Market vertical claimed with Sedad/Bankily/Masrvi mobile-money payments; unconfirmed catalog depth.,
ssa,tanzania,Jambo Supermarket,https://www.jambosupermarket.online/,TIER_2,medium,Wave 5,spider,"Playwright DISCOVERY pass first - find the internal JSON endpoint, then scrape it over plain HTTP",Z_bespoke,React (SPA),retailer_sku,supermarket,TZS,0,unresolved -- needs Playwright/API sniff,"GET / -> 200, only 477 bytes -- pure Vite/React SPA shell (empty div id='root').",True,"5 named Dar es Salaam branches with a branch selector per prior research (supports within-city comparison) -- worth a Playwright pass, not counted this round.",
ssa,tanzania,duka.direct (Selcom),https://duka.direct/,TIER_2,medium,Wave 5,spider,"Playwright DISCOVERY pass first - find the internal JSON endpoint, then scrape it over plain HTTP",Z_bespoke,Custom,retailer_sku,supermarket,TZS,0,unresolved,"GET / -> 200, 155KB SEO/marketing landing page (food delivery + utility payments copy). No SPA shell markers found but also no price class or TSh/TZS pattern in the raw HTML -- catalog likely lives behind app/city-selection flow not reached from the bare domain root.",True,"Largest Tanzanian e-commerce platform (Selcom-built) per prior research, with a utility-payment vertical as a bonus for administered-price tracking -- worth a deeper path/Playwright pass later.",
ssa,zimbabwe,TM Pick n Pay Zimbabwe,https://tmpnponline.co.zw/,TIER_2,medium,Wave 5,spider,"Playwright DISCOVERY pass first - find the internal JSON endpoint, then scrape it over plain HTTP",Z_bespoke,Custom,retailer_sku,supermarket,USD,0,unresolved,"GET / -> 200, 54KB. class='products mt-5' confirms a real product-grid container exists, but no $/USD price text matched in the homepage HTML -- likely lazy-loaded or on a category path not probed this pass.",True,"Store/region selector + dual USD/ZWG via ZimSwitch per prior research -- major chain, worth a category-page follow-up.",
ssa,zimbabwe,TillPoint,https://tillpoint.co.zw/,TIER_2,medium,Wave 5,spider,"Playwright DISCOVERY pass first - find the internal JSON endpoint, then scrape it over plain HTTP",Z_bespoke,React (SPA),retailer_sku,supermarket,USD,0,unresolved -- needs Playwright,"GET / -> 200, 52KB, React app markers (id='root'-style shell); no product/price/api JSON text found in raw HTML.",True,"Produce, meat boxes, pantry staples claimed per prior research.",
ssa,kenya,Quickmart,https://www.quickmart.co.ke/,TIER_2,medium,Wave 5,spider,"Playwright DISCOVERY pass first - find the internal JSON endpoint, then scrape it over plain HTTP",Z_bespoke,Custom,retailer_sku,supermarket,KES,0,,"curl -> HTTP 200 (46.8KB, no product data, no framework fingerprint). Playwright homepage load + 9s wait -> only 3 network responses, all non-product (Google Maps JS). Confirms CSV's own note: catalogue requires a store/location selection step before any product data loads; a single homepage render never reaches it.",True,"Widest verified geographic reach in Kenya (19 towns per CSV) -- worth the extra engineering to script the location-select flow, since spatial price dispersion is otherwise unreachable in this shard.",
ssa,sudan,Hyper Express,https://hyper.sd/,TIER_2,medium,Wave 5,spider,"Playwright DISCOVERY pass first - find the internal JSON endpoint, then scrape it over plain HTTP",Z_bespoke,Custom,retailer_sku,supermarket,SDG,0,,"curl -> HTTP 200, 286KB SSR HTML. No confirmed product-name + price pair found in the sampled HTML (numeric-looking patterns found were SVG path coordinates, a false positive). Needs a category-page-level probe, not just the homepage.",True,"Live multi-vertical platform (hypermarket + restaurants + pharmacies) per CSV; unconfirmed within budget, not a hard block.",
ssa,sudan,LILY Delivery,https://www.lilydelivery.com/en,TIER_2,medium,Wave 5,spider,"Playwright DISCOVERY pass first - find the internal JSON endpoint, then scrape it over plain HTTP",Z_bespoke,Custom,retailer_sku,supermarket,SDG,0,,"curl -> HTTP 200, 247KB. No SDG price pattern found in homepage HTML. Likely needs the specific /order/supermarket/hypermarket vertical URL from the CSV's second row, not probed further within budget.",True,"Unconfirmed within budget, not a hard block.",
ssa,sudan,Zaad Delivery,https://zaad.delivery/,TIER_2,medium,Wave 5,spider,"Playwright DISCOVERY pass first - find the internal JSON endpoint, then scrape it over plain HTTP",Z_bespoke,Vue.js SPA,retailer_sku,supermarket,SDG,0,,"curl -> HTTP 200, 192KB, Vue.js fingerprint found. No SDG price pattern found in raw HTML (client-hydrated, as expected for Vue).",True,Not Playwright-verified within budget.,
ssa,guinea,Kona Livr,https://www.konalivr.com/,TIER_2,medium,Wave 5,spider,"Playwright DISCOVERY pass first - find the internal JSON endpoint, then scrape it over plain HTTP",Z_bespoke,Next.js,retailer_sku,supermarket,GNF,0,,"curl -> HTTP 200, 112KB Next.js RSC-hydrated HTML. All GNF figures found are delivery-fee thresholds and delivery-time strings ('Frais de livraison offerts des 100 000 GNF', 'livraison 15 000 GNF'), not product prices -- this is a store/restaurant DIRECTORY (name, category, rating, delivery time), not a product catalog at this depth.",True,"Per discovery doctrine, treat as a MARKETPLACE lead, not a source: the value here is its partner list (supermarkets/pharmacies/boulangeries in Conakry), each a candidate storefront of its own, reachable only by drilling into per-vendor menu pages.",
ssa,guinea,maMakiti,https://mamakiti.com/,TIER_2,medium,Wave 5,spider,"Playwright DISCOVERY pass first - find the internal JSON endpoint, then scrape it over plain HTTP",Z_bespoke,React/Next.js SPA (likely),retailer_sku,supermarket,GNF,0,,"curl -> HTTP 200, 52KB. Only GNF occurrences are JSON-LD boilerplate (priceRange:'GNF', price:'0') -- an SPA shell with no server-rendered product data.",True,Local market produce/vendor commission model per CSV; needs full network-sniff to find its API.,
ssa,guinea,BraPrime,https://www.braprime.com/,TIER_2,medium,Wave 5,spider,"Playwright DISCOVERY pass first - find the internal JSON endpoint, then scrape it over plain HTTP",Z_bespoke,React SPA,retailer_sku,supermarket,GNF,0,,"curl -> HTTP 200, only 2.4KB body -- a Vite/React SPA shell (class='dark', empty root div).",True,Multi-service delivery platform per CSV; not probed further with Playwright within budget.,
ssa,congo_dem_rep,Kin Marche,https://kinmarche.com/,TIER_2,medium,Wave 5,spider,"Playwright DISCOVERY pass first - find the internal JSON endpoint, then scrape it over plain HTTP",Z_bespoke,Custom,retailer_sku,supermarket,CDF,0,,"curl -> HTTP 200, 30KB (homepage) and 74KB (/product-categories). No CDF/FC price pattern and no product/category href found in either page -- static shell only exposes nav links (about, contact, stores, product-categories) with no actual category listing content server-rendered.",True,"CSV confirms this is a real national chain (Kinshasa/Katanga/Kivu/Kongo Central) with 'Produits frais, Epicerie, Boissons' categories -- the data must exist behind JS/AJAX not reached by a plain curl of the listed pages. Needs Playwright.",
ssa,cote_divoire,MegaMarche CI,https://www.megamarche.ci/,TIER_2,medium,Wave 5,spider,"Playwright DISCOVERY pass first - find the internal JSON endpoint, then scrape it over plain HTTP",Z_bespoke,Custom,retailer_sku,supermarket,XOF,0,,"curl -> HTTP 200, 252KB. No FCFA/XOF price pattern, no product/category href found. Playwright render (5s wait + scroll) -> zero JSON/API responses captured. Site appears to require login or store selection before any catalogue content appears.",True,Not a hard block (200 throughout) but unconfirmed within budget.,
ssa,cote_divoire,Playce / Carrefour CI,https://playce.ci/,TIER_2,medium,Wave 5,spider,"Playwright DISCOVERY pass first - find the internal JSON endpoint, then scrape it over plain HTTP",Z_bespoke,WordPress (store-locator only),retailer_sku,supermarket,XOF,0,,"curl -> HTTP 200, 136KB. Playwright network trace found only a WP admin-ajax store-locator call (action=store_search) and Google Maps assets -- no product catalog API observed.",True,"CFAO-operated Carrefour franchise per CSV; the page found is a store-locator, not a shop front. Product catalog likely lives elsewhere or behind further navigation not reached within budget.",
ssa,rwanda,haha.rw,https://haha.rw/,TIER_2,medium,Wave 5,spider,"Playwright DISCOVERY pass first - find the internal JSON endpoint, then scrape it over plain HTTP",Z_bespoke,React SPA (Vite),retailer_sku,supermarket,RWF,0,,"curl -> HTTP 200 but only 779 bytes -- a Vite/React SPA shell ('<div id=""root""></div>', hashed asset bundle). CSV describes this as 'server-rendered' which is incorrect; it is client-hydrated.",True,"CSV's claim of 'RWF prices per kg/piece/bunch, 6 named Kigali markets' must have come from a rendered/API view, not the raw HTML -- needs an API-sniff Playwright pass to find the JSON backend.",
ssa,rwanda,Fasita,https://fasita.rw/,TIER_2,medium,Wave 5,spider,"Playwright DISCOVERY pass first - find the internal JSON endpoint, then scrape it over plain HTTP",Z_bespoke,Next.js,retailer_sku,supermarket,RWF,0,,"curl -> HTTP 200, 40.5KB, Next.js app (App Router, RSC preload tags). No RWF price pattern found on the homepage itself.",True,Homepage is a landing/marketing shell; category or product pages not probed within budget.,
ssa,rwanda,N.Honest Supermarket,https://www.honestsupermarket.com/,TIER_2,high,Wave 5,spider,"Playwright DISCOVERY pass first - find the internal JSON endpoint, then scrape it over plain HTTP",Z_bespoke,Custom,retailer_sku,supermarket,RWF,0,,"curl -> HTTP 200, 115KB. Cart summary shows 'RWF 0.00' placeholders (client-side cart JS, no server data). Corroborates CSV's own note that the product API returns HTTP 403.",True,CSV already diagnosed the API-level 403; this probe corroborates it rather than re-litigating.,
ssa,rwanda,Pride Farms,https://www.pridefarms.rw/,TIER_2,medium,Wave 5,spider,"Playwright DISCOVERY pass first - find the internal JSON endpoint, then scrape it over plain HTTP",Z_bespoke,Wix,retailer_sku,supermarket,RWF,0,,"curl -> HTTP 200, 1.5MB (Wix). No RWF price pattern found anywhere in the raw HTML -- Wix sites typically load catalog data via a client-side Velo/data-binding API, not SSR.",True,Farm-to-door produce and pantry per CSV; would need a Wix Stores API sniff (their catalog endpoint is usually _api/wix-ecommerce-storefront-web/api or similar).,
ssa,cabo_verde,Deliiv,https://deliiv.cv/,TIER_2,medium,Wave 5,spider,"Playwright DISCOVERY pass first - find the internal JSON endpoint, then scrape it over plain HTTP",Z_bespoke,Custom,retailer_sku,supermarket,CVE,0,,"curl -> HTTP 200, 119KB. No CVE product-price pattern found in the raw HTML.",True,"Praia/Tarrafal restaurant + daily-shopping delivery per CSV; likely a restaurant-menu aggregator rather than grocery SKUs at first glance, unconfirmed within budget.",
ssa,cabo_verde,GO.cv (Correios CV),https://www.go.cv/,TIER_2,medium,Wave 5,fetcher,"Playwright DISCOVERY pass first - find the internal JSON endpoint, then scrape it over plain HTTP",Z_bespoke,Custom,aggregate_proxy,supermarket,CVE,0,,"curl -> DNS resolves (87.103.13.203) but TLS handshake times out after 20s (connection hangs, not a clean refusal/403). Distinct from a WAF block -- looks like a slow or overloaded origin.",True,"National postal multi-vendor marketplace per CSV -- worth a retry with a longer timeout before writing off; the TLS handshake got partway through, suggesting a live-but-slow origin rather than a hard block.",
